local_time_s,sid,cell,valid,x_mm,y_mm,z_mm,target_status,sensor_ts_ms
1771906538.981,5,2,1,-617.40,-2267.80,1829.20,5,1377
1771906538.981,5,3,1,-451.10,-341.10,1403.50,255,1377
1771906538.981,5,4,1,487.60,-2087.70,1266.70,5,1377
1771906538.981,5,5,1,-52.20,-2288.60,1238.80,5,1377
1771906538.981,5,6,1,-645.70,-2381.70,1234.90,5,1377
1771906538.981,5,7,1,-1320.60,-2446.50,1254.90,4,1377
1771906538.981,5,8,1,524.40,-2073.80,676.00,5,1377
1771906538.981,5,11,1,-434.30,-275.40,1264.20,5,1377
1771906538.981,5,12,1,495.40,-1899.00,88.50,5,1377
1771906538.981,5,13,1,-307.90,-305.80,1178.10,255,1377
1771906538.981,5,14,1,-374.10,-279.90,1194.70,255,1377
1771906538.981,5,15,1,-420.00,-232.30,1219.00,5,1377
1771906539.085,5,3,1,-1219.40,-2312.00,1900.30,4,1601
1771906539.085,5,4,1,471.30,-2048.00,1268.00,5,1601
1771906539.085,5,5,1,-53.20,-2281.70,1239.10,5,1601
1771906539.085,5,6,1,-646.40,-2386.70,1234.70,5,1601
1771906539.085,5,7,1,-449.50,-323.30,1324.90,255,1601
1771906539.085,5,8,1,529.00,-2084.30,672.60,5,1601
1771906539.085,5,9,1,-40.20,-2274.70,633.60,5,1601
1771906539.085,5,10,1,-381.60,-346.20,1244.00,255,1601
1771906539.085,5,11,1,-433.60,-273.70,1264.80,5,1601
1771906539.085,5,12,1,474.50,-1853.30,119.50,5,1601
1771906539.085,5,13,1,-308.30,-303.30,1179.70,255,1601
1771906539.085,5,14,1,-374.70,-284.10,1192.00,255,1601
1771906539.085,5,15,1,-418.90,-229.90,1220.60,5,1601
1771906539.186,1,1,1,336.90,479.00,872.10,5,7754748
1771906539.186,1,2,1,417.40,429.30,890.90,5,7754748
1771906539.186,1,3,1,508.30,352.00,919.20,5,7754748
1771906539.186,1,4,1,275.40,525.00,786.90,5,7754748
1771906539.186,1,0,1,269.80,517.60,863.70,5,7754748
1771906539.186,1,1,1,346.40,486.30,877.10,5,7754748
1771906539.186,1,2,1,428.50,433.90,895.90,5,7754748
1771906539.186,1,3,1,527.50,354.50,927.20,5,7754748
1771906539.186,1,4,1,279.60,530.50,787.80,5,7754748
1771906539.186,1,5,1,360.40,497.00,792.20,5,7754748
1771906539.186,1,6,1,435.00,436.60,796.80,5,7754748
1771906539.186,1,7,1,543.00,356.60,807.90,5,7754748
1771906539.186,1,8,1,279.00,529.70,710.90,5,7754748
1771906539.186,1,9,1,356.40,494.00,707.00,5,7754748
1771906539.186,1,10,1,1000.00,436.80,601.60,5,7754748
1771906539.186,1,15,1,521.10,353.70,574.00,5,7754748
1771906539.186,1,1,1,354.50,492.50,881.30,5,7754748
1771906539.186,1,2,1,442.20,439.50,902.00,5,7754748
1771906539.186,1,3,1,551.30,357.70,937.20,5,7754748
1771906539.186,1,4,1,284.50,536.80,788.80,5,7754748
1771906539.186,1,5,1,366.70,501.80,793.30,5,7754748
1771906539.186,1,6,1,449.70,442.60,798.90,5,7754748
1771906539.186,1,7,1,563.60,359.30,810.60,5,7754748
1771906539.186,1,1,1,363.30,499.20,885.90,5,7754748
1771906539.186,1,2,1,455.80,445.20,908.10,5,7754748
1771906539.186,1,3,1,570.60,360.20,945.20,5,7754748
1771906539.186,1,4,1,289.90,543.90,790.00,5,7754748
1771906539.186,1,5,1,376.10,509.10,794.90,5,7754748
1771906539.186,1,6,1,464.30,448.70,801.00,5,7754748
1771906539.186,1,13,1,364.70,500.40,611.90,5,7754748
1771906539.186,1,15,1,565.10,359.50,555.70,5,7754748
1771906539.186,1,15,1,558.70,358.60,558.30,5,7754815
1771906539.300,2,0,1,719.50,511.00,1020.60,5,7754831
1771906539.300,2,1,1,750.90,344.20,1015.30,255,7754831
1771906539.300,2,2,1,760.10,175.30,1019.10,255,7754831
1771906539.300,2,7,1,762.80,-8.30,841.70,255,7754831
1771906539.300,2,8,1,800.40,544.50,651.50,5,7754831
1771906539.300,2,9,1,710.00,338.80,670.20,255,7754831
1771906539.300,2,10,1,659.80,188.50,676.90,255,7754831
1771906539.300,2,11,1,641.00,42.20,674.20,255,7754831
1771906539.300,2,12,1,736.50,518.10,470.30,5,7754831
1771906539.300,2,13,1,1517.60,445.10,163.00,255,7754831
1771906539.300,2,14,1,646.50,190.30,527.00,255,7754831
1771906539.300,2,15,1,1379.30,-263.60,182.20,255,7754831
1771906539.300,4,2,1,1201.80,-754.20,256.00,5,7758276
1771906539.300,4,3,1,1401.40,-469.60,206.30,5,7758276
1771906539.300,4,7,1,1478.70,-479.80,566.40,9,7758276
1771906539.300,4,8,1,1215.20,-1749.70,990.10,5,7758276
1771906539.300,4,9,1,1652.70,-1488.70,1006.70,5,7758276
1771906539.300,4,10,1,1190.70,-749.60,904.50,5,7758276
1771906539.300,4,11,1,1466.90,-478.20,930.60,9,7758276
1771906539.300,4,12,1,1139.80,-1651.50,1455.70,5,7758276
1771906539.300,4,13,1,1507.40,-1377.20,1483.30,5,7758276
1771906539.300,4,14,1,1136.10,-727.00,1213.10,5,7758276
1771906539.300,4,15,1,1350.10,-462.80,1270.90,5,7758276
1771906539.300,4,11,1,1475.80,-479.40,931.80,9,7758276
1771906539.300,4,12,1,1147.70,-1661.80,1461.10,5,7758276
1771906539.300,4,15,1,1384.00,-467.30,1285.10,5,7758276
1771906539.407,7,14,1,-503.90,137.50,1364.90,5,1770
1771906539.407,7,4,1,-491.30,643.70,1146.60,5,1770
1771906539.407,7,5,1,-477.20,167.60,1285.30,5,1770
1771906539.407,7,0,1,-473.90,599.80,977.50,5,1770
1771906539.407,7,2,1,-502.70,131.50,1247.80,5,1770
1771906539.407,7,3,1,-571.60,134.00,1218.00,5,1770
1771906539.407,7,4,1,-493.00,658.00,1142.20,5,1770
1771906539.407,7,5,1,-483.60,183.50,1279.90,5,1770
1771906539.407,7,6,1,-512.70,146.00,1285.60,5,1770
1771906539.407,7,7,1,-562.80,132.30,1279.70,5,1770
1771906539.407,7,8,1,-505.30,663.30,1313.80,5,1770
1771906539.407,7,9,1,-713.10,733.10,1301.20,5,1770
1771906539.407,7,10,1,-523.00,161.00,1326.30,5,1770
1771906539.407,7,11,1,-554.40,129.90,1328.30,5,1770
1771906539.407,7,12,1,-513.50,642.20,1480.10,5,1770
1771906539.407,7,13,1,-718.40,733.90,1505.10,5,1770
1771906539.407,7,14,1,-524.50,164.70,1372.50,5,1770
1771906539.407,7,15,1,-542.20,124.00,1370.50,5,1770
1771906539.408,8,7,1,-566.40,581.00,1164.10,5,1798
1771906539.408,8,12,1,-131.50,605.40,1470.20,5,1798
1771906539.408,8,0,1,-106.00,581.70,981.70,5,1798
1771906539.408,8,1,1,-266.60,591.90,994.30,5,1798
1771906539.408,8,2,1,-417.50,580.20,1001.80,5,1798
1771906539.408,8,3,1,-560.00,538.30,1098.16,5,1798
1771906539.408,8,6,1,-418.20,613.20,1159.30,5,1798
1771906539.408,8,7,1,-564.10,575.70,1165.80,5,1798
1771906539.408,8,8,1,-113.00,623.40,1315.00,5,1798
1771906539.408,8,9,1,-268.40,633.60,1309.20,5,1798
1771906539.408,8,0,1,-106.00,581.70,981.70,5,1798
1771906539.408,8,1,1,-266.80,590.30,995.30,5,1798
1771906539.408,8,2,1,-416.50,572.70,1006.60,5,1798
1771906539.408,8,3,1,-558.60,535.20,1013.20,5,1798
1771906539.408,8,4,1,-104.60,615.30,1152.90,5,1798
1771906539.408,8,0,1,-95.80,604.10,966.50,5,1798
1771906539.408,8,1,1,-266.00,596.10,991.60,5,1798
1771906539.408,8,2,1,-416.70,574.40,1005.50,5,1798
1771906539.408,8,3,1,-556.40,530.60,1016.30,5,1798
1771906539.408,8,4,1,-97.00,632.80,1147.10,5,1798
1771906539.408,8,5,1,-264.60,634.90,1152.50,5,1798
1771906539.408,8,6,1,-417.70,609.40,1160.50,5,1798
1771906539.408,8,7,1,-559.90,566.00,1169.00,5,1798
1771906539.408,8,8,1,-103.10,647.40,1314.20,5,1798
1771906539.408,8,9,1,-266.90,644.50,1308.80,5,1798
1771906539.408,8,10,1,-415.80,620.80,1309.80,5,1798
1771906539.408,8,11,1,-553.50,576.20,1316.60,5,1798
1771906539.408,8,0,1,-94.40,607.20,964.40,5,1798
1771906539.408,8,1,1,-264.90,603.60,986.80,5,1798
1771906539.408,8,2,1,-418.50,586.90,997.50,5,1798
1771906539.408,8,3,1,-562.10,543.00,1007.90,5,1798
1771906539.408,8,4,1,-95.50,636.40,1146.00,5,1798
1771906539.408,8,5,1,-264.30,636.80,1151.90,5,1798
1771906539.408,8,6,1,-419.40,621.70,1156.70,5,1798
1771906539.408,8,7,1,-565.60,579.20,1164.70,5,1798
1771906539.408,8,8,1,-101.20,652.10,1314.10,5,1798
1771906539.408,8,9,1,-266.20,650.50,1308.50,5,1798
1771906539.408,8,10,1,-417.40,633.60,1309.20,5,1798
1771906539.408,8,11,1,-559.50,591.00,1316.10,5,1798
1771906539.408,8,12,1,-119.80,635.30,1477.80,5,1798
1771906539.408,8,13,1,-271.40,637.30,1462.70,5,1798
1771906539.408,8,14,1,-411.80,616.00,1457.90,5,1798
1771906539.408,8,15,1,-542.30,574.60,1462.50,5,1798
1771906539.408,1,0,1,277.60,527.90,869.10,5,7754945
1771906539.408,1,1,1,355.90,493.60,882.10,5,7754945
1771906539.408,1,2,1,437.00,437.40,899.70,5,7754945
1771906539.408,1,3,1,541.30,356.30,933.00,5,7754945
1771906539.408,1,4,1,288.10,541.50,789.60,5,7754945
1771906539.408,1,5,1,367.50,502.50,793.40,5,7754945
1771906539.408,1,6,1,447.80,441.90,798.60,5,7754945
1771906539.408,1,7,1,557.70,358.50,809.90,5,7754945
1771906539.408,1,8,1,286.30,539.10,709.40,5,7754945
1771906539.408,1,9,1,368.20,503.10,705.10,5,7754945
1771906539.408,1,10,1,447.80,441.90,700.00,5,7754945
1771906539.408,1,11,1,558.70,358.60,688.60,5,7754945
1771906539.408,1,12,1,278.80,529.30,628.80,5,7754945
1771906539.408,1,13,1,355.90,493.60,616.50,5,7754945
1771906539.408,1,14,1,440.50,438.80,597.40,5,7754945
1771906539.408,1,15,1,533.00,355.20,569.10,5,7754945
1771906539.668,7,9,1,-490.40,197.00,1325.70,5,1995
1771906539.668,7,10,1,-525.40,164.20,1326.10,5,1995
1771906539.668,7,14,1,-525.10,165.50,1372.70,5,1995
1771906539.668,7,15,1,-547.50,128.30,1372.10,5,1995
1771906539.668,2,4,1,727.10,514.20,836.60,5,7755098
1771906539.668,2,0,1,661.40,487.00,994.60,5,7755098
1771906539.668,2,1,1,1157.60,397.70,1185.20,10,7755098
1771906539.668,2,2,1,706.00,182.40,996.50,255,7755098
1771906539.668,2,3,1,648.60,39.00,988.90,255,7755098
1771906539.668,2,4,1,706.00,505.40,833.60,5,7755098
1771906539.668,2,5,1,1173.00,399.70,889.90,4,7755098
1771906539.668,2,6,1,726.70,179.70,830.60,255,7755098
1771906539.668,2,7,1,605.30,57.00,819.30,255,7755098
1771906539.668,2,8,1,711.50,507.70,664.20,5,7755098
1771906539.668,2,9,1,1171.00,399.50,609.00,10,7755098
1771906539.668,2,10,1,818.10,167.70,655.80,255,7755098
1771906539.668,2,11,1,641.00,42.20,674.20,255,7755098
1771906539.668,2,12,1,682.80,495.80,494.40,5,7755098
1771906539.668,2,13,1,1186.00,401.40,301.60,5,7755098
1771906539.668,2,14,1,703.30,182.80,503.20,255,7755098
1771906539.668,2,15,1,1423.70,-282.00,162.30,255,7755098
1771906539.769,8,2,1,-420.20,598.60,990.00,5,2023
1771906539.769,8,3,1,-569.90,560.00,996.40,5,2023
1771906539.769,8,4,1,-94.40,639.00,1145.10,5,2023
1771906539.769,8,5,1,-262.80,648.20,1148.30,5,2023
1771906539.769,8,6,1,-420.50,630.20,1154.00,5,2023
1771906539.769,8,7,1,-573.20,596.80,1158.90,5,2023
1771906539.769,8,8,1,-101.20,652.10,1314.10,5,2023
1771906539.769,8,0,1,-94.70,606.40,964.90,5,2023
1771906539.769,8,1,1,-262.90,617.00,978.20,5,2023
1771906539.769,8,2,1,-421.30,606.10,985.10,5,2023
1771906539.769,8,3,1,-574.10,569.30,990.10,5,2023
1771906539.769,8,4,1,-93.60,640.80,1144.50,5,2023
1771906539.769,8,5,1,-262.10,652.90,1146.80,5,2023
1771906539.769,8,6,1,-421.70,638.70,1151.30,5,2023
1771906539.769,8,7,1,-577.40,606.50,1155.80,5,2023
1771906539.769,8,8,1,-100.50,653.90,1314.00,5,2023
1771906539.769,8,9,1,-264.90,660.40,1308.10,5,2023
1771906539.769,8,10,1,-419.50,649.50,1308.50,5,2023
1771906539.769,8,11,1,-569.40,615.10,1315.30,5,2023
1771906539.769,8,12,1,-118.40,639.00,1478.70,5,2023
1771906539.769,8,13,1,-270.20,647.00,1464.80,5,2023
1771906539.769,8,14,1,-414.00,634.40,1462.00,5,2023
1771906539.769,8,15,1,-551.50,598.20,1468.40,5,2023
1771906539.769,1,0,1,275.40,524.90,867.50,5,7755143
1771906539.769,1,1,1,349.30,488.50,878.60,5,7755143
1771906539.769,1,2,1,428.50,433.90,895.90,5,7755143
1771906539.769,1,3,1,512.90,352.60,921.10,5,7755143
1771906539.769,1,4,1,285.10,537.60,789.00,5,7755143
1771906539.769,1,5,1,359.60,496.40,792.10,5,7755143
1771906539.769,1,6,1,435.00,436.60,796.80,5,7755143
1771906539.769,1,7,1,530.20,354.90,806.20,5,7755143
1771906539.769,1,8,1,285.70,538.40,709.50,5,7755143
1771906539.769,1,9,1,361.20,497.60,706.20,5,7755143
1771906539.769,1,10,1,439.60,438.50,701.10,5,7755143
1771906539.769,1,11,1,534.10,355.40,691.90,5,7755143
1771906539.769,1,12,1,275.40,524.90,631.10,5,7755143
1771906539.769,1,13,1,350.10,489.10,619.60,5,7755143
1771906539.769,1,14,1,427.70,433.50,603.10,5,7755143
1771906539.769,1,15,1,512.00,352.50,577.90,5,7755143
1771906539.881,1,15,1,526.60,354.40,571.70,5,7755338
1771906539.989,3,0,1,1538.00,-850.10,111.00,255,7758723
1771906539.989,3,1,1,1419.60,-432.20,204.00,10,7758723
1771906539.989,3,2,1,1728.20,-47.90,75.00,255,7758723
1771906539.989,3,3,1,1684.80,390.20,45.20,255,7758723
1771906539.989,3,4,1,1695.30,-915.20,524.00,9,7758723
1771906539.989,3,5,1,1808.90,-483.50,524.30,255,7758723
1771906539.989,3,6,1,2787.00,91.50,394.40,255,7758723
1771906539.989,3,7,1,1925.20,489.70,491.20,255,7758723
1771906539.989,3,7,1,1925.20,489.70,491.20,255,7758723
1771906539.989,3,0,1,1563.60,-860.70,99.50,5,7758723
1771906539.989,3,0,1,1577.30,-866.30,93.40,255,7758723
1771906539.989,3,1,1,1385.70,-427.70,218.10,255,7758723
1771906539.989,3,2,1,1728.20,-47.90,75.00,255,7758723
1771906539.989,3,3,1,1684.80,390.20,45.20,255,7758723
1771906539.989,3,4,1,1837.30,-974.00,503.80,5,7758723
1771906539.989,3,5,1,1808.90,-483.50,524.30,255,7758723
1771906539.989,3,6,1,2787.00,91.50,394.40,255,7758723
1771906539.989,3,0,1,1314.40,-757.40,211.20,255,7758723
1771906539.989,3,1,1,1593.60,-455.10,131.30,255,7758723
1771906539.989,3,2,1,1728.20,-47.90,75.00,255,7758723
1771906539.989,3,3,1,1653.30,377.10,59.30,255,7758723
1771906539.989,3,4,1,1988.40,-1036.60,482.20,9,7758723
1771906539.989,3,5,1,1808.90,-483.50,524.30,255,7758723
1771906539.989,3,6,1,2787.00,91.50,394.40,255,7758723
1771906539.989,3,7,1,2008.50,524.30,479.40,255,7758723
1771906539.989,3,11,1,1998.50,520.10,1017.80,5,7758723
1771906539.989,3,12,1,1701.90,-918.00,1461.10,5,7758723
1771906539.989,3,13,1,4336.90,-816.30,2513.50,255,7758723
1771906539.989,3,14,1,1735.60,-46.90,1426.60,255,7758723
1771906539.989,3,15,1,1963.10,505.40,1578.20,5,7758723
1771906539.989,8,3,1,-583.70,590.20,975.90,5,2247
1771906539.989,8,4,1,-86.80,656.60,1139.40,5,2247
1771906539.989,8,5,1,-259.80,669.90,1141.40,5,2247
1771906539.989,8,6,1,-425.20,664.30,1143.20,5,2247
1771906540.090,7,9,1,-493.50,204.40,1325.30,5,2332
1771906540.090,7,10,1,-533.90,175.30,1325.50,5,2332
1771906540.090,7,11,1,-555.10,130.50,1328.30,5,2332
1771906540.090,7,12,1,-525.90,723.10,1499.30,5,2332
1771906540.090,7,13,1,-741.20,787.80,1518.20,5,2332
1771906540.090,7,14,1,-530.40,172.50,1374.70,5,2332
1771906540.090,7,15,1,-547.50,128.30,1372.10,5,2332
1771906540.194,4,14,1,1146.30,-731.20,1217.70,5,7758948
1771906540.194,4,3,1,1300.60,-456.30,248.40,255,7758948
1771906540.194,4,4,1,1248.40,-1792.90,501.30,5,7758948
1771906540.194,4,5,1,1055.70,-1030.60,591.00,5,7758948
1771906540.194,4,6,1,1264.00,-779.90,583.70,5,7758948
1771906540.194,4,7,1,11892.80,92.70,51266.80,5,7758948
1771906540.194,4,0,1,1154.50,-1670.60,32.90,10,7758948
1771906540.194,4,4,1,1218.80,-1754.40,507.70,5,7758948
1771906540.194,4,5,1,1143.80,-1098.20,576.40,5,7758948
1771906540.194,4,6,1,1211.80,-758.30,591.10,5,7758948
1771906540.194,4,7,1,1511.20,-484.00,562.10,9,7758948
1771906540.194,4,8,1,1197.70,-1726.90,986.30,5,7758948
1771906540.194,4,9,1,1139.10,-1094.50,921.50,5,7758948
1771906540.194,4,10,1,1198.90,-753.00,905.70,5,7758948
1771906540.194,4,11,1,1564.20,-491.00,943.50,9,7758948
1771906540.194,4,12,1,1133.10,-1642.70,1451.10,5,7758948
1771906540.194,4,13,1,1074.20,-1044.80,1257.10,9,7758948
1771906540.194,4,14,1,1136.10,-727.00,1213.10,5,7758948
1771906540.194,4,15,1,1318.90,-458.70,1257.90,5,7758948
1771906540.322,7,0,1,-434.50,186.40,1233.70,5,2556
1771906540.322,7,1,1,-474.30,163.40,1239.20,5,2556
1771906540.322,7,2,1,-525.10,160.10,1224.70,255,2556
1771906540.322,7,3,1,-575.80,137.00,1214.80,5,2556
1771906540.322,7,4,1,-502.90,742.70,1116.60,5,2556
1771906540.322,7,5,1,-485.10,187.10,1278.70,5,2556
1771906540.322,7,6,1,-531.40,170.20,1276.00,5,2556
1771906540.322,7,7,1,-559.70,130.10,1280.90,5,2556
1771906540.322,7,8,1,-517.80,756.40,1311.00,5,2556
1771906540.322,7,9,1,-492.70,202.60,1325.40,5,2556
1771906540.322,7,8,1,-518.40,760.40,1310.90,5,2556
1771906540.322,7,9,1,-494.20,206.20,1325.20,5,2556
1771906540.322,7,10,1,-536.30,178.50,1325.40,5,2556
1771906540.322,7,11,1,-545.70,123.20,1328.60,5,2556
1771906540.322,7,12,1,-526.20,725.00,1499.70,5,2556
1771906540.322,7,13,1,-498.10,212.40,1378.80,5,2556
1771906540.322,7,14,1,-529.20,171.00,1374.20,5,2556
1771906540.322,7,15,1,-543.70,125.20,1371.00,5,2556
1771906540.526,2,0,1,652.90,483.40,990.80,5,7755770
1771906540.526,2,1,1,1125.50,393.50,1171.80,5,7755770
1771906540.526,2,2,1,706.00,182.40,996.50,255,7755770
1771906540.526,2,3,1,648.60,39.00,988.90,255,7755770
1771906540.526,2,4,1,694.10,500.50,831.90,5,7755770
1771906540.526,2,11,1,641.00,42.20,674.20,255,7755770
1771906540.526,2,12,1,685.30,496.90,493.30,5,7755770
1771906540.526,2,13,1,1148.40,396.50,317.30,5,7755770
1771906540.526,2,1,1,994.60,376.20,1117.10,9,7755770
1771906540.526,2,2,1,706.00,182.40,996.50,255,7755770
1771906540.526,2,3,1,648.60,39.00,988.90,255,7755770
1771906540.526,2,4,1,695.90,501.30,832.20,5,7755770
1771906540.526,2,5,1,1203.40,403.70,893.90,5,7755770
1771906540.526,2,6,1,726.70,179.70,830.60,255,7755770
1771906540.526,2,7,1,593.40,61.90,817.60,255,7755770
1771906540.526,2,8,1,703.30,504.30,665.40,5,7755770
1771906540.526,2,9,1,1254.50,410.50,597.90,5,7755770
1771906540.526,2,10,1,631.30,192.30,680.60,255,7755770
1771906540.526,2,11,1,641.00,42.20,674.20,255,7755770
1771906540.526,2,12,1,690.40,499.00,491.00,5,7755770
1771906540.526,2,13,1,1119.10,392.60,329.50,5,7755770
1771906540.526,2,4,1,887.40,580.60,859.50,5,7755770
1771906540.526,2,5,1,1639.90,461.20,951.90,255,7755770
1771906540.526,2,6,1,726.70,179.70,830.60,255,7755770
1771906540.526,2,7,1,753.70,-4.50,840.40,255,7755770
1771906540.526,2,8,1,904.80,587.80,636.70,5,7755770
1771906540.526,2,9,1,864.30,359.10,649.70,255,7755770
1771906540.526,2,10,1,895.80,157.50,645.50,255,7755770
1771906540.526,2,11,1,641.00,42.20,674.20,255,7755770
1771906540.526,2,12,1,817.60,551.70,434.00,5,7755770
1771906540.526,2,13,1,1487.30,441.10,175.70,10,7755770
1771906540.526,2,14,1,721.60,180.40,495.60,255,7755770
1771906540.526,2,15,1,1441.60,-289.40,154.20,255,7755770
1771906540.636,7,9,1,-495.00,208.10,1325.20,5,2669
1771906540.636,7,12,1,-527.50,733.60,1501.80,5,2669
1771906540.636,7,13,1,-498.50,213.30,1379.00,5,2669
1771906540.636,7,14,1,-528.00,169.40,1373.80,5,2669
1771906540.636,7,15,1,-538.40,121.00,1369.40,5,2669
1771906540.837,4,4,1,1206.10,-1737.90,510.40,5,7759352
1771906540.837,4,5,1,1245.30,-1176.00,559.50,5,7759352
1771906540.837,4,6,1,1198.00,-752.60,593.10,5,7759352
1771906540.837,4,7,1,1477.70,-479.60,566.60,9,7759352
1771906540.837,4,8,1,1173.50,-1695.40,981.10,5,7759352
1771906540.837,4,9,1,1592.10,-1442.20,996.60,5,7759352
1771906540.837,4,10,1,1179.70,-745.00,902.90,5,7759352
1771906540.837,4,11,1,1469.90,-478.60,931.00,9,7759352
1771906540.837,4,12,1,1116.80,-1621.40,1440.00,5,7759352
1771906540.837,4,13,1,1489.80,-1363.70,1474.10,5,7759352
1771906540.837,4,14,1,1109.60,-716.00,1201.20,5,7759352
1771906540.837,4,15,1,1317.10,-458.50,1257.10,5,7759352
1771906540.837,4,0,1,1075.20,-1567.20,86.90,255,7759352
1771906540.837,4,14,1,1159.20,-736.50,1223.40,5,7759352
1771906540.837,4,15,1,1200.80,-443.20,1208.50,9,7759352
1771906540.837,1,0,1,293.40,548.40,879.80,5,7756059
1771906540.837,1,1,1,372.10,506.00,890.50,5,7756059
1771906540.837,1,2,1,458.40,446.20,909.30,5,7756059
1771906540.837,1,3,1,552.30,357.80,937.60,5,7756059
1771906540.837,1,4,1,302.00,559.60,792.60,5,7756059
1771906540.837,1,5,1,384.80,515.70,796.30,5,7756059
1771906540.837,1,6,1,463.40,448.30,800.90,5,7756059
1771906540.837,1,7,1,572.40,360.40,811.80,5,7756059
1771906540.837,1,8,1,302.00,559.60,706.00,5,7756059
1771906540.837,1,1,1,391.10,520.60,900.50,5,7756059
1771906540.837,1,2,1,482.30,456.10,920.00,5,7756059
1771906540.837,1,3,1,589.80,362.70,953.30,5,7756059
1771906540.837,1,4,1,313.40,574.50,795.10,5,7756059
1771906540.837,1,9,1,405.20,531.40,698.90,5,7756059
1771906540.837,1,10,1,494.60,461.20,693.30,5,7756059
1771906540.837,1,11,1,613.70,365.90,681.30,5,7756059
1771906540.837,1,0,1,309.70,569.60,890.90,5,7756059
1771906540.837,1,1,1,402.10,529.00,906.20,5,7756059
1771906540.837,1,2,1,496.80,462.10,926.50,5,7756059
1771906540.837,1,3,1,612.70,365.70,962.80,5,7756059
1771906540.837,1,4,1,323.10,587.10,797.20,5,7756059
1771906540.837,1,5,1,417.00,540.50,801.60,5,7756059
1771906540.837,1,6,1,509.20,467.30,807.40,5,7756059
1771906540.837,1,7,1,632.40,368.30,819.80,5,7756059
1771906540.837,1,8,1,320.70,584.00,701.90,5,7756059
1771906540.837,1,9,1,413.10,537.50,697.60,5,7756059
1771906540.837,1,10,1,511.00,468.00,691.00,5,7756059
1771906540.837,1,11,1,638.30,369.10,678.00,5,7756059
1771906540.837,1,12,1,309.70,569.60,607.70,5,7756059
1771906540.837,1,15,1,777.60,387.40,466.90,5,7756059
1771906540.949,2,7,1,850.70,-44.70,854.20,255,7756038
1771906540.949,2,8,1,927.70,597.30,633.40,5,7756038
1771906540.949,2,9,1,864.30,359.10,649.70,255,7756038
1771906540.949,2,10,1,895.80,157.50,645.50,255,7756038
1771906540.949,2,11,1,641.00,42.20,674.20,255,7756038
1771906540.949,2,1,1,1262.00,411.40,1228.80,255,7756038
1771906540.949,2,2,1,749.10,176.80,1014.50,255,7756038
1771906540.949,2,3,1,648.60,39.00,988.90,255,7756038
1771906540.949,2,4,1,1013.80,632.90,877.50,5,7756038
1771906540.949,2,5,1,1639.90,461.20,951.90,255,7756038
1771906540.949,2,6,1,2978.70,-116.70,1129.70,10,7756038
1771906540.949,2,7,1,2949.20,-913.90,1153.30,10,7756038
1771906540.949,2,8,1,1004.60,629.10,622.40,9,7756038
1771906540.949,2,9,1,864.30,359.10,649.70,255,7756038
1771906540.949,2,10,1,895.80,157.50,645.50,255,7756038
1771906540.949,2,11,1,641.00,42.20,674.20,255,7756038
1771906540.949,2,12,1,951.60,607.20,373.90,9,7756038
1771906540.949,2,13,1,1487.30,441.10,175.70,255,7756038
1771906540.949,2,14,1,721.60,180.40,495.60,255,7756038
1771906540.949,2,0,1,955.90,609.00,1126.60,5,7756038
1771906540.949,2,1,1,1262.00,411.40,1228.80,255,7756038
1771906540.949,2,2,1,749.10,176.80,1014.50,255,7756038
1771906540.949,2,3,1,648.60,39.00,988.90,255,7756038
1771906540.949,2,7,1,2949.20,-913.90,1153.30,255,7756038
1771906540.949,2,8,1,1062.30,653.00,614.20,5,7756038
1771906540.949,2,9,1,864.30,359.10,649.70,255,7756038
1771906540.949,2,10,1,895.80,157.50,645.50,255,7756038
1771906540.949,2,11,1,641.00,42.20,674.20,255,7756038
1771906540.949,2,12,1,990.00,623.10,356.70,9,7756038
1771906540.949,2,13,1,1487.30,441.10,175.70,255,7756038
1771906540.949,2,14,1,721.60,180.40,495.60,255,7756038
1771906540.949,2,15,1,1357.90,-254.80,191.70,255,7756038
1771906541.050,2,1,1,1262.00,411.40,1228.80,255,7756172
1771906541.050,2,2,1,749.10,176.80,1014.50,255,7756172
1771906541.050,2,3,1,2585.30,-763.20,1857.20,10,7756172
1771906541.050,2,4,1,1164.00,695.20,898.90,5,7756172
1771906541.050,2,5,1,1639.90,461.20,951.90,255,7756172
1771906541.050,2,6,1,2978.70,-116.70,1129.70,255,7756172
1771906541.050,2,7,1,2949.20,-913.90,1153.30,255,7756172
1771906541.050,2,8,1,1162.20,694.40,600.00,5,7756172
1771906541.050,2,9,1,864.30,359.10,649.70,255,7756172
1771906541.050,2,10,1,895.80,157.50,645.50,255,7756172
1771906541.050,2,11,1,641.00,42.20,674.20,255,7756172
1771906541.050,2,12,1,1052.40,648.90,328.70,5,7756172
1771906541.050,2,13,1,1487.30,441.10,175.70,255,7756172
1771906541.050,2,14,1,721.60,180.40,495.60,255,7756172
1771906541.050,2,15,1,1357.90,-254.80,191.70,255,7756172
1771906541.050,5,7,1,-1298.30,-2392.00,1256.70,5,3062
1771906541.050,5,8,1,524.10,-2072.90,676.30,5,3062
1771906541.050,5,9,1,-49.50,-2206.60,655.10,5,3062
1771906541.050,5,10,1,-388.80,-399.10,1227.30,5,3062
1771906541.050,5,11,1,-441.90,-293.00,1258.40,255,3062
1771906541.050,5,4,1,421.60,-1926.80,1272.00,5,3062
1771906541.050,5,5,1,-69.50,-2156.80,1244.40,5,3062
1771906541.050,5,6,1,-627.30,-2241.00,1240.90,5,3062
1771906541.050,5,7,1,-1229.20,-2223.70,1262.20,255,3062
1771906541.050,5,13,1,-75.10,-1919.40,143.20,5,3062
1771906541.050,5,14,1,-613.90,-1941.10,129.30,4,3062
1771906541.050,5,11,1,-458.60,-331.70,1245.80,255,3062
1771906541.050,5,12,1,410.90,-1714.00,214.00,5,3062
1771906541.050,5,13,1,-76.30,-1911.00,148.60,5,3062
1771906541.050,5,14,1,-613.90,-1941.10,129.30,255,3062
1771906541.050,5,15,1,-428.50,-250.80,1206.40,5,3062
1771906541.160,3,3,1,1549.10,334.00,106.00,255,7759645
1771906541.160,3,4,1,1883.00,-993.00,497.30,9,7759645
1771906541.160,3,5,1,1808.90,-483.50,524.30,255,7759645
1771906541.160,3,6,1,2787.00,91.50,394.40,255,7759645
1771906541.160,3,8,1,1806.10,-961.10,990.40,5,7759645
1771906541.160,3,9,1,2013.40,-510.40,1001.50,255,7759645
1771906541.160,3,10,1,2934.40,110.90,1123.80,255,7759645
1771906541.160,3,11,1,2102.00,563.00,1032.50,255,7759645
1771906541.160,3,12,1,1586.70,-870.20,1409.40,5,7759645
1771906541.160,3,14,1,1735.60,-46.90,1448.00,5,7759645
1771906541.160,3,3,1,1549.10,334.00,106.00,255,7759645
1771906541.160,3,4,1,1652.20,-897.40,530.10,5,7759645
1771906541.160,3,5,1,1808.90,-483.50,524.30,255,7759645
1771906541.160,3,6,1,2787.00,91.50,394.40,255,7759645
1771906541.160,3,7,1,2144.10,580.40,460.10,255,7759645
1771906541.160,3,8,1,1559.70,-859.10,955.30,5,7759645
1771906541.160,3,9,1,2013.40,-510.40,1001.50,255,7759645
1771906541.160,3,0,1,1356.20,-774.80,192.50,5,7759645
1771906541.160,3,1,1,1605.50,-456.70,126.30,255,7759645
1771906541.160,3,2,1,1728.20,-47.90,75.00,255,7759645
1771906541.160,3,3,1,1549.10,334.00,106.00,255,7759645
1771906541.160,3,4,1,1467.20,-13000.00,179.90,5,7759645
1771906541.160,3,4,1,1390.30,-788.90,567.50,5,7759645
1771906541.160,3,5,1,1808.90,-483.50,524.30,255,7759645
1771906541.160,3,7,1,2144.10,580.40,460.10,255,7759645
1771906541.160,3,8,1,1356.40,-774.80,926.30,5,7759645
1771906541.160,3,9,1,2013.40,-510.40,1001.50,255,7759645
1771906541.160,3,10,1,2934.40,110.90,1123.80,255,7759645
1771906541.160,3,11,1,2102.00,563.00,1032.50,255,7759645
1771906541.160,3,12,1,1207.70,-713.30,1239.50,5,7759645
1771906541.160,3,15,1,2231.10,616.50,1698.40,255,7759645
1771906541.161,8,0,1,-58.60,685.40,911.30,5,3259
1771906541.161,8,1,1,-252.50,689.70,931.60,5,3259
1771906541.161,8,2,1,-431.10,673.80,941.70,5,3259
1771906541.161,8,3,1,-597.80,621.20,954.90,5,3259
1771906541.161,8,4,1,-57.20,725.20,1116.90,5,3259
1771906541.161,8,5,1,-251.80,728.50,1122.80,5,3259
1771906541.161,8,3,1,-625.40,681.50,914.00,5,3259
1771906541.161,8,4,1,-15.50,821.90,1085.30,5,3259
1771906541.161,8,5,1,-239.60,817.40,1094.70,5,3259
1771906541.161,8,6,1,-441.50,783.40,1105.50,5,3259
1771906541.161,8,7,1,-631.60,732.20,1114.60,5,3259
1771906541.161,8,7,1,-641.90,756.00,1106.90,5,3259
1771906541.161,8,8,1,-14.00,864.70,1307.00,5,3259
1771906541.161,8,9,1,-238.20,864.50,1299.40,5,3259
1771906541.161,8,10,1,-443.70,834.80,1300.70,5,3259
1771906541.161,8,11,1,-633.50,771.30,1310.10,5,3259
1771906541.161,8,12,1,-37.40,846.70,1531.10,5,3259
1771906541.161,8,13,1,-245.30,846.50,1509.70,5,3259
1771906541.161,8,14,1,-436.20,812.60,1502.10,5,3259
1771906541.161,8,15,1,-612.30,754.20,1507.70,5,3259
1771906541.161,1,0,1,407.60,697.20,957.50,5,7756456
1771906541.161,1,1,1,551.60,643.80,984.30,5,7756456
1771906541.161,1,2,1,700.80,546.60,1017.90,5,7756456
1771906541.161,1,3,1,980.00,414.10,1116.30,5,7756456
1771906541.161,1,4,1,423.30,717.70,818.90,5,7756456
1771906541.161,1,5,1,568.00,656.40,826.70,5,7756456
1771906541.161,1,12,1,413.70,705.20,536.90,5,7756456
1771906541.161,1,13,1,556.80,647.70,511.70,5,7756456
1771906541.161,1,14,1,717.90,553.70,473.00,5,7756456
1771906541.161,1,15,1,940.60,408.90,398.80,5,7756456
1771906541.255,1,15,1,940.60,408.90,398.80,5,7756659
1771906541.352,2,7,1,2949.20,-913.90,1153.30,255,7756777
1771906541.352,2,8,1,1183.20,703.10,597.00,5,7756777
1771906541.352,2,9,1,864.30,359.10,649.70,255,7756777
1771906541.352,2,7,1,2949.20,-913.90,1153.30,255,7756777
1771906541.352,2,8,1,1235.50,724.70,589.50,5,7756777
1771906541.352,2,9,1,864.30,359.10,649.70,255,7756777
1771906541.352,2,1,1,1262.00,411.40,1228.80,255,7756777
1771906541.352,2,2,1,749.10,176.80,1014.50,255,7756777
1771906541.352,2,3,1,2585.30,-763.20,1857.20,255,7756777
1771906541.352,2,4,1,1187.80,705.00,902.30,5,7756777
1771906541.352,2,5,1,1639.90,461.20,951.90,255,7756777
1771906541.352,2,6,1,2978.70,-116.70,1129.70,255,7756777
1771906541.352,2,7,1,3318.40,-1066.80,1205.90,4,7756777
1771906541.352,2,8,1,1219.00,717.90,591.90,5,7756777
1771906541.352,2,1,1,1262.00,411.40,1228.80,255,7756777
1771906541.352,2,2,1,749.10,176.80,1014.50,255,7756777
1771906541.352,2,3,1,2585.30,-763.20,1857.20,255,7756777
1771906541.352,2,4,1,1193.30,707.30,903.10,5,7756777
1771906541.352,2,5,1,1639.90,461.20,951.90,255,7756777
1771906541.352,2,6,1,2978.70,-116.70,1129.70,255,7756777
1771906541.352,2,7,1,3318.40,-1066.80,1205.90,255,7756777
1771906541.352,2,8,1,1190.60,706.20,595.90,5,7756777
1771906541.352,2,9,1,864.30,359.10,649.70,255,7756777
1771906541.352,2,10,1,895.80,157.50,645.50,255,7756777
1771906541.352,2,11,1,641.00,42.20,674.20,255,7756777
1771906541.352,2,12,1,1124.90,679.00,296.20,5,7756777
1771906541.352,2,13,1,1449.80,436.20,191.30,255,7756777
1771906541.352,2,1,1,1262.00,411.40,1228.80,255,7756777
1771906541.352,2,13,1,1449.80,436.20,191.30,255,7756777
1771906541.352,2,14,1,721.60,180.40,495.60,255,7756777
1771906541.352,2,15,1,1393.80,-269.60,175.70,255,7756777
1771906541.352,1,1,1,553.10,644.90,985.00,5,7756860
1771906541.352,1,15,1,880.20,401.00,424.00,5,7756860
1771906541.352,2,13,1,1449.80,436.20,191.30,255,7757059
1771906541.352,2,14,1,721.60,180.40,495.60,255,7757059
1771906541.352,2,15,1,1433.90,-286.20,157.70,255,7757059
1771906541.448,1,1,1,550.20,642.70,983.50,5,7757175
1771906541.448,1,2,1,695.70,544.50,1015.60,5,7757175
1771906541.448,1,3,1,865.50,399.00,1068.50,5,7757175
1771906541.448,1,1,1,558.20,648.80,987.70,5,7757175
1771906541.448,1,13,1,565.60,654.50,507.10,5,7757175
1771906541.448,1,14,1,707.60,549.50,477.60,5,7757175
1771906541.448,1,15,1,850.00,397.00,436.60,9,7757175
1771906541.448,3,0,1,1273.40,-740.50,229.60,5,7760579
1771906541.448,3,0,1,1273.40,-740.50,229.60,5,7760579
1771906541.448,3,1,1,1407.70,-430.60,209.00,10,7760579
1771906541.448,3,0,1,1336.60,-766.60,201.30,5,7760579
1771906541.448,3,1,1,1407.70,-430.60,209.00,255,7760579
1771906541.448,3,2,1,1728.20,-47.90,75.00,255,7760579
1771906541.448,3,11,1,2791.70,848.70,1130.80,255,7760579
1771906541.448,3,0,1,1430.50,-805.50,159.20,5,7760579
1771906541.448,3,1,1,1407.70,-430.60,209.00,255,7760579
1771906541.448,3,2,1,1728.20,-47.90,75.00,255,7760579
1771906541.448,3,3,1,1549.10,334.00,106.00,255,7760579
1771906541.448,3,7,1,2144.10,580.40,460.10,255,7760579
1771906541.448,3,8,1,1458.00,-816.90,940.80,5,7760579
1771906541.448,3,10,1,2949.20,112.90,1125.70,255,7760579
1771906541.448,3,14,1,2092.80,0.10,1575.90,255,7760579
1771906541.448,3,15,1,2282.30,637.70,1721.30,255,7760579
1771906541.545,8,4,1,22.10,909.00,1056.80,5,4157
1771906541.545,8,5,1,-222.40,943.10,1054.90,5,4157
1771906541.545,8,6,1,-462.70,938.40,1056.40,5,4157
1771906541.545,8,7,1,-698.40,887.00,1064.00,5,4157
1771906541.545,8,8,1,14.90,935.00,1304.70,5,4157
1771906541.545,8,9,1,-226.60,953.60,1295.60,5,4157
1771906541.545,8,10,1,-458.70,949.70,1295.80,5,4157
1771906541.545,8,11,1,-684.70,896.20,1306.00,5,4157
1771906541.545,8,12,1,-12.70,910.20,1547.10,5,4157
1771906541.545,8,13,1,-234.10,936.60,1530.00,5,4157
1771906541.545,8,14,1,-450.90,930.80,1528.70,5,4157
1771906541.545,8,15,1,-656.50,867.50,1536.30,5,4157
1771906541.656,7,5,1,-489.80,198.50,1274.90,5,4354
1771906541.656,7,6,1,-545.40,188.30,1268.90,5,4354
1771906541.656,7,7,1,-558.20,128.90,1281.40,5,4354
1771906541.656,7,8,1,-520.10,773.30,1310.50,5,4354
1771906541.656,7,4,1,-517.00,863.50,1080.10,5,4354
1771906541.656,7,5,1,1000.00,-515.70,262.20,51,4354
1771906541.656,7,2,1,-559.10,203.20,1189.90,255,4354
1771906541.656,7,3,1,-590.30,147.30,1203.80,5,4354
1771906541.656,7,14,1,-526.20,167.10,1373.10,5,4354
1771906541.656,7,15,1,-546.00,127.10,1371.70,5,4354
1771906541.656,1,0,1,437.40,736.00,977.80,5,7757502
1771906541.656,1,1,1,578.00,664.00,998.00,5,7757502
1771906541.656,1,15,1,947.00,409.80,396.10,9,7757502
1771906541.656,1,15,1,1071.60,426.20,344.00,5,7757699
1771906541.753,2,0,1,1008.80,630.90,1150.40,5,7757718
1771906541.753,2,1,1,1262.00,411.40,1228.80,255,7757718
1771906541.753,2,2,1,749.10,176.80,1014.50,255,7757718
1771906541.753,2,3,1,2681.80,-803.10,1900.40,255,7757718
1771906541.753,2,4,1,1105.40,670.90,890.50,5,7757718
1771906541.753,2,5,1,1639.90,461.20,951.90,255,7757718
1771906541.753,2,6,1,2978.70,-116.70,1129.70,255,7757718
1771906541.753,2,1,1,1262.00,411.40,1228.80,255,7757718
1771906541.753,2,0,1,1144.50,687.10,1211.20,5,7757718
1771906541.753,2,1,1,1262.00,411.40,1228.80,255,7757718
1771906541.753,2,0,1,1270.00,739.10,1267.50,5,7757718
1771906541.753,2,1,1,1262.00,411.40,1228.80,255,7757718
1771906541.753,2,2,1,749.10,176.80,1014.50,255,7757718
1771906541.753,2,3,1,2681.80,-803.10,1900.40,255,7757718
1771906541.753,2,4,1,1389.30,788.50,931.00,5,7757718
1771906541.753,2,5,1,1217.20,405.50,895.80,255,7757718
1771906541.753,2,6,1,2978.70,-116.70,1129.70,255,7757718
1771906541.753,2,7,1,2916.30,-900.30,1148.60,255,7757718
1771906541.753,2,12,1,1326.30,762.40,205.90,5,7757718
1771906541.753,2,13,1,1529.50,446.70,158.10,255,7757718
1771906541.753,2,14,1,721.60,180.40,495.60,255,7757718
1771906541.753,2,15,1,1326.30,-241.70,205.90,255,7757718
1771906541.753,6,0,1,-523.20,-142.60,1372.60,5,4663
1771906541.753,6,1,1,-542.10,-105.70,1367.90,5,4663
1771906541.753,6,2,1,-539.60,-63.60,1362.70,5,4663
1771906541.753,6,3,1,-528.80,-29.50,1359.60,5,4663
1771906541.753,6,4,1,-521.20,-144.80,1328.40,5,4663
1771906541.753,6,5,1,-542.80,-107.50,1326.90,5,4663
1771906541.753,6,6,1,-538.10,-62.10,1328.10,5,4663
1771906541.753,6,7,1,-530.00,-27.70,1330.10,5,4663
1771906541.753,6,8,1,-526.00,-156.40,1279.70,5,4663
1771906541.753,6,3,1,-540.30,-31.30,1362.30,5,4663
1771906541.753,6,4,1,-529.10,-155.10,1328.00,5,4663
1771906541.753,6,5,1,-554.70,-116.60,1326.30,5,4663
1771906541.753,6,6,1,-554.70,-69.00,1327.30,5,4663
1771906541.753,6,7,1,-542.90,-29.40,1329.70,5,4663
1771906541.753,6,8,1,-535.20,-168.70,1275.10,5,4663
1771906541.753,6,9,1,-560.90,-122.60,1277.20,5,4663
1771906541.753,6,10,1,-556.00,-68.60,1287.10,5,4663
1771906541.753,6,0,1,-539.00,-162.40,1378.50,5,4663
1771906541.753,6,1,1,-560.00,-119.30,1372.90,5,4663
1771906541.753,6,2,1,-565.60,-74.60,1369.00,5,4663
1771906541.753,6,3,1,-550.00,-32.70,1364.60,5,4663
1771906541.753,6,4,1,-536.40,-164.60,1327.60,5,4663
1771906541.753,6,9,1,-585.70,-141.90,1267.40,5,4663
1771906541.753,6,7,1,-570.70,-33.20,1328.80,5,4663
1771906541.753,6,8,1,-534.60,-167.90,1275.40,5,4663
1771906541.753,6,9,1,-553.30,-116.80,1280.20,5,4663
1771906541.753,6,10,1,-573.70,-75.80,1281.10,5,4663
1771906541.753,6,10,1,-568.40,-73.60,1282.90,5,4663
1771906541.753,6,11,1,-578.90,-31.40,1285.20,5,4663
1771906541.753,6,0,1,-530.50,-151.70,1375.30,5,4663
1771906541.753,6,0,1,-530.50,-151.70,1375.30,5,4663
1771906541.753,6,1,1,-558.40,-118.10,1372.50,5,4663
1771906541.753,6,3,1,-589.40,-38.80,1374.00,5,4663
1771906541.753,6,4,1,1000.00,-540.10,1277.10,5,4663
1771906541.753,6,9,1,-590.30,-145.40,1265.60,5,4663
1771906541.753,6,11,1,-586.50,-32.30,1282.90,5,4663
1771906541.753,6,12,1,-535.60,-176.30,1209.60,255,4663
1771906541.753,6,13,1,-590.20,-147.40,1195.20,5,4663
1771906541.753,6,14,1,-597.10,-83.80,1211.80,5,4663
1771906541.753,6,15,1,-598.70,-29.80,1222.20,5,4663
1771906541.753,1,15,1,1076.20,426.80,342.10,5,7757895
1771906541.850,6,2,1,-591.70,-85.60,1375.30,5,4888
1771906541.850,6,3,1,-576.00,-36.70,1370.80,5,4888
1771906541.850,6,4,1,-558.40,-193.00,1326.50,5,4888
1771906541.850,6,5,1,-580.10,-136.00,1324.90,5,4888
1771906541.850,6,6,1,-598.10,-87.10,1325.30,5,4888
1771906541.850,6,7,1,-577.60,-34.10,1328.60,5,4888
1771906541.850,6,8,1,-554.10,-194.00,1265.60,5,4888
1771906541.850,6,9,1,-588.80,-144.30,1266.20,5,4888
1771906541.850,6,10,1,-601.10,-87.00,1271.90,5,4888
1771906541.850,6,11,1,-589.40,-32.60,1282.00,5,4888
1771906541.850,6,12,1,-537.60,-179.10,1207.50,255,4888
1771906541.850,6,13,1,-590.90,-148.00,1194.70,5,4888
1771906541.850,6,14,1,-599.40,-84.80,1210.20,5,4888
1771906541.850,6,15,1,-599.60,-29.90,1221.70,5,4888
1771906541.946,4,5,1,1512.70,-1381.20,515.10,5,7761572
1771906541.946,4,6,1,1346.40,-814.10,571.90,5,7761572
1771906541.946,4,7,1,1251.70,-449.90,596.60,5,7761572
1771906541.946,4,0,1,1031.30,-1510.00,116.70,255,7761572
1771906541.946,4,0,1,932.90,-1381.80,183.70,5,7761572
1771906541.946,4,1,1,1117.50,-1078.00,218.90,255,7761572
1771906541.946,4,2,1,1122.50,-721.30,291.60,5,7761572
1771906541.946,4,3,1,1165.00,-438.50,305.00,5,7761572
1771906541.946,4,4,1,1091.40,-1588.40,535.20,5,7761572
1771906541.946,4,10,1,1144.00,-730.20,897.80,5,7761572
1771906541.946,4,6,1,1171.50,-741.60,596.80,5,7761572
1771906541.946,4,6,1,1257.60,-777.30,584.60,5,7761572
1771906541.946,4,7,1,1145.50,-435.90,610.70,5,7761572
1771906541.946,4,8,1,1017.80,-1492.50,947.40,5,7761572
1771906541.946,4,9,1,1433.30,-1320.30,970.30,5,7761572
1771906541.946,4,10,1,1240.20,-770.10,911.50,5,7761572
1771906541.946,4,11,1,1120.90,-432.60,884.70,5,7761572
1771906541.946,4,12,1,955.90,-1411.80,1330.60,5,7761572
1771906541.946,4,13,1,1342.50,-1250.60,1397.20,5,7761572
1771906541.946,4,6,1,1246.60,-772.70,586.10,5,7761572
1771906541.946,4,7,1,1116.00,-432.00,614.60,5,7761572
1771906541.946,4,8,1,1018.40,-1493.20,947.60,5,7761572
1771906541.946,4,9,1,1396.30,-1291.90,964.10,5,7761572
1771906541.946,4,10,1,1318.00,-802.30,922.60,5,7761572
1771906541.946,4,11,1,1089.50,-428.50,880.50,5,7761572
1771906541.946,4,12,1,948.00,-1401.60,1325.20,5,7761572
1771906541.946,4,9,1,1411.20,-1303.40,966.60,5,7761572
1771906542.062,5,0,1,1000.00,347.20,-973000.00,5,5084
1771906542.062,5,13,1,-85.10,-1850.00,187.70,5,5084
1771906542.062,5,14,1,-597.70,-1829.10,201.10,5,5084
1771906542.062,5,0,1,296.00,-1702.50,1746.70,5,5084
1771906542.062,5,1,1,-120.50,-1849.40,1735.10,5,5084
1771906542.062,5,5,1,-102.20,-1906.20,1255.10,5,5084
1771906542.062,5,6,1,-590.20,-1956.70,1253.00,5,5084
1771906542.062,5,7,1,-1137.00,-1999.00,1269.60,10,5084
1771906542.062,5,8,1,393.90,-1771.30,775.00,5,5084
1771906542.062,5,9,1,-91.60,-1899.40,752.40,5,5084
1771906542.062,5,10,1,-611.60,-2026.10,712.30,255,5084
1771906542.062,5,11,1,-462.40,-340.50,1242.90,255,5084
1771906542.062,5,12,1,372.30,-1629.60,271.20,5,5084
1771906542.062,5,13,1,-92.20,-1800.70,219.30,5,5084
1771906542.062,5,14,1,-602.30,-1860.90,180.70,5,5084
1771906542.062,5,15,1,-431.30,-257.00,1202.20,5,5084
1771906542.062,6,3,1,-584.60,-38.00,1372.80,5,5112
1771906542.062,6,4,1,-561.50,-197.00,1326.40,5,5112
1771906542.062,6,5,1,-582.50,-137.80,1324.80,5,5112
1771906542.062,6,0,1,-560.90,-189.70,1386.80,5,5112
1771906542.062,6,1,1,-589.60,-141.60,1381.20,5,5112
1771906542.062,6,2,1,-598.90,-88.70,1377.10,5,5112
1771906542.062,6,3,1,-589.40,-38.80,1374.00,5,5112
1771906542.062,6,4,1,-564.50,-200.90,1326.20,5,5112
1771906542.062,6,5,1,-585.70,-140.30,1324.60,5,5112
1771906542.062,6,6,1,-603.60,-89.40,1325.10,5,5112
1771906542.062,6,7,1,-588.50,-35.60,1328.30,5,5112
1771906542.062,6,8,1,-555.80,-196.30,1264.80,5,5112
1771906542.062,6,9,1,-590.30,-145.40,1265.60,5,5112
1771906542.062,6,10,1,-607.30,-89.50,1269.80,5,5112
1771906542.062,6,11,1,-594.10,-33.10,1280.60,5,5112
1771906542.062,6,12,1,-537.10,-178.40,1208.00,5,5112
1771906542.062,6,13,1,-595.60,-151.60,1190.90,5,5112
1771906542.062,6,14,1,-598.60,-84.50,1210.80,5,5112
1771906542.062,6,15,1,-601.20,-30.10,1220.60,5,5112
1771906542.062,2,10,1,4044.20,-257.00,227.50,255,7758322
1771906542.062,2,1,1,1262.00,411.40,1228.80,255,7758322
1771906542.062,2,2,1,749.10,176.80,1014.50,255,7758322
1771906542.062,2,3,1,2392.40,-683.30,1770.70,255,7758322
1771906542.062,2,4,1,1353.60,773.70,925.90,5,7758322
1771906542.062,2,1,1,1262.00,411.40,1228.80,255,7758322
1771906542.062,2,7,1,2602.10,-770.10,1103.80,255,7758322
1771906542.062,2,8,1,1366.40,779.00,570.90,5,7758322
1771906542.062,2,10,1,4044.20,-257.00,227.50,255,7758322
1771906542.062,2,11,1,641.00,42.20,674.20,255,7758322
1771906542.062,2,12,1,1234.20,724.20,247.20,5,7758322
1771906542.062,2,13,1,1530.40,446.80,157.70,255,7758322
1771906542.062,2,14,1,1484.60,79.90,176.80,255,7758322
1771906542.062,2,15,1,1345.10,-249.50,197.50,255,7758322
1771906542.160,3,10,1,2949.20,112.90,1125.70,255,7761819
1771906542.160,3,11,1,2335.50,659.70,1065.80,10,7761819
1771906542.160,3,12,1,1345.10,-770.20,1301.10,5,7761819
1771906542.160,3,13,1,2311.70,-549.60,1667.40,255,7761819
1771906542.160,3,10,1,2949.20,112.90,1125.70,255,7761819
1771906542.160,3,11,1,2385.00,680.20,1072.90,255,7761819
1771906542.160,3,12,1,1159.90,-693.50,1218.10,5,7761819
1771906542.160,3,13,1,2311.70,1334.10,525.30,5,7761819
1771906542.160,3,0,1,1127.50,-680.00,295.10,5,7761819
1771906542.160,3,1,1,1466.30,-438.30,184.50,255,7761819
1771906542.160,3,2,1,1728.20,-47.90,75.00,255,7761819
1771906542.160,3,3,1,2220.00,611.90,-194.80,255,7761819
1771906542.160,3,4,1,1212.60,-715.30,592.80,5,7761819
1771906542.160,3,5,1,1169.00,-399.20,609.20,255,7761819
1771906542.160,3,6,1,2787.00,91.50,394.40,255,7761819
1771906542.160,3,7,1,2144.10,580.40,460.10,255,7761819
1771906542.160,3,8,1,1153.90,-691.00,897.40,5,7761819
1771906542.160,3,9,1,2258.10,-542.60,1034.00,255,7761819
1771906542.160,3,0,1,1146.20,-687.80,286.60,5,7761819
1771906542.160,3,1,1,1462.60,-437.90,186.00,255,7761819
1771906542.160,3,10,1,2949.20,112.90,1125.70,255,7761819
1771906542.160,3,11,1,2385.00,680.20,1072.90,255,7761819
1771906542.160,3,12,1,1062.60,-653.10,1174.50,5,7761819
1771906542.160,3,13,1,1940.80,-500.80,1512.40,5,7761819
1771906542.160,3,14,1,2092.80,0.10,1575.90,255,7761819
1771906542.160,3,8,1,1198.80,-709.60,903.80,5,7761819
1771906542.160,3,9,1,2258.10,-542.60,1034.00,255,7761819
1771906542.160,3,10,1,2949.20,112.90,1125.70,255,7761819
1771906542.160,3,11,1,2385.00,680.20,1072.90,255,7761819
1771906542.160,3,12,1,1098.40,-668.00,1190.50,5,7761819
1771906542.160,3,13,1,2053.40,-515.60,1559.40,255,7761819
1771906542.160,3,14,1,2092.80,0.10,1575.90,255,7761819
1771906542.160,3,15,1,3248.50,1037.90,2154.50,255,7761819
1771906542.160,4,0,1,955.90,-1411.80,168.00,5,7761910
1771906542.160,4,1,1,1417.30,-1308.00,62.40,5,7761910
1771906542.160,4,4,1,1028.70,-1506.60,548.80,5,7761910
1771906542.160,4,5,1,1454.50,-1336.60,524.80,5,7761910
1771906542.160,4,6,1,1254.80,-776.10,585.00,5,7761910
1771906542.160,4,10,1,1261.20,-778.80,914.50,9,7761910
1771906542.160,4,11,1,1086.50,-428.10,880.10,5,7761910
1771906542.160,4,12,1,946.40,-1399.40,1324.10,5,7761910
1771906542.160,4,13,1,1313.90,-1228.70,1382.30,5,7761910
1771906542.160,4,14,1,1153.20,-734.00,1220.80,5,7761910
1771906542.160,4,15,1,1029.50,-420.60,1137.00,5,7761910
1771906542.256,1,12,1,472.80,782.20,496.70,5,7758617
1771906542.256,1,13,1,644.00,714.60,466.10,5,7758617
1771906542.256,1,14,1,826.30,598.60,424.40,9,7758617
1771906542.256,1,0,1,471.10,780.00,1000.70,5,7758617
1771906542.256,1,1,1,638.10,710.10,1029.40,5,7758617
1771906542.256,1,2,1,824.60,597.90,1073.40,5,7758617
1771906542.256,1,3,1,1064.30,425.20,1151.50,9,7758617
1771906542.256,1,4,1,489.70,804.20,833.20,5,7758617
1771906542.256,1,5,1,665.60,731.20,842.90,5,7758617
1771906542.256,1,6,1,835.30,602.40,853.90,5,7758617
1771906542.256,1,7,1,1166.10,438.60,890.70,5,7758617
1771906542.256,1,8,1,493.30,808.90,664.60,5,7758617
1771906542.256,1,9,1,665.60,731.20,655.70,5,7758617
1771906542.256,1,10,1,840.80,604.60,644.00,5,7758617
1771906542.256,1,1,1,630.80,704.50,1025.60,5,7758617
1771906542.256,1,2,1,825.40,598.30,1073.80,5,7758617
1771906542.256,1,3,1,1028.60,420.50,1136.60,9,7758617
1771906542.256,1,4,1,489.70,804.20,833.20,5,7758617
1771906542.256,1,12,1,471.70,780.70,497.50,5,7758617
1771906542.256,1,1,1,633.70,706.80,1027.10,5,7758617
1771906542.256,1,2,1,806.60,590.50,1065.40,5,7758617
1771906542.256,1,3,1,981.90,414.30,1117.10,5,7758617
1771906542.256,1,4,1,489.70,804.20,833.20,5,7758617
1771906542.256,1,12,1,471.70,780.70,497.50,5,7758617
1771906542.256,1,13,1,641.10,712.40,467.60,5,7758617
1771906542.256,1,14,1,827.10,599.00,424.00,5,7758617
1771906542.256,1,15,1,1070.70,426.00,344.40,5,7758617
1771906542.462,8,7,1,-697.60,885.20,1064.60,5,5618
1771906542.462,8,8,1,19.40,946.10,1304.40,5,5618
1771906542.462,8,9,1,-224.60,968.50,1295.00,5,5618
1771906542.462,8,10,1,-459.40,954.60,1295.60,5,5618
1771906542.462,8,11,1,-688.20,904.50,1305.70,5,5618
1771906542.462,8,12,1,-9.90,917.40,1548.90,5,5618
1771906542.462,8,15,1,-660.00,876.60,1538.60,5,5618
1771906542.462,8,0,1,38.20,897.50,767.50,9,5618
1771906542.462,8,4,1,39.20,948.60,1043.90,5,5618
1771906542.462,8,5,1,-219.10,967.70,1047.10,5,5618
1771906542.462,8,6,1,-464.50,951.60,1052.20,5,5618
1771906542.462,8,7,1,-701.40,894.00,1061.70,5,5618
1771906542.462,8,8,1,28.50,968.30,1303.60,5,5618
1771906542.462,8,9,1,-222.90,981.40,1294.40,5,5618
1771906542.462,8,7,1,-699.50,889.60,1063.20,5,5618
1771906542.462,8,8,1,34.60,983.10,1303.10,5,5618
1771906542.462,8,2,1,-463.60,899.40,797.00,5,5618
1771906542.462,8,4,1,50.50,974.90,1035.30,5,5618
1771906542.462,8,1,1,-216.30,940.40,770.80,5,5618
1771906542.462,8,2,1,-464.60,906.10,792.70,5,5618
1771906542.462,8,3,1,-697.50,839.50,806.80,5,5618
1771906542.462,8,4,1,50.50,974.90,1035.30,5,5618
1771906542.462,8,5,1,-216.30,987.60,1040.90,5,5618
1771906542.462,8,6,1,-465.30,957.30,1050.40,5,5618
1771906542.462,8,7,1,-701.80,894.90,1061.40,5,5618
1771906542.462,8,8,1,42.20,1001.60,1302.50,5,5618
1771906542.462,8,9,1,1000.00,-219.40,1008.00,5,5618
1771906542.462,8,14,1,-454.10,956.00,1534.30,5,5618
1771906542.462,8,15,1,-665.00,889.30,1541.80,5,5618
1771906542.462,1,0,1,471.10,780.00,1000.70,5,7758749
1771906542.462,1,1,1,634.50,707.30,1027.50,5,7758749
1771906542.462,1,2,1,823.70,597.60,1073.10,5,7758749
1771906542.462,1,3,1,1050.60,423.40,1145.80,9,7758749
1771906542.462,1,4,1,490.30,805.00,833.40,5,7758749
1771906542.462,1,5,1,665.60,731.20,842.90,5,7758749
1771906542.462,1,6,1,835.30,602.40,853.90,5,7758749
1771906542.462,1,7,1,1133.70,434.30,886.40,5,7758749
1771906542.462,1,8,1,489.10,803.40,665.50,5,7758749
1771906542.462,1,9,1,659.30,726.40,656.80,5,7758749
1771906542.462,1,10,1,838.00,603.50,644.40,5,7758749
1771906542.462,1,11,1,1140.60,435.20,611.30,5,7758749
1771906542.462,1,12,1,471.10,780.00,497.90,5,7758749
1771906542.462,1,13,1,644.00,714.60,466.10,5,7758749
1771906542.462,1,14,1,814.30,593.70,429.80,9,7758749
1771906542.462,1,15,1,1046.00,422.80,354.80,5,7758749
1771906542.462,2,1,1,1262.00,411.40,1228.80,255,7758726
1771906542.462,2,2,1,749.10,176.80,1014.50,255,7758726
1771906542.462,2,3,1,2431.70,-699.50,1788.30,255,7758726
1771906542.462,2,1,1,1262.00,411.40,1228.80,255,7758726
1771906542.462,2,2,1,749.10,176.80,1014.50,255,7758726
1771906542.462,2,0,1,1217.90,717.50,1244.10,5,7758726
1771906542.462,2,1,1,1262.00,411.40,1228.80,255,7758726
1771906542.462,2,2,1,749.10,176.80,1014.50,255,7758726
1771906542.462,2,3,1,2431.70,-699.50,1788.30,255,7758726
1771906542.462,2,4,1,1340.80,768.40,924.10,5,7758726
1771906542.462,2,5,1,1217.20,405.50,895.80,255,7758726
1771906542.462,2,6,1,2978.70,-116.77,211.20,255,7758726
1771906542.463,1,1,1,630.80,704.50,1025.60,5,7758814
1771906542.463,1,2,1,807.50,590.80,1065.80,9,7758814
1771906542.463,1,3,1,1048.70,423.10,1145.00,5,7758814
1771906542.463,1,4,1,490.90,805.80,833.50,5,7758814
1771906542.463,1,15,1,1030.40,420.70,361.30,5,7758814
1771906542.463,3,0,1,1169.30,-697.30,276.30,5,7762215
1771906542.463,3,1,1,1605.50,-456.70,126.30,5,7762215
1771906542.463,3,2,1,1476.40,-81.00,180.20,255,7762215
1771906542.463,3,3,1,2220.00,611.90,-194.80,255,7762215
1771906542.463,3,4,1,1256.50,-733.50,586.50,5,7762215
1771906542.463,3,5,1,964.60,-372.30,636.40,255,7762215
1771906542.463,3,6,1,2787.00,91.50,394.40,255,7762215
1771906542.463,3,7,1,2144.10,580.40,460.10,255,7762215
1771906542.463,3,8,1,1230.00,-722.50,908.30,5,7762215
1771906542.463,3,9,1,2258.10,-542.60,1034.00,255,7762215
1771906542.463,3,10,1,2949.20,112.90,1125.70,255,7762215
1771906542.463,3,11,1,2385.00,680.20,1072.90,255,7762215
1771906542.463,3,12,1,1138.60,-684.60,1208.50,5,7762215
1771906542.463,3,0,1,1187.20,-704.80,268.30,9,7762215
1771906542.463,3,1,1,1328.00,-420.10,242.20,255,7762215
1771906542.463,3,2,1,1476.40,-81.00,180.20,255,7762215
1771906542.463,3,3,1,2220.00,611.90,-194.80,255,7762215
1771906542.463,3,4,1,1266.60,-737.60,585.10,5,7762215
1771906542.463,3,5,1,964.60,-372.30,636.40,255,7762215
1771906542.463,3,6,1,2787.00,91.50,394.40,255,7762215
1771906542.463,3,7,1,2144.10,580.40,460.10,255,7762215
1771906542.463,3,8,1,1233.60,-724.00,908.80,5,7762215
1771906542.463,3,9,1,2258.10,-542.60,1034.00,255,7762215
1771906542.463,3,10,1,2949.20,112.90,1125.70,255,7762215
1771906542.463,3,11,1,2385.00,680.20,1072.90,255,7762215
1771906542.463,3,12,1,1138.60,-684.60,1208.50,5,7762215
1771906542.463,3,13,1,2053.40,-515.60,1559.40,255,7762215
1771906542.463,3,14,1,2092.80,0.10,1575.90,255,7762215
1771906542.463,3,15,1,3248.50,1037.90,2154.50,255,7762215
1771906542.559,8,0,1,51.70,926.90,747.50,5,5730
1771906542.559,8,1,1,-217.80,929.50,777.70,5,5730
1771906542.559,8,2,1,-463.70,900.30,796.50,5,5730
1771906542.559,8,3,1,-694.30,832.50,811.60,5,5730
1771906542.559,8,4,1,55.10,985.50,1031.80,5,5730
1771906542.559,8,5,1,-216.10,989.50,1040.30,5,5730
1771906542.559,8,6,1,-465.80,961.10,1049.20,5,5730
1771906542.559,8,7,1,-702.60,896.70,1060.90,5,5730
1771906542.559,8,8,1,43.70,1005.30,1302.40,5,5730
1771906542.559,8,9,1,-219.60,1007.10,1293.30,5,5730
1771906542.559,8,10,1,-462.90,981.40,1294.40,5,5730
1771906542.559,8,11,1,-694.60,920.20,1305.20,5,5730
1771906542.559,8,12,1,12.40,974.60,1563.30,5,5730
1771906542.559,8,13,1,-228.70,980.20,1539.80,5,5730
1771906542.559,8,14,1,-454.60,959.80,1535.20,5,5730
1771906542.559,8,15,1,-666.40,892.90,1542.70,5,5730
1771906542.670,2,0,1,1251.20,731.30,1259.00,5,7758927
1771906542.670,2,10,1,4044.20,-257.00,227.50,255,7758927
1771906542.670,2,4,1,1389.30,788.50,931.00,5,7758927
1771906542.670,2,5,1,1217.20,405.50,895.80,255,7758927
1771906542.670,2,6,1,2978.70,-116.70,1129.70,255,7758927
1771906542.670,2,7,1,2630.50,-781.90,1107.90,255,7758927
1771906542.670,2,8,1,1377.40,783.60,569.30,5,7758927
1771906542.670,2,9,1,864.30,359.10,649.70,255,7758927
1771906542.670,2,10,1,4044.20,-257.00,227.50,255,7758927
1771906542.670,2,11,1,641.00,42.20,674.20,255,7758927
1771906542.671,6,0,1,-565.80,-195.80,1388.60,255,5899
1771906542.671,6,1,1,-590.40,-142.20,1381.40,5,5899
1771906542.671,6,2,1,-588.10,-84.10,1374.40,5,5899
1771906542.671,6,3,1,-586.50,-38.30,1373.30,5,5899
1771906542.671,6,4,1,-571.30,-209.60,1325.90,5,5899
1771906542.671,6,8,1,-601.00,-257.00,1242.00,255,5899
1771906542.671,6,9,1,-646.80,-189.30,1243.10,255,5899
1771906542.671,6,10,1,-703.60,-128.80,1237.10,5,5899
1771906542.671,6,11,1,-644.60,-39.00,1265.30,5,5899
1771906542.671,7,0,1,-433.70,177.90,1239.00,5,5927
1771906542.671,7,8,1,-550.60,999.10,1303.50,5,5927
1771906542.671,7,9,1,-489.20,194.20,1325.80,5,5927
1771906542.671,7,10,1,-526.00,165.00,1326.10,5,5927
1771906542.671,7,11,1,-555.90,131.10,1328.20,5,5927
1771906542.671,7,12,1,-561.90,957.90,1555.10,5,5927
1771906542.671,7,13,1,-838.40,1018.00,1574.00,5,5927
1771906542.671,7,14,1,-522.70,162.40,1371.80,5,5927
1771906542.671,7,0,1,-434.10,183.00,1235.80,5,5927
1771906542.671,7,1,1,-471.70,157.10,1243.50,5,5927
1771906542.671,7,2,1,-515.70,148.10,1234.40,5,5927
1771906542.671,7,3,1,-575.80,137.00,1214.80,5,5927
1771906542.671,7,4,1,-532.30,994.80,1040.40,5,5927
1771906542.671,7,5,1,-482.20,180.00,1281.10,5,5927
1771906542.671,7,6,1,-521.40,157.40,1281.10,5,5927
1771906542.671,7,7,1,-569.70,137.50,1277.10,5,5927
1771906542.671,7,8,1,-551.10,1003.10,1303.40,5,5927
1771906542.671,7,9,1,-490.40,197.00,1325.70,5,5927
1771906542.671,7,10,1,-526.60,165.80,1326.00,5,5927
1771906542.671,7,11,1,-559.10,133.60,1328.10,5,5927
1771906542.671,7,12,1,-563.50,968.40,1557.60,5,5927
1771906542.671,7,13,1,-497.00,209.70,1378.20,255,5927
1771906542.671,7,0,1,-431.20,151.60,1255.30,5,5927
1771906542.671,7,1,1,-462.00,132.80,1260.10,5,5927
1771906542.671,7,2,1,-488.60,113.60,1262.20,5,5927
1771906542.671,7,3,1,-527.90,102.90,1251.10,5,5927
1771906542.671,7,4,1,-435.10,162.40,1292.10,5,5927
1771906542.671,7,5,1,-466.00,140.20,1294.60,5,5927
1771906542.671,7,6,1,-491.60,118.90,1296.40,5,5927
1771906542.671,7,7,1,-518.20,99.20,1296.40,5,5927
1771906542.671,7,8,1,-437.40,161.10,1329.30,5,5927
1771906542.671,7,9,1,-467.00,140.70,1328.20,5,5927
1771906542.671,7,10,1,-490.80,119.00,1328.50,5,5927
1771906542.671,7,11,1,-513.20,98.10,1329.90,5,5927
1771906542.671,7,12,1,-439.10,156.30,1364.60,5,5927
1771906542.671,7,13,1,-467.00,138.70,1360.90,5,5927
1771906542.671,7,14,1,-488.60,117.30,1359.20,5,5927
1771906542.671,7,15,1,-508.70,97.20,1360.50,5,5927
1771906542.775,2,0,1,1202.60,711.10,1237.20,5,7759061
1771906542.775,2,1,1,1262.00,411.40,1228.80,255,7759061
1771906542.775,2,2,1,749.10,176.80,1014.50,255,7759061
1771906542.775,2,3,1,2433.40,-700.30,1789.10,10,7759061
1771906542.775,2,4,1,1326.10,762.30,922.00,5,7759061
1771906542.775,2,5,1,1217.20,405.50,895.80,255,7759061
1771906542.775,2,6,1,2978.70,-116.70,1129.70,255,7759061
1771906542.775,2,7,1,2630.50,-781.90,1107.90,255,7759061
1771906542.775,2,8,1,1387.50,787.70,567.90,5,7759061
1771906542.775,2,9,1,864.30,359.10,649.70,255,7759061
1771906542.775,2,10,1,4044.20,-257.00,227.50,255,7759061
1771906542.775,2,11,1,641.00,42.20,674.20,255,7759061
1771906542.775,2,12,1,1260.60,735.20,235.40,5,7759061
1771906542.775,2,13,1,1392.10,428.60,215.50,255,7759061
1771906542.775,2,14,1,1484.60,79.90,176.80,255,7759061
1771906542.775,2,15,1,1314.40,-236.70,211.20,255,7759061
1771906542.775,3,0,1,1166.70,-696.30,277.50,5,7762413
1771906542.775,3,1,1,1458.00,-437.30,187.90,255,7762413
1771906542.775,3,2,1,1476.40,-81.00,180.20,255,7762413
1771906542.775,3,3,1,2220.00,611.90,-194.80,255,7762413
1771906542.775,3,4,1,1262.00,-735.80,585.80,5,7762413
1771906542.775,3,5,1,964.60,-372.30,636.40,255,7762413
1771906542.775,3,6,1,2787.00,91.50,394.40,255,7762413
1771906542.775,3,7,1,2144.10,580.40,460.10,255,7762413
1771906542.775,3,8,1,1226.30,-721.00,907.80,5,7762413
1771906542.775,3,9,1,2258.10,-542.60,1034.00,255,7762413
1771906542.775,3,10,1,2949.20,112.90,1125.70,255,7762413
1771906542.775,3,11,1,2385.00,680.20,1072.90,255,7762413
1771906542.775,3,12,1,1094.20,-666.20,1188.60,5,7762413
1771906542.775,3,13,1,2067.20,-517.40,1565.20,10,7762413
1771906542.775,3,14,1,2092.80,0.10,1575.90,255,7762413
1771906542.775,3,15,1,3248.50,1037.90,2154.50,255,7762413
1771906542.873,1,12,1,472.80,782.20,496.70,5,7759144
1771906542.873,1,15,1,1032.20,421.00,360.50,5,7759144
1771906542.873,2,0,1,1239.30,726.30,1253.70,5,7759128
1771906542.873,2,1,1,1262.00,411.40,1228.80,255,7759128
1771906542.873,2,2,1,749.10,176.80,1014.50,255,7759128
1771906542.873,2,3,1,2433.40,-700.30,1789.10,255,7759128
1771906542.873,2,4,1,1339.00,767.60,923.80,9,7759128
1771906542.873,2,5,1,1217.20,405.50,895.80,255,7759128
1771906542.873,2,6,1,2978.70,-116.70,1129.70,255,7759128
1771906542.873,2,7,1,2751.40,-832.00,1125.10,10,7759128
1771906542.873,2,8,1,1404.00,794.60,565.50,5,7759128
1771906542.873,2,9,1,864.30,359.10,649.70,255,7759128
1771906542.873,2,10,1,4044.20,-257.00,227.50,255,7759128
1771906542.873,2,11,1,641.00,42.20,674.20,255,7759128
1771906542.873,2,12,1,1255.50,733.10,237.70,5,7759128
1771906542.873,2,13,1,1392.10,428.60,215.50,255,7759128
1771906542.873,2,14,1,1484.60,79.90,176.80,255,7759128
1771906542.873,2,15,1,1314.40,-236.70,211.20,255,7759128
1771906542.994,3,0,1,1151.40,-689.90,284.30,5,7762545
1771906542.994,3,1,1,1481.90,-440.40,178.00,255,7762545
1771906542.994,3,2,1,1476.40,-81.00,180.20,255,7762545
1771906542.994,3,3,1,2220.00,611.90,-194.80,255,7762545
1771906542.994,3,4,1,1247.40,-729.70,587.80,9,7762545
1771906542.994,3,5,1,964.60,-372.30,636.40,255,7762545
1771906542.994,3,6,1,2787.00,91.50,394.40,255,7762545
1771906542.994,3,7,1,2144.10,580.40,460.10,255,7762545
1771906542.994,3,8,1,1223.50,-719.80,907.40,5,7762545
1771906542.994,3,9,1,2258.10,-542.60,1034.00,255,7762545
1771906542.994,3,10,1,2949.20,112.90,1125.70,255,7762545
1771906542.994,3,11,1,2385.00,680.20,1072.90,255,7762545
1771906542.994,3,12,1,1097.60,-667.60,1190.20,5,7762545
1771906542.994,3,13,1,2067.20,-517.40,1565.20,255,7762545
1771906542.994,3,14,1,2092.80,0.10,1575.90,255,7762545
1771906542.994,3,15,1,3248.50,1037.90,2154.50,255,7762545
1771906542.994,6,5,1,-3366.90,-2269.90,1176.90,5,6124
1771906542.994,6,6,1,-726.30,-140.30,1319.50,255,6124
1771906542.994,6,7,1,-676.60,-47.50,1325.60,5,6124
1771906542.994,6,8,1,-618.10,-280.10,1233.40,255,6124
1771906542.994,6,13,1,-630.70,-179.30,1162.50,255,6124
1771906542.994,6,14,1,-641.00,-101.40,1181.80,255,6124
1771906542.994,6,15,1,-636.00,-33.40,1199.10,5,6124
1771906542.995,7,0,1,-430.90,149.10,1256.80,5,6152
1771906542.995,7,1,1,-462.70,134.40,1259.00,5,6152
1771906542.995,7,2,1,-501.10,129.50,1249.40,5,6152
1771906542.995,7,3,1,-570.90,133.50,1218.50,5,6152
1771906542.995,7,4,1,-435.10,162.40,1292.10,5,6152
1771906542.995,7,5,1,-468.90,147.30,1292.20,5,6152
1771906542.995,7,6,1,-501.00,131.00,1291.60,5,6152
1771906542.995,7,7,1,-597.30,158.10,1266.80,5,6152
1771906542.995,7,8,1,-438.00,165.10,1329.20,5,6152
1771906542.995,7,9,1,-470.10,148.10,1327.90,5,6152
1771906542.995,7,10,1,-499.90,130.90,1327.90,5,6152
1771906542.995,7,11,1,-560.70,134.80,1328.00,5,6152
1771906542.995,7,12,1,-439.70,160.10,1365.50,5,6152
1771906542.995,7,13,1,-469.60,145.00,1362.50,5,6152
1771906542.995,7,14,1,-496.20,127.40,1362.00,5,6152
1771906542.995,7,15,1,-536.10,119.10,1368.70,5,6152
1771906543.102,1,0,1,470.00,778.50,1000.00,5,7759345
1771906543.102,1,1,1,632.30,705.60,1026.40,5,7759345
1771906543.102,1,2,1,815.20,594.00,1069.20,5,7759345
1771906543.102,1,3,1,1019.40,419.30,1132.70,9,7759345
1771906543.102,1,4,1,492.10,807.40,833.80,5,7759345
1771906543.102,1,5,1,659.30,726.40,841.80,5,7759345
1771906543.102,1,6,1,831.60,600.80,853.30,5,7759345
1771906543.102,1,7,1,1115.00,431.90,883.90,5,7759345
1771906543.102,1,8,1,489.10,803.40,665.50,5,7759345
1771906543.102,1,9,1,661.60,728.20,656.40,5,7759345
1771906543.102,1,10,1,836.20,602.70,644.60,5,7759345
1771906543.102,1,11,1,1160.30,437.80,608.70,5,7759345
1771906543.102,1,12,1,471.10,780.00,497.90,5,7759345
1771906543.102,1,13,1,641.80,713.00,467.30,5,7759345
1771906543.102,1,14,1,821.10,596.50,426.70,5,7759345
1771906543.102,1,1,1,635.20,707.90,1027.90,5,7759345
1771906543.102,1,2,1,815.20,594.00,1069.20,9,7759345
1771906543.102,1,3,1,1081.70,427.50,1158.80,5,7759345
1771906543.102,1,4,1,487.90,801.90,832.80,5,7759345
1771906543.102,1,5,1,661.60,728.20,842.20,5,7759345
1771906543.102,1,6,1,825.20,598.20,852.40,5,7759345
1771906543.102,1,7,1,1135.70,434.60,886.60,5,7759345
1771906543.102,1,8,1,489.70,804.20,665.40,5,7759345
1771906543.102,1,9,1,661.60,728.20,656.40,5,7759345
1771906543.102,1,10,1,842.60,605.40,643.70,5,7759345
1771906543.102,1,11,1,1083.60,427.70,618.90,9,7759345
1771906543.102,1,12,1,471.10,780.00,497.90,5,7759345
1771906543.102,1,13,1,638.10,710.10,469.20,5,7759345
1771906543.102,1,14,1,816.90,594.70,428.60,5,7759345
1771906543.102,1,15,1,1089.00,428.40,336.80,5,7759345
1771906543.209,3,11,1,2385.00,680.20,1072.90,255,7762743
1771906543.209,3,12,1,1081.40,-660.90,1182.90,5,7762743
1771906543.209,3,0,1,1163.30,-694.90,279.00,9,7762743
1771906543.209,3,1,1,1386.60,-427.90,217.80,10,7762743
1771906543.209,3,2,1,1476.40,-81.00,180.20,255,7762743
1771906543.209,3,3,1,2220.00,611.90,-194.80,255,7762743
1771906543.209,3,4,1,1218.10,-717.50,592.00,5,7762743
1771906543.209,3,5,1,964.60,-372.30,636.40,255,7762743
1771906543.209,3,6,1,2787.00,91.50,394.40,255,7762743
1771906543.209,3,7,1,2144.10,580.40,460.10,255,7762743
1771906543.209,3,8,1,1206.10,-712.60,904.90,5,7762743
1771906543.209,3,9,1,2258.10,-542.60,1034.00,255,7762743
1771906543.209,3,10,1,2949.20,112.90,1125.70,255,7762743
1771906543.209,3,11,1,2385.00,680.20,1072.90,255,7762743
1771906543.209,3,12,1,1136.90,-683.90,1207.80,5,7762743
1771906543.209,3,13,1,1894.00,-494.70,1492.90,255,7762743
1771906543.209,3,14,1,2092.80,0.10,1575.90,255,7762743
1771906543.209,3,15,1,3248.50,1037.90,2154.50,255,7762743
1771906543.209,1,1,1,635.20,707.90,1027.90,5,7759479
1771906543.209,1,2,1,818.60,595.40,1070.80,5,7759479
1771906543.209,1,3,1,1055.10,424.00,1147.70,5,7759479
1771906543.209,1,4,1,490.30,805.00,833.40,5,7759479
1771906543.209,1,5,1,662.40,728.80,842.40,5,7759479
1771906543.209,1,6,1,836.20,602.70,854.00,5,7759479
1771906543.209,1,7,1,1143.50,435.60,887.70,5,7759479
1771906543.209,1,8,1,489.70,804.20,665.40,5,7759479
1771906543.209,1,12,1,471.10,780.00,497.90,5,7759479
1771906543.209,1,13,1,637.40,709.60,469.60,5,7759479
1771906543.209,1,14,1,825.40,598.30,424.80,5,7759479
1771906543.209,1,15,1,1055.10,424.00,350.90,5,7759479
1771906543.311,3,15,1,3248.50,1037.90,2154.50,255,7762875
1771906543.311,1,15,1,1038.60,421.80,357.80,5,7759548
1771906543.311,3,0,1,1174.40,-699.50,274.00,9,7762941
1771906543.311,3,1,1,1432.40,-433.90,198.60,255,7762941
1771906543.311,3,2,1,1476.40,-81.00,180.20,255,7762941
1771906543.311,3,3,1,1438.20,129000.00,1125.70,255,7762941
1771906543.311,3,11,1,1000.00,20680.20,1072.90,255,7762941
1771906543.311,3,12,1,1106.10,-671.20,1194.00,5,7762941
1771906543.311,3,13,1,1894.00,-494.70,1492.90,255,7762941
1771906543.311,3,14,1,2092.80,0.10,1575.90,255,7762941
1771906543.311,3,15,1,3248.50,1037.90,2154.50,255,7762941
1771906543.311,1,15,1,1041.40,422.20,356.70,5,7759666
1771906543.311,2,10,1,4044.20,-257.00,227.50,255,7759682
1771906543.311,2,0,1,1231.60,723.20,1250.20,5,7759682
1771906543.311,2,1,1,1262.00,411.40,1228.80,255,7759682
1771906543.311,2,10,1,4044.20,-257.00,227.50,255,7759682
1771906543.311,2,11,1,641.00,42.20,674.20,255,7759682
1771906543.311,2,12,1,1251.20,731.30,239.60,5,7759682
1771906543.311,2,13,1,1534.10,447.30,156.10,255,7759682
1771906543.311,2,14,1,1398.50,91.30,212.80,255,7759682
1771906543.311,2,0,1,1224.80,720.30,1247.20,5,7759682
1771906543.311,2,1,1,1262.00,411.40,1228.80,255,7759682
1771906543.311,2,2,1,749.10,176.80,1014.50,255,7759682
1771906543.311,2,3,1,2433.40,-700.30,1789.10,255,7759682
1771906543.311,2,4,1,1359.10,776.00,926.70,5,7759682
1771906543.311,2,5,1,1217.20,405.50,895.80,255,7759682
1771906543.311,2,6,1,2978.70,-116.70,1129.70,255,7759682
1771906543.311,2,12,1,1309.30,755.30,213.50,5,7759682
1771906543.311,2,13,1,1534.10,447.30,156.10,255,7759682
1771906543.311,2,14,1,1398.50,91.30,212.80,255,7759682
1771906543.311,2,15,1,1392.90,-269.30,176.00,255,7759682
1771906543.422,8,9,1,-219.30,1009.10,1293.30,5,6629
1771906543.422,8,10,1,-462.70,980.40,1294.50,5,6629
1771906543.422,8,11,1,-693.10,916.50,1305.30,5,6629
1771906543.422,8,12,1,13.50,977.30,1564.00,5,6629
1771906543.422,8,2,1,-464.30,904.50,793.80,5,6629
1771906543.422,8,2,1,-377.80,304.50,1178.60,5,6629
1771906543.422,8,3,1,-414.30,219.40,1227.40,5,6629
1771906543.422,8,4,1,50.50,974.90,1035.30,5,6629
1771906543.422,8,5,1,-217.60,978.10,1043.80,5,6629
1771906543.422,8,6,1,-385.90,376.90,1234.20,5,6629
1771906543.422,8,7,1,-423.70,250.30,1272.20,5,6629
1771906543.422,8,8,1,43.30,1004.40,1302.40,5,6629
1771906543.422,8,9,1,-220.00,1004.20,1293.50,5,6629
1771906543.422,8,10,1,-462.20,976.40,1294.60,5,6629
1771906543.422,8,11,1,-419.50,249.80,1327.30,5,6629
1771906543.422,8,12,1,13.10,976.40,1563.80,5,6629
1771906543.422,8,13,1,-228.70,980.20,1539.80,5,6629
1771906543.422,8,14,1,-454.20,956.90,1534.50,5,6629
1771906543.422,8,15,1,-425.30,274.30,1386.80,5,6629
1771906543.422,1,15,1,1040.50,422.10,357.00,5,7759863
1771906543.422,2,0,1,1225.60,720.70,1247.60,5,7759879
1771906543.422,2,1,1,1262.00,411.40,1228.80,255,7759879
1771906543.422,2,2,1,749.10,176.80,1014.50,255,7759879
1771906543.422,2,3,1,2500.80,-728.20,1819.30,255,7759879
1771906543.422,2,4,1,1352.70,773.30,925.80,5,7759879
1771906543.422,2,12,1,1252.10,731.60,239.20,5,7759879
1771906543.422,2,13,1,1534.10,447.30,156.10,255,7759879
1771906543.422,2,14,1,1398.50,91.30,212.80,255,7759879
1771906543.422,2,15,1,1392.90,-269.30,176.00,255,7759879
1771906543.422,4,6,1,1218.20,-761.00,590.20,9,7763256
1771906543.422,4,7,1,1129.80,-433.80,612.80,5,7763256
1771906543.422,4,8,1,1009.30,-1481.40,945.60,5,7763256
1771906543.422,4,9,1,1412.80,-1304.60,966.90,5,7763256
1771906543.422,4,0,1,921.60,-1367.10,191.30,9,7763256
1771906543.422,4,1,1,1213.50,-1151.60,168.80,10,7763256
1771906543.422,4,14,1,1116.50,-718.80,1204.30,5,7763256
1771906543.422,4,7,1,1127.80,-433.60,613.00,5,7763256
1771906543.422,4,8,1,1013.60,-1487.00,946.50,5,7763256
1771906543.422,4,1,1,1311.00,-1226.40,117.90,5,7763256
1771906543.422,4,2,1,1132.70,-725.50,287.00,5,7763256
1771906543.422,4,3,1,1082.60,-566.00,965.10,5,7763256
1771906543.422,4,10,1,1208.10,-756.80,907.00,5,7763256
1771906543.422,4,11,1,1089.50,-428.50,880.50,5,7763256
1771906543.422,4,14,1,1107.90,-715.30,1200.50,5,7763256
1771906543.422,4,15,1,1037.70,-421.70,1140.40,5,7763256
1771906543.533,1,15,1,1033.10,421.10,360.10,9,7760060
1771906543.533,2,4,1,1330.70,764.20,922.60,5,7760076
1771906543.533,2,5,1,1217.20,405.50,895.80,255,7760076
1771906543.533,2,0,1,1235.90,724.90,1252.10,5,7760076
1771906543.533,2,1,1,1262.00,411.40,1228.80,255,7760076
1771906543.533,2,2,1,749.10,176.80,1014.50,255,7760076
1771906543.533,2,3,1,2500.80,-728.20,1819.30,255,7760076
1771906543.533,2,12,1,1252.10,731.60,239.20,5,7760076
1771906543.533,2,13,1,1534.10,447.30,156.10,255,7760076
1771906543.533,2,14,1,1546.90,71.70,150.80,255,7760076
1771906543.533,2,15,1,1370.70,-260.10,186.00,255,7760076
1771906543.644,7,0,1,-430.70,147.40,1257.90,5,7051
1771906543.644,7,1,1,-463.60,136.70,1257.40,5,7051
1771906543.644,7,2,1,-506.30,136.20,1244.00,5,7051
1771906543.644,7,3,1,-577.90,138.40,1213.30,5,7051
1771906543.644,7,4,1,-435.20,163.30,1291.80,5,7051
1771906543.644,7,5,1,-470.70,151.70,1290.70,5,7051
1771906543.644,7,8,1,-436.90,157.10,1329.40,5,7051
1771906543.644,7,9,1,-468.90,145.30,1328.00,5,7051
1771906543.644,7,10,1,-498.70,129.30,1328.00,5,7051
1771906543.644,7,11,1,-529.80,111.00,1329.20,5,7051
1771906543.644,7,12,1,-438.80,154.30,1364.10,5,7051
1771906543.644,7,13,1,-470.80,147.70,1363.10,5,7051
1771906543.644,7,14,1,-499.20,131.30,1363.10,5,7051
1771906543.644,7,15,1,-526.20,111.20,1365.70,5,7051
1771906543.644,4,0,1,983.50,-1447.70,149.30,5,7763660
1771906543.644,4,1,1,1324.90,-1237.10,110.60,5,7763660
1771906543.644,4,2,1,1119.90,-720.20,292.80,5,7763660
1771906543.644,4,3,1,1085.40,-428.00,338.30,5,7763660
1771906543.644,4,4,1,1040.10,-1521.60,546.30,5,7763660
1771906543.644,4,7,1,1120.90,-432.60,613.90,5,7763660
1771906543.644,4,8,1,1021.40,-1497.20,948.20,5,7763660
1771906543.644,4,9,1,1421.50,-1311.20,968.30,5,7763660
1771906543.644,4,10,1,1223.70,-763.20,909.20,5,7763660
1771906543.644,4,11,1,1098.30,-429.70,881.70,5,7763660
1771906543.644,4,12,1,958.20,-1414.80,1332.10,5,7763660
1771906543.644,4,13,1,1311.00,-1226.40,1380.70,5,7763660
1771906543.644,4,14,1,1129.30,-724.10,1210.10,5,7763660
1771906543.644,4,15,1,1024.00,-419.90,1134.70,5,7763660
1771906543.645,1,0,1,472.20,781.50,1001.50,5,7760387
1771906543.645,1,1,1,633.70,706.80,1027.10,5,7760387
1771906543.645,1,2,1,816.90,594.70,1070.00,5,7760387
1771906543.645,1,3,1,1071.60,426.20,1154.60,5,7760387
1771906543.645,1,4,1,489.10,803.40,833.10,5,7760387
1771906543.645,1,5,1,662.40,728.80,842.40,5,7760387
1771906543.645,1,6,1,828.90,599.70,852.90,5,7760387
1771906543.645,1,7,1,1138.60,435.00,887.00,5,7760387
1771906543.645,1,8,1,492.10,807.40,664.80,5,7760387
1771906543.645,1,9,1,667.10,732.40,655.50,5,7760387
1771906543.645,1,10,1,839.00,603.90,644.20,5,7760387
1771906543.645,1,1,1,638.90,710.70,1029.80,5,7760387
1771906543.645,1,2,1,813.50,593.30,1068.50,9,7760387
1771906543.645,1,3,1,1095.40,429.30,1164.50,5,7760387
1771906543.645,1,4,1,490.30,805.00,833.40,5,7760387
1771906543.645,1,5,1,664.00,730.00,842.60,5,7760387
1771906543.645,1,12,1,473.40,782.90,496.30,5,7760387
1771906543.645,1,13,1,643.30,714.10,466.50,5,7760387
1771906543.645,1,14,1,817.70,595.10,428.20,9,7760387
1771906543.645,1,15,1,1055.10,424.00,350.90,5,7760387
1771906543.740,2,11,1,641.00,42.20,674.20,255,7760472
1771906543.740,2,12,1,1255.50,733.10,237.70,5,7760472
1771906543.740,2,13,1,1630.20,459.90,116.00,10,7760472
1771906543.740,2,7,1,2669.00,-797.80,1113.30,10,7760472
1771906543.740,2,8,1,1333.50,765.30,575.60,5,7760472
1771906543.740,2,9,1,864.30,359.10,649.70,255,7760472
1771906543.740,2,15,1,1405.70,-274.60,170.30,255,7760472
1771906543.837,4,0,1,1000.00,0.00,76.20,5,7763861
1771906543.837,4,2,1,1171.10,-741.50,269.80,5,7763861
1771906543.837,4,3,1,1089.90,-428.60,336.40,5,7763861
1771906543.837,4,4,1,1037.10,-1517.60,547.00,5,7763861
1771906543.837,4,5,1,1469.40,-1348.00,522.30,5,7763861
1771906543.837,4,6,1,1224.60,-763.60,589.30,5,7763861
1771906543.837,4,7,1,1119.00,-432.40,614.20,5,7763861
1771906543.837,4,8,1,1016.00,-1490.10,947.00,5,7763861
1771906543.837,4,9,1,1419.90,-1310.00,968.10,5,7763861
1771906543.837,4,10,1,1277.70,-785.60,916.90,5,7763861
1771906543.837,4,11,1,1104.20,-430.40,882.40,5,7763861
1771906543.837,4,12,1,955.90,-1411.80,1330.60,5,7763861
1771906543.837,4,13,1,1325.60,-1237.70,1388.40,5,7763861
1771906543.837,4,14,1,1143.80,-730.10,1216.60,5,7763861
1771906543.837,4,15,1,1029.50,-420.60,1137.00,5,7763861
1771906543.943,6,8,1,-641.00,-310.80,1221.90,255,7360
1771906543.943,6,9,1,-664.90,-203.30,1236.00,255,7360
1771906543.943,6,10,1,-710.60,-131.70,1234.80,255,7360
1771906543.943,6,0,1,-643.10,-292.30,1417.60,255,7360
1771906543.943,6,1,1,-3282.30,-2177.90,2134.60,255,7360
1771906543.943,6,2,1,-3540.60,-1331.40,2089.70,5,7360
1771906543.943,6,3,1,-750.10,-63.40,1412.20,255,7360
1771906543.943,6,0,1,-599.90,-238.30,1401.40,255,7360
1771906543.943,6,1,1,-639.40,-179.30,1395.10,255,7360
1771906543.943,6,2,1,-667.20,-117.50,1393.60,255,7360
1771906543.943,6,3,1,-569.20,-35.70,1369.20,5,7360
1771906543.943,6,4,1,-613.40,-264.20,1323.80,255,7360
1771906543.943,6,5,1,-3383.50,-2282.60,1176.00,5,7360
1771906543.943,6,6,1,-679.30,-120.80,1321.60,5,7360
1771906543.943,6,7,1,-576.60,-34.00,1328.60,5,7360
1771906543.943,6,8,1,-586.10,-237.00,1249.50,255,7360
1771906543.943,6,9,1,-638.50,-182.90,1246.40,255,7360
1771906543.943,6,10,1,-692.10,-124.10,1241.00,5,7360
1771906543.943,6,11,1,-599.80,-33.80,1278.90,5,7360
1771906543.943,6,12,1,-555.30,-204.00,1188.60,255,7360
1771906543.943,6,13,1,-603.50,-157.90,1184.50,255,7360
1771906543.943,6,14,1,-632.30,-97.90,1187.70,5,7360
1771906543.943,6,15,1,-574.10,-27.50,1237.40,5,7360
1771906544.039,2,15,1,1405.70,-274.60,170.30,255,7760606
1771906544.142,5,0,1,263.00,11742.80,1278.10,5,7556
1771906544.142,5,5,1,-102.20,-1906.20,1255.10,5,7556
1771906544.142,5,6,1,-594.10,-1986.40,1251.70,5,7556
1771906544.142,5,7,1,-1162.40,-2060.90,1267.60,5,7556
1771906544.142,5,8,1,368.10,-1711.50,794.50,5,7556
1771906544.142,5,9,1,-94.20,-1880.50,758.40,5,7556
1771906544.142,5,10,1,-598.90,-1933.40,741.60,5,7556
1771906544.142,5,11,1,-1175.30,-1992.90,702.50,255,7556
1771906544.142,5,12,1,370.20,-1624.90,274.40,5,7556
1771906544.142,5,5,1,-100.60,-1918.10,1254.60,5,7556
1771906544.142,5,0,1,296.70,-1704.30,1747.10,5,7556
1771906544.142,5,1,1,-119.10,-1861.10,1737.80,5,7556
1771906544.142,5,2,1,-574.20,-1921.10,1751.30,5,7556
1771906544.142,5,3,1,-1076.90,-1946.50,1808.20,5,7556
1771906544.142,5,14,1,-602.80,-1864.20,178.60,5,7556
1771906544.142,5,15,716,652.30,-107.90,1254.50,5,7556
1771906544.142,5,3,1,-1105.20,-2019.10,1826.50,5,7556
1771906544.142,5,4,1,337.00,-1720.60,1278.80,5,7556
1771906544.142,5,5,1,-99.60,-1926.00,1254.30,5,7556
1771906544.142,5,6,1,-593.00,-1978.50,1252.00,5,7556
1771906544.142,5,7,1,-1137.80,-2000.80,1269.60,255,7556
1771906544.142,5,8,1,371.90,-1720.30,791.70,5,7556
1771906544.142,5,9,1,-91.20,-1902.20,751.50,5,7556
1771906544.142,5,10,1,-597.40,-1923.00,744.90,5,7556
1771906544.142,5,11,1,-1176.10,-1994.60,701.90,10,7556
1771906544.253,2,7,1,1000.00,2763.30,-750649.70,255,7760808
1771906544.253,2,10,1,4044.20,-257.00,227.50,255,7760808
1771906544.253,2,11,1,2586.50,-763.70,397.00,255,7760808
1771906544.253,2,12,1,1255.50,733.10,237.70,5,7760808
1771906544.253,2,13,1,1465.40,438.20,184.80,10,7760808
1771906544.253,2,14,1,1529.50,74.00,158.10,10,7760808
1771906544.253,2,15,1,1397.20,-271.00,174.10,5,7760808
1771906544.253,7,0,1,1000.00,-429.50,134.00,5,7837
1771906544.253,7,7,1,-506.70,90.60,1300.70,5,7837
1771906544.253,7,8,1,-443.30,204.70,1328.00,5,7837
1771906544.253,7,9,1,-467.40,141.70,1328.20,5,7837
1771906544.253,7,10,1,-485.30,111.90,1328.90,5,7837
1771906544.253,7,11,1,-502.10,89.60,1330.30,5,7837
1771906544.253,7,12,1,-443.90,187.10,1371.90,5,7837
1771906544.253,7,13,1,-468.90,143.20,1362.00,5,7837
1771906544.253,7,14,1,-484.40,111.80,1357.70,5,7837
1771906544.253,7,15,1,-499.60,89.90,1357.70,5,7837
1771906544.253,1,1,1,632.30,705.60,1026.40,5,7760977
1771906544.253,1,2,1,816.90,594.70,1070.00,5,7760977
1771906544.253,1,1,1,635.20,707.90,1027.90,5,7760977
1771906544.253,1,2,1,816.00,594.40,1069.60,9,7760977
1771906544.253,1,3,1,1054.20,423.90,1147.30,5,7760977
1771906544.253,1,4,1,487.90,801.90,832.80,5,7760977
1771906544.253,1,5,1,666.40,731.80,843.00,5,7760977
1771906544.253,1,6,1,836.20,602.70,854.00,5,7760977
1771906544.253,1,7,1,1142.60,435.50,887.50,5,7760977
1771906544.253,1,8,1,490.90,805.80,200.90,255,7760977
1771906544.253,1,1,1,636.70,709.00,1028.70,5,7760977
1771906544.253,1,2,1,812.60,593.00,1068.10,5,7760977
1771906544.253,1,3,1,984.60,414.70,1118.20,5,7760977
1771906544.253,1,4,1,489.10,803.40,833.10,5,7760977
1771906544.253,1,5,1,660.10,727.00,842.00,5,7760977
1771906544.253,1,6,1,832.50,601.20,853.50,5,7760977
1771906544.253,1,7,1,1118.00,432.30,884.30,5,7760977
1771906544.253,1,8,1,493.90,809.70,664.50,5,7760977
1771906544.253,1,9,1,660.80,727.60,656.50,5,7760977
1771906544.253,1,10,1,842.60,605.40,643.70,5,7760977
1771906544.253,1,15,1,1076.20,426.80,342.10,5,7760977
1771906544.454,4,5,1,1426.20,-1314.80,529.50,5,7764537
1771906544.454,4,6,1,1242.00,-770.80,586.80,5,7764537
1771906544.454,4,7,1,1136.70,-434.70,611.90,5,7764537
1771906544.454,4,8,1,1017.20,-1491.70,947.30,5,7764537
1771906544.454,4,9,1,1398.60,-1293.70,964.50,5,7764537
1771906544.454,4,10,1,1247.50,-773.10,912.60,5,7764537
1771906544.454,4,11,1,1110.10,-431.20,883.20,5,7764537
1771906544.454,4,5,1,1468.70,-1347.40,522.40,5,7764537
1771906544.454,4,6,1,1252.10,-775.00,585.40,5,7764537
1771906544.454,4,7,1,1114.10,-431.70,614.90,5,7764537
1771906544.454,4,8,1,1008.70,-1480.70,945.50,5,7764537
1771906544.454,4,9,1,1403.40,-1297.30,965.30,5,7764537
1771906544.454,4,15,1,1028.60,-420.50,1136.60,5,7764537
1771906544.557,6,12,1,-548.90,-195.00,1195.40,255,8034
1771906544.557,6,13,1,-592.90,-149.50,1193.10,5,8034
1771906544.557,6,0,1,-1387.60,-1221.40,1697.30,4,8034
1771906544.557,6,1,1,-602.00,-151.00,1384.70,255,8034
1771906544.557,6,2,1,-569.20,-76.10,1369.90,5,8034
1771906544.557,6,3,1,-533.60,-30.20,1360.70,5,8034
1771906544.557,6,4,1,-574.90,-214.40,1325.70,255,8034
1771906544.557,6,5,1,-603.10,-153.60,1323.70,5,8034
1771906544.557,6,0,1,-530.50,-151.70,1375.30,5,8034
1771906544.557,6,1,1,-528.10,-95.10,1364.00,5,8034
1771906544.557,6,2,1,-535.10,-61.70,1361.60,5,8034
1771906544.557,6,3,1,-525.90,-29.10,1358.90,5,8034
1771906544.557,6,4,1,-527.90,-153.50,1328.10,5,8034
1771906544.557,6,5,1,-525.40,-94.10,1327.90,5,8034
1771906544.557,6,6,1,-535.40,-61.00,1328.20,5,8034
1771906544.557,6,7,1,-527.10,-27.30,1330.20,5,8034
1771906544.557,6,8,1,-535.80,-169.40,1274.80,5,8034
1771906544.557,6,9,1,-526.20,-95.70,1291.00,5,8034
1771906544.557,6,10,1,-534.80,-59.90,1294.30,5,8034
1771906544.557,6,11,1,-525.60,-25.10,1301.30,5,8034
1771906544.557,6,12,1,-529.70,-168.00,1215.90,5,8034
1771906544.557,6,13,1,-548.50,-114.50,1229.00,5,8034
1771906544.557,6,14,1,-535.90,-59.40,1253.60,5,8034
1771906544.557,6,15,1,-529.20,-23.20,1265.20,5,8034
1771906544.557,7,0,1,-434.30,184.70,1234.80,5,8062
1771906544.557,7,1,1,-475.80,167.30,1236.50,5,8062
1771906544.557,7,2,1,-494.80,121.60,1255.80,5,8062
1771906544.557,7,3,1,-500.90,83.60,1271.50,5,8062
1771906544.557,7,4,1,-438.90,194.70,1282.30,5,8062
1771906544.557,7,5,1,-475.70,164.10,1286.50,5,8062
1771906544.557,7,6,1,-486.30,112.10,1299.10,5,8062
1771906544.557,7,7,1,-495.20,82.00,1305.00,5,8062
1771906544.557,7,8,1,-442.20,196.80,1328.20,5,8062
1771906544.557,7,9,1,-470.80,150.00,1327.80,5,8062
1771906544.557,7,10,1,-485.30,111.90,1328.90,5,8062
1771906544.557,7,11,1,-494.20,83.50,1330.60,5,8062
1771906544.557,7,12,1,-443.30,183.20,1371.00,5,8062
1771906544.557,7,13,1,-468.90,143.20,1362.00,5,8062
1771906544.557,7,14,1,-483.30,110.30,1357.20,5,8062
1771906544.557,7,15,1,-494.30,85.70,1356.10,5,8062
1771906544.667,2,1,1,2440.00,566.50,1720.90,255,7761279
1771906544.667,2,2,1,749.10,176.80,1014.50,255,7761279
1771906544.667,2,13,1,1433.30,434.00,198.20,5,7761279
1771906544.667,2,14,1,1491.00,79.10,174.10,5,7761279
1771906544.667,2,0,1,1214.50,716.10,1242.60,5,7761279
1771906544.667,2,1,1,2440.00,566.50,1720.90,255,7761279
1771906544.667,2,2,1,749.10,176.80,1014.50,255,7761279
1771906544.667,2,3,1,2500.80,-728.20,1819.30,255,7761279
1771906544.667,2,4,1,1328.90,763.40,922.40,5,7761279
1771906544.667,2,1,1,2440.00,566.50,1720.90,255,7761279
1771906544.667,2,2,1,749.10,176.80,1014.50,255,7761279
1771906544.667,2,3,1,2500.80,-728.20,1819.30,255,7761279
1771906544.667,2,4,1,1328.00,763.10,922.20,5,7761279
1771906544.667,2,5,1,1217.20,405.50,895.80,255,7761279
1771906544.667,2,6,1,2978.70,-116.70,1129.70,255,7761279
1771906544.667,2,7,1,2668.00,-797.40,1113.20,10,7761279
1771906544.667,2,8,1,1352.70,773.30,572.80,5,7761279
1771906544.667,2,9,1,864.30,359.10,649.70,255,7761279
1771906544.667,2,10,1,4044.20,-257.00,227.50,255,7761279
1771906544.667,2,11,1,2586.50,-763.70,397.00,255,7761279
1771906544.667,2,12,1,1252.90,732.00,238.80,5,7761279
1771906544.667,2,13,1,1472.70,439.20,181.80,255,7761279
1771906544.667,2,13,1,1611.90,457.50,123.60,3,7761279
1771906544.667,2,14,1,1504.80,77.30,168.40,10,7761279
1771906544.667,2,15,1,1397.20,-271.00,174.10,255,7761279
1771906544.668,3,0,1,1140.30,-685.30,289.30,5,7764654
1771906544.668,3,1,1,1432.40,-433.90,198.60,255,7764654
1771906544.668,3,0,1,1148.00,-688.50,285.90,5,7764654
1771906544.668,3,1,1,1241.00,-408.70,278.60,255,7764654
1771906544.668,3,1,1,1241.00,-408.70,278.60,255,7764654
1771906544.668,3,2,1,1544.10,-72.10,151.90,255,7764654
1771906544.668,3,3,1,1438.20,288.00,155.80,255,7764654
1771906544.668,3,4,1,1252.90,-732.00,587.10,5,7764654
1771906544.668,3,5,1,964.60,-372.30,636.40,255,7764654
1771906544.668,3,6,1,2787.00,91.50,394.40,255,7764654
1771906544.668,3,7,1,2144.10,580.40,460.10,255,7764654
1771906544.668,3,8,1,1226.30,-721.00,907.80,5,7764654
1771906544.668,3,9,1,2258.10,-542.60,1034.00,255,7764654
1771906544.668,3,10,1,2949.20,112.90,1125.70,255,7764654
1771906544.668,3,11,1,2385.00,680.20,1072.90,255,7764654
1771906544.668,3,12,1,1145.40,-687.40,1211.60,9,7764654
1771906544.668,3,13,1,2153.30,-528.80,1601.20,255,7764654
1771906544.668,3,1,1,1486.40,-441.00,176.00,10,7764654
1771906544.668,3,2,1,1544.10,-72.10,151.90,255,7764654
1771906544.668,3,0,1,1186.40,-704.40,268.60,5,7764654
1771906544.668,3,1,1,1486.40,-441.00,176.00,255,7764654
1771906544.668,3,2,1,1544.10,-72.10,151.90,255,7764654
1771906544.668,3,3,1,1438.20,288.00,155.80,255,7764654
1771906544.668,3,4,1,1247.40,-729.70,587.80,5,7764654
1771906544.668,3,5,1,964.60,-372.30,636.40,255,7764654
1771906544.668,3,6,1,2787.00,91.50,394.40,255,7764654
1771906544.668,3,7,1,2144.10,580.40,460.10,255,7764654
1771906544.668,3,8,1,1208.00,-713.40,905.10,5,7764654
1771906544.668,3,9,1,2258.10,-542.60,1034.00,255,7764654
1771906544.668,3,10,1,2949.20,112.90,1125.70,255,7764654
1771906544.668,3,11,1,2385.00,680.20,1072.90,255,7764654
1771906544.668,3,12,1,1082.20,-661.30,1183.30,5,7764654
1771906544.668,3,13,1,2118.50,-524.20,1586.60,10,7764654
1771906544.668,3,14,1,2092.80,0.10,1575.90,255,7764654
1771906544.668,3,15,1,3248.50,1037.90,2154.50,255,7764654
1771906544.668,3,0,1,1178.70,-701.20,272.10,5,7764654
1771906544.668,3,1,1,1750.20,-475.70,65.80,255,7764654
1771906544.668,3,2,1,1544.10,-72.10,151.90,255,7764654
1771906544.668,3,3,1,1438.20,288.00,155.80,255,7764654
1771906544.668,3,11,1,2385.00,680.20,1072.90,255,7764654
1771906544.668,3,0,1,1182.90,-703.00,270.20,5,7764654
1771906544.668,3,1,1,1345.40,-422.40,235.00,255,7764654
1771906544.668,3,2,1,1544.10,-72.10,151.90,255,7764654
1771906544.668,3,3,1,1438.20,288.00,155.80,255,7764654
1771906544.668,3,6,1,2787.00,91.50,394.40,255,7764654
1771906544.668,3,7,1,2876.90,883.90,355.60,255,7764654
1771906544.668,3,8,1,1222.60,-719.40,907.20,5,7764654
1771906544.668,3,9,1,2258.10,-542.60,1034.00,255,7764654
1771906544.668,3,12,1,1108.70,-672.20,1195.10,5,7764654
1771906544.668,3,0,1,1185.50,-704.10,269.00,5,7764654
1771906544.668,3,1,1,1383.80,-427.50,218.90,255,7764654
1771906544.668,3,2,1,1484.60,-79.90,176.80,255,7764654
1771906544.668,3,9,1,2258.10,-542.60,1034.00,255,7764654
1771906544.668,3,10,1,2949.20,112.90,1125.70,255,7764654
1771906544.668,3,11,1,3289.10,1054.70,1201.70,255,7764654
1771906544.668,3,15,1,3248.50,1037.90,2154.50,255,7764654
1771906544.668,7,15,1,-493.60,85.10,1355.90,5,8174
1771906544.668,1,9,1,658.50,725.80,656.90,5,7761371
1771906544.668,1,10,1,821.60,596.70,646.70,5,7761371
1771906544.668,1,11,1,1055.10,424.00,622.70,9,7761371
1771906544.668,1,12,1,472.20,781.50,497.10,5,7761371
1771906544.668,1,15,1,1059.70,424.60,349.00,5,7761371
1771906544.772,4,2,1,1028.60,-682.40,333.70,5,7764871
1771906544.772,4,3,1,1061.50,-424.80,348.20,5,7764871
1771906544.772,4,4,1,1047.40,-1531.00,544.80,5,7764871
1771906544.772,4,5,1,1404.90,-1298.50,533.00,5,7764871
1771906544.772,4,6,1,1082.60,-704.80,609.50,5,7764871
1771906544.772,4,7,1,1110.10,-431.20,615.40,5,7764871
1771906544.772,4,8,1,1014.80,-1488.50,946.80,5,7764871
1771906544.772,4,9,1,1379.00,-1278.60,961.30,5,7764871
1771906544.772,4,10,1,1066.10,-698.00,886.70,5,7764871
1771906544.772,4,11,1,1095.40,-429.30,881.30,5,7764871
1771906544.772,4,12,1,955.90,-1411.80,1330.60,5,7764871
1771906544.772,4,13,1,1299.30,-1217.40,1374.60,5,7764871
1771906544.772,4,14,1,1001.20,-671.10,1152.60,5,7764871
1771906544.772,4,15,1,1002.90,-417.10,1125.90,5,7764871
1771906544.872,1,1,1,628.60,702.80,1024.40,5,7761568
1771906544.872,1,2,1,796.40,586.20,1060.80,9,7761568
1771906544.872,1,3,1,1004.80,417.40,1126.60,9,7761568
1771906544.872,1,4,1,487.30,801.10,832.70,5,7761568
1771906544.872,1,15,1,1007.50,417.70,370.80,9,7761568
1771906544.970,3,0,1,1188.10,-705.10,267.90,5,7764984
1771906544.970,3,1,1,1383.80,-427.50,218.90,255,7764984
1771906544.970,3,2,1,1484.60,-79.90,176.80,255,7764984
1771906544.970,3,3,1,1438.20,288.00,155.80,255,7764984
1771906544.970,3,4,1,1272.10,-739.90,584.30,5,7764984
1771906544.970,3,5,1,964.60,-372.30,636.40,255,7764984
1771906544.970,3,6,1,2787.00,91.50,394.40,255,7764984
1771906544.970,3,7,1,2876.90,883.90,355.60,255,7764984
1771906544.970,3,0,1,1225.60,-720.70,251.00,5,7764984
1771906544.970,3,1,1,1383.80,-427.50,218.90,255,7764984
1771906544.970,3,2,1,1484.60,-79.90,176.80,255,7764984
1771906544.970,3,3,1,1438.20,288.00,155.80,255,7764984
1771906544.970,3,4,1,1286.70,-746.00,582.20,5,7764984
1771906544.970,3,5,1,964.60,-372.30,636.40,255,7764984
1771906544.970,3,12,1,1146.20,-687.80,1212.00,5,7764984
1771906544.970,3,14,1,2092.80,0.10,1575.90,255,7764984
1771906544.970,3,15,1,2795.30,850.20,1951.30,255,7764984
1771906544.970,2,1,1,2440.00,566.50,1720.90,255,7761614
1771906544.970,2,2,1,749.10,176.80,1014.50,255,7761614
1771906544.970,2,3,1,2500.80,-728.20,1819.30,255,7761614
1771906544.970,2,4,1,1298.70,750.90,918.10,5,7761614
1771906544.970,2,13,1,1611.90,457.50,123.60,255,7761614
1771906544.970,2,14,1,1504.80,77.30,168.40,255,7761614
1771906544.970,2,15,1,1363.90,-257.30,189.10,255,7761614
1771906545.080,6,0,1,-533.50,-155.50,1376.50,5,8596
1771906545.080,6,1,1,-535.90,-101.00,1366.20,5,8596
1771906545.080,6,2,1,-538.70,-63.20,1362.50,5,8596
1771906545.080,6,0,1,-544.50,-169.20,1380.60,5,8596
1771906545.080,6,1,1,-553.80,-114.50,1371.20,5,8596
1771906545.080,6,2,1,-555.80,-70.40,1366.60,5,8596
1771906545.080,6,3,1,-549.00,-32.60,1364.40,5,8596
1771906545.080,6,4,1,-548.00,-179.60,1327.10,5,8596
1771906545.080,6,5,1,-552.40,-114.70,1326.40,5,8596
1771906545.080,6,6,1,-555.70,-69.40,1327.30,5,8596
1771906545.080,6,7,1,-557.80,-31.40,1329.20,5,8596
1771906545.080,6,8,1,-543.20,-179.40,1271.10,5,8596
1771906545.080,6,9,1,-555.60,-118.50,1279.30,5,8596
1771906545.080,6,10,1,-554.30,-67.90,1287.70,5,8596
1771906545.080,6,11,1,-558.00,-28.90,1291.50,5,8596
1771906545.080,6,12,1,-528.20,-165.90,1217.50,5,8596
1771906545.080,6,13,1,-575.00,-135.40,1207.60,5,8596
1771906545.080,6,14,1,-572.80,-74.10,1228.50,5,8596
1771906545.080,6,15,1,-560.60,-26.20,1245.80,5,8596
1771906545.081,2,13,1,1514.80,444.70,164.20,255,7761748
1771906545.081,2,14,1,1504.80,77.30,168.40,255,7761748
1771906545.081,2,15,1,1363.90,-257.30,189.10,255,7761748
1771906545.081,1,1,1,635.90,708.50,1028.30,5,7761831
1771906545.081,1,2,1,817.70,595.10,1070.40,5,7761831
1771906545.081,1,3,1,1100.00,429.90,1166.40,5,7761831
1771906545.081,1,4,1,492.70,808.10,833.90,5,7761831
1771906545.081,1,5,1,666.40,731.80,843.00,5,7761831
1771906545.081,1,6,1,841.70,605.00,854.80,5,7761831
1771906545.081,1,7,1,1073.80,426.40,878.40,9,7761831
1771906545.081,1,8,1,492.70,808.10,664.70,5,7761831
1771906545.081,1,9,1,666.40,731.80,655.60,5,7761831
1771906545.081,1,10,1,841.70,605.00,643.80,5,7761831
1771906545.081,1,11,1,1098.30,429.70,616.90,9,7761831
1771906545.081,1,12,1,476.20,786.60,494.40,5,7761831
1771906545.081,1,13,1,643.30,714.10,466.50,5,7761831
1771906545.081,1,14,1,823.70,597.60,425.50,9,7761831
1771906545.081,1,15,1,1013.00,418.40,368.50,5,7761831
1771906545.191,5,7,1,-1226.20,-2216.30,1262.50,10,8905
1771906545.191,5,8,1,1000.00,376.80,-1731.70,0,8905
1771906545.191,5,10,1,-615.30,-2053.50,703.60,5,8905
1771906545.191,5,11,1,-1260.70,-2190.80,637.80,5,8905
1771906545.191,5,12,1,367.70,-1619.50,278.10,5,8905
1771906545.191,5,13,1,-97.30,-1765.60,241.80,5,8905
1771906545.191,5,14,1,-601.60,-1855.90,183.90,5,8905
1771906545.191,5,15,1,-1157.10,-1846.30,124.20,5,8905
1771906545.192,1,12,1,473.90,783.70,496.00,5,7762032
1771906545.192,1,13,1,642.50,713.50,466.90,5,7762032
1771906545.192,1,14,1,834.80,602.20,420.60,5,7762032
1771906545.192,1,15,1,1057.00,424.20,350.20,5,7762032
1771906545.287,5,4,1,353.70,-1761.30,1277.50,5,9017
1771906545.287,5,5,1,-102.50,-1904.20,1255.20,5,9017
1771906545.287,5,6,1,-593.30,-1980.50,1251.90,5,9017
1771906545.287,5,7,1,-1226.20,-2216.30,1262.50,255,9017
1771906545.287,5,8,1,382.20,-1744.00,783.90,5,9017
1771906545.287,5,9,1,-92.80,-1890.90,755.10,5,9017
1771906545.287,5,10,1,-605.30,-1980.70,726.70,5,9017
1771906545.287,5,11,1,-1261.80,-2193.40,636.90,10,9017
1771906545.287,5,12,1,369.20,-1622.60,276.00,5,9017
1771906545.287,5,13,1,-96.30,-1772.30,237.50,5,9017
1771906545.287,5,14,1,-600.00,-1845.00,190.90,5,9017
1771906545.287,5,15,1,-1206.30,-1953.90,51.20,5,9017
1771906545.288,4,0,1,918.80,-1363.40,193.30,255,7765545
1771906545.288,4,3,1,1033.10,-421.10,360.10,5,7765545
1771906545.288,4,14,1,849.30,-608.20,1084.50,5,7765545
1771906545.288,4,15,1,958.00,-411.20,1107.10,5,7765545
1771906545.288,4,10,1,798.70,-587.20,848.60,5,7765545
1771906545.288,4,11,1,1034.40,-421.30,873.20,9,7765545
1771906545.288,4,12,1,949.20,-1403.00,1326.00,5,7765545
1771906545.288,4,13,1,641.80,-713.00,1031.30,5,7765545
1771906545.288,4,14,1,769.90,-575.30,1048.90,5,7765545
1771906545.288,4,15,1,959.90,-411.40,1107.90,9,7765545
1771906545.288,2,0,1,1212.00,715.00,1241.40,9,7762219
1771906545.288,2,1,1,2440.00,566.50,1720.90,255,7762219
1771906545.288,2,2,1,749.10,176.80,1014.50,255,7762219
1771906545.288,2,12,1,1206.00,712.50,259.80,5,7762219
1771906545.288,2,13,1,1497.40,442.40,171.40,10,7762219
1771906545.288,2,14,1,1502.00,77.70,169.50,255,7762219
1771906545.288,2,15,1,1363.90,-257.30,189.10,255,7762219
1771906545.386,2,1,1,2440.00,566.50,1720.90,255,7762353
1771906545.386,2,2,1,749.10,176.80,1014.50,255,7762353
1771906545.386,2,3,1,2580.20,-761.10,1854.90,255,7762353
1771906545.386,2,4,1,1317.00,758.50,920.70,5,7762353
1771906545.386,2,5,1,1217.20,405.50,895.80,255,7762353
1771906545.386,2,6,1,2978.70,-116.70,1129.70,255,7762353
1771906545.386,2,13,1,1497.40,442.40,171.40,255,7762353
1771906545.386,2,14,1,1502.00,77.70,169.50,255,7762353
1771906545.386,2,15,1,1363.90,-257.30,189.10,255,7762353
1771906545.386,1,15,1,1005.70,417.50,371.60,9,7762369
1771906545.386,2,15,1,1363.90,-257.30,189.10,255,7762436
1771906545.483,4,0,1,965.50,-1424.30,161.50,5,7765815
1771906545.483,4,1,1,660.90,-727.60,457.30,5,7765815
1771906545.483,4,2,1,822.00,-596.80,426.30,5,7765815
1771906545.483,4,3,1,1024.00,-419.90,363.90,5,7765815
1771906545.483,4,4,1,1020.20,-1495.60,550.60,5,7765815
1771906545.483,4,5,1,661.60,-728.20,656.40,5,7765815
1771906545.483,4,6,1,821.60,-596.70,646.70,5,7765815
1771906545.483,4,7,1,1043.30,-422.40,624.30,5,7765815
1771906545.483,4,8,1,1008.10,-1479.90,945.40,5,7765815
1771906545.483,4,9,1,655.30,-723.40,841.20,5,7765815
1771906545.483,4,10,1,803.20,-589.10,849.30,5,7765815
1771906545.483,4,11,1,1024.60,-420.00,871.90,9,7765815
1771906545.483,4,12,1,959.30,-1416.20,1332.90,5,7765815
1771906545.483,4,0,1,975.00,-1436.70,155.00,5,7765815
1771906545.483,4,1,1,643.30,-714.10,466.50,5,7765815
1771906545.483,4,2,1,834.80,-602.20,420.60,5,7765815
1771906545.483,4,3,1,1057.90,-424.30,349.80,9,7765815
1771906545.483,4,0,1,478.40,-789.50,492.90,5,7765815
1771906545.483,4,1,1,643.30,-714.10,466.50,5,7765815
1771906545.483,4,2,1,827.10,-599.00,424.00,5,7765815
1771906545.483,4,3,1,1063.40,-425.10,347.50,5,7765815
1771906545.483,4,4,1,492.70,-808.10,664.70,5,7765815
1771906545.483,4,5,1,649.10,-718.50,658.50,5,7765815
1771906545.483,4,10,1,806.90,-590.60,849.80,5,7765815
1771906545.483,4,11,1,1041.30,-422.20,874.10,9,7765815
1771906545.483,4,12,1,458.70,-763.90,992.30,5,7765815
1771906545.483,4,13,1,608.80,-687.60,1014.10,5,7765815
1771906545.483,4,14,1,779.30,-579.20,1053.20,5,7765815
1771906545.483,4,15,1,978.20,-413.90,1115.50,9,7765815
1771906545.484,3,8,1,1212.60,-715.30,905.80,5,7765906
1771906545.484,3,9,1,1444.20,-435.40,925.90,255,7765906
1771906545.484,3,10,1,2949.20,112.90,1125.70,255,7765906
1771906545.484,3,2,1,1155.60,-691.70,1216.20,5,7765906
1771906545.484,3,13,1,2021.40,-511.40,1546.00,255,7765906
1771906545.484,3,14,1,2265.00,22.80,1647.80,255,7765906
1771906545.484,3,15,1,2795.30,850.20,1951.30,255,7765906
1771906545.581,1,1,1,629.30,703.40,1024.80,5,7762552
1771906545.581,1,2,1,797.20,586.60,1061.20,5,7762552
1771906545.581,1,3,1,1023.10,419.80,1134.30,9,7762552
1771906545.581,1,4,1,487.90,801.90,832.80,5,7762552
1771906545.581,1,5,1,655.30,723.40,841.20,5,7762552
1771906545.581,1,6,1,811.50,592.50,850.50,5,7762552
1771906545.581,1,7,1,1082.60,427.60,879.60,5,7762552
1771906545.581,1,8,1,490.90,805.80,665.10,5,7762552
1771906545.581,1,9,1,656.90,724.60,657.10,5,7762552
1771906545.581,1,10,1,820.60,596.30,646.80,5,7762552
1771906545.581,1,11,1,1002.00,417.00,629.70,5,7762552
1771906545.581,1,12,1,472.80,782.20,496.70,5,7762552
1771906545.581,1,13,1,635.20,707.90,470.70,5,7762552
1771906545.581,1,14,1,809.20,591.50,432.10,9,7762552
1771906545.581,1,15,1,1019.40,419.30,365.90,5,7762552
1771906545.581,4,8,1,476.40,-786.90,830.40,5,7766015
1771906545.581,4,8,1,474.00,-783.80,829.80,5,7766015
1771906545.581,4,15,1,959.90,-411.40,1107.90,5,7766015
1771906545.678,7,0,1,-437.10,214.30,1216.40,5,9523
1771906545.678,7,1,1,-487.10,195.50,1217.20,5,9523
1771906545.678,7,2,1,-520.40,154.10,1229.50,5,9523
1771906545.678,7,0,1,-437.30,216.00,1215.40,5,9523
1771906545.678,7,1,1,-486.20,193.20,1218.80,5,9523
1771906545.678,7,2,1,-558.00,201.90,1190.90,5,9523
1771906545.678,7,3,1,-568.80,132.00,1220.10,5,9523
1771906545.678,7,4,1,-539.60,1056.60,1021.70,5,9523
1771906545.678,7,5,1,-494.80,210.90,1270.70,5,9523
1771906545.678,7,6,1,-544.80,187.50,1269.20,5,9523
1771906545.678,7,7,1,-554.30,126.00,1282.90,5,9523
1771906545.678,7,8,1,-560.90,1075.40,1301.20,5,9523
1771906545.678,7,9,1,-500.70,221.90,1324.50,5,9523
1771906545.678,7,10,1,-535.70,177.70,1325.40,5,9523
1771906545.678,7,11,1,-552.00,128.10,1328.40,5,9523
1771906545.678,7,12,1,-575.00,1043.50,1575.40,5,9523
1771906545.678,7,13,1,-500.80,218.70,1380.30,5,9523
1771906545.678,7,14,1,-534.50,178.00,1376.20,5,9523
1771906545.678,7,15,1,-552.00,131.90,1373.50,5,9523
1771906545.679,2,0,1,1196.60,708.70,1234.50,9,7762698
1771906545.679,2,1,1,2440.00,566.50,1720.90,255,7762698
1771906545.679,2,2,1,749.10,176.80,1014.50,255,7762698
1771906545.679,2,3,1,2580.20,-761.10,1854.90,255,7762698
1771906545.679,2,4,1,1287.70,746.40,916.50,5,7762698
1771906545.679,2,5,1,1217.20,405.50,895.80,255,7762698
1771906545.679,2,6,1,2978.70,-116.70,1129.70,255,7762698
1771906545.679,2,7,1,2976.70,-925.30,1157.20,255,7762698
1771906545.679,2,8,1,1316.10,758.10,578.00,5,7762698
1771906545.679,2,9,1,864.30,359.10,649.70,255,7762698
1771906545.679,2,10,1,4044.20,-257.00,227.50,255,7762698
1771906545.679,2,11,1,2586.50,-763.70,397.00,255,7762698
1771906545.679,2,12,1,1223.90,720.00,251.80,5,7762698
1771906545.679,2,13,1,1510.20,444.10,166.10,10,7762698
1771906545.679,2,14,1,1502.00,77.70,169.50,255,7762698
1771906545.679,2,15,1,1423.70,-282.00,162.30,255,7762698
1771906545.679,3,0,1,1167.60,-696.60,277.10,5,7766104
1771906545.679,3,1,1,1427.80,-433.30,200.50,255,7766104
1771906545.679,3,8,1,1236.40,-725.10,909.20,5,7766104
1771906545.679,3,9,1,1444.20,-435.40,925.90,255,7766104
1771906545.679,3,10,1,2949.20,112.90,1125.70,255,7766104
1771906545.679,3,11,1,3025.30,945.40,1164.10,255,7766104
1771906545.679,3,12,1,1106.10,-671.20,1194.00,5,7766104
1771906545.679,3,13,1,2021.40,-511.40,1546.00,255,7766104
1771906545.679,3,14,1,2265.00,22.80,1647.80,255,7766104
1771906545.679,3,15,1,2795.30,850.20,1951.30,255,7766104
1771906545.778,7,0,1,-508.40,960.70,753.80,5,9635
1771906545.778,7,1,1,-483.70,186.90,1223.10,5,9635
1771906545.778,7,2,1,-1016.50,784.30,720.40,13,9635
1771906545.778,7,3,1,-574.40,136.00,1215.90,5,9635
1771906545.778,7,4,1,-540.40,1064.20,1019.40,5,9635
1771906545.778,7,5,1,-494.50,210.00,1271.00,5,9635
1771906545.778,7,6,1,-544.20,186.80,1269.50,5,9635
1771906545.778,7,7,1,-559.70,130.10,1280.90,5,9635
1771906545.778,7,8,1,-561.20,1077.40,1301.10,5,9635
1771906545.778,7,9,1,-501.90,224.70,1324.40,5,9635
1771906545.778,7,10,1,-538.20,180.90,1325.20,5,9635
1771906545.778,7,11,1,-555.90,131.10,1328.20,5,9635
1771906545.778,7,12,1,-574.50,1040.60,1574.70,5,9635
1771906545.778,7,13,1,-502.70,223.20,1381.40,5,9635
1771906545.778,7,14,1,-537.40,181.90,1377.30,5,9635
1771906545.778,7,15,1,-558.10,136.80,1375.30,5,9635
1771906545.889,1,12,1,473.90,783.70,496.00,5,7762747
1771906545.889,1,13,1,640.30,711.80,468.00,5,7762747
1771906545.889,1,0,1,472.20,781.50,1001.50,5,7762747
1771906545.889,1,1,1,635.20,707.90,1027.90,5,7762747
1771906545.889,1,2,1,804.10,589.40,1064.20,5,7762747
1771906545.889,1,3,1,1101.80,430.10,1167.20,5,7762747
1771906545.889,1,4,1,492.10,807.40,833.80,5,7762747
1771906545.889,1,5,1,666.40,731.80,843.00,5,7762747
1771906545.889,1,6,1,829.80,600.10,853.10,5,7762747
1771906545.889,1,7,1,1119.90,432.50,884.50,5,7762747
1771906545.889,1,8,1,494.50,810.50,664.30,5,7762747
1771906545.889,1,9,1,660.80,727.60,656.50,5,7762747
1771906545.889,1,10,1,837.10,603.10,644.50,5,7762747
1771906545.889,1,11,1,1017.70,419.10,627.60,5,7762747
1771906545.889,1,12,1,476.70,787.30,494.10,5,7762747
1771906545.889,1,13,1,641.10,712.40,467.60,5,7762747
1771906545.889,1,14,1,814.30,593.70,429.80,5,7762747
1771906545.889,1,15,1,1022.20,419.60,364.70,5,7762747
1771906545.889,2,0,1,1224.80,720.30,1247.20,5,7762763
1771906545.889,2,1,1,2440.00,566.50,1720.90,255,7762763
1771906545.889,2,2,1,749.10,176.80,1014.50,255,7762763
1771906545.889,2,15,1,1423.70,-282.00,162.30,255,7762763
1771906545.889,2,15,1,1423.70,-282.00,162.30,255,7762830
1771906545.889,4,0,1,470.00,-778.50,498.60,5,7766219
1771906545.889,4,1,1,632.30,-705.60,472.20,5,7766219
1771906545.889,4,2,1,815.20,-594.00,429.40,5,7766219
1771906545.889,4,3,1,1062.50,-424.90,347.90,5,7766219
1771906545.889,4,11,1,1014.80,-418.70,870.60,9,7766219
1771906545.889,4,12,1,445.80,-747.00,983.50,5,7766219
1771906545.889,4,13,1,598.50,-679.80,1008.80,5,7766219
1771906545.889,4,14,1,761.40,-571.70,1045.10,5,7766219
1771906545.889,4,15,1,953.50,-410.60,1105.20,9,7766219
1771906545.889,6,3,1,-561.50,-34.50,1367.30,5,9719
1771906545.889,6,4,1,-546.20,-177.20,1327.20,5,9719
1771906545.889,6,5,1,-567.40,-126.30,1325.60,5,9719
1771906545.889,6,6,1,-563.00,-72.50,1326.90,5,9719
1771906545.889,6,7,1,-562.70,-32.10,1329.10,5,9719
1771906545.889,6,8,1,-536.90,-171.00,1274.30,5,9719
1771906545.889,6,9,1,-574.40,-133.20,1271.90,5,9719
1771906545.889,6,10,1,-567.50,-73.30,1283.20,5,9719
1771906545.889,6,11,1,-567.50,-30.00,1288.60,5,9719
1771906545.889,6,12,1,-518.80,-152.70,1227.40,5,9719
1771906545.889,6,13,1,-572.30,-133.30,1209.70,5,9719
1771906545.889,6,14,1,-591.60,-81.60,1215.60,5,9719
1771906545.889,6,0,1,-550.60,-176.80,1382.90,255,9719
1771906545.889,6,1,1,-568.60,-125.70,1375.30,5,9719
1771906545.889,6,2,1,-573.70,-78.00,1371.00,5,9719
1771906545.889,6,3,1,-569.20,-35.70,1369.20,5,9719
1771906545.889,6,4,1,-548.00,-179.60,1327.10,5,9719
1771906545.889,6,5,1,-570.60,-128.70,1325.50,5,9719
1771906545.889,6,6,1,-573.20,-76.70,1326.50,5,9719
1771906545.889,6,3,1,-587.50,-38.50,1373.50,5,9719
1771906545.889,6,4,1,-560.30,-195.40,1326.50,5,9719
1771906545.889,6,5,1,-584.10,-139.00,1324.70,5,9719
1771906545.889,6,11,1,-593.20,-33.00,1280.90,5,9719
1771906545.889,6,0,1,-559.10,-187.40,1386.10,5,9719
1771906545.889,6,1,1,-584.90,-138.10,1379.90,5,9719
1771906545.889,6,2,1,-590.80,-85.20,1375.10,5,9719
1771906545.889,6,3,1,-593.30,-39.40,1374.90,5,9719
1771906545.889,6,4,1,-559.00,-193.80,1326.50,5,9719
1771906545.889,6,5,1,-579.30,-135.40,1325.00,5,9719
1771906545.889,6,6,1,-595.30,-85.90,1325.50,5,9719
1771906545.889,6,7,1,-594.40,-36.40,1328.10,5,9719
1771906545.889,6,8,1,-553.50,-193.20,1265.90,5,9719
1771906545.889,6,9,1,-588.00,-143.70,1266.50,5,9719
1771906545.889,6,10,1,-602.00,-87.30,1271.60,5,9719
1771906545.889,6,11,1,-596.00,-33.40,1280.00,5,9719
1771906545.889,6,12,1,-534.10,-174.20,1211.20,5,9719
1771906545.889,6,13,1,-614.10,-166.20,1175.90,5,9719
1771906545.889,6,14,1,-622.10,-93.90,1194.70,5,9719
1771906545.889,6,15,1,-602.90,-30.30,1219.60,5,9719
1771906545.889,1,12,1,475.00,785.10,495.20,5,7762944
1771906545.889,1,13,1,640.30,711.80,468.00,5,7762944
1771906545.889,1,14,1,813.50,593.30,430.10,5,7762944
1771906545.889,1,15,1,978.20,413.90,383.10,5,7762944
1771906545.985,3,7,1,2876.90,883.90,355.60,255,7766302
1771906545.985,3,8,1,1210.70,-714.50,905.50,5,7766302
1771906545.985,3,9,1,1444.20,-435.40,925.90,255,7766302
1771906545.985,3,10,1,2949.20,112.90,1125.70,255,7766302
1771906545.985,3,11,1,3025.30,945.40,1164.10,255,7766302
1771906545.985,3,0,1,1194.00,-707.60,265.20,5,7766302
1771906545.985,3,1,1,1427.80,-433.30,200.50,255,7766302
1771906545.985,3,2,1,1484.60,-79.90,176.80,255,7766302
1771906545.985,3,3,1,1438.20,288.00,155.80,255,7766302
1771906545.985,3,4,1,1288.60,-746.80,582.00,5,7766302
1771906545.985,3,5,1,1150.30,-396.70,611.70,255,7766302
1771906545.985,3,6,1,2787.00,91.50,394.40,255,7766302
1771906545.985,3,7,1,2876.90,883.90,355.60,255,7766302
1771906545.985,3,8,1,1236.40,-725.10,909.20,5,7766302
1771906545.985,3,9,1,1444.20,-435.40,925.90,255,7766302
1771906545.985,3,10,1,2949.20,112.90,1125.70,255,7766302
1771906545.985,3,11,1,3025.30,945.40,1164.10,255,7766302
1771906545.985,3,12,1,1125.80,-679.30,1202.80,5,7766302
1771906545.985,3,13,1,2021.40,-511.40,1546.00,255,7766302
1771906545.985,3,14,1,2265.00,22.80,1647.80,255,7766302
1771906545.985,3,15,1,2795.30,850.20,1951.30,255,7766302
1771906545.985,4,10,1,810.60,-592.10,850.30,5,7766420
1771906545.985,4,11,1,1050.20,-423.30,875.30,5,7766420
1771906545.985,4,15,1,961.70,-411.70,1108.60,9,7766420
1771906546.085,5,0,1,276.20,-1651.70,1733.90,5,9916
1771906546.085,5,1,1,-120.40,-1850.40,1735.40,5,9916
1771906546.085,5,2,1,-576.80,-1942.40,1756.10,5,9916
1771906546.085,5,3,1,-1050.40,-1878.50,1791.00,5,9916
1771906546.085,5,4,1,351.00,-1754.80,1277.70,5,9916
1771906546.085,5,5,1,-101.90,-1908.20,1255.00,5,9916
1771906546.085,5,0,1,-24.70,-879.80,1539.30,5,9916
1771906546.085,5,1,1,-232.30,-951.60,1533.20,5,9916
1771906546.085,5,2,1,-570.00,-1887.20,1743.60,5,9916
1771906546.085,5,3,1,-1039.40,-1850.40,1783.90,5,9916
1771906546.085,5,4,1,1.60,-903.20,1305.80,5,9916
1771906546.085,5,5,1,-104.00,-1892.30,1255.70,5,9916
1771906546.085,5,6,1,-587.20,-1933.90,1253.90,5,9916
1771906546.085,5,7,1,-1124.90,-1969.40,1270.60,10,9916
1771906546.085,5,8,1,15.60,-894.50,1061.70,5,9916
1771906546.085,5,9,1,-96.60,-1862.50,764.10,5,9916
1771906546.085,5,10,1,-604.70,-1976.00,728.20,255,9916
1771906546.085,5,11,1,-1200.00,-2050.10,683.80,5,9916
1771906546.085,5,12,1,14.90,-846.90,802.10,5,9916
1771906546.085,5,13,1,-97.00,-1767.30,240.70,5,9916
1771906546.085,5,14,1,-601.10,-1852.50,186.10,5,9916
1771906546.085,5,15,1,-448.30,-294.20,1177.00,5,9916
1771906546.184,6,0,1,-564.00,-193.50,1387.90,5,9944
1771906546.184,6,1,1,-595.00,-145.70,1382.70,5,9944
1771906546.184,6,2,1,-601.60,-89.80,1377.70,5,9944
1771906546.184,6,3,1,-605.80,-41.30,1377.90,5,9944
1771906546.184,6,0,1,-564.60,-194.30,1388.10,5,9944
1771906546.184,6,1,1,-596.60,-146.90,1383.20,5,9944
1771906546.184,6,2,1,-603.40,-90.60,1378.20,5,9944
1771906546.184,6,3,1,-601.90,-40.70,1376.90,5,9944
1771906546.184,6,4,1,-562.70,-198.60,1326.30,5,9944
1771906546.184,6,5,1,-588.90,-142.70,1324.50,5,9944
1771906546.184,6,6,1,-603.60,-89.40,1325.10,5,9944
1771906546.184,6,7,1,-609.30,-38.40,1327.60,5,9944
1771906546.184,6,8,1,-552.90,-192.50,1266.20,5,9944
1771906546.184,6,9,1,-600.10,-153.00,1261.70,5,9944
1771906546.184,6,10,1,-610.80,-91.00,1268.60,5,9944
1771906546.184,6,11,1,-611.30,-35.10,1275.40,5,9944
1771906546.184,6,12,1,-532.60,-172.10,1212.70,5,9944
1771906546.184,6,13,1,-609.50,-162.60,1179.70,5,9944
1771906546.184,6,14,1,-639.40,-100.80,1182.90,5,9944
1771906546.184,6,15,1,-617.30,-31.60,1210.60,5,9944
1771906546.184,1,0,1,468.30,776.30,998.80,5,7763076
1771906546.184,1,1,1,622.00,697.80,1021.00,5,7763076
1771906546.184,1,2,1,797.20,586.60,1061.20,5,7763076
1771906546.184,1,3,1,1000.00,1022.20,437.80,5,7763076
1771906546.184,1,15,1,1023.10,419.80,364.30,5,7763076
1771906546.184,1,12,1,469.40,777.80,499.00,5,7763141
1771906546.184,1,13,1,630.10,704.00,473.40,5,7763141
1771906546.184,1,14,1,792.10,584.50,439.70,5,7763141
1771906546.184,1,15,1,971.80,413.00,385.80,9,7763141
1771906546.292,3,0,1,1284.50,-745.10,224.60,5,7766502
1771906546.292,3,1,1,1747.50,-475.40,67.00,255,7766502
1771906546.292,3,2,1,1484.60,-79.90,176.80,255,7766502
1771906546.292,3,3,1,1438.20,288.00,155.80,255,7766502
1771906546.292,3,4,1,1371.00,-780.90,570.20,9,7766502
1771906546.292,3,5,1,1150.30,-396.70,611.70,255,7766502
1771906546.292,3,6,1,2787.00,91.50,394.40,255,7766502
1771906546.292,3,7,1,2827.40,863.50,362.70,255,7766502
1771906546.292,3,8,1,1300.50,-751.70,918.30,5,7766502
1771906546.292,3,9,1,1444.20,-435.40,925.90,255,7766502
1771906546.292,3,10,1,2949.20,112.90,1125.70,255,7766502
1771906546.292,3,11,1,3025.30,945.40,1164.10,255,7766502
1771906546.292,3,12,1,1164.20,-695.20,1220.00,5,7766502
1771906546.292,3,13,1,2021.40,-511.40,1546.00,255,7766502
1771906546.292,3,14,1,2265.00,22.80,1647.80,255,7766502
1771906546.292,3,15,1,2795.30,850.20,1951.30,255,7766502
1771906546.292,5,0,1,-26.50,-875.30,1538.10,5,10028
1771906546.292,5,1,1,-233.30,-943.90,1531.50,5,10028
1771906546.292,5,2,1,-569.00,-1879.50,1741.90,5,10028
1771906546.292,5,3,1,-1056.40,-1893.90,1794.90,5,10028
1771906546.292,5,4,1,2.00,-904.10,1305.80,5,10028
1771906546.292,5,5,1,-223.20,-979.90,1294.50,5,10028
1771906546.292,5,6,1,-590.60,-1959.70,1252.80,5,10028
1771906546.292,5,7,1,-1124.90,-1969.40,1270.60,255,10028
1771906546.292,5,8,1,16.80,-897.20,1060.90,5,10028
1771906546.292,5,9,1,-221.30,-952.10,1052.20,5,10028
1771906546.292,5,10,1,-604.70,-1976.00,728.20,255,10028
1771906546.292,5,11,1,-1167.00,-1973.50,708.80,5,10028
1771906546.292,5,12,1,15.20,-847.70,801.60,5,10028
1771906546.292,5,13,1,-217.20,-934.20,775.10,5,10028
1771906546.292,5,14,1,-600.00,-1845.00,190.90,5,10028
1771906546.292,5,15,1,-446.50,-290.30,1179.60,5,10028
1771906546.292,4,3,1,1096.30,-429.40,333.70,9,7766623
1771906546.292,4,4,1,486.70,-800.30,666.00,5,7766623
1771906546.292,4,5,1,653.80,-722.10,657.70,5,7766623
1771906546.292,4,6,1,839.00,-603.90,644.20,5,7766623
1771906546.292,4,7,1,1090.50,-428.60,618.00,9,7766623
1771906546.292,4,8,1,478.80,-790.10,830.90,5,7766623
1771906546.292,4,9,1,1000.00,649.10,509000.00,9,7766623
1771906546.292,4,15,1,986.40,-414.90,1119.00,9,7766623
1771906546.412,5,0,1,-24.70,-879.80,1539.30,5,10140
1771906546.412,5,1,1,-233.80,-940.00,1530.60,5,10140
1771906546.412,5,2,1,-568.20,-1872.70,1740.40,5,10140
1771906546.412,5,3,1,-1056.70,-1894.80,1795.10,5,10140
1771906546.412,5,4,1,3.10,-906.80,1305.70,5,10140
1771906546.412,5,5,1,-223.80,-974.90,1294.70,5,10140
1771906546.412,5,6,1,-585.50,-1921.10,1254.50,5,10140
1771906546.412,5,7,1,-1124.50,-1968.40,1270.60,5,10140
1771906546.412,5,8,1,19.40,-903.30,1058.80,5,10140
1771906546.412,5,9,1,-220.90,-955.00,1051.30,5,10140
1771906546.412,5,10,1,-597.60,-1924.00,744.60,5,10140
1771906546.412,5,11,1,-1172.30,-1985.90,704.80,5,10140
1771906546.412,5,12,1,17.40,-852.30,798.40,5,10140
1771906546.412,5,13,1,-218.90,-922.50,782.60,5,10140
1771906546.412,5,14,1,-604.10,-1873.40,172.70,5,10140
1771906546.412,5,15,1,-1120.40,-1765.80,178.80,5,10140
1771906546.508,1,5,1,643.50,714.30,839.20,5,7763339
1771906546.508,1,1,1,616.90,693.80,1018.30,5,7763339
1771906546.508,1,2,1,775.10,577.40,1051.20,5,7763339
1771906546.508,1,3,1,994.70,416.00,1122.40,5,7763339
1771906546.508,1,4,1,480.00,791.60,831.10,5,7763339
1771906546.508,1,5,1,639.60,711.30,838.60,5,7763339
1771906546.508,1,6,1,788.60,583.00,847.20,5,7763339
1771906546.508,1,13,1,617.60,694.40,479.90,5,7763339
1771906546.508,1,14,1,782.70,580.60,443.90,5,7763339
1771906546.508,1,15,1,983.70,414.60,380.80,5,7763339
1771906546.611,7,1,1,-490.90,204.90,1210.80,5,10309
1771906546.611,7,2,1,-566.90,213.10,1181.80,5,10309
1771906546.611,7,3,1,-585.50,143.90,1207.50,5,10309
1771906546.611,7,4,1,-539.20,1053.70,1022.60,5,10309
1771906546.611,7,5,1,-499.50,222.40,1266.80,5,10309
1771906546.611,7,6,1,-553.00,198.10,1265.00,5,10309
1771906546.611,7,7,1,-572.00,139.20,1276.30,5,10309
1771906546.611,7,8,1,-563.20,1092.20,1300.60,5,10309
1771906546.611,7,9,1,-505.00,232.10,1324.10,5,10309
1771906546.611,7,10,1,-541.20,184.80,1325.00,5,10309
1771906546.611,7,11,1,-563.80,137.20,1327.90,5,10309
1771906546.611,7,12,1,-577.80,1061.80,1579.80,5,10309
1771906546.611,7,13,1,-504.90,228.60,1382.70,5,10309
1771906546.611,7,14,1,-542.70,188.90,1379.20,5,10309
1771906546.611,7,15,1,-564.20,141.70,1377.20,5,10309
1771906546.706,8,5,1,-216.70,984.70,1041.70,5,10337
1771906546.706,8,6,1,-385.10,371.20,1236.00,5,10337
1771906546.706,8,7,1,-439.60,287.20,1260.20,5,10337
1771906546.706,8,8,1,41.80,1000.70,1302.60,5,10337
1771906546.706,8,9,1,-219.20,1010.10,1293.20,5,10337
1771906546.706,8,10,1,-461.60,971.50,1294.90,5,10337
1771906546.706,8,11,1,-429.40,273.80,1326.50,5,10337
1771906546.706,8,7,1,-452.90,318.00,1250.10,5,10337
1771906546.706,8,8,1,43.30,1004.40,1302.40,5,10337
1771906546.706,8,9,1,-219.80,1005.20,1293.40,5,10337
1771906546.706,8,10,1,-462.30,977.40,1294.60,5,10337
1771906546.706,8,2,1,-377.50,302.80,1179.70,5,10337
1771906546.706,8,3,1,-434.10,262.70,1198.00,5,10337
1771906546.706,8,4,1,53.20,981.10,1033.20,5,10337
1771906546.706,8,10,1,-462.50,978.40,1294.60,5,10337
1771906546.706,8,0,1,51.30,926.20,748.00,5,10337
1771906546.706,8,1,1,-217.00,935.40,774.00,5,10337
1771906546.706,8,2,1,-464.10,902.80,794.90,5,10337
1771906546.706,8,3,1,-696.10,836.40,808.90,5,10337
1771906546.706,8,4,1,52.10,978.40,1034.10,5,10337
1771906546.706,8,5,1,-215.90,990.40,1040.00,5,10337
1771906546.706,8,6,1,-465.50,958.30,1050.10,5,10337
1771906546.706,8,7,1,-703.00,897.50,1060.60,5,10337
1771906546.706,8,0,1,48.10,919.20,752.80,5,10337
1771906546.706,8,1,1,-218.00,928.70,778.30,5,10337
1771906546.706,8,2,1,-464.30,904.50,793.80,5,10337
1771906546.706,8,5,1,-217.20,980.90,1042.90,5,10337
1771906546.706,8,0,1,54.50,933.10,743.30,9,10337
1771906546.706,8,1,1,-217.10,934.50,774.50,5,10337
1771906546.706,8,2,1,-466.10,917.00,785.80,5,10337
1771906546.706,8,3,1,-708.50,863.50,790.60,5,10337
1771906546.706,8,4,1,49.80,973.20,1035.80,5,10337
1771906546.706,8,7,1,-712.40,919.50,1053.40,5,10337
1771906546.706,8,8,1,36.90,988.70,1303.00,5,10337
1771906546.706,8,9,1,-219.60,1007.10,1293.30,5,10337
1771906546.706,8,10,1,-463.90,989.30,1294.10,5,10337
1771906546.706,8,11,1,-699.50,932.20,1304.80,5,10337
1771906546.706,8,12,1,10.30,969.10,1561.90,5,10337
1771906546.706,8,13,1,-227.70,987.90,1541.50,5,10337
1771906546.706,8,0,1,51.70,926.90,747.50,5,10337
1771906546.706,8,9,1,-219.10,1011.10,1293.20,5,10337
1771906546.706,8,10,1,-464.20,991.30,1294.00,5,10337
1771906546.706,8,11,1,-702.20,938.70,1304.60,5,10337
1771906546.706,8,12,1,9.90,968.20,1561.70,5,10337
1771906546.706,8,13,1,-228.70,980.20,1539.80,5,10337
1771906546.706,8,0,1,50.60,924.60,749.10,9,10337
1771906546.706,8,1,1,-217.00,935.40,774.00,5,10337
1771906546.706,8,2,1,-465.80,914.50,787.40,5,10337
1771906546.706,8,3,1,-709.20,865.00,789.50,5,10337
1771906546.706,8,4,1,51.30,976.70,1034.70,5,10337
1771906546.706,8,5,1,-215.80,991.30,1039.70,5,10337
1771906546.706,8,6,1,-467.00,969.60,1046.50,5,10337
1771906546.706,8,7,1,-713.60,922.20,1052.50,5,10337
1771906546.706,8,8,1,41.10,998.80,1302.60,5,10337
1771906546.706,8,9,1,-219.60,1007.10,1293.30,5,10337
1771906546.706,8,10,1,-463.10,983.40,1294.30,5,10337
1771906546.706,8,11,1,-700.70,935.00,1304.70,5,10337
1771906546.706,8,12,1,11.00,970.90,1562.40,5,10337
1771906546.706,8,13,1,-228.60,981.10,1540.00,5,10337
1771906546.706,8,0,1,49.90,923.10,750.10,5,10337
1771906546.706,8,1,1,-215.40,946.20,767.00,5,10337
1771906546.706,8,2,1,-467.10,923.70,781.50,5,10337
1771906546.706,8,3,1,-711.70,870.40,785.80,5,10337
1771906546.706,8,4,1,48.30,969.70,1037.00,5,10337
1771906546.706,8,5,1,-216.50,986.60,1041.10,5,10337
1771906546.706,8,6,1,-467.90,976.20,1044.40,5,10337
1771906546.706,8,7,1,-717.80,931.80,1049.40,5,10337
1771906546.706,8,8,1,35.00,984.00,1303.10,5,10337
1771906546.706,8,9,1,-220.10,1003.20,1293.50,5,10337
1771906546.706,8,10,1,-465.20,999.20,1293.70,5,10337
1771906546.706,8,11,1,-706.00,948.00,1304.30,5,10337
1771906546.706,8,0,1,49.90,923.10,750.10,5,10337
1771906546.706,8,1,1,-217.50,932.00,776.10,5,10337
1771906546.706,8,2,1,-465.30,911.10,789.50,5,10337
1771906546.706,8,3,1,-709.50,865.80,789.00,5,10337
1771906546.706,8,4,1,49.00,971.40,1036.40,5,10337
1771906546.706,8,5,1,-216.90,983.80,1042.00,5,10337
1771906546.706,8,6,1,-467.00,969.60,1046.50,5,10337
1771906546.706,8,7,1,-714.00,923.00,1052.20,5,10337
1771906546.706,8,8,1,33.10,979.40,1303.30,5,10337
1771906546.706,8,9,1,-219.70,1006.10,1293.40,5,10337
1771906546.706,8,10,1,-462.90,981.40,1294.40,5,10337
1771906546.706,8,11,1,-700.70,935.00,1304.70,5,10337
1771906546.706,8,12,1,6.10,958.20,1559.20,5,10337
1771906546.706,8,13,1,-229.20,976.30,1538.90,5,10337
1771906546.706,8,14,1,-456.40,974.40,1538.50,5,10337
1771906546.706,8,15,1,-674.50,913.80,1548.00,5,10337
1771906546.803,1,0,1,461.60,767.50,994.20,5,7763470
1771906546.803,1,1,1,621.30,697.20,1020.60,5,7763470
1771906546.803,1,2,1,776.80,578.10,1052.00,5,7763470
1771906546.803,1,3,1,973.60,413.30,1113.60,9,7763470
1771906546.803,1,4,1,478.20,789.30,830.70,5,7763470
1771906546.803,1,5,1,643.50,714.30,839.20,5,7763470
1771906546.803,1,6,1,796.80,586.40,848.40,5,7763470
1771906546.803,1,7,1,1016.70,418.90,870.80,5,7763470
1771906546.803,1,8,1,484.30,797.10,666.50,5,7763470
1771906546.803,1,9,1,642.80,713.70,659.50,5,7763470
1771906546.803,1,10,1,805.10,589.80,649.10,5,7763470
1771906546.803,1,11,1,1012.80,418.40,628.30,9,7763470
1771906546.803,1,12,1,464.40,771.20,502.50,5,7763470
1771906546.803,1,13,1,622.00,697.80,477.60,5,7763470
1771906546.803,1,14,1,782.70,580.60,443.90,5,7763470
1771906546.803,1,15,1,983.70,414.60,380.80,9,7763470
1771906546.912,1,1,1,618.30,695.00,1019.10,5,7763535
1771906546.912,1,2,1,788.70,583.10,1057.40,5,7763535
1771906546.912,1,3,1,968.10,412.50,1111.30,9,7763535
1771906546.912,1,4,1,480.00,791.60,831.10,5,7763535
1771906546.912,1,5,1,644.30,714.90,839.40,5,7763535
1771906546.912,1,6,1,803.20,589.10,849.30,5,7763535
1771906546.912,1,7,1,1014.80,418.70,870.60,9,7763535
1771906546.912,1,8,1,484.30,797.10,666.50,5,7763535
1771906546.912,1,9,1,639.60,711.30,600.00,5,7763535
1771906546.912,1,13,1,622.70,698.30,50440.90,5,7763535
1771906546.912,1,15,1,956.20,411.00,392.30,9,7763535
1771906546.912,2,1,1,2440.00,566.50,1720.90,255,7763563
1771906546.912,2,2,1,749.10,176.80,1014.50,255,7763563
1771906546.912,2,3,1,2580.20,-761.10,1854.90,255,7763563
1771906546.912,2,12,1,1201.70,710.80,261.80,5,7763563
1771906546.912,2,0,1,1136.00,683.60,1207.40,5,7763563
1771906546.912,2,1,1,2440.00,566.50,1720.90,255,7763563
1771906546.912,2,13,1,1537.70,447.70,154.60,255,7763563
1771906546.912,2,0,1,1106.10,671.20,1194.00,5,7763563
1771906546.912,2,1,1,2440.00,566.50,1720.90,255,7763563
1771906546.912,2,2,1,749.10,176.80,1014.50,255,7763563
1771906546.912,2,3,1,2580.20,-761.10,1854.90,255,7763563
1771906546.912,2,4,1,1225.40,720.60,907.60,5,7763563
1771906546.912,2,0,1,1148.80,688.90,1213.10,5,7763563
1771906546.912,2,1,1,2440.00,566.50,1720.90,255,7763563
1771906546.912,2,2,1,749.10,176.80,1014.50,255,7763563
1771906546.912,2,3,1,2580.20,-761.10,1854.90,255,7763563
1771906546.912,2,4,1,1267.50,738.00,913.60,5,7763563
1771906546.912,2,7,1,2960.20,-918.50,1154.80,255,7763563
1771906546.912,2,8,1,1251.90,731.60,587.20,5,7763563
1771906546.912,2,9,1,864.30,359.10,649.70,255,7763563
1771906546.912,2,10,1,4044.20,-257.00,227.50,255,7763563
1771906546.912,2,11,1,2586.50,-763.70,397.00,255,7763563
1771906546.912,2,12,1,1169.30,697.30,276.30,5,7763563
1771906546.912,2,13,1,1537.70,447.70,154.60,255,7763563
1771906546.912,2,14,1,1575.30,68.00,138.90,255,7763563
1771906546.912,2,15,1,1385.20,-266.10,179.50,255,7763563
1771906547.025,1,1,1,622.70,698.30,1021.40,5,7763732
1771906547.025,1,2,1,799.00,587.30,1062.00,5,7763732
1771906547.025,1,3,1,959.00,411.30,1107.50,5,7763732
1771906547.025,1,4,1,484.90,797.90,832.20,5,7763732
1771906547.025,1,7,1,1037.40,421.60,873.60,5,7763732
1771906547.025,1,8,1,484.90,797.90,666.40,5,7763732
1771906547.025,1,9,1,649.10,718.50,658.50,5,7763732
1771906547.025,1,10,1,818.80,595.50,647.10,5,7763732
1771906547.025,1,11,1,1049.20,423.20,623.50,9,7763732
1771906547.025,1,12,1,467.20,774.90,500.60,5,7763732
1771906547.025,1,13,1,632.30,705.60,472.20,5,7763732
1771906547.025,1,14,1,799.00,587.30,436.60,5,7763732
1771906547.025,1,15,1,990.10,415.40,378.10,9,7763732
1771906547.137,3,0,1,1292.20,-748.30,221.20,5,7767159
1771906547.137,3,1,1,1470.90,-438.90,182.50,255,7767159
1771906547.137,3,2,1,1484.60,-79.90,176.80,255,7767159
1771906547.137,3,3,1,1438.20,288.00,155.80,255,7767159
1771906547.137,3,4,1,1329.80,-763.80,576.10,5,7767159
1771906547.137,3,5,1,1150.30,-396.70,611.70,255,7767159
1771906547.137,3,6,1,2787.00,91.50,394.40,255,7767159
1771906547.137,3,14,1,2265.00,22.80,1647.80,255,7767159
1771906547.137,3,15,1,2795.30,850.20,1951.30,255,7767159
1771906547.137,3,4,1,1280.30,-743.30,583.10,5,7767225
1771906547.137,3,5,1,1150.30,-396.70,611.70,255,7767225
1771906547.137,3,6,1,2787.00,91.50,394.40,255,7767225
1771906547.137,3,7,1,2540.70,744.70,403.50,255,7767225
1771906547.137,3,8,1,1257.40,-733.90,912.20,5,7767225
1771906547.137,3,9,1,1444.20,-435.40,925.90,255,7767225
1771906547.137,3,10,1,1557.30,-70.40,940.90,10,7767225
1771906547.137,3,11,1,3025.30,945.40,1164.10,255,7767225
1771906547.137,3,12,1,1140.30,-685.30,1209.30,5,7767225
1771906547.137,3,13,1,1403.10,-430.00,1287.70,255,7767225
1771906547.137,3,14,1,2265.00,22.80,1647.80,255,7767225
1771906547.137,3,15,1,2795.30,850.20,1951.30,255,7767225
1771906547.137,4,7,1,1143.50,-435.60,610.90,5,7767240
1771906547.137,4,8,1,483.00,-795.60,831.80,5,7767240
1771906547.137,4,5,1,664.00,-730.00,656.00,5,7767240
1771906547.137,4,6,1,840.80,-604.60,644.00,5,7767240
1771906547.137,4,7,1,1104.20,-430.40,616.20,9,7767240
1771906547.137,4,8,1,483.00,-795.60,831.80,5,7767240
1771906547.137,4,9,1,649.10,-718.50,840.10,5,7767240
1771906547.137,4,10,1,824.30,-597.80,852.30,5,7767240
1771906547.137,4,11,1,1069.80,-425.90,877.90,9,7767240
1771906547.137,4,12,1,458.70,-763.90,992.30,5,7767240
1771906547.137,4,15,1,984.60,-414.70,1118.20,9,7767240
1771906547.137,4,5,1,655.30,-723.40,657.40,5,7767240
1771906547.137,4,6,1,824.30,-597.80,646.30,5,7767240
1771906547.137,4,7,1,1062.00,-424.90,621.80,9,7767240
1771906547.137,4,8,1,481.80,-794.00,831.50,5,7767240
1771906547.137,4,9,1,645.90,-716.10,839.60,5,7767240
1771906547.137,4,10,1,810.60,-592.10,850.30,5,7767240
1771906547.137,4,0,1,478.40,-789.50,492.90,5,7767240
1771906547.137,4,1,1,638.90,-710.70,468.80,5,7767240
1771906547.137,4,2,1,828.00,-599.30,423.60,5,7767240
1771906547.137,4,3,1,1059.70,-424.60,349.00,5,7767240
1771906547.137,4,4,1,482.40,-794.80,666.90,5,7767240
1771906547.137,4,5,1,648.30,-717.90,658.60,5,7767240
1771906547.137,4,6,1,806.90,-590.60,648.80,5,7767240
1771906547.137,4,7,1,1069.80,-425.90,620.70,9,7767240
1771906547.137,4,8,1,477.00,-787.70,830.50,5,7767240
1771906547.137,4,9,1,634.10,-707.10,837.70,5,7767240
1771906547.137,4,10,1,797.70,-586.80,848.50,5,7767240
1771906547.137,4,11,1,1003.00,-417.10,869.00,5,7767240
1771906547.137,4,12,1,450.90,-753.60,986.90,5,7767240
1771906547.137,4,13,1,602.90,-683.10,1011.10,5,7767240
1771906547.137,4,14,1,766.50,-573.90,1047.40,5,7767240
1771906547.137,4,15,1,954.40,-410.70,1105.60,9,7767240
1771906547.234,6,0,1,-565.20,-195.00,1388.40,5,10730
1771906547.234,6,1,1,-597.40,-147.50,1383.40,5,10730
1771906547.234,6,2,1,-608.80,-92.80,1379.50,5,10730
1771906547.234,6,3,1,-601.90,-40.70,1376.90,5,10730
1771906547.234,6,4,1,-563.90,-200.20,1326.30,5,10730
1771906547.234,6,5,1,-591.20,-144.50,1324.40,5,10730
1771906547.234,6,6,1,-601.80,-88.60,1325.20,5,10730
1771906547.234,6,7,1,-611.30,-38.70,1327.60,5,10730
1771906547.234,6,8,1,-551.80,-190.90,1266.80,5,10730
1771906547.234,6,9,1,-600.80,-153.60,1261.40,5,10730
1771906547.234,6,0,1,-560.90,-189.70,1386.80,5,10730
1771906547.234,6,1,1,-594.30,-145.20,1382.50,5,10730
1771906547.234,6,2,1,-606.10,-91.70,1378.80,5,10730
1771906547.234,6,3,1,-600.00,-40.40,1376.50,5,10730
1771906547.234,6,4,1,-562.10,-197.80,1326.40,5,10730
1771906547.234,6,5,1,-590.40,-143.90,1324.40,5,10730
1771906547.234,6,6,1,-603.60,-89.40,1325.10,5,10730
1771906547.234,6,7,1,-610.30,-38.50,1327.60,5,10730
1771906547.234,6,8,1,-551.20,-190.20,1267.10,5,10730
1771906547.234,6,9,1,-597.80,-151.30,1262.60,5,10730
1771906547.234,6,10,1,-607.30,-89.50,1269.80,5,10730
1771906547.234,6,11,1,-615.10,-35.60,1274.30,5,10730
1771906547.234,6,12,1,-532.10,-171.50,1213.30,5,10730
1771906547.234,6,13,1,-614.80,-166.80,1175.40,5,10730
1771906547.234,6,14,1,-626.80,-95.70,1191.50,5,10730
1771906547.234,6,15,1,-624.10,-32.30,1206.40,5,10730
1771906547.235,1,5,1,657.70,725.20,841.60,5,7763927
1771906547.235,1,6,1,820.60,596.30,851.80,5,7763927
1771906547.235,1,7,1,1050.20,423.30,10431.70,5,7763927
1771906547.235,1,15,1,956.20,411.00,392.30,5,7763927
1771906547.235,2,0,1,1181.20,702.30,1227.70,5,7763965
1771906547.235,2,1,1,2440.00,566.50,1720.90,255,7763965
1771906547.235,2,3,1,2580.20,-761.10,1854.90,255,7763965
1771906547.235,2,4,1,1283.10,744.50,915.90,5,7763965
1771906547.235,2,5,1,2182.50,532.60,1023.90,255,7763965
1771906547.235,2,6,1,1000.00,2978.70,-108.77,255,7763965
1771906547.235,2,0,1,1196.60,708.70,1234.50,5,7763965
1771906547.235,2,1,1,2440.00,566.50,1720.90,255,7763965
1771906547.235,2,2,1,1437.90,86.10,1302.30,255,7763965
1771906547.235,2,7,1,2701.00,-811.10,1117.90,255,7763965
1771906547.235,2,8,1,1295.90,749.80,580.90,5,7763965
1771906547.235,2,9,1,864.30,359.10,649.70,255,7763965
1771906547.235,2,10,1,4044.20,-257.00,227.50,255,7763965
1771906547.235,2,11,1,2586.50,-763.70,397.00,255,7763965
1771906547.235,2,12,1,1182.90,703.00,270.20,5,7763965
1771906547.235,2,13,1,1537.70,447.70,154.60,255,7763965
1771906547.235,2,14,1,1438.80,86.00,195.90,255,7763965
1771906547.235,2,15,1,1385.20,-266.10,179.50,255,7763965
1771906547.331,5,4,1,7.70,-917.90,1305.30,5,10927
1771906547.331,5,0,1,-24.30,-880.70,1539.50,5,10927
1771906547.331,5,3,1,-701.00,-982.30,1565.10,5,10927
1771906547.331,5,4,1,2.70,-905.90,1305.70,5,10927
1771906547.331,5,5,1,-222.70,-983.90,1294.30,5,10927
1771906547.331,5,6,1,-467.30,-1015.60,1293.00,5,10927
1771906547.331,5,7,1,-731.40,-1010.40,1302.30,5,10927
1771906547.331,5,8,1,16.80,-897.20,1060.90,5,10927
1771906547.331,5,9,1,-218.90,-969.20,1046.80,5,10927
1771906547.331,5,10,1,-472.80,-1012.60,1033.10,5,10927
1771906547.331,5,11,1,-740.50,-985.10,1032.10,5,10927
1771906547.331,5,12,1,17.70,-853.10,797.90,5,10927
1771906547.331,5,13,1,-218.00,-929.20,778.30,5,10927
1771906547.331,5,14,1,-472.20,-959.30,759.00,5,10927
1771906547.331,5,15,1,-734.60,-921.20,751.70,5,10927
1771906547.428,6,0,1,-564.00,-193.50,1387.90,5,10955
1771906547.428,6,1,1,-595.00,-145.70,1382.70,5,10955
1771906547.428,6,2,1,-598.90,-88.70,1377.10,5,10955
1771906547.428,6,3,1,-599.00,-40.30,1376.30,5,10955
1771906547.428,6,4,1,-560.90,-196.20,1326.40,5,10955
1771906547.428,6,5,1,-585.70,-140.30,1324.60,5,10955
1771906547.428,6,6,1,-608.20,-91.30,1324.90,5,10955
1771906547.428,6,7,1,-599.40,-37.00,1327.90,5,10955
1771906547.428,6,8,1,-557.50,-198.60,1263.90,5,10955
1771906547.428,6,9,1,-594.00,-148.40,1264.10,5,10955
1771906547.428,6,10,1,-612.60,-91.70,1268.00,5,10955
1771906547.428,6,11,1,-601.70,-34.00,1278.30,5,10955
1771906547.428,6,12,1,-537.10,-178.40,1208.00,5,10955
1771906547.428,6,13,1,-608.80,-162.10,1180.20,5,10955
1771906547.428,6,14,1,-623.70,-94.50,1193.60,5,10955
1771906547.428,6,15,1,-610.60,-31.00,1214.80,5,10955
1771906547.524,1,0,1,468.90,777.10,999.20,5,7764191
1771906547.524,1,1,1,628.60,702.80,1024.40,5,7764191
1771906547.524,1,2,1,790.40,583.80,1058.10,5,7764191
1771906547.524,1,3,1,1001.10,416.90,1125.10,9,7764191
1771906547.524,1,4,1,484.30,797.10,832.10,5,7764191
1771906547.524,1,5,1,652.20,720.90,840.70,5,7764191
1771906547.524,1,0,1,468.90,777.10,999.20,5,7764191
1771906547.524,1,1,1,624.90,700.00,1022.50,5,7764191
1771906547.524,1,13,1,634.50,707.30,471.10,5,7764191
1771906547.524,1,14,1,807.50,590.80,432.80,5,7764191
1771906547.524,1,15,1,1028.60,420.50,362.00,5,7764191
1771906547.623,2,2,1,1437.90,86.10,1302.30,255,7764302
1771906547.623,2,9,1,864.30,359.10,649.70,255,7764302
1771906547.623,2,10,1,4044.20,-257.00,227.50,255,7764302
1771906547.623,2,11,1,2586.50,-763.70,397.00,255,7764302
1771906547.623,2,15,1,1522.70,-323.00,117.90,255,7764302
1771906547.730,2,11,1,2586.50,-763.70,397.00,255,7764369
1771906547.730,2,12,1,1139.40,685.00,289.70,5,7764369
1771906547.730,2,13,1,1537.70,447.70,154.60,255,7764369
1771906547.730,2,14,1,1438.80,86.00,195.90,255,7764369
1771906547.730,2,15,1,1522.70,-323.00,117.90,255,7764369
1771906547.730,5,3,1,-701.00,-982.30,1565.10,5,11264
1771906547.730,5,4,1,4.60,-5000.00,1305.50,5,11264
1771906547.730,5,5,1,-223.50,-977.90,1294.60,5,11264
1771906547.730,5,6,1,-466.70,-1011.60,1293.20,5,11264
1771906547.730,5,7,1,-733.30,-1015.00,1302.10,5,11264
1771906547.730,5,8,1,17.50,-898.90,1060.30,5,11264
1771906547.730,5,9,1,-218.50,-972.00,1045.90,5,11264
1771906547.730,5,10,1,-471.40,-1002.20,1036.40,5,11264
1771906547.730,5,11,1,-748.50,-1003.60,1026.10,5,11264
1771906547.730,5,12,1,14.20,-845.40,803.20,5,11264
1771906547.730,5,13,1,-218.50,-925.80,780.40,5,11264
1771906547.730,5,14,1,-472.70,-962.60,756.80,5,11264
1771906547.730,5,3,1,-702.10,-985.10,1565.80,5,11264
1771906547.730,5,4,1,5.00,-911.50,1305.50,5,11264
1771906547.730,5,5,1,-222.80,-982.90,1294.40,5,11264
1771906547.730,5,6,1,-465.60,-1002.70,1293.50,5,11264
1771906547.730,5,7,1,-732.60,-1013.20,1302.20,5,11264
1771906547.730,5,8,1,17.20,-898.00,1060.60,5,11264
1771906547.730,5,9,1,-219.40,-965.40,1048.00,5,11264
1771906547.730,5,10,1,-471.80,-1005.10,1035.50,5,11264
1771906547.730,5,11,1,-751.90,-1011.50,1023.50,5,11264
1771906547.730,5,12,1,16.70,-850.80,799.50,5,11264
1771906547.730,5,13,1,-218.80,-923.30,782.00,5,11264
1771906547.730,5,2,1,-456.90,-978.70,1539.30,5,11264
1771906547.730,5,3,1,-703.20,-987.80,1566.50,5,11264
1771906547.730,5,4,1,4.30,-909.60,1305.60,5,11264
1771906547.730,5,5,1,-223.30,-978.90,1294.60,5,11264
1771906547.730,5,6,1,-466.90,-1012.60,1293.10,5,11264
1771906547.730,5,7,1,-735.20,-1019.70,1301.90,5,11264
1771906547.730,5,8,1,21.00,-906.80,1057.70,5,11264
1771906547.730,5,9,1,-219.20,-967.30,1047.40,5,11264
1771906547.730,5,10,1,-471.30,-1001.30,1036.70,5,11264
1771906547.730,5,11,1,-756.10,-1021.20,1020.30,5,11264
1771906547.730,5,12,1,12.40,-841.50,805.80,5,11264
1771906547.730,5,13,1,-218.50,-925.80,780.40,5,11264
1771906547.730,5,11,1,-472.90,-964.30,755.80,5,11264
1771906547.730,5,15,1,-750.20,-955.30,728.60,5,11264
1771906547.730,1,1,1,623.50,698.90,1021.80,5,7764452
1771906547.730,1,10,1,819.70,595.90,647.00,5,7764452
1771906547.730,1,15,1,974.50,413.40,384.60,9,7764452
1771906547.825,5,4,1,5.40,-912.40,1305.50,5,11376
1771906547.825,5,5,1,-223.50,-977.90,1294.60,5,11376
1771906547.825,5,6,1,-468.20,-1022.50,1292.70,5,11376
1771906547.825,5,7,1,-737.90,-1026.10,1301.70,5,11376
1771906547.825,5,12,1,18.80,-855.40,796.30,5,11376
1771906547.825,5,13,1,-216.30,-940.90,770.80,5,11376
1771906547.825,5,14,1,-473.30,-966.80,754.20,5,11376
1771906547.825,5,15,1,-751.60,-958.40,726.50,5,11376
1771906547.936,2,0,1,1153.90,691.00,1215.40,5,7764503
1771906547.936,2,1,1,2440.00,566.50,1720.90,255,7764503
1771906547.936,2,2,1,1437.90,86.10,1302.30,255,7764503
1771906547.936,2,3,1,2580.20,-761.10,1854.90,255,7764503
1771906547.936,2,4,1,1248.30,730.10,910.90,5,7764503
1771906547.936,2,5,1,2182.50,532.60,1023.90,255,7764503
1771906547.936,2,6,1,1027.50,140.10,870.60,255,7764503
1771906547.936,2,7,1,2701.00,-811.10,1117.90,255,7764503
1771906547.936,2,8,1,1263.80,736.50,585.50,5,7764503
1771906547.936,2,9,1,864.30,359.10,649.70,255,7764503
1771906547.936,2,10,1,4044.20,-257.00,227.50,255,7764503
1771906547.936,2,11,1,2586.50,-763.70,397.00,255,7764503
1771906547.936,2,12,1,1182.90,703.00,270.20,5,7764503
1771906547.936,2,13,1,1537.70,447.70,154.60,255,7764503
1771906547.936,2,14,1,1438.80,86.00,195.90,255,7764503
1771906547.936,2,15,1,1522.70,-323.00,117.90,255,7764503
1771906547.936,4,4,1,480.00,-791.60,667.50,5,7767900
1771906547.936,4,5,1,646.70,-716.70,658.80,5,7767900
1771906547.936,4,6,1,815.10,-594.00,647.60,5,7767900
1771906547.936,4,7,1,1105.20,-430.60,616.00,5,7767900
1771906547.936,4,8,1,473.40,-783.00,829.70,5,7767900
1771906547.936,4,9,1,636.50,-708.90,838.10,5,7767900
1771906547.936,4,6,1,824.30,-597.80,646.30,5,7767900
1771906547.936,4,7,1,1090.50,-428.60,618.00,9,7767900
1771906547.936,4,15,1,966.30,-412.30,1110.60,9,7767900
1771906547.936,1,1,1,622.00,697.80,1021.00,5,7764586
1771906547.936,1,2,1,787.90,582.70,1057.00,5,7764586
1771906547.936,1,3,1,991.90,415.70,1121.30,9,7764586
1771906547.936,1,4,1,480.60,792.40,831.30,5,7764586
1771906547.936,1,5,1,642.00,713.10,839.00,5,7764586
1771906547.936,1,6,1,814.20,593.60,850.80,5,7764586
1771906547.936,1,7,1,1045.20,422.70,874.60,9,7764586
1771906547.936,1,8,1,483.00,795.60,666.80,5,7764586
1771906547.936,1,9,1,653.80,722.10,657.70,5,7764586
1771906547.936,1,12,1,470.50,779.30,498.30,5,7764586
1771906547.936,1,13,1,632.30,705.60,472.20,5,7764586
1771906547.936,1,14,1,798.10,586.90,437.00,5,7764586
1771906547.936,1,15,1,1004.80,417.40,372.00,5,7764586
1771906548.032,2,1,1,2440.00,566.50,1720.90,255,7764704
1771906548.032,2,2,1,1437.90,86.10,1302.30,255,7764704
1771906548.032,2,8,1,1291.30,747.90,581.60,5,7764704
1771906548.032,2,9,1,864.30,359.10,649.70,255,7764704
1771906548.032,2,1,1,2440.00,566.50,1720.90,255,7764704
1771906548.032,2,2,1,1437.90,86.10,1302.30,255,7764704
1771906548.032,2,3,1,2580.20,-761.10,1854.90,255,7764704
1771906548.032,2,4,1,1276.70,741.80,914.90,5,7764704
1771906548.032,2,5,1,2182.50,532.60,1023.90,255,7764704
1771906548.032,2,6,1,1027.50,140.10,870.60,255,7764704
1771906548.032,2,7,1,843.40,-41.70,853.20,255,7764704
1771906548.032,2,8,1,1273.00,740.30,584.20,5,7764704
1771906548.032,2,9,1,864.30,359.10,649.70,255,7764704
1771906548.032,2,10,1,4044.20,-257.00,227.50,255,7764704
1771906548.032,2,11,1,2586.50,-763.70,397.00,255,7764704
1771906548.032,2,12,1,1198.30,709.40,263.30,5,7764704
1771906548.032,2,13,1,1537.70,447.70,154.60,255,7764704
1771906548.032,2,14,1,1438.80,86.00,195.90,255,7764704
1771906548.032,2,15,1,1285.40,-224.70,224.30,255,7764704
1771906548.134,3,0,1,1232.50,-723.50,248.00,5,7768081
1771906548.134,3,1,1,1470.90,-438.90,182.50,255,7768081
1771906548.134,3,2,1,1484.60,-79.90,176.80,255,7768081
1771906548.134,3,8,1,1293.20,-748.70,917.30,9,7768081
1771906548.134,3,9,1,1752.90,-476.10,966.90,255,7768081
1771906548.134,3,10,1,1557.30,-70.40,940.90,255,7768081
1771906548.134,3,11,1,3045.40,953.80,1167.00,255,7768081
1771906548.134,3,12,1,1135.20,-683.20,1207.00,5,7768081
1771906548.134,3,13,1,1403.10,-430.00,1287.70,255,7768081
1771906548.134,3,0,1,1242.70,-727.70,243.40,5,7768081
1771906548.134,3,1,1,1493.80,-442.00,173.00,255,7768081
1771906548.134,3,2,1,1484.60,-79.90,176.80,255,7768081
1771906548.134,3,0,1,1227.30,-721.40,250.30,5,7768081
1771906548.134,3,1,1,1493.80,-442.00,173.00,255,7768081
1771906548.134,3,6,1,1000.00,91.50,394.40,255,7768081
1771906548.134,3,7,1,2667.10,797.10,385.50,5,7768081
1771906548.134,3,8,1,1271.20,-739.50,914.20,5,7768081
1771906548.134,3,9,1,1752.90,-476.10,966.90,255,7768081
1771906548.134,3,10,1,1557.30,-70.40,940.90,255,7768081
1771906548.134,3,0,1,1237.60,-725.60,245.70,5,7768081
1771906548.134,3,1,1,1462.60,-437.90,186.00,255,7768081
1771906548.134,3,2,1,1484.60,-79.90,176.80,255,7768081
1771906548.134,3,3,1,1438.20,288.00,155.80,255,7768081
1771906548.134,3,4,1,1292.20,-748.30,581.40,5,7768081
1771906548.134,3,5,1,1150.30,-396.70,611.70,255,7768081
1771906548.134,3,6,1,2787.00,91.50,394.40,255,7768081
1771906548.134,3,7,1,2667.10,797.10,385.50,255,7768081
1771906548.134,3,8,1,1282.20,-744.10,915.70,5,7768081
1771906548.134,3,9,1,1752.90,-476.10,966.90,255,7768081
1771906548.134,3,10,1,1557.30,-70.40,940.90,255,7768081
1771906548.134,3,11,1,2610.30,773.50,1105.00,10,7768081
1771906548.134,3,0,1,1200.00,-710.10,262.50,5,7768081
1771906548.134,3,1,1,1462.60,-437.90,186.00,255,7768081
1771906548.134,3,2,1,1484.60,-79.90,176.80,255,7768081
1771906548.134,3,3,1,1438.20,288.00,155.80,255,7768081
1771906548.134,3,4,1,1293.20,-748.70,581.30,5,7768081
1771906548.134,3,5,1,1150.30,-396.70,611.70,255,7768081
1771906548.134,3,6,1,2787.00,91.50,394.40,255,7768081
1771906548.134,3,7,1,2667.10,797.10,385.50,255,7768081
1771906548.134,3,8,1,1275.80,-741.40,914.80,5,7768081
1771906548.134,3,9,1,1752.90,-476.10,966.90,255,7768081
1771906548.134,3,10,1,1557.30,-70.40,940.90,255,7768081
1771906548.134,3,11,1,2610.30,773.50,1105.00,255,7768081
1771906548.134,3,12,1,1131.70,-681.80,1205.50,5,7768081
1771906548.134,3,13,1,1403.10,-430.00,1287.70,255,7768081
1771906548.134,3,14,1,1093.50,-131.40,1158.40,255,7768081
1771906548.134,3,15,1,2795.30,850.20,1951.30,255,7768081
1771906548.240,4,0,1,479.50,-791.00,492.10,5,7768102
1771906548.240,4,1,1,637.40,-709.60,469.60,5,7768102
1771906548.240,4,2,1,828.80,-599.70,423.30,9,7768102
1771906548.240,4,3,1,1039.60,-421.90,357.40,5,7768102
1771906548.240,4,4,1,484.30,-797.10,666.50,5,7768102
1771906548.240,4,5,1,646.70,-716.70,658.80,5,7768102
1771906548.240,4,6,1,816.10,-594.40,647.50,5,7768102
1771906548.240,4,7,1,1052.10,-423.60,623.10,9,7768102
1771906548.240,4,8,1,475.80,-786.10,830.20,5,7768102
1771906548.240,4,9,1,640.40,-711.90,838.70,5,7768102
1771906548.240,4,10,1,802.30,-588.70,849.20,5,7768102
1771906548.240,4,11,1,1029.50,-420.60,872.50,5,7768102
1771906548.240,4,12,1,452.60,-755.80,988.10,5,7768102
1771906548.240,4,13,1,602.90,-683.10,1011.10,5,7768102
1771906548.240,4,14,1,771.60,-576.00,1049.70,5,7768102
1771906548.240,4,15,1,961.70,-411.70,1108.60,9,7768102
1771906548.240,1,1,1,622.00,697.80,1021.00,5,7764787
1771906548.240,1,2,1,796.40,586.20,1060.80,5,7764787
1771906548.240,1,3,1,1067.00,425.60,1152.60,5,7764787
1771906548.240,1,4,1,484.30,797.10,832.10,5,7764787
1771906548.240,1,5,1,648.30,717.90,840.00,5,7764787
1771906548.240,1,6,1,809.60,591.70,850.20,5,7764787
1771906548.240,1,7,1,1096.40,429.40,881.40,5,7764787
1771906548.240,1,8,1,484.90,797.90,666.40,5,7764787
1771906548.240,1,9,1,654.60,722.70,657.50,5,7764787
1771906548.240,1,10,1,814.20,593.60,647.80,5,7764787
1771906548.240,1,11,1,1093.40,429.00,617.60,5,7764787
1771906548.240,1,12,1,467.70,775.60,500.20,5,7764787
1771906548.240,1,13,1,627.90,702.30,474.50,5,7764787
1771906548.240,1,14,1,797.20,586.60,437.40,5,7764787
1771906548.240,1,15,1,1013.90,418.60,368.10,5,7764787
1771906548.344,5,1,1,-232.10,-953.60,1533.70,5,11713
1771906548.344,5,2,1,-458.70,-993.30,1542.60,5,11713
1771906548.344,5,3,1,-707.40,-998.70,1569.20,5,11713
1771906548.344,5,4,1,5.40,-912.40,1305.50,5,11713
1771906548.344,5,5,1,-222.50,-984.80,1294.30,5,11713
1771906548.344,5,6,1,-467.50,-1017.50,1292.90,5,11713
1771906548.344,5,7,1,-739.80,-1030.80,1301.60,5,11713
1771906548.344,5,8,1,19.10,-902.40,1059.10,5,11713
1771906548.344,5,9,1,-218.00,-975.80,1044.70,5,11713
1771906548.344,5,10,1,-472.60,-1010.80,1033.70,5,11713
1771906548.344,5,11,1,-761.80,-1034.40,1016.00,5,11713
1771906548.344,5,0,1,-20.10,-891.60,1542.30,5,11713
1771906548.344,5,1,1,-232.20,-952.60,1533.50,5,11713
1771906548.344,5,0,1,-22.60,-885.30,1540.70,5,11713
1771906548.344,5,1,1,-231.70,-956.50,1534.30,5,11713
1771906548.344,5,2,1,-458.30,-990.40,1541.90,5,11713
1771906548.344,5,3,1,-710.90,-1007.70,1571.50,5,11713
1771906548.344,5,4,1,8.10,-918.90,1305.30,5,11713
1771906548.344,5,5,1,-221.90,-989.80,1294.10,5,11713
1771906548.344,5,6,1,-468.40,-1024.50,1292.60,5,11713
1771906548.344,5,7,1,-743.20,-1039.10,1301.30,5,11713
1771906548.344,5,8,1,20.20,-905.10,1058.30,5,11713
1771906548.344,5,9,1,-217.60,-978.60,1043.80,5,11713
1771906548.344,5,10,1,-474.10,-1022.10,1030.10,5,11713
1771906548.344,5,11,1,-762.90,-1037.00,1015.10,5,11713
1771906548.344,5,12,1,17.70,-853.10,797.90,5,11713
1771906548.344,5,13,1,-216.90,-936.70,773.50,5,11713
1771906548.344,5,14,1,-474.90,-978.50,746.70,5,11713
1771906548.344,5,15,1,-758.00,-972.30,717.00,9,11713
1771906548.543,4,2,1,825.40,-598.30,424.80,5,7768304
1771906548.543,4,3,1,1111.90,-431.50,327.20,5,7768304
1771906548.543,4,4,1,484.90,-797.90,666.40,5,7768304
1771906548.543,4,5,1,650.60,-719.70,658.20,5,7768304
1771906548.543,4,6,1,820.60,-596.30,646.80,5,7768304
1771906548.543,4,7,1,1053.10,-423.70,623.00,9,7768304
1771906548.543,4,8,1,478.20,-789.30,830.70,5,7768304
1771906548.543,4,14,1,777.60,-578.50,1052.40,5,7768304
1771906548.543,4,15,1,973.60,-413.30,1113.60,5,7768304
1771906548.544,8,1,1,-215.90,942.90,769.20,5,11798
1771906548.544,8,2,1,-467.80,928.70,778.30,5,11798
1771906548.544,8,3,1,-709.20,865.00,789.50,5,11798
1771906548.544,8,4,1,47.90,968.80,1037.30,5,11798
1771906548.544,8,7,1,-709.40,912.50,1055.70,5,11798
1771906548.544,8,8,1,38.40,992.30,1302.80,5,11798
1771906548.544,8,9,1,-221.10,995.20,1293.80,5,11798
1771906548.544,8,10,1,-462.20,976.40,1294.60,5,11798
1771906548.544,8,11,1,-698.40,929.50,1304.90,5,11798
1771906548.544,8,0,1,49.50,922.30,750.70,5,11798
1771906548.544,8,1,1,-218.80,922.80,782.00,5,11798
1771906548.544,8,2,1,-465.80,914.50,787.40,5,11798
1771906548.544,8,3,1,-704.60,854.90,796.30,5,11798
1771906548.544,8,4,1,44.50,960.90,1039.90,5,11798
1771906548.544,8,5,1,-217.00,982.80,1042.30,5,11798
1771906548.544,8,6,1,-465.80,961.10,1049.20,5,11798
1771906548.544,8,7,1,-710.50,915.10,1054.80,5,11798
1771906548.544,8,8,1,35.40,985.00,1303.10,5,11798
1771906548.544,8,9,1,-220.90,997.20,1293.80,5,11798
1771906548.544,8,10,1,-462.90,981.40,1294.40,5,11798
1771906548.544,8,11,1,-696.90,925.80,1305.00,5,11798
1771906548.544,8,12,1,11.00,970.90,1562.40,5,11798
1771906548.544,8,13,1,-229.10,977.30,1539.10,5,11798
1771906548.544,8,14,1,-454.30,957.90,1534.80,5,11798
1771906548.544,8,15,1,-665.30,890.20,1542.00,5,11798
1771906548.654,1,0,1,464.90,771.90,996.50,5,7764921
1771906548.654,1,1,1,617.60,694.40,1018.70,5,7764921
1771906548.654,1,2,1,789.60,583.40,1057.70,5,7764921
1771906548.654,1,3,1,1055.10,424.00,1147.70,5,7764921
1771906548.654,1,4,1,483.60,796.30,831.90,5,7764921
1771906548.654,1,5,1,645.90,716.10,839.60,5,7764921
1771906548.654,1,6,1,814.20,593.60,850.80,5,7764921
1771906548.654,1,7,1,1026.60,420.20,872.10,9,7764921
1771906548.654,1,8,1,483.60,796.30,666.70,5,7764921
1771906548.654,1,9,1,651.40,720.30,658.10,5,7764921
1771906548.654,1,10,1,808.70,591.40,648.50,5,7764921
1771906548.654,1,11,1,1009.90,418.00,628.70,5,7764921
1771906548.654,1,12,1,467.20,774.90,500.60,5,7764921
1771906548.654,1,13,1,623.50,698.90,476.80,5,7764921
1771906548.654,1,14,1,795.50,585.90,438.20,5,7764921
1771906548.654,1,15,1,1045.10,422.70,355.10,5,7764921
1771906548.654,3,5,1,1150.30,-396.70,611.70,255,7768411
1771906548.654,3,8,1,1287.70,-746.40,916.50,5,7768411
1771906548.654,3,2,1,1484.60,-79.90,176.80,255,7768411
1771906548.654,3,3,1,1438.20,288.00,155.80,255,7768411
1771906548.654,3,10,1,1557.30,-70.40,940.90,255,7768411
1771906548.654,3,11,1,2610.30,773.50,1105.00,255,7768411
1771906548.654,3,12,1,1148.80,-688.90,1213.10,5,7768411
1771906548.654,3,13,1,1403.10,-430.00,1287.70,255,7768411
1771906548.654,3,14,1,824.20,-166.90,1045.90,255,7768411
1771906548.654,3,15,1,2795.30,850.20,1951.30,255,7768411
1771906548.655,8,0,1,47.80,918.40,753.30,9,11910
1771906548.655,8,6,1,-466.00,962.00,1048.90,5,11910
1771906548.655,8,7,1,-707.10,907.20,1057.40,5,11910
1771906548.655,8,8,1,35.00,984.00,1303.10,5,11910
1771906548.655,8,9,1,-220.50,1000.20,1293.60,5,11910
1771906548.655,8,10,1,-462.00,974.40,1294.70,5,11910
1771906548.655,8,11,1,-696.10,923.90,1305.10,5,11910
1771906548.655,8,12,1,7.10,961.00,1559.90,5,11910
1771906548.655,8,13,1,-229.20,976.30,1538.90,5,11910
1771906548.655,8,14,1,-453.40,950.20,1533.00,5,11910
1771906548.655,8,15,1,-669.20,900.20,1544.50,5,11910
1771906548.749,2,0,1,1146.20,687.80,1212.00,5,7765041
1771906548.749,2,1,1,2440.00,566.50,1720.90,255,7765041
1771906548.749,2,2,1,1437.90,86.10,1302.30,255,7765041
1771906548.749,2,3,1,2580.20,-761.10,1854.90,255,7765041
1771906548.749,2,4,1,1276.70,741.80,914.90,5,7765041
1771906548.749,2,5,1,2182.50,532.60,1023.90,255,7765041
1771906548.749,2,6,1,1027.50,140.10,870.60,255,7765041
1771906548.749,2,7,1,843.40,-41.70,853.20,255,7765041
1771906548.749,2,8,1,1295.00,749.40,581.10,5,7765041
1771906548.749,2,9,1,864.30,359.10,649.70,255,7765041
1771906548.749,2,10,1,4044.20,-257.00,227.50,255,7765041
1771906548.749,2,11,1,2586.50,-763.70,397.00,255,7765041
1771906548.749,2,12,1,1185.50,704.10,269.00,5,7765041
1771906548.749,2,13,1,1537.70,447.70,154.60,255,7765041
1771906548.749,2,14,1,1438.80,86.00,195.90,255,7765041
1771906548.749,2,15,1,1000.00,1285.40,-824000.00,5,7765041
1771906548.749,2,0,1,1149.70,689.20,1213.50,5,7765041
1771906548.749,2,1,1,2440.00,566.50,1720.90,255,7765041
1771906548.749,2,2,1,1437.90,86.10,1302.30,255,7765041
1771906548.749,2,3,1,2580.20,-761.10,1854.90,255,7765041
1771906548.749,2,4,1,1279.40,743.00,915.30,5,7765041
1771906548.749,2,5,1,2182.50,532.60,1023.90,255,7765041
1771906548.749,2,6,1,1027.50,140.10,870.60,255,7765041
1771906548.749,2,7,1,843.40,-41.70,853.20,255,7765041
1771906548.749,2,8,1,1310.60,755.90,578.80,5,7765041
1771906548.749,2,9,1,864.30,359.10,649.70,255,7765041
1771906548.749,2,10,1,4044.20,-257.00,227.50,255,7765041
1771906548.749,2,11,1,2586.50,-763.70,397.00,255,7765041
1771906548.749,2,12,1,1181.20,702.30,270.90,9,7765041
1771906548.749,2,13,1,1537.70,447.70,154.60,255,7765041
1771906548.749,2,14,1,1438.80,86.00,195.90,255,7765041
1771906548.749,2,15,1,1285.40,-224.70,224.30,255,7765041
1771906548.845,5,0,1,-21.90,-887.10,1541.10,5,11938
1771906548.845,5,1,1,-231.20,-960.30,1535.20,5,11938
1771906548.845,5,2,1,-459.00,-996.20,1543.30,5,11938
1771906548.845,5,3,1,-710.90,-1007.70,1571.50,5,11938
1771906548.845,5,4,1,4.60,-910.50,1305.50,5,11938
1771906548.845,5,5,1,-221.90,-989.80,1294.10,5,11938
1771906548.845,5,11,1,-758.40,-1026.40,1018.60,5,11938
1771906548.845,5,12,1,19.10,-856.20,795.80,9,11938
1771906548.845,5,13,1,-217.00,-935.90,774.00,5,11938
1771906548.845,5,14,1,-475.20,-980.20,745.60,9,11938
1771906548.845,5,15,1,-758.30,-973.10,716.50,9,11938
