time_ms,s1_c01,s1_c02,s1_c03,s1_c04,s1_c05,s1_c06,s1_c07,s1_c08,s1_c09,s1_c10,s1_c11,s1_c12,s1_c13,s1_c14,s1_c15,s1_c16,s2_c01,s2_c02,s2_c03,s2_c04,s2_c05,s2_c06,s2_c07,s2_c08,s2_c09,s2_c10,s2_c11,s2_c12,s2_c13,s2_c14,s2_c15,s2_c16,s3_c01,s3_c02,s3_c03,s3_c04,s3_c05,s3_c06,s3_c07,s3_c08,s3_c09,s3_c10,s3_c11,s3_c12,s3_c13,s3_c14,s3_c15,s3_c16,s4_c01,s4_c02,s4_c03,s4_c04,s4_c05,s4_c06,s4_c07,s4_c08,s4_c09,s4_c10,s4_c11,s4_c12,s4_c13,s4_c14,s4_c15,s4_c16,s5_c01,s5_c02,s5_c03,s5_c04,s5_c05,s5_c06,s5_c07,s5_c08,s5_c09,s5_c10,s5_c11,s5_c12,s5_c13,s5_c14,s5_c15,s5_c16,s6_c01,s6_c02,s6_c03,s6_c04,s6_c05,s6_c06,s6_c07,s6_c08,s6_c09,s6_c10,s6_c11,s6_c12,s6_c13,s6_c14,s6_c15,s6_c16
0,3000.0,2339.0435201304704,1244.5790614883301,923.7604307034013,3000.0,2339.0435201304704,1244.5790614883301,923.7604307034013,3000.0,2339.0435201304704,1244.5790614883301,923.7604307034013,3000.0,2339.0435201304704,1244.5790614883301,923.7604307034013,923.7604307034013,1244.5790614883301,2339.0435201304704,3000.0,923.7604307034013,1244.5790614883301,2339.0435201304704,3000.0,923.7604307034013,1244.5790614883301,2339.0435201304704,3000.0,923.7604307034013,1244.5790614883301,2339.0435201304704,3000.0,3000.0,3000.0,812.3412895085961,923.7604307034011,3000.0,3000.0,812.3412895085961,923.7604307034011,3000.0,3000.0,812.3412895085961,923.7604307034011,3000.0,3000.0,812.3412895085961,923.7604307034011,3000.0,3000.0,3000.0,3000.0,3000.0,3000.0,3000.0,3000.0,3000.0,3000.0,3000.0,3000.0,3000.0,3000.0,3000.0,3000.0,3000.0,3000.0,3000.0,3000.0,3000.0,3000.0,3000.0,3000.0,3000.0,3000.0,3000.0,3000.0,3000.0,3000.0,3000.0,3000.0,923.7604307034011,812.3412895085961,3000.0,3000.0,923.7604307034011,812.3412895085961,3000.0,3000.0,923.7604307034011,812.3412895085961,3000.0,3000.0,923.7604307034011,812.3412895085961,3000.0,3000.0
67,3000.0,2339.0435201304704,1244.5790614883301,923.7604307034013,3000.0,2339.0435201304704,1244.5790614883301,923.7604307034013,3000.0,2339.0435201304704,1244.5790614883301,923.7604307034013,3000.0,2339.0435201304704,1244.5790614883301,923.7604307034013,923.7604307034013,1244.5790614883301,2339.0435201304704,3000.0,923.7604307034013,1244.5790614883301,2339.0435201304704,3000.0,923.7604307034013,1244.5790614883301,2339.0435201304704,3000.0,923.7604307034013,1244.5790614883301,2339.0435201304704,3000.0,3000.0,3000.0,812.3412895085961,923.7604307034011,3000.0,3000.0,812.3412895085961,923.7604307034011,3000.0,3000.0,812.3412895085961,923.7604307034011,3000.0,3000.0,812.3412895085961,923.7604307034011,3000.0,3000.0,3000.0,3000.0,3000.0,3000.0,3000.0,3000.0,3000.0,3000.0,3000.0,3000.0,3000.0,3000.0,3000.0,3000.0,3000.0,3000.0,3000.0,3000.0,3000.0,3000.0,3000.0,3000.0,3000.0,3000.0,3000.0,3000.0,3000.0,3000.0,3000.0,3000.0,923.7604307034011,812.3412895085961,3000.0,3000.0,923.7604307034011,812.3412895085961,3000.0,3000.0,923.7604307034011,812.3412895085961,3000.0,3000.0,923.7604307034011,812.3412895085961,3000.0,3000.0
133,3000.0,2339.0435201304704,1244.5790614883301,923.7604307034013,3000.0,2339.0435201304704,1244.5790614883301,923.7604307034013,3000.0,2339.0435201304704,1244.5790614883301,923.7604307034013,3000.0,2339.0435201304704,1244.5790614883301,923.7604307034013,923.7604307034013,1244.5790614883301,2339.0435201304704,3000.0,923.7604307034013,1244.5790614883301,2339.0435201304704,3000.0,923.7604307034013,1244.5790614883301,2339.0435201304704,3000.0,923.7604307034013,1244.5790614883301,2339.0435201304704,3000.0,3000.0,3000.0,812.3412895085961,923.7604307034011,3000.0,3000.0,812.3412895085961,923.7604307034011,3000.0,3000.0,812.3412895085961,923.7604307034011,3000.0,3000.0,812.3412895085961,923.7604307034011,3000.0,3000.0,3000.0,3000.0,3000.0,3000.0,3000.0,3000.0,3000.0,3000.0,3000.0,3000.0,3000.0,3000.0,3000.0,3000.0,3000.0,3000.0,3000.0,3000.0,3000.0,3000.0,3000.0,3000.0,3000.0,3000.0,3000.0,3000.0,3000.0,3000.0,3000.0,3000.0,923.7604307034011,812.3412895085961,3000.0,3000.0,923.7604307034011,812.3412895085961,3000.0,3000.0,923.7604307034011,812.3412895085961,3000.0,3000.0,923.7604307034011,812.3412895085961,3000.0,3000.0
200,3000.0,2339.0435201304704,1244.5790614883301,923.7604307034013,3000.0,2339.0435201304704,1244.5790614883301,923.7604307034013,3000.0,2339.0435201304704,1244.5790614883301,923.7604307034013,3000.0,2339.0435201304704,1244.5790614883301,923.7604307034013,923.7604307034013,1244.5790614883301,2339.0435201304704,3000.0,923.7604307034013,1244.5790614883301,2339.0435201304704,3000.0,923.7604307034013,1244.5790614883301,2339.0435201304704,3000.0,923.7604307034013,1244.5790614883301,2339.0435201304704,3000.0,3000.0,3000.0,812.3412895085961,923.7604307034011,3000.0,3000.0,812.3412895085961,923.7604307034011,3000.0,3000.0,812.3412895085961,923.7604307034011,3000.0,3000.0,812.3412895085961,923.7604307034011,3000.0,3000.0,3000.0,3000.0,3000.0,3000.0,3000.0,3000.0,3000.0,3000.0,3000.0,3000.0,3000.0,3000.0,3000.0,3000.0,3000.0,3000.0,3000.0,3000.0,3000.0,3000.0,3000.0,3000.0,3000.0,3000.0,3000.0,3000.0,3000.0,3000.0,3000.0,3000.0,923.7604307034011,812.3412895085961,3000.0,3000.0,923.7604307034011,812.3412895085961,3000.0,3000.0,923.7604307034011,812.3412895085961,3000.0,3000.0,923.7604307034011,812.3412895085961,3000.0,3000.0
267,3000.0,2339.0435201304704,1244.5790614883301,923.7604307034013,3000.0,2339.0435201304704,1244.5790614883301,923.7604307034013,3000.0,2339.0435201304704,1244.5790614883301,923.7604307034013,3000.0,2339.0435201304704,1244.5790614883301,923.7604307034013,923.7604307034013,1244.5790614883301,2339.0435201304704,3000.0,923.7604307034013,1244.5790614883301,2339.0435201304704,3000.0,923.7604307034013,1244.5790614883301,2339.0435201304704,3000.0,923.7604307034013,1244.5790614883301,2339.0435201304704,3000.0,3000.0,3000.0,812.3412895085961,923.7604307034011,3000.0,3000.0,812.3412895085961,923.7604307034011,3000.0,3000.0,812.3412895085961,923.7604307034011,3000.0,3000.0,812.3412895085961,923.7604307034011,3000.0,3000.0,3000.0,3000.0,3000.0,3000.0,3000.0,3000.0,3000.0,3000.0,3000.0,3000.0,3000.0,3000.0,3000.0,3000.0,3000.0,3000.0,3000.0,3000.0,3000.0,3000.0,3000.0,3000.0,3000.0,3000.0,3000.0,3000.0,3000.0,3000.0,3000.0,3000.0,923.7604307034011,812.3412895085961,3000.0,3000.0,923.7604307034011,812.3412895085961,3000.0,3000.0,923.7604307034011,812.3412895085961,3000.0,3000.0,923.7604307034011,812.3412895085961,3000.0,3000.0
333,3000.0,2339.0435201304704,1244.5790614883301,923.7604307034013,3000.0,2339.0435201304704,1244.5790614883301,923.7604307034013,3000.0,2339.0435201304704,1244.5790614883301,923.7604307034013,3000.0,2339.0435201304704,1244.5790614883301,923.7604307034013,923.7604307034013,1244.5790614883301,2339.0435201304704,3000.0,923.7604307034013,1244.5790614883301,2339.0435201304704,3000.0,923.7604307034013,1244.5790614883301,2339.0435201304704,3000.0,923.7604307034013,1244.5790614883301,2339.0435201304704,3000.0,3000.0,3000.0,812.3412895085961,923.7604307034011,3000.0,3000.0,812.3412895085961,923.7604307034011,3000.0,3000.0,812.3412895085961,923.7604307034011,3000.0,3000.0,812.3412895085961,923.7604307034011,3000.0,3000.0,3000.0,3000.0,3000.0,3000.0,3000.0,3000.0,3000.0,3000.0,3000.0,3000.0,3000.0,3000.0,3000.0,3000.0,3000.0,3000.0,3000.0,3000.0,3000.0,3000.0,3000.0,3000.0,3000.0,3000.0,3000.0,3000.0,3000.0,3000.0,3000.0,3000.0,923.7604307034011,812.3412895085961,3000.0,3000.0,923.7604307034011,812.3412895085961,3000.0,3000.0,923.7604307034011,812.3412895085961,3000.0,3000.0,923.7604307034011,812.3412895085961,3000.0,3000.0
400,3000.0,2339.0435201304704,1244.5790614883301,923.7604307034013,3000.0,2339.0435201304704,1244.5790614883301,923.7604307034013,3000.0,2339.0435201304704,1244.5790614883301,923.7604307034013,3000.0,2339.0435201304704,1244.5790614883301,923.7604307034013,923.7604307034013,1244.5790614883301,2339.0435201304704,3000.0,923.7604307034013,1244.5790614883301,2339.0435201304704,3000.0,923.7604307034013,1244.5790614883301,2339.0435201304704,3000.0,923.7604307034013,1244.5790614883301,2339.0435201304704,3000.0,3000.0,3000.0,812.3412895085961,923.7604307034011,3000.0,3000.0,812.3412895085961,923.7604307034011,3000.0,3000.0,812.3412895085961,923.7604307034011,3000.0,3000.0,812.3412895085961,923.7604307034011,3000.0,3000.0,3000.0,3000.0,3000.0,3000.0,3000.0,3000.0,3000.0,3000.0,3000.0,3000.0,3000.0,3000.0,3000.0,3000.0,3000.0,3000.0,3000.0,3000.0,3000.0,3000.0,3000.0,3000.0,3000.0,3000.0,3000.0,3000.0,3000.0,3000.0,3000.0,3000.0,923.7604307034011,812.3412895085961,3000.0,3000.0,923.7604307034011,812.3412895085961,3000.0,3000.0,923.7604307034011,812.3412895085961,3000.0,3000.0,923.7604307034011,812.3412895085961,3000.0,3000.0
467,3000.0,2339.0435201304704,1244.5790614883301,923.7604307034013,3000.0,2339.0435201304704,1244.5790614883301,923.7604307034013,3000.0,2339.0435201304704,1244.5790614883301,923.7604307034013,3000.0,2339.0435201304704,1244.5790614883301,923.7604307034013,923.7604307034013,1244.5790614883301,2339.0435201304704,3000.0,923.7604307034013,1244.5790614883301,2339.0435201304704,3000.0,923.7604307034013,1244.5790614883301,2339.0435201304704,3000.0,923.7604307034013,1244.5790614883301,2339.0435201304704,3000.0,3000.0,3000.0,812.3412895085961,923.7604307034011,3000.0,3000.0,812.3412895085961,923.7604307034011,3000.0,3000.0,812.3412895085961,923.7604307034011,3000.0,3000.0,812.3412895085961,923.7604307034011,3000.0,3000.0,3000.0,3000.0,3000.0,3000.0,3000.0,3000.0,3000.0,3000.0,3000.0,3000.0,3000.0,3000.0,3000.0,3000.0,3000.0,3000.0,3000.0,3000.0,3000.0,3000.0,3000.0,3000.0,3000.0,3000.0,3000.0,3000.0,3000.0,3000.0,3000.0,3000.0,923.7604307034011,812.3412895085961,3000.0,3000.0,923.7604307034011,812.3412895085961,3000.0,3000.0,923.7604307034011,812.3412895085961,3000.0,3000.0,923.7604307034011,812.3412895085961,3000.0,3000.0
533,3000.0,2339.0435201304704,1244.5790614883301,923.7604307034013,3000.0,2339.0435201304704,1244.5790614883301,923.7604307034013,3000.0,2339.0435201304704,1244.5790614883301,923.7604307034013,3000.0,2339.0435201304704,1244.5790614883301,923.7604307034013,923.7604307034013,1244.5790614883301,2339.0435201304704,3000.0,923.7604307034013,1244.5790614883301,2339.0435201304704,3000.0,923.7604307034013,1244.5790614883301,2339.0435201304704,3000.0,923.7604307034013,1244.5790614883301,2339.0435201304704,3000.0,3000.0,812.3412895085961,812.3412895085961,923.7604307034011,3000.0,812.3412895085961,812.3412895085961,923.7604307034011,3000.0,812.3412895085961,812.3412895085961,923.7604307034011,3000.0,812.3412895085961,812.3412895085961,923.7604307034011,3000.0,3000.0,3000.0,3000.0,3000.0,3000.0,3000.0,3000.0,3000.0,3000.0,3000.0,3000.0,3000.0,3000.0,3000.0,3000.0,3000.0,3000.0,3000.0,3000.0,3000.0,3000.0,3000.0,3000.0,3000.0,3000.0,3000.0,3000.0,3000.0,3000.0,3000.0,3000.0,923.7604307034011,812.3412895085961,812.3412895085961,3000.0,923.7604307034011,812.3412895085961,812.3412895085961,3000.0,923.7604307034011,812.3412895085961,812.3412895085961,3000.0,923.7604307034011,812.3412895085961,812.3412895085961,3000.0
600,3000.0,2339.0435201304704,1244.5790614883301,923.7604307034013,3000.0,2339.0435201304704,1244.5790614883301,923.7604307034013,3000.0,2339.0435201304704,1244.5790614883301,923.7604307034013,3000.0,2339.0435201304704,1244.5790614883301,923.7604307034013,923.7604307034013,1244.5790614883301,2339.0435201304704,3000.0,923.7604307034013,1244.5790614883301,2339.0435201304704,3000.0,923.7604307034013,1244.5790614883301,2339.0435201304704,3000.0,923.7604307034013,1244.5790614883301,2339.0435201304704,3000.0,3000.0,812.3412895085961,812.3412895085961,923.7604307034011,3000.0,812.3412895085961,812.3412895085961,923.7604307034011,3000.0,812.3412895085961,812.3412895085961,923.7604307034011,3000.0,812.3412895085961,812.3412895085961,923.7604307034011,3000.0,3000.0,3000.0,3000.0,3000.0,3000.0,3000.0,3000.0,3000.0,3000.0,3000.0,3000.0,3000.0,3000.0,3000.0,3000.0,3000.0,3000.0,3000.0,3000.0,3000.0,3000.0,3000.0,3000.0,3000.0,3000.0,3000.0,3000.0,3000.0,3000.0,3000.0,3000.0,923.7604307034011,812.3412895085961,812.3412895085961,3000.0,923.7604307034011,812.3412895085961,812.3412895085961,3000.0,923.7604307034011,812.3412895085961,812.3412895085961,3000.0,923.7604307034011,812.3412895085961,812.3412895085961,3000.0
667,3000.0,2339.0435201304704,1244.5790614883301,923.7604307034013,3000.0,2339.0435201304704,1244.5790614883301,923.7604307034013,3000.0,2339.0435201304704,1244.5790614883301,923.7604307034013,3000.0,2339.0435201304704,1244.5790614883301,923.7604307034013,923.7604307034013,1244.5790614883301,2339.0435201304704,3000.0,923.7604307034013,1244.5790614883301,2339.0435201304704,3000.0,923.7604307034013,1244.5790614883301,2339.0435201304704,3000.0,923.7604307034013,1244.5790614883301,2339.0435201304704,3000.0,3000.0,812.3412895085961,812.3412895085961,923.7604307034011,3000.0,812.3412895085961,812.3412895085961,923.7604307034011,3000.0,812.3412895085961,812.3412895085961,923.7604307034011,3000.0,812.3412895085961,812.3412895085961,923.7604307034011,3000.0,3000.0,3000.0,3000.0,3000.0,3000.0,3000.0,3000.0,3000.0,3000.0,3000.0,3000.0,3000.0,3000.0,3000.0,3000.0,3000.0,3000.0,3000.0,3000.0,3000.0,3000.0,3000.0,3000.0,3000.0,3000.0,3000.0,3000.0,3000.0,3000.0,3000.0,3000.0,923.7604307034011,812.3412895085961,812.3412895085961,3000.0,923.7604307034011,812.3412895085961,812.3412895085961,3000.0,923.7604307034011,812.3412895085961,812.3412895085961,3000.0,923.7604307034011,812.3412895085961,812.3412895085961,3000.0
733,3000.0,2339.0435201304704,1244.5790614883301,923.7604307034013,3000.0,2339.0435201304704,1244.5790614883301,923.7604307034013,3000.0,2339.0435201304704,1244.5790614883301,923.7604307034013,3000.0,2339.0435201304704,1244.5790614883301,923.7604307034013,923.7604307034013,1244.5790614883301,2339.0435201304704,3000.0,923.7604307034013,1244.5790614883301,2339.0435201304704,3000.0,923.7604307034013,1244.5790614883301,2339.0435201304704,3000.0,923.7604307034013,1244.5790614883301,2339.0435201304704,3000.0,3000.0,812.3412895085961,812.3412895085961,923.7604307034011,3000.0,812.3412895085961,812.3412895085961,923.7604307034011,3000.0,812.3412895085961,812.3412895085961,923.7604307034011,3000.0,812.3412895085961,812.3412895085961,923.7604307034011,3000.0,3000.0,3000.0,3000.0,3000.0,3000.0,3000.0,3000.0,3000.0,3000.0,3000.0,3000.0,3000.0,3000.0,3000.0,3000.0,3000.0,3000.0,3000.0,3000.0,3000.0,3000.0,3000.0,3000.0,3000.0,3000.0,3000.0,3000.0,3000.0,3000.0,3000.0,3000.0,923.7604307034011,812.3412895085961,812.3412895085961,3000.0,923.7604307034011,812.3412895085961,812.3412895085961,3000.0,923.7604307034011,812.3412895085961,812.3412895085961,3000.0,923.7604307034011,812.3412895085961,812.3412895085961,3000.0
800,3000.0,2339.0435201304704,1244.5790614883301,923.7604307034013,3000.0,2339.0435201304704,1244.5790614883301,923.7604307034013,3000.0,2339.0435201304704,1244.5790614883301,923.7604307034013,3000.0,2339.0435201304704,1244.5790614883301,923.7604307034013,923.7604307034013,1244.5790614883301,2339.0435201304704,3000.0,923.7604307034013,1244.5790614883301,2339.0435201304704,3000.0,923.7604307034013,1244.5790614883301,2339.0435201304704,3000.0,923.7604307034013,1244.5790614883301,2339.0435201304704,3000.0,3000.0,812.3412895085961,812.3412895085961,923.7604307034011,3000.0,812.3412895085961,812.3412895085961,923.7604307034011,3000.0,812.3412895085961,812.3412895085961,923.7604307034011,3000.0,812.3412895085961,812.3412895085961,923.7604307034011,3000.0,3000.0,3000.0,3000.0,3000.0,3000.0,3000.0,3000.0,3000.0,3000.0,3000.0,3000.0,3000.0,3000.0,3000.0,3000.0,3000.0,3000.0,3000.0,3000.0,3000.0,3000.0,3000.0,3000.0,3000.0,3000.0,3000.0,3000.0,3000.0,3000.0,3000.0,3000.0,923.7604307034011,812.3412895085961,812.3412895085961,3000.0,923.7604307034011,812.3412895085961,812.3412895085961,3000.0,923.7604307034011,812.3412895085961,812.3412895085961,3000.0,923.7604307034011,812.3412895085961,812.3412895085961,3000.0
867,3000.0,2339.0435201304704,1244.5790614883301,923.7604307034013,3000.0,2339.0435201304704,1244.5790614883301,923.7604307034013,3000.0,2339.0435201304704,1244.5790614883301,923.7604307034013,3000.0,2339.0435201304704,1244.5790614883301,923.7604307034013,923.7604307034013,1244.5790614883301,2339.0435201304704,3000.0,923.7604307034013,1244.5790614883301,2339.0435201304704,3000.0,923.7604307034013,1244.5790614883301,2339.0435201304704,3000.0,923.7604307034013,1244.5790614883301,2339.0435201304704,3000.0,3000.0,812.3412895085961,812.3412895085961,923.7604307034011,3000.0,812.3412895085961,812.3412895085961,923.7604307034011,3000.0,812.3412895085961,812.3412895085961,923.7604307034011,3000.0,812.3412895085961,812.3412895085961,923.7604307034011,3000.0,3000.0,3000.0,3000.0,3000.0,3000.0,3000.0,3000.0,3000.0,3000.0,3000.0,3000.0,3000.0,3000.0,3000.0,3000.0,3000.0,3000.0,3000.0,3000.0,3000.0,3000.0,3000.0,3000.0,3000.0,3000.0,3000.0,3000.0,3000.0,3000.0,3000.0,3000.0,923.7604307034011,812.3412895085961,812.3412895085961,3000.0,923.7604307034011,812.3412895085961,812.3412895085961,3000.0,923.7604307034011,812.3412895085961,812.3412895085961,3000.0,923.7604307034011,812.3412895085961,812.3412895085961,3000.0
933,3000.0,2339.0435201304704,1244.5790614883301,923.7604307034013,3000.0,2339.0435201304704,1244.5790614883301,923.7604307034013,3000.0,2339.0435201304704,1244.5790614883301,923.7604307034013,3000.0,2339.0435201304704,1244.5790614883301,923.7604307034013,923.7604307034013,1244.5790614883301,2339.0435201304704,3000.0,923.7604307034013,1244.5790614883301,2339.0435201304704,3000.0,923.7604307034013,1244.5790614883301,2339.0435201304704,3000.0,923.7604307034013,1244.5790614883301,2339.0435201304704,3000.0,3000.0,812.3412895085961,812.3412895085961,923.7604307034011,3000.0,812.3412895085961,812.3412895085961,923.7604307034011,3000.0,812.3412895085961,812.3412895085961,923.7604307034011,3000.0,812.3412895085961,812.3412895085961,923.7604307034011,3000.0,3000.0,3000.0,3000.0,3000.0,3000.0,3000.0,3000.0,3000.0,3000.0,3000.0,3000.0,3000.0,3000.0,3000.0,3000.0,3000.0,3000.0,3000.0,3000.0,3000.0,3000.0,3000.0,3000.0,3000.0,3000.0,3000.0,3000.0,3000.0,3000.0,3000.0,3000.0,923.7604307034011,812.3412895085961,812.3412895085961,3000.0,923.7604307034011,812.3412895085961,812.3412895085961,3000.0,923.7604307034011,812.3412895085961,812.3412895085961,3000.0,923.7604307034011,812.3412895085961,812.3412895085961,3000.0
1000,3000.0,2339.0435201304704,1244.5790614883301,923.7604307034013,3000.0,2339.0435201304704,1244.5790614883301,923.7604307034013,3000.0,2339.0435201304704,1244.5790614883301,923.7604307034013,3000.0,2339.0435201304704,1244.5790614883301,923.7604307034013,923.7604307034013,1244.5790614883301,2339.0435201304704,3000.0,923.7604307034013,1244.5790614883301,2339.0435201304704,3000.0,923.7604307034013,1244.5790614883301,2339.0435201304704,3000.0,923.7604307034013,1244.5790614883301,2339.0435201304704,3000.0,3000.0,812.3412895085961,812.3412895085961,923.7604307034011,3000.0,812.3412895085961,812.3412895085961,923.7604307034011,3000.0,812.3412895085961,812.3412895085961,923.7604307034011,3000.0,812.3412895085961,812.3412895085961,923.7604307034011,3000.0,3000.0,3000.0,3000.0,3000.0,3000.0,3000.0,3000.0,3000.0,3000.0,3000.0,3000.0,3000.0,3000.0,3000.0,3000.0,3000.0,3000.0,3000.0,3000.0,3000.0,3000.0,3000.0,3000.0,3000.0,3000.0,3000.0,3000.0,3000.0,3000.0,3000.0,3000.0,923.7604307034011,812.3412895085961,812.3412895085961,3000.0,923.7604307034011,812.3412895085961,812.3412895085961,3000.0,923.7604307034011,812.3412895085961,812.3412895085961,3000.0,923.7604307034011,812.3412895085961,812.3412895085961,3000.0
1067,3000.0,2339.0435201304704,1244.5790614883301,923.7604307034013,3000.0,2339.0435201304704,1244.5790614883301,923.7604307034013,3000.0,2339.0435201304704,1244.5790614883301,923.7604307034013,3000.0,2339.0435201304704,1244.5790614883301,923.7604307034013,923.7604307034013,1244.5790614883301,2339.0435201304704,3000.0,923.7604307034013,1244.5790614883301,2339.0435201304704,3000.0,923.7604307034013,1244.5790614883301,2339.0435201304704,3000.0,923.7604307034013,1244.5790614883301,2339.0435201304704,3000.0,3000.0,812.3412895085961,812.3412895085961,923.7604307034011,3000.0,812.3412895085961,812.3412895085961,923.7604307034011,3000.0,812.3412895085961,812.3412895085961,923.7604307034011,3000.0,812.3412895085961,812.3412895085961,923.7604307034011,3000.0,3000.0,3000.0,3000.0,3000.0,3000.0,3000.0,3000.0,3000.0,3000.0,3000.0,3000.0,3000.0,3000.0,3000.0,3000.0,3000.0,3000.0,3000.0,3000.0,3000.0,3000.0,3000.0,3000.0,3000.0,3000.0,3000.0,3000.0,3000.0,3000.0,3000.0,3000.0,923.7604307034011,812.3412895085961,812.3412895085961,3000.0,923.7604307034011,812.3412895085961,812.3412895085961,3000.0,923.7604307034011,812.3412895085961,812.3412895085961,3000.0,923.7604307034011,812.3412895085961,812.3412895085961,3000.0
1133,3000.0,2339.0435201304704,1244.5790614883301,923.7604307034013,3000.0,2339.0435201304704,1244.5790614883301,923.7604307034013,3000.0,2339.0435201304704,1244.5790614883301,923.7604307034013,3000.0,2339.0435201304704,1244.5790614883301,923.7604307034013,923.7604307034013,1244.5790614883301,2339.0435201304704,3000.0,923.7604307034013,1244.5790614883301,2339.0435201304704,3000.0,923.7604307034013,1244.5790614883301,2339.0435201304704,3000.0,923.7604307034013,1244.5790614883301,2339.0435201304704,3000.0,3000.0,812.3412895085961,812.3412895085961,923.7604307034011,3000.0,812.3412895085961,812.3412895085961,923.7604307034011,3000.0,812.3412895085961,812.3412895085961,923.7604307034011,3000.0,812.3412895085961,812.3412895085961,923.7604307034011,3000.0,3000.0,3000.0,3000.0,3000.0,3000.0,3000.0,3000.0,3000.0,3000.0,3000.0,3000.0,3000.0,3000.0,3000.0,3000.0,3000.0,3000.0,3000.0,3000.0,3000.0,3000.0,3000.0,3000.0,3000.0,3000.0,3000.0,3000.0,3000.0,3000.0,3000.0,3000.0,923.7604307034011,812.3412895085961,812.3412895085961,3000.0,923.7604307034011,812.3412895085961,812.3412895085961,3000.0,923.7604307034011,812.3412895085961,812.3412895085961,3000.0,923.7604307034011,812.3412895085961,812.3412895085961,3000.0
1200,3000.0,2339.0435201304704,1244.5790614883301,923.7604307034013,3000.0,2339.0435201304704,1244.5790614883301,923.7604307034013,3000.0,2339.0435201304704,1244.5790614883301,923.7604307034013,3000.0,2339.0435201304704,1244.5790614883301,923.7604307034013,923.7604307034013,1244.5790614883301,2339.0435201304704,3000.0,923.7604307034013,1244.5790614883301,2339.0435201304704,3000.0,923.7604307034013,1244.5790614883301,2339.0435201304704,3000.0,923.7604307034013,1244.5790614883301,2339.0435201304704,3000.0,3000.0,812.3412895085961,812.3412895085961,923.7604307034011,3000.0,812.3412895085961,812.3412895085961,923.7604307034011,3000.0,812.3412895085961,812.3412895085961,923.7604307034011,3000.0,812.3412895085961,812.3412895085961,923.7604307034011,3000.0,3000.0,3000.0,3000.0,3000.0,3000.0,3000.0,3000.0,3000.0,3000.0,3000.0,3000.0,3000.0,3000.0,3000.0,3000.0,3000.0,3000.0,3000.0,3000.0,3000.0,3000.0,3000.0,3000.0,3000.0,3000.0,3000.0,3000.0,3000.0,3000.0,3000.0,3000.0,923.7604307034011,812.3412895085961,812.3412895085961,3000.0,923.7604307034011,812.3412895085961,812.3412895085961,3000.0,923.7604307034011,812.3412895085961,812.3412895085961,3000.0,923.7604307034011,812.3412895085961,812.3412895085961,3000.0
1267,3000.0,2339.0435201304704,1244.5790614883301,923.7604307034013,3000.0,2339.0435201304704,1244.5790614883301,923.7604307034013,3000.0,2339.0435201304704,1244.5790614883301,923.7604307034013,3000.0,2339.0435201304704,1244.5790614883301,923.7604307034013,923.7604307034013,1244.5790614883301,2339.0435201304704,3000.0,923.7604307034013,1244.5790614883301,2339.0435201304704,3000.0,923.7604307034013,1244.5790614883301,2339.0435201304704,3000.0,923.7604307034013,1244.5790614883301,2339.0435201304704,3000.0,3000.0,812.3412895085961,812.3412895085961,923.7604307034011,3000.0,812.3412895085961,812.3412895085961,923.7604307034011,3000.0,812.3412895085961,812.3412895085961,923.7604307034011,3000.0,812.3412895085961,812.3412895085961,923.7604307034011,3000.0,3000.0,3000.0,3000.0,3000.0,3000.0,3000.0,3000.0,3000.0,3000.0,3000.0,3000.0,3000.0,3000.0,3000.0,3000.0,3000.0,3000.0,3000.0,3000.0,3000.0,3000.0,3000.0,3000.0,3000.0,3000.0,3000.0,3000.0,3000.0,3000.0,3000.0,3000.0,923.7604307034011,812.3412895085961,812.3412895085961,3000.0,923.7604307034011,812.3412895085961,812.3412895085961,3000.0,923.7604307034011,812.3412895085961,812.3412895085961,3000.0,923.7604307034011,812.3412895085961,812.3412895085961,3000.0
1333,3000.0,2339.0435201304704,1244.5790614883301,923.7604307034013,3000.0,2339.0435201304704,1244.5790614883301,923.7604307034013,3000.0,2339.0435201304704,1244.5790614883301,923.7604307034013,3000.0,2339.0435201304704,1244.5790614883301,923.7604307034013,923.7604307034013,1244.5790614883301,2339.0435201304704,3000.0,923.7604307034013,1244.5790614883301,2339.0435201304704,3000.0,923.7604307034013,1244.5790614883301,2339.0435201304704,3000.0,923.7604307034013,1244.5790614883301,2339.0435201304704,3000.0,3000.0,812.3412895085961,812.3412895085961,923.7604307034011,3000.0,812.3412895085961,812.3412895085961,923.7604307034011,3000.0,812.3412895085961,812.3412895085961,923.7604307034011,3000.0,812.3412895085961,812.3412895085961,923.7604307034011,3000.0,3000.0,3000.0,3000.0,3000.0,3000.0,3000.0,3000.0,3000.0,3000.0,3000.0,3000.0,3000.0,3000.0,3000.0,3000.0,3000.0,3000.0,3000.0,3000.0,3000.0,3000.0,3000.0,3000.0,3000.0,3000.0,3000.0,3000.0,3000.0,3000.0,3000.0,3000.0,923.7604307034011,812.3412895085961,812.3412895085961,3000.0,923.7604307034011,812.3412895085961,812.3412895085961,3000.0,923.7604307034011,812.3412895085961,812.3412895085961,3000.0,923.7604307034011,812.3412895085961,812.3412895085961,3000.0
1400,3000.0,2339.0435201304704,1244.5790614883301,923.7604307034013,3000.0,2339.0435201304704,1244.5790614883301,923.7604307034013,3000.0,2339.0435201304704,1244.5790614883301,923.7604307034013,3000.0,2339.0435201304704,1244.5790614883301,923.7604307034013,923.7604307034013,1244.5790614883301,2339.0435201304704,3000.0,923.7604307034013,1244.5790614883301,2339.0435201304704,3000.0,923.7604307034013,1244.5790614883301,2339.0435201304704,3000.0,923.7604307034013,1244.5790614883301,2339.0435201304704,3000.0,3000.0,812.3412895085961,812.3412895085961,923.7604307034011,3000.0,812.3412895085961,812.3412895085961,923.7604307034011,3000.0,812.3412895085961,812.3412895085961,923.7604307034011,3000.0,812.3412895085961,812.3412895085961,923.7604307034011,3000.0,3000.0,3000.0,3000.0,3000.0,3000.0,3000.0,3000.0,3000.0,3000.0,3000.0,3000.0,3000.0,3000.0,3000.0,3000.0,3000.0,3000.0,3000.0,3000.0,3000.0,3000.0,3000.0,3000.0,3000.0,3000.0,3000.0,3000.0,3000.0,3000.0,3000.0,3000.0,923.7604307034011,812.3412895085961,812.3412895085961,3000.0,923.7604307034011,812.3412895085961,812.3412895085961,3000.0,923.7604307034011,812.3412895085961,812.3412895085961,3000.0,923.7604307034011,812.3412895085961,812.3412895085961,3000.0
1467,3000.0,2339.0435201304704,1244.5790614883301,923.7604307034013,3000.0,2339.0435201304704,1244.5790614883301,923.7604307034013,3000.0,2339.0435201304704,1244.5790614883301,923.7604307034013,3000.0,2339.0435201304704,1244.5790614883301,923.7604307034013,923.7604307034013,1244.5790614883301,2339.0435201304704,3000.0,923.7604307034013,1244.5790614883301,2339.0435201304704,3000.0,923.7604307034013,1244.5790614883301,2339.0435201304704,3000.0,923.7604307034013,1244.5790614883301,2339.0435201304704,3000.0,3000.0,812.3412895085961,812.3412895085961,923.7604307034011,3000.0,812.3412895085961,812.3412895085961,923.7604307034011,3000.0,812.3412895085961,812.3412895085961,923.7604307034011,3000.0,812.3412895085961,812.3412895085961,923.7604307034011,3000.0,3000.0,3000.0,3000.0,3000.0,3000.0,3000.0,3000.0,3000.0,3000.0,3000.0,3000.0,3000.0,3000.0,3000.0,3000.0,3000.0,3000.0,3000.0,3000.0,3000.0,3000.0,3000.0,3000.0,3000.0,3000.0,3000.0,3000.0,3000.0,3000.0,3000.0,3000.0,923.7604307034011,812.3412895085961,812.3412895085961,3000.0,923.7604307034011,812.3412895085961,812.3412895085961,3000.0,923.7604307034011,812.3412895085961,812.3412895085961,3000.0,923.7604307034011,812.3412895085961,812.3412895085961,3000.0
1533,3000.0,2339.0435201304704,1244.5790614883301,923.7604307034013,3000.0,2339.0435201304704,1244.5790614883301,923.7604307034013,3000.0,2339.0435201304704,1244.5790614883301,923.7604307034013,3000.0,2339.0435201304704,1244.5790614883301,923.7604307034013,923.7604307034013,1244.5790614883301,2339.0435201304704,3000.0,923.7604307034013,1244.5790614883301,2339.0435201304704,3000.0,923.7604307034013,1244.5790614883301,2339.0435201304704,3000.0,923.7604307034013,1244.5790614883301,2339.0435201304704,3000.0,3000.0,812.3412895085961,812.3412895085961,923.7604307034011,3000.0,812.3412895085961,812.3412895085961,923.7604307034011,3000.0,812.3412895085961,812.3412895085961,923.7604307034011,3000.0,812.3412895085961,812.3412895085961,923.7604307034011,3000.0,3000.0,3000.0,3000.0,3000.0,3000.0,3000.0,3000.0,3000.0,3000.0,3000.0,3000.0,3000.0,3000.0,3000.0,3000.0,3000.0,3000.0,3000.0,3000.0,3000.0,3000.0,3000.0,3000.0,3000.0,3000.0,3000.0,3000.0,3000.0,3000.0,3000.0,3000.0,923.7604307034011,812.3412895085961,812.3412895085961,3000.0,923.7604307034011,812.3412895085961,812.3412895085961,3000.0,923.7604307034011,812.3412895085961,812.3412895085961,3000.0,923.7604307034011,812.3412895085961,812.3412895085961,3000.0
1600,3000.0,2339.0435201304704,1244.5790614883301,923.7604307034013,3000.0,2339.0435201304704,1244.5790614883301,923.7604307034013,3000.0,2339.0435201304704,1244.5790614883301,923.7604307034013,3000.0,2339.0435201304704,1244.5790614883301,923.7604307034013,923.7604307034013,1244.5790614883301,2339.0435201304704,3000.0,923.7604307034013,1244.5790614883301,2339.0435201304704,3000.0,923.7604307034013,1244.5790614883301,2339.0435201304704,3000.0,923.7604307034013,1244.5790614883301,2339.0435201304704,3000.0,923.7604307034011,812.3412895085961,812.3412895085961,923.7604307034011,923.7604307034011,812.3412895085961,812.3412895085961,923.7604307034011,923.7604307034011,812.3412895085961,812.3412895085961,923.7604307034011,923.7604307034011,812.3412895085961,812.3412895085961,923.7604307034011,923.7604307034013,3000.0,3000.0,3000.0,923.7604307034013,3000.0,3000.0,3000.0,923.7604307034013,3000.0,3000.0,3000.0,923.7604307034013,3000.0,3000.0,3000.0,3000.0,3000.0,3000.0,923.7604307034013,3000.0,3000.0,3000.0,923.7604307034013,3000.0,3000.0,3000.0,923.7604307034013,3000.0,3000.0,3000.0,923.7604307034013,923.7604307034011,812.3412895085961,812.3412895085961,923.7604307034011,923.7604307034011,812.3412895085961,812.3412895085961,923.7604307034011,923.7604307034011,812.3412895085961,812.3412895085961,923.7604307034011,923.7604307034011,812.3412895085961,812.3412895085961,923.7604307034011
1667,3000.0,2339.0435201304704,1244.5790614883301,923.7604307034013,3000.0,2339.0435201304704,1244.5790614883301,923.7604307034013,3000.0,2339.0435201304704,1244.5790614883301,923.7604307034013,3000.0,2339.0435201304704,1244.5790614883301,923.7604307034013,923.7604307034013,1244.5790614883301,2339.0435201304704,3000.0,923.7604307034013,1244.5790614883301,2339.0435201304704,3000.0,923.7604307034013,1244.5790614883301,2339.0435201304704,3000.0,923.7604307034013,1244.5790614883301,2339.0435201304704,3000.0,923.7604307034011,812.3412895085961,812.3412895085961,923.7604307034011,923.7604307034011,812.3412895085961,812.3412895085961,923.7604307034011,923.7604307034011,812.3412895085961,812.3412895085961,923.7604307034011,923.7604307034011,812.3412895085961,812.3412895085961,923.7604307034011,923.7604307034013,3000.0,3000.0,3000.0,923.7604307034013,3000.0,3000.0,3000.0,923.7604307034013,3000.0,3000.0,3000.0,923.7604307034013,3000.0,3000.0,3000.0,3000.0,3000.0,3000.0,923.7604307034013,3000.0,3000.0,3000.0,923.7604307034013,3000.0,3000.0,3000.0,923.7604307034013,3000.0,3000.0,3000.0,923.7604307034013,923.7604307034011,812.3412895085961,812.3412895085961,923.7604307034011,923.7604307034011,812.3412895085961,812.3412895085961,923.7604307034011,923.7604307034011,812.3412895085961,812.3412895085961,923.7604307034011,923.7604307034011,812.3412895085961,812.3412895085961,923.7604307034011
1733,3000.0,2339.0435201304704,1244.5790614883301,923.7604307034013,3000.0,2339.0435201304704,1244.5790614883301,923.7604307034013,3000.0,2339.0435201304704,1244.5790614883301,923.7604307034013,3000.0,2339.0435201304704,1244.5790614883301,923.7604307034013,923.7604307034013,1244.5790614883301,2339.0435201304704,3000.0,923.7604307034013,1244.5790614883301,2339.0435201304704,3000.0,923.7604307034013,1244.5790614883301,2339.0435201304704,3000.0,923.7604307034013,1244.5790614883301,2339.0435201304704,3000.0,923.7604307034011,812.3412895085961,812.3412895085961,923.7604307034011,923.7604307034011,812.3412895085961,812.3412895085961,923.7604307034011,923.7604307034011,812.3412895085961,812.3412895085961,923.7604307034011,923.7604307034011,812.3412895085961,812.3412895085961,923.7604307034011,923.7604307034013,3000.0,3000.0,3000.0,923.7604307034013,3000.0,3000.0,3000.0,923.7604307034013,3000.0,3000.0,3000.0,923.7604307034013,3000.0,3000.0,3000.0,3000.0,3000.0,3000.0,923.7604307034013,3000.0,3000.0,3000.0,923.7604307034013,3000.0,3000.0,3000.0,923.7604307034013,3000.0,3000.0,3000.0,923.7604307034013,923.7604307034011,812.3412895085961,812.3412895085961,923.7604307034011,923.7604307034011,812.3412895085961,812.3412895085961,923.7604307034011,923.7604307034011,812.3412895085961,812.3412895085961,923.7604307034011,923.7604307034011,812.3412895085961,812.3412895085961,923.7604307034011
1800,3000.0,2339.0435201304704,1244.5790614883301,923.7604307034013,3000.0,2339.0435201304704,1244.5790614883301,923.7604307034013,3000.0,2339.0435201304704,1244.5790614883301,923.7604307034013,3000.0,2339.0435201304704,1244.5790614883301,923.7604307034013,923.7604307034013,1244.5790614883301,2339.0435201304704,3000.0,923.7604307034013,1244.5790614883301,2339.0435201304704,3000.0,923.7604307034013,1244.5790614883301,2339.0435201304704,3000.0,923.7604307034013,1244.5790614883301,2339.0435201304704,3000.0,923.7604307034011,812.3412895085961,812.3412895085961,923.7604307034011,923.7604307034011,812.3412895085961,812.3412895085961,923.7604307034011,923.7604307034011,812.3412895085961,812.3412895085961,923.7604307034011,923.7604307034011,812.3412895085961,812.3412895085961,923.7604307034011,923.7604307034013,3000.0,3000.0,3000.0,923.7604307034013,3000.0,3000.0,3000.0,923.7604307034013,3000.0,3000.0,3000.0,923.7604307034013,3000.0,3000.0,3000.0,3000.0,3000.0,3000.0,923.7604307034013,3000.0,3000.0,3000.0,923.7604307034013,3000.0,3000.0,3000.0,923.7604307034013,3000.0,3000.0,3000.0,923.7604307034013,923.7604307034011,812.3412895085961,812.3412895085961,923.7604307034011,923.7604307034011,812.3412895085961,812.3412895085961,923.7604307034011,923.7604307034011,812.3412895085961,812.3412895085961,923.7604307034011,923.7604307034011,812.3412895085961,812.3412895085961,923.7604307034011
1867,3000.0,2339.0435201304704,1244.5790614883301,923.7604307034013,3000.0,2339.0435201304704,1244.5790614883301,923.7604307034013,3000.0,2339.0435201304704,1244.5790614883301,923.7604307034013,3000.0,2339.0435201304704,1244.5790614883301,923.7604307034013,923.7604307034013,1244.5790614883301,2339.0435201304704,3000.0,923.7604307034013,1244.5790614883301,2339.0435201304704,3000.0,923.7604307034013,1244.5790614883301,2339.0435201304704,3000.0,923.7604307034013,1244.5790614883301,2339.0435201304704,3000.0,923.7604307034011,812.3412895085961,812.3412895085961,923.7604307034011,923.7604307034011,812.3412895085961,812.3412895085961,923.7604307034011,923.7604307034011,812.3412895085961,812.3412895085961,923.7604307034011,923.7604307034011,812.3412895085961,812.3412895085961,923.7604307034011,923.7604307034013,3000.0,3000.0,3000.0,923.7604307034013,3000.0,3000.0,3000.0,923.7604307034013,3000.0,3000.0,3000.0,923.7604307034013,3000.0,3000.0,3000.0,3000.0,3000.0,3000.0,923.7604307034013,3000.0,3000.0,3000.0,923.7604307034013,3000.0,3000.0,3000.0,923.7604307034013,3000.0,3000.0,3000.0,923.7604307034013,923.7604307034011,812.3412895085961,812.3412895085961,923.7604307034011,923.7604307034011,812.3412895085961,812.3412895085961,923.7604307034011,923.7604307034011,812.3412895085961,812.3412895085961,923.7604307034011,923.7604307034011,812.3412895085961,812.3412895085961,923.7604307034011
1933,3000.0,2339.0435201304704,1244.5790614883301,923.7604307034013,3000.0,2339.0435201304704,1244.5790614883301,923.7604307034013,3000.0,2339.0435201304704,1244.5790614883301,923.7604307034013,3000.0,2339.0435201304704,1244.5790614883301,923.7604307034013,923.7604307034013,1244.5790614883301,2339.0435201304704,3000.0,923.7604307034013,1244.5790614883301,2339.0435201304704,3000.0,923.7604307034013,1244.5790614883301,2339.0435201304704,3000.0,923.7604307034013,1244.5790614883301,2339.0435201304704,3000.0,923.7604307034011,812.3412895085961,812.3412895085961,923.7604307034011,923.7604307034011,812.3412895085961,812.3412895085961,923.7604307034011,923.7604307034011,812.3412895085961,812.3412895085961,923.7604307034011,923.7604307034011,812.3412895085961,812.3412895085961,923.7604307034011,923.7604307034013,3000.0,3000.0,3000.0,923.7604307034013,3000.0,3000.0,3000.0,923.7604307034013,3000.0,3000.0,3000.0,923.7604307034013,3000.0,3000.0,3000.0,3000.0,3000.0,3000.0,923.7604307034013,3000.0,3000.0,3000.0,923.7604307034013,3000.0,3000.0,3000.0,923.7604307034013,3000.0,3000.0,3000.0,923.7604307034013,923.7604307034011,812.3412895085961,812.3412895085961,923.7604307034011,923.7604307034011,812.3412895085961,812.3412895085961,923.7604307034011,923.7604307034011,812.3412895085961,812.3412895085961,923.7604307034011,923.7604307034011,812.3412895085961,812.3412895085961,923.7604307034011
2000,3000.0,2339.0435201304704,1244.5790614883301,923.7604307034013,3000.0,2339.0435201304704,1244.5790614883301,923.7604307034013,3000.0,2339.0435201304704,1244.5790614883301,923.7604307034013,3000.0,2339.0435201304704,1244.5790614883301,923.7604307034013,923.7604307034013,1244.5790614883301,2339.0435201304704,3000.0,923.7604307034013,1244.5790614883301,2339.0435201304704,3000.0,923.7604307034013,1244.5790614883301,2339.0435201304704,3000.0,923.7604307034013,1244.5790614883301,2339.0435201304704,3000.0,923.7604307034011,812.3412895085961,812.3412895085961,923.7604307034011,923.7604307034011,812.3412895085961,812.3412895085961,923.7604307034011,923.7604307034011,812.3412895085961,812.3412895085961,923.7604307034011,923.7604307034011,812.3412895085961,812.3412895085961,923.7604307034011,923.7604307034013,3000.0,3000.0,3000.0,923.7604307034013,3000.0,3000.0,3000.0,923.7604307034013,3000.0,3000.0,3000.0,923.7604307034013,3000.0,3000.0,3000.0,3000.0,3000.0,3000.0,923.7604307034013,3000.0,3000.0,3000.0,923.7604307034013,3000.0,3000.0,3000.0,923.7604307034013,3000.0,3000.0,3000.0,923.7604307034013,923.7604307034011,812.3412895085961,812.3412895085961,923.7604307034011,923.7604307034011,812.3412895085961,812.3412895085961,923.7604307034011,923.7604307034011,812.3412895085961,812.3412895085961,923.7604307034011,923.7604307034011,812.3412895085961,812.3412895085961,923.7604307034011
2067,3000.0,2339.0435201304704,1244.5790614883301,923.7604307034013,3000.0,2339.0435201304704,1244.5790614883301,923.7604307034013,3000.0,2339.0435201304704,1244.5790614883301,923.7604307034013,3000.0,2339.0435201304704,1244.5790614883301,923.7604307034013,923.7604307034013,1244.5790614883301,2339.0435201304704,3000.0,923.7604307034013,1244.5790614883301,2339.0435201304704,3000.0,923.7604307034013,1244.5790614883301,2339.0435201304704,3000.0,923.7604307034013,1244.5790614883301,2339.0435201304704,3000.0,923.7604307034011,812.3412895085961,812.3412895085961,923.7604307034011,923.7604307034011,812.3412895085961,812.3412895085961,923.7604307034011,923.7604307034011,812.3412895085961,812.3412895085961,923.7604307034011,923.7604307034011,812.3412895085961,812.3412895085961,923.7604307034011,923.7604307034013,3000.0,3000.0,3000.0,923.7604307034013,3000.0,3000.0,3000.0,923.7604307034013,3000.0,3000.0,3000.0,923.7604307034013,3000.0,3000.0,3000.0,3000.0,3000.0,3000.0,923.7604307034013,3000.0,3000.0,3000.0,923.7604307034013,3000.0,3000.0,3000.0,923.7604307034013,3000.0,3000.0,3000.0,923.7604307034013,923.7604307034011,812.3412895085961,812.3412895085961,923.7604307034011,923.7604307034011,812.3412895085961,812.3412895085961,923.7604307034011,923.7604307034011,812.3412895085961,812.3412895085961,923.7604307034011,923.7604307034011,812.3412895085961,812.3412895085961,923.7604307034011
2133,3000.0,2339.0435201304704,1244.5790614883301,923.7604307034013,3000.0,2339.0435201304704,1244.5790614883301,923.7604307034013,3000.0,2339.0435201304704,1244.5790614883301,923.7604307034013,3000.0,2339.0435201304704,1244.5790614883301,923.7604307034013,923.7604307034013,1244.5790614883301,2339.0435201304704,3000.0,923.7604307034013,1244.5790614883301,2339.0435201304704,3000.0,923.7604307034013,1244.5790614883301,2339.0435201304704,3000.0,923.7604307034013,1244.5790614883301,2339.0435201304704,3000.0,923.7604307034011,812.3412895085961,812.3412895085961,923.7604307034011,923.7604307034011,812.3412895085961,812.3412895085961,923.7604307034011,923.7604307034011,812.3412895085961,812.3412895085961,923.7604307034011,923.7604307034011,812.3412895085961,812.3412895085961,923.7604307034011,923.7604307034013,3000.0,3000.0,3000.0,923.7604307034013,3000.0,3000.0,3000.0,923.7604307034013,3000.0,3000.0,3000.0,923.7604307034013,3000.0,3000.0,3000.0,3000.0,3000.0,3000.0,923.7604307034013,3000.0,3000.0,3000.0,923.7604307034013,3000.0,3000.0,3000.0,923.7604307034013,3000.0,3000.0,3000.0,923.7604307034013,923.7604307034011,812.3412895085961,812.3412895085961,923.7604307034011,923.7604307034011,812.3412895085961,812.3412895085961,923.7604307034011,923.7604307034011,812.3412895085961,812.3412895085961,923.7604307034011,923.7604307034011,812.3412895085961,812.3412895085961,923.7604307034011
2200,3000.0,2339.0435201304704,1244.5790614883301,923.7604307034013,3000.0,2339.0435201304704,1244.5790614883301,923.7604307034013,3000.0,2339.0435201304704,1244.5790614883301,923.7604307034013,3000.0,2339.0435201304704,1244.5790614883301,923.7604307034013,923.7604307034013,1244.5790614883301,2339.0435201304704,3000.0,923.7604307034013,1244.5790614883301,2339.0435201304704,3000.0,923.7604307034013,1244.5790614883301,2339.0435201304704,3000.0,923.7604307034013,1244.5790614883301,2339.0435201304704,3000.0,923.7604307034011,812.3412895085961,812.3412895085961,923.7604307034011,923.7604307034011,812.3412895085961,812.3412895085961,923.7604307034011,923.7604307034011,812.3412895085961,812.3412895085961,923.7604307034011,923.7604307034011,812.3412895085961,812.3412895085961,923.7604307034011,923.7604307034013,3000.0,3000.0,3000.0,923.7604307034013,3000.0,3000.0,3000.0,923.7604307034013,3000.0,3000.0,3000.0,923.7604307034013,3000.0,3000.0,3000.0,3000.0,3000.0,3000.0,923.7604307034013,3000.0,3000.0,3000.0,923.7604307034013,3000.0,3000.0,3000.0,923.7604307034013,3000.0,3000.0,3000.0,923.7604307034013,923.7604307034011,812.3412895085961,812.3412895085961,923.7604307034011,923.7604307034011,812.3412895085961,812.3412895085961,923.7604307034011,923.7604307034011,812.3412895085961,812.3412895085961,923.7604307034011,923.7604307034011,812.3412895085961,812.3412895085961,923.7604307034011
2267,3000.0,2339.0435201304704,1244.5790614883301,923.7604307034013,3000.0,2339.0435201304704,1244.5790614883301,923.7604307034013,3000.0,2339.0435201304704,1244.5790614883301,923.7604307034013,3000.0,2339.0435201304704,1244.5790614883301,923.7604307034013,923.7604307034013,1244.5790614883301,2339.0435201304704,3000.0,923.7604307034013,1244.5790614883301,2339.0435201304704,3000.0,923.7604307034013,1244.5790614883301,2339.0435201304704,3000.0,923.7604307034013,1244.5790614883301,2339.0435201304704,3000.0,923.7604307034011,812.3412895085961,812.3412895085961,923.7604307034011,923.7604307034011,812.3412895085961,812.3412895085961,923.7604307034011,923.7604307034011,812.3412895085961,812.3412895085961,923.7604307034011,923.7604307034011,812.3412895085961,812.3412895085961,923.7604307034011,923.7604307034013,3000.0,3000.0,3000.0,923.7604307034013,3000.0,3000.0,3000.0,923.7604307034013,3000.0,3000.0,3000.0,923.7604307034013,3000.0,3000.0,3000.0,3000.0,3000.0,3000.0,923.7604307034013,3000.0,3000.0,3000.0,923.7604307034013,3000.0,3000.0,3000.0,923.7604307034013,3000.0,3000.0,3000.0,923.7604307034013,923.7604307034011,812.3412895085961,812.3412895085961,923.7604307034011,923.7604307034011,812.3412895085961,812.3412895085961,923.7604307034011,923.7604307034011,812.3412895085961,812.3412895085961,923.7604307034011,923.7604307034011,812.3412895085961,812.3412895085961,923.7604307034011
2333,3000.0,2339.0435201304704,1244.5790614883301,923.7604307034013,3000.0,2339.0435201304704,1244.5790614883301,923.7604307034013,3000.0,2339.0435201304704,1244.5790614883301,923.7604307034013,3000.0,2339.0435201304704,1244.5790614883301,923.7604307034013,923.7604307034013,1244.5790614883301,2339.0435201304704,3000.0,923.7604307034013,1244.5790614883301,2339.0435201304704,3000.0,923.7604307034013,1244.5790614883301,2339.0435201304704,3000.0,923.7604307034013,1244.5790614883301,2339.0435201304704,3000.0,923.7604307034011,812.3412895085961,812.3412895085961,923.7604307034011,923.7604307034011,812.3412895085961,812.3412895085961,923.7604307034011,923.7604307034011,812.3412895085961,812.3412895085961,923.7604307034011,923.7604307034011,812.3412895085961,812.3412895085961,923.7604307034011,923.7604307034013,3000.0,3000.0,3000.0,923.7604307034013,3000.0,3000.0,3000.0,923.7604307034013,3000.0,3000.0,3000.0,923.7604307034013,3000.0,3000.0,3000.0,3000.0,3000.0,3000.0,923.7604307034013,3000.0,3000.0,3000.0,923.7604307034013,3000.0,3000.0,3000.0,923.7604307034013,3000.0,3000.0,3000.0,923.7604307034013,923.7604307034011,812.3412895085961,812.3412895085961,923.7604307034011,923.7604307034011,812.3412895085961,812.3412895085961,923.7604307034011,923.7604307034011,812.3412895085961,812.3412895085961,923.7604307034011,923.7604307034011,812.3412895085961,812.3412895085961,923.7604307034011
2400,3000.0,2339.0435201304704,1244.5790614883301,923.7604307034013,3000.0,2339.0435201304704,1244.5790614883301,923.7604307034013,3000.0,2339.0435201304704,1244.5790614883301,923.7604307034013,3000.0,2339.0435201304704,1244.5790614883301,923.7604307034013,923.7604307034013,1244.5790614883301,2339.0435201304704,3000.0,923.7604307034013,1244.5790614883301,2339.0435201304704,3000.0,923.7604307034013,1244.5790614883301,2339.0435201304704,3000.0,923.7604307034013,1244.5790614883301,2339.0435201304704,3000.0,923.7604307034011,812.3412895085961,812.3412895085961,923.7604307034011,923.7604307034011,812.3412895085961,812.3412895085961,923.7604307034011,923.7604307034011,812.3412895085961,812.3412895085961,923.7604307034011,923.7604307034011,812.3412895085961,812.3412895085961,923.7604307034011,923.7604307034013,3000.0,3000.0,3000.0,923.7604307034013,3000.0,3000.0,3000.0,923.7604307034013,3000.0,3000.0,3000.0,923.7604307034013,3000.0,3000.0,3000.0,3000.0,3000.0,3000.0,923.7604307034013,3000.0,3000.0,3000.0,923.7604307034013,3000.0,3000.0,3000.0,923.7604307034013,3000.0,3000.0,3000.0,923.7604307034013,923.7604307034011,812.3412895085961,812.3412895085961,923.7604307034011,923.7604307034011,812.3412895085961,812.3412895085961,923.7604307034011,923.7604307034011,812.3412895085961,812.3412895085961,923.7604307034011,923.7604307034011,812.3412895085961,812.3412895085961,923.7604307034011
2467,3000.0,2339.0435201304704,1244.5790614883301,923.7604307034013,3000.0,2339.0435201304704,1244.5790614883301,923.7604307034013,3000.0,2339.0435201304704,1244.5790614883301,923.7604307034013,3000.0,2339.0435201304704,1244.5790614883301,923.7604307034013,923.7604307034013,1244.5790614883301,2339.0435201304704,3000.0,923.7604307034013,1244.5790614883301,2339.0435201304704,3000.0,923.7604307034013,1244.5790614883301,2339.0435201304704,3000.0,923.7604307034013,1244.5790614883301,2339.0435201304704,3000.0,923.7604307034011,812.3412895085961,812.3412895085961,923.7604307034011,923.7604307034011,812.3412895085961,812.3412895085961,923.7604307034011,923.7604307034011,812.3412895085961,812.3412895085961,923.7604307034011,923.7604307034011,812.3412895085961,812.3412895085961,923.7604307034011,923.7604307034013,3000.0,3000.0,3000.0,923.7604307034013,3000.0,3000.0,3000.0,923.7604307034013,3000.0,3000.0,3000.0,923.7604307034013,3000.0,3000.0,3000.0,3000.0,3000.0,3000.0,923.7604307034013,3000.0,3000.0,3000.0,923.7604307034013,3000.0,3000.0,3000.0,923.7604307034013,3000.0,3000.0,3000.0,923.7604307034013,923.7604307034011,812.3412895085961,812.3412895085961,923.7604307034011,923.7604307034011,812.3412895085961,812.3412895085961,923.7604307034011,923.7604307034011,812.3412895085961,812.3412895085961,923.7604307034011,923.7604307034011,812.3412895085961,812.3412895085961,923.7604307034011
2533,3000.0,2339.0435201304704,1244.5790614883301,923.7604307034013,3000.0,2339.0435201304704,1244.5790614883301,923.7604307034013,3000.0,2339.0435201304704,1244.5790614883301,923.7604307034013,3000.0,2339.0435201304704,1244.5790614883301,923.7604307034013,923.7604307034013,1244.5790614883301,2339.0435201304704,3000.0,923.7604307034013,1244.5790614883301,2339.0435201304704,3000.0,923.7604307034013,1244.5790614883301,2339.0435201304704,3000.0,923.7604307034013,1244.5790614883301,2339.0435201304704,3000.0,923.7604307034011,812.3412895085961,812.3412895085961,923.7604307034011,923.7604307034011,812.3412895085961,812.3412895085961,923.7604307034011,923.7604307034011,812.3412895085961,812.3412895085961,923.7604307034011,923.7604307034011,812.3412895085961,812.3412895085961,923.7604307034011,923.7604307034013,3000.0,3000.0,3000.0,923.7604307034013,3000.0,3000.0,3000.0,923.7604307034013,3000.0,3000.0,3000.0,923.7604307034013,3000.0,3000.0,3000.0,3000.0,3000.0,3000.0,923.7604307034013,3000.0,3000.0,3000.0,923.7604307034013,3000.0,3000.0,3000.0,923.7604307034013,3000.0,3000.0,3000.0,923.7604307034013,923.7604307034011,812.3412895085961,812.3412895085961,923.7604307034011,923.7604307034011,812.3412895085961,812.3412895085961,923.7604307034011,923.7604307034011,812.3412895085961,812.3412895085961,923.7604307034011,923.7604307034011,812.3412895085961,812.3412895085961,923.7604307034011
2600,3000.0,2339.0435201304704,1244.5790614883301,923.7604307034013,3000.0,2339.0435201304704,1244.5790614883301,923.7604307034013,3000.0,2339.0435201304704,1244.5790614883301,923.7604307034013,3000.0,2339.0435201304704,1244.5790614883301,923.7604307034013,923.7604307034013,1244.5790614883301,2339.0435201304704,3000.0,923.7604307034013,1244.5790614883301,2339.0435201304704,3000.0,923.7604307034013,1244.5790614883301,2339.0435201304704,3000.0,923.7604307034013,1244.5790614883301,2339.0435201304704,3000.0,923.7604307034011,812.3412895085961,812.3412895085961,923.7604307034011,923.7604307034011,812.3412895085961,812.3412895085961,923.7604307034011,923.7604307034011,812.3412895085961,812.3412895085961,923.7604307034011,923.7604307034011,812.3412895085961,812.3412895085961,923.7604307034011,923.7604307034013,3000.0,3000.0,3000.0,923.7604307034013,3000.0,3000.0,3000.0,923.7604307034013,3000.0,3000.0,3000.0,923.7604307034013,3000.0,3000.0,3000.0,3000.0,3000.0,3000.0,923.7604307034013,3000.0,3000.0,3000.0,923.7604307034013,3000.0,3000.0,3000.0,923.7604307034013,3000.0,3000.0,3000.0,923.7604307034013,923.7604307034011,812.3412895085961,812.3412895085961,923.7604307034011,923.7604307034011,812.3412895085961,812.3412895085961,923.7604307034011,923.7604307034011,812.3412895085961,812.3412895085961,923.7604307034011,923.7604307034011,812.3412895085961,812.3412895085961,923.7604307034011
2667,3000.0,2339.0435201304704,1244.5790614883301,923.7604307034013,3000.0,2339.0435201304704,1244.5790614883301,923.7604307034013,3000.0,2339.0435201304704,1244.5790614883301,923.7604307034013,3000.0,2339.0435201304704,1244.5790614883301,923.7604307034013,923.7604307034013,1244.5790614883301,2339.0435201304704,3000.0,923.7604307034013,1244.5790614883301,2339.0435201304704,3000.0,923.7604307034013,1244.5790614883301,2339.0435201304704,3000.0,923.7604307034013,1244.5790614883301,2339.0435201304704,3000.0,923.7604307034011,812.3412895085961,812.3412895085961,923.7604307034011,923.7604307034011,812.3412895085961,812.3412895085961,923.7604307034011,923.7604307034011,812.3412895085961,812.3412895085961,923.7604307034011,923.7604307034011,812.3412895085961,812.3412895085961,923.7604307034011,923.7604307034013,3000.0,3000.0,3000.0,923.7604307034013,3000.0,3000.0,3000.0,923.7604307034013,3000.0,3000.0,3000.0,923.7604307034013,3000.0,3000.0,3000.0,3000.0,3000.0,3000.0,923.7604307034013,3000.0,3000.0,3000.0,923.7604307034013,3000.0,3000.0,3000.0,923.7604307034013,3000.0,3000.0,3000.0,923.7604307034013,923.7604307034011,812.3412895085961,812.3412895085961,923.7604307034011,923.7604307034011,812.3412895085961,812.3412895085961,923.7604307034011,923.7604307034011,812.3412895085961,812.3412895085961,923.7604307034011,923.7604307034011,812.3412895085961,812.3412895085961,923.7604307034011
2733,3000.0,2339.0435201304704,1244.5790614883301,923.7604307034013,3000.0,2339.0435201304704,1244.5790614883301,923.7604307034013,3000.0,2339.0435201304704,1244.5790614883301,923.7604307034013,3000.0,2339.0435201304704,1244.5790614883301,923.7604307034013,923.7604307034013,1244.5790614883301,2339.0435201304704,3000.0,923.7604307034013,1244.5790614883301,2339.0435201304704,3000.0,923.7604307034013,1244.5790614883301,2339.0435201304704,3000.0,923.7604307034013,1244.5790614883301,2339.0435201304704,3000.0,923.7604307034011,812.3412895085961,812.3412895085961,923.7604307034011,923.7604307034011,812.3412895085961,812.3412895085961,923.7604307034011,923.7604307034011,812.3412895085961,812.3412895085961,923.7604307034011,923.7604307034011,812.3412895085961,812.3412895085961,923.7604307034011,923.7604307034013,3000.0,3000.0,3000.0,923.7604307034013,3000.0,3000.0,3000.0,923.7604307034013,3000.0,3000.0,3000.0,923.7604307034013,3000.0,3000.0,3000.0,3000.0,3000.0,3000.0,923.7604307034013,3000.0,3000.0,3000.0,923.7604307034013,3000.0,3000.0,3000.0,923.7604307034013,3000.0,3000.0,3000.0,923.7604307034013,923.7604307034011,812.3412895085961,812.3412895085961,923.7604307034011,923.7604307034011,812.3412895085961,812.3412895085961,923.7604307034011,923.7604307034011,812.3412895085961,812.3412895085961,923.7604307034011,923.7604307034011,812.3412895085961,812.3412895085961,923.7604307034011
2800,3000.0,2339.0435201304704,1244.5790614883301,923.7604307034013,3000.0,2339.0435201304704,1244.5790614883301,923.7604307034013,3000.0,2339.0435201304704,1244.5790614883301,923.7604307034013,3000.0,2339.0435201304704,1244.5790614883301,923.7604307034013,923.7604307034013,1244.5790614883301,2339.0435201304704,3000.0,923.7604307034013,1244.5790614883301,2339.0435201304704,3000.0,923.7604307034013,1244.5790614883301,2339.0435201304704,3000.0,923.7604307034013,1244.5790614883301,2339.0435201304704,3000.0,923.7604307034011,812.3412895085961,812.3412895085961,923.7604307034011,923.7604307034011,812.3412895085961,812.3412895085961,923.7604307034011,923.7604307034011,812.3412895085961,812.3412895085961,923.7604307034011,923.7604307034011,812.3412895085961,812.3412895085961,923.7604307034011,923.7604307034013,3000.0,3000.0,3000.0,923.7604307034013,3000.0,3000.0,3000.0,923.7604307034013,3000.0,3000.0,3000.0,923.7604307034013,3000.0,3000.0,3000.0,3000.0,3000.0,3000.0,923.7604307034013,3000.0,3000.0,3000.0,923.7604307034013,3000.0,3000.0,3000.0,923.7604307034013,3000.0,3000.0,3000.0,923.7604307034013,923.7604307034011,812.3412895085961,812.3412895085961,923.7604307034011,923.7604307034011,812.3412895085961,812.3412895085961,923.7604307034011,923.7604307034011,812.3412895085961,812.3412895085961,923.7604307034011,923.7604307034011,812.3412895085961,812.3412895085961,923.7604307034011
2867,3000.0,2339.0435201304704,1244.5790614883301,923.7604307034013,3000.0,2339.0435201304704,1244.5790614883301,923.7604307034013,3000.0,2339.0435201304704,1244.5790614883301,923.7604307034013,3000.0,2339.0435201304704,1244.5790614883301,923.7604307034013,923.7604307034013,1244.5790614883301,2339.0435201304704,3000.0,923.7604307034013,1244.5790614883301,2339.0435201304704,3000.0,923.7604307034013,1244.5790614883301,2339.0435201304704,3000.0,923.7604307034013,1244.5790614883301,2339.0435201304704,3000.0,923.7604307034011,812.3412895085961,812.3412895085961,923.7604307034011,923.7604307034011,812.3412895085961,812.3412895085961,923.7604307034011,923.7604307034011,812.3412895085961,812.3412895085961,923.7604307034011,923.7604307034011,812.3412895085961,812.3412895085961,923.7604307034011,923.7604307034013,3000.0,3000.0,3000.0,923.7604307034013,3000.0,3000.0,3000.0,923.7604307034013,3000.0,3000.0,3000.0,923.7604307034013,3000.0,3000.0,3000.0,3000.0,3000.0,3000.0,923.7604307034013,3000.0,3000.0,3000.0,923.7604307034013,3000.0,3000.0,3000.0,923.7604307034013,3000.0,3000.0,3000.0,923.7604307034013,923.7604307034011,812.3412895085961,812.3412895085961,923.7604307034011,923.7604307034011,812.3412895085961,812.3412895085961,923.7604307034011,923.7604307034011,812.3412895085961,812.3412895085961,923.7604307034011,923.7604307034011,812.3412895085961,812.3412895085961,923.7604307034011
2933,3000.0,2339.0435201304704,1244.5790614883301,923.7604307034013,3000.0,2339.0435201304704,1244.5790614883301,923.7604307034013,3000.0,2339.0435201304704,1244.5790614883301,923.7604307034013,3000.0,2339.0435201304704,1244.5790614883301,923.7604307034013,923.7604307034013,1244.5790614883301,2339.0435201304704,3000.0,923.7604307034013,1244.5790614883301,2339.0435201304704,3000.0,923.7604307034013,1244.5790614883301,2339.0435201304704,3000.0,923.7604307034013,1244.5790614883301,2339.0435201304704,3000.0,923.7604307034011,812.3412895085961,812.3412895085961,923.7604307034011,923.7604307034011,812.3412895085961,812.3412895085961,923.7604307034011,923.7604307034011,812.3412895085961,812.3412895085961,923.7604307034011,923.7604307034011,812.3412895085961,812.3412895085961,923.7604307034011,923.7604307034013,3000.0,3000.0,3000.0,923.7604307034013,3000.0,3000.0,3000.0,923.7604307034013,3000.0,3000.0,3000.0,923.7604307034013,3000.0,3000.0,3000.0,3000.0,3000.0,3000.0,923.7604307034013,3000.0,3000.0,3000.0,923.7604307034013,3000.0,3000.0,3000.0,923.7604307034013,3000.0,3000.0,3000.0,923.7604307034013,923.7604307034011,812.3412895085961,812.3412895085961,923.7604307034011,923.7604307034011,812.3412895085961,812.3412895085961,923.7604307034011,923.7604307034011,812.3412895085961,812.3412895085961,923.7604307034011,923.7604307034011,812.3412895085961,812.3412895085961,923.7604307034011
3000,3000.0,2339.0435201304704,1244.5790614883301,923.7604307034013,3000.0,2339.0435201304704,1244.5790614883301,923.7604307034013,3000.0,2339.0435201304704,1244.5790614883301,923.7604307034013,3000.0,2339.0435201304704,1244.5790614883301,923.7604307034013,923.7604307034013,1244.5790614883301,2339.0435201304704,3000.0,923.7604307034013,1244.5790614883301,2339.0435201304704,3000.0,923.7604307034013,1244.5790614883301,2339.0435201304704,3000.0,923.7604307034013,1244.5790614883301,2339.0435201304704,3000.0,923.7604307034011,812.3412895085961,812.3412895085961,923.7604307034011,923.7604307034011,812.3412895085961,812.3412895085961,923.7604307034011,923.7604307034011,812.3412895085961,812.3412895085961,923.7604307034011,923.7604307034011,812.3412895085961,812.3412895085961,923.7604307034011,923.7604307034013,3000.0,3000.0,3000.0,923.7604307034013,3000.0,3000.0,3000.0,923.7604307034013,3000.0,3000.0,3000.0,923.7604307034013,3000.0,3000.0,3000.0,3000.0,3000.0,3000.0,923.7604307034013,3000.0,3000.0,3000.0,923.7604307034013,3000.0,3000.0,3000.0,923.7604307034013,3000.0,3000.0,3000.0,923.7604307034013,923.7604307034011,812.3412895085961,812.3412895085961,923.7604307034011,923.7604307034011,812.3412895085961,812.3412895085961,923.7604307034011,923.7604307034011,812.3412895085961,812.3412895085961,923.7604307034011,923.7604307034011,812.3412895085961,812.3412895085961,923.7604307034011
3067,3000.0,2339.0435201304704,1244.5790614883301,923.7604307034013,3000.0,2339.0435201304704,1244.5790614883301,923.7604307034013,3000.0,2339.0435201304704,1244.5790614883301,923.7604307034013,3000.0,2339.0435201304704,1244.5790614883301,923.7604307034013,923.7604307034013,1244.5790614883301,2339.0435201304704,3000.0,923.7604307034013,1244.5790614883301,2339.0435201304704,3000.0,923.7604307034013,1244.5790614883301,2339.0435201304704,3000.0,923.7604307034013,1244.5790614883301,2339.0435201304704,3000.0,923.7604307034011,812.3412895085961,812.3412895085961,923.7604307034011,923.7604307034011,812.3412895085961,812.3412895085961,923.7604307034011,923.7604307034011,812.3412895085961,812.3412895085961,923.7604307034011,923.7604307034011,812.3412895085961,812.3412895085961,923.7604307034011,923.7604307034013,3000.0,3000.0,3000.0,923.7604307034013,3000.0,3000.0,3000.0,923.7604307034013,3000.0,3000.0,3000.0,923.7604307034013,3000.0,3000.0,3000.0,3000.0,3000.0,3000.0,923.7604307034013,3000.0,3000.0,3000.0,923.7604307034013,3000.0,3000.0,3000.0,923.7604307034013,3000.0,3000.0,3000.0,923.7604307034013,923.7604307034011,812.3412895085961,812.3412895085961,923.7604307034011,923.7604307034011,812.3412895085961,812.3412895085961,923.7604307034011,923.7604307034011,812.3412895085961,812.3412895085961,923.7604307034011,923.7604307034011,812.3412895085961,812.3412895085961,923.7604307034011
3133,3000.0,2339.0435201304704,1244.5790614883301,923.7604307034013,3000.0,2339.0435201304704,1244.5790614883301,923.7604307034013,3000.0,2339.0435201304704,1244.5790614883301,923.7604307034013,3000.0,2339.0435201304704,1244.5790614883301,923.7604307034013,923.7604307034013,1244.5790614883301,2339.0435201304704,3000.0,923.7604307034013,1244.5790614883301,2339.0435201304704,3000.0,923.7604307034013,1244.5790614883301,2339.0435201304704,3000.0,923.7604307034013,1244.5790614883301,2339.0435201304704,3000.0,923.7604307034011,812.3412895085961,812.3412895085961,923.7604307034011,923.7604307034011,812.3412895085961,812.3412895085961,923.7604307034011,923.7604307034011,812.3412895085961,812.3412895085961,923.7604307034011,923.7604307034011,812.3412895085961,812.3412895085961,923.7604307034011,923.7604307034013,3000.0,3000.0,3000.0,923.7604307034013,3000.0,3000.0,3000.0,923.7604307034013,3000.0,3000.0,3000.0,923.7604307034013,3000.0,3000.0,3000.0,3000.0,3000.0,3000.0,923.7604307034013,3000.0,3000.0,3000.0,923.7604307034013,3000.0,3000.0,3000.0,923.7604307034013,3000.0,3000.0,3000.0,923.7604307034013,923.7604307034011,812.3412895085961,812.3412895085961,923.7604307034011,923.7604307034011,812.3412895085961,812.3412895085961,923.7604307034011,923.7604307034011,812.3412895085961,812.3412895085961,923.7604307034011,923.7604307034011,812.3412895085961,812.3412895085961,923.7604307034011
3200,3000.0,2339.0435201304704,1244.5790614883301,923.7604307034013,3000.0,2339.0435201304704,1244.5790614883301,923.7604307034013,3000.0,2339.0435201304704,1244.5790614883301,923.7604307034013,3000.0,2339.0435201304704,1244.5790614883301,923.7604307034013,923.7604307034013,1244.5790614883301,2339.0435201304704,3000.0,923.7604307034013,1244.5790614883301,2339.0435201304704,3000.0,923.7604307034013,1244.5790614883301,2339.0435201304704,3000.0,923.7604307034013,1244.5790614883301,2339.0435201304704,3000.0,923.7604307034011,812.3412895085961,812.3412895085961,923.7604307034011,923.7604307034011,812.3412895085961,812.3412895085961,923.7604307034011,923.7604307034011,812.3412895085961,812.3412895085961,923.7604307034011,923.7604307034011,812.3412895085961,812.3412895085961,923.7604307034011,923.7604307034013,1244.5790614883301,3000.0,3000.0,923.7604307034013,1244.5790614883301,3000.0,3000.0,923.7604307034013,1244.5790614883301,3000.0,3000.0,923.7604307034013,1244.5790614883301,3000.0,3000.0,3000.0,3000.0,1244.5790614883301,923.7604307034013,3000.0,3000.0,1244.5790614883301,923.7604307034013,3000.0,3000.0,1244.5790614883301,923.7604307034013,3000.0,3000.0,1244.5790614883301,923.7604307034013,923.7604307034011,812.3412895085961,812.3412895085961,923.7604307034011,923.7604307034011,812.3412895085961,812.3412895085961,923.7604307034011,923.7604307034011,812.3412895085961,812.3412895085961,923.7604307034011,923.7604307034011,812.3412895085961,812.3412895085961,923.7604307034011
3267,3000.0,2339.0435201304704,1244.5790614883301,923.7604307034013,3000.0,2339.0435201304704,1244.5790614883301,923.7604307034013,3000.0,2339.0435201304704,1244.5790614883301,923.7604307034013,3000.0,2339.0435201304704,1244.5790614883301,923.7604307034013,923.7604307034013,1244.5790614883301,2339.0435201304704,3000.0,923.7604307034013,1244.5790614883301,2339.0435201304704,3000.0,923.7604307034013,1244.5790614883301,2339.0435201304704,3000.0,923.7604307034013,1244.5790614883301,2339.0435201304704,3000.0,923.7604307034011,812.3412895085961,812.3412895085961,923.7604307034011,923.7604307034011,812.3412895085961,812.3412895085961,923.7604307034011,923.7604307034011,812.3412895085961,812.3412895085961,923.7604307034011,923.7604307034011,812.3412895085961,812.3412895085961,923.7604307034011,923.7604307034013,1244.5790614883301,3000.0,3000.0,923.7604307034013,1244.5790614883301,3000.0,3000.0,923.7604307034013,1244.5790614883301,3000.0,3000.0,923.7604307034013,1244.5790614883301,3000.0,3000.0,3000.0,3000.0,1244.5790614883301,923.7604307034013,3000.0,3000.0,1244.5790614883301,923.7604307034013,3000.0,3000.0,1244.5790614883301,923.7604307034013,3000.0,3000.0,1244.5790614883301,923.7604307034013,923.7604307034011,812.3412895085961,812.3412895085961,923.7604307034011,923.7604307034011,812.3412895085961,812.3412895085961,923.7604307034011,923.7604307034011,812.3412895085961,812.3412895085961,923.7604307034011,923.7604307034011,812.3412895085961,812.3412895085961,923.7604307034011
3333,3000.0,2339.0435201304704,1244.5790614883301,923.7604307034013,3000.0,2339.0435201304704,1244.5790614883301,923.7604307034013,3000.0,2339.0435201304704,1244.5790614883301,923.7604307034013,3000.0,2339.0435201304704,1244.5790614883301,923.7604307034013,923.7604307034013,1244.5790614883301,2339.0435201304704,3000.0,923.7604307034013,1244.5790614883301,2339.0435201304704,3000.0,923.7604307034013,1244.5790614883301,2339.0435201304704,3000.0,923.7604307034013,1244.5790614883301,2339.0435201304704,3000.0,923.7604307034011,812.3412895085961,812.3412895085961,923.7604307034011,923.7604307034011,812.3412895085961,812.3412895085961,923.7604307034011,923.7604307034011,812.3412895085961,812.3412895085961,923.7604307034011,923.7604307034011,812.3412895085961,812.3412895085961,923.7604307034011,923.7604307034013,1244.5790614883301,3000.0,3000.0,923.7604307034013,1244.5790614883301,3000.0,3000.0,923.7604307034013,1244.5790614883301,3000.0,3000.0,923.7604307034013,1244.5790614883301,3000.0,3000.0,3000.0,3000.0,1244.5790614883301,923.7604307034013,3000.0,3000.0,1244.5790614883301,923.7604307034013,3000.0,3000.0,1244.5790614883301,923.7604307034013,3000.0,3000.0,1244.5790614883301,923.7604307034013,923.7604307034011,812.3412895085961,812.3412895085961,923.7604307034011,923.7604307034011,812.3412895085961,812.3412895085961,923.7604307034011,923.7604307034011,812.3412895085961,812.3412895085961,923.7604307034011,923.7604307034011,812.3412895085961,812.3412895085961,923.7604307034011
3400,3000.0,2339.0435201304704,1244.5790614883301,923.7604307034013,3000.0,2339.0435201304704,1244.5790614883301,923.7604307034013,3000.0,2339.0435201304704,1244.5790614883301,923.7604307034013,3000.0,2339.0435201304704,1244.5790614883301,923.7604307034013,923.7604307034013,1244.5790614883301,2339.0435201304704,3000.0,923.7604307034013,1244.5790614883301,2339.0435201304704,3000.0,923.7604307034013,1244.5790614883301,2339.0435201304704,3000.0,923.7604307034013,1244.5790614883301,2339.0435201304704,3000.0,923.7604307034011,812.3412895085961,812.3412895085961,923.7604307034011,923.7604307034011,812.3412895085961,812.3412895085961,923.7604307034011,923.7604307034011,812.3412895085961,812.3412895085961,923.7604307034011,923.7604307034011,812.3412895085961,812.3412895085961,923.7604307034011,923.7604307034013,1244.5790614883301,3000.0,3000.0,923.7604307034013,1244.5790614883301,3000.0,3000.0,923.7604307034013,1244.5790614883301,3000.0,3000.0,923.7604307034013,1244.5790614883301,3000.0,3000.0,3000.0,3000.0,1244.5790614883301,923.7604307034013,3000.0,3000.0,1244.5790614883301,923.7604307034013,3000.0,3000.0,1244.5790614883301,923.7604307034013,3000.0,3000.0,1244.5790614883301,923.7604307034013,923.7604307034011,812.3412895085961,812.3412895085961,923.7604307034011,923.7604307034011,812.3412895085961,812.3412895085961,923.7604307034011,923.7604307034011,812.3412895085961,812.3412895085961,923.7604307034011,923.7604307034011,812.3412895085961,812.3412895085961,923.7604307034011
3467,3000.0,2339.0435201304704,1244.5790614883301,923.7604307034013,3000.0,2339.0435201304704,1244.5790614883301,923.7604307034013,3000.0,2339.0435201304704,1244.5790614883301,923.7604307034013,3000.0,2339.0435201304704,1244.5790614883301,923.7604307034013,923.7604307034013,1244.5790614883301,2339.0435201304704,3000.0,923.7604307034013,1244.5790614883301,2339.0435201304704,3000.0,923.7604307034013,1244.5790614883301,2339.0435201304704,3000.0,923.7604307034013,1244.5790614883301,2339.0435201304704,3000.0,923.7604307034011,812.3412895085961,812.3412895085961,923.7604307034011,923.7604307034011,812.3412895085961,812.3412895085961,923.7604307034011,923.7604307034011,812.3412895085961,812.3412895085961,923.7604307034011,923.7604307034011,812.3412895085961,812.3412895085961,923.7604307034011,923.7604307034013,1244.5790614883301,3000.0,3000.0,923.7604307034013,1244.5790614883301,3000.0,3000.0,923.7604307034013,1244.5790614883301,3000.0,3000.0,923.7604307034013,1244.5790614883301,3000.0,3000.0,3000.0,3000.0,1244.5790614883301,923.7604307034013,3000.0,3000.0,1244.5790614883301,923.7604307034013,3000.0,3000.0,1244.5790614883301,923.7604307034013,3000.0,3000.0,1244.5790614883301,923.7604307034013,923.7604307034011,812.3412895085961,812.3412895085961,923.7604307034011,923.7604307034011,812.3412895085961,812.3412895085961,923.7604307034011,923.7604307034011,812.3412895085961,812.3412895085961,923.7604307034011,923.7604307034011,812.3412895085961,812.3412895085961,923.7604307034011
3533,3000.0,2339.0435201304704,1244.5790614883301,923.7604307034013,3000.0,2339.0435201304704,1244.5790614883301,923.7604307034013,3000.0,2339.0435201304704,1244.5790614883301,923.7604307034013,3000.0,2339.0435201304704,1244.5790614883301,923.7604307034013,923.7604307034013,1244.5790614883301,2339.0435201304704,3000.0,923.7604307034013,1244.5790614883301,2339.0435201304704,3000.0,923.7604307034013,1244.5790614883301,2339.0435201304704,3000.0,923.7604307034013,1244.5790614883301,2339.0435201304704,3000.0,923.7604307034011,812.3412895085961,812.3412895085961,923.7604307034011,923.7604307034011,812.3412895085961,812.3412895085961,923.7604307034011,923.7604307034011,812.3412895085961,812.3412895085961,923.7604307034011,923.7604307034011,812.3412895085961,812.3412895085961,923.7604307034011,923.7604307034013,1244.5790614883301,3000.0,3000.0,923.7604307034013,1244.5790614883301,3000.0,3000.0,923.7604307034013,1244.5790614883301,3000.0,3000.0,923.7604307034013,1244.5790614883301,3000.0,3000.0,3000.0,3000.0,1244.5790614883301,923.7604307034013,3000.0,3000.0,1244.5790614883301,923.7604307034013,3000.0,3000.0,1244.5790614883301,923.7604307034013,3000.0,3000.0,1244.5790614883301,923.7604307034013,923.7604307034011,812.3412895085961,812.3412895085961,923.7604307034011,923.7604307034011,812.3412895085961,812.3412895085961,923.7604307034011,923.7604307034011,812.3412895085961,812.3412895085961,923.7604307034011,923.7604307034011,812.3412895085961,812.3412895085961,923.7604307034011
3600,3000.0,2339.0435201304704,1244.5790614883301,923.7604307034013,3000.0,2339.0435201304704,1244.5790614883301,923.7604307034013,3000.0,2339.0435201304704,1244.5790614883301,923.7604307034013,3000.0,2339.0435201304704,1244.5790614883301,923.7604307034013,923.7604307034013,1244.5790614883301,2339.0435201304704,3000.0,923.7604307034013,1244.5790614883301,2339.0435201304704,3000.0,923.7604307034013,1244.5790614883301,2339.0435201304704,3000.0,923.7604307034013,1244.5790614883301,2339.0435201304704,3000.0,923.7604307034011,812.3412895085961,812.3412895085961,923.7604307034011,923.7604307034011,812.3412895085961,812.3412895085961,923.7604307034011,923.7604307034011,812.3412895085961,812.3412895085961,923.7604307034011,923.7604307034011,812.3412895085961,812.3412895085961,923.7604307034011,923.7604307034013,1244.5790614883301,3000.0,3000.0,923.7604307034013,1244.5790614883301,3000.0,3000.0,923.7604307034013,1244.5790614883301,3000.0,3000.0,923.7604307034013,1244.5790614883301,3000.0,3000.0,3000.0,3000.0,1244.5790614883301,923.7604307034013,3000.0,3000.0,1244.5790614883301,923.7604307034013,3000.0,3000.0,1244.5790614883301,923.7604307034013,3000.0,3000.0,1244.5790614883301,923.7604307034013,923.7604307034011,812.3412895085961,812.3412895085961,923.7604307034011,923.7604307034011,812.3412895085961,812.3412895085961,923.7604307034011,923.7604307034011,812.3412895085961,812.3412895085961,923.7604307034011,923.7604307034011,812.3412895085961,812.3412895085961,923.7604307034011
3667,3000.0,2339.0435201304704,1244.5790614883301,923.7604307034013,3000.0,2339.0435201304704,1244.5790614883301,923.7604307034013,3000.0,2339.0435201304704,1244.5790614883301,923.7604307034013,3000.0,2339.0435201304704,1244.5790614883301,923.7604307034013,923.7604307034013,1244.5790614883301,2339.0435201304704,3000.0,923.7604307034013,1244.5790614883301,2339.0435201304704,3000.0,923.7604307034013,1244.5790614883301,2339.0435201304704,3000.0,923.7604307034013,1244.5790614883301,2339.0435201304704,3000.0,923.7604307034011,812.3412895085961,812.3412895085961,923.7604307034011,923.7604307034011,812.3412895085961,812.3412895085961,923.7604307034011,923.7604307034011,812.3412895085961,812.3412895085961,923.7604307034011,923.7604307034011,812.3412895085961,812.3412895085961,923.7604307034011,923.7604307034013,1244.5790614883301,3000.0,3000.0,923.7604307034013,1244.5790614883301,3000.0,3000.0,923.7604307034013,1244.5790614883301,3000.0,3000.0,923.7604307034013,1244.5790614883301,3000.0,3000.0,3000.0,3000.0,1244.5790614883301,923.7604307034013,3000.0,3000.0,1244.5790614883301,923.7604307034013,3000.0,3000.0,1244.5790614883301,923.7604307034013,3000.0,3000.0,1244.5790614883301,923.7604307034013,923.7604307034011,812.3412895085961,812.3412895085961,923.7604307034011,923.7604307034011,812.3412895085961,812.3412895085961,923.7604307034011,923.7604307034011,812.3412895085961,812.3412895085961,923.7604307034011,923.7604307034011,812.3412895085961,812.3412895085961,923.7604307034011
3733,3000.0,2339.0435201304704,1244.5790614883301,923.7604307034013,3000.0,2339.0435201304704,1244.5790614883301,923.7604307034013,3000.0,2339.0435201304704,1244.5790614883301,923.7604307034013,3000.0,2339.0435201304704,1244.5790614883301,923.7604307034013,923.7604307034013,1244.5790614883301,2339.0435201304704,3000.0,923.7604307034013,1244.5790614883301,2339.0435201304704,3000.0,923.7604307034013,1244.5790614883301,2339.0435201304704,3000.0,923.7604307034013,1244.5790614883301,2339.0435201304704,3000.0,923.7604307034011,812.3412895085961,812.3412895085961,923.7604307034011,923.7604307034011,812.3412895085961,812.3412895085961,923.7604307034011,923.7604307034011,812.3412895085961,812.3412895085961,923.7604307034011,923.7604307034011,812.3412895085961,812.3412895085961,923.7604307034011,923.7604307034013,1244.5790614883301,3000.0,3000.0,923.7604307034013,1244.5790614883301,3000.0,3000.0,923.7604307034013,1244.5790614883301,3000.0,3000.0,923.7604307034013,1244.5790614883301,3000.0,3000.0,3000.0,3000.0,1244.5790614883301,923.7604307034013,3000.0,3000.0,1244.5790614883301,923.7604307034013,3000.0,3000.0,1244.5790614883301,923.7604307034013,3000.0,3000.0,1244.5790614883301,923.7604307034013,923.7604307034011,812.3412895085961,812.3412895085961,923.7604307034011,923.7604307034011,812.3412895085961,812.3412895085961,923.7604307034011,923.7604307034011,812.3412895085961,812.3412895085961,923.7604307034011,923.7604307034011,812.3412895085961,812.3412895085961,923.7604307034011
3800,3000.0,2339.0435201304704,1244.5790614883301,923.7604307034013,3000.0,2339.0435201304704,1244.5790614883301,923.7604307034013,3000.0,2339.0435201304704,1244.5790614883301,923.7604307034013,3000.0,2339.0435201304704,1244.5790614883301,923.7604307034013,923.7604307034013,1244.5790614883301,2339.0435201304704,3000.0,923.7604307034013,1244.5790614883301,2339.0435201304704,3000.0,923.7604307034013,1244.5790614883301,2339.0435201304704,3000.0,923.7604307034013,1244.5790614883301,2339.0435201304704,3000.0,923.7604307034011,812.3412895085961,812.3412895085961,923.7604307034011,923.7604307034011,812.3412895085961,812.3412895085961,923.7604307034011,923.7604307034011,812.3412895085961,812.3412895085961,923.7604307034011,923.7604307034011,812.3412895085961,812.3412895085961,923.7604307034011,923.7604307034013,1244.5790614883301,3000.0,3000.0,923.7604307034013,1244.5790614883301,3000.0,3000.0,923.7604307034013,1244.5790614883301,3000.0,3000.0,923.7604307034013,1244.5790614883301,3000.0,3000.0,3000.0,3000.0,1244.5790614883301,923.7604307034013,3000.0,3000.0,1244.5790614883301,923.7604307034013,3000.0,3000.0,1244.5790614883301,923.7604307034013,3000.0,3000.0,1244.5790614883301,923.7604307034013,923.7604307034011,812.3412895085961,812.3412895085961,923.7604307034011,923.7604307034011,812.3412895085961,812.3412895085961,923.7604307034011,923.7604307034011,812.3412895085961,812.3412895085961,923.7604307034011,923.7604307034011,812.3412895085961,812.3412895085961,923.7604307034011
3867,3000.0,2339.0435201304704,1244.5790614883301,923.7604307034013,3000.0,2339.0435201304704,1244.5790614883301,923.7604307034013,3000.0,2339.0435201304704,1244.5790614883301,923.7604307034013,3000.0,2339.0435201304704,1244.5790614883301,923.7604307034013,923.7604307034013,1244.5790614883301,2339.0435201304704,3000.0,923.7604307034013,1244.5790614883301,2339.0435201304704,3000.0,923.7604307034013,1244.5790614883301,2339.0435201304704,3000.0,923.7604307034013,1244.5790614883301,2339.0435201304704,3000.0,923.7604307034011,812.3412895085961,812.3412895085961,923.7604307034011,923.7604307034011,812.3412895085961,812.3412895085961,923.7604307034011,923.7604307034011,812.3412895085961,812.3412895085961,923.7604307034011,923.7604307034011,812.3412895085961,812.3412895085961,923.7604307034011,923.7604307034013,1244.5790614883301,3000.0,3000.0,923.7604307034013,1244.5790614883301,3000.0,3000.0,923.7604307034013,1244.5790614883301,3000.0,3000.0,923.7604307034013,1244.5790614883301,3000.0,3000.0,3000.0,3000.0,1244.5790614883301,923.7604307034013,3000.0,3000.0,1244.5790614883301,923.7604307034013,3000.0,3000.0,1244.5790614883301,923.7604307034013,3000.0,3000.0,1244.5790614883301,923.7604307034013,923.7604307034011,812.3412895085961,812.3412895085961,923.7604307034011,923.7604307034011,812.3412895085961,812.3412895085961,923.7604307034011,923.7604307034011,812.3412895085961,812.3412895085961,923.7604307034011,923.7604307034011,812.3412895085961,812.3412895085961,923.7604307034011
3933,3000.0,2339.0435201304704,1244.5790614883301,923.7604307034013,3000.0,2339.0435201304704,1244.5790614883301,923.7604307034013,3000.0,2339.0435201304704,1244.5790614883301,923.7604307034013,3000.0,2339.0435201304704,1244.5790614883301,923.7604307034013,923.7604307034013,1244.5790614883301,2339.0435201304704,3000.0,923.7604307034013,1244.5790614883301,2339.0435201304704,3000.0,923.7604307034013,1244.5790614883301,2339.0435201304704,3000.0,923.7604307034013,1244.5790614883301,2339.0435201304704,3000.0,923.7604307034011,812.3412895085961,812.3412895085961,923.7604307034011,923.7604307034011,812.3412895085961,812.3412895085961,923.7604307034011,923.7604307034011,812.3412895085961,812.3412895085961,923.7604307034011,923.7604307034011,812.3412895085961,812.3412895085961,923.7604307034011,923.7604307034013,1244.5790614883301,3000.0,3000.0,923.7604307034013,1244.5790614883301,3000.0,3000.0,923.7604307034013,1244.5790614883301,3000.0,3000.0,923.7604307034013,1244.5790614883301,3000.0,3000.0,3000.0,3000.0,1244.5790614883301,923.7604307034013,3000.0,3000.0,1244.5790614883301,923.7604307034013,3000.0,3000.0,1244.5790614883301,923.7604307034013,3000.0,3000.0,1244.5790614883301,923.7604307034013,923.7604307034011,812.3412895085961,812.3412895085961,923.7604307034011,923.7604307034011,812.3412895085961,812.3412895085961,923.7604307034011,923.7604307034011,812.3412895085961,812.3412895085961,923.7604307034011,923.7604307034011,812.3412895085961,812.3412895085961,923.7604307034011
4000,3000.0,2339.0435201304704,1244.5790614883301,923.7604307034013,3000.0,2339.0435201304704,1244.5790614883301,923.7604307034013,3000.0,2339.0435201304704,1244.5790614883301,923.7604307034013,3000.0,2339.0435201304704,1244.5790614883301,923.7604307034013,923.7604307034013,1244.5790614883301,2339.0435201304704,3000.0,923.7604307034013,1244.5790614883301,2339.0435201304704,3000.0,923.7604307034013,1244.5790614883301,2339.0435201304704,3000.0,923.7604307034013,1244.5790614883301,2339.0435201304704,3000.0,923.7604307034011,812.3412895085961,812.3412895085961,923.7604307034011,923.7604307034011,812.3412895085961,812.3412895085961,923.7604307034011,923.7604307034011,812.3412895085961,812.3412895085961,923.7604307034011,923.7604307034011,812.3412895085961,812.3412895085961,923.7604307034011,923.7604307034013,1244.5790614883301,3000.0,3000.0,923.7604307034013,1244.5790614883301,3000.0,3000.0,923.7604307034013,1244.5790614883301,3000.0,3000.0,923.7604307034013,1244.5790614883301,3000.0,3000.0,3000.0,3000.0,1244.5790614883301,923.7604307034013,3000.0,3000.0,1244.5790614883301,923.7604307034013,3000.0,3000.0,1244.5790614883301,923.7604307034013,3000.0,3000.0,1244.5790614883301,923.7604307034013,923.7604307034011,812.3412895085961,812.3412895085961,923.7604307034011,923.7604307034011,812.3412895085961,812.3412895085961,923.7604307034011,923.7604307034011,812.3412895085961,812.3412895085961,923.7604307034011,923.7604307034011,812.3412895085961,812.3412895085961,923.7604307034011
4067,3000.0,2370.997430587797,1255.8523231446075,930.4590211594981,3000.0,2370.997430587797,1255.8523231446075,930.4590211594981,3000.0,2370.997430587797,1255.8523231446075,930.4590211594981,3000.0,2370.997430587797,1255.8523231446075,930.4590211594981,917.092105808674,1233.3941861776193,2307.615953543148,3000.0,917.092105808674,1233.3941861776193,2307.615953543148,3000.0,917.092105808674,1233.3941861776193,2307.615953543148,3000.0,917.092105808674,1233.3941861776193,2307.615953543148,3000.0,920.1777060085643,808.2462624270413,807.417562855266,917.0921058086738,920.1777060085643,808.2462624270413,807.417562855266,917.0921058086738,920.1777060085643,808.2462624270413,807.417562855266,917.0921058086738,920.1777060085643,808.2462624270413,807.417562855266,917.0921058086738,927.3389449797205,1247.1751268053022,3000.0,3000.0,927.3389449797205,1247.1751268053022,3000.0,3000.0,927.3389449797205,1247.1751268053022,3000.0,3000.0,927.3389449797205,1247.1751268053022,3000.0,3000.0,3000.0,3000.0,1241.9755018943915,920.1777060085644,3000.0,3000.0,1241.9755018943915,920.1777060085644,3000.0,3000.0,1241.9755018943915,920.1777060085644,3000.0,3000.0,1241.9755018943915,920.1777060085644,930.4590211594981,817.2769469234328,816.438988138565,927.3389449797204,930.4590211594981,817.2769469234328,816.438988138565,927.3389449797204,930.4590211594981,817.2769469234328,816.438988138565,927.3389449797204,930.4590211594981,817.2769469234328,816.438988138565,927.3389449797204
4133,3000.0,2403.4911757235254,1267.2151486216992,937.188187787854,3000.0,2403.4911757235254,1267.2151486216992,937.188187787854,3000.0,2403.4911757235254,1267.2151486216992,937.188187787854,3000.0,2403.4911757235254,1267.2151486216992,937.188187787854,910.4537390309633,1222.2965390121594,2276.7016822155106,3000.0,910.4537390309633,1222.2965390121594,2276.7016822155106,3000.0,910.4537390309633,1222.2965390121594,2276.7016822155106,3000.0,910.4537390309633,1222.2965390121594,2276.7016822155106,3000.0,916.5906451991094,804.1538034605992,802.5056273639061,910.4537390309633,916.5906451991094,804.1538034605992,802.5056273639061,910.4537390309633,916.5906451991094,804.1538034605992,802.5056273639061,910.4537390309633,916.5906451991094,804.1538034605992,802.5056273639061,910.4537390309633,930.913373615929,1249.7638769674893,3000.0,3000.0,930.913373615929,1249.7638769674893,3000.0,3000.0,930.913373615929,1249.7638769674893,3000.0,3000.0,930.913373615929,1249.7638769674893,3000.0,3000.0,3000.0,3000.0,1239.3642662344091,916.5906451991096,3000.0,3000.0,1239.3642662344091,916.5906451991096,3000.0,3000.0,1239.3642662344091,916.5906451991096,3000.0,3000.0,1239.3642662344091,916.5906451991096,937.1881877878537,822.2246754484779,820.5394616866906,930.9133736159289,937.1881877878537,822.2246754484779,820.5394616866906,930.9133736159289,937.1881877878537,822.2246754484779,820.5394616866906,930.9133736159289,937.1881877878537,822.2246754484779,820.5394616866906,930.9133736159289
4200,3000.0,2436.53870744382,1278.6687350781563,943.9482444124291,3000.0,2436.53870744382,1278.6687350781563,943.9482444124291,3000.0,2436.53870744382,1278.6687350781563,943.9482444124291,3000.0,2436.53870744382,1278.6687350781563,943.9482444124291,903.8450260466706,1211.2849806682616,2246.288081757558,3000.0,903.8450260466706,1211.2849806682616,2246.288081757558,3000.0,903.8450260466706,1211.2849806682616,2246.288081757558,3000.0,903.8450260466706,1211.2849806682616,2246.288081757558,3000.0,912.9991216448083,800.0638091048622,797.6053441726846,903.8450260466706,912.9991216448083,800.0638091048622,797.6053441726846,903.8450260466706,912.9991216448083,800.0638091048622,797.6053441726846,903.8450260466706,912.9991216448083,800.0638091048622,797.6053441726846,903.8450260466706,934.4838404889307,1252.345488487525,3000.0,3000.0,934.4838404889307,1252.345488487525,3000.0,3000.0,934.4838404889307,1252.345488487525,3000.0,3000.0,934.4838404889307,1252.345488487525,3000.0,3000.0,3000.0,3000.0,1236.7451699936269,912.9991216448084,3000.0,3000.0,1236.7451699936269,912.9991216448084,3000.0,3000.0,1236.7451699936269,912.9991216448084,3000.0,3000.0,1236.7451699936269,912.9991216448084,943.9482444124288,827.1846161931625,824.6428134666738,934.4838404889305,943.9482444124288,827.1846161931625,824.6428134666738,934.4838404889305,943.9482444124288,827.1846161931625,824.6428134666738,934.4838404889305,943.9482444124288,827.1846161931625,824.6428134666738,934.4838404889305
4267,3000.0,2470.154458629885,1290.21429977459,950.7395081175599,3000.0,2470.154458629885,1290.21429977459,950.7395081175599,3000.0,2470.154458629885,1290.21429977459,950.7395081175599,3000.0,2470.154458629885,1290.21429977459,950.7395081175599,897.2656656079045,1200.3583903103452,2216.3629348917198,3000.0,897.2656656079045,1200.3583903103452,2216.3629348917198,3000.0,897.2656656079045,1200.3583903103452,2216.3629348917198,3000.0,897.2656656079045,1200.3583903103452,2216.3629348917198,3000.0,909.4030077646224,795.9761757767468,792.7165751461205,897.2656656079045,909.4030077646224,795.9761757767468,792.7165751461205,897.2656656079045,909.4030077646224,795.9761757767468,792.7165751461205,897.2656656079045,909.4030077646224,795.9761757767468,792.7165751461205,897.2656656079045,938.0504685900822,1254.9201353244525,3000.0,3000.0,938.0504685900822,1254.9201353244525,3000.0,3000.0,938.0504685900822,1254.9201353244525,3000.0,3000.0,938.0504685900822,1254.9201353244525,3000.0,3000.0,3000.0,3000.0,1234.118025871347,909.4030077646224,3000.0,3000.0,1234.118025871347,909.4030077646224,3000.0,3000.0,1234.118025871347,909.4030077646224,3000.0,3000.0,1234.118025871347,909.4030077646224,950.7395081175599,832.1569110393264,828.7491467436714,938.050468590082,950.7395081175599,832.1569110393264,828.7491467436714,938.050468590082,950.7395081175599,832.1569110393264,828.7491467436714,938.050468590082,950.7395081175599,832.1569110393264,828.7491467436714,938.050468590082
4333,3000.0,2504.353364052277,1301.8530805030948,957.5622992960404,3000.0,2504.353364052277,1301.8530805030948,957.5622992960404,3000.0,2504.353364052277,1301.8530805030948,957.5622992960404,3000.0,2504.353364052277,1301.8530805030948,957.5622992960404,890.7153594981592,1189.5156652119247,2186.914415166155,3000.0,890.7153594981592,1189.5156652119247,2186.914415166155,3000.0,890.7153594981592,1189.5156652119247,2186.914415166155,3000.0,890.7153594981592,1189.5156652119247,2186.914415166155,3000.0,905.8021750097678,791.8907998068921,787.8391828638321,890.7153594981592,905.8021750097678,791.8907998068921,787.8391828638321,890.7153594981592,905.8021750097678,791.8907998068921,787.8391828638321,890.7153594981592,905.8021750097678,791.8907998068921,787.8391828638321,890.7153594981592,941.6133800409115,1257.487988938321,3000.0,3000.0,941.6133800409115,1257.487988938321,3000.0,3000.0,941.6133800409115,1257.487988938321,3000.0,3000.0,941.6133800409115,1257.487988938321,3000.0,3000.0,3000.0,3000.0,1231.4826437191437,905.8021750097678,3000.0,3000.0,1231.4826437191437,905.8021750097678,3000.0,3000.0,1231.4826437191437,905.8021750097678,3000.0,3000.0,1231.4826437191437,905.8021750097678,957.5622992960404,837.1417026530004,832.8585647417656,941.6133800409112,957.5622992960404,837.1417026530004,832.8585647417656,941.6133800409112,957.5622992960404,837.1417026530004,832.8585647417656,941.6133800409112,957.5622992960404,837.1417026530004,832.8585647417656,941.6133800409112
4400,3000.0,2539.150882385988,1313.5863360276865,964.4169416980068,3000.0,2539.150882385988,1313.5863360276865,964.4169416980068,3000.0,2539.150882385988,1313.5863360276865,964.4169416980068,3000.0,2539.150882385988,1313.5863360276865,964.4169416980068,884.1938124887008,1178.7557203858296,2157.9310714435933,3000.0,884.1938124887008,1178.7557203858296,2157.9310714435933,3000.0,884.1938124887008,1178.7557203858296,2157.9310714435933,3000.0,884.1938124887008,1178.7557203858296,2157.9310714435933,3000.0,902.1964938465221,787.8075774320323,782.9730306093888,884.1938124887008,902.1964938465221,787.8075774320323,782.9730306093888,884.1938124887008,902.1964938465221,787.8075774320323,782.9730306093888,884.1938124887008,902.1964938465221,787.8075774320323,782.9730306093888,884.1938124887008,945.1726961086115,1260.049218343474,3000.0,3000.0,945.1726961086115,1260.049218343474,3000.0,3000.0,945.1726961086115,1260.049218343474,3000.0,3000.0,945.1726961086115,1260.049218343474,3000.0,3000.0,3000.0,3000.0,1228.838830477513,902.1964938465221,3000.0,3000.0,1228.838830477513,902.1964938465221,3000.0,3000.0,1228.838830477513,902.1964938465221,3000.0,3000.0,1228.838830477513,902.1964938465221,964.4169416980068,842.1391344963105,836.9711706514157,945.1726961086114,964.4169416980068,842.1391344963105,836.9711706514157,945.1726961086114,964.4169416980068,842.1391344963105,836.9711706514157,945.1726961086114,964.4169416980068,842.1391344963105,836.9711706514157,945.1726961086114
4467,3000.0,2574.5630193944503,1325.4153465360612,971.3037624806334,3000.0,2574.5630193944503,1325.4153465360612,971.3037624806334,3000.0,2574.5630193944503,1325.4153465360612,971.3037624806334,3000.0,2574.5630193944503,1325.4153465360612,971.3037624806334,877.7007322956495,1168.0774882233986,2129.401813122987,3000.0,877.7007322956495,1168.0774882233986,2129.401813122987,3000.0,877.7007322956495,1168.0774882233986,2129.401813122987,3000.0,877.7007322956495,1168.0774882233986,2129.401813122987,3000.0,898.5858337387679,783.7264047873368,778.1179823592589,877.7007322956495,898.5858337387679,783.7264047873368,778.1179823592589,877.7007322956495,898.5858337387679,783.7264047873368,778.1179823592589,877.7007322956495,898.5858337387679,783.7264047873368,778.1179823592589,877.7007322956495,948.7285372213089,1262.6039901605523,3000.0,3000.0,948.7285372213089,1262.6039901605523,3000.0,3000.0,948.7285372213089,1262.6039901605523,3000.0,3000.0,948.7285372213089,1262.6039901605523,3000.0,3000.0,3000.0,3000.0,1226.1863901109023,898.5858337387681,3000.0,3000.0,1226.1863901109023,898.5858337387681,3000.0,3000.0,1226.1863901109023,898.5858337387681,3000.0,3000.0,1226.1863901109023,898.5858337387681,971.3037624806334,847.1493508394911,841.0870676368867,948.7285372213089,971.3037624806334,847.1493508394911,841.0870676368867,948.7285372213089,971.3037624806334,847.1493508394911,841.0870676368867,948.7285372213089,971.3037624806334,847.1493508394911,841.0870676368867,948.7285372213089
4533,3000.0,2610.606352355545,1337.341414103037,978.2230922586607,3000.0,2610.606352355545,1337.341414103037,978.2230922586607,3000.0,2610.606352355545,1337.341414103037,978.2230922586607,3000.0,2610.606352355545,1337.341414103037,978.2230922586607,871.2358295377431,1157.4799181423907,2101.315896053881,3000.0,871.2358295377431,1157.4799181423907,2101.315896053881,3000.0,871.2358295377431,1157.4799181423907,2101.315896053881,3000.0,871.2358295377431,1157.4799181423907,2101.315896053881,3000.0,894.9700631302638,779.6471778987193,773.2739027718568,871.2358295377431,894.9700631302638,779.6471778987193,773.2739027718568,871.2358295377431,894.9700631302638,779.6471778987193,773.2739027718568,871.2358295377431,894.9700631302638,779.6471778987193,773.2739027718568,871.2358295377431,952.2810229831146,1265.1524686672642,3000.0,3000.0,952.2810229831146,1265.1524686672642,3000.0,3000.0,952.2810229831146,1265.1524686672642,3000.0,3000.0,952.2810229831146,1265.1524686672642,3000.0,3000.0,3000.0,3000.0,1223.525123541077,894.970063130264,3000.0,3000.0,1223.525123541077,894.970063130264,3000.0,3000.0,1223.525123541077,894.970063130264,3000.0,3000.0,1223.525123541077,894.970063130264,978.2230922586607,852.1724967730188,845.2063588436572,952.2810229831146,978.2230922586607,852.1724967730188,845.2063588436572,952.2810229831146,978.2230922586607,852.1724967730188,845.2063588436572,952.2810229831146,978.2230922586607,852.1724967730188,845.2063588436572,952.2810229831146
4600,3000.0,2647.2980558079184,1349.3658631660155,985.1752651557675,3000.0,2647.2980558079184,1349.3658631660155,985.1752651557675,3000.0,2647.2980558079184,1349.3658631660155,985.1752651557675,3000.0,2647.2980558079184,1349.3658631660155,985.1752651557675,864.7988176947711,1146.9619762433706,2073.6629091059344,3000.0,864.7988176947711,1146.9619762433706,2073.6629091059344,3000.0,864.7988176947711,1146.9619762433706,2073.6629091059344,3000.0,864.7988176947711,1146.9619762433706,2073.6629091059344,3000.0,891.3490494266466,775.569792675115,768.4406571766871,864.7988176947711,891.3490494266466,775.569792675115,768.4406571766871,864.7988176947711,891.3490494266466,775.569792675115,768.4406571766871,864.7988176947711,891.3490494266466,775.569792675115,768.4406571766871,864.7988176947711,955.8302721889575,1267.6948158479365,3000.0,3000.0,955.8302721889575,1267.6948158479365,3000.0,3000.0,955.8302721889575,1267.6948158479365,3000.0,3000.0,955.8302721889575,1267.6948158479365,3000.0,3000.0,3000.0,3000.0,1220.8548285787765,891.349049426647,3000.0,3000.0,1220.8548285787765,891.349049426647,3000.0,3000.0,1220.8548285787765,891.349049426647,3000.0,3000.0,1220.8548285787765,891.349049426647,985.1752651557675,857.2087182198638,849.3291474058121,955.8302721889575,985.1752651557675,857.2087182198638,849.3291474058121,955.8302721889575,985.1752651557675,857.2087182198638,849.3291474058121,955.8302721889575,985.1752651557675,857.2087182198638,849.3291474058121,955.8302721889575
4667,3000.0,2684.655928701651,1361.4900410128437,992.1606188568124,3000.0,2684.655928701651,1361.4900410128437,992.1606188568124,3000.0,2684.655928701651,1361.4900410128437,992.1606188568124,3000.0,2684.655928701651,1361.4900410128437,992.1606188568124,858.3894130666629,1136.5226449743357,2046.4327613582989,3000.0,858.3894130666629,1136.5226449743357,2046.4327613582989,3000.0,858.3894130666629,1136.5226449743357,2046.4327613582989,3000.0,858.3894130666629,1136.5226449743357,2046.4327613582989,3000.0,887.7226589771477,771.494144900722,763.6181115635806,858.3894130666627,887.7226589771477,771.494144900722,763.6181115635806,858.3894130666627,887.7226589771477,771.494144900722,763.6181115635806,858.3894130666627,887.7226589771477,771.494144900722,763.6181115635806,858.3894130666627,959.3764028392114,1270.231191441905,3000.0,3000.0,959.3764028392114,1270.231191441905,3000.0,3000.0,959.3764028392114,1270.231191441905,3000.0,3000.0,959.3764028392114,1270.231191441905,3000.0,3000.0,3000.0,3000.0,1218.1752998535972,887.7226589771481,3000.0,3000.0,1218.1752998535972,887.7226589771481,3000.0,3000.0,1218.1752998535972,887.7226589771481,3000.0,3000.0,1218.1752998535972,887.7226589771481,992.1606188568124,862.2581619478661,853.4555364534135,959.3764028392112,992.1606188568124,862.2581619478661,853.4555364534135,959.3764028392112,992.1606188568124,862.2581619478661,853.4555364534135,959.3764028392112,992.1606188568124,862.2581619478661,853.4555364534135,959.3764028392112
4733,3000.0,2722.6984230434327,1373.715318282443,999.1794946609505,3000.0,2722.6984230434327,1373.715318282443,999.1794946609505,3000.0,2722.6984230434327,1373.715318282443,999.1794946609505,3000.0,2722.6984230434327,1373.715318282443,999.1794946609505,852.0073347332205,1126.160922803339,2019.615669875729,3000.0,852.0073347332205,1126.160922803339,2019.615669875729,3000.0,852.0073347332205,1126.160922803339,2019.615669875729,3000.0,852.0073347332205,1126.160922803339,2019.615669875729,3000.0,884.0907570560244,767.4201302272099,758.8061325720215,852.0073347332203,884.0907570560244,767.4201302272099,758.8061325720215,852.0073347332203,884.0907570560244,767.4201302272099,758.8061325720215,852.0073347332203,884.0907570560244,767.4201302272099,758.8061325720215,852.0073347332203,962.9195321541129,1272.761752990756,3000.0,3000.0,962.9195321541129,1272.761752990756,3000.0,3000.0,962.9195321541129,1272.761752990756,3000.0,3000.0,962.9195321541129,1272.761752990756,3000.0,3000.0,3000.0,3000.0,1215.4863287420574,884.0907570560246,3000.0,3000.0,1215.4863287420574,884.0907570560246,3000.0,3000.0,1215.4863287420574,884.0907570560246,3000.0,3000.0,1215.4863287420574,884.0907570560246,999.1794946609505,867.3209755822312,857.5856291198585,962.9195321541126,999.1794946609505,867.3209755822312,857.5856291198585,962.9195321541126,999.1794946609505,867.3209755822312,857.5856291198585,962.9195321541126,999.1794946609505,867.3209755822312,857.5856291198585,962.9195321541126
4800,3000.0,2761.4446741331544,1386.0430894786084,1006.2322375356558,3000.0,2761.4446741331544,1386.0430894786084,1006.2322375356558,3000.0,2761.4446741331544,1386.0430894786084,1006.2322375356558,3000.0,2761.4446741331544,1386.0430894786084,1006.2322375356558,845.6523045144827,1115.875823898908,1993.2021480403314,3000.0,845.6523045144827,1115.875823898908,1993.2021480403314,3000.0,845.6523045144827,1115.875823898908,1993.2021480403314,3000.0,845.6523045144827,1115.875823898908,1993.2021480403314,3000.0,880.4532078436985,763.3476441658885,754.0045874805681,845.6523045144826,880.4532078436985,763.3476441658885,754.0045874805681,845.6523045144826,880.4532078436985,763.3476441658885,754.0045874805681,845.6523045144826,880.4532078436985,763.3476441658885,754.0045874805681,845.6523045144826,966.4597765879802,1275.2866558844664,3000.0,3000.0,966.4597765879802,1275.2866558844664,3000.0,3000.0,966.4597765879802,1275.2866558844664,3000.0,3000.0,966.4597765879802,1275.2866558844664,3000.0,3000.0,3000.0,3000.0,1212.7877032937827,880.4532078436988,3000.0,3000.0,1212.7877032937827,880.4532078436988,3000.0,3000.0,1212.7877032937827,880.4532078436988,3000.0,3000.0,1212.7877032937827,880.4532078436988,1006.2322375356556,872.3973076181584,861.7195285492207,966.4597765879798,1006.2322375356556,872.3973076181584,861.7195285492207,966.4597765879798,1006.2322375356556,872.3973076181584,861.7195285492207,966.4597765879798,1006.2322375356556,872.3973076181584,861.7195285492207,966.4597765879798
4867,3000.0,2800.914532495982,1398.4747734973753,1013.3191961716564,3000.0,2800.914532495982,1398.4747734973753,1013.3191961716564,3000.0,2800.914532495982,1398.4747734973753,1013.3191961716564,3000.0,2800.914532495982,1398.4747734973753,1013.3191961716564,839.3240469317082,1105.6663778180252,1967.1829944096826,3000.0,839.3240469317082,1105.6663778180252,1967.1829944096826,3000.0,839.3240469317082,1105.6663778180252,1967.1829944096826,3000.0,839.3240469317082,1105.6663778180252,1967.1829944096826,3000.0,876.8098744075993,759.2765820798428,749.2133441963592,839.3240469317079,876.8098744075993,759.2765820798428,749.2133441963592,839.3240469317079,876.8098744075993,759.2765820798428,749.2133441963592,839.3240469317079,876.8098744075993,759.2765820798428,749.2133441963592,839.3240469317079,969.9972518432314,1277.8060534064605,3000.0,3000.0,969.9972518432314,1277.8060534064605,3000.0,3000.0,969.9972518432314,1277.8060534064605,3000.0,3000.0,969.9972518432314,1277.8060534064605,3000.0,3000.0,3000.0,3000.0,1210.0792081557604,876.8098744075994,3000.0,3000.0,1210.0792081557604,876.8098744075994,3000.0,3000.0,1210.0792081557604,876.8098744075994,3000.0,3000.0,1210.0792081557604,876.8098744075994,1013.3191961716564,877.4873074335906,865.8573379035766,969.9972518432312,1013.3191961716564,877.4873074335906,865.8573379035766,969.9972518432312,1013.3191961716564,877.4873074335906,865.8573379035766,969.9972518432312,1013.3191961716564,877.4873074335906,865.8573379035766,969.9972518432312
4933,3000.0,2841.128597621915,1411.011814168378,1020.4407230388117,3000.0,2841.128597621915,1411.011814168378,1020.4407230388117,3000.0,2841.128597621915,1411.011814168378,1020.4407230388117,3000.0,2841.128597621915,1411.011814168378,1020.4407230388117,833.0222891689648,1095.5316292014713,1941.5492820738386,3000.0,833.0222891689648,1095.5316292014713,1941.5492820738386,3000.0,833.0222891689648,1095.5316292014713,1941.5492820738386,3000.0,833.0222891689648,1095.5316292014713,1941.5492820738386,3000.0,873.1606186826945,755.2068391760243,744.4322712447073,833.0222891689648,873.1606186826945,755.2068391760243,744.4322712447073,833.0222891689648,873.1606186826945,755.2068391760243,744.4322712447073,833.0222891689648,873.1606186826945,755.2068391760243,744.4322712447073,833.0222891689648,973.5320728842117,1280.3200967776233,3000.0,3000.0,973.5320728842117,1280.3200967776233,3000.0,3000.0,973.5320728842117,1280.3200967776233,3000.0,3000.0,973.5320728842117,1280.3200967776233,3000.0,3000.0,3000.0,3000.0,1207.360624494592,873.1606186826947,3000.0,3000.0,1207.360624494592,873.1606186826947,3000.0,3000.0,1207.360624494592,873.1606186826947,3000.0,3000.0,1207.360624494592,873.1606186826947,1020.4407230388117,882.591125302101,869.9991603703205,973.5320728842117,1020.4407230388117,882.591125302101,869.9991603703205,973.5320728842117,1020.4407230388117,882.591125302101,869.9991603703205,973.5320728842117,1020.4407230388117,882.591125302101,869.9991603703205,973.5320728842117
5000,3000.0,2882.108253633303,1423.6556808106377,1027.5971744429394,3000.0,2882.108253633303,1423.6556808106377,1027.5971744429394,3000.0,2882.108253633303,1423.6556808106377,1027.5971744429394,3000.0,2882.108253633303,1423.6556808106377,1027.5971744429394,826.7467610353178,1085.470637476325,1916.292348485353,3000.0,826.7467610353178,1085.470637476325,1916.292348485353,3000.0,826.7467610353178,1085.470637476325,1916.292348485353,3000.0,826.7467610353178,1085.470637476325,1916.292348485353,3000.0,869.5053014517176,751.1383104973069,739.6612377587787,826.7467610353177,869.5053014517176,751.1383104973069,739.6612377587787,826.7467610353177,869.5053014517176,751.1383104973069,739.6612377587787,826.7467610353177,869.5053014517176,751.1383104973069,739.6612377587787,826.7467610353177,977.0643539508302,1282.8289351992937,3000.0,3000.0,977.0643539508302,1282.8289351992937,3000.0,3000.0,977.0643539508302,1282.8289351992937,3000.0,3000.0,977.0643539508302,1282.8289351992937,3000.0,3000.0,3000.0,3000.0,1204.6317299166938,869.5053014517181,3000.0,3000.0,1204.6317299166938,869.5053014517181,3000.0,3000.0,1204.6317299166938,869.5053014517181,3000.0,3000.0,1204.6317299166938,869.5053014517181,1027.5971744429391,887.7089124059081,874.1450991694658,977.0643539508301,1027.5971744429391,887.7089124059081,874.1450991694658,977.0643539508301,1027.5971744429391,887.7089124059081,874.1450991694658,977.0643539508301,1027.5971744429391,887.7089124059081,874.1450991694658,977.0643539508301
5067,3000.0,2923.875707010106,1436.407868803224,1034.7889105836223,3000.0,2923.875707010106,1436.407868803224,1034.7889105836223,3000.0,2923.875707010106,1436.407868803224,1034.7889105836223,3000.0,2923.875707010106,1436.407868803224,1034.7889105836223,820.497194927599,1075.4824765654257,1891.4037857379674,3000.0,820.497194927599,1075.4824765654257,1891.4037857379674,3000.0,820.497194927599,1075.4824765654257,1891.4037857379674,3000.0,820.497194927599,1075.4824765654257,1891.4037857379674,3000.0,865.8437823250715,747.0708909144953,734.9001134693551,820.497194927599,865.8437823250715,747.0708909144953,734.9001134693551,820.497194927599,865.8437823250715,747.0708909144953,734.9001134693551,820.497194927599,865.8437823250715,747.0708909144953,734.9001134693551,820.497194927599,980.5942085720087,1285.3327158952652,3000.0,3000.0,980.5942085720087,1285.3327158952652,3000.0,3000.0,980.5942085720087,1285.3327158952652,3000.0,3000.0,980.5942085720087,1285.3327158952652,3000.0,3000.0,3000.0,3000.0,1201.8922983863708,865.843782325072,3000.0,3000.0,1201.8922983863708,865.843782325072,3000.0,3000.0,1201.8922983863708,865.843782325072,3000.0,3000.0,1201.8922983863708,865.843782325072,1034.788910583622,892.840820849031,878.2952575609366,980.5942085720086,1034.788910583622,892.840820849031,878.2952575609366,980.5942085720086,1034.788910583622,892.840820849031,878.2952575609366,980.5942085720086,1034.788910583622,892.840820849031,878.2952575609366,980.5942085720086
5133,3000.0,2966.454026512734,1449.2699001712645,1042.0162956130098,3000.0,2966.454026512734,1449.2699001712645,1042.0162956130098,3000.0,2966.454026512734,1449.2699001712645,1042.0162956130098,3000.0,2966.454026512734,1449.2699001712645,1042.0162956130098,814.2733257937521,1065.5662346036086,1866.8754312710482,3000.0,814.2733257937521,1065.5662346036086,1866.8754312710482,3000.0,814.2733257937521,1065.5662346036086,1866.8754312710482,3000.0,814.2733257937521,1065.5662346036086,1866.8754312710482,3000.0,862.1759197204091,743.0044751182965,730.1487686946778,814.2733257937521,862.1759197204091,743.0044751182965,730.1487686946778,814.2733257937521,862.1759197204091,743.0044751182965,730.1487686946778,814.2733257937521,862.1759197204091,743.0044751182965,730.1487686946778,814.2733257937521,984.1217495789521,1287.8315841528283,3000.0,3000.0,984.1217495789521,1287.8315841528283,3000.0,3000.0,984.1217495789521,1287.8315841528283,3000.0,3000.0,984.1217495789521,1287.8315841528283,3000.0,3000.0,3000.0,3000.0,1199.1421001417061,862.1759197204091,3000.0,3000.0,1199.1421001417061,862.1759197204091,3000.0,3000.0,1199.1421001417061,862.1759197204091,3000.0,3000.0,1199.1421001417061,862.1759197204091,1042.0162956130098,897.9870036705793,882.4497388518497,984.121749578952,1042.0162956130098,897.9870036705793,882.4497388518497,984.121749578952,1042.0162956130098,897.9870036705793,882.4497388518497,984.121749578952,1042.0162956130098,897.9870036705793,882.4497388518497,984.121749578952
5200,3000.0,3000.0,1462.2433241877857,1049.279697695634,3000.0,3000.0,1462.2433241877857,1049.279697695634,3000.0,3000.0,1462.2433241877857,1049.279697695634,3000.0,3000.0,1462.2433241877857,1049.279697695634,808.0748910967396,1055.72101366053,1842.699358978166,3000.0,808.0748910967396,1055.72101366053,1842.699358978166,3000.0,808.0748910967396,1055.72101366053,1842.699358978166,3000.0,808.0748910967396,1055.72101366053,1842.699358978166,3000.0,858.5015708418822,738.9389576112419,725.4070743303707,808.0748910967396,858.5015708418822,738.9389576112419,725.4070743303707,808.0748910967396,858.5015708418822,738.9389576112419,725.4070743303707,808.0748910967396,858.5015708418822,738.9389576112419,725.4070743303707,808.0748910967396,987.6470891182378,1290.3256833628704,3000.0,3000.0,987.6470891182378,1290.3256833628704,3000.0,3000.0,987.6470891182378,1290.3256833628704,3000.0,3000.0,987.6470891182378,1290.3256833628704,3000.0,3000.0,3000.0,3000.0,1196.3809016081882,858.5015708418822,3000.0,3000.0,1196.3809016081882,858.5015708418822,3000.0,3000.0,1196.3809016081882,858.5015708418822,3000.0,3000.0,1196.3809016081882,858.5015708418822,1049.279697695634,903.1476148581847,886.6086464037865,987.6470891182377,1049.279697695634,903.1476148581847,886.6086464037865,987.6470891182377,1049.279697695634,903.1476148581847,886.6086464037865,987.6470891182377,1049.279697695634,903.1476148581847,886.6086464037865,987.6470891182377
5267,3000.0,3000.0,1475.329717991876,1056.5794890692634,3000.0,3000.0,1475.329717991876,1056.5794890692634,3000.0,3000.0,1475.329717991876,1056.5794890692634,3000.0,3000.0,1475.329717991876,1056.5794890692634,801.9016307790029,1045.945929469898,1818.8678706994726,3000.0,801.9016307790029,1045.945929469898,1818.8678706994726,3000.0,801.9016307790029,1045.945929469898,1818.8678706994726,3000.0,801.9016307790029,1045.945929469898,1818.8678706994726,3000.0,854.8205916590523,734.8742326995665,720.6749018394443,801.9016307790029,854.8205916590523,734.8742326995665,720.6749018394443,801.9016307790029,854.8205916590523,734.8742326995665,720.6749018394443,801.9016307790029,854.8205916590523,734.8742326995665,720.6749018394443,801.9016307790029,991.1703386647305,1292.815155059067,3000.0,3000.0,991.1703386647305,1292.815155059067,3000.0,3000.0,991.1703386647305,1292.815155059067,3000.0,3000.0,991.1703386647305,1292.815155059067,3000.0,3000.0,3000.0,3000.0,1193.6084653100102,854.8205916590523,3000.0,3000.0,1193.6084653100102,854.8205916590523,3000.0,3000.0,1193.6084653100102,854.8205916590523,3000.0,3000.0,1193.6084653100102,854.8205916590523,1056.5794890692634,908.322809361576,890.7720836400586,991.1703386647304,1056.5794890692634,908.322809361576,890.7720836400586,991.1703386647304,1056.5794890692634,908.322809361576,890.7720836400586,991.1703386647304,1056.5794890692634,908.322809361576,890.7720836400586,991.1703386647304
5333,3000.0,3000.0,1488.5306872237063,1063.9160461068166,3000.0,3000.0,1488.5306872237063,1063.9160461068166,3000.0,3000.0,1488.5306872237063,1063.9160461068166,3000.0,3000.0,1488.5306872237063,1063.9160461068166,795.7532872274618,1036.240111164946,1795.3734880786872,3000.0,795.7532872274618,1036.240111164946,1795.3734880786872,3000.0,795.7532872274618,1036.240111164946,1795.3734880786872,3000.0,795.7532872274618,1036.240111164946,1795.3734880786872,3000.0,851.1328368854533,730.8101944850395,715.9521232423724,795.7532872274618,851.1328368854533,730.8101944850395,715.9521232423724,795.7532872274618,851.1328368854533,730.8101944850395,715.9521232423724,795.7532872274618,851.1328368854533,730.8101944850395,715.9521232423724,795.7532872274618,994.6916090343271,1295.3001389561832,3000.0,3000.0,994.6916090343271,1295.3001389561832,3000.0,3000.0,994.6916090343271,1295.3001389561832,3000.0,3000.0,994.6916090343271,1295.3001389561832,3000.0,3000.0,3000.0,3000.0,1190.824549778965,851.1328368854533,3000.0,3000.0,1190.824549778965,851.1328368854533,3000.0,3000.0,1190.824549778965,851.1328368854533,3000.0,3000.0,1190.824549778965,851.1328368854533,1063.9160461068166,913.5127431062994,894.9401540529656,994.6916090343269,1063.9160461068166,913.5127431062994,894.9401540529656,994.6916090343269,1063.9160461068166,913.5127431062994,894.9401540529656,994.6916090343269,1063.9160461068166,913.5127431062994,894.9401540529656,994.6916090343269
5400,3000.0,3000.0,1501.8478666769388,1071.2897493793544,3000.0,3000.0,1501.8478666769388,1071.2897493793544,3000.0,3000.0,1501.8478666769388,1071.2897493793544,3000.0,3000.0,1501.8478666769388,1071.2897493793544,789.6296052390481,1026.602701019975,1772.20894476658,3000.0,789.6296052390481,1026.602701019975,1772.20894476658,3000.0,789.6296052390481,1026.602701019975,1772.20894476658,3000.0,789.6296052390481,1026.602701019975,1772.20894476658,3000.0,847.4381599568025,726.7467368567474,711.2386111072476,789.6296052390481,847.4381599568025,726.7467368567474,711.2386111072476,789.6296052390481,847.4381599568025,726.7467368567474,711.2386111072476,789.6296052390481,847.4381599568025,726.7467368567474,711.2386111072476,789.6296052390481,998.2110103965327,1297.7807729875158,3000.0,3000.0,998.2110103965327,1297.7807729875158,3000.0,3000.0,998.2110103965327,1297.7807729875158,3000.0,3000.0,998.2110103965327,1297.7807729875158,3000.0,3000.0,3000.0,3000.0,1188.0289094608622,847.4381599568027,3000.0,3000.0,1188.0289094608622,847.4381599568027,3000.0,3000.0,1188.0289094608622,847.4381599568027,3000.0,3000.0,1188.0289094608622,847.4381599568027,1071.2897493793544,918.7175730075862,899.1129612110489,998.2110103965327,1071.2897493793544,918.7175730075862,899.1129612110489,998.2110103965327,1071.2897493793544,918.7175730075862,899.1129612110489,998.2110103965327,1071.2897493793544,918.7175730075862,899.1129612110489,998.2110103965327
5467,3000.0,3000.0,1515.2829209690753,1078.7009837201756,3000.0,3000.0,1515.2829209690753,1078.7009837201756,3000.0,3000.0,1515.2829209690753,1078.7009837201756,3000.0,3000.0,1515.2829209690753,1078.7009837201756,783.5303319867618,1017.0328541978022,1749.3671789538857,3000.0,783.5303319867618,1017.0328541978022,1749.3671789538857,3000.0,783.5303319867618,1017.0328541978022,1749.3671789538857,3000.0,783.5303319867618,1017.0328541978022,1749.3671789538857,3000.0,843.7364130088503,722.6837534828267,706.5342385400085,783.5303319867618,843.7364130088503,722.6837534828267,706.5342385400085,783.5303319867618,843.7364130088503,722.6837534828267,706.5342385400085,783.5303319867618,843.7364130088503,722.6837534828267,706.5342385400085,783.5303319867618,1001.7286522868725,1300.2571933414938,3000.0,3000.0,1001.7286522868725,1300.2571933414938,3000.0,3000.0,1001.7286522868725,1300.2571933414938,3000.0,3000.0,1001.7286522868725,1300.2571933414938,3000.0,3000.0,3000.0,3000.0,1185.2212946193765,843.7364130088504,3000.0,3000.0,1185.2212946193765,843.7364130088504,3000.0,3000.0,1185.2212946193765,843.7364130088504,3000.0,3000.0,1185.2212946193765,843.7364130088504,1078.7009837201756,923.9374569843733,903.2906087663397,1001.7286522868725,1078.7009837201756,923.9374569843733,903.2906087663397,1001.7286522868725,1078.7009837201756,923.9374569843733,903.2906087663397,1001.7286522868725,1078.7009837201756,923.9374569843733,903.2906087663397,1001.7286522868725
5533,3000.0,3000.0,1528.8375452303435,1086.15013829004,3000.0,3000.0,1528.8375452303435,1086.15013829004,3000.0,3000.0,1528.8375452303435,1086.15013829004,3000.0,3000.0,1528.8375452303435,1086.15013829004,777.4552169862337,1007.5297385029615,1726.8413262175102,3000.0,777.4552169862337,1007.5297385029615,1726.8413262175102,3000.0,777.4552169862337,1007.5297385029615,1726.8413262175102,3000.0,777.4552169862337,1007.5297385029615,1726.8413262175102,3000.0,840.0274468548587,718.6211378021446,701.8388791747385,777.4552169862337,840.0274468548587,718.6211378021446,701.8388791747385,777.4552169862337,840.0274468548587,718.6211378021446,701.8388791747385,777.4552169862337,840.0274468548587,718.6211378021446,701.8388791747385,777.4552169862337,1005.244643619143,1302.72953449746,3000.0,3000.0,1005.244643619143,1302.72953449746,3000.0,3000.0,1005.244643619143,1302.72953449746,3000.0,3000.0,1005.244643619143,1302.72953449746,3000.0,3000.0,3000.0,3000.0,1182.4014512372614,840.0274468548588,3000.0,3000.0,1182.4014512372614,840.0274468548588,3000.0,3000.0,1182.4014512372614,840.0274468548588,3000.0,3000.0,1182.4014512372614,840.0274468548588,1086.15013829004,929.1725539734737,907.4732004616046,1005.244643619143,1086.15013829004,929.1725539734737,907.4732004616046,1005.244643619143,1086.15013829004,929.1725539734737,907.4732004616046,1005.244643619143,1086.15013829004,929.1725539734737,907.4732004616046,1005.244643619143
5600,3000.0,3000.0,1542.5134658116988,1093.6376066435412,3000.0,3000.0,1542.5134658116988,1093.6376066435412,3000.0,3000.0,1542.5134658116988,1093.6376066435412,3000.0,3000.0,1542.5134658116988,1093.6376066435412,771.4040120627977,998.0925341405037,1704.6247126648054,3000.0,771.4040120627977,998.0925341405037,1704.6247126648054,3000.0,771.4040120627977,998.0925341405037,1704.6247126648054,3000.0,771.4040120627977,998.0925341405037,1704.6247126648054,3000.0,836.3111109627077,714.5587830159293,697.152407164038,771.4040120627977,836.3111109627077,714.5587830159293,697.152407164038,771.4040120627977,836.3111109627077,714.5587830159293,697.152407164038,771.4040120627977,836.3111109627077,714.5587830159293,697.152407164038,771.4040120627977,1008.7590926975046,1305.1979292606588,3000.0,3000.0,1008.7590926975046,1305.1979292606588,3000.0,3000.0,1008.7590926975046,1305.1979292606588,3000.0,3000.0,1008.7590926975046,1305.1979292606588,3000.0,3000.0,3000.0,3000.0,1179.5691209148295,836.311110962708,3000.0,3000.0,1179.5691209148295,836.311110962708,3000.0,3000.0,1179.5691209148295,836.311110962708,3000.0,3000.0,1179.5691209148295,836.311110962708,1093.637606643541,934.4230239439077,911.6608401375881,1008.7590926975046,1093.637606643541,934.4230239439077,911.6608401375881,1008.7590926975046,1093.637606643541,934.4230239439077,911.6608401375881,1008.7590926975046,1093.637606643541,934.4230239439077,911.6608401375881,1008.7590926975046
5667,3000.0,3000.0,1556.3124410125847,1101.1637867966492,3000.0,3000.0,1556.3124410125847,1101.1637867966492,3000.0,3000.0,1556.3124410125847,1101.1637867966492,3000.0,3000.0,1556.3124410125847,1101.1637867966492,765.3764713190508,988.7204334802426,1682.710848361524,3000.0,765.3764713190508,988.7204334802426,1682.710848361524,3000.0,765.3764713190508,988.7204334802426,1682.710848361524,3000.0,765.3764713190508,988.7204334802426,1682.710848361524,3000.0,832.5872534316125,710.4965820793423,692.4746971694607,765.3764713190504,832.5872534316125,710.4965820793423,692.4746971694607,765.3764713190504,832.5872534316125,710.4965820793423,692.4746971694607,765.3764713190504,832.5872534316125,710.4965820793423,692.4746971694607,765.3764713190504,1012.272107228422,1307.66250879645,3000.0,3000.0,1012.272107228422,1307.66250879645,3000.0,3000.0,1012.272107228422,1307.66250879645,3000.0,3000.0,1012.272107228422,1307.66250879645,3000.0,3000.0,3000.0,3000.0,1176.724040765613,832.5872534316128,3000.0,3000.0,1176.724040765613,832.5872534316128,3000.0,3000.0,1176.724040765613,832.5872534316128,3000.0,3000.0,1176.724040765613,832.5872534316128,1101.163786796649,939.6890279113883,915.8536317402545,1012.2721072284215,1101.163786796649,939.6890279113883,915.8536317402545,1012.2721072284215,1101.163786796649,939.6890279113883,915.8536317402545,1012.2721072284215,1101.163786796649,939.6890279113883,915.8536317402545,1012.2721072284215
5733,3000.0,3000.0,1570.2362618290788,1108.7290812954589,3000.0,3000.0,1570.2362618290788,1108.7290812954589,3000.0,3000.0,1570.2362618290788,1108.7290812954589,3000.0,3000.0,1570.2362618290788,1108.7290812954589,759.3723511028984,979.4126408263121,1661.0934210298483,3000.0,759.3723511028984,979.4126408263121,1661.0934210298483,3000.0,759.3723511028984,979.4126408263121,1661.0934210298483,3000.0,759.3723511028984,979.4126408263121,1661.0934210298483,3000.0,828.8557209684494,706.434427692998,687.805624352021,759.3723511028983,828.8557209684494,706.434427692998,687.805624352021,759.3723511028983,828.8557209684494,706.434427692998,687.805624352021,759.3723511028983,828.8557209684494,706.434427692998,687.805624352021,759.3723511028983,1015.7837943324486,1310.1234026637685,3000.0,3000.0,1015.7837943324486,1310.1234026637685,3000.0,3000.0,1015.7837943324486,1310.1234026637685,3000.0,3000.0,1015.7837943324486,1310.1234026637685,3000.0,3000.0,3000.0,3000.0,1173.865943309117,828.8557209684496,3000.0,3000.0,1173.865943309117,828.8557209684496,3000.0,3000.0,1173.865943309117,828.8557209684496,3000.0,3000.0,1173.865943309117,828.8557209684496,1108.7290812954584,944.9707279529715,920.0516793280282,1015.7837943324483,1108.7290812954584,944.9707279529715,920.0516793280282,1015.7837943324483,1108.7290812954584,944.9707279529715,920.0516793280282,1015.7837943324483,1108.7290812954584,944.9707279529715,920.0516793280282,1015.7837943324483
5800,3000.0,3000.0,1584.2867527231158,1116.3338972861557,3000.0,3000.0,1584.2867527231158,1116.3338972861557,3000.0,3000.0,1584.2867527231158,1116.3338972861557,3000.0,3000.0,1584.2867527231158,1116.3338972861557,753.3914099760774,970.168372191888,1639.7662900036398,3000.0,753.3914099760774,970.168372191888,1639.7662900036398,3000.0,753.3914099760774,970.168372191888,1639.7662900036398,3000.0,753.3914099760774,970.168372191888,1639.7662900036398,3000.0,825.11635886368,702.3722122944262,683.1450643627672,753.3914099760773,825.11635886368,702.3722122944262,683.1450643627672,753.3914099760773,825.11635886368,702.3722122944262,683.1450643627672,753.3914099760773,825.11635886368,702.3722122944262,683.1450643627672,753.3914099760773,1019.2942605558693,1312.5807388478488,3000.0,3000.0,1019.2942605558693,1312.5807388478488,3000.0,3000.0,1019.2942605558693,1312.5807388478488,3000.0,3000.0,1019.2942605558693,1312.5807388478488,3000.0,3000.0,3000.0,3000.0,1170.9945563605643,825.1163588636801,3000.0,3000.0,1170.9945563605643,825.1163588636801,3000.0,3000.0,1170.9945563605643,825.1163588636801,3000.0,3000.0,1170.9945563605643,825.1163588636801,1116.3338972861557,950.2682872218708,924.2550870790378,1019.2942605558691,1116.3338972861557,950.2682872218708,924.2550870790378,1019.2942605558691,1116.3338972861557,950.2682872218708,924.2550870790378,1019.2942605558691,1116.3338972861557,950.2682872218708,924.2550870790378,1019.2942605558691
5867,3000.0,3000.0,1598.4657724134654,1123.9786465862364,3000.0,3000.0,1598.4657724134654,1123.9786465862364,3000.0,3000.0,1598.4657724134654,1123.9786465862364,3000.0,3000.0,1598.4657724134654,1123.9786465862364,747.4334086831399,960.9868550789417,1618.723480428731,3000.0,747.4334086831399,960.9868550789417,1618.723480428731,3000.0,747.4334086831399,960.9868550789417,1618.723480428731,3000.0,747.4334086831399,960.9868550789417,1618.723480428731,3000.0,821.3690109668646,698.3098280494728,678.4928933334159,747.4334086831398,821.3690109668646,698.3098280494728,678.4928933334159,747.4334086831398,821.3690109668646,698.3098280494728,678.4928933334159,747.4334086831398,821.3690109668646,698.3098280494728,678.4928933334159,747.4334086831398,1022.8036118821915,1315.0346437922365,3000.0,3000.0,1022.8036118821915,1315.0346437922365,3000.0,3000.0,1022.8036118821915,1315.0346437922365,3000.0,3000.0,1022.8036118821915,1315.0346437922365,3000.0,3000.0,3000.0,3000.0,1168.1096029175326,821.3690109668651,3000.0,3000.0,1168.1096029175326,821.3690109668651,3000.0,3000.0,1168.1096029175326,821.3690109668651,3000.0,3000.0,1168.1096029175326,821.3690109668651,1123.9786465862362,955.5818699624366,928.4639592983585,1022.8036118821915,1123.9786465862362,955.5818699624366,928.4639592983585,1022.8036118821915,1123.9786465862362,955.5818699624366,928.4639592983585,1022.8036118821915,1123.9786465862362,955.5818699624366,928.4639592983585,1022.8036118821915
5933,3000.0,3000.0,1612.7752146891935,1131.6637457570025,3000.0,3000.0,1612.7752146891935,1131.6637457570025,3000.0,3000.0,1612.7752146891935,1131.6637457570025,3000.0,3000.0,1612.7752146891935,1131.6637457570025,741.4981101209004,951.8673282628981,1597.9591776967643,3000.0,741.4981101209004,951.8673282628981,1597.9591776967643,3000.0,741.4981101209004,951.8673282628981,1597.9591776967643,3000.0,741.4981101209004,951.8673282628981,1597.9591776967643,3000.0,817.6135196617573,694.2471668436448,673.8489878670539,741.4981101209004,817.6135196617573,694.2471668436448,673.8489878670539,741.4981101209004,817.6135196617573,694.2471668436448,673.8489878670539,741.4981101209004,817.6135196617573,694.2471668436448,673.8489878670539,741.4981101209004,1026.3119537434982,1317.4852424301046,3000.0,3000.0,1026.3119537434982,1317.4852424301046,3000.0,3000.0,1026.3119537434982,1317.4852424301046,3000.0,3000.0,1026.3119537434982,1317.4852424301046,3000.0,3000.0,3000.0,3000.0,1165.2108010433888,817.6135196617577,3000.0,3000.0,1165.2108010433888,817.6135196617577,3000.0,3000.0,1165.2108010433888,817.6135196617577,3000.0,3000.0,1165.2108010433888,817.6135196617577,1131.6637457570025,960.9116415253097,932.6784004252602,1026.311953743498,1131.6637457570025,960.9116415253097,932.6784004252602,1026.311953743498,1131.6637457570025,960.9116415253097,932.6784004252602,1026.311953743498,1131.6637457570025,960.9116415253097,932.6784004252602,1026.311953743498
6000,3000.0,3000.0,1627.2170092463584,1139.3896161773591,3000.0,3000.0,1627.2170092463584,1139.3896161773591,3000.0,3000.0,1627.2170092463584,1139.3896161773591,3000.0,3000.0,1627.2170092463584,1139.3896161773591,735.585279308328,942.8090415820636,1577.4677221016661,3000.0,735.585279308328,942.8090415820636,1577.4677221016661,3000.0,735.585279308328,942.8090415820636,1577.4677221016661,3000.0,735.585279308328,942.8090415820636,1577.4677221016661,3000.0,813.8497258409706,690.1841202733888,669.2132250288984,735.585279308328,813.8497258409706,690.1841202733888,669.2132250288984,735.585279308328,813.8497258409706,690.1841202733888,669.2132250288984,735.585279308328,813.8497258409706,690.1841202733888,669.2132250288984,735.585279308328,1029.819391031659,1319.9326582148894,3000.0,3000.0,1029.819391031659,1319.9326582148894,3000.0,3000.0,1029.819391031659,1319.9326582148894,3000.0,3000.0,1029.819391031659,1319.9326582148894,3000.0,3000.0,3000.0,3000.0,1162.297863747399,813.8497258409709,3000.0,3000.0,1162.297863747399,813.8497258409709,3000.0,3000.0,1162.297863747399,813.8497258409709,3000.0,3000.0,1162.297863747399,813.8497258409709,1139.3896161773591,966.2577683827442,936.8985150404576,1029.8193910316588,1139.3896161773591,966.2577683827442,936.8985150404576,1029.8193910316588,1139.3896161773591,966.2577683827442,936.8985150404576,1029.8193910316588,1139.3896161773591,966.2577683827442,936.8985150404576,1029.8193910316588
6067,3000.0,3000.0,1641.79312254872,1147.1566841189467,3000.0,3000.0,1641.79312254872,1147.1566841189467,3000.0,3000.0,1641.79312254872,1147.1566841189467,3000.0,3000.0,1641.79312254872,1147.1566841189467,729.6946833568801,933.8112557317066,1557.2436037084342,3000.0,729.6946833568801,933.8112557317066,1557.2436037084342,3000.0,729.6946833568801,933.8112557317066,1557.2436037084342,3000.0,729.6946833568801,933.8112557317066,1557.2436037084342,3000.0,810.0774688802039,686.1205796373102,664.5854823371171,729.6946833568801,810.0774688802039,686.1205796373102,664.5854823371171,729.6946833568801,810.0774688802039,686.1205796373102,664.5854823371171,729.6946833568801,810.0774688802039,686.1205796373102,664.5854823371171,729.6946833568801,1033.3260281094074,1322.3770131502697,3000.0,3000.0,1033.3260281094074,1322.3770131502697,3000.0,3000.0,1033.3260281094074,1322.3770131502697,3000.0,3000.0,1033.3260281094074,1322.3770131502697,3000.0,3000.0,3000.0,3000.0,1159.3704988614186,810.0774688802042,3000.0,3000.0,1159.3704988614186,810.0774688802042,3000.0,3000.0,1159.3704988614186,810.0774688802042,3000.0,3000.0,1159.3704988614186,810.0774688802042,1147.1566841189467,971.6204181441105,941.1244078733673,1033.3260281094074,1147.1566841189467,971.6204181441105,941.1244078733673,1033.3260281094074,1147.1566841189467,971.6204181441105,941.1244078733673,1033.3260281094074,1147.1566841189467,971.6204181441105,941.1244078733673,1033.3260281094074
6133,3000.0,3000.0,1656.5055587132656,1154.9653808226308,3000.0,3000.0,1656.5055587132656,1154.9653808226308,3000.0,3000.0,1656.5055587132656,1154.9653808226308,3000.0,3000.0,1656.5055587132656,1154.9653808226308,723.8260914412714,924.8732420626704,1537.2814574244749,3000.0,723.8260914412714,924.8732420626704,1537.2814574244749,3000.0,723.8260914412714,924.8732420626704,1537.2814574244749,3000.0,723.8260914412714,924.8732420626704,1537.2814574244749,3000.0,806.2965866120252,682.0564359273253,659.9656377537103,723.8260914412714,806.2965866120252,682.0564359273253,659.9656377537103,723.8260914412714,806.2965866120252,682.0564359273253,659.9656377537103,723.8260914412714,806.2965866120252,682.0564359273253,659.9656377537103,723.8260914412714,1036.831968821281,1324.8184278195015,3000.0,3000.0,1036.831968821281,1324.8184278195015,3000.0,3000.0,1036.831968821281,1324.8184278195015,3000.0,3000.0,1036.831968821281,1324.8184278195015,3000.0,3000.0,3000.0,3000.0,1156.4284089130344,806.2965866120252,3000.0,3000.0,1156.4284089130344,806.2965866120252,3000.0,3000.0,1156.4284089130344,806.2965866120252,3000.0,3000.0,1156.4284089130344,806.2965866120252,1154.9653808226308,976.9997595715743,945.3561838093689,1036.8319688212807,1154.9653808226308,976.9997595715743,945.3561838093689,1036.8319688212807,1154.9653808226308,976.9997595715743,945.3561838093689,1036.8319688212807,1154.9653808226308,976.9997595715743,945.3561838093689,1036.8319688212807
6200,3000.0,3000.0,1671.3563604213948,1162.8161425763824,3000.0,3000.0,1671.3563604213948,1162.8161425763824,3000.0,3000.0,1671.3563604213948,1162.8161425763824,3000.0,3000.0,1671.3563604213948,1162.8161425763824,717.9792747706651,915.9942823843968,1517.576058264208,3000.0,717.9792747706651,915.9942823843968,1517.576058264208,3000.0,717.9792747706651,915.9942823843968,1517.576058264208,3000.0,717.9792747706651,915.9942823843968,1517.576058264208,3000.0,802.506915299193,677.9915798197472,655.353569675446,717.9792747706651,802.506915299193,677.9915798197472,655.353569675446,717.9792747706651,802.506915299193,677.9915798197472,655.353569675446,717.9792747706651,802.506915299193,677.9915798197472,655.353569675446,717.9792747706651,1040.3373165044336,1327.257021414127,3000.0,3000.0,1040.3373165044336,1327.257021414127,3000.0,3000.0,1040.3373165044336,1327.257021414127,3000.0,3000.0,1040.3373165044336,1327.257021414127,3000.0,3000.0,3000.0,3000.0,1153.471290995047,802.506915299193,3000.0,3000.0,1153.471290995047,802.506915299193,3000.0,3000.0,1153.471290995047,802.506915299193,3000.0,3000.0,1153.471290995047,802.506915299193,1162.816142576382,982.3959625959606,949.593947897075,1040.3373165044334,1162.816142576382,982.3959625959606,949.593947897075,1040.3373165044334,1162.816142576382,982.3959625959606,949.593947897075,1040.3373165044334,1162.816142576382,982.3959625959606,949.593947897075,1040.3373165044334
6267,3000.0,3000.0,1686.3476098566384,1170.7094107945757,3000.0,3000.0,1686.3476098566384,1170.7094107945757,3000.0,3000.0,1686.3476098566384,1170.7094107945757,3000.0,3000.0,1686.3476098566384,1170.7094107945757,712.1540065602821,907.173668772255,1498.1223167981589,3000.0,712.1540065602821,907.173668772255,1498.1223167981589,3000.0,712.1540065602821,907.173668772255,1498.1223167981589,3000.0,712.1540065602821,907.173668772255,1498.1223167981589,3000.0,798.7082896075143,673.925901666304,650.749156924854,712.1540065602821,798.7082896075143,673.925901666304,650.749156924854,712.1540065602821,798.7082896075143,673.925901666304,650.749156924854,712.1540065602821,798.7082896075143,673.925901666304,650.749156924854,712.1540065602821,1043.8421739993175,1329.692911762072,3000.0,3000.0,1043.8421739993175,1329.692911762072,3000.0,3000.0,1043.8421739993175,1329.692911762072,3000.0,3000.0,1043.8421739993175,1329.692911762072,3000.0,3000.0,3000.0,3000.0,1150.4988366311654,798.7082896075144,3000.0,3000.0,1150.4988366311654,798.7082896075144,3000.0,3000.0,1150.4988366311654,798.7082896075144,3000.0,3000.0,1150.4988366311654,798.7082896075144,1170.7094107945754,987.8091983328014,953.8378053556078,1043.8421739993175,1170.7094107945754,987.8091983328014,953.8378053556078,1043.8421739993175,1170.7094107945754,987.8091983328014,953.8378053556078,1043.8421739993175,1170.7094107945754,987.8091983328014,953.8378053556078,1043.8421739993175
6333,3000.0,3000.0,1701.4814296698114,1178.6456320987425,3000.0,3000.0,1701.4814296698114,1178.6456320987425,3000.0,3000.0,1701.4814296698114,1178.6456320987425,3000.0,3000.0,1701.4814296698114,1178.6456320987425,706.350062003419,898.4107033790589,1478.9152747782111,3000.0,706.350062003419,898.4107033790589,1478.9152747782111,3000.0,706.350062003419,898.4107033790589,1478.9152747782111,3000.0,706.350062003419,898.4107033790589,1478.9152747782111,3000.0,794.9005425782216,669.8592914850863,646.1522787412727,706.350062003419,794.9005425782216,669.8592914850863,646.1522787412727,706.350062003419,794.9005425782216,669.8592914850863,646.1522787412727,706.350062003419,794.9005425782216,669.8592914850863,646.1522787412727,706.350062003419,1047.3466436602419,1332.1262153551563,3000.0,3000.0,1047.3466436602419,1332.1262153551563,3000.0,3000.0,1047.3466436602419,1332.1262153551563,3000.0,3000.0,1047.3466436602419,1332.1262153551563,3000.0,3000.0,3000.0,3000.0,1147.5107316377805,794.9005425782217,3000.0,3000.0,1147.5107316377805,794.9005425782217,3000.0,3000.0,1147.5107316377805,794.9005425782217,3000.0,3000.0,1147.5107316377805,794.9005425782217,1178.6456320987425,993.2396390985762,958.0878615818871,1047.3466436602419,1178.6456320987425,993.2396390985762,958.0878615818871,1047.3466436602419,1178.6456320987425,993.2396390985762,958.0878615818871,1047.3466436602419,1178.6456320987425,993.2396390985762,958.0878615818871,1047.3466436602419
6400,3000.0,3000.0,1716.7599839725451,1186.6252583997984,3000.0,3000.0,1716.7599839725451,1186.6252583997984,3000.0,3000.0,1716.7599839725451,1186.6252583997984,3000.0,3000.0,1716.7599839725451,1186.6252583997984,700.56721824387,889.7046982506746,1459.95010093111,3000.0,700.56721824387,889.7046982506746,1459.95010093111,3000.0,700.56721824387,889.7046982506746,1459.95010093111,3000.0,700.56721824387,889.7046982506746,1459.95010093111,3000.0,791.0835055998654,665.7916389514254,641.5628147719502,700.56721824387,791.0835055998654,665.7916389514254,641.5628147719502,700.56721824387,791.0835055998654,665.7916389514254,641.5628147719502,700.56721824387,791.0835055998654,665.7916389514254,641.5628147719502,700.56721824387,1050.8508273658051,1334.557047376012,3000.0,3000.0,1050.8508273658051,1334.557047376012,3000.0,3000.0,1050.8508273658051,1334.557047376012,3000.0,3000.0,1050.8508273658051,1334.557047376012,3000.0,3000.0,3000.0,3000.0,1144.5066559816971,791.0835055998656,3000.0,3000.0,1144.5066559816971,791.0835055998656,3000.0,3000.0,1144.5066559816971,791.0835055998656,3000.0,3000.0,1144.5066559816971,791.0835055998656,1186.6252583997982,998.6874584271382,962.3442221579254,1050.8508273658051,1186.6252583997982,998.6874584271382,962.3442221579254,1050.8508273658051,1186.6252583997982,998.6874584271382,962.3442221579254,1050.8508273658051,1186.6252583997982,998.6874584271382,962.3442221579254,1050.8508273658051
6467,3000.0,3000.0,1732.1854793601756,1194.6487469817905,3000.0,3000.0,1732.1854793601756,1194.6487469817905,3000.0,3000.0,1732.1854793601756,1194.6487469817905,3000.0,3000.0,1732.1854793601756,1194.6487469817905,694.8052543487412,881.0549751456047,1441.2220869127152,3000.0,694.8052543487412,881.0549751456047,1441.2220869127152,3000.0,694.8052543487412,881.0549751456047,1441.2220869127152,3000.0,694.8052543487412,881.0549751456047,1441.2220869127152,3000.0,787.2570083797051,661.7228333886952,636.9806450631961,694.8052543487412,787.2570083797051,661.7228333886952,636.9806450631961,694.8052543487412,787.2570083797051,661.7228333886952,636.9806450631961,694.8052543487412,787.2570083797051,661.7228333886952,636.9806450631961,694.8052543487412,1054.3548265292088,1336.9855217244494,3000.0,3000.0,1054.3548265292088,1336.9855217244494,3000.0,3000.0,1054.3548265292088,1336.9855217244494,3000.0,3000.0,1054.3548265292088,1336.9855217244494,3000.0,3000.0,3000.0,3000.0,1141.4862836336645,787.2570083797053,3000.0,3000.0,1141.4862836336645,787.2570083797053,3000.0,3000.0,1141.4862836336645,787.2570083797053,3000.0,3000.0,1141.4862836336645,787.2570083797053,1194.6487469817905,1004.1528310863418,966.6069928581368,1054.3548265292086,1194.6487469817905,1004.1528310863418,966.6069928581368,1054.3548265292086,1194.6487469817905,1004.1528310863418,966.6069928581368,1054.3548265292086,1194.6487469817905,1004.1528310863418,966.6069928581368,1054.3548265292086
6533,3000.0,3000.0,1747.760165965011,1202.7165605871899,3000.0,3000.0,1747.760165965011,1202.7165605871899,3000.0,3000.0,1747.760165965011,1202.7165605871899,3000.0,3000.0,1747.760165965011,1202.7165605871899,689.0639512816545,872.4608653584597,1422.7266434158812,3000.0,689.0639512816545,872.4608653584597,1422.7266434158812,3000.0,689.0639512816545,872.4608653584597,1422.7266434158812,3000.0,689.0639512816545,872.4608653584597,1422.7266434158812,3000.0,783.4208789145914,657.6527637590419,632.4056500515845,689.0639512816543,783.4208789145914,657.6527637590419,632.4056500515845,689.0639512816543,783.4208789145914,657.6527637590419,632.4056500515845,689.0639512816543,783.4208789145914,657.6527637590419,632.4056500515845,689.0639512816543,1057.8587421084553,1339.4117510432693,2184.185973694802,3000.0,1057.8587421084553,1339.4117510432693,2184.185973694802,3000.0,1057.8587421084553,1339.4117510432693,2184.185973694802,3000.0,1057.8587421084553,1339.4117510432693,2184.185973694802,3000.0,3000.0,3000.0,1138.4492824175766,783.4208789145918,3000.0,3000.0,1138.4492824175766,783.4208789145918,3000.0,3000.0,1138.4492824175766,783.4208789145918,3000.0,3000.0,1138.4492824175766,783.4208789145918,1202.7165605871899,1009.6359330948675,970.876279656658,1057.858742108455,1202.7165605871899,1009.6359330948675,970.876279656658,1057.858742108455,1202.7165605871899,1009.6359330948675,970.876279656658,1057.858742108455,1202.7165605871899,1009.6359330948675,970.876279656658,1057.858742108455
6600,3000.0,3000.0,1763.486338541026,1210.8291675037626,3000.0,3000.0,1763.486338541026,1210.8291675037626,3000.0,3000.0,1763.486338541026,1210.8291675037626,3000.0,3000.0,1763.486338541026,1210.8291675037626,683.3430918763289,863.9217095472088,1404.4592964252045,3000.0,683.3430918763289,863.9217095472088,1404.4592964252045,3000.0,683.3430918763289,863.9217095472088,1404.4592964252045,3000.0,683.3430918763289,863.9217095472088,1404.4592964252045,3000.0,779.5749434613266,653.581318654036,627.8377105552057,683.3430918763287,779.5749434613266,653.581318654036,627.8377105552057,683.3430918763287,779.5749434613266,653.581318654036,627.8377105552057,683.3430918763287,779.5749434613266,653.581318654036,627.8377105552057,683.3430918763287,1061.3626746164257,1341.8358467435369,2181.39422636255,3000.0,1061.3626746164257,1341.8358467435369,2181.39422636255,3000.0,1061.3626746164257,1341.8358467435369,2181.39422636255,3000.0,1061.3626746164257,1341.8358467435369,2181.39422636255,3000.0,3000.0,3000.0,1135.3953138551815,779.5749434613268,3000.0,3000.0,1135.3953138551815,779.5749434613268,3000.0,3000.0,1135.3953138551815,779.5749434613268,3000.0,3000.0,1135.3953138551815,779.5749434613268,1210.8291675037626,1015.1369417392473,975.1521887346811,1061.3626746164252,1210.8291675037626,1015.1369417392473,975.1521887346811,1061.3626746164252,1210.8291675037626,1015.1369417392473,975.1521887346811,1061.3626746164252,1210.8291675037626,1015.1369417392473,975.1521887346811,1061.3626746164252
6667,3000.0,3000.0,1779.3663375810904,1218.98704165306,3000.0,3000.0,1779.3663375810904,1218.98704165306,3000.0,3000.0,1779.3663375810904,1218.98704165306,3000.0,3000.0,1779.3663375810904,1218.98704165306,677.6424608105394,855.4368575641241,1386.415683612208,3000.0,677.6424608105394,855.4368575641241,1386.415683612208,3000.0,677.6424608105394,855.4368575641241,1386.415683612208,3000.0,677.6424608105394,855.4368575641241,1386.415683612208,3000.0,775.7190265064922,649.5083862852453,623.2767077649655,677.6424608105393,775.7190265064922,649.5083862852453,623.2767077649655,677.6424608105393,775.7190265064922,649.5083862852453,623.2767077649655,677.6424608105393,775.7190265064922,649.5083862852453,623.2767077649655,677.6424608105393,1064.866724130848,1344.2579190293382,2178.6532171048975,3000.0,1064.866724130848,1344.2579190293382,2178.6532171048975,3000.0,1064.866724130848,1344.2579190293382,2178.6532171048975,3000.0,1064.866724130848,1344.2579190293382,2178.6532171048975,3000.0,3000.0,3000.0,1132.3240330061487,775.7190265064926,3000.0,3000.0,1132.3240330061487,775.7190265064926,3000.0,3000.0,1132.3240330061487,775.7190265064926,3000.0,3000.0,1132.3240330061487,775.7190265064926,1218.98704165306,1020.6560355910997,979.4348264878031,1064.8667241308476,1218.98704165306,1020.6560355910997,979.4348264878031,1064.8667241308476,1218.98704165306,1020.6560355910997,979.4348264878031,1064.8667241308476,1218.98704165306,1020.6560355910997,979.4348264878031,1064.8667241308476
6733,3000.0,3000.0,1795.4025504678787,1227.190662680556,3000.0,3000.0,1795.4025504678787,1227.190662680556,3000.0,3000.0,1795.4025504678787,1227.190662680556,3000.0,3000.0,1795.4025504678787,1227.190662680556,671.9618445804404,847.0056682903206,1368.5915508648627,3000.0,671.9618445804404,847.0056682903206,1368.5915508648627,3000.0,671.9618445804404,847.0056682903206,1368.5915508648627,3000.0,671.9618445804404,847.0056682903206,1368.5915508648627,3000.0,771.852950735734,645.4338544747293,618.7225232359318,671.9618445804404,771.852950735734,645.4338544747293,618.7225232359318,671.9618445804404,771.852950735734,645.4338544747293,618.7225232359318,671.9618445804404,771.852950735734,645.4338544747293,618.7225232359318,671.9618445804404,1068.3709903041536,1346.6780769220213,2175.9621060513273,3000.0,1068.3709903041536,1346.6780769220213,2175.9621060513273,3000.0,1068.3709903041536,1346.6780769220213,2175.9621060513273,3000.0,1068.3709903041536,1346.6780769220213,2175.9621060513273,3000.0,3000.0,3000.0,1129.2350883033264,771.8529507357341,3000.0,3000.0,1129.2350883033264,771.8529507357341,3000.0,3000.0,1129.2350883033264,771.8529507357341,3000.0,3000.0,1129.2350883033264,771.8529507357341,1227.190662680556,1026.1933945245698,983.7242995333881,1068.3709903041533,1227.190662680556,1026.1933945245698,983.7242995333881,1068.3709903041533,1227.190662680556,1026.1933945245698,983.7242995333881,1068.3709903041533,1227.190662680556,1026.1933945245698,983.7242995333881,1068.3709903041533
6800,3000.0,3000.0,1811.5974126596411,1235.4405160474762,3000.0,3000.0,1811.5974126596411,1235.4405160474762,3000.0,3000.0,1811.5974126596411,1235.4405160474762,3000.0,3000.0,1811.5974126596411,1235.4405160474762,666.3010314752485,838.6275094738053,1350.9827489456306,3000.0,666.3010314752485,838.6275094738053,1350.9827489456306,3000.0,666.3010314752485,838.6275094738053,1350.9827489456306,3000.0,666.3010314752485,838.6275094738053,1350.9827489456306,3000.0,767.9765370024849,641.3576106454508,614.1750388787249,666.3010314752485,767.9765370024849,641.3576106454508,614.1750388787249,666.3010314752485,767.9765370024849,641.3576106454508,614.1750388787249,666.3010314752485,767.9765370024849,641.3576106454508,614.1750388787249,666.3010314752485,1071.8755723732256,1349.096428283948,2173.320074390796,3000.0,1071.8755723732256,1349.096428283948,2173.320074390796,3000.0,1071.8755723732256,1349.096428283948,2173.320074390796,3000.0,1071.8755723732256,1349.096428283948,2173.320074390796,3000.0,3000.0,3000.0,1126.1281213830202,767.9765370024852,3000.0,3000.0,1126.1281213830202,767.9765370024852,3000.0,3000.0,1126.1281213830202,767.9765370024852,3000.0,3000.0,1126.1281213830202,767.9765370024852,1235.4405160474762,1031.7491997339862,988.0207147179489,1071.8755723732256,1235.4405160474762,1031.7491997339862,988.0207147179489,1071.8755723732256,1235.4405160474762,1031.7491997339862,988.0207147179489,1071.8755723732256,1235.4405160474762,1031.7491997339862,988.0207147179489,1071.8755723732256
6867,3000.0,3000.0,1827.9534089120884,1243.7370931243481,3000.0,3000.0,1827.9534089120884,1243.7370931243481,3000.0,3000.0,1827.9534089120884,1243.7370931243481,3000.0,3000.0,1827.9534089120884,1243.7370931243481,660.6598115522804,830.3017575709445,1333.585230272523,3000.0,660.6598115522804,830.3017575709445,1333.585230272523,3000.0,660.6598115522804,830.3017575709445,1333.585230272523,3000.0,660.6598115522804,830.3017575709445,1333.585230272523,3000.0,764.0896042961241,637.2795418116025,609.6341369509529,660.6598115522804,764.0896042961241,637.2795418116025,609.6341369509529,660.6598115522804,764.0896042961241,637.2795418116025,609.6341369509529,660.6598115522804,764.0896042961241,637.2795418116025,609.6341369509529,660.6598115522804,1075.3805691690402,1351.5130798417563,2170.7263237282664,3000.0,1075.3805691690402,1351.5130798417563,2170.7263237282664,3000.0,1075.3805691690402,1351.5130798417563,2170.7263237282664,3000.0,1075.3805691690402,1351.5130798417563,2170.7263237282664,3000.0,3000.0,3000.0,1123.0027669101173,764.0896042961244,3000.0,3000.0,1123.0027669101173,764.0896042961244,3000.0,3000.0,1123.0027669101173,764.0896042961244,3000.0,3000.0,1123.0027669101173,764.0896042961244,1243.7370931243481,1037.3236337517324,992.3241791245437,1075.38056916904,1243.7370931243481,1037.3236337517324,992.3241791245437,1075.38056916904,1243.7370931243481,1037.3236337517324,992.3241791245437,1075.38056916904,1243.7370931243481,1037.3236337517324,992.3241791245437,1075.38056916904
6933,3000.0,3000.0,1844.4730745376667,1252.0808912863174,3000.0,3000.0,1844.4730745376667,1252.0808912863174,3000.0,3000.0,1844.4730745376667,1252.0808912863174,3000.0,3000.0,1844.4730745376667,1252.0808912863174,655.0379766123384,822.0277975912729,1316.3950458179145,3000.0,655.0379766123384,822.0277975912729,1316.3950458179145,3000.0,655.0379766123384,822.0277975912729,1316.3950458179145,3000.0,655.0379766123384,822.0277975912729,1316.3950458179145,3000.0,760.1919697095495,633.19953456885,605.0997000486894,655.0379766123384,760.1919697095495,633.19953456885,605.0997000486894,655.0379766123384,760.1919697095495,633.19953456885,605.0997000486894,655.0379766123384,760.1919697095495,633.19953456885,605.0997000486894,655.0379766123384,1078.8860791262045,1353.928137209156,2168.1800754648,3000.0,1078.8860791262045,1353.928137209156,2168.1800754648,3000.0,1078.8860791262045,1353.928137209156,2168.1800754648,3000.0,1078.8860791262045,1353.928137209156,2168.1800754648,3000.0,3000.0,3000.0,1119.8586523978695,760.19196970955,3000.0,3000.0,1119.8586523978695,760.19196970955,3000.0,3000.0,1119.8586523978695,760.19196970955,3000.0,3000.0,1119.8586523978695,760.19196970955,1252.0808912863172,1042.9168804663414,996.6348000801943,1078.8860791262043,1252.0808912863172,1042.9168804663414,996.6348000801943,1078.8860791262043,1252.0808912863172,1042.9168804663414,996.6348000801943,1078.8860791262043,1252.0808912863172,1042.9168804663414,996.6348000801943,1078.8860791262043
7000,3000.0,3000.0,1861.1589967035775,1260.4724140102646,3000.0,3000.0,1861.1589967035775,1260.4724140102646,3000.0,3000.0,1861.1589967035775,1260.4724140102646,3000.0,3000.0,1861.1589967035775,1260.4724140102646,649.4353201754365,813.8050229455542,1299.4083421201206,3000.0,649.4353201754365,813.8050229455542,1299.4083421201206,3000.0,649.4353201754365,813.8050229455542,1299.4083421201206,3000.0,649.4353201754365,813.8050229455542,1299.4083421201206,3000.0,756.2834484061588,629.1174750844865,600.5716110979921,649.4353201754365,756.2834484061588,629.1174750844865,600.5716110979921,649.4353201754365,756.2834484061588,629.1174750844865,600.5716110979921,649.4353201754365,756.2834484061588,629.1174750844865,600.5716110979921,649.4353201754365,1082.3922002923941,1356.3417049092575,2165.6805702002002,3000.0,1082.3922002923941,1356.3417049092575,2165.6805702002002,3000.0,1082.3922002923941,1356.3417049092575,2165.6805702002002,3000.0,1082.3922002923941,1356.3417049092575,2165.6805702002002,3000.0,3000.0,3000.0,1116.695398022147,756.2834484061588,3000.0,3000.0,1116.695398022147,756.2834484061588,3000.0,3000.0,1116.695398022147,756.2834484061588,3000.0,3000.0,1116.695398022147,756.2834484061588,1260.4724140102646,1048.529125140811,1000.9526851633199,1082.3922002923941,1260.4724140102646,1048.529125140811,1000.9526851633199,1082.3922002923941,1260.4724140102646,1048.529125140811,1000.9526851633199,1082.3922002923941,1260.4724140102646,1048.529125140811,1000.9526851633199,1082.3922002923941
7067,3000.0,3000.0,1878.0138157699303,1268.9121709737658,3000.0,3000.0,1878.0138157699303,1268.9121709737658,3000.0,3000.0,1878.0138157699303,1268.9121709737658,3000.0,3000.0,1878.0138157699303,1268.9121709737658,643.8516374568599,805.6328352970161,1282.6213584029788,3000.0,643.8516374568599,805.6328352970161,1282.6213584029788,3000.0,643.8516374568599,805.6328352970161,1282.6213584029788,3000.0,643.8516374568599,805.6328352970161,1282.6213584029788,3000.0,752.3638535862152,625.0332490874964,596.0497533464613,643.8516374568599,752.3638535862152,625.0332490874964,596.0497533464613,643.8516374568599,752.3638535862152,625.0332490874964,596.0497533464613,643.8516374568599,752.3638535862152,625.0332490874964,596.0497533464613,643.8516374568599,1085.8990303376893,1358.7538863964603,2163.2270671572624,3000.0,1085.8990303376893,1358.7538863964603,2163.2270671572624,3000.0,1085.8990303376893,1358.7538863964603,2163.2270671572624,3000.0,1085.8990303376893,1358.7538863964603,2163.2270671572624,3000.0,3000.0,3000.0,1113.5126164299584,752.3638535862152,3000.0,3000.0,1113.5126164299584,752.3638535862152,3000.0,3000.0,1113.5126164299584,752.3638535862152,3000.0,3000.0,1113.5126164299584,752.3638535862152,1268.9121709737658,1054.1605544311506,1005.2779422111962,1085.899030337689,1268.9121709737658,1054.1605544311506,1005.2779422111962,1085.899030337689,1268.9121709737658,1054.1605544311506,1005.2779422111962,1085.899030337689,1268.9121709737658,1054.1605544311506,1005.2779422111962,1085.899030337689
7133,3000.0,3000.0,1895.0402266694869,1277.400678155939,3000.0,3000.0,1895.0402266694869,1277.400678155939,3000.0,3000.0,1895.0402266694869,1277.400678155939,3000.0,3000.0,1895.0402266694869,1277.400678155939,638.2867253435568,797.5106444156847,1266.030423798917,3000.0,638.2867253435568,797.5106444156847,1266.030423798917,3000.0,638.2867253435568,797.5106444156847,1266.030423798917,3000.0,638.2867253435568,797.5106444156847,1266.030423798917,3000.0,748.4329964525988,620.9467418585301,591.534010354839,638.2867253435568,748.4329964525988,620.9467418585301,591.534010354839,638.2867253435568,748.4329964525988,620.9467418585301,591.534010354839,638.2867253435568,748.4329964525988,620.9467418585301,591.534010354839,638.2867253435568,1089.406666563815,1361.164784077898,2160.8188436267205,3000.0,1089.406666563815,1361.164784077898,2160.8188436267205,3000.0,1089.406666563815,1361.164784077898,2160.8188436267205,3000.0,1089.406666563815,1361.164784077898,2160.8188436267205,3000.0,3000.0,3000.0,1110.3099125420351,748.4329964525989,3000.0,3000.0,1110.3099125420351,748.4329964525989,3000.0,3000.0,1110.3099125420351,748.4329964525989,3000.0,3000.0,1110.3099125420351,748.4329964525989,1277.400678155939,1059.8113564051603,1009.610679327432,1089.406666563815,1277.400678155939,1059.8113564051603,1009.610679327432,1089.406666563815,1277.400678155939,1059.8113564051603,1009.610679327432,1089.406666563815,1277.400678155939,1059.8113564051603,1009.610679327432,1089.406666563815
7200,3000.0,3000.0,1912.2409803305236,1285.9384579402135,3000.0,3000.0,1912.2409803305236,1285.9384579402135,3000.0,3000.0,1912.2409803305236,1285.9384579402135,3000.0,3000.0,1912.2409803305236,1285.9384579402135,632.740382370849,789.4378680357408,1249.6319546711811,3000.0,632.740382370849,789.4378680357408,1249.6319546711811,3000.0,632.740382370849,789.4378680357408,1249.6319546711811,3000.0,632.740382370849,789.4378680357408,1249.6319546711811,3000.0,744.490686175913,616.8578382197835,587.0242659886422,632.740382370849,744.490686175913,616.8578382197835,587.0242659886422,632.740382370849,744.490686175913,616.8578382197835,587.0242659886422,632.740382370849,744.490686175913,616.8578382197835,587.0242659886422,632.740382370849,1092.915205913285,1363.5744993344617,2158.45519443204,3000.0,1092.915205913285,1363.5744993344617,2158.45519443204,3000.0,1092.915205913285,1363.5744993344617,2158.45519443204,3000.0,1092.915205913285,1363.5744993344617,2158.45519443204,3000.0,3000.0,3000.0,1107.0868833492505,744.490686175913,3000.0,3000.0,1107.0868833492505,744.490686175913,3000.0,3000.0,1107.0868833492505,744.490686175913,3000.0,3000.0,1107.0868833492505,744.490686175913,1285.9384579402133,1065.4817205614445,1013.9510048894729,1092.9152059132848,1285.9384579402133,1065.4817205614445,1013.9510048894729,1092.9152059132848,1285.9384579402133,1065.4817205614445,1013.9510048894729,1092.9152059132848,1285.9384579402133,1065.4817205614445,1013.9510048894729,1092.9152059132848
7267,3000.0,3000.0,1929.6188851443696,1294.5260392190721,3000.0,3000.0,1929.6188851443696,1294.5260392190721,3000.0,3000.0,1929.6188851443696,1294.5260392190721,3000.0,3000.0,1929.6188851443696,1294.5260392190721,627.2124086994643,781.4139317158218,1233.4224520311325,3000.0,627.2124086994643,781.4139317158218,1233.4224520311325,3000.0,627.2124086994643,781.4139317158218,1233.4224520311325,3000.0,627.2124086994643,781.4139317158218,1233.4224520311325,3000.0,740.536729858945,612.7664225247818,582.5204044098358,627.2124086994643,740.536729858945,612.7664225247818,582.5204044098358,627.2124086994643,740.536729858945,612.7664225247818,582.5204044098358,627.2124086994643,740.536729858945,612.7664225247818,582.5204044098358,627.2124086994643,1096.4247449784527,1365.9831325413986,2156.135431413199,3000.0,1096.4247449784527,1365.9831325413986,2156.135431413199,3000.0,1096.4247449784527,1365.9831325413986,2156.135431413199,3000.0,1096.4247449784527,1365.9831325413986,2156.135431413199,3000.0,3000.0,3000.0,1103.8431177026748,740.5367298589453,3000.0,3000.0,1103.8431177026748,740.5367298589453,3000.0,3000.0,1103.8431177026748,740.5367298589453,3000.0,3000.0,1103.8431177026748,740.5367298589453,1294.526039219072,1071.1718378486644,1018.299027556125,1096.4247449784527,1294.526039219072,1071.1718378486644,1018.299027556125,1096.4247449784527,1294.526039219072,1071.1718378486644,1018.299027556125,1096.4247449784527,1294.526039219072,1071.1718378486644,1018.299027556125,1096.4247449784527
7333,3000.0,3000.0,1947.1768084792934,1303.1639575008082,3000.0,3000.0,1947.1768084792934,1303.1639575008082,3000.0,3000.0,1947.1768084792934,1303.1639575008082,3000.0,3000.0,1947.1768084792934,1303.1639575008082,621.7026060928762,773.4382687022057,1217.3984990466824,3000.0,621.7026060928762,773.4382687022057,1217.3984990466824,3000.0,621.7026060928762,773.4382687022057,1217.3984990466824,3000.0,621.7026060928762,773.4382687022057,1217.3984990466824,3000.0,736.5709325004568,608.672378648067,578.0223100685387,621.7026060928762,736.5709325004568,608.672378648067,578.0223100685387,621.7026060928762,736.5709325004568,608.672378648067,578.0223100685387,621.7026060928762,736.5709325004568,608.672378648067,578.0223100685387,621.7026060928762,1099.935380010473,1368.3907830885175,2153.858882928744,3000.0,1099.935380010473,1368.3907830885175,2153.858882928744,3000.0,1099.935380010473,1368.3907830885175,2153.858882928744,3000.0,1099.935380010473,1368.3907830885175,2153.858882928744,3000.0,3000.0,3000.0,1100.5781960969928,736.5709325004572,3000.0,3000.0,1100.5781960969928,736.5709325004572,3000.0,3000.0,1100.5781960969928,736.5709325004572,3000.0,3000.0,1100.5781960969928,736.5709325004572,1303.163957500808,1076.8819006850415,1022.6548562751066,1099.935380010473,1303.163957500808,1076.8819006850415,1022.6548562751066,1099.935380010473,1303.163957500808,1076.8819006850415,1022.6548562751066,1099.935380010473,1303.163957500808,1076.8819006850415,1022.6548562751066,1099.935380010473
7400,3000.0,3000.0,1964.9176782424354,1311.8527550183435,3000.0,3000.0,1964.9176782424354,1311.8527550183435,3000.0,3000.0,1964.9176782424354,1311.8527550183435,3000.0,3000.0,1964.9176782424354,1311.8527550183435,616.2107778949527,765.5103197947992,1201.5567586381505,3000.0,616.2107778949527,765.5103197947992,1201.5567586381505,3000.0,616.2107778949527,765.5103197947992,1201.5567586381505,3000.0,616.2107778949527,765.5103197947992,1201.5567586381505,3000.0,732.5930969582953,604.5755899747859,573.5298676947643,616.2107778949527,732.5930969582953,604.5755899747859,573.5298676947643,616.2107778949527,732.5930969582953,604.5755899747859,573.5298676947643,616.2107778949527,732.5930969582953,604.5755899747859,573.5298676947643,616.2107778949527,1103.4472069281712,1370.7975493999895,2151.624893375292,3000.0,1103.4472069281712,1370.7975493999895,2151.624893375292,3000.0,1103.4472069281712,1370.7975493999895,2151.624893375292,3000.0,1103.4472069281712,1370.7975493999895,2151.624893375292,3000.0,3000.0,3000.0,1097.2916904470746,732.5930969582956,3000.0,3000.0,1097.2916904470746,732.5930969582956,3000.0,3000.0,1097.2916904470746,732.5930969582956,3000.0,3000.0,1097.2916904470746,732.5930969582956,1311.8527550183435,1082.6121029781052,1027.0186002906248,1103.447206928171,1311.8527550183435,1082.6121029781052,1027.0186002906248,1103.447206928171,1311.8527550183435,1082.6121029781052,1027.0186002906248,1103.447206928171,1311.8527550183435,1082.6121029781052,1027.0186002906248,1103.447206928171
7467,3000.0,3000.0,1982.844484491577,1320.5929808401474,3000.0,3000.0,1982.844484491577,1320.5929808401474,3000.0,3000.0,1982.844484491577,1320.5929808401474,3000.0,3000.0,1982.844484491577,1320.5929808401474,610.7367290079044,757.6295332158684,1185.8939711579733,3000.0,610.7367290079044,757.6295332158684,1185.8939711579733,3000.0,610.7367290079044,757.6295332158684,1185.8939711579733,3000.0,610.7367290079044,757.6295332158684,1185.8939711579733,3000.0,728.6030239118055,600.4759393901741,569.0429622901942,610.7367290079042,728.6030239118055,600.4759393901741,569.0429622901942,610.7367290079042,728.6030239118055,600.4759393901741,569.0429622901942,610.7367290079042,728.6030239118055,600.4759393901741,569.0429622901942,610.7367290079042,1106.9603213268265,1373.2035289537612,2149.4328227238248,3000.0,1106.9603213268265,1373.2035289537612,2149.4328227238248,3000.0,1106.9603213268265,1373.2035289537612,2149.4328227238248,3000.0,1106.9603213268265,1373.2035289537612,2149.4328227238248,3000.0,3000.0,3000.0,1093.9831638574224,728.6030239118056,3000.0,3000.0,1093.9831638574224,728.6030239118056,3000.0,3000.0,1093.9831638574224,728.6030239118056,3000.0,3000.0,1093.9831638574224,728.6030239118056,1320.5929808401474,1088.3626401446904,1031.3903691509768,1106.9603213268263,1320.5929808401474,1088.3626401446904,1031.3903691509768,1106.9603213268263,1320.5929808401474,1088.3626401446904,1031.3903691509768,1106.9603213268263,1320.5929808401474,1088.3626401446904,1031.3903691509768,1106.9603213268263
7533,3000.0,3000.0,2000.9602810986316,1329.385190983325,3000.0,3000.0,2000.9602810986316,1329.385190983325,3000.0,3000.0,2000.9602810986316,1329.385190983325,3000.0,3000.0,2000.9602810986316,1329.385190983325,605.2802658705273,749.7953644814431,1170.40695215088,3000.0,605.2802658705273,749.7953644814431,1170.40695215088,3000.0,605.2802658705273,749.7953644814431,1170.40695215088,3000.0,605.2802658705273,749.7953644814431,1170.40695215088,3000.0,724.600511823529,596.3733092689394,564.5614791199821,605.2802658705272,724.600511823529,596.3733092689394,564.5614791199821,605.2802658705272,724.600511823529,596.3733092689394,564.5614791199821,605.2802658705272,724.600511823529,596.3733092689394,564.5614791199821,605.2802658705272,1110.474818486873,1375.6088183006004,2147.282046072086,3000.0,1110.474818486873,1375.6088183006004,2147.282046072086,3000.0,1110.474818486873,1375.6088183006004,2147.282046072086,3000.0,1110.474818486873,1375.6088183006004,2147.282046072086,3000.0,3000.0,3000.0,1090.6521703842334,724.6005118235294,3000.0,3000.0,1090.6521703842334,724.6005118235294,3000.0,3000.0,1090.6521703842334,724.6005118235294,3000.0,3000.0,1090.6521703842334,724.6005118235294,1329.385190983325,1094.1337091312037,1035.7702727161875,1110.4748184868727,1329.385190983325,1094.1337091312037,1035.7702727161875,1110.4748184868727,1329.385190983325,1094.1337091312037,1035.7702727161875,1110.4748184868727,1329.385190983325,1094.1337091312037,1035.7702727161875,1110.4748184868727
7600,3000.0,3000.0,2019.2681874667708,1338.2299485288943,3000.0,3000.0,2019.2681874667708,1338.2299485288943,3000.0,3000.0,2019.2681874667708,1338.2299485288943,3000.0,3000.0,2019.2681874667708,1338.2299485288943,599.8411964367363,742.0072762753343,1155.0925901912963,3000.0,599.8411964367363,742.0072762753343,1155.0925901912963,3000.0,599.8411964367363,742.0072762753343,1155.0925901912963,3000.0,599.8411964367363,742.0072762753343,1155.0925901912963,3000.0,720.5853569001737,592.2675814645356,560.0853037045883,599.8411964367363,720.5853569001737,592.2675814645356,560.0853037045883,599.8411964367363,720.5853569001737,592.2675814645356,560.0853037045883,599.8411964367363,720.5853569001737,592.2675814645356,560.0853037045883,599.8411964367363,1113.9907933825104,1378.0135130827641,2145.171953212406,3000.0,1113.9907933825104,1378.0135130827641,2145.171953212406,3000.0,1113.9907933825104,1378.0135130827641,2145.171953212406,3000.0,1113.9907933825104,1378.0135130827641,2145.171953212406,3000.0,3000.0,3000.0,1087.2982547898,720.5853569001739,3000.0,3000.0,1087.2982547898,720.5853569001739,3000.0,3000.0,1087.2982547898,720.5853569001739,3000.0,3000.0,1087.2982547898,720.5853569001739,1338.229948528894,1099.9255084341378,1040.158421165664,1113.99079338251,1338.229948528894,1099.9255084341378,1040.158421165664,1113.99079338251,1338.229948528894,1099.9255084341378,1040.158421165664,1113.99079338251,1338.229948528894,1099.9255084341378,1040.158421165664,1113.99079338251
7667,3000.0,3000.0,2037.7713903032468,1347.127823739331,3000.0,3000.0,2037.7713903032468,1347.127823739331,3000.0,3000.0,2037.7713903032468,1347.127823739331,3000.0,3000.0,2037.7713903032468,1347.127823739331,594.4193301543836,734.2647383256993,1139.9478447948838,3000.0,594.4193301543836,734.2647383256993,1139.9478447948838,3000.0,594.4193301543836,734.2647383256993,1139.9478447948838,3000.0,594.4193301543836,734.2647383256993,1139.9478447948838,3000.0,716.5573530528353,588.1586372983317,555.614321811645,594.4193301543835,716.5573530528353,588.1586372983317,555.614321811645,594.4193301543835,716.5573530528353,588.1586372983317,555.614321811645,594.4193301543835,716.5573530528353,588.1586372983317,555.614321811645,594.4193301543835,1117.5083406902413,1380.4177080523154,2143.101948214381,3000.0,1117.5083406902413,1380.4177080523154,2143.101948214381,3000.0,1117.5083406902413,1380.4177080523154,2143.101948214381,3000.0,1117.5083406902413,1380.4177080523154,2143.101948214381,3000.0,3000.0,3000.0,1083.9209522889616,716.5573530528357,3000.0,3000.0,1083.9209522889616,716.5573530528357,3000.0,3000.0,1083.9209522889616,716.5573530528357,3000.0,3000.0,1083.9209522889616,716.5573530528357,1347.1278237393308,1105.7382381208638,1044.5549250058928,1117.508340690241,1347.1278237393308,1105.7382381208638,1044.5549250058928,1117.508340690241,1347.1278237393308,1105.7382381208638,1044.5549250058928,1117.508340690241,1347.1278237393308,1105.7382381208638,1044.5549250058928,1117.508340690241
7733,3000.0,3000.0,2056.473145450014,1356.079394178417,3000.0,3000.0,2056.473145450014,1356.079394178417,3000.0,3000.0,2056.473145450014,1356.079394178417,3000.0,3000.0,2056.473145450014,1356.079394178417,589.014477944356,726.5672272840951,1124.9697444012704,3000.0,589.014477944356,726.5672272840951,1124.9697444012704,3000.0,589.014477944356,726.5672272840951,1124.9697444012704,3000.0,589.014477944356,726.5672272840951,1124.9697444012704,3000.0,712.5162918564561,584.0463575486675,551.1484194478469,589.014477944356,712.5162918564561,584.0463575486675,551.1484194478469,589.014477944356,712.5162918564561,584.0463575486675,551.1484194478469,589.014477944356,712.5162918564561,584.0463575486675,551.1484194478469,589.014477944356,1121.027554797323,1382.8214970890851,2141.0714490217724,3000.0,1121.027554797323,1382.8214970890851,2141.0714490217724,3000.0,1121.027554797323,1382.8214970890851,2141.0714490217724,3000.0,1121.027554797323,1382.8214970890851,2141.0714490217724,3000.0,3000.0,3000.0,1080.5197882872953,712.5162918564563,3000.0,3000.0,1080.5197882872953,712.5162918564563,3000.0,3000.0,1080.5197882872953,712.5162918564563,3000.0,3000.0,1080.5197882872953,712.5162918564563,1356.0793941784168,1111.5720998506902,1048.9598950781603,1121.0275547973229,1356.0793941784168,1111.5720998506902,1048.9598950781603,1121.0275547973229,1356.0793941784168,1111.5720998506902,1048.9598950781603,1121.0275547973229,1356.0793941784168,1111.5720998506902,1048.9598950781603,1121.0275547973229
7800,3000.0,3000.0,2075.3767797743544,1365.0852448334488,3000.0,3000.0,2075.3767797743544,1365.0852448334488,3000.0,3000.0,2075.3767797743544,1365.0852448334488,3000.0,3000.0,2075.3767797743544,1365.0852448334488,583.6264521799475,718.9142266069623,1110.1553844251525,3000.0,583.6264521799475,718.9142266069623,1110.1553844251525,3000.0,583.6264521799475,718.9142266069623,1110.1553844251525,3000.0,583.6264521799475,718.9142266069623,1110.1553844251525,3000.0,708.4619625084982,579.9306224397984,546.6874828508695,583.6264521799475,708.4619625084982,579.9306224397984,546.6874828508695,583.6264521799475,708.4619625084982,579.9306224397984,546.6874828508695,583.6264521799475,708.4619625084982,579.9306224397984,546.6874828508695,583.6264521799475,1124.5485298101432,1385.224973218294,2139.079887063099,3000.0,1124.5485298101432,1385.224973218294,2139.079887063099,3000.0,1124.5485298101432,1385.224973218294,2139.079887063099,3000.0,1124.5485298101432,1385.224973218294,2139.079887063099,3000.0,3000.0,3000.0,1077.0942781107406,708.4619625084986,3000.0,3000.0,1077.0942781107406,708.4619625084986,3000.0,3000.0,1077.0942781107406,708.4619625084986,3000.0,3000.0,1077.0942781107406,708.4619625084986,1365.0852448334485,1117.427296896197,1053.3734425663097,1124.548529810143,1365.0852448334485,1117.427296896197,1053.3734425663097,1124.548529810143,1365.0852448334485,1117.427296896197,1053.3734425663097,1124.548529810143,1365.0852448334485,1117.427296896197,1053.3734425663097,1124.548529810143
7867,3000.0,3000.0,2094.4856931218405,1374.1459682398647,3000.0,3000.0,2094.4856931218405,1374.1459682398647,3000.0,3000.0,2094.4856931218405,1374.1459682398647,3000.0,3000.0,2094.4856931218405,1374.1459682398647,578.2550666665013,711.3052264394828,1095.501925373083,3000.0,578.2550666665013,711.3052264394828,1095.501925373083,3000.0,578.2550666665013,711.3052264394828,1095.501925373083,3000.0,578.2550666665013,711.3052264394828,1095.501925373083,3000.0,704.3941517868211,575.8113116307231,542.2313984813143,578.2550666665013,704.3941517868211,575.8113116307231,542.2313984813143,578.2550666665013,704.3941517868211,575.8113116307231,542.2313984813143,578.2550666665013,704.3941517868211,575.8113116307231,542.2313984813143,578.2550666665013,1128.071359562519,1387.6282286278438,2137.126706875358,3000.0,1128.071359562519,1387.6282286278438,2137.126706875358,3000.0,1128.071359562519,1387.6282286278438,2137.126706875358,3000.0,1128.071359562519,1387.6282286278438,2137.126706875358,3000.0,3000.0,3000.0,1073.6439267263218,704.3941517868215,3000.0,3000.0,1073.6439267263218,704.3941517868215,3000.0,3000.0,1073.6439267263218,704.3941517868215,3000.0,3000.0,1073.6439267263218,704.3941517868215,1374.1459682398645,1123.3040341648534,1057.7956790045314,1128.0713595625189,1374.1459682398645,1123.3040341648534,1057.7956790045314,1128.0713595625189,1374.1459682398645,1123.3040341648534,1057.7956790045314,1128.0713595625189,1374.1459682398645,1123.3040341648534,1057.7956790045314,1128.0713595625189
7933,3000.0,3000.0,2113.803360334017,1383.262164608343,3000.0,3000.0,2113.803360334017,1383.262164608343,3000.0,3000.0,2113.803360334017,1383.262164608343,3000.0,3000.0,2113.803360334017,1383.262164608343,572.9001366213172,703.7397235017515,1081.0065910233748,3000.0,572.9001366213172,703.7397235017515,1081.0065910233748,3000.0,572.9001366213172,703.7397235017515,1081.0065910233748,3000.0,572.9001366213172,703.7397235017515,1081.0065910233748,3000.0,700.3126440067343,571.6883042038965,537.7800530146757,572.9001366213172,700.3126440067343,571.6883042038965,537.7800530146757,572.9001366213172,700.3126440067343,571.6883042038965,537.7800530146757,572.9001366213172,700.3126440067343,571.6883042038965,537.7800530146757,572.9001366213172,1131.5961376239243,1390.0313546852783,2135.2113657403847,3000.0,1131.5961376239243,1390.0313546852783,2135.2113657403847,3000.0,1131.5961376239243,1390.0313546852783,2135.2113657403847,3000.0,1131.5961376239243,1390.0313546852783,2135.2113657403847,3000.0,3000.0,3000.0,1070.1682284536237,700.3126440067343,3000.0,3000.0,1070.1682284536237,700.3126440067343,3000.0,3000.0,1070.1682284536237,700.3126440067343,3000.0,3000.0,1070.1682284536237,700.3126440067343,1383.2621646083428,1129.2025182209193,1062.2267162851858,1131.596137623924,1383.2621646083428,1129.2025182209193,1062.2267162851858,1131.596137623924,1383.2621646083428,1129.2025182209193,1062.2267162851858,1131.596137623924,1383.2621646083428,1129.2025182209193,1062.2267162851858,1131.596137623924
8000,3000.0,3000.0,2133.333333333334,1392.4344419544307,3000.0,3000.0,2133.333333333334,1392.4344419544307,3000.0,3000.0,2133.333333333334,1392.4344419544307,3000.0,3000.0,2133.333333333334,1392.4344419544307,567.5614786538199,696.2172209772154,1066.6666666666672,3000.0,567.5614786538199,696.2172209772154,1066.6666666666672,3000.0,567.5614786538199,696.2172209772154,1066.6666666666672,3000.0,567.5614786538199,696.2172209772154,1066.6666666666672,3000.0,696.2172209772153,567.5614786538198,533.3333333333335,567.5614786538199,696.2172209772153,567.5614786538198,533.3333333333335,567.5614786538199,696.2172209772153,567.5614786538198,533.3333333333335,567.5614786538199,696.2172209772153,567.5614786538198,533.3333333333335,567.5614786538199,1135.1229573076398,1392.4344419544307,2133.333333333334,3000.0,1135.1229573076398,1392.4344419544307,2133.333333333334,3000.0,1135.1229573076398,1392.4344419544307,2133.333333333334,3000.0,1135.1229573076398,1392.4344419544307,2133.333333333334,3000.0,3000.0,3000.0,1066.666666666667,696.2172209772153,3000.0,3000.0,1066.666666666667,696.2172209772153,3000.0,3000.0,1066.666666666667,696.2172209772153,3000.0,3000.0,1066.666666666667,696.2172209772153,1392.4344419544307,1135.1229573076396,1066.6666666666667,1135.1229573076394,1392.4344419544307,1135.1229573076396,1066.6666666666667,1135.1229573076394,1392.4344419544307,1135.1229573076396,1066.6666666666667,1135.1229573076394,1392.4344419544307,1135.1229573076396,1066.6666666666667,1135.1229573076394
8067,2996.331714525765,3000.0,2153.0792432779613,1401.6634162307612,2996.331714525765,3000.0,2153.0792432779613,1401.6634162307612,2996.331714525765,3000.0,2153.0792432779613,1401.6634162307612,2996.331714525765,3000.0,2153.0792432779613,1401.6634162307612,562.2389107459809,688.7372284033172,1052.4794974048036,2996.331714525765,562.2389107459809,688.7372284033172,1052.4794974048036,2996.331714525765,562.2389107459809,688.7372284033172,1052.4794974048036,2996.331714525765,562.2389107459809,688.7372284033172,1052.4794974048036,2996.331714525765,692.1076619562681,563.4307128755104,528.8911265185654,562.2389107459809,692.1076619562681,563.4307128755104,528.8911265185654,562.2389107459809,692.1076619562681,563.4307128755104,528.8911265185654,562.2389107459809,692.1076619562681,563.4307128755104,528.8911265185654,562.2389107459809,1138.6519116788354,1394.8375802117607,2131.492091382837,3000.0,1138.6519116788354,1394.8375802117607,2131.492091382837,3000.0,1138.6519116788354,1394.8375802117607,2131.492091382837,3000.0,1138.6519116788354,1394.8375802117607,2131.492091382837,3000.0,3000.0,3000.0,1063.1387134857985,692.1076619562681,3000.0,3000.0,1063.1387134857985,692.1076619562681,3000.0,3000.0,1063.1387134857985,692.1076619562681,3000.0,3000.0,1063.1387134857985,692.1076619562681,1401.6634162307612,1141.065561369731,1071.1156427812962,1138.6519116788352,1401.6634162307612,1141.065561369731,1071.1156427812962,1138.6519116788352,1401.6634162307612,1141.065561369731,1071.1156427812962,1138.6519116788352,1401.6634162307612,1141.065561369731,1071.1156427812962,1138.6519116788352
8133,2923.7388435132216,3000.0,2173.0448027892294,1410.9497114619246,2923.7388435132216,3000.0,2173.0448027892294,1410.9497114619246,2923.7388435132216,3000.0,2173.0448027892294,1410.9497114619246,2923.7388435132216,3000.0,2173.0448027892294,1410.9497114619246,556.9322522329945,681.2992615643028,1038.4424865057867,2923.7388435132216,556.9322522329945,681.2992615643028,1038.4424865057867,2923.7388435132216,556.9322522329945,681.2992615643028,1038.4424865057867,2923.7388435132216,556.9322522329945,681.2992615643028,1038.4424865057867,2923.7388435132216,687.9837436054013,559.2958841528455,524.4533198425827,556.9322522329945,687.9837436054013,559.2958841528455,524.4533198425827,556.9322522329945,687.9837436054013,559.2958841528455,524.4533198425827,556.9322522329945,687.9837436054013,559.2958841528455,524.4533198425827,556.9322522329945,1142.1830935625821,1397.2408584623834,2129.687133342374,3000.0,1142.1830935625821,1397.2408584623834,2129.687133342374,3000.0,1142.1830935625821,1397.2408584623834,2129.687133342374,3000.0,1142.1830935625821,1397.2408584623834,2129.687133342374,3000.0,3000.0,3000.0,1059.5838294592122,687.9837436054016,3000.0,3000.0,1059.5838294592122,687.9837436054016,3000.0,3000.0,1059.5838294592122,687.9837436054016,3000.0,3000.0,1059.5838294592122,687.9837436054016,1410.9497114619244,1147.0305420761747,1075.5737576432628,1142.1830935625821,1410.9497114619244,1147.0305420761747,1075.5737576432628,1142.1830935625821,1410.9497114619244,1147.0305420761747,1075.5737576432628,1142.1830935625821,1410.9497114619244,1147.0305420761747,1075.5737576432628,1142.1830935625821
8200,2853.450218313262,3000.0,2193.2338082545693,1420.2939598820476,2853.450218313262,3000.0,2193.2338082545693,1420.2939598820476,2853.450218313262,3000.0,2193.2338082545693,1420.2939598820476,2853.450218313262,3000.0,2193.2338082545693,1420.2939598820476,551.6413237841984,673.9028423861329,1024.5530938126562,2853.450218313262,551.6413237841984,673.9028423861329,1024.5530938126562,2853.450218313262,551.6413237841984,673.9028423861329,1024.5530938126562,2853.450218313262,551.6413237841984,673.9028423861329,1024.5530938126562,2853.450218313262,683.845239943208,555.1568691467793,520.0198007605832,551.6413237841984,683.845239943208,555.1568691467793,520.0198007605832,551.6413237841984,683.845239943208,555.1568691467793,520.0198007605832,551.6413237841984,683.845239943208,555.1568691467793,520.0198007605832,551.6413237841984,1145.716595551797,1399.6443649558144,2127.9179640724374,3000.0,1145.716595551797,1399.6443649558144,2127.9179640724374,3000.0,1145.716595551797,1399.6443649558144,2127.9179640724374,3000.0,1145.716595551797,1399.6443649558144,2127.9179640724374,3000.0,3000.0,3000.0,1056.0014632336822,683.8452399432083,3000.0,3000.0,1056.0014632336822,683.8452399432083,3000.0,3000.0,1056.0014632336822,683.8452399432083,3000.0,3000.0,1056.0014632336822,683.8452399432083,1420.2939598820474,1153.018112843311,1080.041124656596,1145.716595551797,1420.2939598820474,1153.018112843311,1080.041124656596,1145.716595551797,1420.2939598820474,1153.018112843311,1080.041124656596,1145.716595551797,1420.2939598820474,1153.018112843311,1080.041124656596,1145.716595551797
8267,2785.3576266433265,3000.0,2213.6501422089523,1429.6968020751551,2785.3576266433265,3000.0,2213.6501422089523,1429.6968020751551,2785.3576266433265,3000.0,2213.6501422089523,1429.6968020751551,2785.3576266433265,3000.0,2213.6501422089523,1429.6968020751551,546.3659473842374,666.547498833459,1010.8088342042438,2785.3576266433265,546.3659473842374,666.547498833459,1010.8088342042438,2785.3576266433265,546.3659473842374,666.547498833459,1010.8088342042438,2785.3576266433265,546.3659473842374,666.547498833459,1010.8088342042438,2785.3576266433265,679.6919222980245,551.0135438834299,515.5904569028245,546.3659473842374,679.6919222980245,551.0135438834299,515.5904569028245,546.3659473842374,679.6919222980245,551.0135438834299,515.5904569028245,546.3659473842374,679.6919222980245,551.0135438834299,515.5904569028245,546.3659473842374,1149.2525100151204,1402.0481872014138,2126.1840995330635,3000.0,1149.2525100151204,1402.0481872014138,2126.1840995330635,3000.0,1149.2525100151204,1402.0481872014138,2126.1840995330635,3000.0,1149.2525100151204,1402.0481872014138,2126.1840995330635,3000.0,3000.0,3000.0,1052.3910512140924,679.6919222980247,3000.0,3000.0,1052.3910512140924,679.6919222980247,3000.0,3000.0,1052.3910512140924,679.6919222980247,3000.0,3000.0,1052.3910512140924,679.6919222980247,1429.6968020751551,1159.0284888582491,1084.5178576231826,1149.2525100151202,1429.6968020751551,1159.0284888582491,1084.5178576231826,1149.2525100151202,1429.6968020751551,1159.0284888582491,1084.5178576231826,1149.2525100151202,1429.6968020751551,1159.0284888582491,1084.5178576231826,1149.2525100151202
8333,2719.3595153336414,3000.0,2234.2977757979725,1439.158887118371,2719.3595153336414,3000.0,2234.2977757979725,1439.158887118371,2719.3595153336414,3000.0,2234.2977757979725,1439.158887118371,2719.3595153336414,3000.0,2234.2977757979725,1439.158887118371,541.1059463144652,659.2327648086087,997.2072761058446,2719.3595153336414,541.1059463144652,659.2327648086087,997.2072761058446,2719.3595153336414,541.1059463144652,659.2327648086087,997.2072761058446,2719.3595153336414,541.1059463144652,659.2327648086087,997.2072761058446,2719.3595153336414,675.5235592596433,546.8657837420328,511.1651760667134,541.1059463144651,675.5235592596433,546.8657837420328,511.1651760667134,541.1059463144651,675.5235592596433,546.8657837420328,511.1651760667134,541.1059463144651,675.5235592596433,546.8657837420328,511.1651760667134,541.1059463144651,1152.7909291047301,1404.452411983558,2124.485066486363,3000.0,1152.7909291047301,1404.452411983558,2124.485066486363,3000.0,1152.7909291047301,1404.452411983558,2124.485066486363,3000.0,1152.7909291047301,1404.452411983558,2124.485066486363,3000.0,3000.0,3000.0,1048.7520172112934,675.5235592596437,3000.0,3000.0,1048.7520172112934,675.5235592596437,3000.0,3000.0,1048.7520172112934,675.5235592596437,3000.0,3000.0,1048.7520172112934,675.5235592596437,1439.158887118371,1165.061887102592,1089.0040707508244,1152.7909291047301,1439.158887118371,1165.061887102592,1089.0040707508244,1152.7909291047301,1439.158887118371,1165.061887102592,1089.0040707508244,1152.7909291047301,1439.158887118371,1165.061887102592,1089.0040707508244,1152.7909291047301
8400,2655.360485845043,3000.0,2255.180771325864,1448.680872728034,2655.360485845043,3000.0,2255.180771325864,1448.680872728034,2655.360485845043,3000.0,2255.180771325864,1448.680872728034,2655.360485845043,3000.0,2255.180771325864,1448.680872728034,535.8611451345798,651.9581800525382,983.7460400479142,2655.360485845044,535.8611451345798,651.9581800525382,983.7460400479142,2655.360485845044,535.8611451345798,651.9581800525382,983.7460400479142,2655.360485845044,535.8611451345798,651.9581800525382,983.7460400479142,2655.360485845044,671.3399166300643,542.7134634427614,506.7438462089132,535.8611451345797,671.3399166300643,542.7134634427614,506.7438462089132,535.8611451345797,671.3399166300643,542.7134634427614,506.7438462089132,535.8611451345797,671.3399166300643,542.7134634427614,506.7438462089132,535.8611451345797,1156.3319447640936,1406.8571253765301,2122.820402208656,3000.0,1156.3319447640936,1406.8571253765301,2122.820402208656,3000.0,1156.3319447640936,1406.8571253765301,2122.820402208656,3000.0,1156.3319447640936,1406.8571253765301,2122.820402208656,3000.0,3000.0,3000.0,1045.0837720778397,671.3399166300645,3000.0,3000.0,1045.0837720778397,671.3399166300645,3000.0,3000.0,1045.0837720778397,671.3399166300645,3000.0,3000.0,1045.0837720778397,671.3399166300645,1448.680872728034,1171.1185263764853,1093.4998786613392,1156.3319447640934,1448.680872728034,1171.1185263764853,1093.4998786613392,1156.3319447640934,1448.680872728034,1171.1185263764853,1093.4998786613392,1156.3319447640934,1448.680872728034,1171.1185263764853,1093.4998786613392,1156.3319447640934
8467,2593.2708349643312,3000.0,2276.3032848918688,1458.263425408791,2593.2708349643312,3000.0,2276.3032848918688,1458.263425408791,2593.2708349643312,3000.0,2276.3032848918688,1458.263425408791,2593.2708349643312,3000.0,2276.3032848918688,1458.263425408791,530.6313696644893,644.723290047707,970.42279727101,2593.2708349643312,530.6313696644893,644.723290047707,970.42279727101,2593.2708349643312,530.6313696644893,644.723290047707,970.42279727101,2593.2708349643312,530.6313696644893,644.723290047707,970.42279727101,2593.2708349643312,667.1407573732522,538.556457034406,502.3263554374643,530.6313696644893,667.1407573732522,538.556457034406,502.3263554374643,530.6313696644893,667.1407573732522,538.556457034406,502.3263554374643,530.6313696644893,667.1407573732522,538.556457034406,502.3263554374643,530.6313696644893,1159.8756487356538,1409.2624127591475,2121.1896542118534,3000.0,1159.8756487356538,1409.2624127591475,2121.1896542118534,3000.0,1159.8756487356538,1409.2624127591475,2121.1896542118534,3000.0,1159.8756487356538,1409.2624127591475,2121.1896542118534,3000.0,3000.0,3000.0,1041.385713331098,667.1407573732525,3000.0,3000.0,1041.385713331098,667.1407573732525,3000.0,3000.0,1041.385713331098,667.1407573732525,3000.0,3000.0,1041.385713331098,667.1407573732525,1458.263425408791,1177.198627322994,1098.0053963987052,1159.8756487356538,1458.263425408791,1177.198627322994,1098.0053963987052,1159.8756487356538,1458.263425408791,1177.198627322994,1098.0053963987052,1159.8756487356538,1458.263425408791,1177.198627322994,1098.0053963987052,1159.8756487356538
8533,2533.0061360264763,3000.0,2297.6695691185723,1467.907220605745,2533.0061360264763,3000.0,2297.6695691185723,1467.907220605745,2533.0061360264763,3000.0,2297.6695691185723,1467.907220605745,2533.0061360264763,3000.0,2297.6695691185723,1467.907220605745,525.4164469664023,637.5276459228298,957.2352683752442,2533.0061360264763,525.4164469664023,637.5276459228298,957.2352683752442,2533.0061360264763,525.4164469664023,637.5276459228298,957.2352683752442,2533.0061360264763,525.4164469664023,637.5276459228298,957.2352683752442,2533.0061360264763,662.9258415638845,534.3946378819163,497.9125920039199,525.4164469664023,662.9258415638845,534.3946378819163,497.9125920039199,525.4164469664023,662.9258415638845,534.3946378819163,497.9125920039199,525.4164469664023,662.9258415638845,534.3946378819163,497.9125920039199,525.4164469664023,1163.4221325684625,1411.6683588291235,2119.5923799737543,3000.0,1163.4221325684625,1411.6683588291235,2119.5923799737543,3000.0,1163.4221325684625,1411.6683588291235,2119.5923799737543,3000.0,1163.4221325684625,1411.6683588291235,2119.5923799737543,3000.0,3000.0,3000.0,1037.6572247632268,662.9258415638848,3000.0,3000.0,1037.6572247632268,662.9258415638848,3000.0,3000.0,1037.6572247632268,662.9258415638848,3000.0,3000.0,1037.6572247632268,662.9258415638848,1467.9072206057444,1183.3024124528147,1102.5207394372512,1163.4221325684623,1467.9072206057444,1183.3024124528147,1102.5207394372512,1163.4221325684623,1467.9072206057444,1183.3024124528147,1102.5207394372512,1163.4221325684623,1467.9072206057444,1183.3024124528147,1102.5207394372512,1163.4221325684623
8600,2474.4868565522906,3000.0,2319.2839759759645,1477.6129428597287,2474.4868565522906,3000.0,2319.2839759759645,1477.6129428597287,2474.4868565522906,3000.0,2319.2839759759645,1477.6129428597287,2474.4868565522906,3000.0,2319.2839759759645,1477.6129428597287,520.2162053271414,630.3708043594636,944.1812220125986,2474.4868565522906,520.2162053271414,630.3708043594636,944.1812220125986,2474.4868565522906,520.2162053271414,630.3708043594636,944.1812220125986,2474.4868565522906,520.2162053271414,630.3708043594636,944.1812220125986,2474.4868565522906,658.6949263350597,530.2278786537966,493.5024442954949,520.2162053271414,658.6949263350597,530.2278786537966,493.5024442954949,520.2162053271414,658.6949263350597,530.2278786537966,493.5024442954949,520.2162053271414,658.6949263350597,530.2278786537966,493.5024442954949,520.2162053271414,1166.9714876257494,1414.0750476171752,2118.02814667691,3000.0,1166.9714876257494,1414.0750476171752,2118.02814667691,3000.0,1166.9714876257494,1414.0750476171752,2118.02814667691,3000.0,1166.9714876257494,1414.0750476171752,2118.02814667691,3000.0,3000.0,3000.0,1033.8976760374785,658.6949263350598,3000.0,3000.0,1033.8976760374785,658.6949263350598,3000.0,3000.0,1033.8976760374785,658.6949263350598,3000.0,3000.0,1033.8976760374785,658.6949263350598,1477.6129428597285,1189.430106169327,1107.046023689894,1166.9714876257492,1477.6129428597285,1189.430106169327,1107.046023689894,1166.9714876257492,1477.6129428597285,1189.430106169327,1107.046023689894,1166.9714876257492,1477.6129428597285,1189.430106169327,1107.046023689894,1166.9714876257492
8667,2417.6380086600066,3000.0,2341.1509597051577,1487.3812859657803,2417.6380086600066,3000.0,2341.1509597051577,1487.3812859657803,2417.6380086600066,3000.0,2341.1509597051577,1487.3812859657803,2417.6380086600066,3000.0,2341.1509597051577,1487.3812859657803,515.0304742406721,623.2523275003866,931.2584736205317,2417.6380086600057,515.0304742406721,623.2523275003866,931.2584736205317,2417.6380086600057,515.0304742406721,623.2523275003866,931.2584736205317,2417.6380086600057,515.0304742406721,623.2523275003866,931.2584736205317,2417.6380086600057,654.4477658249431,526.0560513093566,489.09580082722493,515.0304742406721,654.4477658249431,526.0560513093566,489.09580082722493,515.0304742406721,654.4477658249431,526.0560513093566,489.09580082722493,515.0304742406721,654.4477658249431,526.0560513093566,489.09580082722493,515.0304742406721,1170.5238050924368,1416.482562500879,2116.4965309557538,3000.0,1170.5238050924368,1416.482562500879,2116.4965309557538,3000.0,1170.5238050924368,1416.482562500879,2116.4965309557538,3000.0,1170.5238050924368,1416.482562500879,2116.4965309557538,3000.0,3000.0,3000.0,1030.1064222702698,654.4477658249433,3000.0,3000.0,1030.1064222702698,654.4477658249433,3000.0,3000.0,1030.1064222702698,654.4477658249433,3000.0,3000.0,1030.1064222702698,654.4477658249433,1487.38128596578,1195.5819347939923,1111.5813655164202,1170.5238050924363,1487.38128596578,1195.5819347939923,1111.5813655164202,1170.5238050924363,1487.38128596578,1195.5819347939923,1111.5813655164202,1170.5238050924363,1487.38128596578,1195.5819347939923,1111.5813655164202,1170.5238050924363
8733,2362.3888290195337,3000.0,2363.2750798459097,1497.2129531348955,2362.3888290195337,3000.0,2363.2750798459097,1497.2129531348955,2362.3888290195337,3000.0,2363.2750798459097,1497.2129531348955,2362.3888290195337,3000.0,2363.2750798459097,1497.2129531348955,509.8590843908489,616.171782859733,918.4648841953549,2362.388829019533,509.8590843908489,616.171782859733,918.4648841953549,2362.388829019533,509.8590843908489,616.171782859733,918.4648841953549,2362.388829019533,509.8590843908489,616.171782859733,918.4648841953549,2362.388829019533,650.1841111223249,521.8790270858137,484.69255023413814,509.8590843908489,650.1841111223249,521.8790270858137,484.69255023413814,509.8590843908489,650.1841111223249,521.8790270858137,484.69255023413814,509.8590843908489,650.1841111223249,521.8790270858137,484.69255023413814,509.8590843908489,1174.079175982597,1418.8909862182845,2114.9971186516887,3000.0,1174.079175982597,1418.8909862182845,2114.9971186516887,3000.0,1174.079175982597,1418.8909862182845,2114.9971186516887,3000.0,1174.079175982597,1418.8909862182845,2114.9971186516887,3000.0,3000.0,3000.0,1026.282803598423,650.1841111223251,3000.0,3000.0,1026.282803598423,650.1841111223251,3000.0,3000.0,1026.282803598423,650.1841111223251,3000.0,3000.0,1026.282803598423,650.1841111223251,1497.212953134895,1201.758126592103,1116.1268817318226,1174.079175982597,1497.212953134895,1201.758126592103,1116.1268817318226,1174.079175982597,1497.212953134895,1201.758126592103,1116.1268817318226,1174.079175982597,1497.212953134895,1201.758126592103,1116.1268817318226,1174.079175982597
8800,2308.6724854771824,3000.0,2385.6610043722553,1507.1086571591416,2308.6724854771824,3000.0,2385.6610043722553,1507.1086571591416,2308.6724854771824,3000.0,2385.6610043722553,1507.1086571591416,2308.6724854771824,3000.0,2385.6610043722553,1507.1086571591416,504.7018676343683,609.1287432348379,905.7983591039322,2308.6724854771833,504.7018676343683,609.1287432348379,905.7983591039322,2308.6724854771833,504.7018676343683,609.1287432348379,905.7983591039322,2308.6724854771833,504.7018676343683,609.1287432348379,905.7983591039322,2308.6724854771833,645.9037102110606,517.69667648524,480.29258126343444,504.7018676343683,645.9037102110606,517.69667648524,480.29258126343444,504.7018676343683,645.9037102110606,517.69667648524,480.29258126343444,504.7018676343683,645.9037102110606,517.69667648524,480.29258126343444,504.7018676343683,1177.6376911468597,1421.3004008812889,2113.5295045758417,3000.0,1177.6376911468597,1421.3004008812889,2113.5295045758417,3000.0,1177.6376911468597,1421.3004008812889,2113.5295045758417,3000.0,1177.6376911468597,1421.3004008812889,2113.5295045758417,3000.0,3000.0,3000.0,1022.4261447309664,645.9037102110606,3000.0,3000.0,1022.4261447309664,645.9037102110606,3000.0,3000.0,1022.4261447309664,645.9037102110606,3000.0,3000.0,1022.4261447309664,645.9037102110606,1507.1086571591416,1207.9589117988937,1120.6826896146804,1177.6376911468594,1507.1086571591416,1207.9589117988937,1120.6826896146804,1177.6376911468594,1507.1086571591416,1207.9589117988937,1120.6826896146804,1177.6376911468594,1507.1086571591416,1207.9589117988937,1120.6826896146804,1177.6376911468594
8867,2256.425807793431,3000.0,2408.3135129407965,1517.0691205802127,2256.425807793431,3000.0,2408.3135129407965,1517.0691205802127,2256.425807793431,3000.0,2408.3135129407965,1517.0691205802127,2256.425807793431,3000.0,2408.3135129407965,1517.0691205802127,499.5586569839302,602.1227866197597,893.256846932313,2256.425807793431,499.5586569839302,602.1227866197597,893.256846932313,2256.425807793431,499.5586569839302,602.1227866197597,893.256846932313,2256.425807793431,499.5586569839302,602.1227866197597,893.256846932313,2256.425807793431,641.6063079133703,513.5088692613575,475.89578276667487,499.5586569839302,641.6063079133703,513.5088692613575,475.89578276667487,499.5586569839302,641.6063079133703,513.5088692613575,475.89578276667487,499.5586569839302,641.6063079133703,513.5088692613575,475.89578276667487,499.5586569839302,1181.1994412797605,1423.7108879887783,2112.093292279208,3000.0,1181.1994412797605,1423.7108879887783,2112.093292279208,3000.0,1181.1994412797605,1423.7108879887783,2112.093292279208,3000.0,1181.1994412797605,1423.7108879887783,2112.093292279208,3000.0,3000.0,3000.0,1018.5357544848425,641.6063079133703,3000.0,3000.0,1018.5357544848425,641.6063079133703,3000.0,3000.0,1018.5357544848425,641.6063079133703,3000.0,3000.0,1018.5357544848425,641.6063079133703,1517.0691205802123,1214.1845226460139,1125.248906915596,1181.1994412797603,1517.0691205802123,1214.1845226460139,1125.248906915596,1181.1994412797603,1517.0691205802123,1214.1845226460139,1125.248906915596,1181.1994412797603,1517.0691205802123,1214.1845226460139,1125.248906915596,1181.1994412797603
8933,2205.5890402127434,3000.0,2431.237500256393,1527.0950758615086,2205.5890402127434,3000.0,2431.237500256393,1527.0950758615086,2205.5890402127434,3000.0,2431.237500256393,1527.0950758615086,2205.5890402127434,3000.0,2431.237500256393,1527.0950758615086,494.4292865916016,595.1534961204388,880.8383383699673,2205.5890402127434,494.4292865916016,595.1534961204388,880.8383383699673,2205.5890402127434,494.4292865916016,595.1534961204388,880.8383383699673,2205.5890402127434,494.4292865916016,595.1534961204388,880.8383383699673,2205.5890402127434,637.2916458319678,509.31547440617277,471.5020436919769,494.4292865916016,637.2916458319678,509.31547440617277,471.5020436919769,494.4292865916016,637.2916458319678,509.31547440617277,471.5020436919769,494.4292865916016,637.2916458319678,509.31547440617277,471.5020436919769,494.4292865916016,1184.7645169270459,1426.1225284395432,2110.688093829922,3000.0,1184.7645169270459,1426.1225284395432,2110.688093829922,3000.0,1184.7645169270459,1426.1225284395432,2110.688093829922,3000.0,1184.7645169270459,1426.1225284395432,2110.688093829922,3000.0,3000.0,3000.0,1014.610925303849,637.2916458319678,3000.0,3000.0,1014.610925303849,637.2916458319678,3000.0,3000.0,1014.610925303849,637.2916458319678,3000.0,3000.0,1014.610925303849,637.2916458319678,1527.0950758615083,1220.4351933883765,1129.8256518656808,1184.7645169270459,1527.0950758615083,1220.4351933883765,1129.8256518656808,1184.7645169270459,1527.0950758615083,1220.4351933883765,1129.8256518656808,1184.7645169270459,1527.0950758615083,1220.4351933883765,1129.8256518656808,1184.7645169270459
9000,2156.1056138278063,3000.0,2454.4379795602267,1537.1872655638244,2156.1056138278063,3000.0,2454.4379795602267,1537.1872655638244,2156.1056138278063,3000.0,2454.4379795602267,1537.1872655638244,2156.1056138278063,3000.0,2454.4379795602267,1537.1872655638244,489.31359173237837,588.2204598714568,868.5408651283366,2156.1056138278063,489.31359173237837,588.2204598714568,868.5408651283366,2156.1056138278063,489.31359173237837,588.2204598714568,868.5408651283366,2156.1056138278063,489.31359173237837,588.2204598714568,868.5408651283366,2156.1056138278063,632.9594622909865,505.11636013645057,467.11125307621603,489.31359173237837,632.9594622909865,505.11636013645057,467.11125307621603,489.31359173237837,632.9594622909865,505.11636013645057,467.11125307621603,489.31359173237837,632.9594622909865,505.11636013645057,467.11125307621603,489.31359173237837,1188.3330084929185,1428.5354025449665,2109.313529597387,3000.0,1188.3330084929185,1428.5354025449665,2109.313529597387,3000.0,1188.3330084929185,1428.5354025449665,2109.313529597387,3000.0,1188.3330084929185,1428.5354025449665,2109.313529597387,3000.0,3000.0,3000.0,1010.6509327600943,632.9594622909868,3000.0,3000.0,1010.6509327600943,632.9594622909868,3000.0,3000.0,1010.6509327600943,632.9594622909868,3000.0,3000.0,1010.6509327600943,632.9594622909868,1537.1872655638242,1226.7111603313797,1134.4130431850958,1188.3330084929185,1537.1872655638242,1226.7111603313797,1134.4130431850958,1188.3330084929185,1537.1872655638242,1226.7111603313797,1134.4130431850958,1188.3330084929185,1537.1872655638242,1226.7111603313797,1134.4130431850958,1188.3330084929185
9067,2107.921936915004,3000.0,2477.920086245486,1547.3464425247491,2107.921936915004,3000.0,2477.920086245486,1547.3464425247491,2107.921936915004,3000.0,2477.920086245486,1547.3464425247491,2107.921936915004,3000.0,2477.920086245486,1547.3464425247491,484.2114087879442,581.3232709543618,856.3624988924885,2107.921936915004,484.2114087879442,581.3232709543618,856.3624988924885,2107.921936915004,484.2114087879442,581.3232709543618,856.3624988924885,2107.921936915004,484.2114087879442,581.3232709543618,856.3624988924885,2107.921936915004,628.6094922756793,500.91139388002347,462.7233000372331,484.2114087879442,628.6094922756793,500.91139388002347,462.7233000372331,484.2114087879442,628.6094922756793,500.91139388002347,462.7233000372331,484.2114087879442,628.6094922756793,500.91139388002347,462.7233000372331,484.2114087879442,1191.9050062472472,1430.9495900415056,2107.969228043047,3000.0,1191.9050062472472,1430.9495900415056,2107.969228043047,3000.0,1191.9050062472472,1430.9495900415056,2107.969228043047,3000.0,1191.9050062472472,1430.9495900415056,2107.969228043047,3000.0,3000.0,3000.0,1006.6550350372294,628.6094922756795,3000.0,3000.0,1006.6550350372294,628.6094922756795,3000.0,3000.0,1006.6550350372294,628.6094922756795,3000.0,3000.0,1006.6550350372294,628.6094922756795,1547.3464425247487,1233.0126618585196,1139.0112000916506,1191.9050062472472,1547.3464425247487,1233.0126618585196,1139.0112000916506,1191.9050062472472,1547.3464425247487,1233.0126618585196,1139.0112000916506,1191.9050062472472,1547.3464425247487,1233.0126618585196,1139.0112000916506,1191.9050062472472
9133,2060.987201607378,3000.0,2501.6890816061195,1557.5733700418446,2060.987201607378,3000.0,2501.6890816061195,1557.5733700418446,2060.987201607378,3000.0,2501.6890816061195,1557.5733700418446,2060.987201607378,3000.0,2501.6890816061195,1557.5733700418446,479.12257523062084,574.4615273175241,844.3013503046866,2060.9872016073778,479.12257523062084,574.4615273175241,844.3013503046866,2060.9872016073778,479.12257523062084,574.4615273175241,844.3013503046866,2060.9872016073778,479.12257523062084,574.4615273175241,844.3013503046866,2060.9872016073778,624.241467370856,496.70044226193335,458.3380737660449,479.12257523062084,624.241467370856,496.70044226193335,458.3380737660449,479.12257523062084,624.241467370856,496.70044226193335,458.3380737660449,479.12257523062084,624.241467370856,496.70044226193335,458.3380737660449,479.12257523062084,1195.4806003327142,1433.3651701029487,2106.654825517518,3000.0,1195.4806003327142,1433.3651701029487,2106.654825517518,3000.0,1195.4806003327142,1433.3651701029487,2106.654825517518,3000.0,1195.4806003327142,1433.3651701029487,2106.654825517518,3000.0,3000.0,3000.0,1002.622472394671,624.2414673708562,3000.0,3000.0,1002.622472394671,624.2414673708562,3000.0,3000.0,1002.622472394671,624.2414673708562,3000.0,3000.0,1002.622472394671,624.2414673708562,1557.5733700418443,1239.339938459387,1143.6202423094517,1195.4806003327142,1557.5733700418443,1239.339938459387,1143.6202423094517,1195.4806003327142,1557.5733700418443,1239.339938459387,1143.6202423094517,1195.4806003327142,1557.5733700418443,1239.339938459387,1143.6202423094517,1195.4806003327142
9200,2015.2532054388969,3000.0,2525.7503567244394,1567.8688220597228,2015.2532054388969,3000.0,2525.7503567244394,1567.8688220597228,2015.2532054388969,3000.0,2525.7503567244394,1567.8688220597228,2015.2532054388969,3000.0,2525.7503567244394,1567.8688220597228,474.04692960750714,567.634831697489,832.3555679787542,2015.2532054388969,474.04692960750714,567.634831697489,832.3555679787542,2015.2532054388969,474.04692960750714,567.634831697489,832.3555679787542,2015.2532054388969,474.04692960750714,567.634831697489,832.3555679787542,2015.2532054388969,619.8551156980297,492.48337109040096,453.9554635190575,474.04692960750714,619.8551156980297,492.48337109040096,453.9554635190575,474.04692960750714,619.8551156980297,492.48337109040096,453.9554635190575,474.04692960750714,619.8551156980297,492.48337109040096,453.9554635190575,474.04692960750714,1199.05988077193,1435.7822213524723,2105.3699660639063,3000.0,1199.05988077193,1435.7822213524723,2105.3699660639063,3000.0,1199.05988077193,1435.7822213524723,2105.3699660639063,3000.0,1199.05988077193,1435.7822213524723,2105.3699660639063,3000.0,3000.0,3000.0,998.5524666119882,619.8551156980301,3000.0,3000.0,998.5524666119882,619.8551156980301,3000.0,3000.0,998.5524666119882,619.8551156980301,3000.0,3000.0,998.5524666119882,619.8551156980301,1567.8688220597223,1245.693232758073,1148.240290077616,1199.05988077193,1567.8688220597223,1245.693232758073,1148.240290077616,1199.05988077193,1567.8688220597223,1245.693232758073,1148.240290077616,1199.05988077193,1567.8688220597223,1245.693232758073,1148.240290077616,1199.05988077193
9267,1970.6741864423136,3000.0,2550.1094365035938,1578.2335833611016,1970.6741864423136,3000.0,2550.1094365035938,1578.2335833611016,1970.6741864423136,3000.0,2550.1094365035938,1578.2335833611016,1970.6741864423136,3000.0,2550.1094365035938,1578.2335833611016,468.9843115248034,560.8427915417925,820.5233375441437,1970.6741864423143,468.9843115248034,560.8427915417925,820.5233375441437,1970.6741864423143,468.9843115248034,560.8427915417925,820.5233375441437,1970.6741864423143,468.9843115248034,560.8427915417925,820.5233375441437,1970.6741864423143,615.4501618512402,488.2600453426222,449.57535861028146,468.9843115248033,615.4501618512402,488.2600453426222,449.57535861028146,468.9843115248033,615.4501618512402,488.2600453426222,449.57535861028146,468.9843115248033,615.4501618512402,488.2600453426222,449.57535861028146,468.9843115248033,1202.642937474496,1438.2008218744977,2104.114301227061,3000.0,1202.642937474496,1438.2008218744977,2104.114301227061,3000.0,1202.642937474496,1438.2008218744977,2104.114301227061,3000.0,1202.642937474496,1438.2008218744977,2104.114301227061,3000.0,3000.0,3000.0,994.4442204125984,615.4501618512404,3000.0,3000.0,994.4442204125984,615.4501618512404,3000.0,3000.0,994.4442204125984,615.4501618512404,3000.0,3000.0,994.4442204125984,615.4501618512404,1578.2335833611014,1252.072789541972,1152.8714641590389,1202.6429374744957,1578.2335833611014,1252.072789541972,1152.8714641590389,1202.6429374744957,1578.2335833611014,1252.072789541972,1152.8714641590389,1202.6429374744957,1578.2335833611014,1252.072789541972,1152.8714641590389,1202.6429374744957
9333,1927.2066706146838,3000.0,2574.771983851244,1588.6684497619449,1927.2066706146838,3000.0,2574.771983851244,1588.6684497619449,1927.2066706146838,3000.0,2574.771983851244,1588.6684497619449,1927.2066706146838,3000.0,2574.771983851244,1588.6684497619449,463.934561632318,554.0850189332091,808.8028807186774,1927.2066706146838,463.934561632318,554.0850189332091,808.8028807186774,1927.2066706146838,463.934561632318,554.0850189332091,808.8028807186774,1927.2066706146838,463.934561632318,554.0850189332091,808.8028807186774,1927.2066706146838,611.026326831517,484.03032915038534,445.19764840354685,463.934561632318,611.026326831517,484.03032915038534,445.19764840354685,463.934561632318,611.026326831517,484.03032915038534,445.19764840354685,463.934561632318,611.026326831517,484.03032915038534,445.19764840354685,463.934561632318,1206.2298602440271,1440.6210492263435,2102.887489868561,3000.0,1206.2298602440271,1440.6210492263435,2102.887489868561,3000.0,1206.2298602440271,1440.6210492263435,2102.887489868561,3000.0,1206.2298602440271,1440.6210492263435,2102.887489868561,3000.0,3000.0,3000.0,990.2969168658633,611.0263268315173,3000.0,3000.0,990.2969168658633,611.0263268315173,3000.0,3000.0,990.2969168658633,611.0263268315173,3000.0,3000.0,990.2969168658633,611.0263268315173,1588.6684497619449,1258.4788557910022,1157.5138858492219,1206.229860244027,1588.6684497619449,1258.4788557910022,1157.5138858492219,1206.229860244027,1588.6684497619449,1258.4788557910022,1157.5138858492219,1206.229860244027,1588.6684497619449,1258.4788557910022,1157.5138858492219,1206.229860244027
9400,1884.8093306817218,3000.0,2599.7438040211227,1599.1742283107908,1884.8093306817218,3000.0,2599.7438040211227,1599.1742283107908,1884.8093306817218,3000.0,2599.7438040211227,1599.1742283107908,1884.8093306817218,3000.0,2599.7438040211227,1599.1742283107908,458.8975216081529,547.3611305153996,797.1924544089569,1884.8093306817218,458.8975216081529,547.3611305153996,797.1924544089569,1884.8093306817218,458.8975216081529,547.3611305153996,797.1924544089569,1884.8093306817218,458.8975216081529,547.3611305153996,797.1924544089569,1884.8093306817218,606.5833279799549,479.79408578550743,440.8222223047188,458.8975216081529,606.5833279799549,479.79408578550743,440.8222223047188,458.8975216081529,606.5833279799549,479.79408578550743,440.8222223047188,458.8975216081529,606.5833279799549,479.79408578550743,440.8222223047188,458.8975216081529,1209.8207387851305,1443.04298044969,2101.68919798725,3000.0,1209.8207387851305,1443.04298044969,2101.68919798725,3000.0,1209.8207387851305,1443.04298044969,2101.68919798725,3000.0,1209.8207387851305,1443.04298044969,2101.68919798725,3000.0,3000.0,3000.0,986.1097187666329,606.583327979955,3000.0,3000.0,986.1097187666329,606.583327979955,3000.0,3000.0,986.1097187666329,606.583327979955,3000.0,3000.0,986.1097187666329,606.583327979955,1599.1742283107906,1264.911680707247,1162.167676985168,1209.82073878513,1599.1742283107906,1264.911680707247,1162.167676985168,1209.82073878513,1599.1742283107906,1264.911680707247,1162.167676985168,1209.82073878513,1599.1742283107906,1264.911680707247,1162.167676985168,1209.82073878513
9467,1843.442855196469,3000.0,2625.030849119442,1609.751737492369,1843.442855196469,3000.0,2625.030849119442,1609.751737492369,1843.442855196469,3000.0,2625.030849119442,1609.751737492369,1843.442855196469,3000.0,2625.030849119442,1609.751737492369,453.8730341435642,540.6707474199295,785.6903498374824,1843.442855196469,453.8730341435642,540.6707474199295,785.6903498374824,1843.442855196469,453.8730341435642,540.6707474199295,785.6903498374824,1843.442855196469,453.8730341435642,540.6707474199295,785.6903498374824,1843.442855196469,602.1208789093592,475.5511776450854,436.44896975391043,453.87303414356415,602.1208789093592,475.5511776450854,436.44896975391043,453.87303414356415,602.1208789093592,475.5511776450854,436.44896975391043,453.87303414356415,602.1208789093592,475.5511776450854,436.44896975391043,453.87303414356415,1213.415662710345,1445.4666920818522,2100.5190985451045,3000.0,1213.415662710345,1445.4666920818522,2100.5190985451045,3000.0,1213.415662710345,1445.4666920818522,2100.5190985451045,3000.0,1213.415662710345,1445.4666920818522,2100.5190985451045,3000.0,3000.0,3000.0,981.8817679912423,602.1208789093596,3000.0,3000.0,981.8817679912423,602.1208789093596,3000.0,3000.0,981.8817679912423,602.1208789093596,3000.0,3000.0,981.8817679912423,602.1208789093596,1609.7517374923689,1271.3715157450242,1166.832959954332,1213.4156627103448,1609.7517374923689,1271.3715157450242,1166.832959954332,1213.4156627103448,1609.7517374923689,1271.3715157450242,1166.832959954332,1213.4156627103448,1609.7517374923689,1271.3715157450242,1166.832959954332,1213.4156627103448
9533,1803.0698271007057,3000.0,2650.639222783525,1620.4018074356225,1803.0698271007057,3000.0,2650.639222783525,1620.4018074356225,1803.0698271007057,3000.0,2650.639222783525,1620.4018074356225,1803.0698271007057,3000.0,2650.639222783525,1620.4018074356225,448.8609429279961,534.0134951946253,774.2948916955626,1803.0698271007057,448.8609429279961,534.0134951946253,774.2948916955626,1803.0698271007057,448.8609429279961,534.0134951946253,774.2948916955626,1803.0698271007057,448.8609429279961,534.0134951946253,774.2948916955626,1803.0698271007057,597.638689434431,471.30146623655884,432.0777802176925,448.8609429279961,597.638689434431,471.30146623655884,432.0777802176925,448.8609429279961,597.638689434431,471.30146623655884,432.0777802176925,448.8609429279961,597.638689434431,471.30146623655884,432.0777802176925,448.8609429279961,1217.0147215470408,1447.8922601668708,2099.3768712982765,3000.0,1217.0147215470408,1447.8922601668708,2099.3768712982765,3000.0,1217.0147215470408,1447.8922601668708,2099.3768712982765,3000.0,1217.0147215470408,1447.8922601668708,2099.3768712982765,3000.0,3000.0,3000.0,977.6121848289052,597.6386894344313,3000.0,3000.0,977.6121848289052,597.6386894344313,3000.0,3000.0,977.6121848289052,597.6386894344313,3000.0,3000.0,977.6121848289052,597.6386894344313,1620.4018074356225,1277.8586146413913,1171.5098577036404,1217.0147215470408,1620.4018074356225,1277.8586146413913,1171.5098577036404,1217.0147215470408,1620.4018074356225,1277.8586146413913,1171.5098577036404,1217.0147215470408,1620.4018074356225,1277.8586146413913,1171.5098577036404,1217.0147215470408
9600,1763.6546109605338,3000.0,2676.5751850403685,1631.1252801262367,1763.6546109605338,3000.0,2676.5751850403685,1631.1252801262367,1763.6546109605338,3000.0,2676.5751850403685,1631.1252801262367,1763.6546109605338,3000.0,2676.5751850403685,1631.1252801262367,443.86109263428364,527.3890037332437,763.0044373211313,1763.6546109605333,443.86109263428364,527.3890037332437,763.0044373211313,1763.6546109605333,443.86109263428364,527.3890037332437,763.0044373211313,1763.6546109605333,443.86109263428364,527.3890037332437,763.0044373211313,1763.6546109605333,593.1364655004495,467.04481216258,427.7085431813002,443.86109263428364,593.1364655004495,467.04481216258,427.7085431813002,443.86109263428364,593.1364655004495,467.04481216258,427.7085431813002,443.86109263428364,593.1364655004495,467.04481216258,427.7085431813002,443.86109263428364,1220.6180047442801,1450.3197602664204,2098.26220263311,3000.0,1220.6180047442801,1450.3197602664204,2098.26220263311,3000.0,1220.6180047442801,1450.3197602664204,2098.26220263311,3000.0,1220.6180047442801,1450.3197602664204,2098.26220263311,3000.0,3000.0,3000.0,973.300067287407,593.1364655004497,3000.0,3000.0,973.300067287407,593.1364655004497,3000.0,3000.0,973.300067287407,593.1364655004497,3000.0,3000.0,973.300067287407,593.1364655004497,1631.1252801262365,1284.373233447095,1176.1984937485754,1220.61800474428,1631.1252801262365,1284.373233447095,1176.1984937485754,1220.61800474428,1631.1252801262365,1284.373233447095,1176.1984937485754,1220.61800474428,1631.1252801262365,1284.373233447095,1176.1984937485754,1220.61800474428
9667,1725.163248161802,3000.0,2702.845157353282,1641.9230096237973,1725.163248161802,3000.0,2702.845157353282,1641.9230096237973,1725.163248161802,3000.0,2702.845157353282,1641.9230096237973,1725.163248161802,3000.0,2702.845157353282,1641.9230096237973,438.8733289040221,520.7969072064211,751.8173759006145,1725.163248161802,438.8733289040221,520.7969072064211,751.8173759006145,1725.163248161802,438.8733289040221,520.7969072064211,751.8173759006145,1725.163248161802,438.8733289040221,520.7969072064211,751.8173759006145,1725.163248161802,588.6139091104178,462.78107510568833,423.341148140834,438.8733289040221,588.6139091104178,462.78107510568833,423.341148140834,438.8733289040221,588.6139091104178,462.78107510568833,423.341148140834,438.8733289040221,588.6139091104178,462.78107510568833,423.341148140834,438.8733289040221,1224.2256016796405,1452.7492674705434,2097.174785406977,3000.0,1224.2256016796405,1452.7492674705434,2097.174785406977,3000.0,1224.2256016796405,1452.7492674705434,2097.174785406977,3000.0,1224.2256016796405,1452.7492674705434,2097.174785406977,3000.0,3000.0,3000.0,968.9444903719317,588.613909110418,3000.0,3000.0,968.9444903719317,588.613909110418,3000.0,3000.0,968.9444903719317,588.613909110418,3000.0,3000.0,968.9444903719317,588.613909110418,1641.9230096237973,1290.9156305579727,1180.898992182326,1224.2256016796405,1641.9230096237973,1290.9156305579727,1180.898992182326,1224.2256016796405,1641.9230096237973,1290.9156305579727,1180.898992182326,1224.2256016796405,1641.9230096237973,1290.9156305579727,1180.898992182326,1224.2256016796405
9733,1687.5633594174674,3000.0,2729.4557278651378,1652.7958622836973,1687.5633594174674,3000.0,2729.4557278651378,1652.7958622836973,1687.5633594174674,3000.0,2729.4557278651378,1652.7958622836973,1687.5633594174674,3000.0,2729.4557278651378,1652.7958622836973,433.8974983330998,514.2368439938792,740.7321276940378,1687.5633594174674,433.8974983330998,514.2368439938792,740.7321276940378,1687.5633594174674,433.8974983330998,514.2368439938792,740.7321276940378,1687.5633594174674,433.8974983330998,514.2368439938792,740.7321276940378,1687.5633594174674,584.0707182506297,458.51011381278437,418.975484595454,433.8974983330998,584.0707182506297,458.51011381278437,418.975484595454,433.8974983330998,584.0707182506297,458.51011381278437,418.975484595454,433.8974983330998,584.0707182506297,458.51011381278437,418.975484595454,433.8974983330998,1227.8376016660059,1455.1808564082112,2096.1143187937655,3000.0,1227.8376016660059,1455.1808564082112,2096.1143187937655,3000.0,1227.8376016660059,1455.1808564082112,2096.1143187937655,3000.0,1227.8376016660059,1455.1808564082112,2096.1143187937655,3000.0,3000.0,3000.0,964.5445053358011,584.0707182506301,3000.0,3000.0,964.5445053358011,584.0707182506301,3000.0,3000.0,964.5445053358011,584.0707182506301,3000.0,3000.0,964.5445053358011,584.0707182506301,1652.7958622836968,1297.4860667468151,1185.611477685008,1227.8376016660056,1652.7958622836968,1297.4860667468151,1185.611477685008,1227.8376016660056,1652.7958622836968,1297.4860667468151,1185.611477685008,1227.8376016660056,1652.7958622836968,1297.4860667468151,1185.611477685008,1227.8376016660056
9800,1650.8240539985775,3000.0,2756.413656847235,1663.744716983905,1650.8240539985775,3000.0,2756.413656847235,1663.744716983905,1650.8240539985775,3000.0,2756.413656847235,1663.744716983905,1650.8240539985775,3000.0,2756.413656847235,1663.744716983905,428.9334484573911,507.70845661785677,729.7471432825806,1650.8240539985775,428.9334484573911,507.70845661785677,729.7471432825806,1650.8240539985775,428.9334484573911,507.70845661785677,729.7471432825806,1650.8240539985775,428.9334484573911,507.70845661785677,729.7471432825806,1650.8240539985775,579.5065868146185,454.23178607940036,414.61144203956786,428.9334484573911,579.5065868146185,454.23178607940036,414.61144203956786,428.9334484573911,579.5065868146185,454.23178607940036,414.61144203956786,428.9334484573911,579.5065868146185,454.23178607940036,414.61144203956786,428.9334484573911,1231.4540939583167,1457.6146012577187,2095.080508133861,3000.0,1231.4540939583167,1457.6146012577187,2095.080508133861,3000.0,1231.4540939583167,1457.6146012577187,2095.080508133861,3000.0,1231.4540939583167,1457.6146012577187,2095.080508133861,3000.0,3000.0,3000.0,960.0991389018459,579.5065868146185,3000.0,3000.0,960.0991389018459,579.5065868146185,3000.0,3000.0,960.0991389018459,579.5065868146185,3000.0,3000.0,960.0991389018459,579.5065868146185,1663.7447169839045,1304.084805195698,1190.3360755329531,1231.4540939583164,1663.7447169839045,1304.084805195698,1190.3360755329531,1231.4540939583164,1663.7447169839045,1304.084805195698,1190.3360755329531,1231.4540939583164,1663.7447169839045,1304.084805195698,1190.3360755329531,1231.4540939583164
9867,1614.9158451540545,3000.0,2783.7258823632383,1674.7704653567278,1614.9158451540545,3000.0,2783.7258823632383,1674.7704653567278,1614.9158451540545,3000.0,2783.7258823632383,1674.7704653567278,1614.9158451540545,3000.0,2783.7258823632383,1674.7704653567278,423.9810277386077,501.21139167774544,718.8609028378321,1614.9158451540545,423.9810277386077,501.21139167774544,718.8609028378321,1614.9158451540545,423.9810277386077,501.21139167774544,718.8609028378321,1614.9158451540545,423.9810277386077,501.21139167774544,718.8609028378321,1614.9158451540545,574.9212045254437,449.9459487337633,410.24890995500914,423.9810277386077,574.9212045254437,449.9459487337633,410.24890995500914,423.9810277386077,574.9212045254437,449.9459487337633,410.24890995500914,423.9810277386077,574.9212045254437,449.9459487337633,410.24890995500914,423.9810277386077,1235.075167760292,1460.0505757569106,2094.0730647884666,3000.0,1235.075167760292,1460.0505757569106,2094.0730647884666,3000.0,1235.075167760292,1460.0505757569106,2094.0730647884666,3000.0,1235.075167760292,1460.0505757569106,2094.0730647884666,3000.0,3000.0,3000.0,955.607392453053,574.921204525444,3000.0,3000.0,955.607392453053,574.921204525444,3000.0,3000.0,955.607392453053,574.921204525444,3000.0,3000.0,955.607392453053,574.921204525444,1674.7704653567275,1310.7121115287887,1195.07291160807,1235.075167760292,1674.7704653567275,1310.7121115287887,1195.07291160807,1235.075167760292,1674.7704653567275,1310.7121115287887,1195.07291160807,1235.075167760292,1674.7704653567275,1310.7121115287887,1195.07291160807,1235.075167760292
9933,1579.8105712324925,3000.0,2811.39952615818,1685.8740120256987,1579.8105712324925,3000.0,2811.39952615818,1685.8740120256987,1579.8105712324925,3000.0,2811.39952615818,1685.8740120256987,1579.8105712324925,3000.0,2811.39952615818,1685.8740120256987,419.0400855503036,494.7452997858964,708.0719154120072,1579.8105712324923,419.0400855503036,494.7452997858964,708.0719154120072,1579.8105712324923,419.0400855503036,494.7452997858964,708.0719154120072,1579.8105712324923,419.0400855503036,494.7452997858964,708.0719154120072,1579.8105712324923,570.3142568562771,445.65245762064484,405.8877778032057,419.0400855503036,570.3142568562771,445.65245762064484,405.8877778032057,419.0400855503036,570.3142568562771,445.65245762064484,405.8877778032057,419.0400855503036,570.3142568562771,445.65245762064484,405.8877778032057,419.0400855503036,1238.7009122311174,1462.4888532132545,2093.0917059981302,3000.0,1238.7009122311174,1462.4888532132545,2093.0917059981302,3000.0,1238.7009122311174,1462.4888532132545,2093.0917059981302,3000.0,1238.7009122311174,1462.4888532132545,2093.0917059981302,3000.0,3000.0,3000.0,951.0682411910578,570.3142568562773,3000.0,3000.0,951.0682411910578,570.3142568562773,3000.0,3000.0,951.0682411910578,570.3142568562773,3000.0,3000.0,951.0682411910578,570.3142568562773,1685.8740120256984,1317.3682538456426,1199.8221124072788,1238.7009122311174,1685.8740120256984,1317.3682538456426,1199.8221124072788,1238.7009122311174,1685.8740120256984,1317.3682538456426,1199.8221124072788,1238.7009122311174,1685.8740120256984,1317.3682538456426,1199.8221124072788,1238.7009122311174
10000,1545.4813220625094,3000.0,2839.441899782999,1697.0562748477146,1545.4813220625094,3000.0,2839.441899782999,1697.0562748477146,1545.4813220625094,3000.0,2839.441899782999,1697.0562748477146,1545.4813220625094,3000.0,2839.441899782999,1697.0562748477146,414.1104721640333,488.30983550458245,697.3787182484392,1545.4813220625092,414.1104721640333,488.30983550458245,697.3787182484392,1545.4813220625092,414.1104721640333,488.30983550458245,697.3787182484392,1545.4813220625092,414.1104721640333,488.30983550458245,697.3787182484392,1545.4813220625092,565.685424949238,441.35116758499663,401.52793501733896,414.1104721640333,565.685424949238,441.35116758499663,401.52793501733896,414.1104721640333,565.685424949238,441.35116758499663,401.52793501733896,414.1104721640333,565.685424949238,441.35116758499663,401.52793501733896,414.1104721640333,1242.3314164920998,1464.9295065137476,2092.136154745317,3000.0,1242.3314164920998,1464.9295065137476,2092.136154745317,3000.0,1242.3314164920998,1464.9295065137476,2092.136154745317,3000.0,1242.3314164920998,1464.9295065137476,2092.136154745317,3000.0,3000.0,3000.0,946.4806332610002,565.6854249492383,3000.0,3000.0,946.4806332610002,565.6854249492383,3000.0,3000.0,946.4806332610002,565.6854249492383,3000.0,3000.0,946.4806332610002,565.6854249492383,1697.0562748477143,1324.0535027549904,1204.583805052017,1242.3314164920998,1697.0562748477143,1324.0535027549904,1204.583805052017,1242.3314164920998,1697.0562748477143,1324.0535027549904,1204.583805052017,1242.3314164920998,1697.0562748477143,1324.0535027549904,1204.583805052017,1242.3314164920998
10067,1511.9023701871265,3000.0,2867.8605109657165,1708.3181851605652,1511.9023701871265,3000.0,2867.8605109657165,1708.3181851605652,1511.9023701871265,3000.0,2867.8605109657165,1708.3181851605652,1511.9023701871265,3000.0,2867.8605109657165,1708.3181851605652,409.19203873565823,481.9046572840824,686.7798761116661,1511.902370187126,409.19203873565823,481.9046572840824,686.7798761116661,1511.902370187126,409.19203873565823,481.9046572840824,686.7798761116661,1511.902370187126,409.19203873565823,481.9046572840824,686.7798761116661,1511.902370187126,561.0343855324365,437.0419324553652,397.1692709944888,409.19203873565823,561.0343855324365,437.0419324553652,397.1692709944888,409.19203873565823,561.0343855324365,437.0419324553652,397.1692709944888,409.19203873565823,561.0343855324365,437.0419324553652,397.1692709944888,409.19203873565823,1245.966769633296,1467.3726081346776,2091.206139620915,3000.0,1245.966769633296,1467.3726081346776,2091.206139620915,3000.0,1245.966769633296,1467.3726081346776,2091.206139620915,3000.0,1245.966769633296,1467.3726081346776,2091.206139620915,3000.0,3000.0,3000.0,941.84348884114,561.0343855324368,3000.0,3000.0,941.84348884114,561.0343855324368,3000.0,3000.0,941.84348884114,561.0343855324368,3000.0,3000.0,941.84348884114,561.0343855324368,1708.318185160565,1330.7681314090332,1209.3581172978252,1245.966769633296,1708.318185160565,1330.7681314090332,1209.3581172978252,1245.966769633296,1708.318185160565,1330.7681314090332,1209.3581172978252,1245.966769633296,1708.318185160565,1330.7681314090332,1209.3581172978252,1245.966769633296
10133,1479.0491065828603,3000.0,2896.663070240886,1719.660688036001,1479.0491065828603,3000.0,2896.663070240886,1719.660688036001,1479.0491065828603,3000.0,2896.663070240886,1719.660688036001,1479.0491065828603,3000.0,2896.663070240886,1719.660688036001,404.28463729180015,475.5294274018693,676.2739806364664,1479.0491065828603,404.28463729180015,475.5294274018693,676.2739806364664,1479.0491065828603,404.28463729180015,475.5294274018693,676.2739806364664,1479.0491065828603,404.28463729180015,475.5294274018693,676.2739806364664,1479.0491065828603,556.3608108351767,432.72460502708105,392.8116750877671,404.28463729180015,556.3608108351767,432.72460502708105,392.8116750877671,404.28463729180015,556.3608108351767,432.72460502708105,392.8116750877671,404.28463729180015,556.3608108351767,432.72460502708105,392.8116750877671,404.28463729180015,1249.6070607201093,1469.8182301512322,2090.3013946945307,3000.0,1249.6070607201093,1469.8182301512322,2090.3013946945307,3000.0,1249.6070607201093,1469.8182301512322,2090.3013946945307,3000.0,1249.6070607201093,1469.8182301512322,2090.3013946945307,3000.0,3000.0,3000.0,937.1556991955816,556.3608108351771,3000.0,3000.0,937.1556991955816,556.3608108351771,3000.0,3000.0,937.1556991955816,556.3608108351771,3000.0,3000.0,937.1556991955816,556.3608108351771,1719.660688036001,1337.5124155382503,1214.1451775440075,1249.6070607201093,1719.660688036001,1337.5124155382503,1214.1451775440075,1249.6070607201093,1719.660688036001,1337.5124155382503,1214.1451775440075,1249.6070607201093,1719.660688036001,1337.5124155382503,1214.1451775440075,1249.6070607201093
10200,1446.8979805259596,3000.0,2925.8574978496304,1731.0847425384666,1446.8979805259596,3000.0,2925.8574978496304,1731.0847425384666,1446.8979805259596,3000.0,2925.8574978496304,1731.0847425384666,1446.8979805259596,3000.0,2925.8574978496304,1731.0847425384666,399.38812071643844,469.183811902877,665.8596496952227,1446.8979805259596,399.38812071643844,469.183811902877,665.8596496952227,1446.8979805259596,399.38812071643844,469.183811902877,665.8596496952227,1446.8979805259596,399.38812071643844,469.183811902877,665.8596496952227,1446.8979805259596,551.6643685012696,428.3990370452203,388.45503659843615,399.38812071643844,551.6643685012696,428.3990370452203,388.45503659843615,399.38812071643844,551.6643685012696,428.3990370452203,388.45503659843615,399.38812071643844,551.6643685012696,428.3990370452203,388.45503659843615,399.38812071643844,1253.2523787998582,1472.2664442469586,2089.4216593884566,3000.0,1253.2523787998582,1472.2664442469586,2089.4216593884566,3000.0,1253.2523787998582,1472.2664442469586,2089.4216593884566,3000.0,1253.2523787998582,1472.2664442469586,2089.4216593884566,3000.0,3000.0,3000.0,932.4161256883447,551.6643685012698,3000.0,3000.0,932.4161256883447,551.6643685012698,3000.0,3000.0,932.4161256883447,551.6643685012698,3000.0,3000.0,932.4161256883447,551.6643685012698,1731.0847425384666,1344.286633486726,1218.9451148433689,1253.2523787998582,1731.0847425384666,1344.286633486726,1218.9451148433689,1253.2523787998582,1731.0847425384666,1344.286633486726,1218.9451148433689,1253.2523787998582,1731.0847425384666,1344.286633486726,1218.9451148433689,1253.2523787998582
10267,1415.426443296963,3000.0,2955.451930923237,1742.5913219896725,1415.426443296963,3000.0,2955.451930923237,1742.5913219896725,1415.426443296963,3000.0,2955.451930923237,1742.5913219896725,1415.426443296963,3000.0,2955.451930923237,1742.5913219896725,394.5023427376483,462.86748054082244,655.5355267830134,1415.426443296963,394.5023427376483,462.86748054082244,655.5355267830134,1415.426443296963,394.5023427376483,462.86748054082244,655.5355267830134,1415.426443296963,394.5023427376483,462.86748054082244,655.5355267830134,1415.426443296963,546.9447215004079,424.0650791873328,384.0992447680118,394.5023427376483,546.9447215004079,424.0650791873328,384.0992447680118,394.5023427376483,546.9447215004079,424.0650791873328,384.0992447680118,394.5023427376483,546.9447215004079,424.0650791873328,384.0992447680118,394.5023427376483,1256.9028129083213,1474.717321723086,2088.5666783551815,3000.0,1256.9028129083213,1474.717321723086,2088.5666783551815,3000.0,1256.9028129083213,1474.717321723086,2088.5666783551815,3000.0,1256.9028129083213,1474.717321723086,2088.5666783551815,3000.0,3000.0,3000.0,927.6235987569287,546.9447215004081,3000.0,3000.0,927.6235987569287,546.9447215004081,3000.0,3000.0,927.6235987569287,546.9447215004081,3000.0,3000.0,927.6235987569287,546.9447215004081,1742.5913219896725,1351.0910662480142,1223.7580589120375,1256.902812908321,1742.5913219896725,1351.0910662480142,1223.7580589120375,1256.902812908321,1742.5913219896725,1351.0910662480142,1223.7580589120375,1256.902812908321,1742.5913219896725,1351.0910662480142,1223.7580589120375,1256.902812908321
10333,1384.61289544075,3000.0,2985.454730963994,1754.1814142391404,1384.61289544075,3000.0,2985.454730963994,1754.1814142391404,1384.61289544075,3000.0,2985.454730963994,1754.1814142391404,1384.61289544075,3000.0,2985.454730963994,1754.1814142391404,389.627157914478,456.58010672056173,645.3002804198521,1384.61289544075,389.627157914478,456.58010672056173,645.3002804198521,1384.61289544075,389.627157914478,456.58010672056173,645.3002804198521,1384.61289544075,389.627157914478,456.58010672056173,645.3002804198521,1384.61289544075,542.2015280375523,419.7225810459308,379.74418877034935,389.627157914478,542.2015280375523,419.7225810459308,379.74418877034935,389.627157914478,542.2015280375523,419.7225810459308,379.74418877034935,389.627157914478,542.2015280375523,419.7225810459308,379.74418877034935,389.627157914478,1260.5584520762525,1477.1709335077,2087.7362013583447,3000.0,1260.5584520762525,1477.1709335077,2087.7362013583447,3000.0,1260.5584520762525,1477.1709335077,2087.7362013583447,3000.0,1260.5584520762525,1477.1709335077,2087.7362013583447,3000.0,3000.0,3000.0,922.7769168434165,542.2015280375524,3000.0,3000.0,922.7769168434165,542.2015280375524,3000.0,3000.0,922.7769168434165,542.2015280375524,3000.0,3000.0,922.7769168434165,542.2015280375524,1754.1814142391402,1357.9259975015414,1228.584140139366,1260.5584520762523,1754.1814142391402,1357.9259975015414,1228.584140139366,1260.5584520762523,1754.1814142391402,1357.9259975015414,1228.584140139366,1260.5584520762523,1754.1814142391402,1357.9259975015414,1228.584140139366,1260.5584520762523
10400,1354.4366373228324,3000.0,3000.0,1765.8560219408912,1354.4366373228324,3000.0,3000.0,1765.8560219408912,1354.4366373228324,3000.0,3000.0,1765.8560219408912,1354.4366373228324,3000.0,3000.0,1765.8560219408912,384.762421623962,450.3213674414581,635.1526035695233,1354.4366373228324,384.762421623962,450.3213674414581,635.1526035695233,1354.4366373228324,384.762421623962,450.3213674414581,635.1526035695233,1354.4366373228324,384.762421623962,450.3213674414581,635.1526035695233,1354.4366373228324,537.434441460271,415.37139111073714,375.3897577037128,384.762421623962,537.434441460271,415.37139111073714,375.3897577037128,384.762421623962,537.434441460271,415.37139111073714,375.3897577037128,384.762421623962,537.434441460271,415.37139111073714,375.3897577037128,384.762421623962,1264.2193853358754,1479.6273501647909,2086.9299831570042,3000.0,1264.2193853358754,1479.6273501647909,2086.9299831570042,3000.0,1264.2193853358754,1479.6273501647909,2086.9299831570042,3000.0,1264.2193853358754,1479.6273501647909,2086.9299831570042,3000.0,3000.0,3000.0,917.8748452810493,537.4344414602713,3000.0,3000.0,917.8748452810493,537.4344414602713,3000.0,3000.0,917.8748452810493,537.4344414602713,3000.0,3000.0,917.8748452810493,537.4344414602713,1765.856021940891,1364.791713649565,1233.4234895979134,1264.2193853358751,1765.856021940891,1364.791713649565,1233.4234895979134,1264.2193853358751,1765.856021940891,1364.791713649565,1233.4234895979134,1264.2193853358751,1765.856021940891,1364.791713649565,1233.4234895979134,1264.2193853358751
10467,1324.8778227440102,3000.0,3000.0,1777.6161628364357,1324.8778227440102,3000.0,3000.0,1777.6161628364357,1324.8778227440102,3000.0,3000.0,1777.6161628364357,1324.8778227440102,3000.0,3000.0,1777.6161628364357,379.9079900482676,444.09094324174055,625.0912130744755,1324.87782274401,379.9079900482676,444.09094324174055,625.0912130744755,1324.87782274401,379.9079900482676,444.09094324174055,625.0912130744755,1324.87782274401,379.9079900482676,444.09094324174055,625.0912130744755,1324.87782274401,532.643110163986,411.011356750684,371.0358405828236,379.9079900482676,532.643110163986,411.011356750684,371.0358405828236,379.9079900482676,532.643110163986,411.011356750684,371.0358405828236,379.9079900482676,532.643110163986,411.011356750684,371.0358405828236,379.9079900482676,1267.8857017273513,1482.0866419031586,2086.1477833931285,3000.0,1267.8857017273513,1482.0866419031586,2086.1477833931285,3000.0,1267.8857017273513,1482.0866419031586,2086.1477833931285,3000.0,1267.8857017273513,1482.0866419031586,2086.1477833931285,3000.0,3000.0,3000.0,912.9161151340979,532.6431101639861,3000.0,3000.0,912.9161151340979,532.6431101639861,3000.0,3000.0,912.9161151340979,532.6431101639861,3000.0,3000.0,912.9161151340979,532.6431101639861,1777.6161628364353,1371.688503854693,1238.2762390535197,1267.885701727351,1777.6161628364353,1371.688503854693,1238.2762390535197,1267.885701727351,1777.6161628364353,1371.688503854693,1238.2762390535197,1267.885701727351,1777.6161628364353,1371.688503854693,1238.2762390535197,1267.885701727351
10533,1295.9174153949455,3000.0,3000.0,1789.4628700442338,1295.9174153949455,3000.0,3000.0,1789.4628700442338,1295.9174153949455,3000.0,3000.0,1789.4628700442338,1295.9174153949455,3000.0,3000.0,1789.4628700442338,375.0637201619734,437.8885181438337,615.1148491062585,1295.9174153949452,375.0637201619734,437.8885181438337,615.1148491062585,1295.9174153949452,375.0637201619734,437.8885181438337,615.1148491062585,1295.9174153949452,375.0637201619734,437.8885181438337,615.1148491062585,1295.9174153949452,527.8271774950617,406.64232419566116,366.6823263308904,375.0637201619734,527.8271774950617,406.64232419566116,366.6823263308904,375.0637201619734,527.8271774950617,406.64232419566116,366.6823263308904,375.0637201619734,527.8271774950617,406.64232419566116,366.6823263308904,375.0637201619734,1271.5574903052266,1484.5488785851921,2085.389366482192,3000.0,1271.5574903052266,1484.5488785851921,2085.389366482192,3000.0,1271.5574903052266,1484.5488785851921,2085.389366482192,3000.0,1271.5574903052266,1484.5488785851921,2085.389366482192,3000.0,3000.0,3000.0,907.8994219887259,527.827177495062,3000.0,3000.0,907.8994219887259,527.827177495062,3000.0,3000.0,907.8994219887259,527.827177495062,3000.0,3000.0,907.8994219887259,527.827177495062,1789.4628700442336,1378.616660077973,1243.1425209754575,1271.5574903052266,1789.4628700442336,1378.616660077973,1243.1425209754575,1271.5574903052266,1789.4628700442336,1378.616660077973,1243.1425209754575,1271.5574903052266,1789.4628700442336,1378.616660077973,1243.1425209754575,1271.5574903052266
10600,1267.5371479498376,3000.0,3000.0,1801.3971923558054,1267.5371479498376,3000.0,3000.0,1801.3971923558054,1267.5371479498376,3000.0,3000.0,1801.3971923558054,1267.5371479498376,3000.0,3000.0,1801.3971923558054,370.22946971947516,431.7137796006354,605.2222746310053,1267.5371479498376,370.22946971947516,431.7137796006354,605.2222746310053,1267.5371479498376,370.22946971947516,431.7137796006354,605.2222746310053,1267.5371479498376,370.22946971947516,431.7137796006354,605.2222746310053,1267.5371479498376,522.9862816516852,402.2641385180057,362.32910377161676,370.22946971947516,522.9862816516852,402.2641385180057,362.32910377161676,370.22946971947516,522.9862816516852,402.2641385180057,362.32910377161676,370.22946971947516,522.9862816516852,402.2641385180057,362.32910377161676,370.22946971947516,1275.2348401448585,1487.0141297355217,2084.654501506795,3000.0,1275.2348401448585,1487.0141297355217,2084.654501506795,3000.0,1275.2348401448585,1487.0141297355217,2084.654501506795,3000.0,1275.2348401448585,1487.0141297355217,2084.654501506795,3000.0,3000.0,3000.0,902.8234246924088,522.9862816516855,3000.0,3000.0,902.8234246924088,522.9862816516855,3000.0,3000.0,902.8234246924088,522.9862816516855,3000.0,3000.0,902.8234246924088,522.9862816516855,1801.3971923558047,1385.5764771175752,1248.0224685466799,1275.2348401448585,1801.3971923558047,1385.5764771175752,1248.0224685466799,1275.2348401448585,1801.3971923558047,1385.5764771175752,1248.0224685466799,1275.2348401448585,1801.3971923558047,1385.5764771175752,1248.0224685466799,1275.2348401448585
10667,1239.7194836144781,3000.0,3000.0,1813.4201945386556,1239.7194836144781,3000.0,3000.0,1813.4201945386556,1239.7194836144781,3000.0,3000.0,1813.4201945386556,1239.7194836144781,3000.0,3000.0,1813.4201945386556,365.4050972425198,425.56641844272673,595.4122748894827,1239.7194836144781,365.4050972425198,425.56641844272673,595.4122748894827,1239.7194836144781,365.4050972425198,425.56641844272673,595.4122748894827,1239.7194836144781,365.4050972425198,425.56641844272673,595.4122748894827,1239.7194836144781,518.1200555824729,397.8766436137308,357.97606162118626,365.4050972425198,518.1200555824729,397.8766436137308,357.97606162118626,365.4050972425198,518.1200555824729,397.8766436137308,357.97606162118626,365.4050972425198,518.1200555824729,397.8766436137308,357.97606162118626,365.4050972425198,1278.9178403488193,1489.4824645495437,2083.9429621131885,3000.0,1278.9178403488193,1489.4824645495437,2083.9429621131885,3000.0,1278.9178403488193,1489.4824645495437,2083.9429621131885,3000.0,1278.9178403488193,1489.4824645495437,2083.9429621131885,3000.0,3000.0,3000.0,897.6867440393436,518.1200555824731,3000.0,3000.0,897.6867440393436,518.1200555824731,3000.0,3000.0,897.6867440393436,518.1200555824731,3000.0,3000.0,897.6867440393436,518.1200555824731,1813.4201945386553,1392.5682526480575,1252.9162156741518,1278.917840348819,1813.4201945386553,1392.5682526480575,1252.9162156741518,1278.917840348819,1813.4201945386553,1392.5682526480575,1252.9162156741518,1278.917840348819,1813.4201945386553,1392.5682526480575,1252.9162156741518,1278.917840348819
10733,1212.4475799585662,3000.0,3000.0,1825.532957646219,1212.4475799585662,3000.0,3000.0,1825.532957646219,1212.4475799585662,3000.0,3000.0,1825.532957646219,1212.4475799585662,3000.0,3000.0,1825.532957646219,360.5904620078619,419.4461288264916,585.6836568912473,1212.4475799585662,360.5904620078619,419.4461288264916,585.6836568912473,1212.4475799585662,360.5904620078619,419.4461288264916,585.6836568912473,1212.4475799585662,360.5904620078619,419.4461288264916,585.6836568912473,1212.4475799585662,513.2281268827447,393.47968218348586,353.6230884802243,360.5904620078619,513.2281268827447,393.47968218348586,353.6230884802243,360.5904620078619,513.2281268827447,393.47968218348586,353.6230884802243,360.5904620078619,513.2281268827447,393.47968218348586,353.6230884802243,360.5904620078619,1282.6065800532808,1491.9539519018247,2083.2545264106384,3000.0,1282.6065800532808,1491.9539519018247,2083.2545264106384,3000.0,1282.6065800532808,1491.9539519018247,2083.2545264106384,3000.0,1282.6065800532808,1491.9539519018247,2083.2545264106384,3000.0,3000.0,3000.0,892.4879613991202,513.228126882745,3000.0,3000.0,892.4879613991202,513.228126882745,3000.0,3000.0,892.4879613991202,513.228126882745,3000.0,3000.0,892.4879613991202,513.228126882745,1825.5329576462188,1399.5922872602473,1257.8238969992785,1282.6065800532806,1825.5329576462188,1399.5922872602473,1257.8238969992785,1282.6065800532806,1825.5329576462188,1399.5922872602473,1257.8238969992785,1282.6065800532806,1825.5329576462188,1399.5922872602473,1257.8238969992785,1282.6065800532806
10800,1185.705254875533,3000.0,3000.0,1837.7365793349968,1185.705254875533,3000.0,3000.0,1837.7365793349968,1185.705254875533,3000.0,3000.0,1837.7365793349968,1185.705254875533,3000.0,3000.0,1837.7365793349968,355.78542403504235,413.3526081831284,576.0352489224607,1185.7052548755328,355.78542403504235,413.3526081831284,576.0352489224607,1185.7052548755328,355.78542403504235,413.3526081831284,576.0352489224607,1185.7052548755328,355.78542403504235,413.3526081831284,576.0352489224607,1185.7052548755328,508.3101176884032,389.07309571324504,349.270072825734,355.78542403504235,508.3101176884032,389.07309571324504,349.270072825734,355.78542403504235,508.3101176884032,389.07309571324504,349.270072825734,355.78542403504235,508.3101176884032,389.07309571324504,349.270072825734,355.78542403504235,1286.3011484343842,1494.4286603543876,2082.588976873512,3000.0,1286.3011484343842,1494.4286603543876,2082.588976873512,3000.0,1286.3011484343842,1494.4286603543876,2082.588976873512,3000.0,1286.3011484343842,1494.4286603543876,2082.588976873512,3000.0,3000.0,3000.0,887.2256172857843,508.3101176884035,3000.0,3000.0,887.2256172857843,508.3101176884035,3000.0,3000.0,887.2256172857843,508.3101176884035,3000.0,3000.0,887.2256172857843,508.3101176884035,1837.7365793349968,1406.6488845017325,1262.7456479084235,1286.3011484343842,1837.7365793349968,1406.6488845017325,1262.7456479084235,1286.3011484343842,1837.7365793349968,1406.6488845017325,1262.7456479084235,1286.3011484343842,1837.7365793349968,1406.6488845017325,1262.7456479084235,1286.3011484343842
10867,1159.4769545252814,3000.0,3000.0,1850.0321741890875,1159.4769545252814,3000.0,3000.0,1850.0321741890875,1159.4769545252814,3000.0,3000.0,1850.0321741890875,1159.4769545252814,3000.0,3000.0,1850.0321741890875,350.9898440742873,407.28555716853674,566.4659000669409,1159.4769545252811,350.9898440742873,407.28555716853674,566.4659000669409,1159.4769545252811,350.9898440742873,407.28555716853674,566.4659000669409,1159.4769545252811,350.9898440742873,407.28555716853674,566.4659000669409,1159.4769545252811,503.3656445673488,384.65672445471716,344.9169030030072,350.9898440742873,503.3656445673488,384.65672445471716,344.9169030030072,350.9898440742873,503.3656445673488,384.65672445471716,344.9169030030072,350.9898440742873,503.3656445673488,384.65672445471716,344.9169030030072,350.9898440742873,1290.0016347145886,1496.9066581648822,2081.9461002460284,3000.0,1290.0016347145886,1496.9066581648822,2081.9461002460284,3000.0,1290.0016347145886,1496.9066581648822,2081.9461002460284,3000.0,1290.0016347145886,1496.9066581648822,2081.9461002460284,3000.0,3000.0,3000.0,881.8982098642383,503.365644567349,3000.0,3000.0,881.8982098642383,503.365644567349,3000.0,3000.0,881.8982098642383,503.365644567349,3000.0,3000.0,881.8982098642383,503.365644567349,1850.0321741890875,1413.738350917987,1267.6816045435203,1290.0016347145886,1850.0321741890875,1413.738350917987,1267.6816045435203,1290.0016347145886,1850.0321741890875,1413.738350917987,1267.6816045435203,1290.0016347145886,1850.0321741890875,1413.738350917987,1267.6816045435203,1290.0016347145886
10933,1133.7477231263672,3000.0,3000.0,1862.4208740523225,1133.7477231263672,3000.0,3000.0,1862.4208740523225,1133.7477231263672,3000.0,3000.0,1862.4208740523225,1133.7477231263672,3000.0,3000.0,1862.4208740523225,346.2035835945222,401.24467961405753,556.9744797400253,1133.7477231263672,346.2035835945222,401.24467961405753,556.9744797400253,1133.7477231263672,346.2035835945222,401.24467961405753,556.9744797400253,1133.7477231263672,346.2035835945222,401.24467961405753,556.9744797400253,1133.7477231263672,498.3943184083677,380.23040740547265,340.56346721750594,346.2035835945221,498.3943184083677,380.23040740547265,340.56346721750594,346.2035835945221,498.3943184083677,380.23040740547265,340.56346721750594,346.2035835945221,498.3943184083677,380.23040740547265,340.56346721750594,346.2035835945221,1293.708128169004,1499.3880132946367,2081.325687449568,3000.0,1293.708128169004,1499.3880132946367,2081.325687449568,3000.0,1293.708128169004,1499.3880132946367,2081.325687449568,3000.0,1293.708128169004,1499.3880132946367,2081.325687449568,3000.0,3000.0,3000.0,876.5041933907659,498.39431840836795,3000.0,3000.0,876.5041933907659,498.39431840836795,3000.0,3000.0,876.5041933907659,498.39431840836795,3000.0,3000.0,876.5041933907659,498.39431840836795,1862.4208740523225,1420.860996094135,1272.6319038127858,1293.7081281690039,1862.4208740523225,1420.860996094135,1272.6319038127858,1293.7081281690039,1862.4208740523225,1420.860996094135,1272.6319038127858,1293.7081281690039,1862.4208740523225,1420.860996094135,1272.6319038127858,1293.7081281690039
11000,1108.503174474347,3000.0,3000.0,1874.9038283681978,1108.503174474347,3000.0,3000.0,1874.9038283681978,1108.503174474347,3000.0,3000.0,1874.9038283681978,1108.503174474347,3000.0,3000.0,1874.9038283681978,341.42650477150306,395.2296824780535,547.5598772348606,1108.503174474347,341.42650477150306,395.2296824780535,547.5598772348606,1108.503174474347,341.42650477150306,395.2296824780535,547.5598772348606,1108.503174474347,341.42650477150306,395.2296824780535,547.5598772348606,1108.503174474347,493.3957443074202,375.7939822887807,336.20965352671755,341.42650477150306,493.3957443074202,375.7939822887807,336.20965352671755,341.42650477150306,493.3957443074202,375.7939822887807,336.20965352671755,341.42650477150306,493.3957443074202,375.7939822887807,336.20965352671755,341.42650477150306,1297.4207181317117,1501.872793416604,2080.7275334924693,3000.0,1297.4207181317117,1501.872793416604,2080.7275334924693,3000.0,1297.4207181317117,1501.872793416604,2080.7275334924693,3000.0,1297.4207181317117,1501.872793416604,2080.7275334924693,3000.0,3000.0,3000.0,871.0419765842518,493.3957443074205,3000.0,3000.0,871.0419765842518,493.3957443074205,3000.0,3000.0,871.0419765842518,493.3957443074205,3000.0,3000.0,871.0419765842518,493.3957443074205,1874.9038283681978,1428.0171326973673,1277.596683401527,1297.4207181317117,1874.9038283681978,1428.0171326973673,1277.596683401527,1297.4207181317117,1874.9038283681978,1428.0171326973673,1277.596683401527,1297.4207181317117,1874.9038283681978,1428.0171326973673,1277.596683401527,1297.4207181317117
11067,1083.7294650722768,3000.0,3000.0,1887.4822045278365,1083.7294650722768,3000.0,3000.0,1887.4822045278365,1083.7294650722768,3000.0,3000.0,1887.4822045278365,1083.7294650722768,3000.0,3000.0,1887.4822045278365,336.6584704760591,389.24027579830965,538.2210012807216,1083.7294650722768,336.6584704760591,389.24027579830965,538.2210012807216,1083.7294650722768,336.6584704760591,389.24027579830965,538.2210012807216,1083.7294650722768,336.6584704760591,389.24027579830965,538.2210012807216,1083.7294650722768,488.3695214512582,371.34728553315296,331.85534983197795,336.65847047605905,488.3695214512582,371.34728553315296,331.85534983197795,336.65847047605905,488.3695214512582,371.34728553315296,331.85534983197795,336.65847047605905,488.3695214512582,371.34728553315296,331.85534983197795,336.65847047605905,1301.1394940020664,1504.361065923197,2080.1514373822474,3000.0,1301.1394940020664,1504.361065923197,2080.1514373822474,3000.0,1301.1394940020664,1504.361065923197,2080.1514373822474,3000.0,1301.1394940020664,1504.361065923197,2080.1514373822474,3000.0,3000.0,3000.0,865.5099209244827,488.3695214512584,3000.0,3000.0,865.5099209244827,488.3695214512584,3000.0,3000.0,865.5099209244827,488.3695214512584,3000.0,3000.0,865.5099209244827,488.3695214512584,1887.4822045278363,1435.2070765200237,1282.57608178305,1301.1394940020662,1887.4822045278363,1435.2070765200237,1282.57608178305,1301.1394940020662,1887.4822045278363,1435.2070765200237,1282.57608178305,1301.1394940020662,1887.4822045278363,1435.2070765200237,1282.57608178305,1301.1394940020662
11133,1059.4132687679105,3000.0,3000.0,1900.1571882261874,1059.4132687679105,3000.0,3000.0,1900.1571882261874,1059.4132687679105,3000.0,3000.0,1900.1571882261874,1059.4132687679105,3000.0,3000.0,1900.1571882261874,331.8993442624463,383.276172645238,528.9567796129969,1059.4132687679107,331.8993442624463,383.276172645238,528.9567796129969,1059.4132687679107,331.8993442624463,383.276172645238,528.9567796129969,1059.4132687679107,331.8993442624463,383.276172645238,528.9567796129969,1059.4132687679107,483.3152429982984,366.8901522515849,327.50044387026486,331.8993442624463,483.3152429982984,366.8901522515849,327.50044387026486,331.8993442624463,483.3152429982984,366.8901522515849,327.50044387026486,331.8993442624463,483.3152429982984,366.8901522515849,327.50044387026486,331.8993442624463,1304.8645452509872,1506.852897934018,2079.5972020401377,3000.0,1304.8645452509872,1506.852897934018,2079.5972020401377,3000.0,1304.8645452509872,1506.852897934018,2079.5972020401377,3000.0,1304.8645452509872,1506.852897934018,2079.5972020401377,3000.0,3000.0,3000.0,859.9063388736943,483.3152429982987,3000.0,3000.0,859.9063388736943,483.3152429982987,3000.0,3000.0,859.9063388736943,483.3152429982987,3000.0,3000.0,859.9063388736943,483.3152429982987,1900.157188226187,1442.4311465233545,1287.5702382296713,1304.8645452509872,1900.157188226187,1442.4311465233545,1287.5702382296713,1304.8645452509872,1900.157188226187,1442.4311465233545,1287.5702382296713,1304.8645452509872,1900.157188226187,1442.4311465233545,1287.5702382296713,1304.8645452509872
11200,1035.5417527999332,3000.0,3000.0,1912.9299838266993,1035.5417527999332,3000.0,3000.0,1912.9299838266993,1035.5417527999332,3000.0,3000.0,1912.9299838266993,1035.5417527999332,3000.0,3000.0,1912.9299838266993,327.1489903568095,377.33708907587106,519.7661585544784,1035.5417527999334,327.1489903568095,377.33708907587106,519.7661585544784,1035.5417527999334,327.1489903568095,377.33708907587106,519.7661585544784,1035.5417527999334,327.1489903568095,377.33708907587106,519.7661585544784,1035.5417527999334,478.23249595667477,362.42241622049255,323.14482320595783,327.1489903568094,478.23249595667477,362.42241622049255,323.14482320595783,327.1489903568094,478.23249595667477,362.42241622049255,323.14482320595783,327.1489903568094,478.23249595667477,362.42241622049255,323.14482320595783,327.1489903568094,1308.5959614272379,1509.348356303484,2079.064634217912,3000.0,1308.5959614272379,1509.348356303484,2079.064634217912,3000.0,1308.5959614272379,1509.348356303484,2079.064634217912,3000.0,1308.5959614272379,1509.348356303484,2079.064634217912,3000.0,3000.0,3000.0,854.2294920172853,478.232495956675,3000.0,3000.0,854.2294920172853,478.232495956675,3000.0,3000.0,854.2294920172853,478.232495956675,3000.0,3000.0,854.2294920172853,478.232495956675,1912.929983826699,1449.6896648819704,1292.5792928238313,1308.5959614272376,1912.929983826699,1449.6896648819704,1292.5792928238313,1308.5959614272376,1912.929983826699,1449.6896648819704,1292.5792928238313,1308.5959614272376,1912.929983826699,1449.6896648819704,1292.5792928238313,1308.5959614272376
11267,1012.1025551627416,3000.0,3000.0,1925.8018147347036,1012.1025551627416,3000.0,3000.0,1925.8018147347036,1012.1025551627416,3000.0,3000.0,1925.8018147347036,1012.1025551627416,3000.0,3000.0,1925.8018147347036,322.4072736457508,371.42274408862556,510.64810260760964,1012.1025551627416,322.4072736457508,371.42274408862556,510.64810260760964,1012.1025551627416,322.4072736457508,371.42274408862556,510.64810260760964,1012.1025551627416,322.4072736457508,371.42274408862556,510.64810260760964,1012.1025551627416,473.12086105939073,357.943909858335,318.7883752225652,322.4072736457508,473.12086105939073,357.943909858335,318.7883752225652,322.4072736457508,473.12086105939073,357.943909858335,318.7883752225652,322.4072736457508,473.12086105939073,357.943909858335,318.7883752225652,322.4072736457508,1312.3338321636902,1511.8475076283496,2078.5535444168895,3000.0,1312.3338321636902,1511.8475076283496,2078.5535444168895,3000.0,1312.3338321636902,1511.8475076283496,2078.5535444168895,3000.0,1312.3338321636902,1511.8475076283496,2078.5535444168895,3000.0,3000.0,3000.0,848.4775891193893,473.12086105939096,3000.0,3000.0,848.4775891193893,473.12086105939096,3000.0,3000.0,848.4775891193893,473.12086105939096,3000.0,3000.0,848.4775891193893,473.12086105939096,1925.8018147347034,1456.982957028998,1297.603386469315,1312.33383216369,1925.8018147347034,1456.982957028998,1297.603386469315,1312.33383216369,1925.8018147347034,1456.982957028998,1297.603386469315,1312.33383216369,1925.8018147347034,1456.982957028998,1297.603386469315,1312.33383216369
11333,989.0837632058712,3000.0,3000.0,1938.773923779749,989.0837632058712,3000.0,3000.0,1938.773923779749,989.0837632058712,3000.0,3000.0,1938.773923779749,989.0837632058712,3000.0,3000.0,1938.773923779749,317.67405966500326,365.53285957882554,501.6015940573634,989.083763205871,317.67405966500326,365.53285957882554,501.6015940573634,989.083763205871,317.67405966500326,365.53285957882554,501.6015940573634,989.083763205871,317.67405966500326,365.53285957882554,501.6015940573634,989.083763205871,467.9799126364909,353.4544642039198,314.4309871144155,317.67405966500326,467.9799126364909,353.4544642039198,314.4309871144155,317.67405966500326,467.9799126364909,353.4544642039198,314.4309871144155,317.67405966500326,467.9799126364909,353.4544642039198,314.4309871144155,317.67405966500326,1316.0782471835848,1514.350418255135,2078.0637468090767,3000.0,1316.0782471835848,1514.350418255135,2078.0637468090767,3000.0,1316.0782471835848,1514.350418255135,2078.0637468090767,3000.0,1316.0782471835848,1514.350418255135,2078.0637468090767,3000.0,3000.0,3000.0,842.6487840887114,467.9799126364912,3000.0,3000.0,842.6487840887114,467.9799126364912,3000.0,3000.0,842.6487840887114,467.9799126364912,3000.0,3000.0,842.6487840887114,467.9799126364912,1938.773923779749,1464.311351701954,1302.6426609025784,1316.0782471835848,1938.773923779749,1464.311351701954,1302.6426609025784,1316.0782471835848,1938.773923779749,1464.311351701954,1302.6426609025784,1316.0782471835848,1938.773923779749,1464.311351701954,1302.6426609025784,1316.0782471835848
11400,966.4738933901924,3000.0,3000.0,1951.84757360714,966.4738933901924,3000.0,3000.0,1951.84757360714,966.4738933901924,3000.0,3000.0,1951.84757360714,966.4738933901924,3000.0,3000.0,1951.84757360714,312.94921458820426,359.66716029496274,492.6256325844183,966.4738933901924,312.94921458820426,359.66716029496274,492.6256325844183,966.4738933901924,312.94921458820426,359.66716029496274,492.6256325844183,966.4738933901924,312.94921458820426,359.66716029496274,492.6256325844183,966.4738933901924,462.809218484167,348.9539088943812,310.07254587831227,312.94921458820426,462.809218484167,348.9539088943812,310.07254587831227,312.94921458820426,462.809218484167,348.9539088943812,310.07254587831227,312.94921458820426,462.809218484167,348.9539088943812,310.07254587831227,312.94921458820426,1319.8292963067745,1516.857154287452,2077.595059160373,3000.0,1319.8292963067745,1516.857154287452,2077.595059160373,3000.0,1319.8292963067745,1516.857154287452,2077.595059160373,3000.0,1319.8292963067745,1516.857154287452,2077.595059160373,3000.0,3000.0,3000.0,836.7411738497633,462.8092184841672,3000.0,3000.0,836.7411738497633,462.8092184841672,3000.0,3000.0,836.7411738497633,462.8092184841672,3000.0,3000.0,836.7411738497633,462.8092184841672,1951.8475736071396,1471.6751809893472,1307.6972587041869,1319.8292963067745,1951.8475736071396,1471.6751809893472,1307.6972587041869,1319.8292963067745,1951.8475736071396,1471.6751809893472,1307.6972587041869,1319.8292963067745,1951.8475736071396,1471.6751809893472,1307.6972587041869,1319.8292963067745
11467,944.2618721286012,3000.0,3000.0,1965.0240470789424,944.2618721286012,3000.0,3000.0,1965.0240470789424,944.2618721286012,3000.0,3000.0,1965.0240470789424,944.2618721286012,3000.0,3000.0,1965.0240470789424,308.2326052157727,353.8253737956857,483.71923488833255,944.2618721286012,308.2326052157727,353.8253737956857,483.71923488833255,944.2618721286012,308.2326052157727,353.8253737956857,483.71923488833255,944.2618721286012,308.2326052157727,353.8253737956857,483.71923488833255,944.2618721286012,457.6083397307123,344.4420721428286,305.7129383051526,308.2326052157727,457.6083397307123,344.4420721428286,305.7129383051526,308.2326052157727,457.6083397307123,344.4420721428286,305.7129383051526,308.2326052157727,457.6083397307123,344.4420721428286,305.7129383051526,308.2326052157727,1323.5870694559658,1519.367781593239,2077.147302755781,3000.0,1323.5870694559658,1519.367781593239,2077.147302755781,3000.0,1323.5870694559658,1519.367781593239,2077.147302755781,3000.0,1323.5870694559658,1519.367781593239,2077.147302755781,3000.0,3000.0,3000.0,830.7527961143251,457.60833973071254,3000.0,3000.0,830.7527961143251,457.60833973071254,3000.0,3000.0,830.7527961143251,457.60833973071254,3000.0,3000.0,830.7527961143251,457.60833973071254,1965.0240470789415,1479.074780378029,1312.7673233103615,1323.5870694559655,1965.0240470789415,1479.074780378029,1312.7673233103615,1323.5870694559655,1965.0240470789415,1479.074780378029,1312.7673233103615,1323.5870694559655,1965.0240470789415,1479.074780378029,1312.7673233103615,1323.5870694559655
11533,922.4370176440009,3000.0,3000.0,1978.3046476847157,922.4370176440009,3000.0,3000.0,1978.3046476847157,922.4370176440009,3000.0,3000.0,1978.3046476847157,922.4370176440009,3000.0,3000.0,1978.3046476847157,303.5240989638819,348.00723040749966,474.8814343204071,922.4370176440009,303.5240989638819,348.00723040749966,474.8814343204071,922.4370176440009,303.5240989638819,348.00723040749966,474.8814343204071,922.4370176440009,303.5240989638819,348.00723040749966,474.8814343204071,922.4370176440009,452.37683069923514,339.918780715656,301.35205097150487,303.5240989638819,452.37683069923514,339.918780715656,301.35205097150487,303.5240989638819,452.37683069923514,339.918780715656,301.35205097150487,303.5240989638819,452.37683069923514,339.918780715656,301.35205097150487,303.5240989638819,1327.3516566629462,1521.882365811902,2076.720302326556,3000.0,1327.3516566629462,1521.882365811902,2076.720302326556,3000.0,1327.3516566629462,1521.882365811902,2076.720302326556,3000.0,1327.3516566629462,1521.882365811902,2076.720302326556,3000.0,3000.0,3000.0,824.6816270476307,452.3768306992353,3000.0,3000.0,824.6816270476307,452.3768306992353,3000.0,3000.0,824.6816270476307,452.3768306992353,3000.0,3000.0,824.6816270476307,452.3768306992353,1978.3046476847155,1486.5104888013022,1317.8529990246407,1327.3516566629462,1978.3046476847155,1486.5104888013022,1317.8529990246407,1327.3516566629462,1978.3046476847155,1486.5104888013022,1317.8529990246407,1327.3516566629462,1978.3046476847155,1486.5104888013022,1317.8529990246407,1327.3516566629462
11600,900.9890227821246,3000.0,3000.0,1991.690699962264,900.9890227821246,3000.0,3000.0,1991.690699962264,900.9890227821246,3000.0,3000.0,1991.690699962264,900.9890227821246,3000.0,3000.0,1991.690699962264,298.82356385352955,342.21246318316366,466.11128052595336,900.9890227821248,298.82356385352955,342.21246318316366,466.11128052595336,900.9890227821248,298.82356385352955,342.21246318316366,466.11128052595336,900.9890227821248,298.82356385352955,342.21246318316366,466.11128052595336,900.9890227821248,447.1142387670389,335.38385990950724,296.98977023114753,298.82356385352955,447.1142387670389,335.38385990950724,296.98977023114753,298.82356385352955,447.1142387670389,335.38385990950724,296.98977023114753,298.82356385352955,447.1142387670389,335.38385990950724,296.98977023114753,298.82356385352955,1331.1231480748133,1524.4009723613656,2076.313885979246,3000.0,1331.1231480748133,1524.4009723613656,2076.313885979246,3000.0,1331.1231480748133,1524.4009723613656,2076.313885979246,3000.0,1331.1231480748133,1524.4009723613656,2076.313885979246,3000.0,3000.0,3000.0,818.525578823432,447.1142387670389,3000.0,3000.0,818.525578823432,447.1142387670389,3000.0,3000.0,818.525578823432,447.1142387670389,3000.0,3000.0,818.525578823432,447.1142387670389,1991.6906999622638,1493.9826486878046,1322.9544310296571,1331.1231480748133,1991.6906999622638,1493.9826486878046,1322.9544310296571,1331.1231480748133,1991.6906999622638,1493.9826486878046,1322.9544310296571,1331.1231480748133,1991.6906999622638,1493.9826486878046,1322.9544310296571,1331.1231480748133
11667,879.9079387210705,3000.0,3000.0,2005.183549928673,879.9079387210705,3000.0,3000.0,2005.183549928673,879.9079387210705,3000.0,3000.0,2005.183549928673,879.9079387210705,3000.0,3000.0,2005.183549928673,294.1308684997029,336.440807860771,457.40783909568216,879.9079387210706,294.1308684997029,336.440807860771,457.40783909568216,879.9079387210706,294.1308684997029,336.440807860771,457.40783909568216,879.9079387210706,294.1308684997029,336.440807860771,457.40783909568216,879.9079387210706,441.8201042215721,330.8371335278878,292.62598220656633,294.1308684997029,441.8201042215721,330.8371335278878,292.62598220656633,294.1308684997029,441.8201042215721,330.8371335278878,292.62598220656633,294.1308684997029,441.8201042215721,330.8371335278878,292.62598220656633,294.1308684997029,1334.9016339601897,1526.9236664450377,2075.9278851265567,3000.0,1334.9016339601897,1526.9236664450377,2075.9278851265567,3000.0,1334.9016339601897,1526.9236664450377,2075.9278851265567,3000.0,1334.9016339601897,1526.9236664450377,2075.9278851265567,3000.0,3000.0,3000.0,812.2824970617146,441.8201042215721,3000.0,3000.0,812.2824970617146,441.8201042215721,3000.0,3000.0,812.2824970617146,441.8201042215721,3000.0,3000.0,812.2824970617146,441.8201042215721,2005.1835499286726,1501.4916060111825,1328.0717653990314,1334.9016339601897,2005.1835499286726,1501.4916060111825,1328.0717653990314,1334.9016339601897,2005.1835499286726,1501.4916060111825,1328.0717653990314,1334.9016339601897,2005.1835499286726,1501.4916060111825,1328.0717653990314,1334.9016339601897
11733,859.1841595234383,3000.0,3000.0,2018.7845655219442,859.1841595234383,3000.0,3000.0,2018.7845655219442,859.1841595234383,3000.0,3000.0,2018.7845655219442,859.1841595234383,3000.0,3000.0,2018.7845655219442,289.4458821006353,330.69200282349914,448.7701912259444,859.1841595234383,289.4458821006353,330.69200282349914,448.7701912259444,859.1841595234383,289.4458821006353,330.69200282349914,448.7701912259444,859.1841595234383,289.4458821006353,330.69200282349914,448.7701912259444,859.1841595234383,436.4939601128528,326.27842385741985,288.2605727804075,289.4458821006353,436.4939601128528,326.27842385741985,288.2605727804075,289.4458821006353,436.4939601128528,326.27842385741985,288.2605727804075,289.4458821006353,436.4939601128528,326.27842385741985,288.2605727804075,289.4458821006353,1338.6872047154377,1529.450513058683,2075.562134419991,3000.0,1338.6872047154377,1529.450513058683,2075.562134419991,3000.0,1338.6872047154377,1529.450513058683,2075.562134419991,3000.0,1338.6872047154377,1529.450513058683,2075.562134419991,3000.0,3000.0,3000.0,805.9501581424443,436.4939601128531,3000.0,3000.0,805.9501581424443,436.4939601128531,3000.0,3000.0,805.9501581424443,436.4939601128531,3000.0,3000.0,805.9501581424443,436.4939601128531,2018.7845655219437,1509.0377103405663,1333.2051491093841,1338.6872047154377,2018.7845655219437,1509.0377103405663,1333.2051491093841,1338.6872047154377,2018.7845655219437,1509.0377103405663,1333.2051491093841,1338.6872047154377,2018.7845655219437,1509.0377103405663,1333.2051491093841,1338.6872047154377
11800,838.8084074806594,3000.0,3000.0,2032.4951370535236,838.8084074806594,3000.0,3000.0,2032.4951370535236,838.8084074806594,3000.0,3000.0,2032.4951370535236,838.8084074806594,3000.0,3000.0,2032.4951370535236,284.76847442715444,324.96578906001656,440.19743338756206,838.8084074806593,284.76847442715444,324.96578906001656,440.19743338756206,838.8084074806593,284.76847442715444,324.96578906001656,440.19743338756206,838.8084074806593,284.76847442715444,324.96578906001656,440.19743338756206,838.8084074806593,431.1353321022625,321.7075516437302,283.89342758688775,284.76847442715444,431.1353321022625,321.7075516437302,283.89342758688775,284.76847442715444,431.1353321022625,321.7075516437302,283.89342758688775,284.76847442715444,431.1353321022625,321.7075516437302,283.89342758688775,284.76847442715444,1342.4799508708704,1531.9815769972208,2075.2164716842203,3000.0,1342.4799508708704,1531.9815769972208,2075.2164716842203,3000.0,1342.4799508708704,1531.9815769972208,2075.2164716842203,3000.0,1342.4799508708704,1531.9815769972208,2075.2164716842203,3000.0,3000.0,3000.0,799.5262663882841,431.13533210226274,3000.0,3000.0,799.5262663882841,431.13533210226274,3000.0,3000.0,799.5262663882841,431.13533210226274,3000.0,3000.0,799.5262663882841,431.13533210226274,2032.4951370535232,1516.621314891871,1338.3547300524708,1342.4799508708704,2032.4951370535232,1516.621314891871,1338.3547300524708,1342.4799508708704,2032.4951370535232,1516.621314891871,1338.3547300524708,1342.4799508708704,2032.4951370535232,1516.621314891871,1338.3547300524708,1342.4799508708704
11867,818.7717192025192,3000.0,3000.0,2046.3166776720425,818.7717192025192,3000.0,3000.0,2046.3166776720425,818.7717192025192,3000.0,3000.0,2046.3166776720425,818.7717192025192,3000.0,3000.0,2046.3166776720425,280.0985158121188,319.2619101255325,431.6886770029963,818.7717192025192,280.0985158121188,319.2619101255325,431.6886770029963,818.7717192025192,280.0985158121188,319.2619101255325,431.6886770029963,818.7717192025192,280.0985158121188,319.2619101255325,431.6886770029963,818.7717192025192,425.7437383076059,317.1243360669647,279.5244320031583,280.0985158121188,425.7437383076059,317.1243360669647,279.5244320031583,280.0985158121188,425.7437383076059,317.1243360669647,279.5244320031583,280.0985158121188,425.7437383076059,317.1243360669647,279.5244320031583,280.0985158121188,1346.2799630969582,1534.5169228614307,2074.8907378531103,3000.0,1346.2799630969582,1534.5169228614307,2074.8907378531103,3000.0,1346.2799630969582,1534.5169228614307,2074.8907378531103,3000.0,1346.2799630969582,1534.5169228614307,2074.8907378531103,3000.0,3000.0,3000.0,793.008451108774,425.7437383076062,3000.0,3000.0,793.008451108774,425.7437383076062,3000.0,3000.0,793.008451108774,425.7437383076062,3000.0,3000.0,793.008451108774,425.7437383076062,2046.3166776720425,1524.2427765799275,1343.5206570474384,1346.279963096958,2046.3166776720425,1524.2427765799275,1343.5206570474384,1346.279963096958,2046.3166776720425,1524.2427765799275,1343.5206570474384,1346.279963096958,2046.3166776720425,1524.2427765799275,1343.5206570474384,1346.279963096958
11933,799.0654324080425,3000.0,3000.0,2060.2506238385927,799.0654324080425,3000.0,3000.0,2060.2506238385927,799.0654324080425,3000.0,3000.0,2060.2506238385927,799.0654324080425,3000.0,3000.0,2060.2506238385927,275.4358771399416,313.58011210347735,423.2430481316083,799.0654324080425,275.4358771399416,313.58011210347735,423.2430481316083,799.0654324080425,275.4358771399416,313.58011210347735,423.2430481316083,799.0654324080425,275.4358771399416,313.58011210347735,423.2430481316083,799.0654324080425,420.3186891443284,312.52859471692244,275.1534711406215,275.43587713994157,420.3186891443284,312.52859471692244,275.1534711406215,275.43587713994157,420.3186891443284,312.52859471692244,275.1534711406215,275.43587713994157,420.3186891443284,312.52859471692244,275.1534711406215,275.43587713994157,1350.0873322105326,1537.0566150645852,2074.58477690739,3000.0,1350.0873322105326,1537.0566150645852,2074.58477690739,3000.0,1350.0873322105326,1537.0566150645852,2074.58477690739,3000.0,1350.0873322105326,1537.0566150645852,2074.58477690739,3000.0,3000.0,3000.0,786.3942634979448,420.3186891443286,3000.0,3000.0,786.3942634979448,420.3186891443286,3000.0,3000.0,786.3942634979448,420.3186891443286,3000.0,3000.0,786.3942634979448,420.3186891443286,2060.2506238385927,1531.9024560714718,1348.7030798532096,1350.0873322105324,2060.2506238385927,1531.9024560714718,1348.7030798532096,1350.0873322105324,2060.2506238385927,1531.9024560714718,1348.7030798532096,1350.0873322105324,2060.2506238385927,1531.9024560714718,1348.7030798532096,1350.0873322105324
12000,779.6811733768235,3000.0,3000.0,2074.2984358138838,779.6811733768235,3000.0,3000.0,2074.2984358138838,779.6811733768235,3000.0,3000.0,2074.2984358138838,779.6811733768235,3000.0,3000.0,2074.2984358138838,270.7804298361987,307.92014356780044,414.8596871627767,779.6811733768235,270.7804298361987,307.92014356780044,414.8596871627767,779.6811733768235,270.7804298361987,307.92014356780044,414.8596871627767,779.6811733768235,270.7804298361987,307.92014356780044,414.8596871627767,779.6811733768235,414.85968716277654,307.9201435678004,270.7804298361987,270.78042983619866,414.85968716277654,307.9201435678004,270.7804298361987,270.78042983619866,414.85968716277654,307.9201435678004,270.7804298361987,270.78042983619866,414.85968716277654,307.9201435678004,270.7804298361987,270.78042983619866,1353.9021491809938,1539.6007178390025,2074.298435813883,3000.0,1353.9021491809938,1539.6007178390025,2074.298435813883,3000.0,1353.9021491809938,1539.6007178390025,2074.298435813883,3000.0,1353.9021491809938,1539.6007178390025,2074.298435813883,3000.0,3000.0,3000.0,779.681173376824,414.85968716277677,3000.0,3000.0,779.681173376824,414.85968716277677,3000.0,3000.0,779.681173376824,414.85968716277677,3000.0,3000.0,779.681173376824,414.85968716277677,2074.2984358138838,1539.6007178390025,1353.9021491809938,1353.9021491809935,2074.2984358138838,1539.6007178390025,1353.9021491809938,1353.9021491809935,2074.2984358138838,1539.6007178390025,1353.9021491809938,1353.9021491809935,2074.2984358138838,1539.6007178390025,1353.9021491809938,1353.9021491809935
12067,760.6108450226017,3000.0,3000.0,2088.461598157607,760.6108450226017,3000.0,3000.0,2088.461598157607,760.6108450226017,3000.0,3000.0,2088.461598157607,760.6108450226017,3000.0,3000.0,2088.461598157607,266.13204585732234,302.2817555458758,406.5377485166456,760.6108450226018,266.13204585732234,302.2817555458758,406.5377485166456,760.6108450226018,266.13204585732234,302.2817555458758,406.5377485166456,760.6108450226018,266.13204585732234,302.2817555458758,406.5377485166456,760.6108450226018,409.3662268813914,303.29879695254357,266.4051926435499,266.1320458573223,409.3662268813914,303.29879695254357,266.4051926435499,266.1320458573223,409.3662268813914,303.29879695254357,266.4051926435499,266.1320458573223,409.3662268813914,303.29879695254357,266.4051926435499,266.1320458573223,1357.7245051365085,1542.1492952425185,2074.031564466275,3000.0,1357.7245051365085,1542.1492952425185,2074.031564466275,3000.0,1357.7245051365085,1542.1492952425185,2074.031564466275,3000.0,1357.7245051365085,1542.1492952425185,2074.031564466275,3000.0,3000.0,3000.0,772.8665657717137,409.3662268813917,3000.0,3000.0,772.8665657717137,409.3662268813917,3000.0,3000.0,772.8665657717137,409.3662268813917,3000.0,3000.0,772.8665657717137,409.3662268813917,2088.4615981576067,1547.3379302155188,1359.1180167069242,1357.7245051365082,2088.4615981576067,1547.3379302155188,1359.1180167069242,1357.7245051365082,2088.4615981576067,1547.3379302155188,1359.1180167069242,1357.7245051365082,2088.4615981576067,1547.3379302155188,1359.1180167069242,1357.7245051365082
12133,741.8466155533689,3000.0,3000.0,2102.741620240401,741.8466155533689,3000.0,3000.0,2102.741620240401,741.8466155533689,3000.0,3000.0,2102.741620240401,741.8466155533689,3000.0,3000.0,2102.741620240401,261.49059768037404,296.66470148199943,398.2764003522769,741.846615553369,261.49059768037404,296.66470148199943,398.2764003522769,741.846615553369,261.49059768037404,296.66470148199943,398.2764003522769,741.846615553369,261.49059768037404,296.66470148199943,398.2764003522769,741.846615553369,403.8377946157062,298.6643675367885,262.0276438242403,261.49059768037404,403.8377946157062,298.6643675367885,262.0276438242403,261.49059768037404,403.8377946157062,298.6643675367885,262.0276438242403,261.49059768037404,403.8377946157062,298.6643675367885,262.0276438242403,261.49059768037404,1361.5544913702226,1544.7024111648927,2073.784015627371,3000.0,1361.5544913702226,1544.7024111648927,2073.784015627371,3000.0,1361.5544913702226,1544.7024111648927,2073.784015627371,3000.0,1361.5544913702226,1544.7024111648927,2073.784015627371,3000.0,3000.0,3000.0,765.9477373184866,403.8377946157065,3000.0,3000.0,765.9477373184866,403.8377946157065,3000.0,3000.0,765.9477373184866,403.8377946157065,3000.0,3000.0,765.9477373184866,403.8377946157065,2102.741620240401,1555.1144654501747,1364.3508350848367,1361.5544913702226,2102.741620240401,1555.1144654501747,1364.3508350848367,1361.5544913702226,2102.741620240401,1555.1144654501747,1364.3508350848367,1361.5544913702226,2102.741620240401,1555.1144654501747,1364.3508350848367,1361.5544913702226
12200,723.3809076846375,3000.0,3000.0,2117.1400367687506,723.3809076846375,3000.0,3000.0,2117.1400367687506,723.3809076846375,3000.0,3000.0,2117.1400367687506,723.3809076846375,3000.0,3000.0,2117.1400367687506,256.8559582928985,291.06873720147024,390.07482428299966,723.3809076846375,256.8559582928985,291.06873720147024,390.07482428299966,723.3809076846375,256.8559582928985,291.06873720147024,390.07482428299966,723.3809076846375,256.8559582928985,291.06873720147024,390.07482428299966,723.3809076846375,398.27386830303226,294.01666629239594,257.647667338854,256.8559582928985,398.27386830303226,294.01666629239594,257.647667338854,256.8559582928985,398.27386830303226,294.01666629239594,257.647667338854,256.8559582928985,398.27386830303226,294.01666629239594,257.647667338854,256.8559582928985,1365.3921993464598,1547.2601293341313,2073.555644872786,3000.0,1365.3921993464598,1547.2601293341313,2073.555644872786,3000.0,1365.3921993464598,1547.2601293341313,2073.555644872786,3000.0,1365.3921993464598,1547.2601293341313,2073.555644872786,3000.0,3000.0,3000.0,758.9218924825019,398.2738683030325,3000.0,3000.0,758.9218924825019,398.2738683030325,3000.0,3000.0,758.9218924825019,398.2738683030325,3000.0,3000.0,758.9218924825019,398.2738683030325,2117.1400367687506,1562.9306997648414,1369.6007579591708,1365.3921993464598,2117.1400367687506,1562.9306997648414,1369.6007579591708,1365.3921993464598,2117.1400367687506,1562.9306997648414,1369.6007579591708,1365.3921993464598,2117.1400367687506,1562.9306997648414,1369.6007579591708,1365.3921993464598
12267,705.2063883746375,3000.0,3000.0,2131.658408323236,705.2063883746375,3000.0,3000.0,2131.658408323236,705.2063883746375,3000.0,3000.0,2131.658408323236,705.2063883746375,3000.0,3000.0,2131.658408323236,252.2280011828564,285.49362087524224,381.9322150987461,705.2063883746375,252.2280011828564,285.49362087524224,381.9322150987461,705.2063883746375,252.2280011828564,285.49362087524224,381.9322150987461,705.2063883746375,252.2280011828564,285.49362087524224,381.9322150987461,705.2063883746375,392.6739173227009,289.35550247056153,253.26514683805567,252.2280011828564,392.6739173227009,289.35550247056153,253.26514683805567,252.2280011828564,392.6739173227009,289.35550247056153,253.26514683805567,252.2280011828564,392.6739173227009,289.35550247056153,253.26514683805567,252.2280011828564,1369.2377207069353,1549.8225133227445,2073.3463105360506,3000.0,1369.2377207069353,1549.8225133227445,2073.3463105360506,3000.0,1369.2377207069353,1549.8225133227445,2073.3463105360506,3000.0,1369.2377207069353,1549.8225133227445,2073.3463105360506,3000.0,3000.0,3000.0,751.7861395830084,392.6739173227012,3000.0,3000.0,751.7861395830084,392.6739173227012,3000.0,3000.0,751.7861395830084,392.6739173227012,3000.0,3000.0,751.7861395830084,392.6739173227012,2131.6584083232356,1570.7870134116206,1374.8679399780171,1369.2377207069353,2131.6584083232356,1570.7870134116206,1374.8679399780171,1369.2377207069353,2131.6584083232356,1570.7870134116206,1374.8679399780171,1369.2377207069353,2131.6584083232356,1570.7870134116206,1374.8679399780171,1369.2377207069353
12333,687.3159590522197,3000.0,3000.0,2146.2983219105076,687.3159590522197,3000.0,3000.0,2146.2983219105076,687.3159590522197,3000.0,3000.0,2146.2983219105076,687.3159590522197,3000.0,3000.0,2146.2983219105076,247.6066003286329,279.9391129851357,373.84778049517627,687.3159590522197,247.6066003286329,279.9391129851357,373.84778049517627,687.3159590522197,247.6066003286329,279.9391129851357,373.84778049517627,687.3159590522197,247.6066003286329,279.9391129851357,373.84778049517627,687.3159590522197,387.03740231173055,284.6806835744983,248.87996565359458,247.6066003286329,387.03740231173055,284.6806835744983,248.87996565359458,247.6066003286329,387.03740231173055,284.6806835744983,248.87996565359458,247.6066003286329,387.03740231173055,284.6806835744983,248.87996565359458,247.6066003286329,1373.0911472769649,1552.389626553935,2073.1558736550687,3000.0,1373.0911472769649,1552.389626553935,2073.1558736550687,3000.0,1373.0911472769649,1552.389626553935,2073.1558736550687,3000.0,1373.0911472769649,1552.389626553935,2073.1558736550687,3000.0,3000.0,3000.0,744.5374866101363,387.0374023117308,3000.0,3000.0,744.5374866101363,387.0374023117308,3000.0,3000.0,744.5374866101363,387.0374023117308,3000.0,3000.0,744.5374866101363,387.0374023117308,2146.2983219105076,1578.6837907313095,1380.1525368062976,1373.0911472769649,2146.2983219105076,1578.6837907313095,1380.1525368062976,1373.0911472769649,2146.2983219105076,1578.6837907313095,1380.1525368062976,1373.0911472769649,2146.2983219105076,1578.6837907313095,1380.1525368062976,1373.0911472769649
12400,669.7027463100807,3000.0,3000.0,2161.0613915294202,669.7027463100807,3000.0,3000.0,2161.0613915294202,669.7027463100807,3000.0,3000.0,2161.0613915294202,669.7027463100807,3000.0,3000.0,2161.0613915294202,242.99163018912066,274.4049762895968,365.8207408093955,669.7027463100807,242.99163018912066,274.4049762895968,365.8207408093955,669.7027463100807,242.99163018912066,274.4049762895968,365.8207408093955,669.7027463100807,242.99163018912066,274.4049762895968,365.8207408093955,669.7027463100807,381.3637749757799,279.9920153316793,244.4920067892514,242.99163018912066,381.3637749757799,279.9920153316793,244.4920067892514,242.99163018912066,381.3637749757799,279.9920153316793,244.4920067892514,242.99163018912066,381.3637749757799,279.9920153316793,244.4920067892514,242.99163018912066,1376.9525710716841,1554.9615323077157,2072.9841979199077,3000.0,1376.9525710716841,1554.9615323077157,2072.9841979199077,3000.0,1376.9525710716841,1554.9615323077157,2072.9841979199077,3000.0,1376.9525710716841,1554.9615323077157,2072.9841979199077,3000.0,3000.0,3000.0,737.1728368217384,381.3637749757799,3000.0,3000.0,737.1728368217384,381.3637749757799,3000.0,3000.0,737.1728368217384,381.3637749757799,3000.0,3000.0,737.1728368217384,381.3637749757799,2161.06139152942,1586.6214202128497,1385.4547051390916,1376.952571071684,2161.06139152942,1586.6214202128497,1385.4547051390916,1376.952571071684,2161.06139152942,1586.6214202128497,1385.4547051390916,1376.952571071684,2161.06139152942,1586.6214202128497,1385.4547051390916,1376.952571071684
12467,652.3600930376779,3000.0,3000.0,2175.949258751716,652.3600930376779,3000.0,3000.0,2175.949258751716,652.3600930376779,3000.0,3000.0,2175.949258751716,652.3600930376779,3000.0,3000.0,2175.949258751716,238.38296569387694,268.89097578999656,357.8503287620817,652.3600930376779,238.38296569387694,268.89097578999656,357.8503287620817,652.3600930376779,238.38296569387694,268.89097578999656,357.8503287620817,652.3600930376779,238.38296569387694,268.89097578999656,357.8503287620817,652.3600930376779,375.6524778952472,275.289301665634,240.1011529117274,238.38296569387694,375.6524778952472,275.289301665634,240.1011529117274,238.38296569387694,375.6524778952472,275.289301665634,240.1011529117274,238.38296569387694,375.6524778952472,275.289301665634,240.1011529117274,238.38296569387694,1380.8220843022684,1557.538293726962,2072.8311496218694,3000.0,1380.8220843022684,1557.538293726962,2072.8311496218694,3000.0,1380.8220843022684,1557.538293726962,2072.8311496218694,3000.0,1380.8220843022684,1557.538293726962,2072.8311496218694,3000.0,3000.0,3000.0,729.6889841064483,375.6524778952472,3000.0,3000.0,729.6889841064483,375.6524778952472,3000.0,3000.0,729.6889841064483,375.6524778952472,3000.0,3000.0,729.6889841064483,375.6524778952472,2175.9492587517157,1594.600294553767,1390.7746027151004,1380.8220843022684,2175.9492587517157,1594.600294553767,1390.7746027151004,1380.8220843022684,2175.9492587517157,1594.600294553767,1390.7746027151004,1380.8220843022684,2175.9492587517157,1594.600294553767,1390.7746027151004,1380.8220843022684
12533,635.2815499697779,3000.0,3000.0,2190.9635933177415,635.2815499697779,3000.0,3000.0,2190.9635933177415,635.2815499697779,3000.0,3000.0,2190.9635933177415,635.2815499697779,3000.0,3000.0,2190.9635933177415,233.7804822333521,263.3968786974573,349.9357892058391,635.2815499697779,233.7804822333521,263.3968786974573,349.9357892058391,635.2815499697779,233.7804822333521,263.3968786974573,349.9357892058391,635.2815499697779,233.7804822333521,263.3968786974573,349.9357892058391,635.2815499697779,369.902944326372,270.57234466728914,235.70728634147335,233.7804822333521,369.902944326372,270.57234466728914,235.70728634147335,233.7804822333521,369.902944326372,270.57234466728914,235.70728634147335,233.7804822333521,369.902944326372,270.57234466728914,235.70728634147335,233.7804822333521,1384.699779382162,1560.1199738234006,2072.6965976038155,3000.0,1384.699779382162,1560.1199738234006,2072.6965976038155,3000.0,1384.699779382162,1560.1199738234006,2072.6965976038155,3000.0,1384.699779382162,1560.1199738234006,2072.6965976038155,3000.0,3000.0,3000.0,722.0826080983423,369.902944326372,3000.0,3000.0,722.0826080983423,369.902944326372,3000.0,3000.0,722.0826080983423,369.902944326372,3000.0,3000.0,722.0826080983423,369.902944326372,2190.963593317741,1602.6208107216353,1396.1123883302646,1384.6997793821618,2190.963593317741,1602.6208107216353,1396.1123883302646,1384.6997793821618,2190.963593317741,1602.6208107216353,1396.1123883302646,1384.6997793821618,2190.963593317741,1602.6208107216353,1396.1123883302646,1384.6997793821618
12600,618.4608676280858,3000.0,3000.0,2206.1060937476127,618.4608676280858,3000.0,3000.0,2206.1060937476127,618.4608676280858,3000.0,3000.0,2206.1060937476127,618.4608676280858,3000.0,3000.0,2206.1060937476127,229.18405564918737,257.9224544001949,342.07637887960186,618.4608676280858,229.18405564918737,257.9224544001949,342.07637887960186,618.4608676280858,229.18405564918737,257.9224544001949,342.07637887960186,618.4608676280858,229.18405564918737,257.9224544001949,342.07637887960186,618.4608676280858,364.1145979971787,265.84094456584194,231.31028904345533,229.18405564918737,364.1145979971787,265.84094456584194,231.31028904345533,229.18405564918737,364.1145979971787,265.84094456584194,231.31028904345533,229.18405564918737,364.1145979971787,265.84094456584194,231.31028904345533,229.18405564918737,1388.5857489333118,1562.7066354835338,2072.5804132117046,3000.0,1388.5857489333118,1562.7066354835338,2072.5804132117046,3000.0,1388.5857489333118,1562.7066354835338,2072.5804132117046,3000.0,1388.5857489333118,1562.7066354835338,2072.5804132117046,3000.0,3000.0,3000.0,714.3502690275345,364.114597997179,3000.0,3000.0,714.3502690275345,364.114597997179,3000.0,3000.0,714.3502690275345,364.114597997179,3000.0,3000.0,714.3502690275345,364.114597997179,2206.1060937476127,1610.6833700165726,1401.4682218515236,1388.5857489333118,2206.1060937476127,1610.6833700165726,1401.4682218515236,1388.5857489333118,2206.1060937476127,1610.6833700165726,1401.4682218515236,1388.5857489333118,2206.1060937476127,1610.6833700165726,1401.4682218515236,1388.5857489333118
12667,601.8919886347937,3000.0,3000.0,2221.3784879683235,601.8919886347937,3000.0,3000.0,2221.3784879683235,601.8919886347937,3000.0,3000.0,2221.3784879683235,601.8919886347937,3000.0,3000.0,2221.3784879683235,224.5935622245825,252.46747443137141,334.2713661689223,601.8919886347937,224.5935622245825,252.46747443137141,334.2713661689223,601.8919886347937,224.5935622245825,252.46747443137141,334.2713661689223,601.8919886347937,224.5935622245825,252.46747443137141,334.2713661689223,601.8919886347937,358.2868528981167,261.0948996991611,226.91004261785943,224.5935622245825,358.2868528981167,261.0948996991611,226.91004261785943,224.5935622245825,358.2868528981167,261.0948996991611,226.91004261785943,224.5935622245825,358.2868528981167,261.0948996991611,226.91004261785943,224.5935622245825,1392.4800857924115,1565.298341474503,2072.4824702473184,3000.0,1392.4800857924115,1565.298341474503,2072.4824702473184,3000.0,1392.4800857924115,1565.298341474503,2072.4824702473184,3000.0,1392.4800857924115,1565.298341474503,2072.4824702473184,3000.0,3000.0,3000.0,706.4884022899079,358.2868528981167,3000.0,3000.0,706.4884022899079,358.2868528981167,3000.0,3000.0,706.4884022899079,358.2868528981167,3000.0,3000.0,706.4884022899079,358.2868528981167,2221.378487968323,1618.788378134799,1406.8422642307285,1392.4800857924115,2221.378487968323,1618.788378134799,1406.8422642307285,1392.4800857924115,2221.378487968323,1618.788378134799,1406.8422642307285,1392.4800857924115,2221.378487968323,1618.788378134799,1406.8422642307285,1392.4800857924115
12733,585.5690403781701,3000.0,3000.0,2236.782533957276,585.5690403781701,3000.0,3000.0,2236.782533957276,585.5690403781701,3000.0,3000.0,2236.782533957276,585.5690403781701,3000.0,3000.0,2236.782533957276,220.0088786747282,247.03171243744262,326.5200308719741,585.56904037817,220.0088786747282,247.03171243744262,326.5200308719741,585.56904037817,220.0088786747282,247.03171243744262,326.5200308719741,585.56904037817,220.0088786747282,247.03171243744262,326.5200308719741,585.56904037817,352.41911306722363,256.3340064836994,222.5064282907295,220.0088786747282,352.41911306722363,256.3340064836994,222.5064282907295,220.0088786747282,352.41911306722363,256.3340064836994,222.5064282907295,220.0088786747282,352.41911306722363,256.3340064836994,222.5064282907295,220.0088786747282,1396.3828830171522,1567.8951544498905,2072.40264492212,3000.0,1396.3828830171522,1567.8951544498905,2072.40264492212,3000.0,1396.3828830171522,1567.8951544498905,2072.40264492212,3000.0,1396.3828830171522,1567.8951544498905,2072.40264492212,3000.0,3000.0,3000.0,698.4933127179497,352.4191130672238,3000.0,3000.0,698.4933127179497,352.4191130672238,3000.0,3000.0,698.4933127179497,352.4191130672238,3000.0,3000.0,698.4933127179497,352.4191130672238,2236.7825339572755,1626.9362452332755,1412.2346775187116,1396.3828830171522,2236.7825339572755,1626.9362452332755,1412.2346775187116,1396.3828830171522,2236.7825339572755,1626.9362452332755,1412.2346775187116,1396.3828830171522,2236.7825339572755,1626.9362452332755,1412.2346775187116,1396.3828830171522
12800,569.486328011523,3000.0,3000.0,2252.320020402739,569.486328011523,3000.0,3000.0,2252.320020402739,569.486328011523,3000.0,3000.0,2252.320020402739,569.486328011523,3000.0,3000.0,2252.320020402739,215.42988213730516,241.614944146995,318.8216639711165,569.486328011523,215.42988213730516,241.614944146995,318.8216639711165,569.486328011523,215.42988213730516,241.614944146995,318.8216639711165,569.486328011523,215.42988213730516,241.614944146995,318.8216639711165,569.486328011523,346.51077236965193,251.5580593839138,218.0993269045395,215.42988213730516,346.51077236965193,251.5580593839138,218.0993269045395,215.42988213730516,346.51077236965193,251.5580593839138,218.0993269045395,215.42988213730516,346.51077236965193,251.5580593839138,218.0993269045395,215.42988213730516,1400.2942338924838,1570.4971369554678,2072.340815812257,3000.0,1400.2942338924838,1570.4971369554678,2072.340815812257,3000.0,1400.2942338924838,1570.4971369554678,2072.340815812257,3000.0,1400.2942338924838,1570.4971369554678,2072.340815812257,3000.0,3000.0,3000.0,690.361168533289,346.5107723696521,3000.0,3000.0,690.361168533289,346.5107723696521,3000.0,3000.0,690.361168533289,346.5107723696521,3000.0,3000.0,690.361168533289,346.5107723696521,2252.320020402739,1635.127385995441,1417.6456248795075,1400.2942338924838,2252.320020402739,1635.127385995441,1417.6456248795075,1400.2942338924838,2252.320020402739,1635.127385995441,1417.6456248795075,1400.2942338924838,2252.320020402739,1635.127385995441,1417.6456248795075,1400.2942338924838
12867,553.6383277679944,3000.0,3000.0,2267.9927673817538,553.6383277679944,3000.0,3000.0,2267.9927673817538,553.6383277679944,3000.0,3000.0,2267.9927673817538,553.6383277679944,3000.0,3000.0,2267.9927673817538,210.85645016304719,236.21694734006155,311.1755674098634,553.6383277679945,210.85645016304719,236.21694734006155,311.1755674098634,553.6383277679945,210.85645016304719,236.21694734006155,311.1755674098634,553.6383277679945,210.85645016304719,236.21694734006155,311.1755674098634,553.6383277679945,340.5612142713814,246.7668508811806,213.68861890869826,210.85645016304719,340.5612142713814,246.7668508811806,213.68861890869826,210.85645016304719,340.5612142713814,246.7668508811806,213.68861890869826,210.85645016304719,340.5612142713814,246.7668508811806,213.68861890869826,210.85645016304719,1404.2142319368886,1573.104351434878,2072.2968638146217,3000.0,1404.2142319368886,1573.104351434878,2072.2968638146217,3000.0,1404.2142319368886,1573.104351434878,2072.2968638146217,3000.0,1404.2142319368886,1573.104351434878,2072.2968638146217,3000.0,3000.0,3000.0,682.0879949601622,340.56121427138163,3000.0,3000.0,682.0879949601622,340.56121427138163,3000.0,3000.0,682.0879949601622,340.56121427138163,3000.0,3000.0,682.0879949601622,340.56121427138163,2267.9927673817538,1643.362219698075,1423.0752706047351,1404.2142319368886,2267.9927673817538,1643.362219698075,1423.0752706047351,1404.2142319368886,2267.9927673817538,1643.362219698075,1423.0752706047351,1404.2142319368886,2267.9927673817538,1643.362219698075,1423.0752706047351,1404.2142319368886
12933,538.0196805746781,3000.0,3000.0,2283.8026270560354,538.0196805746781,3000.0,3000.0,2283.8026270560354,538.0196805746781,3000.0,3000.0,2283.8026270560354,538.0196805746781,3000.0,3000.0,2283.8026270560354,206.28846070636467,230.8375018179059,303.58105387510653,538.0196805746781,206.28846070636467,230.8375018179059,303.58105387510653,538.0196805746781,206.28846070636467,230.8375018179059,303.58105387510653,538.0196805746781,206.28846070636467,230.8375018179059,303.58105387510653,538.0196805746781,334.5698116069349,241.96017144219243,209.27418434998265,206.28846070636467,334.5698116069349,241.96017144219243,209.27418434998265,206.28846070636467,334.5698116069349,241.96017144219243,209.27418434998265,206.28846070636467,334.5698116069349,241.96017144219243,209.27418434998265,206.28846070636467,1408.1429709086633,1575.7168602352706,2072.2706721039876,3000.0,1408.1429709086633,1575.7168602352706,2072.2706721039876,3000.0,1408.1429709086633,1575.7168602352706,2072.2706721039876,3000.0,1408.1429709086633,1575.7168602352706,2072.2706721039876,3000.0,3000.0,3000.0,673.6696674773618,334.5698116069351,3000.0,3000.0,673.6696674773618,334.5698116069351,3000.0,3000.0,673.6696674773618,334.5698116069351,3000.0,3000.0,673.6696674773618,334.5698116069351,2283.8026270560345,1651.6411702793139,1428.5237801281428,1408.142970908663,2283.8026270560345,1651.6411702793139,1428.5237801281428,1408.142970908663,2283.8026270560345,1651.6411702793139,1428.5237801281428,1408.142970908663,2283.8026270560345,1651.6411702793139,1428.5237801281428,1408.142970908663
13000,522.6251859505505,3000.0,3000.0,2299.751484386415,522.6251859505505,3000.0,3000.0,2299.751484386415,522.6251859505505,3000.0,3000.0,2299.751484386415,522.6251859505505,3000.0,3000.0,2299.751484386415,201.7257921160305,225.47638937326843,296.0374465844522,522.6251859505505,201.7257921160305,225.47638937326843,296.0374465844522,522.6251859505505,201.7257921160305,225.47638937326843,296.0374465844522,522.6251859505505,201.7257921160305,225.47638937326843,296.0374465844522,522.6251859505505,328.5359263409161,237.13780948683203,204.8559028629018,201.7257921160305,328.5359263409161,237.13780948683203,204.8559028629018,201.7257921160305,328.5359263409161,237.13780948683203,204.8559028629018,201.7257921160305,328.5359263409161,237.13780948683203,204.8559028629018,201.7257921160305,1412.080544812214,1578.3347256128798,2072.2621260911656,3000.0,1412.080544812214,1578.3347256128798,2072.2621260911656,3000.0,1412.080544812214,1578.3347256128798,2072.2621260911656,3000.0,1412.080544812214,1578.3347256128798,2072.2621260911656,3000.0,3000.0,3000.0,665.1019046846087,328.5359263409163,3000.0,3000.0,665.1019046846087,328.5359263409163,3000.0,3000.0,665.1019046846087,328.5359263409163,3000.0,3000.0,665.1019046846087,328.5359263409163,2299.7514843864146,1659.9646664078252,1433.9913200403132,1412.0805448122137,2299.7514843864146,1659.9646664078252,1433.9913200403132,1412.0805448122137,2299.7514843864146,1659.9646664078252,1433.9913200403132,1412.0805448122137,2299.7514843864146,1659.9646664078252,1433.9913200403132,1412.0805448122137
13067,507.4497961736011,3000.0,3000.0,2315.841257866422,507.4497961736011,3000.0,3000.0,2315.841257866422,507.4497961736011,3000.0,3000.0,2315.841257866422,507.4497961736011,3000.0,3000.0,2315.841257866422,197.16832312592456,220.13339376106322,288.54407907852885,507.4497961736011,197.16832312592456,220.13339376106322,288.54407907852885,507.4497961736011,197.16832312592456,220.13339376106322,288.54407907852885,507.4497961736011,197.16832312592456,220.13339376106322,288.54407907852885,507.4497961736011,322.4589093231725,232.29955135550702,200.4336536599866,197.16832312592456,322.4589093231725,232.29955135550702,200.4336536599866,197.16832312592456,322.4589093231725,232.29955135550702,200.4336536599866,197.16832312592456,322.4589093231725,232.29955135550702,200.4336536599866,197.16832312592456,1416.0270479043672,1580.9580097385447,2072.2711133821613,3000.0,1416.0270479043672,1580.9580097385447,2072.2711133821613,3000.0,1416.0270479043672,1580.9580097385447,2072.2711133821613,3000.0,1416.0270479043672,1580.9580097385447,2072.2711133821613,3000.0,3000.0,3000.0,656.3802607573713,322.4589093231727,3000.0,3000.0,656.3802607573713,322.4589093231727,3000.0,3000.0,656.3802607573713,322.4589093231727,3000.0,3000.0,656.3802607573713,322.4589093231727,2315.8412578664215,1668.333141553187,1439.4780581035398,1416.0270479043672,2315.8412578664215,1668.333141553187,1439.4780581035398,1416.0270479043672,2315.8412578664215,1668.333141553187,1439.4780581035398,1416.0270479043672,2315.8412578664215,1668.333141553187,1439.4780581035398,1416.0270479043672
13133,492.4886107034054,3000.0,3000.0,2332.0739002755877,492.4886107034054,3000.0,3000.0,2332.0739002755877,492.4886107034054,3000.0,3000.0,2332.0739002755877,492.4886107034054,3000.0,3000.0,2332.0739002755877,192.61593284583523,214.80830066951745,281.10029501812994,492.4886107034054,192.61593284583523,214.80830066951745,281.10029501812994,492.4886107034054,192.61593284583523,214.80830066951745,281.10029501812994,492.4886107034054,192.61593284583523,214.80830066951745,281.10029501812994,492.4886107034054,316.33810003738245,227.44518127593608,196.00731552200463,192.61593284583523,316.33810003738245,227.44518127593608,196.00731552200463,192.61593284583523,316.33810003738245,227.44518127593608,196.00731552200463,192.61593284583523,316.33810003738245,227.44518127593608,196.00731552200463,192.61593284583523,1419.982574700692,1583.5867747031866,2072.2975237383057,3000.0,1419.982574700692,1583.5867747031866,2072.2975237383057,3000.0,1419.982574700692,1583.5867747031866,2072.2975237383057,3000.0,1419.982574700692,1583.5867747031866,2072.2975237383057,3000.0,3000.0,3000.0,647.5001174621705,316.3381000373826,3000.0,3000.0,647.5001174621705,316.3381000373826,3000.0,3000.0,647.5001174621705,316.3381000373826,3000.0,3000.0,647.5001174621705,316.3381000373826,2332.0739002755868,1676.7470340574826,1444.9841632668713,1419.982574700692,2332.0739002755868,1676.7470340574826,1444.9841632668713,1419.982574700692,2332.0739002755868,1676.7470340574826,1444.9841632668713,1419.982574700692,2332.0739002755868,1676.7470340574826,1444.9841632668713,1419.982574700692
13200,477.7368708461914,3000.0,3000.0,2348.4513994531094,477.7368708461914,3000.0,3000.0,2348.4513994531094,477.7368708461914,3000.0,3000.0,2348.4513994531094,477.7368708461914,3000.0,3000.0,2348.4513994531094,188.06850075231847,209.50089769174747,273.70544798606346,477.73687084619127,188.06850075231847,209.50089769174747,273.70544798606346,477.73687084619127,188.06850075231847,209.50089769174747,273.70544798606346,477.73687084619127,188.06850075231847,209.50089769174747,273.70544798606346,477.73687084619127,310.1728263428635,222.5744813293769,191.57676678809986,188.06850075231847,310.1728263428635,222.5744813293769,191.57676678809986,188.06850075231847,310.1728263428635,222.5744813293769,191.57676678809986,188.06850075231847,310.1728263428635,222.5744813293769,191.57676678809986,188.06850075231847,1423.947219981839,1586.22108252323,2072.341249037336,3000.0,1423.947219981839,1586.22108252323,2072.341249037336,3000.0,1423.947219981839,1586.22108252323,2072.341249037336,3000.0,1423.947219981839,1586.22108252323,2072.341249037336,3000.0,3000.0,3000.0,638.4566757022108,310.17282634286374,3000.0,3000.0,638.4566757022108,310.17282634286374,3000.0,3000.0,638.4566757022108,310.17282634286374,3000.0,3000.0,638.4566757022108,310.17282634286374,2348.451399453109,1685.2067872081388,1450.5098056813267,1423.9472199818388,2348.451399453109,1685.2067872081388,1450.5098056813267,1423.9472199818388,2348.451399453109,1685.2067872081388,1450.5098056813267,1423.9472199818388,2348.451399453109,1685.2067872081388,1450.5098056813267,1423.9472199818388
13267,463.1899546501761,3000.0,3000.0,2364.975779092504,463.1899546501761,3000.0,3000.0,2364.975779092504,463.1899546501761,3000.0,3000.0,2364.975779092504,463.1899546501761,3000.0,3000.0,2364.975779092504,183.52590667961,204.21097429775844,266.3589012935764,463.1899546501761,183.52590667961,204.21097429775844,266.3589012935764,463.1899546501761,183.52590667961,204.21097429775844,266.3589012935764,463.1899546501761,183.52590667961,204.21097429775844,266.3589012935764,463.1899546501761,303.96240420938113,217.68723141628024,187.14188534585227,183.52590667961,303.96240420938113,217.68723141628024,187.14188534585227,183.52590667961,303.96240420938113,217.68723141628024,187.14188534585227,183.52590667961,303.96240420938113,217.68723141628024,187.14188534585227,183.52590667961,1427.921078799893,1588.8609951459748,2072.4021832353874,3000.0,1427.921078799893,1588.8609951459748,2072.4021832353874,3000.0,1427.921078799893,1588.8609951459748,2072.4021832353874,3000.0,1427.921078799893,1588.8609951459748,2072.4021832353874,3000.0,3000.0,3000.0,629.2449465607745,303.96240420938136,3000.0,3000.0,629.2449465607745,303.96240420938136,3000.0,3000.0,629.2449465607745,303.96240420938136,3000.0,3000.0,629.2449465607745,303.96240420938136,2364.975779092503,1693.7128493120354,1456.05515671529,1427.9210787998927,2364.975779092503,1693.7128493120354,1456.05515671529,1427.9210787998927,2364.975779092503,1693.7128493120354,1456.05515671529,1427.9210787998927,2364.975779092503,1693.7128493120354,1456.05515671529,1427.9210787998927
13333,448.8433720196718,3000.0,3000.0,2381.64909955793,448.8433720196718,3000.0,3000.0,2381.64909955793,448.8433720196718,3000.0,3000.0,2381.64909955793,448.8433720196718,3000.0,3000.0,2381.64909955793,178.98803081059313,198.93832180686547,259.06002779123656,448.84337201967185,178.98803081059313,198.93832180686547,259.06002779123656,448.84337201967185,178.98803081059313,198.93832180686547,259.06002779123656,448.84337201967185,178.98803081059313,198.93832180686547,259.06002779123656,448.84337201967185,297.7061374447413,212.78320922136336,182.7025486212599,178.98803081059313,297.7061374447413,212.78320922136336,182.7025486212599,178.98803081059313,297.7061374447413,212.78320922136336,182.7025486212599,178.98803081059313,297.7061374447413,212.78320922136336,182.7025486212599,178.98803081059313,1431.9042464847448,1591.5065744549236,2072.480222329892,3000.0,1431.9042464847448,1591.5065744549236,2072.480222329892,3000.0,1431.9042464847448,1591.5065744549236,2072.480222329892,3000.0,1431.9042464847448,1591.5065744549236,2072.480222329892,3000.0,3000.0,3000.0,619.8597418072388,297.7061374447413,3000.0,3000.0,619.8597418072388,297.7061374447413,3000.0,3000.0,619.8597418072388,297.7061374447413,3000.0,3000.0,619.8597418072388,297.7061374447413,2381.64909955793,1702.2656737709067,1461.620388970079,1431.9042464847448,2381.64909955793,1702.2656737709067,1461.620388970079,1431.9042464847448,2381.64909955793,1702.2656737709067,1461.620388970079,1431.9042464847448,2381.64909955793,1702.2656737709067,1461.620388970079,1431.9042464847448
13400,434.69276003708563,2839.270761495699,3000.0,2398.4734587228722,434.69276003708563,2839.270761495699,3000.0,2398.4734587228722,434.69276003708563,2839.270761495699,3000.0,2398.4734587228722,434.69276003708563,2839.270761495699,3000.0,2398.4734587228722,174.45475366781545,193.68273336052127,251.80820968414486,434.69276003708575,174.45475366781545,193.68273336052127,251.80820968414486,434.69276003708575,174.45475366781545,193.68273336052127,251.80820968414486,434.69276003708575,174.45475366781545,193.68273336052127,251.80820968414486,434.69276003708575,291.4033174149284,207.86219017808367,178.25863356863616,174.45475366781545,291.4033174149284,207.86219017808367,178.25863356863616,174.45475366781545,291.4033174149284,207.86219017808367,178.25863356863616,174.45475366781545,291.4033174149284,207.86219017808367,178.25863356863616,174.45475366781545,1435.896818650481,1594.15788227506,2072.575264323346,3000.0,1435.896818650481,1594.15788227506,2072.575264323346,3000.0,1435.896818650481,1594.15788227506,2072.575264323346,3000.0,1435.896818650481,1594.15788227506,2072.575264323346,3000.0,3000.0,3000.0,610.2956638276995,291.4033174149284,3000.0,3000.0,610.2956638276995,291.4033174149284,3000.0,3000.0,610.2956638276995,291.4033174149284,3000.0,3000.0,610.2956638276995,291.4033174149284,2398.4734587228722,1710.8657191580733,1467.2056762956975,1435.896818650481,2398.4734587228722,1710.8657191580733,1467.2056762956975,1435.896818650481,2398.4734587228722,1710.8657191580733,1467.2056762956975,1435.896818650481,2398.4734587228722,1710.8657191580733,1467.2056762956975,1435.896818650481
13467,420.7338784825801,2640.880542308086,3000.0,2415.4509928318926,420.7338784825801,2640.880542308086,3000.0,2415.4509928318926,420.7338784825801,2640.880542308086,3000.0,2415.4509928318926,420.7338784825801,2640.880542308086,3000.0,2415.4509928318926,169.92595610455894,188.44400389555028,244.60283835137014,420.7338784825801,169.92595610455894,188.44400389555028,244.60283835137014,420.7338784825801,169.92595610455894,188.44400389555028,244.60283835137014,420.7338784825801,169.92595610455894,188.44400389555028,244.60283835137014,420.7338784825801,285.0532227565586,202.92394743250824,173.81001666042664,169.92595610455894,285.0532227565586,202.92394743250824,173.81001666042664,169.92595610455894,285.0532227565586,202.92394743250824,173.81001666042664,169.92595610455894,285.0532227565586,202.92394743250824,173.81001666042664,169.92595610455894,1439.8988912017892,1596.8149803780846,2072.687209187926,3000.0,1439.8988912017892,1596.8149803780846,2072.687209187926,3000.0,1439.8988912017892,1596.8149803780846,2072.687209187926,3000.0,1439.8988912017892,1596.8149803780846,2072.687209187926,3000.0,3000.0,3000.0,600.5470949391208,285.0532227565586,3000.0,3000.0,600.5470949391208,285.0532227565586,3000.0,3000.0,600.5470949391208,285.0532227565586,3000.0,3000.0,600.5470949391208,285.0532227565586,2415.450992831892,1719.5134492965174,1472.8111938067734,1439.8988912017892,2415.450992831892,1719.5134492965174,1472.8111938067734,1439.8988912017892,2415.450992831892,1719.5134492965174,1472.8111938067734,1439.8988912017892,2415.450992831892,1719.5134492965174,1472.8111938067734,1439.8988912017892
13533,406.96260554170635,2459.740534863507,3000.0,2432.583877386212,406.96260554170635,2459.740534863507,3000.0,2432.583877386212,406.96260554170635,2459.740534863507,3000.0,2432.583877386212,406.96260554170635,2459.740534863507,3000.0,2432.583877386212,165.40151929595757,183.2219301177749,237.44331416948788,406.96260554170635,165.40151929595757,183.2219301177749,237.44331416948788,406.96260554170635,165.40151929595757,183.2219301177749,237.44331416948788,406.96260554170635,165.40151929595757,183.2219301177749,237.44331416948788,406.96260554170635,278.6551190813927,197.9682518065591,169.35657387693863,165.40151929595757,278.6551190813927,197.9682518065591,169.35657387693863,165.40151929595757,278.6551190813927,197.9682518065591,169.35657387693863,165.40151929595757,278.6551190813927,197.9682518065591,169.35657387693863,165.40151929595757,1443.910560340386,1599.4779304876024,2072.8159588309345,3000.0,1443.910560340386,1599.4779304876024,2072.8159588309345,3000.0,1443.910560340386,1599.4779304876024,2072.8159588309345,3000.0,1443.910560340386,1599.4779304876024,2072.8159588309345,3000.0,3000.0,3000.0,590.6081860425107,278.6551190813927,3000.0,3000.0,590.6081860425107,278.6551190813927,3000.0,3000.0,590.6081860425107,278.6551190813927,3000.0,3000.0,590.6081860425107,278.6551190813927,2432.5838773862115,1728.20933333834,1478.43711789868,1443.910560340386,2432.5838773862115,1728.20933333834,1478.43711789868,1443.910560340386,2432.5838773862115,1728.20933333834,1478.43711789868,1443.910560340386,2432.5838773862115,1728.20933333834,1478.43711789868,1443.910560340386
13600,393.37493369187825,2293.6939241925897,3000.0,2449.8743280538747,393.37493369187825,2293.6939241925897,3000.0,2449.8743280538747,393.37493369187825,2293.6939241925897,3000.0,2449.8743280538747,393.37493369187825,2293.6939241925897,3000.0,2449.8743280538747,160.88132473016265,178.01631047603024,230.3290463401163,393.37493369187825,160.88132473016265,178.01631047603024,230.3290463401163,393.37493369187825,160.88132473016265,178.01631047603024,230.3290463401163,393.37493369187825,160.88132473016265,178.01631047603024,230.3290463401163,393.37493369187825,272.20825867265273,192.99487176062487,164.8981806959837,160.88132473016265,272.20825867265273,192.99487176062487,164.8981806959837,160.88132473016265,272.20825867265273,192.99487176062487,164.8981806959837,160.88132473016265,272.20825867265273,192.99487176062487,164.8981806959837,160.88132473016265,1447.9319225714635,1602.146794284272,2072.9614170610453,3000.0,1447.9319225714635,1602.146794284272,2072.9614170610453,3000.0,1447.9319225714635,1602.146794284272,2072.9614170610453,3000.0,1447.9319225714635,1602.146794284272,2072.9614170610453,3000.0,3000.0,3000.0,580.4728445669289,272.20825867265296,3000.0,3000.0,580.4728445669289,272.20825867265296,3000.0,3000.0,580.4728445669289,272.20825867265296,3000.0,3000.0,580.4728445669289,272.20825867265296,2449.8743280538743,1736.9538458456236,1484.0836262638531,1447.9319225714635,2449.8743280538743,1736.9538458456236,1484.0836262638531,1447.9319225714635,2449.8743280538743,1736.9538458456236,1484.0836262638531,1447.9319225714635,2449.8743280538743,1736.9538458456236,1484.0836262638531,1447.9319225714635
13667,379.966965759054,2140.9289856088426,3000.0,2467.3246016053167,379.966965759054,2140.9289856088426,3000.0,2467.3246016053167,379.966965759054,2140.9289856088426,3000.0,2467.3246016053167,379.966965759054,2140.9289856088426,3000.0,2467.3246016053167,156.36525419955578,172.8269451365599,223.2594527213453,379.966965759054,156.36525419955578,172.8269451365599,223.2594527213453,379.966965759054,156.36525419955578,172.8269451365599,223.2594527213453,379.966965759054,156.36525419955578,172.8269451365599,223.2594527213453,379.966965759054,265.7118801728804,188.0035733555255,160.4347120824322,156.36525419955578,265.7118801728804,188.0035733555255,160.4347120824322,156.36525419955578,265.7118801728804,188.0035733555255,160.4347120824322,156.36525419955578,265.7118801728804,188.0035733555255,160.4347120824322,156.36525419955578,1451.9630747101594,1604.8216334109127,2073.1234895553466,3000.0,1451.9630747101594,1604.8216334109127,2073.1234895553466,3000.0,1451.9630747101594,1604.8216334109127,2073.1234895553466,3000.0,1451.9630747101594,1604.8216334109127,2073.1234895553466,3000.0,3000.0,3000.0,570.1347216520746,265.7118801728805,3000.0,3000.0,570.1347216520746,265.7118801728805,3000.0,3000.0,570.1347216520746,265.7118801728805,3000.0,3000.0,570.1347216520746,265.7118801728805,2467.3246016053163,1745.747466872736,1489.7508979082984,1451.9630747101594,2467.3246016053163,1745.747466872736,1489.7508979082984,1451.9630747101594,2467.3246016053163,1745.747466872736,1489.7508979082984,1451.9630747101594,2467.3246016053163,1745.747466872736,1489.7508979082984,1451.9630747101594
13733,366.7349111364603,1999.9127211828682,3000.0,2484.936996875143,366.7349111364603,1999.9127211828682,3000.0,2484.936996875143,366.7349111364603,1999.9127211828682,3000.0,2484.936996875143,366.7349111364603,1999.9127211828682,3000.0,2484.936996875143,151.85318979200477,167.65363595778285,216.23395966295215,366.73491113646025,151.85318979200477,167.65363595778285,216.23395966295215,366.73491113646025,151.85318979200477,167.65363595778285,216.23395966295215,366.73491113646025,151.85318979200477,167.65363595778285,216.23395966295215,366.73491113646025,259.16520826305185,182.9941202138136,155.96604247767496,151.85318979200477,259.16520826305185,182.9941202138136,155.96604247767496,151.85318979200477,259.16520826305185,182.9941202138136,155.96604247767496,151.85318979200477,259.16520826305185,182.9941202138136,155.96604247767496,151.85318979200477,1456.0041138880447,1607.5025094775642,2073.3020838271277,3000.0,1456.0041138880447,1607.5025094775642,2073.3020838271277,3000.0,1456.0041138880447,1607.5025094775642,2073.3020838271277,3000.0,1456.0041138880447,1607.5025094775642,2073.3020838271277,3000.0,3000.0,3000.0,559.5871985127537,259.165208263052,3000.0,3000.0,559.5871985127537,259.165208263052,3000.0,3000.0,559.5871985127537,259.165208263052,3000.0,3000.0,559.5871985127537,259.165208263052,2484.9369968751425,1754.5906820500943,1495.4391131682946,1456.0041138880447,2484.9369968751425,1754.5906820500943,1495.4391131682946,1456.0041138880447,2484.9369968751425,1754.5906820500943,1495.4391131682946,1456.0041138880447,2484.9369968751425,1754.5906820500943,1495.4391131682946,1456.0041138880447
13800,353.6750821576475,1869.3392436667468,3000.0,2502.7138557510098,353.6750821576475,1869.3392436667468,3000.0,2502.7138557510098,353.6750821576475,1869.3392436667468,3000.0,2502.7138557510098,353.6750821576475,1869.3392436667468,3000.0,2502.7138557510098,147.3450138821654,162.49618646542837,209.25200184530908,353.67508215764764,147.3450138821654,162.49618646542837,209.25200184530908,353.67508215764764,147.3450138821654,162.49618646542837,209.25200184530908,353.67508215764764,147.3450138821654,162.49618646542837,209.25200184530908,353.67508215764764,252.5674533326705,177.96627348040147,151.4920457889938,147.34501388216538,252.5674533326705,177.96627348040147,151.4920457889938,147.34501388216538,252.5674533326705,177.96627348040147,151.4920457889938,147.34501388216538,252.5674533326705,177.96627348040147,151.4920457889938,147.34501388216538,1460.0551375596397,1610.1894840665184,2073.4971091944267,3000.0,1460.0551375596397,1610.1894840665184,2073.4971091944267,3000.0,1460.0551375596397,1610.1894840665184,2073.4971091944267,3000.0,1460.0551375596397,1610.1894840665184,2073.4971091944267,3000.0,3000.0,3000.0,548.8233719236399,252.56745333267062,3000.0,3000.0,548.8233719236399,252.56745333267062,3000.0,3000.0,548.8233719236399,252.56745333267062,3000.0,3000.0,548.8233719236399,252.56745333267062,2502.7138557510093,1763.4839826694342,1501.148453727303,1460.0551375596394,2502.7138557510093,1763.4839826694342,1501.148453727303,1460.0551375596394,2502.7138557510093,1763.4839826694342,1501.148453727303,1460.0551375596394,2502.7138557510093,1763.4839826694342,1501.148453727303,1460.0551375596394
13867,340.78389061657464,1748.0892210060624,3000.0,2520.6575641904656,340.78389061657464,1748.0892210060624,3000.0,2520.6575641904656,340.78389061657464,1748.0892210060624,3000.0,2520.6575641904656,340.78389061657464,1748.0892210060624,3000.0,2520.6575641904656,142.8406091228243,157.35440182802938,202.31302212188234,340.78389061657464,142.8406091228243,157.35440182802938,202.31302212188234,340.78389061657464,142.8406091228243,157.35440182802938,202.31302212188234,340.78389061657464,142.8406091228243,157.35440182802938,202.31302212188234,340.78389061657464,245.91781114053288,172.91979178249773,147.0125953788363,142.84060912282428,245.91781114053288,172.91979178249773,147.0125953788363,142.84060912282428,245.91781114053288,172.91979178249773,147.0125953788363,142.84060912282428,245.91781114053288,172.91979178249773,147.0125953788363,142.84060912282428,1464.1162435089502,1612.8826187373022,2073.708476749295,3000.0,1464.1162435089502,1612.8826187373022,2073.708476749295,3000.0,1464.1162435089502,1612.8826187373022,2073.708476749295,3000.0,1464.1162435089502,1612.8826187373022,2073.708476749295,3000.0,3000.0,3000.0,537.8360387574037,245.91781114053308,3000.0,3000.0,537.8360387574037,245.91781114053308,3000.0,3000.0,537.8360387574037,245.91781114053308,3000.0,3000.0,537.8360387574037,245.91781114053308,2520.657564190465,1772.4278657706036,1506.879102633073,1464.11624350895,2520.657564190465,1772.4278657706036,1506.879102633073,1464.11624350895,2520.657564190465,1772.4278657706036,1506.879102633073,1464.11624350895,2520.657564190465,1772.4278657706036,1506.879102633073,1464.11624350895
13933,328.05784442781254,1635.1977116425073,3000.0,2538.7705532667205,328.05784442781254,1635.1977116425073,3000.0,2538.7705532667205,328.05784442781254,1635.1977116425073,3000.0,2538.7705532667205,328.05784442781254,1635.1977116425073,3000.0,2538.7705532667205,138.3398584362826,152.22808883276767,195.41647136523073,328.05784442781254,138.3398584362826,152.22808883276767,195.41647136523073,328.05784442781254,138.3398584362826,152.22808883276767,195.41647136523073,328.05784442781254,138.3398584362826,152.22808883276767,195.41647136523073,328.05784442781254,239.21546246586112,167.8544311888376,142.52756405399327,138.3398584362826,239.21546246586112,167.8544311888376,142.52756405399327,138.3398584362826,239.21546246586112,167.8544311888376,142.52756405399327,138.3398584362826,239.21546246586112,167.8544311888376,142.52756405399327,138.3398584362826,1468.1875298560315,1615.5819750316311,2073.936099327771,3000.0,1468.1875298560315,1615.5819750316311,2073.936099327771,3000.0,1468.1875298560315,1615.5819750316311,2073.936099327771,3000.0,1468.1875298560315,1615.5819750316311,2073.936099327771,3000.0,3000.0,3000.0,526.6176795033814,239.21546246586126,3000.0,3000.0,526.6176795033814,239.21546246586126,3000.0,3000.0,526.6176795033814,239.21546246586126,3000.0,3000.0,526.6176795033814,239.21546246586126,2538.7705532667205,1781.4228342299225,1512.6312443149611,1468.1875298560315,2538.7705532667205,1781.4228342299225,1512.6312443149611,1468.1875298560315,2538.7705532667205,1781.4228342299225,1512.6312443149611,1468.1875298560315,2538.7705532667205,1781.4228342299225,1512.6312443149611,1468.1875298560315
14000,315.4935444203331,1529.82843275598,3000.0,2557.0553002442775,315.4935444203331,1529.82843275598,3000.0,2557.0553002442775,315.4935444203331,1529.82843275598,3000.0,2557.0553002442775,315.4935444203331,1529.82843275598,3000.0,2557.0553002442775,133.84264500577964,147.11705586166553,188.56180831641265,315.4935444203331,133.84264500577964,147.11705586166553,188.56180831641265,315.4935444203331,133.84264500577964,147.11705586166553,188.56180831641265,315.4935444203331,133.84264500577964,147.11705586166553,188.56180831641265,315.4935444203331,232.45957274947958,162.76994516819403,138.0368240546777,133.84264500577964,232.45957274947958,162.76994516819403,138.0368240546777,133.84264500577964,232.45957274947958,162.76994516819403,138.0368240546777,133.84264500577964,232.45957274947958,162.76994516819403,138.0368240546777,133.84264500577964,1472.2690950635763,1618.2876144783215,2074.1798914805395,3000.0,1472.2690950635763,1618.2876144783215,2074.1798914805395,3000.0,1472.2690950635763,1618.2876144783215,2074.1798914805395,3000.0,1472.2690950635763,1618.2876144783215,2074.1798914805395,3000.0,3000.0,3000.0,515.1604406875033,232.45957274947972,3000.0,3000.0,515.1604406875033,232.45957274947972,3000.0,3000.0,515.1604406875033,232.45957274947972,3000.0,3000.0,515.1604406875033,232.45957274947972,2557.055300244277,1790.4693968501358,1518.4050646014553,1472.2690950635763,2557.055300244277,1790.4693968501358,1518.4050646014553,1472.2690950635763,2557.055300244277,1790.4693968501358,1518.4050646014553,1472.2690950635763,2557.055300244277,1790.4693968501358,1518.4050646014553,1472.2690950635763
14067,303.0876812586884,1431.2530088469225,3000.0,2575.514329685433,303.0876812586884,1431.2530088469225,3000.0,2575.514329685433,303.0876812586884,1431.2530088469225,3000.0,2575.514329685433,303.0876812586884,1431.2530088469225,3000.0,2575.514329685433,129.34885226695562,142.02111286811754,181.74849943771463,303.0876812586883,129.34885226695562,142.02111286811754,181.74849943771463,303.0876812586883,129.34885226695562,142.02111286811754,181.74849943771463,303.0876812586883,129.34885226695562,142.02111286811754,181.74849943771463,303.0876812586883,225.6492917247054,157.66608454715373,133.54024704350326,129.34885226695562,225.6492917247054,157.66608454715373,133.54024704350326,129.34885226695562,225.6492917247054,157.66608454715373,133.54024704350326,129.34885226695562,225.6492917247054,157.66608454715373,133.54024704350326,129.34885226695562,1476.3610379435288,1620.9995985981698,2074.439769444261,3000.0,1476.3610379435288,1620.9995985981698,2074.439769444261,3000.0,1476.3610379435288,1620.9995985981698,2074.439769444261,3000.0,1476.3610379435288,1620.9995985981698,2074.439769444261,3000.0,3000.0,3000.0,503.4561161070582,225.6492917247055,3000.0,3000.0,503.4561161070582,225.6492917247055,3000.0,3000.0,503.4561161070582,225.6492917247055,3000.0,3000.0,503.4561161070582,225.6492917247055,2575.514329685432,1799.568068451997,1524.2007507379176,1476.3610379435288,2575.514329685432,1799.568068451997,1524.2007507379176,1476.3610379435288,2575.514329685432,1799.568068451997,1524.2007507379176,1476.3610379435288,2575.514329685432,1799.568068451997,1524.2007507379176,1476.3610379435288
14133,290.8370324857116,1338.8341112094467,3000.0,2594.1502145886984,290.8370324857116,1338.8341112094467,3000.0,2594.1502145886984,290.8370324857116,1338.8341112094467,3000.0,2594.1502145886984,290.8370324857116,1338.8341112094467,3000.0,2594.1502145886984,124.85836389935064,136.9400713537541,174.9760187686134,290.8370324857115,124.85836389935064,136.9400713537541,174.9760187686134,290.8370324857115,124.85836389935064,136.9400713537541,174.9760187686134,290.8370324857115,124.85836389935064,136.9400713537541,174.9760187686134,290.8370324857115,218.783753037601,152.54259746713987,129.03770409435884,124.85836389935064,218.783753037601,152.54259746713987,129.03770409435884,124.85836389935064,218.783753037601,152.54259746713987,129.03770409435884,124.85836389935064,218.783753037601,152.54259746713987,129.03770409435884,124.85836389935064,1480.4634576637288,1623.7179889087986,2074.715651113558,3000.0,1480.4634576637288,1623.7179889087986,2074.715651113558,3000.0,1480.4634576637288,1623.7179889087986,2074.715651113558,3000.0,1480.4634576637288,1623.7179889087986,2074.715651113558,3000.0,3000.0,3000.0,491.49612678601693,218.78375303760114,3000.0,3000.0,491.49612678601693,218.78375303760114,3000.0,3000.0,491.49612678601693,218.78375303760114,3000.0,3000.0,491.49612678601693,218.78375303760114,2594.150214588698,1808.719369967516,1530.0184914045408,1480.4634576637288,2594.150214588698,1808.719369967516,1530.0184914045408,1480.4634576637288,2594.150214588698,1808.719369967516,1530.0184914045408,1480.4634576637288,2594.150214588698,1808.719369967516,1530.0184914045408,1480.4634576637288
14200,278.73845968118104,1252.0116629548017,3000.0,2612.9655775602087,278.73845968118104,1252.0116629548017,3000.0,2612.9655775602087,278.73845968118104,1252.0116629548017,3000.0,2612.9655775602087,278.73845968118104,1252.0116629548017,3000.0,2612.9655775602087,120.37106381793906,131.87374434563236,168.24384778488925,278.73845968118104,120.37106381793906,131.87374434563236,168.24384778488925,278.73845968118104,120.37106381793906,131.87374434563236,168.24384778488925,278.73845968118104,120.37106381793906,131.87374434563236,168.24384778488925,278.73845968118104,211.86207385623297,147.39922934066806,124.52906568117805,120.37106381793906,211.86207385623297,147.39922934066806,124.52906568117805,120.37106381793906,211.86207385623297,147.39922934066806,124.52906568117805,120.37106381793906,211.86207385623297,147.39922934066806,124.52906568117805,120.37106381793906,1484.576453754582,1626.4428469294664,2075.0074560136336,3000.0,1484.576453754582,1626.4428469294664,2075.0074560136336,3000.0,1484.576453754582,1626.4428469294664,2075.0074560136336,3000.0,1484.576453754582,1626.4428469294664,2075.0074560136336,3000.0,3000.0,3000.0,479.2714995479744,211.8620738562331,3000.0,3000.0,479.2714995479744,211.8620738562331,3000.0,3000.0,479.2714995479744,211.8620738562331,3000.0,3000.0,479.2714995479744,211.8620738562331,2612.965577560208,1817.9238285349068,1535.8584767345296,1484.576453754582,2612.965577560208,1817.9238285349068,1535.8584767345296,1484.576453754582,2612.965577560208,1817.9238285349068,1535.8584767345296,1484.576453754582,2612.965577560208,1817.9238285349068,1535.8584767345296,1484.576453754582
14267,266.7889057311789,1170.2914784424638,3000.0,2631.96309201924,266.7889057311789,1170.2914784424638,3000.0,2631.96309201924,266.7889057311789,1170.2914784424638,3000.0,2631.96309201924,266.7889057311789,1170.2914784424638,3000.0,2631.96309201924,115.88683616469999,126.82194637374883,161.5514752608125,266.7889057311789,115.88683616469999,126.82194637374883,161.5514752608125,266.7889057311789,115.88683616469999,126.82194637374883,161.5514752608125,266.7889057311789,115.88683616469999,126.82194637374883,161.5514752608125,266.7889057311789,204.88335446856334,142.2357228068175,120.014201666602,115.88683616469999,204.88335446856334,142.2357228068175,120.014201666602,115.88683616469999,204.88335446856334,142.2357228068175,120.014201666602,115.88683616469999,204.88335446856334,142.2357228068175,120.014201666602,115.88683616469999,1488.700126115762,1629.174234185851,2075.315105273515,3000.0,1488.700126115762,1629.174234185851,2075.315105273515,3000.0,1488.700126115762,1629.174234185851,2075.315105273515,3000.0,1488.700126115762,1629.174234185851,2075.315105273515,3000.0,3000.0,3000.0,466.77284409419286,204.88335446856348,3000.0,3000.0,466.77284409419286,204.88335446856348,3000.0,3000.0,466.77284409419286,204.88335446856348,3000.0,3000.0,466.77284409419286,204.88335446856348,2631.9630920192394,1827.1819775952727,1541.7208983325036,1488.700126115762,2631.9630920192394,1827.1819775952727,1541.7208983325036,1488.700126115762,2631.9630920192394,1827.1819775952727,1541.7208983325036,1488.700126115762,2631.9630920192394,1827.1819775952727,1541.7208983325036,1488.700126115762
14333,254.98539220313964,1093.235850237311,3000.0,2651.1454834390083,254.98539220313964,1093.235850237311,3000.0,2651.1454834390083,254.98539220313964,1093.235850237311,3000.0,2651.1454834390083,254.98539220313964,1093.235850237311,3000.0,2651.1454834390083,111.40556530021937,121.78449344886528,154.89839713432042,254.98539220313964,111.40556530021937,121.78449344886528,154.89839713432042,254.98539220313964,111.40556530021937,121.78449344886528,154.89839713432042,254.98539220313964,111.40556530021937,121.78449344886528,154.89839713432042,254.98539220313964,197.84667786858245,137.05181768590015,115.49298129053206,111.40556530021937,197.84667786858245,137.05181768590015,115.49298129053206,111.40556530021937,197.84667786858245,137.05181768590015,115.49298129053206,111.40556530021937,197.84667786858245,137.05181768590015,115.49298129053206,111.40556530021937,1492.8345750229403,1631.9122122147953,2075.638521599894,3000.0,1492.8345750229403,1631.9122122147953,2075.638521599894,3000.0,1492.8345750229403,1631.9122122147953,2075.638521599894,3000.0,1492.8345750229403,1631.9122122147953,2075.638521599894,3000.0,3000.0,3000.0,453.9903284636325,197.84667786858273,3000.0,3000.0,453.9903284636325,197.84667786858273,3000.0,3000.0,453.9903284636325,197.84667786858273,3000.0,3000.0,453.9903284636325,197.84667786858273,2651.1454834390083,1836.4943569910636,1547.6059492931304,1492.8345750229403,2651.1454834390083,1836.4943569910636,1547.6059492931304,1492.8345750229403,2651.1454834390083,1836.4943569910636,1547.6059492931304,1492.8345750229403,2651.1454834390083,1836.4943569910636,1547.6059492931304,1492.8345750229403
14400,243.3250168218517,1020.4557049072669,3000.0,2670.5155306239585,243.3250168218517,1020.4557049072669,3000.0,2670.5155306239585,243.3250168218517,1020.4557049072669,3000.0,2670.5155306239585,243.3250168218517,1020.4557049072669,3000.0,2670.5155306239585,106.92713579532504,116.76120304064501,148.28411637511243,243.3250168218517,106.92713579532504,116.76120304064501,148.28411637511243,243.3250168218517,106.92713579532504,116.76120304064501,148.28411637511243,243.3250168218517,106.92713579532504,116.76120304064501,148.28411637511243,243.3250168218517,190.75110933028276,131.84725093331093,110.96527315857092,106.92713579532504,190.75110933028276,131.84725093331093,110.96527315857092,106.92713579532504,190.75110933028276,131.84725093331093,110.96527315857092,106.92713579532504,190.75110933028276,131.84725093331093,110.96527315857092,106.92713579532504,1496.9799011345503,1634.6568425690302,2075.977629251574,3000.0,1496.9799011345503,1634.6568425690302,2075.977629251574,3000.0,1496.9799011345503,1634.6568425690302,2075.977629251574,3000.0,1496.9799011345503,1634.6568425690302,2075.977629251574,3000.0,3000.0,3000.0,440.91365274013333,190.75110933028276,3000.0,3000.0,440.91365274013333,190.75110933028276,3000.0,3000.0,440.91365274013333,190.75110933028276,3000.0,3000.0,440.91365274013333,190.75110933028276,2670.5155306239576,1845.8615130663525,1553.5138242199923,1496.9799011345503,2670.5155306239576,1845.8615130663525,1553.5138242199923,1496.9799011345503,2670.5155306239576,1845.8615130663525,1553.5138242199923,1496.9799011345503,2670.5155306239576,1845.8615130663525,1553.5138242199923,1496.9799011345503
14467,231.8049510419052,951.6040308537434,3000.0,2690.0760670247887,231.8049510419052,951.6040308537434,3000.0,2690.0760670247887,231.8049510419052,951.6040308537434,3000.0,2690.0760670247887,231.8049510419052,951.6040308537434,3000.0,2690.0760670247887,102.45143242275182,111.75189405609125,141.70814285558674,231.8049510419052,102.45143242275182,111.75189405609125,141.70814285558674,231.8049510419052,102.45143242275182,111.75189405609125,141.70814285558674,231.8049510419052,102.45143242275182,111.75189405609125,141.70814285558674,231.8049510419052,183.5956959690508,126.62175659254,106.43094523034958,102.45143242275181,183.5956959690508,126.62175659254,106.43094523034958,102.45143242275181,183.5956959690508,126.62175659254,106.43094523034958,102.45143242275181,183.5956959690508,126.62175659254,106.43094523034958,102.45143242275181,1501.1362054985811,1637.4081868218589,2076.3323540144665,3000.0,1501.1362054985811,1637.4081868218589,2076.3323540144665,3000.0,1501.1362054985811,1637.4081868218589,2076.3323540144665,3000.0,1501.1362054985811,1637.4081868218589,2076.3323540144665,3000.0,3000.0,3000.0,427.53202085893065,183.59569596905092,3000.0,3000.0,427.53202085893065,183.59569596905092,3000.0,3000.0,427.53202085893065,183.59569596905092,3000.0,3000.0,427.53202085893065,183.59569596905092,2690.0760670247882,1855.2839987689556,1559.4447192446873,1501.1362054985811,2690.0760670247882,1855.2839987689556,1559.4447192446873,1501.1362054985811,2690.0760670247882,1855.2839987689556,1559.4447192446873,1501.1362054985811,2690.0760670247882,1855.2839987689556,1559.4447192446873,1501.1362054985811
14533,220.42243771231952,886.3703438530777,3000.0,2709.8299820925404,220.42243771231952,886.3703438530777,3000.0,2709.8299820925404,220.42243771231952,886.3703438530777,3000.0,2709.8299820925404,220.42243771231952,886.3703438530777,3000.0,2709.8299820925404,97.97834014883699,106.75638681828444,135.16999322455004,220.4224377123195,97.97834014883699,106.75638681828444,135.16999322455004,220.4224377123195,97.97834014883699,106.75638681828444,135.16999322455004,220.4224377123195,97.97834014883699,106.75638681828444,135.16999322455004,220.4224377123195,176.37946629004688,121.375065747331,101.88986480773885,97.97834014883699,176.37946629004688,121.375065747331,101.88986480773885,97.97834014883699,176.37946629004688,121.375065747331,101.88986480773885,97.97834014883699,176.37946629004688,121.375065747331,101.88986480773885,97.97834014883699,1505.3035895594053,1640.166306571825,2076.702623177178,3000.0,1505.3035895594053,1640.166306571825,2076.702623177178,3000.0,1505.3035895594053,1640.166306571825,2076.702623177178,3000.0,1505.3035895594053,1640.166306571825,2076.702623177178,3000.0,3000.0,3000.0,413.8341103502282,176.379466290047,3000.0,3000.0,413.8341103502282,176.379466290047,3000.0,3000.0,413.8341103502282,176.379466290047,3000.0,3000.0,413.8341103502282,176.379466290047,2709.82998209254,1864.7623737544504,1565.3988320461704,1505.3035895594053,2709.82998209254,1864.7623737544504,1565.3988320461704,1505.3035895594053,2709.82998209254,1864.7623737544504,1565.3988320461704,1505.3035895594053,2709.82998209254,1864.7623737544504,1565.3988320461704,1505.3035895594053
14600,209.1747888292858,824.4760040531072,3000.0,2729.780222673095,209.1747888292858,824.4760040531072,3000.0,2729.780222673095,209.1747888292858,824.4760040531072,3000.0,2729.780222673095,209.1747888292858,824.4760040531072,3000.0,2729.780222673095,93.50774412524346,101.77450304541071,128.6691907836269,209.1747888292858,93.50774412524346,101.77450304541071,128.6691907836269,209.1747888292858,93.50774412524346,101.77450304541071,128.6691907836269,209.1747888292858,93.50774412524346,101.77450304541071,128.6691907836269,209.1747888292858,169.10142972311212,116.10690647296359,97.34189852294156,93.50774412524343,169.10142972311212,116.10690647296359,97.34189852294156,93.50774412524343,169.10142972311212,116.10690647296359,97.34189852294156,93.50774412524343,169.10142972311212,116.10690647296359,97.34189852294156,93.50774412524343,1509.4821551646437,1642.9312634473436,2077.0883655071184,3000.0,1509.4821551646437,1642.9312634473436,2077.0883655071184,3000.0,1509.4821551646437,1642.9312634473436,2077.0883655071184,3000.0,1509.4821551646437,1642.9312634473436,2077.0883655071184,3000.0,3000.0,3000.0,399.808039841578,169.1014297231122,3000.0,3000.0,399.808039841578,169.1014297231122,3000.0,3000.0,399.808039841578,169.1014297231122,3000.0,3000.0,399.808039841578,169.1014297231122,2729.7802226730946,1874.2972044921257,1571.3763618703417,1509.4821551646437,2729.7802226730946,1874.2972044921257,1571.3763618703417,1509.4821551646437,2729.7802226730946,1874.2972044921257,1571.3763618703417,1509.4821551646437,2729.7802226730946,1874.2972044921257,1571.3763618703417,1509.4821551646437
14667,198.0593833731726,765.6702354202588,3000.0,2749.9297944435034,198.0593833731726,765.6702354202588,3000.0,2749.9297944435034,198.0593833731726,765.6702354202588,3000.0,2749.9297944435034,198.0593833731726,765.6702354202588,3000.0,2749.9297944435034,89.03952968070938,96.80606583007709,122.20526536630346,198.0593833731726,89.03952968070938,96.80606583007709,122.20526536630346,198.0593833731726,89.03952968070938,96.80606583007709,122.20526536630346,198.0593833731726,89.03952968070938,96.80606583007709,122.20526536630346,198.0593833731726,161.76057614373545,110.81700378664178,92.78691232646362,89.03952968070938,161.76057614373545,110.81700378664178,92.78691232646362,89.03952968070938,161.76057614373545,110.81700378664178,92.78691232646362,89.03952968070938,161.76057614373545,110.81700378664178,92.78691232646362,89.03952968070938,1513.6720045720592,1645.7031191113101,2077.489511227158,3000.0,1513.6720045720592,1645.7031191113101,2077.489511227158,3000.0,1513.6720045720592,1645.7031191113101,2077.489511227158,3000.0,1513.6720045720592,1645.7031191113101,2077.489511227158,3000.0,3000.0,3000.0,385.44133412293735,161.76057614373556,3000.0,3000.0,385.44133412293735,161.76057614373556,3000.0,3000.0,385.44133412293735,161.76057614373556,3000.0,3000.0,385.44133412293735,161.76057614373556,2749.9297944435034,1883.8890643729108,1577.377509549881,1513.6720045720592,2749.9297944435034,1883.8890643729108,1577.377509549881,1513.6720045720592,2749.9297944435034,1883.8890643729108,1577.377509549881,1513.6720045720592,2749.9297944435034,1883.8890643729108,1577.377509549881,1513.6720045720592
14733,187.07366522613256,709.7267277065765,3000.0,2770.2817633916134,187.07366522613256,709.7267277065765,3000.0,2770.2817633916134,187.07366522613256,709.7267277065765,3000.0,2770.2817633916134,187.07366522613256,709.7267277065765,3000.0,2770.2817633916134,84.57358231282531,91.85089961890924,115.7777532195404,187.07366522613256,84.57358231282531,91.85089961890924,115.7777532195404,187.07366522613256,84.57358231282531,91.85089961890924,115.7777532195404,187.07366522613256,84.57358231282531,91.85089961890924,115.7777532195404,187.07366522613256,154.35587537959148,105.50507959697097,88.22477147496312,84.57358231282531,154.35587537959148,105.50507959697097,88.22477147496312,84.57358231282531,154.35587537959148,105.50507959697097,88.22477147496312,84.57358231282531,154.35587537959148,105.50507959697097,88.22477147496312,84.57358231282531,1517.8732404564948,1648.481935265685,2077.905991992801,3000.0,1517.8732404564948,1648.481935265685,2077.905991992801,3000.0,1517.8732404564948,1648.481935265685,2077.905991992801,3000.0,1517.8732404564948,1648.481935265685,2077.905991992801,3000.0,3000.0,3000.0,370.72088655845596,154.3558753795916,3000.0,3000.0,370.72088655845596,154.3558753795916,3000.0,3000.0,370.72088655845596,154.3558753795916,3000.0,3000.0,370.72088655845596,154.3558753795916,2770.2817633916134,1893.5385338193191,1583.402477524336,1517.8732404564948,2770.2817633916134,1893.5385338193191,1583.402477524336,1517.8732404564948,2770.2817633916134,1893.5385338193191,1583.402477524336,1517.8732404564948,2770.2817633916134,1893.5385338193191,1583.402477524336,1517.8732404564948
14800,176.21514116682127,656.4407238500058,3000.0,2790.8392573405285,176.21514116682127,656.4407238500058,3000.0,2790.8392573405285,176.21514116682127,656.4407238500058,3000.0,2790.8392573405285,176.21514116682127,656.4407238500058,3000.0,2790.8392573405285,80.10978767983364,86.90883019242365,109.38619688788758,176.21514116682127,80.10978767983364,86.90883019242365,109.38619688788758,176.21514116682127,80.10978767983364,86.90883019242365,109.38619688788758,176.21514116682127,80.10978767983364,86.90883019242365,109.38619688788758,176.21514116682127,146.8862767021329,100.17085265249797,83.6553405189718,80.10978767983364,146.8862767021329,100.17085265249797,83.6553405189718,80.10978767983364,146.8862767021329,100.17085265249797,83.6553405189718,80.10978767983364,146.8862767021329,100.17085265249797,83.6553405189718,80.10978767983364,1522.08596591684,1651.2677736560504,2078.3377408698643,3000.0,1522.08596591684,1651.2677736560504,2078.3377408698643,3000.0,1522.08596591684,1651.2677736560504,2078.3377408698643,3000.0,1522.08596591684,1651.2677736560504,2078.3377408698643,3000.0,3000.0,3000.0,355.6329186068642,146.886276702133,3000.0,3000.0,355.6329186068642,146.886276702133,3000.0,3000.0,355.6329186068642,146.886276702133,3000.0,3000.0,355.6329186068642,146.886276702133,2790.839257340528,1903.246200397463,1589.451469860465,1522.08596591684,2790.839257340528,1903.246200397463,1589.451469860465,1522.08596591684,2790.839257340528,1903.246200397463,1589.451469860465,1522.08596591684,2790.839257340528,1903.246200397463,1589.451469860465,1522.08596591684
14867,165.48137893892627,605.6265137839595,3000.0,2811.60546751949,165.48137893892627,605.6265137839595,3000.0,2811.60546751949,165.48137893892627,605.6265137839595,3000.0,2811.60546751949,165.48137893892627,605.6265137839595,3000.0,2811.60546751949,75.64803159245405,81.9796846451735,103.03014510004425,165.48137893892627,75.64803159245405,81.9796846451735,103.03014510004425,165.48137893892627,75.64803159245405,81.9796846451735,103.03014510004425,165.48137893892627,75.64803159245405,81.9796846451735,103.03014510004425,165.48137893892627,139.35070830271528,94.8140384893001,79.07848329049087,75.64803159245405,139.35070830271528,94.8140384893001,79.07848329049087,75.64803159245405,139.35070830271528,94.8140384893001,79.07848329049087,75.64803159245405,139.35070830271528,94.8140384893001,79.07848329049087,75.64803159245405,1526.3102844830426,1654.060696076147,2078.7846923126563,3000.0,1526.3102844830426,1654.060696076147,2078.7846923126563,3000.0,1526.3102844830426,1654.060696076147,2078.7846923126563,3000.0,1526.3102844830426,1654.060696076147,2078.7846923126563,3000.0,3000.0,3000.0,340.16293618762586,139.35070830271533,3000.0,3000.0,340.16293618762586,139.35070830271533,3000.0,3000.0,340.16293618762586,139.35070830271533,3000.0,3000.0,340.16293618762586,139.35070830271533,2811.6054675194896,1913.0126589311722,1595.524692272844,1526.3102844830426,2811.6054675194896,1913.0126589311722,1595.524692272844,1526.3102844830426,2811.6054675194896,1913.0126589311722,1595.524692272844,1526.3102844830426,2811.6054675194896,1913.0126589311722,1595.524692272844,1526.3102844830426
14933,154.87000539034293,557.1152700000866,3000.0,2832.5836501828453,154.87000539034293,557.1152700000866,3000.0,2832.5836501828453,154.87000539034293,557.1152700000866,3000.0,2832.5836501828453,154.87000539034293,557.1152700000866,3000.0,2832.5836501828453,71.18820000572818,77.06329136615749,96.70915265779685,154.87000539034298,71.18820000572818,77.06329136615749,96.70915265779685,154.87000539034298,71.18820000572818,77.06329136615749,96.70915265779685,154.87000539034298,71.18820000572818,77.06329136615749,96.70915265779685,154.87000539034298,131.74807675269045,89.43434937759407,74.49406289045297,71.18820000572818,131.74807675269045,89.43434937759407,74.49406289045297,71.18820000572818,131.74807675269045,89.43434937759407,74.49406289045297,71.18820000572818,131.74807675269045,89.43434937759407,74.49406289045297,71.18820000572818,1530.5463001231556,1656.8607643723856,2079.2467821426317,3000.0,1530.5463001231556,1656.8607643723856,2079.2467821426317,3000.0,1530.5463001231556,1656.8607643723856,2079.2467821426317,3000.0,1530.5463001231556,1656.8607643723856,2079.2467821426317,3000.0,3000.0,3000.0,324.2956826023085,131.74807675269054,3000.0,3000.0,324.2956826023085,131.74807675269054,3000.0,3000.0,324.2956826023085,131.74807675269054,3000.0,3000.0,324.2956826023085,131.74807675269054,2832.5836501828453,1922.838511618273,1601.6223521447384,1530.5463001231556,2832.5836501828453,1922.838511618273,1601.6223521447384,1530.5463001231556,2832.5836501828453,1922.838511618273,1601.6223521447384,1530.5463001231556,2832.5836501828453,1922.838511618273,1601.6223521447384,1530.5463001231556
