time_ms,s1_c01,s1_c02,s1_c03,s1_c04,s1_c05,s1_c06,s1_c07,s1_c08,s1_c09,s1_c10,s1_c11,s1_c12,s1_c13,s1_c14,s1_c15,s1_c16,s2_c01,s2_c02,s2_c03,s2_c04,s2_c05,s2_c06,s2_c07,s2_c08,s2_c09,s2_c10,s2_c11,s2_c12,s2_c13,s2_c14,s2_c15,s2_c16,s3_c01,s3_c02,s3_c03,s3_c04,s3_c05,s3_c06,s3_c07,s3_c08,s3_c09,s3_c10,s3_c11,s3_c12,s3_c13,s3_c14,s3_c15,s3_c16,s4_c01,s4_c02,s4_c03,s4_c04,s4_c05,s4_c06,s4_c07,s4_c08,s4_c09,s4_c10,s4_c11,s4_c12,s4_c13,s4_c14,s4_c15,s4_c16,s5_c01,s5_c02,s5_c03,s5_c04,s5_c05,s5_c06,s5_c07,s5_c08,s5_c09,s5_c10,s5_c11,s5_c12,s5_c13,s5_c14,s5_c15,s5_c16,s6_c01,s6_c02,s6_c03,s6_c04,s6_c05,s6_c06,s6_c07,s6_c08,s6_c09,s6_c10,s6_c11,s6_c12,s6_c13,s6_c14,s6_c15,s6_c16
0,3000.0,2128.355544951824,2610.8145786645578,3000.0,3000.0,2128.355544951824,2610.8145786645578,3000.0,3000.0,2128.355544951824,2610.8145786645578,3000.0,3000.0,2128.355544951824,2610.8145786645578,3000.0,3000.0,2610.8145786645578,2128.355544951824,3000.0,3000.0,2610.8145786645578,2128.355544951824,3000.0,3000.0,2610.8145786645578,2128.355544951824,3000.0,3000.0,2610.8145786645578,2128.355544951824,3000.0,3000.0,3000.0,3000.0,3000.0,3000.0,3000.0,3000.0,3000.0,3000.0,3000.0,3000.0,3000.0,3000.0,3000.0,3000.0,3000.0,3000.0,3000.0,3000.0,3000.0,3000.0,3000.0,3000.0,3000.0,3000.0,3000.0,3000.0,3000.0,3000.0,3000.0,3000.0,3000.0,3000.0,3000.0,3000.0,3000.0,3000.0,3000.0,3000.0,3000.0,3000.0,3000.0,3000.0,3000.0,3000.0,3000.0,3000.0,3000.0,3000.0,3000.0,3000.0,3000.0,3000.0,3000.0,3000.0,3000.0,3000.0,3000.0,3000.0,3000.0,3000.0,3000.0,3000.0,3000.0
67,3000.0,2103.524730260719,2580.355075246804,3000.0,3000.0,2103.524730260719,2580.355075246804,3000.0,3000.0,2103.524730260719,2580.355075246804,3000.0,3000.0,2103.524730260719,2580.355075246804,3000.0,3000.0,2580.355075246804,2103.524730260719,3000.0,3000.0,2580.355075246804,2103.524730260719,3000.0,3000.0,2580.355075246804,2103.524730260719,3000.0,3000.0,2580.355075246804,2103.524730260719,3000.0,3000.0,3000.0,3000.0,3000.0,3000.0,3000.0,3000.0,3000.0,3000.0,3000.0,3000.0,3000.0,3000.0,3000.0,3000.0,3000.0,3000.0,3000.0,3000.0,3000.0,3000.0,3000.0,3000.0,3000.0,3000.0,3000.0,3000.0,3000.0,3000.0,3000.0,3000.0,3000.0,3000.0,3000.0,3000.0,3000.0,3000.0,3000.0,3000.0,3000.0,3000.0,3000.0,3000.0,3000.0,3000.0,3000.0,3000.0,3000.0,3000.0,3000.0,3000.0,3000.0,3000.0,3000.0,3000.0,3000.0,3000.0,3000.0,3000.0,3000.0,3000.0,3000.0,3000.0,3000.0
133,3000.0,2078.6939155696145,2549.895571829051,3000.0,3000.0,2078.6939155696145,2549.895571829051,3000.0,3000.0,2078.6939155696145,2549.895571829051,3000.0,3000.0,2078.6939155696145,2549.895571829051,3000.0,3000.0,2549.895571829051,2078.6939155696145,3000.0,3000.0,2549.895571829051,2078.6939155696145,3000.0,3000.0,2549.895571829051,2078.6939155696145,3000.0,3000.0,2549.895571829051,2078.6939155696145,3000.0,3000.0,3000.0,3000.0,3000.0,3000.0,3000.0,3000.0,3000.0,3000.0,3000.0,3000.0,3000.0,3000.0,3000.0,3000.0,3000.0,3000.0,3000.0,3000.0,3000.0,3000.0,3000.0,3000.0,3000.0,3000.0,3000.0,3000.0,3000.0,3000.0,3000.0,3000.0,3000.0,3000.0,3000.0,3000.0,3000.0,3000.0,3000.0,3000.0,3000.0,3000.0,3000.0,3000.0,3000.0,3000.0,3000.0,3000.0,3000.0,3000.0,3000.0,3000.0,3000.0,3000.0,3000.0,3000.0,3000.0,3000.0,3000.0,3000.0,3000.0,3000.0,3000.0,3000.0,3000.0
200,3000.0,2053.86310087851,2519.4360684112976,3000.0,3000.0,2053.86310087851,2519.4360684112976,3000.0,3000.0,2053.86310087851,2519.4360684112976,3000.0,3000.0,2053.86310087851,2519.4360684112976,3000.0,3000.0,2519.4360684112976,2053.86310087851,3000.0,3000.0,2519.4360684112976,2053.86310087851,3000.0,3000.0,2519.4360684112976,2053.86310087851,3000.0,3000.0,2519.4360684112976,2053.86310087851,3000.0,3000.0,3000.0,3000.0,3000.0,3000.0,3000.0,3000.0,3000.0,3000.0,3000.0,3000.0,3000.0,3000.0,3000.0,3000.0,3000.0,3000.0,3000.0,3000.0,3000.0,3000.0,3000.0,3000.0,3000.0,3000.0,3000.0,3000.0,3000.0,3000.0,3000.0,3000.0,3000.0,3000.0,3000.0,3000.0,3000.0,3000.0,3000.0,3000.0,3000.0,3000.0,3000.0,3000.0,3000.0,3000.0,3000.0,3000.0,3000.0,3000.0,3000.0,3000.0,3000.0,3000.0,3000.0,3000.0,3000.0,3000.0,3000.0,3000.0,3000.0,3000.0,3000.0,3000.0,3000.0
267,3000.0,2046.6630801141612,2488.976564993545,3000.0,3000.0,2046.6630801141612,2488.976564993545,3000.0,3000.0,2046.6630801141612,2488.976564993545,3000.0,3000.0,2046.6630801141612,2488.976564993545,3000.0,3000.0,2488.976564993545,2046.6630801141612,3000.0,3000.0,2488.976564993545,2046.6630801141612,3000.0,3000.0,2488.976564993545,2046.6630801141612,3000.0,3000.0,2488.976564993545,2046.6630801141612,3000.0,3000.0,3000.0,3000.0,3000.0,3000.0,3000.0,3000.0,3000.0,3000.0,3000.0,3000.0,3000.0,3000.0,3000.0,3000.0,3000.0,3000.0,3000.0,3000.0,3000.0,3000.0,3000.0,3000.0,3000.0,3000.0,3000.0,3000.0,3000.0,3000.0,3000.0,3000.0,3000.0,3000.0,3000.0,3000.0,3000.0,3000.0,3000.0,3000.0,3000.0,3000.0,3000.0,3000.0,3000.0,3000.0,3000.0,3000.0,3000.0,3000.0,3000.0,3000.0,3000.0,3000.0,3000.0,3000.0,3000.0,3000.0,3000.0,3000.0,3000.0,3000.0,3000.0,3000.0,3000.0
333,3000.0,2046.6630801141612,2458.517061575791,3000.0,3000.0,2046.6630801141612,2458.517061575791,3000.0,3000.0,2046.6630801141612,2458.517061575791,3000.0,3000.0,2046.6630801141612,2458.517061575791,3000.0,3000.0,2458.517061575791,2046.6630801141612,3000.0,3000.0,2458.517061575791,2046.6630801141612,3000.0,3000.0,2458.517061575791,2046.6630801141612,3000.0,3000.0,2458.517061575791,2046.6630801141612,3000.0,3000.0,3000.0,3000.0,3000.0,3000.0,3000.0,3000.0,3000.0,3000.0,3000.0,3000.0,3000.0,3000.0,3000.0,3000.0,3000.0,3000.0,3000.0,3000.0,3000.0,3000.0,3000.0,3000.0,3000.0,3000.0,3000.0,3000.0,3000.0,3000.0,3000.0,3000.0,3000.0,3000.0,3000.0,3000.0,3000.0,3000.0,3000.0,3000.0,3000.0,3000.0,3000.0,3000.0,3000.0,3000.0,3000.0,3000.0,3000.0,3000.0,3000.0,3000.0,3000.0,3000.0,3000.0,3000.0,3000.0,3000.0,3000.0,3000.0,3000.0,3000.0,3000.0,3000.0,3000.0
400,3000.0,2046.6630801141612,2428.0575581580383,3000.0,3000.0,2046.6630801141612,2428.0575581580383,3000.0,3000.0,2046.6630801141612,2428.0575581580383,3000.0,3000.0,2046.6630801141612,2428.0575581580383,3000.0,3000.0,2428.0575581580383,2046.6630801141612,3000.0,3000.0,2428.0575581580383,2046.6630801141612,3000.0,3000.0,2428.0575581580383,2046.6630801141612,3000.0,3000.0,2428.0575581580383,2046.6630801141612,3000.0,3000.0,3000.0,3000.0,3000.0,3000.0,3000.0,3000.0,3000.0,3000.0,3000.0,3000.0,3000.0,3000.0,3000.0,3000.0,3000.0,3000.0,3000.0,3000.0,3000.0,3000.0,3000.0,3000.0,3000.0,3000.0,3000.0,3000.0,3000.0,3000.0,3000.0,3000.0,3000.0,3000.0,3000.0,3000.0,3000.0,3000.0,3000.0,3000.0,3000.0,3000.0,3000.0,3000.0,3000.0,3000.0,3000.0,3000.0,3000.0,3000.0,3000.0,3000.0,3000.0,3000.0,3000.0,3000.0,3000.0,3000.0,3000.0,3000.0,3000.0,3000.0,3000.0,3000.0,3000.0
467,3000.0,2046.6630801141612,2397.598054740285,3000.0,3000.0,2046.6630801141612,2397.598054740285,3000.0,3000.0,2046.6630801141612,2397.598054740285,3000.0,3000.0,2046.6630801141612,2397.598054740285,3000.0,3000.0,2397.598054740285,2046.6630801141612,3000.0,3000.0,2397.598054740285,2046.6630801141612,3000.0,3000.0,2397.598054740285,2046.6630801141612,3000.0,3000.0,2397.598054740285,2046.6630801141612,3000.0,3000.0,3000.0,3000.0,3000.0,3000.0,3000.0,3000.0,3000.0,3000.0,3000.0,3000.0,3000.0,3000.0,3000.0,3000.0,3000.0,3000.0,3000.0,3000.0,3000.0,3000.0,3000.0,3000.0,3000.0,3000.0,3000.0,3000.0,3000.0,3000.0,3000.0,3000.0,3000.0,3000.0,3000.0,3000.0,3000.0,3000.0,3000.0,3000.0,3000.0,3000.0,3000.0,3000.0,3000.0,3000.0,3000.0,3000.0,3000.0,3000.0,3000.0,3000.0,3000.0,3000.0,3000.0,3000.0,3000.0,3000.0,3000.0,3000.0,3000.0,3000.0,3000.0,3000.0,3000.0
533,3000.0,2046.6630801141612,2367.1385513225323,3000.0,3000.0,2046.6630801141612,2367.1385513225323,3000.0,3000.0,2046.6630801141612,2367.1385513225323,3000.0,3000.0,2046.6630801141612,2367.1385513225323,3000.0,3000.0,2367.1385513225323,2046.6630801141612,3000.0,3000.0,2367.1385513225323,2046.6630801141612,3000.0,3000.0,2367.1385513225323,2046.6630801141612,3000.0,3000.0,2367.1385513225323,2046.6630801141612,3000.0,3000.0,3000.0,3000.0,3000.0,3000.0,3000.0,3000.0,3000.0,3000.0,3000.0,3000.0,3000.0,3000.0,3000.0,3000.0,3000.0,3000.0,3000.0,3000.0,3000.0,3000.0,3000.0,3000.0,3000.0,3000.0,3000.0,3000.0,3000.0,3000.0,3000.0,3000.0,3000.0,3000.0,3000.0,3000.0,3000.0,3000.0,3000.0,3000.0,3000.0,3000.0,3000.0,3000.0,3000.0,3000.0,3000.0,3000.0,3000.0,3000.0,3000.0,3000.0,3000.0,3000.0,3000.0,3000.0,3000.0,3000.0,3000.0,3000.0,3000.0,3000.0,3000.0,3000.0,3000.0
600,3000.0,2046.6630801141612,2336.6790479047786,3000.0,3000.0,2046.6630801141612,2336.6790479047786,3000.0,3000.0,2046.6630801141612,2336.6790479047786,3000.0,3000.0,2046.6630801141612,2336.6790479047786,3000.0,3000.0,2336.6790479047786,2046.6630801141612,3000.0,3000.0,2336.6790479047786,2046.6630801141612,3000.0,3000.0,2336.6790479047786,2046.6630801141612,3000.0,3000.0,2336.6790479047786,2046.6630801141612,3000.0,3000.0,3000.0,3000.0,3000.0,3000.0,3000.0,3000.0,3000.0,3000.0,3000.0,3000.0,3000.0,3000.0,3000.0,3000.0,3000.0,3000.0,3000.0,3000.0,3000.0,3000.0,3000.0,3000.0,3000.0,3000.0,3000.0,3000.0,3000.0,3000.0,3000.0,3000.0,3000.0,3000.0,3000.0,3000.0,3000.0,3000.0,3000.0,3000.0,3000.0,3000.0,3000.0,3000.0,3000.0,3000.0,3000.0,3000.0,3000.0,3000.0,3000.0,3000.0,3000.0,3000.0,3000.0,3000.0,3000.0,3000.0,3000.0,3000.0,3000.0,3000.0,3000.0,3000.0,3000.0
667,3000.0,2046.6630801141612,2306.219544487026,3000.0,3000.0,2046.6630801141612,2306.219544487026,3000.0,3000.0,2046.6630801141612,2306.219544487026,3000.0,3000.0,2046.6630801141612,2306.219544487026,3000.0,3000.0,2306.219544487026,2046.6630801141612,3000.0,3000.0,2306.219544487026,2046.6630801141612,3000.0,3000.0,2306.219544487026,2046.6630801141612,3000.0,3000.0,2306.219544487026,2046.6630801141612,3000.0,3000.0,3000.0,3000.0,3000.0,3000.0,3000.0,3000.0,3000.0,3000.0,3000.0,3000.0,3000.0,3000.0,3000.0,3000.0,3000.0,3000.0,3000.0,3000.0,3000.0,3000.0,3000.0,3000.0,3000.0,3000.0,3000.0,3000.0,3000.0,3000.0,3000.0,3000.0,3000.0,3000.0,3000.0,3000.0,3000.0,3000.0,3000.0,3000.0,3000.0,3000.0,3000.0,3000.0,3000.0,3000.0,3000.0,3000.0,3000.0,3000.0,3000.0,3000.0,3000.0,3000.0,3000.0,3000.0,3000.0,3000.0,3000.0,3000.0,3000.0,3000.0,3000.0,3000.0,3000.0
733,3000.0,2046.6630801141612,2275.7600410692726,3000.0,3000.0,2046.6630801141612,2275.7600410692726,3000.0,3000.0,2046.6630801141612,2275.7600410692726,3000.0,3000.0,2046.6630801141612,2275.7600410692726,3000.0,3000.0,2275.7600410692726,2046.6630801141612,3000.0,3000.0,2275.7600410692726,2046.6630801141612,3000.0,3000.0,2275.7600410692726,2046.6630801141612,3000.0,3000.0,2275.7600410692726,2046.6630801141612,3000.0,3000.0,3000.0,3000.0,3000.0,3000.0,3000.0,3000.0,3000.0,3000.0,3000.0,3000.0,3000.0,3000.0,3000.0,3000.0,3000.0,3000.0,3000.0,3000.0,3000.0,3000.0,3000.0,3000.0,3000.0,3000.0,3000.0,3000.0,3000.0,3000.0,3000.0,3000.0,3000.0,3000.0,3000.0,3000.0,3000.0,3000.0,3000.0,3000.0,3000.0,3000.0,3000.0,3000.0,3000.0,3000.0,3000.0,3000.0,3000.0,3000.0,3000.0,3000.0,3000.0,3000.0,3000.0,3000.0,3000.0,3000.0,3000.0,3000.0,3000.0,3000.0,3000.0,3000.0,3000.0
800,3000.0,2046.6630801141612,2245.30053765152,3000.0,3000.0,2046.6630801141612,2245.30053765152,3000.0,3000.0,2046.6630801141612,2245.30053765152,3000.0,3000.0,2046.6630801141612,2245.30053765152,3000.0,3000.0,2245.30053765152,2046.6630801141612,3000.0,3000.0,2245.30053765152,2046.6630801141612,3000.0,3000.0,2245.30053765152,2046.6630801141612,3000.0,3000.0,2245.30053765152,2046.6630801141612,3000.0,3000.0,3000.0,3000.0,3000.0,3000.0,3000.0,3000.0,3000.0,3000.0,3000.0,3000.0,3000.0,3000.0,3000.0,3000.0,3000.0,3000.0,3000.0,3000.0,3000.0,3000.0,3000.0,3000.0,3000.0,3000.0,3000.0,3000.0,3000.0,3000.0,3000.0,3000.0,3000.0,3000.0,3000.0,3000.0,3000.0,3000.0,3000.0,3000.0,3000.0,3000.0,3000.0,3000.0,3000.0,3000.0,3000.0,3000.0,3000.0,3000.0,3000.0,3000.0,3000.0,3000.0,3000.0,3000.0,3000.0,3000.0,3000.0,3000.0,3000.0,3000.0,3000.0,3000.0,3000.0
867,3000.0,2046.6630801141612,2214.8410342337665,3000.0,3000.0,2046.6630801141612,2214.8410342337665,3000.0,3000.0,2046.6630801141612,2214.8410342337665,3000.0,3000.0,2046.6630801141612,2214.8410342337665,3000.0,3000.0,2214.8410342337665,2046.6630801141612,3000.0,3000.0,2214.8410342337665,2046.6630801141612,3000.0,3000.0,2214.8410342337665,2046.6630801141612,3000.0,3000.0,2214.8410342337665,2046.6630801141612,3000.0,3000.0,3000.0,3000.0,3000.0,3000.0,3000.0,3000.0,3000.0,3000.0,3000.0,3000.0,3000.0,3000.0,3000.0,3000.0,3000.0,3000.0,3000.0,3000.0,3000.0,3000.0,3000.0,3000.0,3000.0,3000.0,3000.0,3000.0,3000.0,3000.0,3000.0,3000.0,3000.0,3000.0,3000.0,3000.0,3000.0,3000.0,3000.0,3000.0,3000.0,3000.0,3000.0,3000.0,3000.0,3000.0,3000.0,3000.0,3000.0,3000.0,3000.0,3000.0,3000.0,3000.0,3000.0,3000.0,3000.0,3000.0,3000.0,3000.0,3000.0,3000.0,3000.0,3000.0,3000.0
933,3000.0,2046.6630801141612,2184.381530816013,3000.0,3000.0,2046.6630801141612,2184.381530816013,3000.0,3000.0,2046.6630801141612,2184.381530816013,3000.0,3000.0,2046.6630801141612,2184.381530816013,3000.0,3000.0,2184.381530816013,2046.6630801141612,3000.0,3000.0,2184.381530816013,2046.6630801141612,3000.0,3000.0,2184.381530816013,2046.6630801141612,3000.0,3000.0,2184.381530816013,2046.6630801141612,3000.0,3000.0,3000.0,3000.0,3000.0,3000.0,3000.0,3000.0,3000.0,3000.0,3000.0,3000.0,3000.0,3000.0,3000.0,3000.0,3000.0,3000.0,3000.0,3000.0,3000.0,3000.0,3000.0,3000.0,3000.0,3000.0,3000.0,3000.0,3000.0,3000.0,3000.0,3000.0,3000.0,3000.0,3000.0,3000.0,3000.0,3000.0,3000.0,3000.0,3000.0,3000.0,3000.0,3000.0,3000.0,3000.0,3000.0,3000.0,3000.0,3000.0,3000.0,3000.0,3000.0,3000.0,3000.0,3000.0,3000.0,3000.0,3000.0,3000.0,3000.0,3000.0,3000.0,3000.0,3000.0
1000,3000.0,2046.6630801141612,2153.9220273982596,3000.0,3000.0,2046.6630801141612,2153.9220273982596,3000.0,3000.0,2046.6630801141612,2153.9220273982596,3000.0,3000.0,2046.6630801141612,2153.9220273982596,3000.0,3000.0,2153.9220273982596,2046.6630801141612,3000.0,3000.0,2153.9220273982596,2046.6630801141612,3000.0,3000.0,2153.9220273982596,2046.6630801141612,3000.0,3000.0,2153.9220273982596,2046.6630801141612,3000.0,3000.0,3000.0,3000.0,3000.0,3000.0,3000.0,3000.0,3000.0,3000.0,3000.0,3000.0,3000.0,3000.0,3000.0,3000.0,3000.0,3000.0,3000.0,3000.0,3000.0,3000.0,3000.0,3000.0,3000.0,3000.0,3000.0,3000.0,3000.0,3000.0,3000.0,3000.0,3000.0,3000.0,3000.0,3000.0,3000.0,3000.0,3000.0,3000.0,3000.0,3000.0,3000.0,3000.0,3000.0,3000.0,3000.0,3000.0,3000.0,3000.0,3000.0,3000.0,3000.0,3000.0,3000.0,3000.0,3000.0,3000.0,3000.0,3000.0,3000.0,3000.0,3000.0,3000.0,3000.0
1067,3000.0,2046.6630801141612,2123.462523980507,3000.0,3000.0,2046.6630801141612,2123.462523980507,3000.0,3000.0,2046.6630801141612,2123.462523980507,3000.0,3000.0,2046.6630801141612,2123.462523980507,3000.0,3000.0,2123.462523980507,2046.6630801141612,3000.0,3000.0,2123.462523980507,2046.6630801141612,3000.0,3000.0,2123.462523980507,2046.6630801141612,3000.0,3000.0,2123.462523980507,2046.6630801141612,3000.0,3000.0,3000.0,3000.0,3000.0,3000.0,3000.0,3000.0,3000.0,3000.0,3000.0,3000.0,3000.0,3000.0,3000.0,3000.0,3000.0,3000.0,3000.0,3000.0,3000.0,3000.0,3000.0,3000.0,3000.0,3000.0,3000.0,3000.0,3000.0,3000.0,3000.0,3000.0,3000.0,3000.0,3000.0,3000.0,3000.0,3000.0,3000.0,3000.0,3000.0,3000.0,3000.0,3000.0,3000.0,3000.0,3000.0,3000.0,3000.0,3000.0,3000.0,3000.0,3000.0,3000.0,3000.0,3000.0,3000.0,3000.0,3000.0,3000.0,3000.0,3000.0,3000.0,3000.0,3000.0
1133,3000.0,2046.6630801141612,2093.003020562754,3000.0,3000.0,2046.6630801141612,2093.003020562754,3000.0,3000.0,2046.6630801141612,2093.003020562754,3000.0,3000.0,2046.6630801141612,2093.003020562754,3000.0,3000.0,2093.003020562754,2046.6630801141612,3000.0,3000.0,2093.003020562754,2046.6630801141612,3000.0,3000.0,2093.003020562754,2046.6630801141612,3000.0,3000.0,2093.003020562754,2046.6630801141612,3000.0,3000.0,3000.0,3000.0,3000.0,3000.0,3000.0,3000.0,3000.0,3000.0,3000.0,3000.0,3000.0,3000.0,3000.0,3000.0,3000.0,3000.0,3000.0,3000.0,3000.0,3000.0,3000.0,3000.0,3000.0,3000.0,3000.0,3000.0,3000.0,3000.0,3000.0,3000.0,3000.0,3000.0,3000.0,3000.0,3000.0,3000.0,3000.0,3000.0,3000.0,3000.0,3000.0,3000.0,3000.0,3000.0,3000.0,3000.0,3000.0,3000.0,3000.0,3000.0,3000.0,3000.0,3000.0,3000.0,3000.0,3000.0,3000.0,3000.0,3000.0,3000.0,3000.0,3000.0,3000.0
1200,3000.0,2046.6630801141612,2062.5435171450004,3000.0,3000.0,2046.6630801141612,2062.5435171450004,3000.0,3000.0,2046.6630801141612,2062.5435171450004,3000.0,3000.0,2046.6630801141612,2062.5435171450004,3000.0,3000.0,2062.5435171450004,2046.6630801141612,3000.0,3000.0,2062.5435171450004,2046.6630801141612,3000.0,3000.0,2062.5435171450004,2046.6630801141612,3000.0,3000.0,2062.5435171450004,2046.6630801141612,3000.0,3000.0,3000.0,3000.0,3000.0,3000.0,3000.0,3000.0,3000.0,3000.0,3000.0,3000.0,3000.0,3000.0,3000.0,3000.0,3000.0,3000.0,3000.0,3000.0,3000.0,3000.0,3000.0,3000.0,3000.0,3000.0,3000.0,3000.0,3000.0,3000.0,3000.0,3000.0,3000.0,3000.0,3000.0,3000.0,3000.0,3000.0,3000.0,3000.0,3000.0,3000.0,3000.0,3000.0,3000.0,3000.0,3000.0,3000.0,3000.0,3000.0,3000.0,3000.0,3000.0,3000.0,3000.0,3000.0,3000.0,3000.0,3000.0,3000.0,3000.0,3000.0,3000.0,3000.0,3000.0
1267,3000.0,2046.6630801141612,2032.084013727247,3000.0,3000.0,2046.6630801141612,2032.084013727247,3000.0,3000.0,2046.6630801141612,2032.084013727247,3000.0,3000.0,2046.6630801141612,2032.084013727247,3000.0,3000.0,2032.084013727247,2046.6630801141612,3000.0,3000.0,2032.084013727247,2046.6630801141612,3000.0,3000.0,2032.084013727247,2046.6630801141612,3000.0,3000.0,2032.084013727247,2046.6630801141612,3000.0,3000.0,3000.0,3000.0,3000.0,3000.0,3000.0,3000.0,3000.0,3000.0,3000.0,3000.0,3000.0,3000.0,3000.0,3000.0,3000.0,3000.0,3000.0,3000.0,3000.0,3000.0,3000.0,3000.0,3000.0,3000.0,3000.0,3000.0,3000.0,3000.0,3000.0,3000.0,3000.0,3000.0,3000.0,3000.0,3000.0,3000.0,3000.0,3000.0,3000.0,3000.0,3000.0,3000.0,3000.0,3000.0,3000.0,3000.0,3000.0,3000.0,3000.0,3000.0,3000.0,3000.0,3000.0,3000.0,3000.0,3000.0,3000.0,3000.0,3000.0,3000.0,3000.0,3000.0,3000.0
1333,3000.0,2046.6630801141612,2001.6245103094943,3000.0,3000.0,2046.6630801141612,2001.6245103094943,3000.0,3000.0,2046.6630801141612,2001.6245103094943,3000.0,3000.0,2046.6630801141612,2001.6245103094943,3000.0,3000.0,2001.6245103094943,2046.6630801141612,3000.0,3000.0,2001.6245103094943,2046.6630801141612,3000.0,3000.0,2001.6245103094943,2046.6630801141612,3000.0,3000.0,2001.6245103094943,2046.6630801141612,3000.0,3000.0,3000.0,3000.0,3000.0,3000.0,3000.0,3000.0,3000.0,3000.0,3000.0,3000.0,3000.0,3000.0,3000.0,3000.0,3000.0,3000.0,3000.0,3000.0,3000.0,3000.0,3000.0,3000.0,3000.0,3000.0,3000.0,3000.0,3000.0,3000.0,3000.0,3000.0,3000.0,3000.0,3000.0,3000.0,3000.0,3000.0,3000.0,3000.0,3000.0,3000.0,3000.0,3000.0,3000.0,3000.0,3000.0,3000.0,3000.0,3000.0,3000.0,3000.0,3000.0,3000.0,3000.0,3000.0,3000.0,3000.0,3000.0,3000.0,3000.0,3000.0,3000.0,3000.0,3000.0
1400,3000.0,2046.6630801141612,1971.1650068917409,3000.0,3000.0,2046.6630801141612,1971.1650068917409,3000.0,3000.0,2046.6630801141612,1971.1650068917409,3000.0,3000.0,2046.6630801141612,1971.1650068917409,3000.0,3000.0,1971.1650068917409,2046.6630801141612,3000.0,3000.0,1971.1650068917409,2046.6630801141612,3000.0,3000.0,1971.1650068917409,2046.6630801141612,3000.0,3000.0,1971.1650068917409,2046.6630801141612,3000.0,3000.0,3000.0,3000.0,3000.0,3000.0,3000.0,3000.0,3000.0,3000.0,3000.0,3000.0,3000.0,3000.0,3000.0,3000.0,3000.0,3000.0,3000.0,3000.0,3000.0,3000.0,3000.0,3000.0,3000.0,3000.0,3000.0,3000.0,3000.0,3000.0,3000.0,3000.0,3000.0,3000.0,3000.0,3000.0,3000.0,3000.0,3000.0,3000.0,3000.0,3000.0,3000.0,3000.0,3000.0,3000.0,3000.0,3000.0,3000.0,3000.0,3000.0,3000.0,3000.0,3000.0,3000.0,3000.0,3000.0,3000.0,3000.0,3000.0,3000.0,3000.0,3000.0,3000.0,3000.0
1467,3000.0,2046.6630801141612,1940.7055034739878,3000.0,3000.0,2046.6630801141612,1940.7055034739878,3000.0,3000.0,2046.6630801141612,1940.7055034739878,3000.0,3000.0,2046.6630801141612,1940.7055034739878,3000.0,3000.0,1940.7055034739878,2046.6630801141612,3000.0,3000.0,1940.7055034739878,2046.6630801141612,3000.0,3000.0,1940.7055034739878,2046.6630801141612,3000.0,3000.0,1940.7055034739878,2046.6630801141612,3000.0,3000.0,3000.0,3000.0,3000.0,3000.0,3000.0,3000.0,3000.0,3000.0,3000.0,3000.0,3000.0,3000.0,3000.0,3000.0,3000.0,3000.0,3000.0,3000.0,3000.0,3000.0,3000.0,3000.0,3000.0,3000.0,3000.0,3000.0,3000.0,3000.0,3000.0,3000.0,3000.0,3000.0,3000.0,3000.0,3000.0,3000.0,3000.0,3000.0,3000.0,3000.0,3000.0,3000.0,3000.0,3000.0,3000.0,3000.0,3000.0,3000.0,3000.0,3000.0,3000.0,3000.0,3000.0,3000.0,3000.0,3000.0,3000.0,3000.0,3000.0,3000.0,3000.0,3000.0,3000.0
1533,3000.0,2046.6630801141612,1910.2460000562344,3000.0,3000.0,2046.6630801141612,1910.2460000562344,3000.0,3000.0,2046.6630801141612,1910.2460000562344,3000.0,3000.0,2046.6630801141612,1910.2460000562344,3000.0,3000.0,1910.2460000562344,2046.6630801141612,3000.0,3000.0,1910.2460000562344,2046.6630801141612,3000.0,3000.0,1910.2460000562344,2046.6630801141612,3000.0,3000.0,1910.2460000562344,2046.6630801141612,3000.0,3000.0,3000.0,3000.0,3000.0,3000.0,3000.0,3000.0,3000.0,3000.0,3000.0,3000.0,3000.0,3000.0,3000.0,3000.0,3000.0,3000.0,3000.0,3000.0,3000.0,3000.0,3000.0,3000.0,3000.0,3000.0,3000.0,3000.0,3000.0,3000.0,3000.0,3000.0,3000.0,3000.0,3000.0,3000.0,3000.0,3000.0,3000.0,3000.0,3000.0,3000.0,3000.0,3000.0,3000.0,3000.0,3000.0,3000.0,3000.0,3000.0,3000.0,3000.0,3000.0,3000.0,3000.0,3000.0,3000.0,3000.0,3000.0,3000.0,3000.0,3000.0,3000.0,3000.0,3000.0
1600,3000.0,2046.6630801141612,1879.7864966384811,3000.0,3000.0,2046.6630801141612,1879.7864966384811,3000.0,3000.0,2046.6630801141612,1879.7864966384811,3000.0,3000.0,2046.6630801141612,1879.7864966384811,3000.0,3000.0,1879.7864966384811,2046.6630801141612,3000.0,3000.0,1879.7864966384811,2046.6630801141612,3000.0,3000.0,1879.7864966384811,2046.6630801141612,3000.0,3000.0,1879.7864966384811,2046.6630801141612,3000.0,3000.0,3000.0,3000.0,3000.0,3000.0,3000.0,3000.0,3000.0,3000.0,3000.0,3000.0,3000.0,3000.0,3000.0,3000.0,3000.0,3000.0,3000.0,3000.0,3000.0,3000.0,3000.0,3000.0,3000.0,3000.0,3000.0,3000.0,3000.0,3000.0,3000.0,3000.0,3000.0,3000.0,3000.0,3000.0,3000.0,3000.0,3000.0,3000.0,3000.0,3000.0,3000.0,3000.0,3000.0,3000.0,3000.0,3000.0,3000.0,3000.0,3000.0,3000.0,3000.0,3000.0,3000.0,3000.0,3000.0,3000.0,3000.0,3000.0,3000.0,3000.0,3000.0,3000.0,3000.0
1667,3000.0,2046.6630801141612,1849.326993220728,3000.0,3000.0,2046.6630801141612,1849.326993220728,3000.0,3000.0,2046.6630801141612,1849.326993220728,3000.0,3000.0,2046.6630801141612,1849.326993220728,3000.0,3000.0,1849.326993220728,2046.6630801141612,3000.0,3000.0,1849.326993220728,2046.6630801141612,3000.0,3000.0,1849.326993220728,2046.6630801141612,3000.0,3000.0,1849.326993220728,2046.6630801141612,3000.0,3000.0,3000.0,3000.0,3000.0,3000.0,3000.0,3000.0,3000.0,3000.0,3000.0,3000.0,3000.0,3000.0,3000.0,3000.0,3000.0,3000.0,3000.0,3000.0,3000.0,3000.0,3000.0,3000.0,3000.0,3000.0,3000.0,3000.0,3000.0,3000.0,3000.0,3000.0,3000.0,3000.0,3000.0,3000.0,3000.0,3000.0,3000.0,3000.0,3000.0,3000.0,3000.0,3000.0,3000.0,3000.0,3000.0,3000.0,3000.0,3000.0,3000.0,3000.0,3000.0,3000.0,3000.0,3000.0,3000.0,3000.0,3000.0,3000.0,3000.0,3000.0,3000.0,3000.0,3000.0
1733,3000.0,2046.6630801141612,1818.8674898029751,3000.0,3000.0,2046.6630801141612,1818.8674898029751,3000.0,3000.0,2046.6630801141612,1818.8674898029751,3000.0,3000.0,2046.6630801141612,1818.8674898029751,3000.0,3000.0,1818.8674898029751,2046.6630801141612,3000.0,3000.0,1818.8674898029751,2046.6630801141612,3000.0,3000.0,1818.8674898029751,2046.6630801141612,3000.0,3000.0,1818.8674898029751,2046.6630801141612,3000.0,3000.0,3000.0,3000.0,3000.0,3000.0,3000.0,3000.0,3000.0,3000.0,3000.0,3000.0,3000.0,3000.0,3000.0,3000.0,3000.0,3000.0,3000.0,3000.0,3000.0,3000.0,3000.0,3000.0,3000.0,3000.0,3000.0,3000.0,3000.0,3000.0,3000.0,3000.0,3000.0,3000.0,3000.0,3000.0,3000.0,3000.0,3000.0,3000.0,3000.0,3000.0,3000.0,3000.0,3000.0,3000.0,3000.0,3000.0,3000.0,3000.0,3000.0,3000.0,3000.0,3000.0,3000.0,3000.0,3000.0,3000.0,3000.0,3000.0,3000.0,3000.0,3000.0,3000.0,3000.0
1800,3000.0,2046.6630801141612,1788.4079863852219,3000.0,3000.0,2046.6630801141612,1788.4079863852219,3000.0,3000.0,2046.6630801141612,1788.4079863852219,3000.0,3000.0,2046.6630801141612,1788.4079863852219,3000.0,3000.0,1788.4079863852219,2046.6630801141612,3000.0,3000.0,1788.4079863852219,2046.6630801141612,3000.0,3000.0,1788.4079863852219,2046.6630801141612,3000.0,3000.0,1788.4079863852219,2046.6630801141612,3000.0,3000.0,3000.0,3000.0,3000.0,3000.0,3000.0,3000.0,3000.0,3000.0,3000.0,3000.0,3000.0,3000.0,3000.0,3000.0,3000.0,3000.0,3000.0,3000.0,3000.0,3000.0,3000.0,3000.0,3000.0,3000.0,3000.0,3000.0,3000.0,3000.0,3000.0,3000.0,3000.0,3000.0,3000.0,3000.0,3000.0,3000.0,3000.0,3000.0,3000.0,3000.0,3000.0,3000.0,3000.0,3000.0,3000.0,3000.0,3000.0,3000.0,3000.0,3000.0,3000.0,3000.0,3000.0,3000.0,3000.0,3000.0,3000.0,3000.0,3000.0,3000.0,3000.0,3000.0,3000.0
1867,3000.0,2046.6630801141612,1757.9484829674689,3000.0,3000.0,2046.6630801141612,1757.9484829674689,3000.0,3000.0,2046.6630801141612,1757.9484829674689,3000.0,3000.0,2046.6630801141612,1757.9484829674689,3000.0,3000.0,1757.9484829674689,2046.6630801141612,3000.0,3000.0,1757.9484829674689,2046.6630801141612,3000.0,3000.0,1757.9484829674689,2046.6630801141612,3000.0,3000.0,1757.9484829674689,2046.6630801141612,3000.0,3000.0,3000.0,3000.0,3000.0,3000.0,3000.0,3000.0,3000.0,3000.0,3000.0,3000.0,3000.0,3000.0,3000.0,3000.0,3000.0,3000.0,3000.0,3000.0,3000.0,3000.0,3000.0,3000.0,3000.0,3000.0,3000.0,3000.0,3000.0,3000.0,3000.0,3000.0,3000.0,3000.0,3000.0,3000.0,3000.0,3000.0,3000.0,3000.0,3000.0,3000.0,3000.0,3000.0,3000.0,3000.0,3000.0,3000.0,3000.0,3000.0,3000.0,3000.0,3000.0,3000.0,3000.0,3000.0,3000.0,3000.0,3000.0,3000.0,3000.0,3000.0,3000.0,3000.0,3000.0
1933,3000.0,2046.6630801141612,1727.4889795497152,3000.0,3000.0,2046.6630801141612,1727.4889795497152,3000.0,3000.0,2046.6630801141612,1727.4889795497152,3000.0,3000.0,2046.6630801141612,1727.4889795497152,3000.0,3000.0,1727.4889795497152,2046.6630801141612,3000.0,3000.0,1727.4889795497152,2046.6630801141612,3000.0,3000.0,1727.4889795497152,2046.6630801141612,3000.0,3000.0,1727.4889795497152,2046.6630801141612,3000.0,3000.0,3000.0,3000.0,3000.0,3000.0,3000.0,3000.0,3000.0,3000.0,3000.0,3000.0,3000.0,3000.0,3000.0,3000.0,3000.0,3000.0,3000.0,3000.0,3000.0,3000.0,3000.0,3000.0,3000.0,3000.0,3000.0,3000.0,3000.0,3000.0,3000.0,3000.0,3000.0,3000.0,3000.0,3000.0,3000.0,3000.0,3000.0,3000.0,3000.0,3000.0,3000.0,3000.0,3000.0,3000.0,3000.0,3000.0,3000.0,3000.0,3000.0,3000.0,3000.0,3000.0,3000.0,3000.0,3000.0,3000.0,3000.0,3000.0,3000.0,3000.0,3000.0,3000.0,3000.0
2000,3000.0,2046.6630801141612,1697.0294761319624,3000.0,3000.0,2046.6630801141612,1697.0294761319624,3000.0,3000.0,2046.6630801141612,1697.0294761319624,3000.0,3000.0,2046.6630801141612,1697.0294761319624,3000.0,3000.0,1697.0294761319624,2046.6630801141612,3000.0,3000.0,1697.0294761319624,2046.6630801141612,3000.0,3000.0,1697.0294761319624,2046.6630801141612,3000.0,3000.0,1697.0294761319624,2046.6630801141612,3000.0,3000.0,3000.0,3000.0,3000.0,3000.0,3000.0,3000.0,3000.0,3000.0,3000.0,3000.0,3000.0,3000.0,3000.0,3000.0,3000.0,3000.0,3000.0,3000.0,3000.0,3000.0,3000.0,3000.0,3000.0,3000.0,3000.0,3000.0,3000.0,3000.0,3000.0,3000.0,3000.0,3000.0,3000.0,3000.0,3000.0,3000.0,3000.0,3000.0,3000.0,3000.0,3000.0,3000.0,3000.0,3000.0,3000.0,3000.0,3000.0,3000.0,3000.0,3000.0,3000.0,3000.0,3000.0,3000.0,3000.0,3000.0,3000.0,3000.0,3000.0,3000.0,3000.0,3000.0,3000.0
2067,3000.0,2046.6630801141612,1666.5699727142091,3000.0,3000.0,2046.6630801141612,1666.5699727142091,3000.0,3000.0,2046.6630801141612,1666.5699727142091,3000.0,3000.0,2046.6630801141612,1666.5699727142091,3000.0,3000.0,1666.5699727142091,2046.6630801141612,3000.0,3000.0,1666.5699727142091,2046.6630801141612,3000.0,3000.0,1666.5699727142091,2046.6630801141612,3000.0,3000.0,1666.5699727142091,2046.6630801141612,3000.0,3000.0,3000.0,3000.0,3000.0,3000.0,3000.0,3000.0,3000.0,3000.0,3000.0,3000.0,3000.0,3000.0,3000.0,3000.0,3000.0,3000.0,3000.0,3000.0,3000.0,3000.0,3000.0,3000.0,3000.0,3000.0,3000.0,3000.0,3000.0,3000.0,3000.0,3000.0,3000.0,3000.0,3000.0,3000.0,3000.0,3000.0,3000.0,3000.0,3000.0,3000.0,3000.0,3000.0,3000.0,3000.0,3000.0,3000.0,3000.0,3000.0,3000.0,3000.0,3000.0,3000.0,3000.0,3000.0,3000.0,3000.0,3000.0,3000.0,3000.0,3000.0,3000.0,3000.0,3000.0
2133,3000.0,2046.6630801141612,1636.1104692964561,3000.0,3000.0,2046.6630801141612,1636.1104692964561,3000.0,3000.0,2046.6630801141612,1636.1104692964561,3000.0,3000.0,2046.6630801141612,1636.1104692964561,3000.0,3000.0,1636.1104692964561,2046.6630801141612,3000.0,3000.0,1636.1104692964561,2046.6630801141612,3000.0,3000.0,1636.1104692964561,2046.6630801141612,3000.0,3000.0,1636.1104692964561,2046.6630801141612,3000.0,3000.0,3000.0,3000.0,3000.0,3000.0,3000.0,3000.0,3000.0,3000.0,3000.0,3000.0,3000.0,3000.0,3000.0,3000.0,3000.0,3000.0,3000.0,3000.0,3000.0,3000.0,3000.0,3000.0,3000.0,3000.0,3000.0,3000.0,3000.0,3000.0,3000.0,3000.0,3000.0,3000.0,3000.0,3000.0,3000.0,3000.0,3000.0,3000.0,3000.0,3000.0,3000.0,3000.0,3000.0,3000.0,3000.0,3000.0,3000.0,3000.0,3000.0,3000.0,3000.0,3000.0,3000.0,3000.0,3000.0,3000.0,3000.0,3000.0,3000.0,3000.0,3000.0,3000.0,3000.0
2200,3000.0,2046.6630801141612,1605.650965878703,3000.0,3000.0,2046.6630801141612,1605.650965878703,3000.0,3000.0,2046.6630801141612,1605.650965878703,3000.0,3000.0,2046.6630801141612,1605.650965878703,3000.0,3000.0,1605.650965878703,2046.6630801141612,3000.0,3000.0,1605.650965878703,2046.6630801141612,3000.0,3000.0,1605.650965878703,2046.6630801141612,3000.0,3000.0,1605.650965878703,2046.6630801141612,3000.0,3000.0,3000.0,3000.0,3000.0,3000.0,3000.0,3000.0,3000.0,3000.0,3000.0,3000.0,3000.0,3000.0,3000.0,3000.0,3000.0,3000.0,3000.0,3000.0,3000.0,3000.0,3000.0,3000.0,3000.0,3000.0,3000.0,3000.0,3000.0,3000.0,3000.0,3000.0,3000.0,3000.0,3000.0,3000.0,3000.0,3000.0,3000.0,3000.0,3000.0,3000.0,3000.0,3000.0,3000.0,3000.0,3000.0,3000.0,3000.0,3000.0,3000.0,3000.0,3000.0,3000.0,3000.0,3000.0,3000.0,3000.0,3000.0,3000.0,3000.0,3000.0,3000.0,3000.0,3000.0
2267,3000.0,2046.6630801141612,1575.1914624609499,3000.0,3000.0,2046.6630801141612,1575.1914624609499,3000.0,3000.0,2046.6630801141612,1575.1914624609499,3000.0,3000.0,2046.6630801141612,1575.1914624609499,3000.0,3000.0,1575.1914624609499,2046.6630801141612,3000.0,3000.0,1575.1914624609499,2046.6630801141612,3000.0,3000.0,1575.1914624609499,2046.6630801141612,3000.0,3000.0,1575.1914624609499,2046.6630801141612,3000.0,3000.0,3000.0,3000.0,3000.0,3000.0,3000.0,3000.0,3000.0,3000.0,3000.0,3000.0,3000.0,3000.0,3000.0,3000.0,3000.0,3000.0,3000.0,3000.0,3000.0,3000.0,3000.0,3000.0,3000.0,3000.0,3000.0,3000.0,3000.0,3000.0,3000.0,3000.0,3000.0,3000.0,3000.0,3000.0,3000.0,3000.0,3000.0,3000.0,3000.0,3000.0,3000.0,3000.0,3000.0,3000.0,3000.0,3000.0,3000.0,3000.0,3000.0,3000.0,3000.0,3000.0,3000.0,3000.0,3000.0,3000.0,3000.0,3000.0,3000.0,3000.0,3000.0,3000.0,3000.0
2333,3000.0,2046.6630801141612,1544.7319590431964,3000.0,3000.0,2046.6630801141612,1544.7319590431964,3000.0,3000.0,2046.6630801141612,1544.7319590431964,3000.0,3000.0,2046.6630801141612,1544.7319590431964,3000.0,3000.0,1544.7319590431964,2046.6630801141612,3000.0,3000.0,1544.7319590431964,2046.6630801141612,3000.0,3000.0,1544.7319590431964,2046.6630801141612,3000.0,3000.0,1544.7319590431964,2046.6630801141612,3000.0,3000.0,3000.0,3000.0,3000.0,3000.0,3000.0,3000.0,3000.0,3000.0,3000.0,3000.0,3000.0,3000.0,3000.0,3000.0,3000.0,3000.0,3000.0,3000.0,3000.0,3000.0,3000.0,3000.0,3000.0,3000.0,3000.0,3000.0,3000.0,3000.0,3000.0,3000.0,3000.0,3000.0,3000.0,3000.0,3000.0,3000.0,3000.0,3000.0,3000.0,3000.0,3000.0,3000.0,3000.0,3000.0,3000.0,3000.0,3000.0,3000.0,3000.0,3000.0,3000.0,3000.0,3000.0,3000.0,3000.0,3000.0,3000.0,3000.0,3000.0,3000.0,3000.0,3000.0,3000.0
2400,3000.0,2046.6630801141612,1514.2724556254434,3000.0,3000.0,2046.6630801141612,1514.2724556254434,3000.0,3000.0,2046.6630801141612,1514.2724556254434,3000.0,3000.0,2046.6630801141612,1514.2724556254434,3000.0,3000.0,1514.2724556254434,2046.6630801141612,3000.0,3000.0,1514.2724556254434,2046.6630801141612,3000.0,3000.0,1514.2724556254434,2046.6630801141612,3000.0,3000.0,1514.2724556254434,2046.6630801141612,3000.0,3000.0,3000.0,3000.0,3000.0,3000.0,3000.0,3000.0,3000.0,3000.0,3000.0,3000.0,3000.0,3000.0,3000.0,3000.0,3000.0,3000.0,3000.0,3000.0,3000.0,3000.0,3000.0,3000.0,3000.0,3000.0,3000.0,3000.0,3000.0,3000.0,3000.0,3000.0,3000.0,3000.0,3000.0,3000.0,3000.0,3000.0,3000.0,3000.0,3000.0,3000.0,3000.0,3000.0,3000.0,3000.0,3000.0,3000.0,3000.0,3000.0,3000.0,3000.0,3000.0,3000.0,3000.0,3000.0,3000.0,3000.0,3000.0,3000.0,3000.0,3000.0,3000.0,3000.0,3000.0
2467,3000.0,2046.6630801141612,1483.8129522076902,2273.333333333333,3000.0,2046.6630801141612,1483.8129522076902,2273.333333333333,3000.0,2046.6630801141612,1483.8129522076902,2273.333333333333,3000.0,2046.6630801141612,1483.8129522076902,2273.333333333333,2273.333333333333,1483.8129522076902,2046.6630801141612,3000.0,2273.333333333333,1483.8129522076902,2046.6630801141612,3000.0,2273.333333333333,1483.8129522076902,2046.6630801141612,3000.0,2273.333333333333,1483.8129522076902,2046.6630801141612,3000.0,3000.0,3000.0,3000.0,2273.333333333334,3000.0,3000.0,3000.0,2273.333333333334,3000.0,3000.0,3000.0,2273.333333333334,3000.0,3000.0,3000.0,2273.333333333334,3000.0,3000.0,3000.0,3000.0,3000.0,3000.0,3000.0,3000.0,3000.0,3000.0,3000.0,3000.0,3000.0,3000.0,3000.0,3000.0,3000.0,3000.0,3000.0,3000.0,3000.0,3000.0,3000.0,3000.0,3000.0,3000.0,3000.0,3000.0,3000.0,3000.0,3000.0,3000.0,2273.333333333334,3000.0,3000.0,3000.0,2273.333333333334,3000.0,3000.0,3000.0,2273.333333333334,3000.0,3000.0,3000.0,2273.333333333334,3000.0,3000.0,3000.0
2533,3000.0,2046.6630801141612,1453.353448789937,2226.666666666666,3000.0,2046.6630801141612,1453.353448789937,2226.666666666666,3000.0,2046.6630801141612,1453.353448789937,2226.666666666666,3000.0,2046.6630801141612,1453.353448789937,2226.666666666666,2226.666666666666,1453.353448789937,2046.6630801141612,3000.0,2226.666666666666,1453.353448789937,2046.6630801141612,3000.0,2226.666666666666,1453.353448789937,2046.6630801141612,3000.0,2226.666666666666,1453.353448789937,2046.6630801141612,3000.0,3000.0,3000.0,3000.0,2226.666666666667,3000.0,3000.0,3000.0,2226.666666666667,3000.0,3000.0,3000.0,2226.666666666667,3000.0,3000.0,3000.0,2226.666666666667,3000.0,3000.0,3000.0,3000.0,3000.0,3000.0,3000.0,3000.0,3000.0,3000.0,3000.0,3000.0,3000.0,3000.0,3000.0,3000.0,3000.0,3000.0,3000.0,3000.0,3000.0,3000.0,3000.0,3000.0,3000.0,3000.0,3000.0,3000.0,3000.0,3000.0,3000.0,3000.0,2226.666666666667,3000.0,3000.0,3000.0,2226.666666666667,3000.0,3000.0,3000.0,2226.666666666667,3000.0,3000.0,3000.0,2226.666666666667,3000.0,3000.0,3000.0
2600,3000.0,2046.6630801141612,1422.8939453721841,2180.0,3000.0,2046.6630801141612,1422.8939453721841,2180.0,3000.0,2046.6630801141612,1422.8939453721841,2180.0,3000.0,2046.6630801141612,1422.8939453721841,2180.0,2180.0,1422.8939453721841,2046.6630801141612,3000.0,2180.0,1422.8939453721841,2046.6630801141612,3000.0,2180.0,1422.8939453721841,2046.6630801141612,3000.0,2180.0,1422.8939453721841,2046.6630801141612,3000.0,3000.0,3000.0,3000.0,2180.0000000000005,3000.0,3000.0,3000.0,2180.0000000000005,3000.0,3000.0,3000.0,2180.0000000000005,3000.0,3000.0,3000.0,2180.0000000000005,3000.0,3000.0,3000.0,3000.0,3000.0,3000.0,3000.0,3000.0,3000.0,3000.0,3000.0,3000.0,3000.0,3000.0,3000.0,3000.0,3000.0,3000.0,3000.0,3000.0,3000.0,3000.0,3000.0,3000.0,3000.0,3000.0,3000.0,3000.0,3000.0,3000.0,3000.0,3000.0,2180.0000000000005,3000.0,3000.0,3000.0,2180.0000000000005,3000.0,3000.0,3000.0,2180.0000000000005,3000.0,3000.0,3000.0,2180.0000000000005,3000.0,3000.0,3000.0
2667,3000.0,2046.6630801141612,1392.4344419544307,2133.3333333333335,3000.0,2046.6630801141612,1392.4344419544307,2133.3333333333335,3000.0,2046.6630801141612,1392.4344419544307,2133.3333333333335,3000.0,2046.6630801141612,1392.4344419544307,2133.3333333333335,2133.3333333333335,1392.4344419544307,2046.6630801141612,3000.0,2133.3333333333335,1392.4344419544307,2046.6630801141612,3000.0,2133.3333333333335,1392.4344419544307,2046.6630801141612,3000.0,2133.3333333333335,1392.4344419544307,2046.6630801141612,3000.0,3000.0,3000.0,3000.0,2133.3333333333344,3000.0,3000.0,3000.0,2133.3333333333344,3000.0,3000.0,3000.0,2133.3333333333344,3000.0,3000.0,3000.0,2133.3333333333344,3000.0,3000.0,3000.0,3000.0,3000.0,3000.0,3000.0,3000.0,3000.0,3000.0,3000.0,3000.0,3000.0,3000.0,3000.0,3000.0,3000.0,3000.0,3000.0,3000.0,3000.0,3000.0,3000.0,3000.0,3000.0,3000.0,3000.0,3000.0,3000.0,3000.0,3000.0,3000.0,2133.3333333333344,3000.0,3000.0,3000.0,2133.3333333333344,3000.0,3000.0,3000.0,2133.3333333333344,3000.0,3000.0,3000.0,2133.3333333333344,3000.0,3000.0,3000.0
2733,3000.0,2046.6630801141612,1361.9749385366777,2086.6666666666665,3000.0,2046.6630801141612,1361.9749385366777,2086.6666666666665,3000.0,2046.6630801141612,1361.9749385366777,2086.6666666666665,3000.0,2046.6630801141612,1361.9749385366777,2086.6666666666665,2086.6666666666665,1361.9749385366777,2046.6630801141612,3000.0,2086.6666666666665,1361.9749385366777,2046.6630801141612,3000.0,2086.6666666666665,1361.9749385366777,2046.6630801141612,3000.0,2086.6666666666665,1361.9749385366777,2046.6630801141612,3000.0,3000.0,3000.0,3000.0,2086.6666666666674,3000.0,3000.0,3000.0,2086.6666666666674,3000.0,3000.0,3000.0,2086.6666666666674,3000.0,3000.0,3000.0,2086.6666666666674,3000.0,3000.0,3000.0,3000.0,3000.0,3000.0,3000.0,3000.0,3000.0,3000.0,3000.0,3000.0,3000.0,3000.0,3000.0,3000.0,3000.0,3000.0,3000.0,3000.0,3000.0,3000.0,3000.0,3000.0,3000.0,3000.0,3000.0,3000.0,3000.0,3000.0,3000.0,3000.0,2086.6666666666674,3000.0,3000.0,3000.0,2086.6666666666674,3000.0,3000.0,3000.0,2086.6666666666674,3000.0,3000.0,3000.0,2086.6666666666674,3000.0,3000.0,3000.0
2800,3000.0,2046.6630801141612,1331.5154351189242,2039.9999999999995,3000.0,2046.6630801141612,1331.5154351189242,2039.9999999999995,3000.0,2046.6630801141612,1331.5154351189242,2039.9999999999995,3000.0,2046.6630801141612,1331.5154351189242,2039.9999999999995,2039.9999999999995,1331.5154351189242,2046.6630801141612,3000.0,2039.9999999999995,1331.5154351189242,2046.6630801141612,3000.0,2039.9999999999995,1331.5154351189242,2046.6630801141612,3000.0,2039.9999999999995,1331.5154351189242,2046.6630801141612,3000.0,3000.0,3000.0,3000.0,2040.0000000000005,3000.0,3000.0,3000.0,2040.0000000000005,3000.0,3000.0,3000.0,2040.0000000000005,3000.0,3000.0,3000.0,2040.0000000000005,3000.0,3000.0,3000.0,3000.0,3000.0,3000.0,3000.0,3000.0,3000.0,3000.0,3000.0,3000.0,3000.0,3000.0,3000.0,3000.0,3000.0,3000.0,3000.0,3000.0,3000.0,3000.0,3000.0,3000.0,3000.0,3000.0,3000.0,3000.0,3000.0,3000.0,3000.0,3000.0,2040.0000000000005,3000.0,3000.0,3000.0,2040.0000000000005,3000.0,3000.0,3000.0,2040.0000000000005,3000.0,3000.0,3000.0,2040.0000000000005,3000.0,3000.0,3000.0
2867,3000.0,2046.6630801141612,1301.0559317011714,1993.3333333333335,3000.0,2046.6630801141612,1301.0559317011714,1993.3333333333335,3000.0,2046.6630801141612,1301.0559317011714,1993.3333333333335,3000.0,2046.6630801141612,1301.0559317011714,1993.3333333333335,1993.3333333333335,1301.0559317011714,2046.6630801141612,3000.0,1993.3333333333335,1301.0559317011714,2046.6630801141612,3000.0,1993.3333333333335,1301.0559317011714,2046.6630801141612,3000.0,1993.3333333333335,1301.0559317011714,2046.6630801141612,3000.0,3000.0,3000.0,3000.0,1993.3333333333342,3000.0,3000.0,3000.0,1993.3333333333342,3000.0,3000.0,3000.0,1993.3333333333342,3000.0,3000.0,3000.0,1993.3333333333342,3000.0,3000.0,3000.0,3000.0,3000.0,3000.0,3000.0,3000.0,3000.0,3000.0,3000.0,3000.0,3000.0,3000.0,3000.0,3000.0,3000.0,3000.0,3000.0,3000.0,3000.0,3000.0,3000.0,3000.0,3000.0,3000.0,3000.0,3000.0,3000.0,3000.0,3000.0,3000.0,1993.3333333333342,3000.0,3000.0,3000.0,1993.3333333333342,3000.0,3000.0,3000.0,1993.3333333333342,3000.0,3000.0,3000.0,1993.3333333333342,3000.0,3000.0,3000.0
2933,3000.0,2046.6630801141612,1270.596428283418,1946.6666666666663,3000.0,2046.6630801141612,1270.596428283418,1946.6666666666663,3000.0,2046.6630801141612,1270.596428283418,1946.6666666666663,3000.0,2046.6630801141612,1270.596428283418,1946.6666666666663,1946.6666666666663,1270.596428283418,2046.6630801141612,3000.0,1946.6666666666663,1270.596428283418,2046.6630801141612,3000.0,1946.6666666666663,1270.596428283418,2046.6630801141612,3000.0,1946.6666666666663,1270.596428283418,2046.6630801141612,3000.0,3000.0,3000.0,3000.0,1946.666666666667,3000.0,3000.0,3000.0,1946.666666666667,3000.0,3000.0,3000.0,1946.666666666667,3000.0,3000.0,3000.0,1946.666666666667,3000.0,3000.0,3000.0,3000.0,3000.0,3000.0,3000.0,3000.0,3000.0,3000.0,3000.0,3000.0,3000.0,3000.0,3000.0,3000.0,3000.0,3000.0,3000.0,3000.0,3000.0,3000.0,3000.0,3000.0,3000.0,3000.0,3000.0,3000.0,3000.0,3000.0,3000.0,3000.0,1946.666666666667,3000.0,3000.0,3000.0,1946.666666666667,3000.0,3000.0,3000.0,1946.666666666667,3000.0,3000.0,3000.0,1946.666666666667,3000.0,3000.0,3000.0
3000,3000.0,2046.6630801141612,1240.1369248656652,1900.0000000000002,3000.0,2046.6630801141612,1240.1369248656652,1900.0000000000002,3000.0,2046.6630801141612,1240.1369248656652,1900.0000000000002,3000.0,2046.6630801141612,1240.1369248656652,1900.0000000000002,1900.0000000000002,1240.1369248656652,2046.6630801141612,3000.0,1900.0000000000002,1240.1369248656652,2046.6630801141612,3000.0,1900.0000000000002,1240.1369248656652,2046.6630801141612,3000.0,1900.0000000000002,1240.1369248656652,2046.6630801141612,3000.0,3000.0,3000.0,3000.0,1900.000000000001,3000.0,3000.0,3000.0,1900.000000000001,3000.0,3000.0,3000.0,1900.000000000001,3000.0,3000.0,3000.0,1900.000000000001,3000.0,3000.0,3000.0,3000.0,3000.0,3000.0,3000.0,3000.0,3000.0,3000.0,3000.0,3000.0,3000.0,3000.0,3000.0,3000.0,3000.0,3000.0,3000.0,3000.0,3000.0,3000.0,3000.0,3000.0,3000.0,3000.0,3000.0,3000.0,3000.0,3000.0,3000.0,3000.0,1900.000000000001,3000.0,3000.0,3000.0,1900.000000000001,3000.0,3000.0,3000.0,1900.000000000001,3000.0,3000.0,3000.0,1900.000000000001,3000.0,3000.0,3000.0
3067,3000.0,2046.6630801141612,1209.6774214479117,1853.333333333333,3000.0,2046.6630801141612,1209.6774214479117,1853.333333333333,3000.0,2046.6630801141612,1209.6774214479117,1853.333333333333,3000.0,2046.6630801141612,1209.6774214479117,1853.333333333333,1853.333333333333,1209.6774214479117,2046.6630801141612,3000.0,1853.333333333333,1209.6774214479117,2046.6630801141612,3000.0,1853.333333333333,1209.6774214479117,2046.6630801141612,3000.0,1853.333333333333,1209.6774214479117,2046.6630801141612,3000.0,3000.0,3000.0,3000.0,1853.3333333333337,3000.0,3000.0,3000.0,1853.3333333333337,3000.0,3000.0,3000.0,1853.3333333333337,3000.0,3000.0,3000.0,1853.3333333333337,3000.0,3000.0,3000.0,3000.0,3000.0,3000.0,3000.0,3000.0,3000.0,3000.0,3000.0,3000.0,3000.0,3000.0,3000.0,3000.0,3000.0,3000.0,3000.0,3000.0,3000.0,3000.0,3000.0,3000.0,3000.0,3000.0,3000.0,3000.0,3000.0,3000.0,3000.0,3000.0,1853.3333333333337,3000.0,3000.0,3000.0,1853.3333333333337,3000.0,3000.0,3000.0,1853.3333333333337,3000.0,3000.0,3000.0,1853.3333333333337,3000.0,3000.0,3000.0
3133,3000.0,2046.6630801141612,1179.2179180301584,1806.6666666666665,3000.0,2046.6630801141612,1179.2179180301584,1806.6666666666665,3000.0,2046.6630801141612,1179.2179180301584,1806.6666666666665,3000.0,2046.6630801141612,1179.2179180301584,1806.6666666666665,1806.6666666666665,1179.2179180301584,2046.6630801141612,3000.0,1806.6666666666665,1179.2179180301584,2046.6630801141612,3000.0,1806.6666666666665,1179.2179180301584,2046.6630801141612,3000.0,1806.6666666666665,1179.2179180301584,2046.6630801141612,3000.0,3000.0,3000.0,3000.0,1806.6666666666672,3000.0,3000.0,3000.0,1806.6666666666672,3000.0,3000.0,3000.0,1806.6666666666672,3000.0,3000.0,3000.0,1806.6666666666672,3000.0,3000.0,3000.0,3000.0,3000.0,3000.0,3000.0,3000.0,3000.0,3000.0,3000.0,3000.0,3000.0,3000.0,3000.0,3000.0,3000.0,3000.0,3000.0,3000.0,3000.0,3000.0,3000.0,3000.0,3000.0,3000.0,3000.0,3000.0,3000.0,3000.0,3000.0,3000.0,1806.6666666666672,3000.0,3000.0,3000.0,1806.6666666666672,3000.0,3000.0,3000.0,1806.6666666666672,3000.0,3000.0,3000.0,1806.6666666666672,3000.0,3000.0,3000.0
3200,3000.0,2046.6630801141612,1148.7584146124052,1759.9999999999998,3000.0,2046.6630801141612,1148.7584146124052,1759.9999999999998,3000.0,2046.6630801141612,1148.7584146124052,1759.9999999999998,3000.0,2046.6630801141612,1148.7584146124052,1759.9999999999998,1759.9999999999998,1148.7584146124052,2046.6630801141612,3000.0,1759.9999999999998,1148.7584146124052,2046.6630801141612,3000.0,1759.9999999999998,1148.7584146124052,2046.6630801141612,3000.0,1759.9999999999998,1148.7584146124052,2046.6630801141612,3000.0,3000.0,3000.0,3000.0,1760.0000000000005,3000.0,3000.0,3000.0,1760.0000000000005,3000.0,3000.0,3000.0,1760.0000000000005,3000.0,3000.0,3000.0,1760.0000000000005,3000.0,3000.0,3000.0,3000.0,3000.0,3000.0,3000.0,3000.0,3000.0,3000.0,3000.0,3000.0,3000.0,3000.0,3000.0,3000.0,3000.0,3000.0,3000.0,3000.0,3000.0,3000.0,3000.0,3000.0,3000.0,3000.0,3000.0,3000.0,3000.0,3000.0,3000.0,3000.0,1760.0000000000005,3000.0,3000.0,3000.0,1760.0000000000005,3000.0,3000.0,3000.0,1760.0000000000005,3000.0,3000.0,3000.0,1760.0000000000005,3000.0,3000.0,3000.0
3267,3000.0,2046.6630801141612,1118.2989111946522,1713.3333333333333,3000.0,2046.6630801141612,1118.2989111946522,1713.3333333333333,3000.0,2046.6630801141612,1118.2989111946522,1713.3333333333333,3000.0,2046.6630801141612,1118.2989111946522,1713.3333333333333,1713.3333333333333,1118.2989111946522,2046.6630801141612,3000.0,1713.3333333333333,1118.2989111946522,2046.6630801141612,3000.0,1713.3333333333333,1118.2989111946522,2046.6630801141612,3000.0,1713.3333333333333,1118.2989111946522,2046.6630801141612,3000.0,3000.0,3000.0,3000.0,1713.3333333333337,3000.0,3000.0,3000.0,1713.3333333333337,3000.0,3000.0,3000.0,1713.3333333333337,3000.0,3000.0,3000.0,1713.3333333333337,3000.0,3000.0,3000.0,3000.0,3000.0,3000.0,3000.0,3000.0,3000.0,3000.0,3000.0,3000.0,3000.0,3000.0,3000.0,3000.0,3000.0,3000.0,3000.0,3000.0,3000.0,3000.0,3000.0,3000.0,3000.0,3000.0,3000.0,3000.0,3000.0,3000.0,3000.0,3000.0,1713.3333333333337,3000.0,3000.0,3000.0,1713.3333333333337,3000.0,3000.0,3000.0,1713.3333333333337,3000.0,3000.0,3000.0,1713.3333333333337,3000.0,3000.0,3000.0
3333,3000.0,2046.6630801141612,1089.0066788022884,1666.6666666666663,3000.0,2046.6630801141612,1089.0066788022884,1666.6666666666663,3000.0,2046.6630801141612,1089.0066788022884,1666.6666666666663,3000.0,2046.6630801141612,1089.0066788022884,1666.6666666666663,1666.6666666666663,1089.0066788022884,2046.6630801141612,3000.0,1666.6666666666663,1089.0066788022884,2046.6630801141612,3000.0,1666.6666666666663,1089.0066788022884,2046.6630801141612,3000.0,1666.6666666666663,1089.0066788022884,2046.6630801141612,3000.0,3000.0,3000.0,3000.0,1666.6666666666667,3000.0,3000.0,3000.0,1666.6666666666667,3000.0,3000.0,3000.0,1666.6666666666667,3000.0,3000.0,3000.0,1666.6666666666667,3000.0,3000.0,3000.0,3000.0,3000.0,3000.0,3000.0,3000.0,3000.0,3000.0,3000.0,3000.0,3000.0,3000.0,3000.0,3000.0,3000.0,3000.0,3000.0,3000.0,3000.0,3000.0,3000.0,3000.0,3000.0,3000.0,3000.0,3000.0,3000.0,3000.0,3000.0,3000.0,1666.6666666666667,3000.0,3000.0,3000.0,1666.6666666666667,3000.0,3000.0,3000.0,1666.6666666666667,3000.0,3000.0,3000.0,1666.6666666666667,3000.0,3000.0,3000.0
3400,3000.0,2046.6630801141612,1089.0066788022884,1619.9999999999998,3000.0,2046.6630801141612,1089.0066788022884,1619.9999999999998,3000.0,2046.6630801141612,1089.0066788022884,1619.9999999999998,3000.0,2046.6630801141612,1089.0066788022884,1619.9999999999998,1619.9999999999998,1089.0066788022884,2046.6630801141612,3000.0,1619.9999999999998,1089.0066788022884,2046.6630801141612,3000.0,1619.9999999999998,1089.0066788022884,2046.6630801141612,3000.0,1619.9999999999998,1089.0066788022884,2046.6630801141612,3000.0,3000.0,3000.0,3000.0,1620.0000000000005,3000.0,3000.0,3000.0,1620.0000000000005,3000.0,3000.0,3000.0,1620.0000000000005,3000.0,3000.0,3000.0,1620.0000000000005,3000.0,3000.0,3000.0,3000.0,3000.0,3000.0,3000.0,3000.0,3000.0,3000.0,3000.0,3000.0,3000.0,3000.0,3000.0,3000.0,3000.0,3000.0,3000.0,3000.0,3000.0,3000.0,3000.0,3000.0,3000.0,3000.0,3000.0,3000.0,3000.0,3000.0,3000.0,3000.0,1620.0000000000005,3000.0,3000.0,3000.0,1620.0000000000005,3000.0,3000.0,3000.0,1620.0000000000005,3000.0,3000.0,3000.0,1620.0000000000005,3000.0,3000.0,3000.0
3467,3000.0,2046.6630801141612,1089.0066788022884,1573.333333333333,3000.0,2046.6630801141612,1089.0066788022884,1573.333333333333,3000.0,2046.6630801141612,1089.0066788022884,1573.333333333333,3000.0,2046.6630801141612,1089.0066788022884,1573.333333333333,1573.333333333333,1089.0066788022884,2046.6630801141612,3000.0,1573.333333333333,1089.0066788022884,2046.6630801141612,3000.0,1573.333333333333,1089.0066788022884,2046.6630801141612,3000.0,1573.333333333333,1089.0066788022884,2046.6630801141612,3000.0,3000.0,3000.0,3000.0,1573.3333333333335,3000.0,3000.0,3000.0,1573.3333333333335,3000.0,3000.0,3000.0,1573.3333333333335,3000.0,3000.0,3000.0,1573.3333333333335,3000.0,3000.0,3000.0,3000.0,3000.0,3000.0,3000.0,3000.0,3000.0,3000.0,3000.0,3000.0,3000.0,3000.0,3000.0,3000.0,3000.0,3000.0,3000.0,3000.0,3000.0,3000.0,3000.0,3000.0,3000.0,3000.0,3000.0,3000.0,3000.0,3000.0,3000.0,3000.0,1573.3333333333335,3000.0,3000.0,3000.0,1573.3333333333335,3000.0,3000.0,3000.0,1573.3333333333335,3000.0,3000.0,3000.0,1573.3333333333335,3000.0,3000.0,3000.0
3533,3000.0,2046.6630801141612,1089.0066788022884,1526.6666666666665,3000.0,2046.6630801141612,1089.0066788022884,1526.6666666666665,3000.0,2046.6630801141612,1089.0066788022884,1526.6666666666665,3000.0,2046.6630801141612,1089.0066788022884,1526.6666666666665,1526.6666666666665,1089.0066788022884,2046.6630801141612,3000.0,1526.6666666666665,1089.0066788022884,2046.6630801141612,3000.0,1526.6666666666665,1089.0066788022884,2046.6630801141612,3000.0,1526.6666666666665,1089.0066788022884,2046.6630801141612,3000.0,3000.0,3000.0,3000.0,1526.666666666667,3000.0,3000.0,3000.0,1526.666666666667,3000.0,3000.0,3000.0,1526.666666666667,3000.0,3000.0,3000.0,1526.666666666667,3000.0,3000.0,3000.0,3000.0,3000.0,3000.0,3000.0,3000.0,3000.0,3000.0,3000.0,3000.0,3000.0,3000.0,3000.0,3000.0,3000.0,3000.0,3000.0,3000.0,3000.0,3000.0,3000.0,3000.0,3000.0,3000.0,3000.0,3000.0,3000.0,3000.0,3000.0,3000.0,1526.666666666667,3000.0,3000.0,3000.0,1526.666666666667,3000.0,3000.0,3000.0,1526.666666666667,3000.0,3000.0,3000.0,1526.666666666667,3000.0,3000.0,3000.0
3600,3000.0,2046.6630801141612,1089.0066788022884,1479.9999999999995,3000.0,2046.6630801141612,1089.0066788022884,1479.9999999999995,3000.0,2046.6630801141612,1089.0066788022884,1479.9999999999995,3000.0,2046.6630801141612,1089.0066788022884,1479.9999999999995,1479.9999999999995,1089.0066788022884,2046.6630801141612,3000.0,1479.9999999999995,1089.0066788022884,2046.6630801141612,3000.0,1479.9999999999995,1089.0066788022884,2046.6630801141612,3000.0,1479.9999999999995,1089.0066788022884,2046.6630801141612,3000.0,3000.0,3000.0,3000.0,1480.0000000000002,3000.0,3000.0,3000.0,1480.0000000000002,3000.0,3000.0,3000.0,1480.0000000000002,3000.0,3000.0,3000.0,1480.0000000000002,3000.0,3000.0,3000.0,3000.0,3000.0,3000.0,3000.0,3000.0,3000.0,3000.0,3000.0,3000.0,3000.0,3000.0,3000.0,3000.0,3000.0,3000.0,3000.0,3000.0,3000.0,3000.0,3000.0,3000.0,3000.0,3000.0,3000.0,3000.0,3000.0,3000.0,3000.0,3000.0,1480.0000000000002,3000.0,3000.0,3000.0,1480.0000000000002,3000.0,3000.0,3000.0,1480.0000000000002,3000.0,3000.0,3000.0,1480.0000000000002,3000.0,3000.0,3000.0
3667,3000.0,2046.6630801141612,1089.0066788022884,1433.3333333333333,3000.0,2046.6630801141612,1089.0066788022884,1433.3333333333333,3000.0,2046.6630801141612,1089.0066788022884,1433.3333333333333,3000.0,2046.6630801141612,1089.0066788022884,1433.3333333333333,1433.3333333333333,1089.0066788022884,2046.6630801141612,3000.0,1433.3333333333333,1089.0066788022884,2046.6630801141612,3000.0,1433.3333333333333,1089.0066788022884,2046.6630801141612,3000.0,1433.3333333333333,1089.0066788022884,2046.6630801141612,3000.0,3000.0,3000.0,3000.0,1433.3333333333337,3000.0,3000.0,3000.0,1433.3333333333337,3000.0,3000.0,3000.0,1433.3333333333337,3000.0,3000.0,3000.0,1433.3333333333337,3000.0,3000.0,3000.0,3000.0,3000.0,3000.0,3000.0,3000.0,3000.0,3000.0,3000.0,3000.0,3000.0,3000.0,3000.0,3000.0,3000.0,3000.0,3000.0,3000.0,3000.0,3000.0,3000.0,3000.0,3000.0,3000.0,3000.0,3000.0,3000.0,3000.0,3000.0,3000.0,1433.3333333333337,3000.0,3000.0,3000.0,1433.3333333333337,3000.0,3000.0,3000.0,1433.3333333333337,3000.0,3000.0,3000.0,1433.3333333333337,3000.0,3000.0,3000.0
3733,3000.0,2046.6630801141612,1089.0066788022884,1386.6666666666665,3000.0,2046.6630801141612,1089.0066788022884,1386.6666666666665,3000.0,2046.6630801141612,1089.0066788022884,1386.6666666666665,3000.0,2046.6630801141612,1089.0066788022884,1386.6666666666665,1386.6666666666665,1089.0066788022884,2046.6630801141612,3000.0,1386.6666666666665,1089.0066788022884,2046.6630801141612,3000.0,1386.6666666666665,1089.0066788022884,2046.6630801141612,3000.0,1386.6666666666665,1089.0066788022884,2046.6630801141612,3000.0,3000.0,3000.0,3000.0,1386.666666666667,3000.0,3000.0,3000.0,1386.666666666667,3000.0,3000.0,3000.0,1386.666666666667,3000.0,3000.0,3000.0,1386.666666666667,3000.0,3000.0,3000.0,3000.0,3000.0,3000.0,3000.0,3000.0,3000.0,3000.0,3000.0,3000.0,3000.0,3000.0,3000.0,3000.0,3000.0,3000.0,3000.0,3000.0,3000.0,3000.0,3000.0,3000.0,3000.0,3000.0,3000.0,3000.0,3000.0,3000.0,3000.0,3000.0,1386.666666666667,3000.0,3000.0,3000.0,1386.666666666667,3000.0,3000.0,3000.0,1386.666666666667,3000.0,3000.0,3000.0,1386.666666666667,3000.0,3000.0,3000.0
3800,3000.0,2046.6630801141612,1089.0066788022884,1340.0,3000.0,2046.6630801141612,1089.0066788022884,1340.0,3000.0,2046.6630801141612,1089.0066788022884,1340.0,3000.0,2046.6630801141612,1089.0066788022884,1340.0,1340.0,1089.0066788022884,2046.6630801141612,3000.0,1340.0,1089.0066788022884,2046.6630801141612,3000.0,1340.0,1089.0066788022884,2046.6630801141612,3000.0,1340.0,1089.0066788022884,2046.6630801141612,3000.0,3000.0,3000.0,3000.0,1340.0000000000005,3000.0,3000.0,3000.0,1340.0000000000005,3000.0,3000.0,3000.0,1340.0000000000005,3000.0,3000.0,3000.0,1340.0000000000005,3000.0,3000.0,3000.0,3000.0,3000.0,3000.0,3000.0,3000.0,3000.0,3000.0,3000.0,3000.0,3000.0,3000.0,3000.0,3000.0,3000.0,3000.0,3000.0,3000.0,3000.0,3000.0,3000.0,3000.0,3000.0,3000.0,3000.0,3000.0,3000.0,3000.0,3000.0,3000.0,1340.0000000000005,3000.0,3000.0,3000.0,1340.0000000000005,3000.0,3000.0,3000.0,1340.0000000000005,3000.0,3000.0,3000.0,1340.0000000000005,3000.0,3000.0,3000.0
3867,3000.0,2046.6630801141612,1089.0066788022884,1293.3333333333333,3000.0,2046.6630801141612,1089.0066788022884,1293.3333333333333,3000.0,2046.6630801141612,1089.0066788022884,1293.3333333333333,3000.0,2046.6630801141612,1089.0066788022884,1293.3333333333333,1293.3333333333333,1089.0066788022884,2046.6630801141612,3000.0,1293.3333333333333,1089.0066788022884,2046.6630801141612,3000.0,1293.3333333333333,1089.0066788022884,2046.6630801141612,3000.0,1293.3333333333333,1089.0066788022884,2046.6630801141612,3000.0,3000.0,3000.0,3000.0,1293.3333333333337,3000.0,3000.0,3000.0,1293.3333333333337,3000.0,3000.0,3000.0,1293.3333333333337,3000.0,3000.0,3000.0,1293.3333333333337,3000.0,3000.0,3000.0,3000.0,3000.0,3000.0,3000.0,3000.0,3000.0,3000.0,3000.0,3000.0,3000.0,3000.0,3000.0,3000.0,3000.0,3000.0,3000.0,3000.0,3000.0,3000.0,3000.0,3000.0,3000.0,3000.0,3000.0,3000.0,3000.0,3000.0,3000.0,3000.0,1293.3333333333337,3000.0,3000.0,3000.0,1293.3333333333337,3000.0,3000.0,3000.0,1293.3333333333337,3000.0,3000.0,3000.0,1293.3333333333337,3000.0,3000.0,3000.0
3933,3000.0,2046.6630801141612,1089.0066788022884,1246.6666666666667,3000.0,2046.6630801141612,1089.0066788022884,1246.6666666666667,3000.0,2046.6630801141612,1089.0066788022884,1246.6666666666667,3000.0,2046.6630801141612,1089.0066788022884,1246.6666666666667,1246.6666666666667,1089.0066788022884,2046.6630801141612,3000.0,1246.6666666666667,1089.0066788022884,2046.6630801141612,3000.0,1246.6666666666667,1089.0066788022884,2046.6630801141612,3000.0,1246.6666666666667,1089.0066788022884,2046.6630801141612,3000.0,3000.0,3000.0,3000.0,1246.6666666666672,3000.0,3000.0,3000.0,1246.6666666666672,3000.0,3000.0,3000.0,1246.6666666666672,3000.0,3000.0,3000.0,1246.6666666666672,3000.0,3000.0,3000.0,3000.0,3000.0,3000.0,3000.0,3000.0,3000.0,3000.0,3000.0,3000.0,3000.0,3000.0,3000.0,3000.0,3000.0,3000.0,3000.0,3000.0,3000.0,3000.0,3000.0,3000.0,3000.0,3000.0,3000.0,3000.0,3000.0,3000.0,3000.0,3000.0,1246.6666666666672,3000.0,3000.0,3000.0,1246.6666666666672,3000.0,3000.0,3000.0,1246.6666666666672,3000.0,3000.0,3000.0,1246.6666666666672,3000.0,3000.0,3000.0
4000,3000.0,2046.6630801141612,1089.0066788022884,1200.0,3000.0,2046.6630801141612,1089.0066788022884,1200.0,3000.0,2046.6630801141612,1089.0066788022884,1200.0,3000.0,2046.6630801141612,1089.0066788022884,1200.0,1200.0,1089.0066788022884,2046.6630801141612,3000.0,1200.0,1089.0066788022884,2046.6630801141612,3000.0,1200.0,1089.0066788022884,2046.6630801141612,3000.0,1200.0,1089.0066788022884,2046.6630801141612,3000.0,3000.0,3000.0,3000.0,1200.0000000000005,3000.0,3000.0,3000.0,1200.0000000000005,3000.0,3000.0,3000.0,1200.0000000000005,3000.0,3000.0,3000.0,1200.0000000000005,3000.0,3000.0,3000.0,3000.0,3000.0,3000.0,3000.0,3000.0,3000.0,3000.0,3000.0,3000.0,3000.0,3000.0,3000.0,3000.0,3000.0,3000.0,3000.0,3000.0,3000.0,3000.0,3000.0,3000.0,3000.0,3000.0,3000.0,3000.0,3000.0,3000.0,3000.0,3000.0,1200.0000000000005,3000.0,3000.0,3000.0,1200.0000000000005,3000.0,3000.0,3000.0,1200.0000000000005,3000.0,3000.0,3000.0,1200.0000000000005,3000.0,3000.0,3000.0
4067,3000.0,2046.6630801141612,1089.0066788022884,1153.3333333333335,3000.0,2046.6630801141612,1089.0066788022884,1153.3333333333335,3000.0,2046.6630801141612,1089.0066788022884,1153.3333333333335,3000.0,2046.6630801141612,1089.0066788022884,1153.3333333333335,1153.3333333333335,1089.0066788022884,2046.6630801141612,3000.0,1153.3333333333335,1089.0066788022884,2046.6630801141612,3000.0,1153.3333333333335,1089.0066788022884,2046.6630801141612,3000.0,1153.3333333333335,1089.0066788022884,2046.6630801141612,3000.0,3000.0,3000.0,3000.0,1153.333333333334,3000.0,3000.0,3000.0,1153.333333333334,3000.0,3000.0,3000.0,1153.333333333334,3000.0,3000.0,3000.0,1153.333333333334,3000.0,3000.0,3000.0,3000.0,3000.0,3000.0,3000.0,3000.0,3000.0,3000.0,3000.0,3000.0,3000.0,3000.0,3000.0,3000.0,3000.0,3000.0,3000.0,3000.0,3000.0,3000.0,3000.0,3000.0,3000.0,3000.0,3000.0,3000.0,3000.0,3000.0,3000.0,3000.0,1153.333333333334,3000.0,3000.0,3000.0,1153.333333333334,3000.0,3000.0,3000.0,1153.333333333334,3000.0,3000.0,3000.0,1153.333333333334,3000.0,3000.0,3000.0
4133,3000.0,2046.6630801141612,1089.0066788022884,1106.6666666666663,3000.0,2046.6630801141612,1089.0066788022884,1106.6666666666663,3000.0,2046.6630801141612,1089.0066788022884,1106.6666666666663,3000.0,2046.6630801141612,1089.0066788022884,1106.6666666666663,1106.6666666666663,1089.0066788022884,2046.6630801141612,3000.0,1106.6666666666663,1089.0066788022884,2046.6630801141612,3000.0,1106.6666666666663,1089.0066788022884,2046.6630801141612,3000.0,1106.6666666666663,1089.0066788022884,2046.6630801141612,3000.0,3000.0,3000.0,3000.0,1106.6666666666667,3000.0,3000.0,3000.0,1106.6666666666667,3000.0,3000.0,3000.0,1106.6666666666667,3000.0,3000.0,3000.0,1106.6666666666667,3000.0,3000.0,3000.0,3000.0,3000.0,3000.0,3000.0,3000.0,3000.0,3000.0,3000.0,3000.0,3000.0,3000.0,3000.0,3000.0,3000.0,3000.0,3000.0,3000.0,3000.0,3000.0,3000.0,3000.0,3000.0,3000.0,3000.0,3000.0,3000.0,3000.0,3000.0,3000.0,1106.6666666666667,3000.0,3000.0,3000.0,1106.6666666666667,3000.0,3000.0,3000.0,1106.6666666666667,3000.0,3000.0,3000.0,1106.6666666666667,3000.0,3000.0,3000.0
4200,3000.0,2046.6630801141612,1089.0066788022884,1059.9999999999998,3000.0,2046.6630801141612,1089.0066788022884,1059.9999999999998,3000.0,2046.6630801141612,1089.0066788022884,1059.9999999999998,3000.0,2046.6630801141612,1089.0066788022884,1059.9999999999998,1059.9999999999998,1089.0066788022884,2046.6630801141612,3000.0,1059.9999999999998,1089.0066788022884,2046.6630801141612,3000.0,1059.9999999999998,1089.0066788022884,2046.6630801141612,3000.0,1059.9999999999998,1089.0066788022884,2046.6630801141612,3000.0,3000.0,3000.0,3000.0,1060.0000000000002,3000.0,3000.0,3000.0,1060.0000000000002,3000.0,3000.0,3000.0,1060.0000000000002,3000.0,3000.0,3000.0,1060.0000000000002,3000.0,3000.0,3000.0,3000.0,3000.0,3000.0,3000.0,3000.0,3000.0,3000.0,3000.0,3000.0,3000.0,3000.0,3000.0,3000.0,3000.0,3000.0,3000.0,3000.0,3000.0,3000.0,3000.0,3000.0,3000.0,3000.0,3000.0,3000.0,3000.0,3000.0,3000.0,3000.0,1060.0000000000002,3000.0,3000.0,3000.0,1060.0000000000002,3000.0,3000.0,3000.0,1060.0000000000002,3000.0,3000.0,3000.0,1060.0000000000002,3000.0,3000.0,3000.0
4267,3000.0,2046.6630801141612,1089.0066788022884,1013.3333333333334,3000.0,2046.6630801141612,1089.0066788022884,1013.3333333333334,3000.0,2046.6630801141612,1089.0066788022884,1013.3333333333334,3000.0,2046.6630801141612,1089.0066788022884,1013.3333333333334,1013.3333333333334,1089.0066788022884,2046.6630801141612,3000.0,1013.3333333333334,1089.0066788022884,2046.6630801141612,3000.0,1013.3333333333334,1089.0066788022884,2046.6630801141612,3000.0,1013.3333333333334,1089.0066788022884,2046.6630801141612,3000.0,3000.0,3000.0,3000.0,1013.3333333333336,3000.0,3000.0,3000.0,1013.3333333333336,3000.0,3000.0,3000.0,1013.3333333333336,3000.0,3000.0,3000.0,1013.3333333333336,3000.0,3000.0,3000.0,3000.0,3000.0,3000.0,3000.0,3000.0,3000.0,3000.0,3000.0,3000.0,3000.0,3000.0,3000.0,3000.0,3000.0,3000.0,3000.0,3000.0,3000.0,3000.0,3000.0,3000.0,3000.0,3000.0,3000.0,3000.0,3000.0,3000.0,3000.0,3000.0,1013.3333333333336,3000.0,3000.0,3000.0,1013.3333333333336,3000.0,3000.0,3000.0,1013.3333333333336,3000.0,3000.0,3000.0,1013.3333333333336,3000.0,3000.0,3000.0
4333,3000.0,2046.6630801141612,1089.0066788022884,966.6666666666671,3000.0,2046.6630801141612,1089.0066788022884,966.6666666666671,3000.0,2046.6630801141612,1089.0066788022884,966.6666666666671,3000.0,2046.6630801141612,1089.0066788022884,966.6666666666671,966.6666666666671,1089.0066788022884,2046.6630801141612,3000.0,966.6666666666671,1089.0066788022884,2046.6630801141612,3000.0,966.6666666666671,1089.0066788022884,2046.6630801141612,3000.0,966.6666666666671,1089.0066788022884,2046.6630801141612,3000.0,3000.0,3000.0,3000.0,966.6666666666674,3000.0,3000.0,3000.0,966.6666666666674,3000.0,3000.0,3000.0,966.6666666666674,3000.0,3000.0,3000.0,966.6666666666674,3000.0,3000.0,3000.0,3000.0,3000.0,3000.0,3000.0,3000.0,3000.0,3000.0,3000.0,3000.0,3000.0,3000.0,3000.0,3000.0,3000.0,3000.0,3000.0,3000.0,3000.0,3000.0,3000.0,3000.0,3000.0,3000.0,3000.0,3000.0,3000.0,3000.0,3000.0,3000.0,966.6666666666674,3000.0,3000.0,3000.0,966.6666666666674,3000.0,3000.0,3000.0,966.6666666666674,3000.0,3000.0,3000.0,966.6666666666674,3000.0,3000.0,3000.0
4400,3000.0,2046.6630801141612,1089.0066788022884,919.9999999999998,3000.0,2046.6630801141612,1089.0066788022884,919.9999999999998,3000.0,2046.6630801141612,1089.0066788022884,919.9999999999998,3000.0,2046.6630801141612,1089.0066788022884,919.9999999999998,919.9999999999998,1089.0066788022884,2046.6630801141612,3000.0,919.9999999999998,1089.0066788022884,2046.6630801141612,3000.0,919.9999999999998,1089.0066788022884,2046.6630801141612,3000.0,919.9999999999998,1089.0066788022884,2046.6630801141612,3000.0,3000.0,3000.0,3000.0,920.0,3000.0,3000.0,3000.0,920.0,3000.0,3000.0,3000.0,920.0,3000.0,3000.0,3000.0,920.0,3000.0,3000.0,3000.0,3000.0,3000.0,3000.0,3000.0,3000.0,3000.0,3000.0,3000.0,3000.0,3000.0,3000.0,3000.0,3000.0,3000.0,3000.0,3000.0,3000.0,3000.0,3000.0,3000.0,3000.0,3000.0,3000.0,3000.0,3000.0,3000.0,3000.0,3000.0,3000.0,920.0,3000.0,3000.0,3000.0,920.0,3000.0,3000.0,3000.0,920.0,3000.0,3000.0,3000.0,920.0,3000.0,3000.0,3000.0
4467,3000.0,2046.6630801141612,1089.0066788022884,873.3333333333333,3000.0,2046.6630801141612,1089.0066788022884,873.3333333333333,3000.0,2046.6630801141612,1089.0066788022884,873.3333333333333,3000.0,2046.6630801141612,1089.0066788022884,873.3333333333333,873.3333333333333,1089.0066788022884,2046.6630801141612,3000.0,873.3333333333333,1089.0066788022884,2046.6630801141612,3000.0,873.3333333333333,1089.0066788022884,2046.6630801141612,3000.0,873.3333333333333,1089.0066788022884,2046.6630801141612,3000.0,3000.0,3000.0,3000.0,873.3333333333336,3000.0,3000.0,3000.0,873.3333333333336,3000.0,3000.0,3000.0,873.3333333333336,3000.0,3000.0,3000.0,873.3333333333336,3000.0,3000.0,3000.0,3000.0,3000.0,3000.0,3000.0,3000.0,3000.0,3000.0,3000.0,3000.0,3000.0,3000.0,3000.0,3000.0,3000.0,3000.0,3000.0,3000.0,3000.0,3000.0,3000.0,3000.0,3000.0,3000.0,3000.0,3000.0,3000.0,3000.0,3000.0,3000.0,873.3333333333336,3000.0,3000.0,3000.0,873.3333333333336,3000.0,3000.0,3000.0,873.3333333333336,3000.0,3000.0,3000.0,873.3333333333336,3000.0,3000.0,3000.0
4533,3000.0,2046.6630801141612,1089.0066788022884,826.666666666667,3000.0,2046.6630801141612,1089.0066788022884,826.666666666667,3000.0,2046.6630801141612,1089.0066788022884,826.666666666667,3000.0,2046.6630801141612,1089.0066788022884,826.666666666667,826.666666666667,1089.0066788022884,2046.6630801141612,3000.0,826.666666666667,1089.0066788022884,2046.6630801141612,3000.0,826.666666666667,1089.0066788022884,2046.6630801141612,3000.0,826.666666666667,1089.0066788022884,2046.6630801141612,3000.0,3000.0,3000.0,3000.0,826.6666666666673,3000.0,3000.0,3000.0,826.6666666666673,3000.0,3000.0,3000.0,826.6666666666673,3000.0,3000.0,3000.0,826.6666666666673,3000.0,3000.0,3000.0,3000.0,3000.0,3000.0,3000.0,3000.0,3000.0,3000.0,3000.0,3000.0,3000.0,3000.0,3000.0,3000.0,3000.0,3000.0,3000.0,3000.0,3000.0,3000.0,3000.0,3000.0,3000.0,3000.0,3000.0,3000.0,3000.0,3000.0,3000.0,3000.0,826.6666666666673,3000.0,3000.0,3000.0,826.6666666666673,3000.0,3000.0,3000.0,826.6666666666673,3000.0,3000.0,3000.0,826.6666666666673,3000.0,3000.0,3000.0
4600,3000.0,2046.6630801141612,1089.0066788022884,808.2903768654759,3000.0,2046.6630801141612,1089.0066788022884,808.2903768654759,3000.0,2046.6630801141612,1089.0066788022884,808.2903768654759,3000.0,2046.6630801141612,1089.0066788022884,808.2903768654759,808.2903768654759,1089.0066788022884,2046.6630801141612,3000.0,808.2903768654759,1089.0066788022884,2046.6630801141612,3000.0,808.2903768654759,1089.0066788022884,2046.6630801141612,3000.0,808.2903768654759,1089.0066788022884,2046.6630801141612,3000.0,3000.0,3000.0,3000.0,808.2903768654759,3000.0,3000.0,3000.0,808.2903768654759,3000.0,3000.0,3000.0,808.2903768654759,3000.0,3000.0,3000.0,808.2903768654759,3000.0,3000.0,3000.0,3000.0,3000.0,3000.0,3000.0,3000.0,3000.0,3000.0,3000.0,3000.0,3000.0,3000.0,3000.0,3000.0,3000.0,3000.0,3000.0,3000.0,3000.0,3000.0,3000.0,3000.0,3000.0,3000.0,3000.0,3000.0,3000.0,3000.0,3000.0,3000.0,808.2903768654759,3000.0,3000.0,3000.0,808.2903768654759,3000.0,3000.0,3000.0,808.2903768654759,3000.0,3000.0,3000.0,808.2903768654759,3000.0,3000.0,3000.0
4667,3000.0,2046.6630801141612,1089.0066788022884,808.2903768654759,3000.0,2046.6630801141612,1089.0066788022884,808.2903768654759,3000.0,2046.6630801141612,1089.0066788022884,808.2903768654759,3000.0,2046.6630801141612,1089.0066788022884,808.2903768654759,808.2903768654759,1089.0066788022884,2046.6630801141612,3000.0,808.2903768654759,1089.0066788022884,2046.6630801141612,3000.0,808.2903768654759,1089.0066788022884,2046.6630801141612,3000.0,808.2903768654759,1089.0066788022884,2046.6630801141612,3000.0,3000.0,3000.0,3000.0,808.2903768654759,3000.0,3000.0,3000.0,808.2903768654759,3000.0,3000.0,3000.0,808.2903768654759,3000.0,3000.0,3000.0,808.2903768654759,3000.0,3000.0,3000.0,3000.0,3000.0,3000.0,3000.0,3000.0,3000.0,3000.0,3000.0,3000.0,3000.0,3000.0,3000.0,3000.0,3000.0,3000.0,3000.0,3000.0,3000.0,3000.0,3000.0,3000.0,3000.0,3000.0,3000.0,3000.0,3000.0,3000.0,3000.0,3000.0,808.2903768654759,3000.0,3000.0,3000.0,808.2903768654759,3000.0,3000.0,3000.0,808.2903768654759,3000.0,3000.0,3000.0,808.2903768654759,3000.0,3000.0,3000.0
4733,3000.0,2046.6630801141612,1089.0066788022884,808.2903768654759,3000.0,2046.6630801141612,1089.0066788022884,808.2903768654759,3000.0,2046.6630801141612,1089.0066788022884,808.2903768654759,3000.0,2046.6630801141612,1089.0066788022884,808.2903768654759,808.2903768654759,1089.0066788022884,2046.6630801141612,3000.0,808.2903768654759,1089.0066788022884,2046.6630801141612,3000.0,808.2903768654759,1089.0066788022884,2046.6630801141612,3000.0,808.2903768654759,1089.0066788022884,2046.6630801141612,3000.0,3000.0,3000.0,1977.1778658793141,808.2903768654759,3000.0,3000.0,1977.1778658793141,808.2903768654759,3000.0,3000.0,1977.1778658793141,808.2903768654759,3000.0,3000.0,1977.1778658793141,808.2903768654759,3000.0,3000.0,3000.0,3000.0,3000.0,3000.0,3000.0,3000.0,3000.0,3000.0,3000.0,3000.0,3000.0,3000.0,3000.0,3000.0,3000.0,3000.0,3000.0,3000.0,3000.0,3000.0,3000.0,3000.0,3000.0,3000.0,3000.0,3000.0,3000.0,3000.0,3000.0,3000.0,808.2903768654759,1977.1778658793141,3000.0,3000.0,808.2903768654759,1977.1778658793141,3000.0,3000.0,808.2903768654759,1977.1778658793141,3000.0,3000.0,808.2903768654759,1977.1778658793141,3000.0,3000.0
4800,3000.0,2046.6630801141612,1089.0066788022884,808.2903768654759,3000.0,2046.6630801141612,1089.0066788022884,808.2903768654759,3000.0,2046.6630801141612,1089.0066788022884,808.2903768654759,3000.0,2046.6630801141612,1089.0066788022884,808.2903768654759,808.2903768654759,1089.0066788022884,2046.6630801141612,3000.0,808.2903768654759,1089.0066788022884,2046.6630801141612,3000.0,808.2903768654759,1089.0066788022884,2046.6630801141612,3000.0,808.2903768654759,1089.0066788022884,2046.6630801141612,3000.0,3000.0,3000.0,1842.8065546059622,808.2903768654759,3000.0,3000.0,1842.8065546059622,808.2903768654759,3000.0,3000.0,1842.8065546059622,808.2903768654759,3000.0,3000.0,1842.8065546059622,808.2903768654759,3000.0,3000.0,3000.0,3000.0,3000.0,3000.0,3000.0,3000.0,3000.0,3000.0,3000.0,3000.0,3000.0,3000.0,3000.0,3000.0,3000.0,3000.0,3000.0,3000.0,3000.0,3000.0,3000.0,3000.0,3000.0,3000.0,3000.0,3000.0,3000.0,3000.0,3000.0,3000.0,808.2903768654759,1842.8065546059622,3000.0,3000.0,808.2903768654759,1842.8065546059622,3000.0,3000.0,808.2903768654759,1842.8065546059622,3000.0,3000.0,808.2903768654759,1842.8065546059622,3000.0,3000.0
4867,3000.0,2046.6630801141612,1089.0066788022884,808.2903768654759,3000.0,2046.6630801141612,1089.0066788022884,808.2903768654759,3000.0,2046.6630801141612,1089.0066788022884,808.2903768654759,3000.0,2046.6630801141612,1089.0066788022884,808.2903768654759,808.2903768654759,1089.0066788022884,2046.6630801141612,3000.0,808.2903768654759,1089.0066788022884,2046.6630801141612,3000.0,808.2903768654759,1089.0066788022884,2046.6630801141612,3000.0,808.2903768654759,1089.0066788022884,2046.6630801141612,3000.0,3000.0,3000.0,1708.4352433326117,808.2903768654759,3000.0,3000.0,1708.4352433326117,808.2903768654759,3000.0,3000.0,1708.4352433326117,808.2903768654759,3000.0,3000.0,1708.4352433326117,808.2903768654759,3000.0,3000.0,3000.0,3000.0,3000.0,3000.0,3000.0,3000.0,3000.0,3000.0,3000.0,3000.0,3000.0,3000.0,3000.0,3000.0,3000.0,3000.0,3000.0,3000.0,3000.0,3000.0,3000.0,3000.0,3000.0,3000.0,3000.0,3000.0,3000.0,3000.0,3000.0,3000.0,808.2903768654759,1708.4352433326117,3000.0,3000.0,808.2903768654759,1708.4352433326117,3000.0,3000.0,808.2903768654759,1708.4352433326117,3000.0,3000.0,808.2903768654759,1708.4352433326117,3000.0,3000.0
4933,3000.0,2046.6630801141612,1089.0066788022884,808.2903768654759,3000.0,2046.6630801141612,1089.0066788022884,808.2903768654759,3000.0,2046.6630801141612,1089.0066788022884,808.2903768654759,3000.0,2046.6630801141612,1089.0066788022884,808.2903768654759,808.2903768654759,1089.0066788022884,2046.6630801141612,3000.0,808.2903768654759,1089.0066788022884,2046.6630801141612,3000.0,808.2903768654759,1089.0066788022884,2046.6630801141612,3000.0,808.2903768654759,1089.0066788022884,2046.6630801141612,3000.0,3000.0,3000.0,1574.0639320592595,808.2903768654759,3000.0,3000.0,1574.0639320592595,808.2903768654759,3000.0,3000.0,1574.0639320592595,808.2903768654759,3000.0,3000.0,1574.0639320592595,808.2903768654759,3000.0,3000.0,3000.0,3000.0,3000.0,3000.0,3000.0,3000.0,3000.0,3000.0,3000.0,3000.0,3000.0,3000.0,3000.0,3000.0,3000.0,3000.0,3000.0,3000.0,3000.0,3000.0,3000.0,3000.0,3000.0,3000.0,3000.0,3000.0,3000.0,3000.0,3000.0,3000.0,808.2903768654759,1574.0639320592595,3000.0,3000.0,808.2903768654759,1574.0639320592595,3000.0,3000.0,808.2903768654759,1574.0639320592595,3000.0,3000.0,808.2903768654759,1574.0639320592595,3000.0,3000.0
5000,3000.0,2046.6630801141612,1089.0066788022884,808.2903768654759,3000.0,2046.6630801141612,1089.0066788022884,808.2903768654759,3000.0,2046.6630801141612,1089.0066788022884,808.2903768654759,3000.0,2046.6630801141612,1089.0066788022884,808.2903768654759,808.2903768654759,1089.0066788022884,2046.6630801141612,3000.0,808.2903768654759,1089.0066788022884,2046.6630801141612,3000.0,808.2903768654759,1089.0066788022884,2046.6630801141612,3000.0,808.2903768654759,1089.0066788022884,2046.6630801141612,3000.0,3000.0,3000.0,1439.6926207859078,808.2903768654759,3000.0,3000.0,1439.6926207859078,808.2903768654759,3000.0,3000.0,1439.6926207859078,808.2903768654759,3000.0,3000.0,1439.6926207859078,808.2903768654759,3000.0,3000.0,3000.0,3000.0,3000.0,3000.0,3000.0,3000.0,3000.0,3000.0,3000.0,3000.0,3000.0,3000.0,3000.0,3000.0,3000.0,3000.0,3000.0,3000.0,3000.0,3000.0,3000.0,3000.0,3000.0,3000.0,3000.0,3000.0,3000.0,3000.0,3000.0,3000.0,808.2903768654759,1439.6926207859078,3000.0,3000.0,808.2903768654759,1439.6926207859078,3000.0,3000.0,808.2903768654759,1439.6926207859078,3000.0,3000.0,808.2903768654759,1439.6926207859078,3000.0,3000.0
5067,3000.0,2046.6630801141612,1089.0066788022884,808.2903768654759,3000.0,2046.6630801141612,1089.0066788022884,808.2903768654759,3000.0,2046.6630801141612,1089.0066788022884,808.2903768654759,3000.0,2046.6630801141612,1089.0066788022884,808.2903768654759,808.2903768654759,1089.0066788022884,2046.6630801141612,3000.0,808.2903768654759,1089.0066788022884,2046.6630801141612,3000.0,808.2903768654759,1089.0066788022884,2046.6630801141612,3000.0,808.2903768654759,1089.0066788022884,2046.6630801141612,3000.0,3000.0,3000.0,1305.321309512557,808.2903768654759,3000.0,3000.0,1305.321309512557,808.2903768654759,3000.0,3000.0,1305.321309512557,808.2903768654759,3000.0,3000.0,1305.321309512557,808.2903768654759,3000.0,3000.0,3000.0,3000.0,3000.0,3000.0,3000.0,3000.0,3000.0,3000.0,3000.0,3000.0,3000.0,3000.0,3000.0,3000.0,3000.0,3000.0,3000.0,3000.0,3000.0,3000.0,3000.0,3000.0,3000.0,3000.0,3000.0,3000.0,3000.0,3000.0,3000.0,3000.0,808.2903768654759,1305.321309512557,3000.0,3000.0,808.2903768654759,1305.321309512557,3000.0,3000.0,808.2903768654759,1305.321309512557,3000.0,3000.0,808.2903768654759,1305.321309512557,3000.0,3000.0
5133,3000.0,2046.6630801141612,1089.0066788022884,808.2903768654759,3000.0,2046.6630801141612,1089.0066788022884,808.2903768654759,3000.0,2046.6630801141612,1089.0066788022884,808.2903768654759,3000.0,2046.6630801141612,1089.0066788022884,808.2903768654759,808.2903768654759,1089.0066788022884,2046.6630801141612,3000.0,808.2903768654759,1089.0066788022884,2046.6630801141612,3000.0,808.2903768654759,1089.0066788022884,2046.6630801141612,3000.0,808.2903768654759,1089.0066788022884,2046.6630801141612,3000.0,3000.0,3000.0,1170.9499982392051,808.2903768654759,3000.0,3000.0,1170.9499982392051,808.2903768654759,3000.0,3000.0,1170.9499982392051,808.2903768654759,3000.0,3000.0,1170.9499982392051,808.2903768654759,3000.0,3000.0,3000.0,3000.0,3000.0,3000.0,3000.0,3000.0,3000.0,3000.0,3000.0,3000.0,3000.0,3000.0,3000.0,3000.0,3000.0,3000.0,3000.0,3000.0,3000.0,3000.0,3000.0,3000.0,3000.0,3000.0,3000.0,3000.0,3000.0,3000.0,3000.0,3000.0,808.2903768654759,1170.9499982392051,3000.0,3000.0,808.2903768654759,1170.9499982392051,3000.0,3000.0,808.2903768654759,1170.9499982392051,3000.0,3000.0,808.2903768654759,1170.9499982392051,3000.0,3000.0
5200,3000.0,2046.6630801141612,1089.0066788022884,808.2903768654759,3000.0,2046.6630801141612,1089.0066788022884,808.2903768654759,3000.0,2046.6630801141612,1089.0066788022884,808.2903768654759,3000.0,2046.6630801141612,1089.0066788022884,808.2903768654759,808.2903768654759,1089.0066788022884,2046.6630801141612,3000.0,808.2903768654759,1089.0066788022884,2046.6630801141612,3000.0,808.2903768654759,1089.0066788022884,2046.6630801141612,3000.0,808.2903768654759,1089.0066788022884,2046.6630801141612,3000.0,3000.0,3000.0,1036.5786869658543,808.2903768654759,3000.0,3000.0,1036.5786869658543,808.2903768654759,3000.0,3000.0,1036.5786869658543,808.2903768654759,3000.0,3000.0,1036.5786869658543,808.2903768654759,3000.0,3000.0,3000.0,3000.0,3000.0,3000.0,3000.0,3000.0,3000.0,3000.0,3000.0,3000.0,3000.0,3000.0,3000.0,3000.0,3000.0,3000.0,3000.0,3000.0,3000.0,3000.0,3000.0,3000.0,3000.0,3000.0,3000.0,3000.0,3000.0,3000.0,3000.0,3000.0,808.2903768654759,1036.5786869658543,3000.0,3000.0,808.2903768654759,1036.5786869658543,3000.0,3000.0,808.2903768654759,1036.5786869658543,3000.0,3000.0,808.2903768654759,1036.5786869658543,3000.0,3000.0
5267,3000.0,2046.6630801141612,1089.0066788022884,808.2903768654759,3000.0,2046.6630801141612,1089.0066788022884,808.2903768654759,3000.0,2046.6630801141612,1089.0066788022884,808.2903768654759,3000.0,2046.6630801141612,1089.0066788022884,808.2903768654759,808.2903768654759,1089.0066788022884,2046.6630801141612,3000.0,808.2903768654759,1089.0066788022884,2046.6630801141612,3000.0,808.2903768654759,1089.0066788022884,2046.6630801141612,3000.0,808.2903768654759,1089.0066788022884,2046.6630801141612,3000.0,3000.0,3000.0,902.2073756925025,808.2903768654759,3000.0,3000.0,902.2073756925025,808.2903768654759,3000.0,3000.0,902.2073756925025,808.2903768654759,3000.0,3000.0,902.2073756925025,808.2903768654759,3000.0,3000.0,3000.0,3000.0,3000.0,3000.0,3000.0,3000.0,3000.0,3000.0,3000.0,3000.0,3000.0,3000.0,3000.0,3000.0,3000.0,3000.0,3000.0,3000.0,3000.0,3000.0,3000.0,3000.0,3000.0,3000.0,3000.0,3000.0,3000.0,3000.0,3000.0,3000.0,808.2903768654759,902.2073756925025,3000.0,3000.0,808.2903768654759,902.2073756925025,3000.0,3000.0,808.2903768654759,902.2073756925025,3000.0,3000.0,808.2903768654759,902.2073756925025,3000.0,3000.0
5333,3000.0,2046.6630801141612,1089.0066788022884,808.2903768654759,3000.0,2046.6630801141612,1089.0066788022884,808.2903768654759,3000.0,2046.6630801141612,1089.0066788022884,808.2903768654759,3000.0,2046.6630801141612,1089.0066788022884,808.2903768654759,808.2903768654759,1089.0066788022884,2046.6630801141612,3000.0,808.2903768654759,1089.0066788022884,2046.6630801141612,3000.0,808.2903768654759,1089.0066788022884,2046.6630801141612,3000.0,808.2903768654759,1089.0066788022884,2046.6630801141612,3000.0,3000.0,3000.0,767.836064419152,808.2903768654759,3000.0,3000.0,767.836064419152,808.2903768654759,3000.0,3000.0,767.836064419152,808.2903768654759,3000.0,3000.0,767.836064419152,808.2903768654759,3000.0,3000.0,3000.0,3000.0,3000.0,3000.0,3000.0,3000.0,3000.0,3000.0,3000.0,3000.0,3000.0,3000.0,3000.0,3000.0,3000.0,3000.0,3000.0,3000.0,3000.0,3000.0,3000.0,3000.0,3000.0,3000.0,3000.0,3000.0,3000.0,3000.0,3000.0,3000.0,808.2903768654759,767.836064419152,3000.0,3000.0,808.2903768654759,767.836064419152,3000.0,3000.0,808.2903768654759,767.836064419152,3000.0,3000.0,808.2903768654759,767.836064419152,3000.0,3000.0
5400,3000.0,2046.6630801141612,1089.0066788022884,808.2903768654759,3000.0,2046.6630801141612,1089.0066788022884,808.2903768654759,3000.0,2046.6630801141612,1089.0066788022884,808.2903768654759,3000.0,2046.6630801141612,1089.0066788022884,808.2903768654759,808.2903768654759,1089.0066788022884,2046.6630801141612,3000.0,808.2903768654759,1089.0066788022884,2046.6630801141612,3000.0,808.2903768654759,1089.0066788022884,2046.6630801141612,3000.0,808.2903768654759,1089.0066788022884,2046.6630801141612,3000.0,3000.0,3000.0,710.7986283200214,808.2903768654759,3000.0,3000.0,710.7986283200214,808.2903768654759,3000.0,3000.0,710.7986283200214,808.2903768654759,3000.0,3000.0,710.7986283200214,808.2903768654759,3000.0,3000.0,3000.0,3000.0,3000.0,3000.0,3000.0,3000.0,3000.0,3000.0,3000.0,3000.0,3000.0,3000.0,3000.0,3000.0,3000.0,3000.0,3000.0,3000.0,3000.0,3000.0,3000.0,3000.0,3000.0,3000.0,3000.0,3000.0,3000.0,3000.0,3000.0,3000.0,808.2903768654759,710.7986283200214,3000.0,3000.0,808.2903768654759,710.7986283200214,3000.0,3000.0,808.2903768654759,710.7986283200214,3000.0,3000.0,808.2903768654759,710.7986283200214,3000.0,3000.0
5467,3000.0,2046.6630801141612,1089.0066788022884,808.2903768654759,3000.0,2046.6630801141612,1089.0066788022884,808.2903768654759,3000.0,2046.6630801141612,1089.0066788022884,808.2903768654759,3000.0,2046.6630801141612,1089.0066788022884,808.2903768654759,808.2903768654759,1089.0066788022884,2046.6630801141612,3000.0,808.2903768654759,1089.0066788022884,2046.6630801141612,3000.0,808.2903768654759,1089.0066788022884,2046.6630801141612,3000.0,808.2903768654759,1089.0066788022884,2046.6630801141612,3000.0,3000.0,3000.0,710.7986283200214,808.2903768654759,3000.0,3000.0,710.7986283200214,808.2903768654759,3000.0,3000.0,710.7986283200214,808.2903768654759,3000.0,3000.0,710.7986283200214,808.2903768654759,3000.0,3000.0,3000.0,3000.0,3000.0,3000.0,3000.0,3000.0,3000.0,3000.0,3000.0,3000.0,3000.0,3000.0,3000.0,3000.0,3000.0,3000.0,3000.0,3000.0,3000.0,3000.0,3000.0,3000.0,3000.0,3000.0,3000.0,3000.0,3000.0,3000.0,3000.0,3000.0,808.2903768654759,710.7986283200214,3000.0,3000.0,808.2903768654759,710.7986283200214,3000.0,3000.0,808.2903768654759,710.7986283200214,3000.0,3000.0,808.2903768654759,710.7986283200214,3000.0,3000.0
5533,3000.0,2046.6630801141612,1089.0066788022884,808.2903768654759,3000.0,2046.6630801141612,1089.0066788022884,808.2903768654759,3000.0,2046.6630801141612,1089.0066788022884,808.2903768654759,3000.0,2046.6630801141612,1089.0066788022884,808.2903768654759,808.2903768654759,1089.0066788022884,2046.6630801141612,3000.0,808.2903768654759,1089.0066788022884,2046.6630801141612,3000.0,808.2903768654759,1089.0066788022884,2046.6630801141612,3000.0,808.2903768654759,1089.0066788022884,2046.6630801141612,3000.0,3000.0,3000.0,710.7986283200214,808.2903768654759,3000.0,3000.0,710.7986283200214,808.2903768654759,3000.0,3000.0,710.7986283200214,808.2903768654759,3000.0,3000.0,710.7986283200214,808.2903768654759,3000.0,3000.0,3000.0,3000.0,3000.0,3000.0,3000.0,3000.0,3000.0,3000.0,3000.0,3000.0,3000.0,3000.0,3000.0,3000.0,3000.0,3000.0,3000.0,3000.0,3000.0,3000.0,3000.0,3000.0,3000.0,3000.0,3000.0,3000.0,3000.0,3000.0,3000.0,3000.0,808.2903768654759,710.7986283200214,3000.0,3000.0,808.2903768654759,710.7986283200214,3000.0,3000.0,808.2903768654759,710.7986283200214,3000.0,3000.0,808.2903768654759,710.7986283200214,3000.0,3000.0
5600,3000.0,2046.6630801141612,1089.0066788022884,808.2903768654759,3000.0,2046.6630801141612,1089.0066788022884,808.2903768654759,3000.0,2046.6630801141612,1089.0066788022884,808.2903768654759,3000.0,2046.6630801141612,1089.0066788022884,808.2903768654759,808.2903768654759,1089.0066788022884,2046.6630801141612,3000.0,808.2903768654759,1089.0066788022884,2046.6630801141612,3000.0,808.2903768654759,1089.0066788022884,2046.6630801141612,3000.0,808.2903768654759,1089.0066788022884,2046.6630801141612,3000.0,3000.0,3000.0,710.7986283200214,808.2903768654759,3000.0,3000.0,710.7986283200214,808.2903768654759,3000.0,3000.0,710.7986283200214,808.2903768654759,3000.0,3000.0,710.7986283200214,808.2903768654759,3000.0,3000.0,3000.0,3000.0,3000.0,3000.0,3000.0,3000.0,3000.0,3000.0,3000.0,3000.0,3000.0,3000.0,3000.0,3000.0,3000.0,3000.0,3000.0,3000.0,3000.0,3000.0,3000.0,3000.0,3000.0,3000.0,3000.0,3000.0,3000.0,3000.0,3000.0,3000.0,808.2903768654759,710.7986283200214,3000.0,3000.0,808.2903768654759,710.7986283200214,3000.0,3000.0,808.2903768654759,710.7986283200214,3000.0,3000.0,808.2903768654759,710.7986283200214,3000.0,3000.0
5667,3000.0,2046.6630801141612,1089.0066788022884,808.2903768654759,3000.0,2046.6630801141612,1089.0066788022884,808.2903768654759,3000.0,2046.6630801141612,1089.0066788022884,808.2903768654759,3000.0,2046.6630801141612,1089.0066788022884,808.2903768654759,808.2903768654759,1089.0066788022884,2046.6630801141612,3000.0,808.2903768654759,1089.0066788022884,2046.6630801141612,3000.0,808.2903768654759,1089.0066788022884,2046.6630801141612,3000.0,808.2903768654759,1089.0066788022884,2046.6630801141612,3000.0,3000.0,3000.0,710.7986283200214,808.2903768654759,3000.0,3000.0,710.7986283200214,808.2903768654759,3000.0,3000.0,710.7986283200214,808.2903768654759,3000.0,3000.0,710.7986283200214,808.2903768654759,3000.0,3000.0,3000.0,3000.0,3000.0,3000.0,3000.0,3000.0,3000.0,3000.0,3000.0,3000.0,3000.0,3000.0,3000.0,3000.0,3000.0,3000.0,3000.0,3000.0,3000.0,3000.0,3000.0,3000.0,3000.0,3000.0,3000.0,3000.0,3000.0,3000.0,3000.0,3000.0,808.2903768654759,710.7986283200214,3000.0,3000.0,808.2903768654759,710.7986283200214,3000.0,3000.0,808.2903768654759,710.7986283200214,3000.0,3000.0,808.2903768654759,710.7986283200214,3000.0,3000.0
5733,3000.0,2046.6630801141612,1089.0066788022884,808.2903768654759,3000.0,2046.6630801141612,1089.0066788022884,808.2903768654759,3000.0,2046.6630801141612,1089.0066788022884,808.2903768654759,3000.0,2046.6630801141612,1089.0066788022884,808.2903768654759,808.2903768654759,1089.0066788022884,2046.6630801141612,3000.0,808.2903768654759,1089.0066788022884,2046.6630801141612,3000.0,808.2903768654759,1089.0066788022884,2046.6630801141612,3000.0,808.2903768654759,1089.0066788022884,2046.6630801141612,3000.0,3000.0,3000.0,710.7986283200214,808.2903768654759,3000.0,3000.0,710.7986283200214,808.2903768654759,3000.0,3000.0,710.7986283200214,808.2903768654759,3000.0,3000.0,710.7986283200214,808.2903768654759,3000.0,3000.0,3000.0,3000.0,3000.0,3000.0,3000.0,3000.0,3000.0,3000.0,3000.0,3000.0,3000.0,3000.0,3000.0,3000.0,3000.0,3000.0,3000.0,3000.0,3000.0,3000.0,3000.0,3000.0,3000.0,3000.0,3000.0,3000.0,3000.0,3000.0,3000.0,3000.0,808.2903768654759,710.7986283200214,3000.0,3000.0,808.2903768654759,710.7986283200214,3000.0,3000.0,808.2903768654759,710.7986283200214,3000.0,3000.0,808.2903768654759,710.7986283200214,3000.0,3000.0
5800,3000.0,2046.6630801141612,1089.0066788022884,808.2903768654759,3000.0,2046.6630801141612,1089.0066788022884,808.2903768654759,3000.0,2046.6630801141612,1089.0066788022884,808.2903768654759,3000.0,2046.6630801141612,1089.0066788022884,808.2903768654759,808.2903768654759,1089.0066788022884,2046.6630801141612,3000.0,808.2903768654759,1089.0066788022884,2046.6630801141612,3000.0,808.2903768654759,1089.0066788022884,2046.6630801141612,3000.0,808.2903768654759,1089.0066788022884,2046.6630801141612,3000.0,3000.0,3000.0,710.7986283200214,808.2903768654759,3000.0,3000.0,710.7986283200214,808.2903768654759,3000.0,3000.0,710.7986283200214,808.2903768654759,3000.0,3000.0,710.7986283200214,808.2903768654759,3000.0,3000.0,3000.0,3000.0,3000.0,3000.0,3000.0,3000.0,3000.0,3000.0,3000.0,3000.0,3000.0,3000.0,3000.0,3000.0,3000.0,3000.0,3000.0,3000.0,3000.0,3000.0,3000.0,3000.0,3000.0,3000.0,3000.0,3000.0,3000.0,3000.0,3000.0,3000.0,808.2903768654759,710.7986283200214,3000.0,3000.0,808.2903768654759,710.7986283200214,3000.0,3000.0,808.2903768654759,710.7986283200214,3000.0,3000.0,808.2903768654759,710.7986283200214,3000.0,3000.0
5867,3000.0,2046.6630801141612,1089.0066788022884,808.2903768654759,3000.0,2046.6630801141612,1089.0066788022884,808.2903768654759,3000.0,2046.6630801141612,1089.0066788022884,808.2903768654759,3000.0,2046.6630801141612,1089.0066788022884,808.2903768654759,808.2903768654759,1089.0066788022884,2046.6630801141612,3000.0,808.2903768654759,1089.0066788022884,2046.6630801141612,3000.0,808.2903768654759,1089.0066788022884,2046.6630801141612,3000.0,808.2903768654759,1089.0066788022884,2046.6630801141612,3000.0,3000.0,3000.0,710.7986283200214,808.2903768654759,3000.0,3000.0,710.7986283200214,808.2903768654759,3000.0,3000.0,710.7986283200214,808.2903768654759,3000.0,3000.0,710.7986283200214,808.2903768654759,3000.0,3000.0,3000.0,3000.0,3000.0,3000.0,3000.0,3000.0,3000.0,3000.0,3000.0,3000.0,3000.0,3000.0,3000.0,3000.0,3000.0,3000.0,3000.0,3000.0,3000.0,3000.0,3000.0,3000.0,3000.0,3000.0,3000.0,3000.0,3000.0,3000.0,3000.0,3000.0,808.2903768654759,710.7986283200214,3000.0,3000.0,808.2903768654759,710.7986283200214,3000.0,3000.0,808.2903768654759,710.7986283200214,3000.0,3000.0,808.2903768654759,710.7986283200214,3000.0,3000.0
5933,3000.0,2046.6630801141612,1089.0066788022884,808.2903768654759,3000.0,2046.6630801141612,1089.0066788022884,808.2903768654759,3000.0,2046.6630801141612,1089.0066788022884,808.2903768654759,3000.0,2046.6630801141612,1089.0066788022884,808.2903768654759,808.2903768654759,1089.0066788022884,2046.6630801141612,3000.0,808.2903768654759,1089.0066788022884,2046.6630801141612,3000.0,808.2903768654759,1089.0066788022884,2046.6630801141612,3000.0,808.2903768654759,1089.0066788022884,2046.6630801141612,3000.0,3000.0,3000.0,710.7986283200214,808.2903768654759,3000.0,3000.0,710.7986283200214,808.2903768654759,3000.0,3000.0,710.7986283200214,808.2903768654759,3000.0,3000.0,710.7986283200214,808.2903768654759,3000.0,3000.0,3000.0,3000.0,3000.0,3000.0,3000.0,3000.0,3000.0,3000.0,3000.0,3000.0,3000.0,3000.0,3000.0,3000.0,3000.0,3000.0,3000.0,3000.0,3000.0,3000.0,3000.0,3000.0,3000.0,3000.0,3000.0,3000.0,3000.0,3000.0,3000.0,3000.0,808.2903768654759,710.7986283200214,3000.0,3000.0,808.2903768654759,710.7986283200214,3000.0,3000.0,808.2903768654759,710.7986283200214,3000.0,3000.0,808.2903768654759,710.7986283200214,3000.0,3000.0
6000,3000.0,2046.6630801141612,1089.0066788022884,808.2903768654759,3000.0,2046.6630801141612,1089.0066788022884,808.2903768654759,3000.0,2046.6630801141612,1089.0066788022884,808.2903768654759,3000.0,2046.6630801141612,1089.0066788022884,808.2903768654759,808.2903768654759,1089.0066788022884,2046.6630801141612,3000.0,808.2903768654759,1089.0066788022884,2046.6630801141612,3000.0,808.2903768654759,1089.0066788022884,2046.6630801141612,3000.0,808.2903768654759,1089.0066788022884,2046.6630801141612,3000.0,3000.0,3000.0,710.7986283200214,808.2903768654759,3000.0,3000.0,710.7986283200214,808.2903768654759,3000.0,3000.0,710.7986283200214,808.2903768654759,3000.0,3000.0,710.7986283200214,808.2903768654759,3000.0,3000.0,3000.0,3000.0,3000.0,3000.0,3000.0,3000.0,3000.0,3000.0,3000.0,3000.0,3000.0,3000.0,3000.0,3000.0,3000.0,3000.0,3000.0,3000.0,3000.0,3000.0,3000.0,3000.0,3000.0,3000.0,3000.0,3000.0,3000.0,3000.0,3000.0,3000.0,808.2903768654759,710.7986283200214,3000.0,3000.0,808.2903768654759,710.7986283200214,3000.0,3000.0,808.2903768654759,710.7986283200214,3000.0,3000.0,808.2903768654759,710.7986283200214,3000.0,3000.0
6067,3000.0,2046.6630801141612,1089.0066788022884,808.2903768654759,3000.0,2046.6630801141612,1089.0066788022884,808.2903768654759,3000.0,2046.6630801141612,1089.0066788022884,808.2903768654759,3000.0,2046.6630801141612,1089.0066788022884,808.2903768654759,808.2903768654759,1089.0066788022884,2046.6630801141612,3000.0,808.2903768654759,1089.0066788022884,2046.6630801141612,3000.0,808.2903768654759,1089.0066788022884,2046.6630801141612,3000.0,808.2903768654759,1089.0066788022884,2046.6630801141612,3000.0,3000.0,3000.0,710.7986283200214,808.2903768654759,3000.0,3000.0,710.7986283200214,808.2903768654759,3000.0,3000.0,710.7986283200214,808.2903768654759,3000.0,3000.0,710.7986283200214,808.2903768654759,3000.0,3000.0,3000.0,3000.0,3000.0,3000.0,3000.0,3000.0,3000.0,3000.0,3000.0,3000.0,3000.0,3000.0,3000.0,3000.0,3000.0,3000.0,3000.0,3000.0,3000.0,3000.0,3000.0,3000.0,3000.0,3000.0,3000.0,3000.0,3000.0,3000.0,3000.0,3000.0,808.2903768654759,710.7986283200214,3000.0,3000.0,808.2903768654759,710.7986283200214,3000.0,3000.0,808.2903768654759,710.7986283200214,3000.0,3000.0,808.2903768654759,710.7986283200214,3000.0,3000.0
6133,3000.0,2046.6630801141612,1089.0066788022884,808.2903768654759,3000.0,2046.6630801141612,1089.0066788022884,808.2903768654759,3000.0,2046.6630801141612,1089.0066788022884,808.2903768654759,3000.0,2046.6630801141612,1089.0066788022884,808.2903768654759,808.2903768654759,1089.0066788022884,2046.6630801141612,3000.0,808.2903768654759,1089.0066788022884,2046.6630801141612,3000.0,808.2903768654759,1089.0066788022884,2046.6630801141612,3000.0,808.2903768654759,1089.0066788022884,2046.6630801141612,3000.0,3000.0,710.7986283200214,710.7986283200214,808.2903768654759,3000.0,710.7986283200214,710.7986283200214,808.2903768654759,3000.0,710.7986283200214,710.7986283200214,808.2903768654759,3000.0,710.7986283200214,710.7986283200214,808.2903768654759,3000.0,3000.0,3000.0,3000.0,3000.0,3000.0,3000.0,3000.0,3000.0,3000.0,3000.0,3000.0,3000.0,3000.0,3000.0,3000.0,3000.0,3000.0,3000.0,3000.0,3000.0,3000.0,3000.0,3000.0,3000.0,3000.0,3000.0,3000.0,3000.0,3000.0,3000.0,3000.0,808.2903768654759,710.7986283200214,710.7986283200214,3000.0,808.2903768654759,710.7986283200214,710.7986283200214,3000.0,808.2903768654759,710.7986283200214,710.7986283200214,3000.0,808.2903768654759,710.7986283200214,710.7986283200214,3000.0
6200,3000.0,2046.6630801141612,1089.0066788022884,808.2903768654759,3000.0,2046.6630801141612,1089.0066788022884,808.2903768654759,3000.0,2046.6630801141612,1089.0066788022884,808.2903768654759,3000.0,2046.6630801141612,1089.0066788022884,808.2903768654759,808.2903768654759,1089.0066788022884,2046.6630801141612,3000.0,808.2903768654759,1089.0066788022884,2046.6630801141612,3000.0,808.2903768654759,1089.0066788022884,2046.6630801141612,3000.0,808.2903768654759,1089.0066788022884,2046.6630801141612,3000.0,3000.0,710.7986283200214,710.7986283200214,808.2903768654759,3000.0,710.7986283200214,710.7986283200214,808.2903768654759,3000.0,710.7986283200214,710.7986283200214,808.2903768654759,3000.0,710.7986283200214,710.7986283200214,808.2903768654759,3000.0,3000.0,3000.0,3000.0,3000.0,3000.0,3000.0,3000.0,3000.0,3000.0,3000.0,3000.0,3000.0,3000.0,3000.0,3000.0,3000.0,3000.0,3000.0,3000.0,3000.0,3000.0,3000.0,3000.0,3000.0,3000.0,3000.0,3000.0,3000.0,3000.0,3000.0,3000.0,808.2903768654759,710.7986283200214,710.7986283200214,3000.0,808.2903768654759,710.7986283200214,710.7986283200214,3000.0,808.2903768654759,710.7986283200214,710.7986283200214,3000.0,808.2903768654759,710.7986283200214,710.7986283200214,3000.0
6267,3000.0,2046.6630801141612,1089.0066788022884,808.2903768654759,3000.0,2046.6630801141612,1089.0066788022884,808.2903768654759,3000.0,2046.6630801141612,1089.0066788022884,808.2903768654759,3000.0,2046.6630801141612,1089.0066788022884,808.2903768654759,808.2903768654759,1089.0066788022884,2046.6630801141612,3000.0,808.2903768654759,1089.0066788022884,2046.6630801141612,3000.0,808.2903768654759,1089.0066788022884,2046.6630801141612,3000.0,808.2903768654759,1089.0066788022884,2046.6630801141612,3000.0,3000.0,710.7986283200214,710.7986283200214,808.2903768654759,3000.0,710.7986283200214,710.7986283200214,808.2903768654759,3000.0,710.7986283200214,710.7986283200214,808.2903768654759,3000.0,710.7986283200214,710.7986283200214,808.2903768654759,3000.0,3000.0,3000.0,3000.0,3000.0,3000.0,3000.0,3000.0,3000.0,3000.0,3000.0,3000.0,3000.0,3000.0,3000.0,3000.0,3000.0,3000.0,3000.0,3000.0,3000.0,3000.0,3000.0,3000.0,3000.0,3000.0,3000.0,3000.0,3000.0,3000.0,3000.0,3000.0,808.2903768654759,710.7986283200214,710.7986283200214,3000.0,808.2903768654759,710.7986283200214,710.7986283200214,3000.0,808.2903768654759,710.7986283200214,710.7986283200214,3000.0,808.2903768654759,710.7986283200214,710.7986283200214,3000.0
6333,3000.0,2046.6630801141612,1089.0066788022884,808.2903768654759,3000.0,2046.6630801141612,1089.0066788022884,808.2903768654759,3000.0,2046.6630801141612,1089.0066788022884,808.2903768654759,3000.0,2046.6630801141612,1089.0066788022884,808.2903768654759,808.2903768654759,1089.0066788022884,2046.6630801141612,3000.0,808.2903768654759,1089.0066788022884,2046.6630801141612,3000.0,808.2903768654759,1089.0066788022884,2046.6630801141612,3000.0,808.2903768654759,1089.0066788022884,2046.6630801141612,3000.0,3000.0,710.7986283200214,710.7986283200214,808.2903768654759,3000.0,710.7986283200214,710.7986283200214,808.2903768654759,3000.0,710.7986283200214,710.7986283200214,808.2903768654759,3000.0,710.7986283200214,710.7986283200214,808.2903768654759,3000.0,3000.0,3000.0,3000.0,3000.0,3000.0,3000.0,3000.0,3000.0,3000.0,3000.0,3000.0,3000.0,3000.0,3000.0,3000.0,3000.0,3000.0,3000.0,3000.0,3000.0,3000.0,3000.0,3000.0,3000.0,3000.0,3000.0,3000.0,3000.0,3000.0,3000.0,3000.0,808.2903768654759,710.7986283200214,710.7986283200214,3000.0,808.2903768654759,710.7986283200214,710.7986283200214,3000.0,808.2903768654759,710.7986283200214,710.7986283200214,3000.0,808.2903768654759,710.7986283200214,710.7986283200214,3000.0
6400,3000.0,2046.6630801141612,1089.0066788022884,808.2903768654759,3000.0,2046.6630801141612,1089.0066788022884,808.2903768654759,3000.0,2046.6630801141612,1089.0066788022884,808.2903768654759,3000.0,2046.6630801141612,1089.0066788022884,808.2903768654759,808.2903768654759,1089.0066788022884,2046.6630801141612,3000.0,808.2903768654759,1089.0066788022884,2046.6630801141612,3000.0,808.2903768654759,1089.0066788022884,2046.6630801141612,3000.0,808.2903768654759,1089.0066788022884,2046.6630801141612,3000.0,3000.0,710.7986283200214,710.7986283200214,808.2903768654759,3000.0,710.7986283200214,710.7986283200214,808.2903768654759,3000.0,710.7986283200214,710.7986283200214,808.2903768654759,3000.0,710.7986283200214,710.7986283200214,808.2903768654759,3000.0,3000.0,3000.0,3000.0,3000.0,3000.0,3000.0,3000.0,3000.0,3000.0,3000.0,3000.0,3000.0,3000.0,3000.0,3000.0,3000.0,3000.0,3000.0,3000.0,3000.0,3000.0,3000.0,3000.0,3000.0,3000.0,3000.0,3000.0,3000.0,3000.0,3000.0,3000.0,808.2903768654759,710.7986283200214,710.7986283200214,3000.0,808.2903768654759,710.7986283200214,710.7986283200214,3000.0,808.2903768654759,710.7986283200214,710.7986283200214,3000.0,808.2903768654759,710.7986283200214,710.7986283200214,3000.0
6467,3000.0,2046.6630801141612,1089.0066788022884,808.2903768654759,3000.0,2046.6630801141612,1089.0066788022884,808.2903768654759,3000.0,2046.6630801141612,1089.0066788022884,808.2903768654759,3000.0,2046.6630801141612,1089.0066788022884,808.2903768654759,808.2903768654759,1089.0066788022884,2046.6630801141612,3000.0,808.2903768654759,1089.0066788022884,2046.6630801141612,3000.0,808.2903768654759,1089.0066788022884,2046.6630801141612,3000.0,808.2903768654759,1089.0066788022884,2046.6630801141612,3000.0,3000.0,710.7986283200214,710.7986283200214,808.2903768654759,3000.0,710.7986283200214,710.7986283200214,808.2903768654759,3000.0,710.7986283200214,710.7986283200214,808.2903768654759,3000.0,710.7986283200214,710.7986283200214,808.2903768654759,3000.0,3000.0,3000.0,3000.0,3000.0,3000.0,3000.0,3000.0,3000.0,3000.0,3000.0,3000.0,3000.0,3000.0,3000.0,3000.0,3000.0,3000.0,3000.0,3000.0,3000.0,3000.0,3000.0,3000.0,3000.0,3000.0,3000.0,3000.0,3000.0,3000.0,3000.0,3000.0,808.2903768654759,710.7986283200214,710.7986283200214,3000.0,808.2903768654759,710.7986283200214,710.7986283200214,3000.0,808.2903768654759,710.7986283200214,710.7986283200214,3000.0,808.2903768654759,710.7986283200214,710.7986283200214,3000.0
6533,3000.0,2046.6630801141612,1089.0066788022884,808.2903768654759,3000.0,2046.6630801141612,1089.0066788022884,808.2903768654759,3000.0,2046.6630801141612,1089.0066788022884,808.2903768654759,3000.0,2046.6630801141612,1089.0066788022884,808.2903768654759,808.2903768654759,1089.0066788022884,2046.6630801141612,3000.0,808.2903768654759,1089.0066788022884,2046.6630801141612,3000.0,808.2903768654759,1089.0066788022884,2046.6630801141612,3000.0,808.2903768654759,1089.0066788022884,2046.6630801141612,3000.0,3000.0,710.7986283200214,710.7986283200214,808.2903768654759,3000.0,710.7986283200214,710.7986283200214,808.2903768654759,3000.0,710.7986283200214,710.7986283200214,808.2903768654759,3000.0,710.7986283200214,710.7986283200214,808.2903768654759,3000.0,3000.0,3000.0,3000.0,3000.0,3000.0,3000.0,3000.0,3000.0,3000.0,3000.0,3000.0,3000.0,3000.0,3000.0,3000.0,3000.0,3000.0,3000.0,3000.0,3000.0,3000.0,3000.0,3000.0,3000.0,3000.0,3000.0,3000.0,3000.0,3000.0,3000.0,3000.0,808.2903768654759,710.7986283200214,710.7986283200214,3000.0,808.2903768654759,710.7986283200214,710.7986283200214,3000.0,808.2903768654759,710.7986283200214,710.7986283200214,3000.0,808.2903768654759,710.7986283200214,710.7986283200214,3000.0
6600,3000.0,2046.6630801141612,1089.0066788022884,808.2903768654759,3000.0,2046.6630801141612,1089.0066788022884,808.2903768654759,3000.0,2046.6630801141612,1089.0066788022884,808.2903768654759,3000.0,2046.6630801141612,1089.0066788022884,808.2903768654759,808.2903768654759,1089.0066788022884,2046.6630801141612,3000.0,808.2903768654759,1089.0066788022884,2046.6630801141612,3000.0,808.2903768654759,1089.0066788022884,2046.6630801141612,3000.0,808.2903768654759,1089.0066788022884,2046.6630801141612,3000.0,3000.0,710.7986283200214,710.7986283200214,808.2903768654759,3000.0,710.7986283200214,710.7986283200214,808.2903768654759,3000.0,710.7986283200214,710.7986283200214,808.2903768654759,3000.0,710.7986283200214,710.7986283200214,808.2903768654759,3000.0,3000.0,3000.0,3000.0,3000.0,3000.0,3000.0,3000.0,3000.0,3000.0,3000.0,3000.0,3000.0,3000.0,3000.0,3000.0,3000.0,3000.0,3000.0,3000.0,3000.0,3000.0,3000.0,3000.0,3000.0,3000.0,3000.0,3000.0,3000.0,3000.0,3000.0,3000.0,808.2903768654759,710.7986283200214,710.7986283200214,3000.0,808.2903768654759,710.7986283200214,710.7986283200214,3000.0,808.2903768654759,710.7986283200214,710.7986283200214,3000.0,808.2903768654759,710.7986283200214,710.7986283200214,3000.0
6667,3000.0,2046.6630801141612,1089.0066788022884,808.2903768654759,3000.0,2046.6630801141612,1089.0066788022884,808.2903768654759,3000.0,2046.6630801141612,1089.0066788022884,808.2903768654759,3000.0,2046.6630801141612,1089.0066788022884,808.2903768654759,808.2903768654759,1089.0066788022884,2046.6630801141612,3000.0,808.2903768654759,1089.0066788022884,2046.6630801141612,3000.0,808.2903768654759,1089.0066788022884,2046.6630801141612,3000.0,808.2903768654759,1089.0066788022884,2046.6630801141612,3000.0,3000.0,710.7986283200214,710.7986283200214,808.2903768654759,3000.0,710.7986283200214,710.7986283200214,808.2903768654759,3000.0,710.7986283200214,710.7986283200214,808.2903768654759,3000.0,710.7986283200214,710.7986283200214,808.2903768654759,3000.0,3000.0,3000.0,3000.0,3000.0,3000.0,3000.0,3000.0,3000.0,3000.0,3000.0,3000.0,3000.0,3000.0,3000.0,3000.0,3000.0,3000.0,3000.0,3000.0,3000.0,3000.0,3000.0,3000.0,3000.0,3000.0,3000.0,3000.0,3000.0,3000.0,3000.0,3000.0,808.2903768654759,710.7986283200214,710.7986283200214,3000.0,808.2903768654759,710.7986283200214,710.7986283200214,3000.0,808.2903768654759,710.7986283200214,710.7986283200214,3000.0,808.2903768654759,710.7986283200214,710.7986283200214,3000.0
6733,3000.0,2046.6630801141612,1089.0066788022884,808.2903768654759,3000.0,2046.6630801141612,1089.0066788022884,808.2903768654759,3000.0,2046.6630801141612,1089.0066788022884,808.2903768654759,3000.0,2046.6630801141612,1089.0066788022884,808.2903768654759,808.2903768654759,1089.0066788022884,2046.6630801141612,3000.0,808.2903768654759,1089.0066788022884,2046.6630801141612,3000.0,808.2903768654759,1089.0066788022884,2046.6630801141612,3000.0,808.2903768654759,1089.0066788022884,2046.6630801141612,3000.0,3000.0,710.7986283200214,710.7986283200214,808.2903768654759,3000.0,710.7986283200214,710.7986283200214,808.2903768654759,3000.0,710.7986283200214,710.7986283200214,808.2903768654759,3000.0,710.7986283200214,710.7986283200214,808.2903768654759,3000.0,3000.0,3000.0,3000.0,3000.0,3000.0,3000.0,3000.0,3000.0,3000.0,3000.0,3000.0,3000.0,3000.0,3000.0,3000.0,3000.0,3000.0,3000.0,3000.0,3000.0,3000.0,3000.0,3000.0,3000.0,3000.0,3000.0,3000.0,3000.0,3000.0,3000.0,3000.0,808.2903768654759,710.7986283200214,710.7986283200214,3000.0,808.2903768654759,710.7986283200214,710.7986283200214,3000.0,808.2903768654759,710.7986283200214,710.7986283200214,3000.0,808.2903768654759,710.7986283200214,710.7986283200214,3000.0
6800,3000.0,2046.6630801141612,1089.0066788022884,808.2903768654759,3000.0,2046.6630801141612,1089.0066788022884,808.2903768654759,3000.0,2046.6630801141612,1089.0066788022884,808.2903768654759,3000.0,2046.6630801141612,1089.0066788022884,808.2903768654759,808.2903768654759,1089.0066788022884,2046.6630801141612,3000.0,808.2903768654759,1089.0066788022884,2046.6630801141612,3000.0,808.2903768654759,1089.0066788022884,2046.6630801141612,3000.0,808.2903768654759,1089.0066788022884,2046.6630801141612,3000.0,3000.0,710.7986283200214,710.7986283200214,808.2903768654759,3000.0,710.7986283200214,710.7986283200214,808.2903768654759,3000.0,710.7986283200214,710.7986283200214,808.2903768654759,3000.0,710.7986283200214,710.7986283200214,808.2903768654759,3000.0,3000.0,3000.0,3000.0,3000.0,3000.0,3000.0,3000.0,3000.0,3000.0,3000.0,3000.0,3000.0,3000.0,3000.0,3000.0,3000.0,3000.0,3000.0,3000.0,3000.0,3000.0,3000.0,3000.0,3000.0,3000.0,3000.0,3000.0,3000.0,3000.0,3000.0,3000.0,808.2903768654759,710.7986283200214,710.7986283200214,3000.0,808.2903768654759,710.7986283200214,710.7986283200214,3000.0,808.2903768654759,710.7986283200214,710.7986283200214,3000.0,808.2903768654759,710.7986283200214,710.7986283200214,3000.0
6867,3000.0,2046.6630801141612,1089.0066788022884,808.2903768654759,3000.0,2046.6630801141612,1089.0066788022884,808.2903768654759,3000.0,2046.6630801141612,1089.0066788022884,808.2903768654759,3000.0,2046.6630801141612,1089.0066788022884,808.2903768654759,808.2903768654759,1089.0066788022884,2046.6630801141612,3000.0,808.2903768654759,1089.0066788022884,2046.6630801141612,3000.0,808.2903768654759,1089.0066788022884,2046.6630801141612,3000.0,808.2903768654759,1089.0066788022884,2046.6630801141612,3000.0,3000.0,710.7986283200214,710.7986283200214,808.2903768654759,3000.0,710.7986283200214,710.7986283200214,808.2903768654759,3000.0,710.7986283200214,710.7986283200214,808.2903768654759,3000.0,710.7986283200214,710.7986283200214,808.2903768654759,3000.0,3000.0,3000.0,3000.0,3000.0,3000.0,3000.0,3000.0,3000.0,3000.0,3000.0,3000.0,3000.0,3000.0,3000.0,3000.0,3000.0,3000.0,3000.0,3000.0,3000.0,3000.0,3000.0,3000.0,3000.0,3000.0,3000.0,3000.0,3000.0,3000.0,3000.0,3000.0,808.2903768654759,710.7986283200214,710.7986283200214,3000.0,808.2903768654759,710.7986283200214,710.7986283200214,3000.0,808.2903768654759,710.7986283200214,710.7986283200214,3000.0,808.2903768654759,710.7986283200214,710.7986283200214,3000.0
6933,3000.0,2046.6630801141612,1089.0066788022884,808.2903768654759,3000.0,2046.6630801141612,1089.0066788022884,808.2903768654759,3000.0,2046.6630801141612,1089.0066788022884,808.2903768654759,3000.0,2046.6630801141612,1089.0066788022884,808.2903768654759,808.2903768654759,1089.0066788022884,2046.6630801141612,3000.0,808.2903768654759,1089.0066788022884,2046.6630801141612,3000.0,808.2903768654759,1089.0066788022884,2046.6630801141612,3000.0,808.2903768654759,1089.0066788022884,2046.6630801141612,3000.0,808.2903768654759,710.7986283200214,710.7986283200214,808.2903768654759,808.2903768654759,710.7986283200214,710.7986283200214,808.2903768654759,808.2903768654759,710.7986283200214,710.7986283200214,808.2903768654759,808.2903768654759,710.7986283200214,710.7986283200214,808.2903768654759,808.290376865476,3000.0,3000.0,3000.0,808.290376865476,3000.0,3000.0,3000.0,808.290376865476,3000.0,3000.0,3000.0,808.290376865476,3000.0,3000.0,3000.0,3000.0,3000.0,3000.0,808.290376865476,3000.0,3000.0,3000.0,808.290376865476,3000.0,3000.0,3000.0,808.290376865476,3000.0,3000.0,3000.0,808.290376865476,808.2903768654759,710.7986283200214,710.7986283200214,808.2903768654759,808.2903768654759,710.7986283200214,710.7986283200214,808.2903768654759,808.2903768654759,710.7986283200214,710.7986283200214,808.2903768654759,808.2903768654759,710.7986283200214,710.7986283200214,808.2903768654759
7000,3000.0,2046.6630801141612,1089.0066788022884,808.2903768654759,3000.0,2046.6630801141612,1089.0066788022884,808.2903768654759,3000.0,2046.6630801141612,1089.0066788022884,808.2903768654759,3000.0,2046.6630801141612,1089.0066788022884,808.2903768654759,808.2903768654759,1089.0066788022884,2046.6630801141612,3000.0,808.2903768654759,1089.0066788022884,2046.6630801141612,3000.0,808.2903768654759,1089.0066788022884,2046.6630801141612,3000.0,808.2903768654759,1089.0066788022884,2046.6630801141612,3000.0,808.2903768654759,710.7986283200214,710.7986283200214,808.2903768654759,808.2903768654759,710.7986283200214,710.7986283200214,808.2903768654759,808.2903768654759,710.7986283200214,710.7986283200214,808.2903768654759,808.2903768654759,710.7986283200214,710.7986283200214,808.2903768654759,808.290376865476,3000.0,3000.0,3000.0,808.290376865476,3000.0,3000.0,3000.0,808.290376865476,3000.0,3000.0,3000.0,808.290376865476,3000.0,3000.0,3000.0,3000.0,3000.0,3000.0,808.290376865476,3000.0,3000.0,3000.0,808.290376865476,3000.0,3000.0,3000.0,808.290376865476,3000.0,3000.0,3000.0,808.290376865476,808.2903768654759,710.7986283200214,710.7986283200214,808.2903768654759,808.2903768654759,710.7986283200214,710.7986283200214,808.2903768654759,808.2903768654759,710.7986283200214,710.7986283200214,808.2903768654759,808.2903768654759,710.7986283200214,710.7986283200214,808.2903768654759
7067,3000.0,2046.6630801141612,1089.0066788022884,808.2903768654759,3000.0,2046.6630801141612,1089.0066788022884,808.2903768654759,3000.0,2046.6630801141612,1089.0066788022884,808.2903768654759,3000.0,2046.6630801141612,1089.0066788022884,808.2903768654759,808.2903768654759,1089.0066788022884,2046.6630801141612,3000.0,808.2903768654759,1089.0066788022884,2046.6630801141612,3000.0,808.2903768654759,1089.0066788022884,2046.6630801141612,3000.0,808.2903768654759,1089.0066788022884,2046.6630801141612,3000.0,808.2903768654759,710.7986283200214,710.7986283200214,808.2903768654759,808.2903768654759,710.7986283200214,710.7986283200214,808.2903768654759,808.2903768654759,710.7986283200214,710.7986283200214,808.2903768654759,808.2903768654759,710.7986283200214,710.7986283200214,808.2903768654759,808.290376865476,3000.0,3000.0,3000.0,808.290376865476,3000.0,3000.0,3000.0,808.290376865476,3000.0,3000.0,3000.0,808.290376865476,3000.0,3000.0,3000.0,3000.0,3000.0,3000.0,808.290376865476,3000.0,3000.0,3000.0,808.290376865476,3000.0,3000.0,3000.0,808.290376865476,3000.0,3000.0,3000.0,808.290376865476,808.2903768654759,710.7986283200214,710.7986283200214,808.2903768654759,808.2903768654759,710.7986283200214,710.7986283200214,808.2903768654759,808.2903768654759,710.7986283200214,710.7986283200214,808.2903768654759,808.2903768654759,710.7986283200214,710.7986283200214,808.2903768654759
7133,3000.0,2046.6630801141612,1089.0066788022884,808.2903768654759,3000.0,2046.6630801141612,1089.0066788022884,808.2903768654759,3000.0,2046.6630801141612,1089.0066788022884,808.2903768654759,3000.0,2046.6630801141612,1089.0066788022884,808.2903768654759,808.2903768654759,1089.0066788022884,2046.6630801141612,3000.0,808.2903768654759,1089.0066788022884,2046.6630801141612,3000.0,808.2903768654759,1089.0066788022884,2046.6630801141612,3000.0,808.2903768654759,1089.0066788022884,2046.6630801141612,3000.0,808.2903768654759,710.7986283200214,710.7986283200214,808.2903768654759,808.2903768654759,710.7986283200214,710.7986283200214,808.2903768654759,808.2903768654759,710.7986283200214,710.7986283200214,808.2903768654759,808.2903768654759,710.7986283200214,710.7986283200214,808.2903768654759,808.290376865476,3000.0,3000.0,3000.0,808.290376865476,3000.0,3000.0,3000.0,808.290376865476,3000.0,3000.0,3000.0,808.290376865476,3000.0,3000.0,3000.0,3000.0,3000.0,3000.0,808.290376865476,3000.0,3000.0,3000.0,808.290376865476,3000.0,3000.0,3000.0,808.290376865476,3000.0,3000.0,3000.0,808.290376865476,808.2903768654759,710.7986283200214,710.7986283200214,808.2903768654759,808.2903768654759,710.7986283200214,710.7986283200214,808.2903768654759,808.2903768654759,710.7986283200214,710.7986283200214,808.2903768654759,808.2903768654759,710.7986283200214,710.7986283200214,808.2903768654759
7200,3000.0,2046.6630801141612,1089.0066788022884,808.2903768654759,3000.0,2046.6630801141612,1089.0066788022884,808.2903768654759,3000.0,2046.6630801141612,1089.0066788022884,808.2903768654759,3000.0,2046.6630801141612,1089.0066788022884,808.2903768654759,808.2903768654759,1089.0066788022884,2046.6630801141612,3000.0,808.2903768654759,1089.0066788022884,2046.6630801141612,3000.0,808.2903768654759,1089.0066788022884,2046.6630801141612,3000.0,808.2903768654759,1089.0066788022884,2046.6630801141612,3000.0,808.2903768654759,710.7986283200214,710.7986283200214,808.2903768654759,808.2903768654759,710.7986283200214,710.7986283200214,808.2903768654759,808.2903768654759,710.7986283200214,710.7986283200214,808.2903768654759,808.2903768654759,710.7986283200214,710.7986283200214,808.2903768654759,808.290376865476,3000.0,3000.0,3000.0,808.290376865476,3000.0,3000.0,3000.0,808.290376865476,3000.0,3000.0,3000.0,808.290376865476,3000.0,3000.0,3000.0,3000.0,3000.0,3000.0,808.290376865476,3000.0,3000.0,3000.0,808.290376865476,3000.0,3000.0,3000.0,808.290376865476,3000.0,3000.0,3000.0,808.290376865476,808.2903768654759,710.7986283200214,710.7986283200214,808.2903768654759,808.2903768654759,710.7986283200214,710.7986283200214,808.2903768654759,808.2903768654759,710.7986283200214,710.7986283200214,808.2903768654759,808.2903768654759,710.7986283200214,710.7986283200214,808.2903768654759
7267,3000.0,2046.6630801141612,1089.0066788022884,808.2903768654759,3000.0,2046.6630801141612,1089.0066788022884,808.2903768654759,3000.0,2046.6630801141612,1089.0066788022884,808.2903768654759,3000.0,2046.6630801141612,1089.0066788022884,808.2903768654759,808.2903768654759,1089.0066788022884,2046.6630801141612,3000.0,808.2903768654759,1089.0066788022884,2046.6630801141612,3000.0,808.2903768654759,1089.0066788022884,2046.6630801141612,3000.0,808.2903768654759,1089.0066788022884,2046.6630801141612,3000.0,808.2903768654759,710.7986283200214,710.7986283200214,808.2903768654759,808.2903768654759,710.7986283200214,710.7986283200214,808.2903768654759,808.2903768654759,710.7986283200214,710.7986283200214,808.2903768654759,808.2903768654759,710.7986283200214,710.7986283200214,808.2903768654759,808.290376865476,3000.0,3000.0,3000.0,808.290376865476,3000.0,3000.0,3000.0,808.290376865476,3000.0,3000.0,3000.0,808.290376865476,3000.0,3000.0,3000.0,3000.0,3000.0,3000.0,808.290376865476,3000.0,3000.0,3000.0,808.290376865476,3000.0,3000.0,3000.0,808.290376865476,3000.0,3000.0,3000.0,808.290376865476,808.2903768654759,710.7986283200214,710.7986283200214,808.2903768654759,808.2903768654759,710.7986283200214,710.7986283200214,808.2903768654759,808.2903768654759,710.7986283200214,710.7986283200214,808.2903768654759,808.2903768654759,710.7986283200214,710.7986283200214,808.2903768654759
7333,3000.0,2046.6630801141612,1089.0066788022884,808.2903768654759,3000.0,2046.6630801141612,1089.0066788022884,808.2903768654759,3000.0,2046.6630801141612,1089.0066788022884,808.2903768654759,3000.0,2046.6630801141612,1089.0066788022884,808.2903768654759,808.2903768654759,1089.0066788022884,2046.6630801141612,3000.0,808.2903768654759,1089.0066788022884,2046.6630801141612,3000.0,808.2903768654759,1089.0066788022884,2046.6630801141612,3000.0,808.2903768654759,1089.0066788022884,2046.6630801141612,3000.0,808.2903768654759,710.7986283200214,710.7986283200214,808.2903768654759,808.2903768654759,710.7986283200214,710.7986283200214,808.2903768654759,808.2903768654759,710.7986283200214,710.7986283200214,808.2903768654759,808.2903768654759,710.7986283200214,710.7986283200214,808.2903768654759,808.290376865476,3000.0,3000.0,3000.0,808.290376865476,3000.0,3000.0,3000.0,808.290376865476,3000.0,3000.0,3000.0,808.290376865476,3000.0,3000.0,3000.0,3000.0,3000.0,3000.0,808.290376865476,3000.0,3000.0,3000.0,808.290376865476,3000.0,3000.0,3000.0,808.290376865476,3000.0,3000.0,3000.0,808.290376865476,808.2903768654759,710.7986283200214,710.7986283200214,808.2903768654759,808.2903768654759,710.7986283200214,710.7986283200214,808.2903768654759,808.2903768654759,710.7986283200214,710.7986283200214,808.2903768654759,808.2903768654759,710.7986283200214,710.7986283200214,808.2903768654759
7400,3000.0,2046.6630801141612,1089.0066788022884,808.2903768654759,3000.0,2046.6630801141612,1089.0066788022884,808.2903768654759,3000.0,2046.6630801141612,1089.0066788022884,808.2903768654759,3000.0,2046.6630801141612,1089.0066788022884,808.2903768654759,808.2903768654759,1089.0066788022884,2046.6630801141612,3000.0,808.2903768654759,1089.0066788022884,2046.6630801141612,3000.0,808.2903768654759,1089.0066788022884,2046.6630801141612,3000.0,808.2903768654759,1089.0066788022884,2046.6630801141612,3000.0,808.2903768654759,710.7986283200214,710.7986283200214,808.2903768654759,808.2903768654759,710.7986283200214,710.7986283200214,808.2903768654759,808.2903768654759,710.7986283200214,710.7986283200214,808.2903768654759,808.2903768654759,710.7986283200214,710.7986283200214,808.2903768654759,808.290376865476,3000.0,3000.0,3000.0,808.290376865476,3000.0,3000.0,3000.0,808.290376865476,3000.0,3000.0,3000.0,808.290376865476,3000.0,3000.0,3000.0,3000.0,3000.0,3000.0,808.290376865476,3000.0,3000.0,3000.0,808.290376865476,3000.0,3000.0,3000.0,808.290376865476,3000.0,3000.0,3000.0,808.290376865476,808.2903768654759,710.7986283200214,710.7986283200214,808.2903768654759,808.2903768654759,710.7986283200214,710.7986283200214,808.2903768654759,808.2903768654759,710.7986283200214,710.7986283200214,808.2903768654759,808.2903768654759,710.7986283200214,710.7986283200214,808.2903768654759
7467,3000.0,2046.6630801141612,1089.0066788022884,808.2903768654759,3000.0,2046.6630801141612,1089.0066788022884,808.2903768654759,3000.0,2046.6630801141612,1089.0066788022884,808.2903768654759,3000.0,2046.6630801141612,1089.0066788022884,808.2903768654759,808.2903768654759,1089.0066788022884,2046.6630801141612,3000.0,808.2903768654759,1089.0066788022884,2046.6630801141612,3000.0,808.2903768654759,1089.0066788022884,2046.6630801141612,3000.0,808.2903768654759,1089.0066788022884,2046.6630801141612,3000.0,808.2903768654759,710.7986283200214,710.7986283200214,808.2903768654759,808.2903768654759,710.7986283200214,710.7986283200214,808.2903768654759,808.2903768654759,710.7986283200214,710.7986283200214,808.2903768654759,808.2903768654759,710.7986283200214,710.7986283200214,808.2903768654759,808.290376865476,3000.0,3000.0,3000.0,808.290376865476,3000.0,3000.0,3000.0,808.290376865476,3000.0,3000.0,3000.0,808.290376865476,3000.0,3000.0,3000.0,3000.0,3000.0,3000.0,808.290376865476,3000.0,3000.0,3000.0,808.290376865476,3000.0,3000.0,3000.0,808.290376865476,3000.0,3000.0,3000.0,808.290376865476,808.2903768654759,710.7986283200214,710.7986283200214,808.2903768654759,808.2903768654759,710.7986283200214,710.7986283200214,808.2903768654759,808.2903768654759,710.7986283200214,710.7986283200214,808.2903768654759,808.2903768654759,710.7986283200214,710.7986283200214,808.2903768654759
7533,3000.0,2046.6630801141612,1089.0066788022884,808.2903768654759,3000.0,2046.6630801141612,1089.0066788022884,808.2903768654759,3000.0,2046.6630801141612,1089.0066788022884,808.2903768654759,3000.0,2046.6630801141612,1089.0066788022884,808.2903768654759,808.2903768654759,1089.0066788022884,2046.6630801141612,3000.0,808.2903768654759,1089.0066788022884,2046.6630801141612,3000.0,808.2903768654759,1089.0066788022884,2046.6630801141612,3000.0,808.2903768654759,1089.0066788022884,2046.6630801141612,3000.0,808.2903768654759,710.7986283200214,710.7986283200214,808.2903768654759,808.2903768654759,710.7986283200214,710.7986283200214,808.2903768654759,808.2903768654759,710.7986283200214,710.7986283200214,808.2903768654759,808.2903768654759,710.7986283200214,710.7986283200214,808.2903768654759,808.290376865476,3000.0,3000.0,3000.0,808.290376865476,3000.0,3000.0,3000.0,808.290376865476,3000.0,3000.0,3000.0,808.290376865476,3000.0,3000.0,3000.0,3000.0,3000.0,3000.0,808.290376865476,3000.0,3000.0,3000.0,808.290376865476,3000.0,3000.0,3000.0,808.290376865476,3000.0,3000.0,3000.0,808.290376865476,808.2903768654759,710.7986283200214,710.7986283200214,808.2903768654759,808.2903768654759,710.7986283200214,710.7986283200214,808.2903768654759,808.2903768654759,710.7986283200214,710.7986283200214,808.2903768654759,808.2903768654759,710.7986283200214,710.7986283200214,808.2903768654759
7600,3000.0,2046.6630801141612,1089.0066788022884,808.2903768654759,3000.0,2046.6630801141612,1089.0066788022884,808.2903768654759,3000.0,2046.6630801141612,1089.0066788022884,808.2903768654759,3000.0,2046.6630801141612,1089.0066788022884,808.2903768654759,808.2903768654759,1089.0066788022884,2046.6630801141612,3000.0,808.2903768654759,1089.0066788022884,2046.6630801141612,3000.0,808.2903768654759,1089.0066788022884,2046.6630801141612,3000.0,808.2903768654759,1089.0066788022884,2046.6630801141612,3000.0,808.2903768654759,710.7986283200214,710.7986283200214,808.2903768654759,808.2903768654759,710.7986283200214,710.7986283200214,808.2903768654759,808.2903768654759,710.7986283200214,710.7986283200214,808.2903768654759,808.2903768654759,710.7986283200214,710.7986283200214,808.2903768654759,808.290376865476,3000.0,3000.0,3000.0,808.290376865476,3000.0,3000.0,3000.0,808.290376865476,3000.0,3000.0,3000.0,808.290376865476,3000.0,3000.0,3000.0,3000.0,3000.0,3000.0,808.290376865476,3000.0,3000.0,3000.0,808.290376865476,3000.0,3000.0,3000.0,808.290376865476,3000.0,3000.0,3000.0,808.290376865476,808.2903768654759,710.7986283200214,710.7986283200214,808.2903768654759,808.2903768654759,710.7986283200214,710.7986283200214,808.2903768654759,808.2903768654759,710.7986283200214,710.7986283200214,808.2903768654759,808.2903768654759,710.7986283200214,710.7986283200214,808.2903768654759
7667,3000.0,2046.6630801141612,1089.0066788022884,808.2903768654759,3000.0,2046.6630801141612,1089.0066788022884,808.2903768654759,3000.0,2046.6630801141612,1089.0066788022884,808.2903768654759,3000.0,2046.6630801141612,1089.0066788022884,808.2903768654759,808.2903768654759,1089.0066788022884,2046.6630801141612,3000.0,808.2903768654759,1089.0066788022884,2046.6630801141612,3000.0,808.2903768654759,1089.0066788022884,2046.6630801141612,3000.0,808.2903768654759,1089.0066788022884,2046.6630801141612,3000.0,808.2903768654759,710.7986283200214,710.7986283200214,808.2903768654759,808.2903768654759,710.7986283200214,710.7986283200214,808.2903768654759,808.2903768654759,710.7986283200214,710.7986283200214,808.2903768654759,808.2903768654759,710.7986283200214,710.7986283200214,808.2903768654759,808.290376865476,3000.0,3000.0,3000.0,808.290376865476,3000.0,3000.0,3000.0,808.290376865476,3000.0,3000.0,3000.0,808.290376865476,3000.0,3000.0,3000.0,3000.0,3000.0,3000.0,808.290376865476,3000.0,3000.0,3000.0,808.290376865476,3000.0,3000.0,3000.0,808.290376865476,3000.0,3000.0,3000.0,808.290376865476,808.2903768654759,710.7986283200214,710.7986283200214,808.2903768654759,808.2903768654759,710.7986283200214,710.7986283200214,808.2903768654759,808.2903768654759,710.7986283200214,710.7986283200214,808.2903768654759,808.2903768654759,710.7986283200214,710.7986283200214,808.2903768654759
7733,3000.0,2046.6630801141612,1089.0066788022884,808.2903768654759,3000.0,2046.6630801141612,1089.0066788022884,808.2903768654759,3000.0,2046.6630801141612,1089.0066788022884,808.2903768654759,3000.0,2046.6630801141612,1089.0066788022884,808.2903768654759,808.2903768654759,1089.0066788022884,2046.6630801141612,3000.0,808.2903768654759,1089.0066788022884,2046.6630801141612,3000.0,808.2903768654759,1089.0066788022884,2046.6630801141612,3000.0,808.2903768654759,1089.0066788022884,2046.6630801141612,3000.0,808.2903768654759,710.7986283200214,710.7986283200214,808.2903768654759,808.2903768654759,710.7986283200214,710.7986283200214,808.2903768654759,808.2903768654759,710.7986283200214,710.7986283200214,808.2903768654759,808.2903768654759,710.7986283200214,710.7986283200214,808.2903768654759,808.290376865476,3000.0,3000.0,3000.0,808.290376865476,3000.0,3000.0,3000.0,808.290376865476,3000.0,3000.0,3000.0,808.290376865476,3000.0,3000.0,3000.0,3000.0,3000.0,3000.0,808.290376865476,3000.0,3000.0,3000.0,808.290376865476,3000.0,3000.0,3000.0,808.290376865476,3000.0,3000.0,3000.0,808.290376865476,808.2903768654759,710.7986283200214,710.7986283200214,808.2903768654759,808.2903768654759,710.7986283200214,710.7986283200214,808.2903768654759,808.2903768654759,710.7986283200214,710.7986283200214,808.2903768654759,808.2903768654759,710.7986283200214,710.7986283200214,808.2903768654759
7800,3000.0,2046.6630801141612,1089.0066788022884,808.2903768654759,3000.0,2046.6630801141612,1089.0066788022884,808.2903768654759,3000.0,2046.6630801141612,1089.0066788022884,808.2903768654759,3000.0,2046.6630801141612,1089.0066788022884,808.2903768654759,808.2903768654759,1089.0066788022884,2046.6630801141612,3000.0,808.2903768654759,1089.0066788022884,2046.6630801141612,3000.0,808.2903768654759,1089.0066788022884,2046.6630801141612,3000.0,808.2903768654759,1089.0066788022884,2046.6630801141612,3000.0,808.2903768654759,710.7986283200214,710.7986283200214,808.2903768654759,808.2903768654759,710.7986283200214,710.7986283200214,808.2903768654759,808.2903768654759,710.7986283200214,710.7986283200214,808.2903768654759,808.2903768654759,710.7986283200214,710.7986283200214,808.2903768654759,808.290376865476,3000.0,3000.0,3000.0,808.290376865476,3000.0,3000.0,3000.0,808.290376865476,3000.0,3000.0,3000.0,808.290376865476,3000.0,3000.0,3000.0,3000.0,3000.0,3000.0,808.290376865476,3000.0,3000.0,3000.0,808.290376865476,3000.0,3000.0,3000.0,808.290376865476,3000.0,3000.0,3000.0,808.290376865476,808.2903768654759,710.7986283200214,710.7986283200214,808.2903768654759,808.2903768654759,710.7986283200214,710.7986283200214,808.2903768654759,808.2903768654759,710.7986283200214,710.7986283200214,808.2903768654759,808.2903768654759,710.7986283200214,710.7986283200214,808.2903768654759
7867,3000.0,2046.6630801141612,1089.0066788022884,808.2903768654759,3000.0,2046.6630801141612,1089.0066788022884,808.2903768654759,3000.0,2046.6630801141612,1089.0066788022884,808.2903768654759,3000.0,2046.6630801141612,1089.0066788022884,808.2903768654759,808.2903768654759,1089.0066788022884,2046.6630801141612,3000.0,808.2903768654759,1089.0066788022884,2046.6630801141612,3000.0,808.2903768654759,1089.0066788022884,2046.6630801141612,3000.0,808.2903768654759,1089.0066788022884,2046.6630801141612,3000.0,808.2903768654759,710.7986283200214,710.7986283200214,808.2903768654759,808.2903768654759,710.7986283200214,710.7986283200214,808.2903768654759,808.2903768654759,710.7986283200214,710.7986283200214,808.2903768654759,808.2903768654759,710.7986283200214,710.7986283200214,808.2903768654759,808.290376865476,3000.0,3000.0,3000.0,808.290376865476,3000.0,3000.0,3000.0,808.290376865476,3000.0,3000.0,3000.0,808.290376865476,3000.0,3000.0,3000.0,3000.0,3000.0,3000.0,808.290376865476,3000.0,3000.0,3000.0,808.290376865476,3000.0,3000.0,3000.0,808.290376865476,3000.0,3000.0,3000.0,808.290376865476,808.2903768654759,710.7986283200214,710.7986283200214,808.2903768654759,808.2903768654759,710.7986283200214,710.7986283200214,808.2903768654759,808.2903768654759,710.7986283200214,710.7986283200214,808.2903768654759,808.2903768654759,710.7986283200214,710.7986283200214,808.2903768654759
7933,3000.0,2046.6630801141612,1089.0066788022884,808.2903768654759,3000.0,2046.6630801141612,1089.0066788022884,808.2903768654759,3000.0,2046.6630801141612,1089.0066788022884,808.2903768654759,3000.0,2046.6630801141612,1089.0066788022884,808.2903768654759,808.2903768654759,1089.0066788022884,2046.6630801141612,3000.0,808.2903768654759,1089.0066788022884,2046.6630801141612,3000.0,808.2903768654759,1089.0066788022884,2046.6630801141612,3000.0,808.2903768654759,1089.0066788022884,2046.6630801141612,3000.0,808.2903768654759,710.7986283200214,710.7986283200214,808.2903768654759,808.2903768654759,710.7986283200214,710.7986283200214,808.2903768654759,808.2903768654759,710.7986283200214,710.7986283200214,808.2903768654759,808.2903768654759,710.7986283200214,710.7986283200214,808.2903768654759,808.290376865476,3000.0,3000.0,3000.0,808.290376865476,3000.0,3000.0,3000.0,808.290376865476,3000.0,3000.0,3000.0,808.290376865476,3000.0,3000.0,3000.0,3000.0,3000.0,3000.0,808.290376865476,3000.0,3000.0,3000.0,808.290376865476,3000.0,3000.0,3000.0,808.290376865476,3000.0,3000.0,3000.0,808.290376865476,808.2903768654759,710.7986283200214,710.7986283200214,808.2903768654759,808.2903768654759,710.7986283200214,710.7986283200214,808.2903768654759,808.2903768654759,710.7986283200214,710.7986283200214,808.2903768654759,808.2903768654759,710.7986283200214,710.7986283200214,808.2903768654759
8000,3000.0,2046.6630801141612,1089.0066788022884,808.2903768654759,3000.0,2046.6630801141612,1089.0066788022884,808.2903768654759,3000.0,2046.6630801141612,1089.0066788022884,808.2903768654759,3000.0,2046.6630801141612,1089.0066788022884,808.2903768654759,808.2903768654759,1089.0066788022884,2046.6630801141612,3000.0,808.2903768654759,1089.0066788022884,2046.6630801141612,3000.0,808.2903768654759,1089.0066788022884,2046.6630801141612,3000.0,808.2903768654759,1089.0066788022884,2046.6630801141612,3000.0,808.2903768654759,710.7986283200214,710.7986283200214,808.2903768654759,808.2903768654759,710.7986283200214,710.7986283200214,808.2903768654759,808.2903768654759,710.7986283200214,710.7986283200214,808.2903768654759,808.2903768654759,710.7986283200214,710.7986283200214,808.2903768654759,808.290376865476,3000.0,3000.0,3000.0,808.290376865476,3000.0,3000.0,3000.0,808.290376865476,3000.0,3000.0,3000.0,808.290376865476,3000.0,3000.0,3000.0,3000.0,3000.0,3000.0,808.290376865476,3000.0,3000.0,3000.0,808.290376865476,3000.0,3000.0,3000.0,808.290376865476,3000.0,3000.0,3000.0,808.290376865476,808.2903768654759,710.7986283200214,710.7986283200214,808.2903768654759,808.2903768654759,710.7986283200214,710.7986283200214,808.2903768654759,808.2903768654759,710.7986283200214,710.7986283200214,808.2903768654759,808.2903768654759,710.7986283200214,710.7986283200214,808.2903768654759
8067,3000.0,2046.6630801141612,1089.0066788022884,808.2903768654759,3000.0,2046.6630801141612,1089.0066788022884,808.2903768654759,3000.0,2046.6630801141612,1089.0066788022884,808.2903768654759,3000.0,2046.6630801141612,1089.0066788022884,808.2903768654759,808.2903768654759,1089.0066788022884,2046.6630801141612,3000.0,808.2903768654759,1089.0066788022884,2046.6630801141612,3000.0,808.2903768654759,1089.0066788022884,2046.6630801141612,3000.0,808.2903768654759,1089.0066788022884,2046.6630801141612,3000.0,808.2903768654759,710.7986283200214,710.7986283200214,808.2903768654759,808.2903768654759,710.7986283200214,710.7986283200214,808.2903768654759,808.2903768654759,710.7986283200214,710.7986283200214,808.2903768654759,808.2903768654759,710.7986283200214,710.7986283200214,808.2903768654759,808.290376865476,3000.0,3000.0,3000.0,808.290376865476,3000.0,3000.0,3000.0,808.290376865476,3000.0,3000.0,3000.0,808.290376865476,3000.0,3000.0,3000.0,3000.0,3000.0,3000.0,808.290376865476,3000.0,3000.0,3000.0,808.290376865476,3000.0,3000.0,3000.0,808.290376865476,3000.0,3000.0,3000.0,808.290376865476,808.2903768654759,710.7986283200214,710.7986283200214,808.2903768654759,808.2903768654759,710.7986283200214,710.7986283200214,808.2903768654759,808.2903768654759,710.7986283200214,710.7986283200214,808.2903768654759,808.2903768654759,710.7986283200214,710.7986283200214,808.2903768654759
8133,3000.0,2046.6630801141612,1089.0066788022884,808.2903768654759,3000.0,2046.6630801141612,1089.0066788022884,808.2903768654759,3000.0,2046.6630801141612,1089.0066788022884,808.2903768654759,3000.0,2046.6630801141612,1089.0066788022884,808.2903768654759,808.2903768654759,1089.0066788022884,2046.6630801141612,3000.0,808.2903768654759,1089.0066788022884,2046.6630801141612,3000.0,808.2903768654759,1089.0066788022884,2046.6630801141612,3000.0,808.2903768654759,1089.0066788022884,2046.6630801141612,3000.0,808.2903768654759,710.7986283200214,710.7986283200214,808.2903768654759,808.2903768654759,710.7986283200214,710.7986283200214,808.2903768654759,808.2903768654759,710.7986283200214,710.7986283200214,808.2903768654759,808.2903768654759,710.7986283200214,710.7986283200214,808.2903768654759,808.290376865476,1089.0066788022887,3000.0,3000.0,808.290376865476,1089.0066788022887,3000.0,3000.0,808.290376865476,1089.0066788022887,3000.0,3000.0,808.290376865476,1089.0066788022887,3000.0,3000.0,3000.0,3000.0,1089.0066788022887,808.290376865476,3000.0,3000.0,1089.0066788022887,808.290376865476,3000.0,3000.0,1089.0066788022887,808.290376865476,3000.0,3000.0,1089.0066788022887,808.290376865476,808.2903768654759,710.7986283200214,710.7986283200214,808.2903768654759,808.2903768654759,710.7986283200214,710.7986283200214,808.2903768654759,808.2903768654759,710.7986283200214,710.7986283200214,808.2903768654759,808.2903768654759,710.7986283200214,710.7986283200214,808.2903768654759
8200,3000.0,2046.6630801141612,1089.0066788022884,808.2903768654759,3000.0,2046.6630801141612,1089.0066788022884,808.2903768654759,3000.0,2046.6630801141612,1089.0066788022884,808.2903768654759,3000.0,2046.6630801141612,1089.0066788022884,808.2903768654759,808.2903768654759,1089.0066788022884,2046.6630801141612,3000.0,808.2903768654759,1089.0066788022884,2046.6630801141612,3000.0,808.2903768654759,1089.0066788022884,2046.6630801141612,3000.0,808.2903768654759,1089.0066788022884,2046.6630801141612,3000.0,808.2903768654759,710.7986283200214,710.7986283200214,808.2903768654759,808.2903768654759,710.7986283200214,710.7986283200214,808.2903768654759,808.2903768654759,710.7986283200214,710.7986283200214,808.2903768654759,808.2903768654759,710.7986283200214,710.7986283200214,808.2903768654759,808.290376865476,1089.0066788022887,3000.0,3000.0,808.290376865476,1089.0066788022887,3000.0,3000.0,808.290376865476,1089.0066788022887,3000.0,3000.0,808.290376865476,1089.0066788022887,3000.0,3000.0,3000.0,3000.0,1089.0066788022887,808.290376865476,3000.0,3000.0,1089.0066788022887,808.290376865476,3000.0,3000.0,1089.0066788022887,808.290376865476,3000.0,3000.0,1089.0066788022887,808.290376865476,808.2903768654759,710.7986283200214,710.7986283200214,808.2903768654759,808.2903768654759,710.7986283200214,710.7986283200214,808.2903768654759,808.2903768654759,710.7986283200214,710.7986283200214,808.2903768654759,808.2903768654759,710.7986283200214,710.7986283200214,808.2903768654759
8267,3000.0,2046.6630801141612,1089.0066788022884,808.2903768654759,3000.0,2046.6630801141612,1089.0066788022884,808.2903768654759,3000.0,2046.6630801141612,1089.0066788022884,808.2903768654759,3000.0,2046.6630801141612,1089.0066788022884,808.2903768654759,808.2903768654759,1089.0066788022884,2046.6630801141612,3000.0,808.2903768654759,1089.0066788022884,2046.6630801141612,3000.0,808.2903768654759,1089.0066788022884,2046.6630801141612,3000.0,808.2903768654759,1089.0066788022884,2046.6630801141612,3000.0,808.2903768654759,710.7986283200214,710.7986283200214,808.2903768654759,808.2903768654759,710.7986283200214,710.7986283200214,808.2903768654759,808.2903768654759,710.7986283200214,710.7986283200214,808.2903768654759,808.2903768654759,710.7986283200214,710.7986283200214,808.2903768654759,808.290376865476,1089.0066788022887,3000.0,3000.0,808.290376865476,1089.0066788022887,3000.0,3000.0,808.290376865476,1089.0066788022887,3000.0,3000.0,808.290376865476,1089.0066788022887,3000.0,3000.0,3000.0,3000.0,1089.0066788022887,808.290376865476,3000.0,3000.0,1089.0066788022887,808.290376865476,3000.0,3000.0,1089.0066788022887,808.290376865476,3000.0,3000.0,1089.0066788022887,808.290376865476,808.2903768654759,710.7986283200214,710.7986283200214,808.2903768654759,808.2903768654759,710.7986283200214,710.7986283200214,808.2903768654759,808.2903768654759,710.7986283200214,710.7986283200214,808.2903768654759,808.2903768654759,710.7986283200214,710.7986283200214,808.2903768654759
8333,3000.0,2046.6630801141612,1089.0066788022884,808.2903768654759,3000.0,2046.6630801141612,1089.0066788022884,808.2903768654759,3000.0,2046.6630801141612,1089.0066788022884,808.2903768654759,3000.0,2046.6630801141612,1089.0066788022884,808.2903768654759,808.2903768654759,1089.0066788022884,2046.6630801141612,3000.0,808.2903768654759,1089.0066788022884,2046.6630801141612,3000.0,808.2903768654759,1089.0066788022884,2046.6630801141612,3000.0,808.2903768654759,1089.0066788022884,2046.6630801141612,3000.0,808.2903768654759,710.7986283200214,710.7986283200214,808.2903768654759,808.2903768654759,710.7986283200214,710.7986283200214,808.2903768654759,808.2903768654759,710.7986283200214,710.7986283200214,808.2903768654759,808.2903768654759,710.7986283200214,710.7986283200214,808.2903768654759,808.290376865476,1089.0066788022887,3000.0,3000.0,808.290376865476,1089.0066788022887,3000.0,3000.0,808.290376865476,1089.0066788022887,3000.0,3000.0,808.290376865476,1089.0066788022887,3000.0,3000.0,3000.0,3000.0,1089.0066788022887,808.290376865476,3000.0,3000.0,1089.0066788022887,808.290376865476,3000.0,3000.0,1089.0066788022887,808.290376865476,3000.0,3000.0,1089.0066788022887,808.290376865476,808.2903768654759,710.7986283200214,710.7986283200214,808.2903768654759,808.2903768654759,710.7986283200214,710.7986283200214,808.2903768654759,808.2903768654759,710.7986283200214,710.7986283200214,808.2903768654759,808.2903768654759,710.7986283200214,710.7986283200214,808.2903768654759
8400,3000.0,2046.6630801141612,1089.0066788022884,808.2903768654759,3000.0,2046.6630801141612,1089.0066788022884,808.2903768654759,3000.0,2046.6630801141612,1089.0066788022884,808.2903768654759,3000.0,2046.6630801141612,1089.0066788022884,808.2903768654759,808.2903768654759,1089.0066788022884,2046.6630801141612,3000.0,808.2903768654759,1089.0066788022884,2046.6630801141612,3000.0,808.2903768654759,1089.0066788022884,2046.6630801141612,3000.0,808.2903768654759,1089.0066788022884,2046.6630801141612,3000.0,808.2903768654759,710.7986283200214,710.7986283200214,808.2903768654759,808.2903768654759,710.7986283200214,710.7986283200214,808.2903768654759,808.2903768654759,710.7986283200214,710.7986283200214,808.2903768654759,808.2903768654759,710.7986283200214,710.7986283200214,808.2903768654759,808.290376865476,1089.0066788022887,3000.0,3000.0,808.290376865476,1089.0066788022887,3000.0,3000.0,808.290376865476,1089.0066788022887,3000.0,3000.0,808.290376865476,1089.0066788022887,3000.0,3000.0,3000.0,3000.0,1089.0066788022887,808.290376865476,3000.0,3000.0,1089.0066788022887,808.290376865476,3000.0,3000.0,1089.0066788022887,808.290376865476,3000.0,3000.0,1089.0066788022887,808.290376865476,808.2903768654759,710.7986283200214,710.7986283200214,808.2903768654759,808.2903768654759,710.7986283200214,710.7986283200214,808.2903768654759,808.2903768654759,710.7986283200214,710.7986283200214,808.2903768654759,808.2903768654759,710.7986283200214,710.7986283200214,808.2903768654759
8467,3000.0,2046.6630801141612,1089.0066788022884,808.2903768654759,3000.0,2046.6630801141612,1089.0066788022884,808.2903768654759,3000.0,2046.6630801141612,1089.0066788022884,808.2903768654759,3000.0,2046.6630801141612,1089.0066788022884,808.2903768654759,808.2903768654759,1089.0066788022884,2046.6630801141612,3000.0,808.2903768654759,1089.0066788022884,2046.6630801141612,3000.0,808.2903768654759,1089.0066788022884,2046.6630801141612,3000.0,808.2903768654759,1089.0066788022884,2046.6630801141612,3000.0,808.2903768654759,710.7986283200214,710.7986283200214,808.2903768654759,808.2903768654759,710.7986283200214,710.7986283200214,808.2903768654759,808.2903768654759,710.7986283200214,710.7986283200214,808.2903768654759,808.2903768654759,710.7986283200214,710.7986283200214,808.2903768654759,808.290376865476,1089.0066788022887,3000.0,3000.0,808.290376865476,1089.0066788022887,3000.0,3000.0,808.290376865476,1089.0066788022887,3000.0,3000.0,808.290376865476,1089.0066788022887,3000.0,3000.0,3000.0,3000.0,1089.0066788022887,808.290376865476,3000.0,3000.0,1089.0066788022887,808.290376865476,3000.0,3000.0,1089.0066788022887,808.290376865476,3000.0,3000.0,1089.0066788022887,808.290376865476,808.2903768654759,710.7986283200214,710.7986283200214,808.2903768654759,808.2903768654759,710.7986283200214,710.7986283200214,808.2903768654759,808.2903768654759,710.7986283200214,710.7986283200214,808.2903768654759,808.2903768654759,710.7986283200214,710.7986283200214,808.2903768654759
8533,3000.0,2046.6630801141612,1089.0066788022884,808.2903768654759,3000.0,2046.6630801141612,1089.0066788022884,808.2903768654759,3000.0,2046.6630801141612,1089.0066788022884,808.2903768654759,3000.0,2046.6630801141612,1089.0066788022884,808.2903768654759,808.2903768654759,1089.0066788022884,2046.6630801141612,3000.0,808.2903768654759,1089.0066788022884,2046.6630801141612,3000.0,808.2903768654759,1089.0066788022884,2046.6630801141612,3000.0,808.2903768654759,1089.0066788022884,2046.6630801141612,3000.0,808.2903768654759,710.7986283200214,710.7986283200214,808.2903768654759,808.2903768654759,710.7986283200214,710.7986283200214,808.2903768654759,808.2903768654759,710.7986283200214,710.7986283200214,808.2903768654759,808.2903768654759,710.7986283200214,710.7986283200214,808.2903768654759,808.290376865476,1089.0066788022887,3000.0,3000.0,808.290376865476,1089.0066788022887,3000.0,3000.0,808.290376865476,1089.0066788022887,3000.0,3000.0,808.290376865476,1089.0066788022887,3000.0,3000.0,3000.0,3000.0,1089.0066788022887,808.290376865476,3000.0,3000.0,1089.0066788022887,808.290376865476,3000.0,3000.0,1089.0066788022887,808.290376865476,3000.0,3000.0,1089.0066788022887,808.290376865476,808.2903768654759,710.7986283200214,710.7986283200214,808.2903768654759,808.2903768654759,710.7986283200214,710.7986283200214,808.2903768654759,808.2903768654759,710.7986283200214,710.7986283200214,808.2903768654759,808.2903768654759,710.7986283200214,710.7986283200214,808.2903768654759
8600,3000.0,2046.6630801141612,1089.0066788022884,808.2903768654759,3000.0,2046.6630801141612,1089.0066788022884,808.2903768654759,3000.0,2046.6630801141612,1089.0066788022884,808.2903768654759,3000.0,2046.6630801141612,1089.0066788022884,808.2903768654759,808.2903768654759,1089.0066788022884,2046.6630801141612,3000.0,808.2903768654759,1089.0066788022884,2046.6630801141612,3000.0,808.2903768654759,1089.0066788022884,2046.6630801141612,3000.0,808.2903768654759,1089.0066788022884,2046.6630801141612,3000.0,808.2903768654759,710.7986283200214,710.7986283200214,808.2903768654759,808.2903768654759,710.7986283200214,710.7986283200214,808.2903768654759,808.2903768654759,710.7986283200214,710.7986283200214,808.2903768654759,808.2903768654759,710.7986283200214,710.7986283200214,808.2903768654759,808.290376865476,1089.0066788022887,3000.0,3000.0,808.290376865476,1089.0066788022887,3000.0,3000.0,808.290376865476,1089.0066788022887,3000.0,3000.0,808.290376865476,1089.0066788022887,3000.0,3000.0,3000.0,3000.0,1089.0066788022887,808.290376865476,3000.0,3000.0,1089.0066788022887,808.290376865476,3000.0,3000.0,1089.0066788022887,808.290376865476,3000.0,3000.0,1089.0066788022887,808.290376865476,808.2903768654759,710.7986283200214,710.7986283200214,808.2903768654759,808.2903768654759,710.7986283200214,710.7986283200214,808.2903768654759,808.2903768654759,710.7986283200214,710.7986283200214,808.2903768654759,808.2903768654759,710.7986283200214,710.7986283200214,808.2903768654759
8667,3000.0,2046.6630801141612,1089.0066788022884,808.2903768654759,3000.0,2046.6630801141612,1089.0066788022884,808.2903768654759,3000.0,2046.6630801141612,1089.0066788022884,808.2903768654759,3000.0,2046.6630801141612,1089.0066788022884,808.2903768654759,808.2903768654759,1089.0066788022884,2046.6630801141612,3000.0,808.2903768654759,1089.0066788022884,2046.6630801141612,3000.0,808.2903768654759,1089.0066788022884,2046.6630801141612,3000.0,808.2903768654759,1089.0066788022884,2046.6630801141612,3000.0,808.2903768654759,710.7986283200214,710.7986283200214,808.2903768654759,808.2903768654759,710.7986283200214,710.7986283200214,808.2903768654759,808.2903768654759,710.7986283200214,710.7986283200214,808.2903768654759,808.2903768654759,710.7986283200214,710.7986283200214,808.2903768654759,808.290376865476,1089.0066788022887,3000.0,3000.0,808.290376865476,1089.0066788022887,3000.0,3000.0,808.290376865476,1089.0066788022887,3000.0,3000.0,808.290376865476,1089.0066788022887,3000.0,3000.0,3000.0,3000.0,1089.0066788022887,808.290376865476,3000.0,3000.0,1089.0066788022887,808.290376865476,3000.0,3000.0,1089.0066788022887,808.290376865476,3000.0,3000.0,1089.0066788022887,808.290376865476,808.2903768654759,710.7986283200214,710.7986283200214,808.2903768654759,808.2903768654759,710.7986283200214,710.7986283200214,808.2903768654759,808.2903768654759,710.7986283200214,710.7986283200214,808.2903768654759,808.2903768654759,710.7986283200214,710.7986283200214,808.2903768654759
8733,3000.0,2046.6630801141612,1089.0066788022884,808.2903768654759,3000.0,2046.6630801141612,1089.0066788022884,808.2903768654759,3000.0,2046.6630801141612,1089.0066788022884,808.2903768654759,3000.0,2046.6630801141612,1089.0066788022884,808.2903768654759,808.2903768654759,1089.0066788022884,2046.6630801141612,3000.0,808.2903768654759,1089.0066788022884,2046.6630801141612,3000.0,808.2903768654759,1089.0066788022884,2046.6630801141612,3000.0,808.2903768654759,1089.0066788022884,2046.6630801141612,3000.0,808.2903768654759,710.7986283200214,710.7986283200214,808.2903768654759,808.2903768654759,710.7986283200214,710.7986283200214,808.2903768654759,808.2903768654759,710.7986283200214,710.7986283200214,808.2903768654759,808.2903768654759,710.7986283200214,710.7986283200214,808.2903768654759,808.290376865476,1089.0066788022887,3000.0,3000.0,808.290376865476,1089.0066788022887,3000.0,3000.0,808.290376865476,1089.0066788022887,3000.0,3000.0,808.290376865476,1089.0066788022887,3000.0,3000.0,3000.0,3000.0,1089.0066788022887,808.290376865476,3000.0,3000.0,1089.0066788022887,808.290376865476,3000.0,3000.0,1089.0066788022887,808.290376865476,3000.0,3000.0,1089.0066788022887,808.290376865476,808.2903768654759,710.7986283200214,710.7986283200214,808.2903768654759,808.2903768654759,710.7986283200214,710.7986283200214,808.2903768654759,808.2903768654759,710.7986283200214,710.7986283200214,808.2903768654759,808.2903768654759,710.7986283200214,710.7986283200214,808.2903768654759
8800,3000.0,3000.0,1089.0066788022884,808.2903768654759,3000.0,3000.0,1089.0066788022884,808.2903768654759,3000.0,3000.0,1089.0066788022884,808.2903768654759,3000.0,3000.0,1089.0066788022884,808.2903768654759,808.2903768654759,1089.0066788022884,3000.0,3000.0,808.2903768654759,1089.0066788022884,3000.0,3000.0,808.2903768654759,1089.0066788022884,3000.0,3000.0,808.2903768654759,1089.0066788022884,3000.0,3000.0,808.2903768654759,710.7986283200214,710.7986283200214,808.2903768654759,808.2903768654759,710.7986283200214,710.7986283200214,808.2903768654759,808.2903768654759,710.7986283200214,710.7986283200214,808.2903768654759,808.2903768654759,710.7986283200214,710.7986283200214,808.2903768654759,808.290376865476,1089.0066788022887,3000.0,3000.0,808.290376865476,1089.0066788022887,3000.0,3000.0,808.290376865476,1089.0066788022887,3000.0,3000.0,808.290376865476,1089.0066788022887,3000.0,3000.0,3000.0,3000.0,1089.0066788022887,808.290376865476,3000.0,3000.0,1089.0066788022887,808.290376865476,3000.0,3000.0,1089.0066788022887,808.290376865476,3000.0,3000.0,1089.0066788022887,808.290376865476,808.2903768654759,710.7986283200214,710.7986283200214,808.2903768654759,808.2903768654759,710.7986283200214,710.7986283200214,808.2903768654759,808.2903768654759,710.7986283200214,710.7986283200214,808.2903768654759,808.2903768654759,710.7986283200214,710.7986283200214,808.2903768654759
8867,3000.0,3000.0,1089.0066788022884,808.2903768654759,3000.0,3000.0,1089.0066788022884,808.2903768654759,3000.0,3000.0,1089.0066788022884,808.2903768654759,3000.0,3000.0,1089.0066788022884,808.2903768654759,808.2903768654759,1089.0066788022884,3000.0,3000.0,808.2903768654759,1089.0066788022884,3000.0,3000.0,808.2903768654759,1089.0066788022884,3000.0,3000.0,808.2903768654759,1089.0066788022884,3000.0,3000.0,808.2903768654759,710.7986283200214,710.7986283200214,808.2903768654759,808.2903768654759,710.7986283200214,710.7986283200214,808.2903768654759,808.2903768654759,710.7986283200214,710.7986283200214,808.2903768654759,808.2903768654759,710.7986283200214,710.7986283200214,808.2903768654759,808.290376865476,1089.0066788022887,3000.0,3000.0,808.290376865476,1089.0066788022887,3000.0,3000.0,808.290376865476,1089.0066788022887,3000.0,3000.0,808.290376865476,1089.0066788022887,3000.0,3000.0,3000.0,3000.0,1089.0066788022887,808.290376865476,3000.0,3000.0,1089.0066788022887,808.290376865476,3000.0,3000.0,1089.0066788022887,808.290376865476,3000.0,3000.0,1089.0066788022887,808.290376865476,808.2903768654759,710.7986283200214,710.7986283200214,808.2903768654759,808.2903768654759,710.7986283200214,710.7986283200214,808.2903768654759,808.2903768654759,710.7986283200214,710.7986283200214,808.2903768654759,808.2903768654759,710.7986283200214,710.7986283200214,808.2903768654759
8933,3000.0,3000.0,1089.0066788022884,808.2903768654759,3000.0,3000.0,1089.0066788022884,808.2903768654759,3000.0,3000.0,1089.0066788022884,808.2903768654759,3000.0,3000.0,1089.0066788022884,808.2903768654759,808.2903768654759,1089.0066788022884,3000.0,3000.0,808.2903768654759,1089.0066788022884,3000.0,3000.0,808.2903768654759,1089.0066788022884,3000.0,3000.0,808.2903768654759,1089.0066788022884,3000.0,3000.0,808.2903768654759,710.7986283200214,710.7986283200214,808.2903768654759,808.2903768654759,710.7986283200214,710.7986283200214,808.2903768654759,808.2903768654759,710.7986283200214,710.7986283200214,808.2903768654759,808.2903768654759,710.7986283200214,710.7986283200214,808.2903768654759,808.290376865476,1089.0066788022887,3000.0,3000.0,808.290376865476,1089.0066788022887,3000.0,3000.0,808.290376865476,1089.0066788022887,3000.0,3000.0,808.290376865476,1089.0066788022887,3000.0,3000.0,3000.0,3000.0,1089.0066788022887,808.290376865476,3000.0,3000.0,1089.0066788022887,808.290376865476,3000.0,3000.0,1089.0066788022887,808.290376865476,3000.0,3000.0,1089.0066788022887,808.290376865476,808.2903768654759,710.7986283200214,710.7986283200214,808.2903768654759,808.2903768654759,710.7986283200214,710.7986283200214,808.2903768654759,808.2903768654759,710.7986283200214,710.7986283200214,808.2903768654759,808.2903768654759,710.7986283200214,710.7986283200214,808.2903768654759
9000,3000.0,3000.0,1089.0066788022884,808.2903768654759,3000.0,3000.0,1089.0066788022884,808.2903768654759,3000.0,3000.0,1089.0066788022884,808.2903768654759,3000.0,3000.0,1089.0066788022884,808.2903768654759,808.2903768654759,1089.0066788022884,3000.0,3000.0,808.2903768654759,1089.0066788022884,3000.0,3000.0,808.2903768654759,1089.0066788022884,3000.0,3000.0,808.2903768654759,1089.0066788022884,3000.0,3000.0,808.2903768654759,710.7986283200214,710.7986283200214,808.2903768654759,808.2903768654759,710.7986283200214,710.7986283200214,808.2903768654759,808.2903768654759,710.7986283200214,710.7986283200214,808.2903768654759,808.2903768654759,710.7986283200214,710.7986283200214,808.2903768654759,808.290376865476,1089.0066788022887,3000.0,3000.0,808.290376865476,1089.0066788022887,3000.0,3000.0,808.290376865476,1089.0066788022887,3000.0,3000.0,808.290376865476,1089.0066788022887,3000.0,3000.0,3000.0,3000.0,1089.0066788022887,808.290376865476,3000.0,3000.0,1089.0066788022887,808.290376865476,3000.0,3000.0,1089.0066788022887,808.290376865476,3000.0,3000.0,1089.0066788022887,808.290376865476,808.2903768654759,710.7986283200214,710.7986283200214,808.2903768654759,808.2903768654759,710.7986283200214,710.7986283200214,808.2903768654759,808.2903768654759,710.7986283200214,710.7986283200214,808.2903768654759,808.2903768654759,710.7986283200214,710.7986283200214,808.2903768654759
9067,3000.0,3000.0,1089.0066788022884,808.2903768654759,3000.0,3000.0,1089.0066788022884,808.2903768654759,3000.0,3000.0,1089.0066788022884,808.2903768654759,3000.0,3000.0,1089.0066788022884,808.2903768654759,808.2903768654759,1089.0066788022884,3000.0,3000.0,808.2903768654759,1089.0066788022884,3000.0,3000.0,808.2903768654759,1089.0066788022884,3000.0,3000.0,808.2903768654759,1089.0066788022884,3000.0,3000.0,808.2903768654759,710.7986283200214,710.7986283200214,808.2903768654759,808.2903768654759,710.7986283200214,710.7986283200214,808.2903768654759,808.2903768654759,710.7986283200214,710.7986283200214,808.2903768654759,808.2903768654759,710.7986283200214,710.7986283200214,808.2903768654759,808.290376865476,1089.0066788022887,3000.0,3000.0,808.290376865476,1089.0066788022887,3000.0,3000.0,808.290376865476,1089.0066788022887,3000.0,3000.0,808.290376865476,1089.0066788022887,3000.0,3000.0,3000.0,3000.0,1089.0066788022887,808.290376865476,3000.0,3000.0,1089.0066788022887,808.290376865476,3000.0,3000.0,1089.0066788022887,808.290376865476,3000.0,3000.0,1089.0066788022887,808.290376865476,808.2903768654759,710.7986283200214,710.7986283200214,808.2903768654759,808.2903768654759,710.7986283200214,710.7986283200214,808.2903768654759,808.2903768654759,710.7986283200214,710.7986283200214,808.2903768654759,808.2903768654759,710.7986283200214,710.7986283200214,808.2903768654759
9133,3000.0,3000.0,1089.0066788022884,808.2903768654759,3000.0,3000.0,1089.0066788022884,808.2903768654759,3000.0,3000.0,1089.0066788022884,808.2903768654759,3000.0,3000.0,1089.0066788022884,808.2903768654759,808.2903768654759,1089.0066788022884,3000.0,3000.0,808.2903768654759,1089.0066788022884,3000.0,3000.0,808.2903768654759,1089.0066788022884,3000.0,3000.0,808.2903768654759,1089.0066788022884,3000.0,3000.0,808.2903768654759,710.7986283200214,710.7986283200214,808.2903768654759,808.2903768654759,710.7986283200214,710.7986283200214,808.2903768654759,808.2903768654759,710.7986283200214,710.7986283200214,808.2903768654759,808.2903768654759,710.7986283200214,710.7986283200214,808.2903768654759,808.290376865476,1089.0066788022887,3000.0,3000.0,808.290376865476,1089.0066788022887,3000.0,3000.0,808.290376865476,1089.0066788022887,3000.0,3000.0,808.290376865476,1089.0066788022887,3000.0,3000.0,3000.0,3000.0,1089.0066788022887,808.290376865476,3000.0,3000.0,1089.0066788022887,808.290376865476,3000.0,3000.0,1089.0066788022887,808.290376865476,3000.0,3000.0,1089.0066788022887,808.290376865476,808.2903768654759,710.7986283200214,710.7986283200214,808.2903768654759,808.2903768654759,710.7986283200214,710.7986283200214,808.2903768654759,808.2903768654759,710.7986283200214,710.7986283200214,808.2903768654759,808.2903768654759,710.7986283200214,710.7986283200214,808.2903768654759
9200,3000.0,3000.0,1089.0066788022884,808.2903768654759,3000.0,3000.0,1089.0066788022884,808.2903768654759,3000.0,3000.0,1089.0066788022884,808.2903768654759,3000.0,3000.0,1089.0066788022884,808.2903768654759,808.2903768654759,1089.0066788022884,3000.0,3000.0,808.2903768654759,1089.0066788022884,3000.0,3000.0,808.2903768654759,1089.0066788022884,3000.0,3000.0,808.2903768654759,1089.0066788022884,3000.0,3000.0,808.2903768654759,710.7986283200214,710.7986283200214,808.2903768654759,808.2903768654759,710.7986283200214,710.7986283200214,808.2903768654759,808.2903768654759,710.7986283200214,710.7986283200214,808.2903768654759,808.2903768654759,710.7986283200214,710.7986283200214,808.2903768654759,808.290376865476,1089.0066788022887,3000.0,3000.0,808.290376865476,1089.0066788022887,3000.0,3000.0,808.290376865476,1089.0066788022887,3000.0,3000.0,808.290376865476,1089.0066788022887,3000.0,3000.0,3000.0,3000.0,1089.0066788022887,808.290376865476,3000.0,3000.0,1089.0066788022887,808.290376865476,3000.0,3000.0,1089.0066788022887,808.290376865476,3000.0,3000.0,1089.0066788022887,808.290376865476,808.2903768654759,710.7986283200214,710.7986283200214,808.2903768654759,808.2903768654759,710.7986283200214,710.7986283200214,808.2903768654759,808.2903768654759,710.7986283200214,710.7986283200214,808.2903768654759,808.2903768654759,710.7986283200214,710.7986283200214,808.2903768654759
9267,3000.0,3000.0,1089.0066788022884,808.2903768654759,3000.0,3000.0,1089.0066788022884,808.2903768654759,3000.0,3000.0,1089.0066788022884,808.2903768654759,3000.0,3000.0,1089.0066788022884,808.2903768654759,808.2903768654759,1089.0066788022884,3000.0,3000.0,808.2903768654759,1089.0066788022884,3000.0,3000.0,808.2903768654759,1089.0066788022884,3000.0,3000.0,808.2903768654759,1089.0066788022884,3000.0,3000.0,808.2903768654759,710.7986283200214,710.7986283200214,808.2903768654759,808.2903768654759,710.7986283200214,710.7986283200214,808.2903768654759,808.2903768654759,710.7986283200214,710.7986283200214,808.2903768654759,808.2903768654759,710.7986283200214,710.7986283200214,808.2903768654759,808.290376865476,1089.0066788022887,3000.0,3000.0,808.290376865476,1089.0066788022887,3000.0,3000.0,808.290376865476,1089.0066788022887,3000.0,3000.0,808.290376865476,1089.0066788022887,3000.0,3000.0,3000.0,3000.0,1089.0066788022887,808.290376865476,3000.0,3000.0,1089.0066788022887,808.290376865476,3000.0,3000.0,1089.0066788022887,808.290376865476,3000.0,3000.0,1089.0066788022887,808.290376865476,808.2903768654759,710.7986283200214,710.7986283200214,808.2903768654759,808.2903768654759,710.7986283200214,710.7986283200214,808.2903768654759,808.2903768654759,710.7986283200214,710.7986283200214,808.2903768654759,808.2903768654759,710.7986283200214,710.7986283200214,808.2903768654759
9333,3000.0,3000.0,1089.0066788022884,808.2903768654759,3000.0,3000.0,1089.0066788022884,808.2903768654759,3000.0,3000.0,1089.0066788022884,808.2903768654759,3000.0,3000.0,1089.0066788022884,808.2903768654759,808.2903768654759,1089.0066788022884,3000.0,3000.0,808.2903768654759,1089.0066788022884,3000.0,3000.0,808.2903768654759,1089.0066788022884,3000.0,3000.0,808.2903768654759,1089.0066788022884,3000.0,3000.0,808.2903768654759,710.7986283200214,710.7986283200214,808.2903768654759,808.2903768654759,710.7986283200214,710.7986283200214,808.2903768654759,808.2903768654759,710.7986283200214,710.7986283200214,808.2903768654759,808.2903768654759,710.7986283200214,710.7986283200214,808.2903768654759,808.290376865476,1089.0066788022887,3000.0,3000.0,808.290376865476,1089.0066788022887,3000.0,3000.0,808.290376865476,1089.0066788022887,3000.0,3000.0,808.290376865476,1089.0066788022887,3000.0,3000.0,3000.0,3000.0,1089.0066788022887,808.290376865476,3000.0,3000.0,1089.0066788022887,808.290376865476,3000.0,3000.0,1089.0066788022887,808.290376865476,3000.0,3000.0,1089.0066788022887,808.290376865476,808.2903768654759,710.7986283200214,710.7986283200214,808.2903768654759,808.2903768654759,710.7986283200214,710.7986283200214,808.2903768654759,808.2903768654759,710.7986283200214,710.7986283200214,808.2903768654759,808.2903768654759,710.7986283200214,710.7986283200214,808.2903768654759
9400,3000.0,3000.0,1089.0066788022884,808.2903768654759,3000.0,3000.0,1089.0066788022884,808.2903768654759,3000.0,3000.0,1089.0066788022884,808.2903768654759,3000.0,3000.0,1089.0066788022884,808.2903768654759,808.2903768654759,1089.0066788022884,3000.0,3000.0,808.2903768654759,1089.0066788022884,3000.0,3000.0,808.2903768654759,1089.0066788022884,3000.0,3000.0,808.2903768654759,1089.0066788022884,3000.0,3000.0,808.2903768654759,710.7986283200214,710.7986283200214,808.2903768654759,808.2903768654759,710.7986283200214,710.7986283200214,808.2903768654759,808.2903768654759,710.7986283200214,710.7986283200214,808.2903768654759,808.2903768654759,710.7986283200214,710.7986283200214,808.2903768654759,808.290376865476,1089.0066788022887,3000.0,3000.0,808.290376865476,1089.0066788022887,3000.0,3000.0,808.290376865476,1089.0066788022887,3000.0,3000.0,808.290376865476,1089.0066788022887,3000.0,3000.0,3000.0,3000.0,1089.0066788022887,808.290376865476,3000.0,3000.0,1089.0066788022887,808.290376865476,3000.0,3000.0,1089.0066788022887,808.290376865476,3000.0,3000.0,1089.0066788022887,808.290376865476,808.2903768654759,710.7986283200214,710.7986283200214,808.2903768654759,808.2903768654759,710.7986283200214,710.7986283200214,808.2903768654759,808.2903768654759,710.7986283200214,710.7986283200214,808.2903768654759,808.2903768654759,710.7986283200214,710.7986283200214,808.2903768654759
9467,3000.0,3000.0,1089.0066788022884,808.2903768654759,3000.0,3000.0,1089.0066788022884,808.2903768654759,3000.0,3000.0,1089.0066788022884,808.2903768654759,3000.0,3000.0,1089.0066788022884,808.2903768654759,808.2903768654759,1089.0066788022884,3000.0,3000.0,808.2903768654759,1089.0066788022884,3000.0,3000.0,808.2903768654759,1089.0066788022884,3000.0,3000.0,808.2903768654759,1089.0066788022884,3000.0,3000.0,808.2903768654759,710.7986283200214,710.7986283200214,808.2903768654759,808.2903768654759,710.7986283200214,710.7986283200214,808.2903768654759,808.2903768654759,710.7986283200214,710.7986283200214,808.2903768654759,808.2903768654759,710.7986283200214,710.7986283200214,808.2903768654759,808.290376865476,1089.0066788022887,3000.0,3000.0,808.290376865476,1089.0066788022887,3000.0,3000.0,808.290376865476,1089.0066788022887,3000.0,3000.0,808.290376865476,1089.0066788022887,3000.0,3000.0,3000.0,3000.0,1089.0066788022887,808.290376865476,3000.0,3000.0,1089.0066788022887,808.290376865476,3000.0,3000.0,1089.0066788022887,808.290376865476,3000.0,3000.0,1089.0066788022887,808.290376865476,808.2903768654759,710.7986283200214,710.7986283200214,808.2903768654759,808.2903768654759,710.7986283200214,710.7986283200214,808.2903768654759,808.2903768654759,710.7986283200214,710.7986283200214,808.2903768654759,808.2903768654759,710.7986283200214,710.7986283200214,808.2903768654759
9533,3000.0,3000.0,1089.0066788022884,808.2903768654759,3000.0,3000.0,1089.0066788022884,808.2903768654759,3000.0,3000.0,1089.0066788022884,808.2903768654759,3000.0,3000.0,1089.0066788022884,808.2903768654759,808.2903768654759,1089.0066788022884,3000.0,3000.0,808.2903768654759,1089.0066788022884,3000.0,3000.0,808.2903768654759,1089.0066788022884,3000.0,3000.0,808.2903768654759,1089.0066788022884,3000.0,3000.0,808.2903768654759,710.7986283200214,710.7986283200214,808.2903768654759,808.2903768654759,710.7986283200214,710.7986283200214,808.2903768654759,808.2903768654759,710.7986283200214,710.7986283200214,808.2903768654759,808.2903768654759,710.7986283200214,710.7986283200214,808.2903768654759,808.290376865476,1089.0066788022887,3000.0,3000.0,808.290376865476,1089.0066788022887,3000.0,3000.0,808.290376865476,1089.0066788022887,3000.0,3000.0,808.290376865476,1089.0066788022887,3000.0,3000.0,3000.0,3000.0,1089.0066788022887,808.290376865476,3000.0,3000.0,1089.0066788022887,808.290376865476,3000.0,3000.0,1089.0066788022887,808.290376865476,3000.0,3000.0,1089.0066788022887,808.290376865476,808.2903768654759,710.7986283200214,710.7986283200214,808.2903768654759,808.2903768654759,710.7986283200214,710.7986283200214,808.2903768654759,808.2903768654759,710.7986283200214,710.7986283200214,808.2903768654759,808.2903768654759,710.7986283200214,710.7986283200214,808.2903768654759
9600,3000.0,3000.0,1089.0066788022884,808.2903768654759,3000.0,3000.0,1089.0066788022884,808.2903768654759,3000.0,3000.0,1089.0066788022884,808.2903768654759,3000.0,3000.0,1089.0066788022884,808.2903768654759,808.2903768654759,1089.0066788022884,3000.0,3000.0,808.2903768654759,1089.0066788022884,3000.0,3000.0,808.2903768654759,1089.0066788022884,3000.0,3000.0,808.2903768654759,1089.0066788022884,3000.0,3000.0,808.2903768654759,710.7986283200214,710.7986283200214,808.2903768654759,808.2903768654759,710.7986283200214,710.7986283200214,808.2903768654759,808.2903768654759,710.7986283200214,710.7986283200214,808.2903768654759,808.2903768654759,710.7986283200214,710.7986283200214,808.2903768654759,808.290376865476,1089.0066788022887,3000.0,3000.0,808.290376865476,1089.0066788022887,3000.0,3000.0,808.290376865476,1089.0066788022887,3000.0,3000.0,808.290376865476,1089.0066788022887,3000.0,3000.0,3000.0,3000.0,1089.0066788022887,808.290376865476,3000.0,3000.0,1089.0066788022887,808.290376865476,3000.0,3000.0,1089.0066788022887,808.290376865476,3000.0,3000.0,1089.0066788022887,808.290376865476,808.2903768654759,710.7986283200214,710.7986283200214,808.2903768654759,808.2903768654759,710.7986283200214,710.7986283200214,808.2903768654759,808.2903768654759,710.7986283200214,710.7986283200214,808.2903768654759,808.2903768654759,710.7986283200214,710.7986283200214,808.2903768654759
9667,3000.0,3000.0,1089.0066788022884,808.2903768654759,3000.0,3000.0,1089.0066788022884,808.2903768654759,3000.0,3000.0,1089.0066788022884,808.2903768654759,3000.0,3000.0,1089.0066788022884,808.2903768654759,808.2903768654759,1089.0066788022884,3000.0,3000.0,808.2903768654759,1089.0066788022884,3000.0,3000.0,808.2903768654759,1089.0066788022884,3000.0,3000.0,808.2903768654759,1089.0066788022884,3000.0,3000.0,808.2903768654759,710.7986283200214,710.7986283200214,808.2903768654759,808.2903768654759,710.7986283200214,710.7986283200214,808.2903768654759,808.2903768654759,710.7986283200214,710.7986283200214,808.2903768654759,808.2903768654759,710.7986283200214,710.7986283200214,808.2903768654759,808.290376865476,1089.0066788022887,3000.0,3000.0,808.290376865476,1089.0066788022887,3000.0,3000.0,808.290376865476,1089.0066788022887,3000.0,3000.0,808.290376865476,1089.0066788022887,3000.0,3000.0,3000.0,3000.0,1089.0066788022887,808.290376865476,3000.0,3000.0,1089.0066788022887,808.290376865476,3000.0,3000.0,1089.0066788022887,808.290376865476,3000.0,3000.0,1089.0066788022887,808.290376865476,808.2903768654759,710.7986283200214,710.7986283200214,808.2903768654759,808.2903768654759,710.7986283200214,710.7986283200214,808.2903768654759,808.2903768654759,710.7986283200214,710.7986283200214,808.2903768654759,808.2903768654759,710.7986283200214,710.7986283200214,808.2903768654759
9733,3000.0,3000.0,1089.0066788022884,808.2903768654759,3000.0,3000.0,1089.0066788022884,808.2903768654759,3000.0,3000.0,1089.0066788022884,808.2903768654759,3000.0,3000.0,1089.0066788022884,808.2903768654759,808.2903768654759,1089.0066788022884,3000.0,3000.0,808.2903768654759,1089.0066788022884,3000.0,3000.0,808.2903768654759,1089.0066788022884,3000.0,3000.0,808.2903768654759,1089.0066788022884,3000.0,3000.0,808.2903768654759,710.7986283200214,710.7986283200214,808.2903768654759,808.2903768654759,710.7986283200214,710.7986283200214,808.2903768654759,808.2903768654759,710.7986283200214,710.7986283200214,808.2903768654759,808.2903768654759,710.7986283200214,710.7986283200214,808.2903768654759,808.290376865476,1089.0066788022887,3000.0,3000.0,808.290376865476,1089.0066788022887,3000.0,3000.0,808.290376865476,1089.0066788022887,3000.0,3000.0,808.290376865476,1089.0066788022887,3000.0,3000.0,3000.0,3000.0,1089.0066788022887,808.290376865476,3000.0,3000.0,1089.0066788022887,808.290376865476,3000.0,3000.0,1089.0066788022887,808.290376865476,3000.0,3000.0,1089.0066788022887,808.290376865476,808.2903768654759,710.7986283200214,710.7986283200214,808.2903768654759,808.2903768654759,710.7986283200214,710.7986283200214,808.2903768654759,808.2903768654759,710.7986283200214,710.7986283200214,808.2903768654759,808.2903768654759,710.7986283200214,710.7986283200214,808.2903768654759
9800,3000.0,3000.0,1089.0066788022884,808.2903768654759,3000.0,3000.0,1089.0066788022884,808.2903768654759,3000.0,3000.0,1089.0066788022884,808.2903768654759,3000.0,3000.0,1089.0066788022884,808.2903768654759,808.2903768654759,1089.0066788022884,3000.0,3000.0,808.2903768654759,1089.0066788022884,3000.0,3000.0,808.2903768654759,1089.0066788022884,3000.0,3000.0,808.2903768654759,1089.0066788022884,3000.0,3000.0,808.2903768654759,710.7986283200214,710.7986283200214,808.2903768654759,808.2903768654759,710.7986283200214,710.7986283200214,808.2903768654759,808.2903768654759,710.7986283200214,710.7986283200214,808.2903768654759,808.2903768654759,710.7986283200214,710.7986283200214,808.2903768654759,808.290376865476,1089.0066788022887,3000.0,3000.0,808.290376865476,1089.0066788022887,3000.0,3000.0,808.290376865476,1089.0066788022887,3000.0,3000.0,808.290376865476,1089.0066788022887,3000.0,3000.0,3000.0,3000.0,1089.0066788022887,808.290376865476,3000.0,3000.0,1089.0066788022887,808.290376865476,3000.0,3000.0,1089.0066788022887,808.290376865476,3000.0,3000.0,1089.0066788022887,808.290376865476,808.2903768654759,710.7986283200214,710.7986283200214,808.2903768654759,808.2903768654759,710.7986283200214,710.7986283200214,808.2903768654759,808.2903768654759,710.7986283200214,710.7986283200214,808.2903768654759,808.2903768654759,710.7986283200214,710.7986283200214,808.2903768654759
9867,3000.0,3000.0,1089.0066788022884,808.2903768654759,3000.0,3000.0,1089.0066788022884,808.2903768654759,3000.0,3000.0,1089.0066788022884,808.2903768654759,3000.0,3000.0,1089.0066788022884,808.2903768654759,808.2903768654759,1089.0066788022884,3000.0,3000.0,808.2903768654759,1089.0066788022884,3000.0,3000.0,808.2903768654759,1089.0066788022884,3000.0,3000.0,808.2903768654759,1089.0066788022884,3000.0,3000.0,808.2903768654759,710.7986283200214,710.7986283200214,808.2903768654759,808.2903768654759,710.7986283200214,710.7986283200214,808.2903768654759,808.2903768654759,710.7986283200214,710.7986283200214,808.2903768654759,808.2903768654759,710.7986283200214,710.7986283200214,808.2903768654759,808.290376865476,1089.0066788022887,3000.0,3000.0,808.290376865476,1089.0066788022887,3000.0,3000.0,808.290376865476,1089.0066788022887,3000.0,3000.0,808.290376865476,1089.0066788022887,3000.0,3000.0,3000.0,3000.0,1089.0066788022887,808.290376865476,3000.0,3000.0,1089.0066788022887,808.290376865476,3000.0,3000.0,1089.0066788022887,808.290376865476,3000.0,3000.0,1089.0066788022887,808.290376865476,808.2903768654759,710.7986283200214,710.7986283200214,808.2903768654759,808.2903768654759,710.7986283200214,710.7986283200214,808.2903768654759,808.2903768654759,710.7986283200214,710.7986283200214,808.2903768654759,808.2903768654759,710.7986283200214,710.7986283200214,808.2903768654759
9933,3000.0,3000.0,1089.0066788022884,808.2903768654759,3000.0,3000.0,1089.0066788022884,808.2903768654759,3000.0,3000.0,1089.0066788022884,808.2903768654759,3000.0,3000.0,1089.0066788022884,808.2903768654759,808.2903768654759,1089.0066788022884,3000.0,3000.0,808.2903768654759,1089.0066788022884,3000.0,3000.0,808.2903768654759,1089.0066788022884,3000.0,3000.0,808.2903768654759,1089.0066788022884,3000.0,3000.0,808.2903768654759,710.7986283200214,710.7986283200214,808.2903768654759,808.2903768654759,710.7986283200214,710.7986283200214,808.2903768654759,808.2903768654759,710.7986283200214,710.7986283200214,808.2903768654759,808.2903768654759,710.7986283200214,710.7986283200214,808.2903768654759,808.290376865476,1089.0066788022887,3000.0,3000.0,808.290376865476,1089.0066788022887,3000.0,3000.0,808.290376865476,1089.0066788022887,3000.0,3000.0,808.290376865476,1089.0066788022887,3000.0,3000.0,3000.0,3000.0,1089.0066788022887,808.290376865476,3000.0,3000.0,1089.0066788022887,808.290376865476,3000.0,3000.0,1089.0066788022887,808.290376865476,3000.0,3000.0,1089.0066788022887,808.290376865476,808.2903768654759,710.7986283200214,710.7986283200214,808.2903768654759,808.2903768654759,710.7986283200214,710.7986283200214,808.2903768654759,808.2903768654759,710.7986283200214,710.7986283200214,808.2903768654759,808.2903768654759,710.7986283200214,710.7986283200214,808.2903768654759
10000,3000.0,3000.0,1089.0066788022884,808.2903768654759,3000.0,3000.0,1089.0066788022884,808.2903768654759,3000.0,3000.0,1089.0066788022884,808.2903768654759,3000.0,3000.0,1089.0066788022884,808.2903768654759,808.2903768654759,1089.0066788022884,3000.0,3000.0,808.2903768654759,1089.0066788022884,3000.0,3000.0,808.2903768654759,1089.0066788022884,3000.0,3000.0,808.2903768654759,1089.0066788022884,3000.0,3000.0,808.2903768654759,710.7986283200214,710.7986283200214,808.2903768654759,808.2903768654759,710.7986283200214,710.7986283200214,808.2903768654759,808.2903768654759,710.7986283200214,710.7986283200214,808.2903768654759,808.2903768654759,710.7986283200214,710.7986283200214,808.2903768654759,808.290376865476,1089.0066788022887,3000.0,3000.0,808.290376865476,1089.0066788022887,3000.0,3000.0,808.290376865476,1089.0066788022887,3000.0,3000.0,808.290376865476,1089.0066788022887,3000.0,3000.0,3000.0,3000.0,1089.0066788022887,808.290376865476,3000.0,3000.0,1089.0066788022887,808.290376865476,3000.0,3000.0,1089.0066788022887,808.290376865476,3000.0,3000.0,1089.0066788022887,808.290376865476,808.2903768654759,710.7986283200214,710.7986283200214,808.2903768654759,808.2903768654759,710.7986283200214,710.7986283200214,808.2903768654759,808.2903768654759,710.7986283200214,710.7986283200214,808.2903768654759,808.2903768654759,710.7986283200214,710.7986283200214,808.2903768654759
10067,3000.0,3000.0,1089.0066788022884,808.2903768654759,3000.0,3000.0,1089.0066788022884,808.2903768654759,3000.0,3000.0,1089.0066788022884,808.2903768654759,3000.0,3000.0,1089.0066788022884,808.2903768654759,808.2903768654759,1089.0066788022884,3000.0,3000.0,808.2903768654759,1089.0066788022884,3000.0,3000.0,808.2903768654759,1089.0066788022884,3000.0,3000.0,808.2903768654759,1089.0066788022884,3000.0,3000.0,808.2903768654759,710.7986283200214,710.7986283200214,808.2903768654759,808.2903768654759,710.7986283200214,710.7986283200214,808.2903768654759,808.2903768654759,710.7986283200214,710.7986283200214,808.2903768654759,808.2903768654759,710.7986283200214,710.7986283200214,808.2903768654759,808.290376865476,1089.0066788022887,3000.0,3000.0,808.290376865476,1089.0066788022887,3000.0,3000.0,808.290376865476,1089.0066788022887,3000.0,3000.0,808.290376865476,1089.0066788022887,3000.0,3000.0,3000.0,3000.0,1089.0066788022887,808.290376865476,3000.0,3000.0,1089.0066788022887,808.290376865476,3000.0,3000.0,1089.0066788022887,808.290376865476,3000.0,3000.0,1089.0066788022887,808.290376865476,808.2903768654759,710.7986283200214,710.7986283200214,808.2903768654759,808.2903768654759,710.7986283200214,710.7986283200214,808.2903768654759,808.2903768654759,710.7986283200214,710.7986283200214,808.2903768654759,808.2903768654759,710.7986283200214,710.7986283200214,808.2903768654759
10133,3000.0,3000.0,1089.0066788022884,808.2903768654759,3000.0,3000.0,1089.0066788022884,808.2903768654759,3000.0,3000.0,1089.0066788022884,808.2903768654759,3000.0,3000.0,1089.0066788022884,808.2903768654759,808.2903768654759,1089.0066788022884,3000.0,3000.0,808.2903768654759,1089.0066788022884,3000.0,3000.0,808.2903768654759,1089.0066788022884,3000.0,3000.0,808.2903768654759,1089.0066788022884,3000.0,3000.0,808.2903768654759,710.7986283200214,710.7986283200214,808.2903768654759,808.2903768654759,710.7986283200214,710.7986283200214,808.2903768654759,808.2903768654759,710.7986283200214,710.7986283200214,808.2903768654759,808.2903768654759,710.7986283200214,710.7986283200214,808.2903768654759,808.290376865476,1089.0066788022887,3000.0,3000.0,808.290376865476,1089.0066788022887,3000.0,3000.0,808.290376865476,1089.0066788022887,3000.0,3000.0,808.290376865476,1089.0066788022887,3000.0,3000.0,3000.0,3000.0,1089.0066788022887,808.290376865476,3000.0,3000.0,1089.0066788022887,808.290376865476,3000.0,3000.0,1089.0066788022887,808.290376865476,3000.0,3000.0,1089.0066788022887,808.290376865476,808.2903768654759,710.7986283200214,710.7986283200214,808.2903768654759,808.2903768654759,710.7986283200214,710.7986283200214,808.2903768654759,808.2903768654759,710.7986283200214,710.7986283200214,808.2903768654759,808.2903768654759,710.7986283200214,710.7986283200214,808.2903768654759
10200,3000.0,3000.0,1089.0066788022884,808.2903768654759,3000.0,3000.0,1089.0066788022884,808.2903768654759,3000.0,3000.0,1089.0066788022884,808.2903768654759,3000.0,3000.0,1089.0066788022884,808.2903768654759,808.2903768654759,1089.0066788022884,3000.0,3000.0,808.2903768654759,1089.0066788022884,3000.0,3000.0,808.2903768654759,1089.0066788022884,3000.0,3000.0,808.2903768654759,1089.0066788022884,3000.0,3000.0,808.2903768654759,710.7986283200214,710.7986283200214,808.2903768654759,808.2903768654759,710.7986283200214,710.7986283200214,808.2903768654759,808.2903768654759,710.7986283200214,710.7986283200214,808.2903768654759,808.2903768654759,710.7986283200214,710.7986283200214,808.2903768654759,808.290376865476,1089.0066788022887,3000.0,3000.0,808.290376865476,1089.0066788022887,3000.0,3000.0,808.290376865476,1089.0066788022887,3000.0,3000.0,808.290376865476,1089.0066788022887,3000.0,3000.0,3000.0,3000.0,1089.0066788022887,808.290376865476,3000.0,3000.0,1089.0066788022887,808.290376865476,3000.0,3000.0,1089.0066788022887,808.290376865476,3000.0,3000.0,1089.0066788022887,808.290376865476,808.2903768654759,710.7986283200214,710.7986283200214,808.2903768654759,808.2903768654759,710.7986283200214,710.7986283200214,808.2903768654759,808.2903768654759,710.7986283200214,710.7986283200214,808.2903768654759,808.2903768654759,710.7986283200214,710.7986283200214,808.2903768654759
10267,3000.0,3000.0,1089.0066788022884,808.2903768654759,3000.0,3000.0,1089.0066788022884,808.2903768654759,3000.0,3000.0,1089.0066788022884,808.2903768654759,3000.0,3000.0,1089.0066788022884,808.2903768654759,808.2903768654759,1089.0066788022884,3000.0,3000.0,808.2903768654759,1089.0066788022884,3000.0,3000.0,808.2903768654759,1089.0066788022884,3000.0,3000.0,808.2903768654759,1089.0066788022884,3000.0,3000.0,808.2903768654759,710.7986283200214,710.7986283200214,808.2903768654759,808.2903768654759,710.7986283200214,710.7986283200214,808.2903768654759,808.2903768654759,710.7986283200214,710.7986283200214,808.2903768654759,808.2903768654759,710.7986283200214,710.7986283200214,808.2903768654759,808.290376865476,1089.0066788022887,3000.0,3000.0,808.290376865476,1089.0066788022887,3000.0,3000.0,808.290376865476,1089.0066788022887,3000.0,3000.0,808.290376865476,1089.0066788022887,3000.0,3000.0,3000.0,3000.0,1089.0066788022887,808.290376865476,3000.0,3000.0,1089.0066788022887,808.290376865476,3000.0,3000.0,1089.0066788022887,808.290376865476,3000.0,3000.0,1089.0066788022887,808.290376865476,808.2903768654759,710.7986283200214,710.7986283200214,808.2903768654759,808.2903768654759,710.7986283200214,710.7986283200214,808.2903768654759,808.2903768654759,710.7986283200214,710.7986283200214,808.2903768654759,808.2903768654759,710.7986283200214,710.7986283200214,808.2903768654759
10333,3000.0,3000.0,1089.0066788022884,808.2903768654759,3000.0,3000.0,1089.0066788022884,808.2903768654759,3000.0,3000.0,1089.0066788022884,808.2903768654759,3000.0,3000.0,1089.0066788022884,808.2903768654759,808.2903768654759,1089.0066788022884,3000.0,3000.0,808.2903768654759,1089.0066788022884,3000.0,3000.0,808.2903768654759,1089.0066788022884,3000.0,3000.0,808.2903768654759,1089.0066788022884,3000.0,3000.0,808.2903768654759,710.7986283200214,710.7986283200214,808.2903768654759,808.2903768654759,710.7986283200214,710.7986283200214,808.2903768654759,808.2903768654759,710.7986283200214,710.7986283200214,808.2903768654759,808.2903768654759,710.7986283200214,710.7986283200214,808.2903768654759,808.290376865476,1089.0066788022887,3000.0,3000.0,808.290376865476,1089.0066788022887,3000.0,3000.0,808.290376865476,1089.0066788022887,3000.0,3000.0,808.290376865476,1089.0066788022887,3000.0,3000.0,3000.0,3000.0,1089.0066788022887,808.290376865476,3000.0,3000.0,1089.0066788022887,808.290376865476,3000.0,3000.0,1089.0066788022887,808.290376865476,3000.0,3000.0,1089.0066788022887,808.290376865476,808.2903768654759,710.7986283200214,710.7986283200214,808.2903768654759,808.2903768654759,710.7986283200214,710.7986283200214,808.2903768654759,808.2903768654759,710.7986283200214,710.7986283200214,808.2903768654759,808.2903768654759,710.7986283200214,710.7986283200214,808.2903768654759
10400,3000.0,3000.0,1089.0066788022884,808.2903768654759,3000.0,3000.0,1089.0066788022884,808.2903768654759,3000.0,3000.0,1089.0066788022884,808.2903768654759,3000.0,3000.0,1089.0066788022884,808.2903768654759,808.2903768654759,1089.0066788022884,3000.0,3000.0,808.2903768654759,1089.0066788022884,3000.0,3000.0,808.2903768654759,1089.0066788022884,3000.0,3000.0,808.2903768654759,1089.0066788022884,3000.0,3000.0,808.2903768654759,710.7986283200214,710.7986283200214,808.2903768654759,808.2903768654759,710.7986283200214,710.7986283200214,808.2903768654759,808.2903768654759,710.7986283200214,710.7986283200214,808.2903768654759,808.2903768654759,710.7986283200214,710.7986283200214,808.2903768654759,808.290376865476,1089.0066788022887,3000.0,3000.0,808.290376865476,1089.0066788022887,3000.0,3000.0,808.290376865476,1089.0066788022887,3000.0,3000.0,808.290376865476,1089.0066788022887,3000.0,3000.0,3000.0,3000.0,1089.0066788022887,808.290376865476,3000.0,3000.0,1089.0066788022887,808.290376865476,3000.0,3000.0,1089.0066788022887,808.290376865476,3000.0,3000.0,1089.0066788022887,808.290376865476,808.2903768654759,710.7986283200214,710.7986283200214,808.2903768654759,808.2903768654759,710.7986283200214,710.7986283200214,808.2903768654759,808.2903768654759,710.7986283200214,710.7986283200214,808.2903768654759,808.2903768654759,710.7986283200214,710.7986283200214,808.2903768654759
10467,3000.0,3000.0,1089.0066788022884,808.2903768654759,3000.0,3000.0,1089.0066788022884,808.2903768654759,3000.0,3000.0,1089.0066788022884,808.2903768654759,3000.0,3000.0,1089.0066788022884,808.2903768654759,808.2903768654759,1089.0066788022884,3000.0,3000.0,808.2903768654759,1089.0066788022884,3000.0,3000.0,808.2903768654759,1089.0066788022884,3000.0,3000.0,808.2903768654759,1089.0066788022884,3000.0,3000.0,808.2903768654759,710.7986283200214,710.7986283200214,808.2903768654759,808.2903768654759,710.7986283200214,710.7986283200214,808.2903768654759,808.2903768654759,710.7986283200214,710.7986283200214,808.2903768654759,808.2903768654759,710.7986283200214,710.7986283200214,808.2903768654759,808.290376865476,1089.0066788022887,3000.0,3000.0,808.290376865476,1089.0066788022887,3000.0,3000.0,808.290376865476,1089.0066788022887,3000.0,3000.0,808.290376865476,1089.0066788022887,3000.0,3000.0,3000.0,3000.0,1089.0066788022887,808.290376865476,3000.0,3000.0,1089.0066788022887,808.290376865476,3000.0,3000.0,1089.0066788022887,808.290376865476,3000.0,3000.0,1089.0066788022887,808.290376865476,808.2903768654759,710.7986283200214,710.7986283200214,808.2903768654759,808.2903768654759,710.7986283200214,710.7986283200214,808.2903768654759,808.2903768654759,710.7986283200214,710.7986283200214,808.2903768654759,808.2903768654759,710.7986283200214,710.7986283200214,808.2903768654759
10533,3000.0,3000.0,1089.0066788022884,808.2903768654759,3000.0,3000.0,1089.0066788022884,808.2903768654759,3000.0,3000.0,1089.0066788022884,808.2903768654759,3000.0,3000.0,1089.0066788022884,808.2903768654759,808.2903768654759,1089.0066788022884,3000.0,3000.0,808.2903768654759,1089.0066788022884,3000.0,3000.0,808.2903768654759,1089.0066788022884,3000.0,3000.0,808.2903768654759,1089.0066788022884,3000.0,3000.0,808.2903768654759,710.7986283200214,710.7986283200214,808.2903768654759,808.2903768654759,710.7986283200214,710.7986283200214,808.2903768654759,808.2903768654759,710.7986283200214,710.7986283200214,808.2903768654759,808.2903768654759,710.7986283200214,710.7986283200214,808.2903768654759,808.290376865476,1089.0066788022887,3000.0,3000.0,808.290376865476,1089.0066788022887,3000.0,3000.0,808.290376865476,1089.0066788022887,3000.0,3000.0,808.290376865476,1089.0066788022887,3000.0,3000.0,3000.0,3000.0,1089.0066788022887,808.290376865476,3000.0,3000.0,1089.0066788022887,808.290376865476,3000.0,3000.0,1089.0066788022887,808.290376865476,3000.0,3000.0,1089.0066788022887,808.290376865476,808.2903768654759,710.7986283200214,710.7986283200214,808.2903768654759,808.2903768654759,710.7986283200214,710.7986283200214,808.2903768654759,808.2903768654759,710.7986283200214,710.7986283200214,808.2903768654759,808.2903768654759,710.7986283200214,710.7986283200214,808.2903768654759
10600,3000.0,3000.0,1089.0066788022884,808.2903768654759,3000.0,3000.0,1089.0066788022884,808.2903768654759,3000.0,3000.0,1089.0066788022884,808.2903768654759,3000.0,3000.0,1089.0066788022884,808.2903768654759,808.2903768654759,1089.0066788022884,3000.0,3000.0,808.2903768654759,1089.0066788022884,3000.0,3000.0,808.2903768654759,1089.0066788022884,3000.0,3000.0,808.2903768654759,1089.0066788022884,3000.0,3000.0,808.2903768654759,710.7986283200214,710.7986283200214,808.2903768654759,808.2903768654759,710.7986283200214,710.7986283200214,808.2903768654759,808.2903768654759,710.7986283200214,710.7986283200214,808.2903768654759,808.2903768654759,710.7986283200214,710.7986283200214,808.2903768654759,808.290376865476,1089.0066788022887,3000.0,3000.0,808.290376865476,1089.0066788022887,3000.0,3000.0,808.290376865476,1089.0066788022887,3000.0,3000.0,808.290376865476,1089.0066788022887,3000.0,3000.0,3000.0,3000.0,1089.0066788022887,808.290376865476,3000.0,3000.0,1089.0066788022887,808.290376865476,3000.0,3000.0,1089.0066788022887,808.290376865476,3000.0,3000.0,1089.0066788022887,808.290376865476,808.2903768654759,710.7986283200214,710.7986283200214,808.2903768654759,808.2903768654759,710.7986283200214,710.7986283200214,808.2903768654759,808.2903768654759,710.7986283200214,710.7986283200214,808.2903768654759,808.2903768654759,710.7986283200214,710.7986283200214,808.2903768654759
10667,3000.0,3000.0,1089.0066788022884,808.2903768654759,3000.0,3000.0,1089.0066788022884,808.2903768654759,3000.0,3000.0,1089.0066788022884,808.2903768654759,3000.0,3000.0,1089.0066788022884,808.2903768654759,808.2903768654759,1089.0066788022884,3000.0,3000.0,808.2903768654759,1089.0066788022884,3000.0,3000.0,808.2903768654759,1089.0066788022884,3000.0,3000.0,808.2903768654759,1089.0066788022884,3000.0,3000.0,808.2903768654759,710.7986283200214,710.7986283200214,808.2903768654759,808.2903768654759,710.7986283200214,710.7986283200214,808.2903768654759,808.2903768654759,710.7986283200214,710.7986283200214,808.2903768654759,808.2903768654759,710.7986283200214,710.7986283200214,808.2903768654759,808.290376865476,1089.0066788022887,3000.0,3000.0,808.290376865476,1089.0066788022887,3000.0,3000.0,808.290376865476,1089.0066788022887,3000.0,3000.0,808.290376865476,1089.0066788022887,3000.0,3000.0,3000.0,3000.0,1089.0066788022887,808.290376865476,3000.0,3000.0,1089.0066788022887,808.290376865476,3000.0,3000.0,1089.0066788022887,808.290376865476,3000.0,3000.0,1089.0066788022887,808.290376865476,808.2903768654759,710.7986283200214,710.7986283200214,808.2903768654759,808.2903768654759,710.7986283200214,710.7986283200214,808.2903768654759,808.2903768654759,710.7986283200214,710.7986283200214,808.2903768654759,808.2903768654759,710.7986283200214,710.7986283200214,808.2903768654759
10733,3000.0,3000.0,1089.0066788022884,808.2903768654759,3000.0,3000.0,1089.0066788022884,808.2903768654759,3000.0,3000.0,1089.0066788022884,808.2903768654759,3000.0,3000.0,1089.0066788022884,808.2903768654759,808.2903768654759,1089.0066788022884,3000.0,3000.0,808.2903768654759,1089.0066788022884,3000.0,3000.0,808.2903768654759,1089.0066788022884,3000.0,3000.0,808.2903768654759,1089.0066788022884,3000.0,3000.0,808.2903768654759,710.7986283200214,710.7986283200214,808.2903768654759,808.2903768654759,710.7986283200214,710.7986283200214,808.2903768654759,808.2903768654759,710.7986283200214,710.7986283200214,808.2903768654759,808.2903768654759,710.7986283200214,710.7986283200214,808.2903768654759,808.290376865476,1089.0066788022887,3000.0,3000.0,808.290376865476,1089.0066788022887,3000.0,3000.0,808.290376865476,1089.0066788022887,3000.0,3000.0,808.290376865476,1089.0066788022887,3000.0,3000.0,3000.0,3000.0,1089.0066788022887,808.290376865476,3000.0,3000.0,1089.0066788022887,808.290376865476,3000.0,3000.0,1089.0066788022887,808.290376865476,3000.0,3000.0,1089.0066788022887,808.290376865476,808.2903768654759,710.7986283200214,710.7986283200214,808.2903768654759,808.2903768654759,710.7986283200214,710.7986283200214,808.2903768654759,808.2903768654759,710.7986283200214,710.7986283200214,808.2903768654759,808.2903768654759,710.7986283200214,710.7986283200214,808.2903768654759
10800,3000.0,3000.0,1089.0066788022884,808.2903768654759,3000.0,3000.0,1089.0066788022884,808.2903768654759,3000.0,3000.0,1089.0066788022884,808.2903768654759,3000.0,3000.0,1089.0066788022884,808.2903768654759,808.2903768654759,1089.0066788022884,3000.0,3000.0,808.2903768654759,1089.0066788022884,3000.0,3000.0,808.2903768654759,1089.0066788022884,3000.0,3000.0,808.2903768654759,1089.0066788022884,3000.0,3000.0,808.2903768654759,710.7986283200214,710.7986283200214,808.2903768654759,808.2903768654759,710.7986283200214,710.7986283200214,808.2903768654759,808.2903768654759,710.7986283200214,710.7986283200214,808.2903768654759,808.2903768654759,710.7986283200214,710.7986283200214,808.2903768654759,808.290376865476,1089.0066788022887,3000.0,3000.0,808.290376865476,1089.0066788022887,3000.0,3000.0,808.290376865476,1089.0066788022887,3000.0,3000.0,808.290376865476,1089.0066788022887,3000.0,3000.0,3000.0,3000.0,1089.0066788022887,808.290376865476,3000.0,3000.0,1089.0066788022887,808.290376865476,3000.0,3000.0,1089.0066788022887,808.290376865476,3000.0,3000.0,1089.0066788022887,808.290376865476,808.2903768654759,710.7986283200214,710.7986283200214,808.2903768654759,808.2903768654759,710.7986283200214,710.7986283200214,808.2903768654759,808.2903768654759,710.7986283200214,710.7986283200214,808.2903768654759,808.2903768654759,710.7986283200214,710.7986283200214,808.2903768654759
10867,3000.0,3000.0,1089.0066788022884,808.2903768654759,3000.0,3000.0,1089.0066788022884,808.2903768654759,3000.0,3000.0,1089.0066788022884,808.2903768654759,3000.0,3000.0,1089.0066788022884,808.2903768654759,808.2903768654759,1089.0066788022884,3000.0,3000.0,808.2903768654759,1089.0066788022884,3000.0,3000.0,808.2903768654759,1089.0066788022884,3000.0,3000.0,808.2903768654759,1089.0066788022884,3000.0,3000.0,808.2903768654759,710.7986283200214,710.7986283200214,808.2903768654759,808.2903768654759,710.7986283200214,710.7986283200214,808.2903768654759,808.2903768654759,710.7986283200214,710.7986283200214,808.2903768654759,808.2903768654759,710.7986283200214,710.7986283200214,808.2903768654759,808.290376865476,1089.0066788022887,3000.0,3000.0,808.290376865476,1089.0066788022887,3000.0,3000.0,808.290376865476,1089.0066788022887,3000.0,3000.0,808.290376865476,1089.0066788022887,3000.0,3000.0,3000.0,3000.0,1089.0066788022887,808.290376865476,3000.0,3000.0,1089.0066788022887,808.290376865476,3000.0,3000.0,1089.0066788022887,808.290376865476,3000.0,3000.0,1089.0066788022887,808.290376865476,808.2903768654759,710.7986283200214,710.7986283200214,808.2903768654759,808.2903768654759,710.7986283200214,710.7986283200214,808.2903768654759,808.2903768654759,710.7986283200214,710.7986283200214,808.2903768654759,808.2903768654759,710.7986283200214,710.7986283200214,808.2903768654759
10933,3000.0,3000.0,1089.0066788022884,808.2903768654759,3000.0,3000.0,1089.0066788022884,808.2903768654759,3000.0,3000.0,1089.0066788022884,808.2903768654759,3000.0,3000.0,1089.0066788022884,808.2903768654759,808.2903768654759,1089.0066788022884,3000.0,3000.0,808.2903768654759,1089.0066788022884,3000.0,3000.0,808.2903768654759,1089.0066788022884,3000.0,3000.0,808.2903768654759,1089.0066788022884,3000.0,3000.0,808.2903768654759,710.7986283200214,710.7986283200214,808.2903768654759,808.2903768654759,710.7986283200214,710.7986283200214,808.2903768654759,808.2903768654759,710.7986283200214,710.7986283200214,808.2903768654759,808.2903768654759,710.7986283200214,710.7986283200214,808.2903768654759,808.290376865476,1089.0066788022887,3000.0,3000.0,808.290376865476,1089.0066788022887,3000.0,3000.0,808.290376865476,1089.0066788022887,3000.0,3000.0,808.290376865476,1089.0066788022887,3000.0,3000.0,3000.0,3000.0,1089.0066788022887,808.290376865476,3000.0,3000.0,1089.0066788022887,808.290376865476,3000.0,3000.0,1089.0066788022887,808.290376865476,3000.0,3000.0,1089.0066788022887,808.290376865476,808.2903768654759,710.7986283200214,710.7986283200214,808.2903768654759,808.2903768654759,710.7986283200214,710.7986283200214,808.2903768654759,808.2903768654759,710.7986283200214,710.7986283200214,808.2903768654759,808.2903768654759,710.7986283200214,710.7986283200214,808.2903768654759
11000,3000.0,3000.0,1089.0066788022884,808.2903768654759,3000.0,3000.0,1089.0066788022884,808.2903768654759,3000.0,3000.0,1089.0066788022884,808.2903768654759,3000.0,3000.0,1089.0066788022884,808.2903768654759,808.2903768654759,1089.0066788022884,3000.0,3000.0,808.2903768654759,1089.0066788022884,3000.0,3000.0,808.2903768654759,1089.0066788022884,3000.0,3000.0,808.2903768654759,1089.0066788022884,3000.0,3000.0,808.2903768654759,710.7986283200214,710.7986283200214,808.2903768654759,808.2903768654759,710.7986283200214,710.7986283200214,808.2903768654759,808.2903768654759,710.7986283200214,710.7986283200214,808.2903768654759,808.2903768654759,710.7986283200214,710.7986283200214,808.2903768654759,808.290376865476,1089.0066788022887,3000.0,3000.0,808.290376865476,1089.0066788022887,3000.0,3000.0,808.290376865476,1089.0066788022887,3000.0,3000.0,808.290376865476,1089.0066788022887,3000.0,3000.0,3000.0,3000.0,1089.0066788022887,808.290376865476,3000.0,3000.0,1089.0066788022887,808.290376865476,3000.0,3000.0,1089.0066788022887,808.290376865476,3000.0,3000.0,1089.0066788022887,808.290376865476,808.2903768654759,710.7986283200214,710.7986283200214,808.2903768654759,808.2903768654759,710.7986283200214,710.7986283200214,808.2903768654759,808.2903768654759,710.7986283200214,710.7986283200214,808.2903768654759,808.2903768654759,710.7986283200214,710.7986283200214,808.2903768654759
11067,3000.0,3000.0,1089.0066788022884,808.2903768654759,3000.0,3000.0,1089.0066788022884,808.2903768654759,3000.0,3000.0,1089.0066788022884,808.2903768654759,3000.0,3000.0,1089.0066788022884,808.2903768654759,808.2903768654759,1089.0066788022884,3000.0,3000.0,808.2903768654759,1089.0066788022884,3000.0,3000.0,808.2903768654759,1089.0066788022884,3000.0,3000.0,808.2903768654759,1089.0066788022884,3000.0,3000.0,808.2903768654759,710.7986283200214,710.7986283200214,808.2903768654759,808.2903768654759,710.7986283200214,710.7986283200214,808.2903768654759,808.2903768654759,710.7986283200214,710.7986283200214,808.2903768654759,808.2903768654759,710.7986283200214,710.7986283200214,808.2903768654759,808.290376865476,1089.0066788022887,3000.0,3000.0,808.290376865476,1089.0066788022887,3000.0,3000.0,808.290376865476,1089.0066788022887,3000.0,3000.0,808.290376865476,1089.0066788022887,3000.0,3000.0,3000.0,3000.0,1089.0066788022887,808.290376865476,3000.0,3000.0,1089.0066788022887,808.290376865476,3000.0,3000.0,1089.0066788022887,808.290376865476,3000.0,3000.0,1089.0066788022887,808.290376865476,808.2903768654759,710.7986283200214,710.7986283200214,808.2903768654759,808.2903768654759,710.7986283200214,710.7986283200214,808.2903768654759,808.2903768654759,710.7986283200214,710.7986283200214,808.2903768654759,808.2903768654759,710.7986283200214,710.7986283200214,808.2903768654759
11133,3000.0,3000.0,1089.0066788022884,808.2903768654759,3000.0,3000.0,1089.0066788022884,808.2903768654759,3000.0,3000.0,1089.0066788022884,808.2903768654759,3000.0,3000.0,1089.0066788022884,808.2903768654759,808.2903768654759,1089.0066788022884,3000.0,3000.0,808.2903768654759,1089.0066788022884,3000.0,3000.0,808.2903768654759,1089.0066788022884,3000.0,3000.0,808.2903768654759,1089.0066788022884,3000.0,3000.0,808.2903768654759,710.7986283200214,710.7986283200214,808.2903768654759,808.2903768654759,710.7986283200214,710.7986283200214,808.2903768654759,808.2903768654759,710.7986283200214,710.7986283200214,808.2903768654759,808.2903768654759,710.7986283200214,710.7986283200214,808.2903768654759,808.290376865476,1089.0066788022887,3000.0,3000.0,808.290376865476,1089.0066788022887,3000.0,3000.0,808.290376865476,1089.0066788022887,3000.0,3000.0,808.290376865476,1089.0066788022887,3000.0,3000.0,3000.0,3000.0,1089.0066788022887,808.290376865476,3000.0,3000.0,1089.0066788022887,808.290376865476,3000.0,3000.0,1089.0066788022887,808.290376865476,3000.0,3000.0,1089.0066788022887,808.290376865476,808.2903768654759,710.7986283200214,710.7986283200214,808.2903768654759,808.2903768654759,710.7986283200214,710.7986283200214,808.2903768654759,808.2903768654759,710.7986283200214,710.7986283200214,808.2903768654759,808.2903768654759,710.7986283200214,710.7986283200214,808.2903768654759
11200,3000.0,3000.0,1089.0066788022884,808.2903768654759,3000.0,3000.0,1089.0066788022884,808.2903768654759,3000.0,3000.0,1089.0066788022884,808.2903768654759,3000.0,3000.0,1089.0066788022884,808.2903768654759,808.2903768654759,1089.0066788022884,3000.0,3000.0,808.2903768654759,1089.0066788022884,3000.0,3000.0,808.2903768654759,1089.0066788022884,3000.0,3000.0,808.2903768654759,1089.0066788022884,3000.0,3000.0,808.2903768654759,710.7986283200214,710.7986283200214,808.2903768654759,808.2903768654759,710.7986283200214,710.7986283200214,808.2903768654759,808.2903768654759,710.7986283200214,710.7986283200214,808.2903768654759,808.2903768654759,710.7986283200214,710.7986283200214,808.2903768654759,808.290376865476,1089.0066788022887,3000.0,3000.0,808.290376865476,1089.0066788022887,3000.0,3000.0,808.290376865476,1089.0066788022887,3000.0,3000.0,808.290376865476,1089.0066788022887,3000.0,3000.0,3000.0,3000.0,1089.0066788022887,808.290376865476,3000.0,3000.0,1089.0066788022887,808.290376865476,3000.0,3000.0,1089.0066788022887,808.290376865476,3000.0,3000.0,1089.0066788022887,808.290376865476,808.2903768654759,710.7986283200214,710.7986283200214,808.2903768654759,808.2903768654759,710.7986283200214,710.7986283200214,808.2903768654759,808.2903768654759,710.7986283200214,710.7986283200214,808.2903768654759,808.2903768654759,710.7986283200214,710.7986283200214,808.2903768654759
11267,3000.0,3000.0,1089.0066788022884,808.2903768654759,3000.0,3000.0,1089.0066788022884,808.2903768654759,3000.0,3000.0,1089.0066788022884,808.2903768654759,3000.0,3000.0,1089.0066788022884,808.2903768654759,808.2903768654759,1089.0066788022884,3000.0,3000.0,808.2903768654759,1089.0066788022884,3000.0,3000.0,808.2903768654759,1089.0066788022884,3000.0,3000.0,808.2903768654759,1089.0066788022884,3000.0,3000.0,808.2903768654759,710.7986283200214,710.7986283200214,808.2903768654759,808.2903768654759,710.7986283200214,710.7986283200214,808.2903768654759,808.2903768654759,710.7986283200214,710.7986283200214,808.2903768654759,808.2903768654759,710.7986283200214,710.7986283200214,808.2903768654759,808.290376865476,1089.0066788022887,2046.6630801141598,3000.0,808.290376865476,1089.0066788022887,2046.6630801141598,3000.0,808.290376865476,1089.0066788022887,2046.6630801141598,3000.0,808.290376865476,1089.0066788022887,2046.6630801141598,3000.0,3000.0,2046.6630801141598,1089.0066788022887,808.290376865476,3000.0,2046.6630801141598,1089.0066788022887,808.290376865476,3000.0,2046.6630801141598,1089.0066788022887,808.290376865476,3000.0,2046.6630801141598,1089.0066788022887,808.290376865476,808.2903768654759,710.7986283200214,710.7986283200214,808.2903768654759,808.2903768654759,710.7986283200214,710.7986283200214,808.2903768654759,808.2903768654759,710.7986283200214,710.7986283200214,808.2903768654759,808.2903768654759,710.7986283200214,710.7986283200214,808.2903768654759
11333,3000.0,3000.0,1089.0066788022884,808.2903768654759,3000.0,3000.0,1089.0066788022884,808.2903768654759,3000.0,3000.0,1089.0066788022884,808.2903768654759,3000.0,3000.0,1089.0066788022884,808.2903768654759,808.2903768654759,1089.0066788022884,3000.0,3000.0,808.2903768654759,1089.0066788022884,3000.0,3000.0,808.2903768654759,1089.0066788022884,3000.0,3000.0,808.2903768654759,1089.0066788022884,3000.0,3000.0,808.2903768654759,710.7986283200214,710.7986283200214,808.2903768654759,808.2903768654759,710.7986283200214,710.7986283200214,808.2903768654759,808.2903768654759,710.7986283200214,710.7986283200214,808.2903768654759,808.2903768654759,710.7986283200214,710.7986283200214,808.2903768654759,808.290376865476,1089.0066788022887,2046.6630801141598,3000.0,808.290376865476,1089.0066788022887,2046.6630801141598,3000.0,808.290376865476,1089.0066788022887,2046.6630801141598,3000.0,808.290376865476,1089.0066788022887,2046.6630801141598,3000.0,3000.0,2046.6630801141598,1089.0066788022887,808.290376865476,3000.0,2046.6630801141598,1089.0066788022887,808.290376865476,3000.0,2046.6630801141598,1089.0066788022887,808.290376865476,3000.0,2046.6630801141598,1089.0066788022887,808.290376865476,808.2903768654759,710.7986283200214,710.7986283200214,808.2903768654759,808.2903768654759,710.7986283200214,710.7986283200214,808.2903768654759,808.2903768654759,710.7986283200214,710.7986283200214,808.2903768654759,808.2903768654759,710.7986283200214,710.7986283200214,808.2903768654759
11400,3000.0,3000.0,1089.0066788022884,808.2903768654759,3000.0,3000.0,1089.0066788022884,808.2903768654759,3000.0,3000.0,1089.0066788022884,808.2903768654759,3000.0,3000.0,1089.0066788022884,808.2903768654759,808.2903768654759,1089.0066788022884,3000.0,3000.0,808.2903768654759,1089.0066788022884,3000.0,3000.0,808.2903768654759,1089.0066788022884,3000.0,3000.0,808.2903768654759,1089.0066788022884,3000.0,3000.0,808.2903768654759,710.7986283200214,710.7986283200214,808.2903768654759,808.2903768654759,710.7986283200214,710.7986283200214,808.2903768654759,808.2903768654759,710.7986283200214,710.7986283200214,808.2903768654759,808.2903768654759,710.7986283200214,710.7986283200214,808.2903768654759,808.290376865476,1089.0066788022887,2046.6630801141598,3000.0,808.290376865476,1089.0066788022887,2046.6630801141598,3000.0,808.290376865476,1089.0066788022887,2046.6630801141598,3000.0,808.290376865476,1089.0066788022887,2046.6630801141598,3000.0,3000.0,2046.6630801141598,1089.0066788022887,808.290376865476,3000.0,2046.6630801141598,1089.0066788022887,808.290376865476,3000.0,2046.6630801141598,1089.0066788022887,808.290376865476,3000.0,2046.6630801141598,1089.0066788022887,808.290376865476,808.2903768654759,710.7986283200214,710.7986283200214,808.2903768654759,808.2903768654759,710.7986283200214,710.7986283200214,808.2903768654759,808.2903768654759,710.7986283200214,710.7986283200214,808.2903768654759,808.2903768654759,710.7986283200214,710.7986283200214,808.2903768654759
11467,3000.0,3000.0,1089.0066788022884,808.2903768654759,3000.0,3000.0,1089.0066788022884,808.2903768654759,3000.0,3000.0,1089.0066788022884,808.2903768654759,3000.0,3000.0,1089.0066788022884,808.2903768654759,808.2903768654759,1089.0066788022884,3000.0,3000.0,808.2903768654759,1089.0066788022884,3000.0,3000.0,808.2903768654759,1089.0066788022884,3000.0,3000.0,808.2903768654759,1089.0066788022884,3000.0,3000.0,808.2903768654759,710.7986283200214,710.7986283200214,808.2903768654759,808.2903768654759,710.7986283200214,710.7986283200214,808.2903768654759,808.2903768654759,710.7986283200214,710.7986283200214,808.2903768654759,808.2903768654759,710.7986283200214,710.7986283200214,808.2903768654759,808.290376865476,1089.0066788022887,2046.6630801141598,3000.0,808.290376865476,1089.0066788022887,2046.6630801141598,3000.0,808.290376865476,1089.0066788022887,2046.6630801141598,3000.0,808.290376865476,1089.0066788022887,2046.6630801141598,3000.0,3000.0,2046.6630801141598,1089.0066788022887,808.290376865476,3000.0,2046.6630801141598,1089.0066788022887,808.290376865476,3000.0,2046.6630801141598,1089.0066788022887,808.290376865476,3000.0,2046.6630801141598,1089.0066788022887,808.290376865476,808.2903768654759,710.7986283200214,710.7986283200214,808.2903768654759,808.2903768654759,710.7986283200214,710.7986283200214,808.2903768654759,808.2903768654759,710.7986283200214,710.7986283200214,808.2903768654759,808.2903768654759,710.7986283200214,710.7986283200214,808.2903768654759
11533,3000.0,3000.0,1089.0066788022884,808.2903768654759,3000.0,3000.0,1089.0066788022884,808.2903768654759,3000.0,3000.0,1089.0066788022884,808.2903768654759,3000.0,3000.0,1089.0066788022884,808.2903768654759,808.2903768654759,1089.0066788022884,3000.0,3000.0,808.2903768654759,1089.0066788022884,3000.0,3000.0,808.2903768654759,1089.0066788022884,3000.0,3000.0,808.2903768654759,1089.0066788022884,3000.0,3000.0,808.2903768654759,710.7986283200214,710.7986283200214,808.2903768654759,808.2903768654759,710.7986283200214,710.7986283200214,808.2903768654759,808.2903768654759,710.7986283200214,710.7986283200214,808.2903768654759,808.2903768654759,710.7986283200214,710.7986283200214,808.2903768654759,808.290376865476,1089.0066788022887,2046.6630801141598,3000.0,808.290376865476,1089.0066788022887,2046.6630801141598,3000.0,808.290376865476,1089.0066788022887,2046.6630801141598,3000.0,808.290376865476,1089.0066788022887,2046.6630801141598,3000.0,3000.0,2046.6630801141598,1089.0066788022887,808.290376865476,3000.0,2046.6630801141598,1089.0066788022887,808.290376865476,3000.0,2046.6630801141598,1089.0066788022887,808.290376865476,3000.0,2046.6630801141598,1089.0066788022887,808.290376865476,808.2903768654759,710.7986283200214,710.7986283200214,808.2903768654759,808.2903768654759,710.7986283200214,710.7986283200214,808.2903768654759,808.2903768654759,710.7986283200214,710.7986283200214,808.2903768654759,808.2903768654759,710.7986283200214,710.7986283200214,808.2903768654759
11600,3000.0,3000.0,1089.0066788022884,808.2903768654759,3000.0,3000.0,1089.0066788022884,808.2903768654759,3000.0,3000.0,1089.0066788022884,808.2903768654759,3000.0,3000.0,1089.0066788022884,808.2903768654759,808.2903768654759,1089.0066788022884,3000.0,3000.0,808.2903768654759,1089.0066788022884,3000.0,3000.0,808.2903768654759,1089.0066788022884,3000.0,3000.0,808.2903768654759,1089.0066788022884,3000.0,3000.0,808.2903768654759,710.7986283200214,710.7986283200214,808.2903768654759,808.2903768654759,710.7986283200214,710.7986283200214,808.2903768654759,808.2903768654759,710.7986283200214,710.7986283200214,808.2903768654759,808.2903768654759,710.7986283200214,710.7986283200214,808.2903768654759,808.290376865476,1089.0066788022887,2046.6630801141598,3000.0,808.290376865476,1089.0066788022887,2046.6630801141598,3000.0,808.290376865476,1089.0066788022887,2046.6630801141598,3000.0,808.290376865476,1089.0066788022887,2046.6630801141598,3000.0,3000.0,2046.6630801141598,1089.0066788022887,808.290376865476,3000.0,2046.6630801141598,1089.0066788022887,808.290376865476,3000.0,2046.6630801141598,1089.0066788022887,808.290376865476,3000.0,2046.6630801141598,1089.0066788022887,808.290376865476,808.2903768654759,710.7986283200214,710.7986283200214,808.2903768654759,808.2903768654759,710.7986283200214,710.7986283200214,808.2903768654759,808.2903768654759,710.7986283200214,710.7986283200214,808.2903768654759,808.2903768654759,710.7986283200214,710.7986283200214,808.2903768654759
11667,3000.0,3000.0,1089.0066788022884,808.2903768654759,3000.0,3000.0,1089.0066788022884,808.2903768654759,3000.0,3000.0,1089.0066788022884,808.2903768654759,3000.0,3000.0,1089.0066788022884,808.2903768654759,808.2903768654759,1089.0066788022884,3000.0,3000.0,808.2903768654759,1089.0066788022884,3000.0,3000.0,808.2903768654759,1089.0066788022884,3000.0,3000.0,808.2903768654759,1089.0066788022884,3000.0,3000.0,808.2903768654759,710.7986283200214,710.7986283200214,808.2903768654759,808.2903768654759,710.7986283200214,710.7986283200214,808.2903768654759,808.2903768654759,710.7986283200214,710.7986283200214,808.2903768654759,808.2903768654759,710.7986283200214,710.7986283200214,808.2903768654759,808.290376865476,1089.0066788022887,2046.6630801141598,3000.0,808.290376865476,1089.0066788022887,2046.6630801141598,3000.0,808.290376865476,1089.0066788022887,2046.6630801141598,3000.0,808.290376865476,1089.0066788022887,2046.6630801141598,3000.0,3000.0,2046.6630801141598,1089.0066788022887,808.290376865476,3000.0,2046.6630801141598,1089.0066788022887,808.290376865476,3000.0,2046.6630801141598,1089.0066788022887,808.290376865476,3000.0,2046.6630801141598,1089.0066788022887,808.290376865476,808.2903768654759,710.7986283200214,710.7986283200214,808.2903768654759,808.2903768654759,710.7986283200214,710.7986283200214,808.2903768654759,808.2903768654759,710.7986283200214,710.7986283200214,808.2903768654759,808.2903768654759,710.7986283200214,710.7986283200214,808.2903768654759
11733,3000.0,3000.0,1089.0066788022884,808.2903768654759,3000.0,3000.0,1089.0066788022884,808.2903768654759,3000.0,3000.0,1089.0066788022884,808.2903768654759,3000.0,3000.0,1089.0066788022884,808.2903768654759,808.2903768654759,1089.0066788022884,3000.0,3000.0,808.2903768654759,1089.0066788022884,3000.0,3000.0,808.2903768654759,1089.0066788022884,3000.0,3000.0,808.2903768654759,1089.0066788022884,3000.0,3000.0,808.2903768654759,710.7986283200214,710.7986283200214,808.2903768654759,808.2903768654759,710.7986283200214,710.7986283200214,808.2903768654759,808.2903768654759,710.7986283200214,710.7986283200214,808.2903768654759,808.2903768654759,710.7986283200214,710.7986283200214,808.2903768654759,808.290376865476,1089.0066788022887,2046.6630801141598,3000.0,808.290376865476,1089.0066788022887,2046.6630801141598,3000.0,808.290376865476,1089.0066788022887,2046.6630801141598,3000.0,808.290376865476,1089.0066788022887,2046.6630801141598,3000.0,3000.0,2046.6630801141598,1089.0066788022887,808.290376865476,3000.0,2046.6630801141598,1089.0066788022887,808.290376865476,3000.0,2046.6630801141598,1089.0066788022887,808.290376865476,3000.0,2046.6630801141598,1089.0066788022887,808.290376865476,808.2903768654759,710.7986283200214,710.7986283200214,808.2903768654759,808.2903768654759,710.7986283200214,710.7986283200214,808.2903768654759,808.2903768654759,710.7986283200214,710.7986283200214,808.2903768654759,808.2903768654759,710.7986283200214,710.7986283200214,808.2903768654759
11800,3000.0,3000.0,1089.0066788022884,808.2903768654759,3000.0,3000.0,1089.0066788022884,808.2903768654759,3000.0,3000.0,1089.0066788022884,808.2903768654759,3000.0,3000.0,1089.0066788022884,808.2903768654759,808.2903768654759,1089.0066788022884,3000.0,3000.0,808.2903768654759,1089.0066788022884,3000.0,3000.0,808.2903768654759,1089.0066788022884,3000.0,3000.0,808.2903768654759,1089.0066788022884,3000.0,3000.0,808.2903768654759,710.7986283200214,710.7986283200214,808.2903768654759,808.2903768654759,710.7986283200214,710.7986283200214,808.2903768654759,808.2903768654759,710.7986283200214,710.7986283200214,808.2903768654759,808.2903768654759,710.7986283200214,710.7986283200214,808.2903768654759,808.290376865476,1089.0066788022887,2046.6630801141598,3000.0,808.290376865476,1089.0066788022887,2046.6630801141598,3000.0,808.290376865476,1089.0066788022887,2046.6630801141598,3000.0,808.290376865476,1089.0066788022887,2046.6630801141598,3000.0,3000.0,2046.6630801141598,1089.0066788022887,808.290376865476,3000.0,2046.6630801141598,1089.0066788022887,808.290376865476,3000.0,2046.6630801141598,1089.0066788022887,808.290376865476,3000.0,2046.6630801141598,1089.0066788022887,808.290376865476,808.2903768654759,710.7986283200214,710.7986283200214,808.2903768654759,808.2903768654759,710.7986283200214,710.7986283200214,808.2903768654759,808.2903768654759,710.7986283200214,710.7986283200214,808.2903768654759,808.2903768654759,710.7986283200214,710.7986283200214,808.2903768654759
11867,3000.0,3000.0,1089.0066788022884,808.2903768654759,3000.0,3000.0,1089.0066788022884,808.2903768654759,3000.0,3000.0,1089.0066788022884,808.2903768654759,3000.0,3000.0,1089.0066788022884,808.2903768654759,808.2903768654759,1089.0066788022884,3000.0,3000.0,808.2903768654759,1089.0066788022884,3000.0,3000.0,808.2903768654759,1089.0066788022884,3000.0,3000.0,808.2903768654759,1089.0066788022884,3000.0,3000.0,808.2903768654759,710.7986283200214,710.7986283200214,808.2903768654759,808.2903768654759,710.7986283200214,710.7986283200214,808.2903768654759,808.2903768654759,710.7986283200214,710.7986283200214,808.2903768654759,808.2903768654759,710.7986283200214,710.7986283200214,808.2903768654759,808.290376865476,1089.0066788022887,2046.6630801141598,3000.0,808.290376865476,1089.0066788022887,2046.6630801141598,3000.0,808.290376865476,1089.0066788022887,2046.6630801141598,3000.0,808.290376865476,1089.0066788022887,2046.6630801141598,3000.0,3000.0,2046.6630801141598,1089.0066788022887,808.290376865476,3000.0,2046.6630801141598,1089.0066788022887,808.290376865476,3000.0,2046.6630801141598,1089.0066788022887,808.290376865476,3000.0,2046.6630801141598,1089.0066788022887,808.290376865476,808.2903768654759,710.7986283200214,710.7986283200214,808.2903768654759,808.2903768654759,710.7986283200214,710.7986283200214,808.2903768654759,808.2903768654759,710.7986283200214,710.7986283200214,808.2903768654759,808.2903768654759,710.7986283200214,710.7986283200214,808.2903768654759
11933,3000.0,3000.0,3000.0,808.2903768654759,3000.0,3000.0,3000.0,808.2903768654759,3000.0,3000.0,3000.0,808.2903768654759,3000.0,3000.0,3000.0,808.2903768654759,808.2903768654759,3000.0,3000.0,3000.0,808.2903768654759,3000.0,3000.0,3000.0,808.2903768654759,3000.0,3000.0,3000.0,808.2903768654759,3000.0,3000.0,3000.0,808.2903768654759,710.7986283200214,710.7986283200214,808.2903768654759,808.2903768654759,710.7986283200214,710.7986283200214,808.2903768654759,808.2903768654759,710.7986283200214,710.7986283200214,808.2903768654759,808.2903768654759,710.7986283200214,710.7986283200214,808.2903768654759,808.290376865476,1089.0066788022887,2046.6630801141598,3000.0,808.290376865476,1089.0066788022887,2046.6630801141598,3000.0,808.290376865476,1089.0066788022887,2046.6630801141598,3000.0,808.290376865476,1089.0066788022887,2046.6630801141598,3000.0,3000.0,2046.6630801141598,1089.0066788022887,808.290376865476,3000.0,2046.6630801141598,1089.0066788022887,808.290376865476,3000.0,2046.6630801141598,1089.0066788022887,808.290376865476,3000.0,2046.6630801141598,1089.0066788022887,808.290376865476,808.2903768654759,710.7986283200214,710.7986283200214,808.2903768654759,808.2903768654759,710.7986283200214,710.7986283200214,808.2903768654759,808.2903768654759,710.7986283200214,710.7986283200214,808.2903768654759,808.2903768654759,710.7986283200214,710.7986283200214,808.2903768654759
12000,3000.0,3000.0,3000.0,808.2903768654759,3000.0,3000.0,3000.0,808.2903768654759,3000.0,3000.0,3000.0,808.2903768654759,3000.0,3000.0,3000.0,808.2903768654759,808.2903768654759,3000.0,3000.0,3000.0,808.2903768654759,3000.0,3000.0,3000.0,808.2903768654759,3000.0,3000.0,3000.0,808.2903768654759,3000.0,3000.0,3000.0,808.2903768654759,710.7986283200214,710.7986283200214,808.2903768654759,808.2903768654759,710.7986283200214,710.7986283200214,808.2903768654759,808.2903768654759,710.7986283200214,710.7986283200214,808.2903768654759,808.2903768654759,710.7986283200214,710.7986283200214,808.2903768654759,808.290376865476,1089.0066788022887,2046.6630801141598,3000.0,808.290376865476,1089.0066788022887,2046.6630801141598,3000.0,808.290376865476,1089.0066788022887,2046.6630801141598,3000.0,808.290376865476,1089.0066788022887,2046.6630801141598,3000.0,3000.0,2046.6630801141598,1089.0066788022887,808.290376865476,3000.0,2046.6630801141598,1089.0066788022887,808.290376865476,3000.0,2046.6630801141598,1089.0066788022887,808.290376865476,3000.0,2046.6630801141598,1089.0066788022887,808.290376865476,808.2903768654759,710.7986283200214,710.7986283200214,808.2903768654759,808.2903768654759,710.7986283200214,710.7986283200214,808.2903768654759,808.2903768654759,710.7986283200214,710.7986283200214,808.2903768654759,808.2903768654759,710.7986283200214,710.7986283200214,808.2903768654759
12067,3000.0,3000.0,3000.0,808.2903768654759,3000.0,3000.0,3000.0,808.2903768654759,3000.0,3000.0,3000.0,808.2903768654759,3000.0,3000.0,3000.0,808.2903768654759,808.2903768654759,3000.0,3000.0,3000.0,808.2903768654759,3000.0,3000.0,3000.0,808.2903768654759,3000.0,3000.0,3000.0,808.2903768654759,3000.0,3000.0,3000.0,808.2903768654759,710.7986283200214,710.7986283200214,808.2903768654759,808.2903768654759,710.7986283200214,710.7986283200214,808.2903768654759,808.2903768654759,710.7986283200214,710.7986283200214,808.2903768654759,808.2903768654759,710.7986283200214,710.7986283200214,808.2903768654759,808.290376865476,1089.0066788022887,2046.6630801141598,3000.0,808.290376865476,1089.0066788022887,2046.6630801141598,3000.0,808.290376865476,1089.0066788022887,2046.6630801141598,3000.0,808.290376865476,1089.0066788022887,2046.6630801141598,3000.0,3000.0,2046.6630801141598,1089.0066788022887,808.290376865476,3000.0,2046.6630801141598,1089.0066788022887,808.290376865476,3000.0,2046.6630801141598,1089.0066788022887,808.290376865476,3000.0,2046.6630801141598,1089.0066788022887,808.290376865476,808.2903768654759,710.7986283200214,710.7986283200214,808.2903768654759,808.2903768654759,710.7986283200214,710.7986283200214,808.2903768654759,808.2903768654759,710.7986283200214,710.7986283200214,808.2903768654759,808.2903768654759,710.7986283200214,710.7986283200214,808.2903768654759
12133,3000.0,3000.0,3000.0,808.2903768654759,3000.0,3000.0,3000.0,808.2903768654759,3000.0,3000.0,3000.0,808.2903768654759,3000.0,3000.0,3000.0,808.2903768654759,808.2903768654759,3000.0,3000.0,3000.0,808.2903768654759,3000.0,3000.0,3000.0,808.2903768654759,3000.0,3000.0,3000.0,808.2903768654759,3000.0,3000.0,3000.0,808.2903768654759,710.7986283200214,710.7986283200214,808.2903768654759,808.2903768654759,710.7986283200214,710.7986283200214,808.2903768654759,808.2903768654759,710.7986283200214,710.7986283200214,808.2903768654759,808.2903768654759,710.7986283200214,710.7986283200214,808.2903768654759,808.290376865476,1089.0066788022887,2046.6630801141598,3000.0,808.290376865476,1089.0066788022887,2046.6630801141598,3000.0,808.290376865476,1089.0066788022887,2046.6630801141598,3000.0,808.290376865476,1089.0066788022887,2046.6630801141598,3000.0,3000.0,2046.6630801141598,1089.0066788022887,808.290376865476,3000.0,2046.6630801141598,1089.0066788022887,808.290376865476,3000.0,2046.6630801141598,1089.0066788022887,808.290376865476,3000.0,2046.6630801141598,1089.0066788022887,808.290376865476,808.2903768654759,710.7986283200214,710.7986283200214,808.2903768654759,808.2903768654759,710.7986283200214,710.7986283200214,808.2903768654759,808.2903768654759,710.7986283200214,710.7986283200214,808.2903768654759,808.2903768654759,710.7986283200214,710.7986283200214,808.2903768654759
12200,3000.0,3000.0,3000.0,808.2903768654759,3000.0,3000.0,3000.0,808.2903768654759,3000.0,3000.0,3000.0,808.2903768654759,3000.0,3000.0,3000.0,808.2903768654759,808.2903768654759,3000.0,3000.0,3000.0,808.2903768654759,3000.0,3000.0,3000.0,808.2903768654759,3000.0,3000.0,3000.0,808.2903768654759,3000.0,3000.0,3000.0,808.2903768654759,710.7986283200214,710.7986283200214,808.2903768654759,808.2903768654759,710.7986283200214,710.7986283200214,808.2903768654759,808.2903768654759,710.7986283200214,710.7986283200214,808.2903768654759,808.2903768654759,710.7986283200214,710.7986283200214,808.2903768654759,808.290376865476,1089.0066788022887,2046.6630801141598,3000.0,808.290376865476,1089.0066788022887,2046.6630801141598,3000.0,808.290376865476,1089.0066788022887,2046.6630801141598,3000.0,808.290376865476,1089.0066788022887,2046.6630801141598,3000.0,3000.0,2046.6630801141598,1089.0066788022887,808.290376865476,3000.0,2046.6630801141598,1089.0066788022887,808.290376865476,3000.0,2046.6630801141598,1089.0066788022887,808.290376865476,3000.0,2046.6630801141598,1089.0066788022887,808.290376865476,808.2903768654759,710.7986283200214,710.7986283200214,808.2903768654759,808.2903768654759,710.7986283200214,710.7986283200214,808.2903768654759,808.2903768654759,710.7986283200214,710.7986283200214,808.2903768654759,808.2903768654759,710.7986283200214,710.7986283200214,808.2903768654759
12267,3000.0,3000.0,3000.0,808.2903768654759,3000.0,3000.0,3000.0,808.2903768654759,3000.0,3000.0,3000.0,808.2903768654759,3000.0,3000.0,3000.0,808.2903768654759,808.2903768654759,3000.0,3000.0,3000.0,808.2903768654759,3000.0,3000.0,3000.0,808.2903768654759,3000.0,3000.0,3000.0,808.2903768654759,3000.0,3000.0,3000.0,808.2903768654759,710.7986283200214,710.7986283200214,808.2903768654759,808.2903768654759,710.7986283200214,710.7986283200214,808.2903768654759,808.2903768654759,710.7986283200214,710.7986283200214,808.2903768654759,808.2903768654759,710.7986283200214,710.7986283200214,808.2903768654759,808.290376865476,1089.0066788022887,2046.6630801141598,3000.0,808.290376865476,1089.0066788022887,2046.6630801141598,3000.0,808.290376865476,1089.0066788022887,2046.6630801141598,3000.0,808.290376865476,1089.0066788022887,2046.6630801141598,3000.0,3000.0,2046.6630801141598,1089.0066788022887,808.290376865476,3000.0,2046.6630801141598,1089.0066788022887,808.290376865476,3000.0,2046.6630801141598,1089.0066788022887,808.290376865476,3000.0,2046.6630801141598,1089.0066788022887,808.290376865476,808.2903768654759,710.7986283200214,710.7986283200214,808.2903768654759,808.2903768654759,710.7986283200214,710.7986283200214,808.2903768654759,808.2903768654759,710.7986283200214,710.7986283200214,808.2903768654759,808.2903768654759,710.7986283200214,710.7986283200214,808.2903768654759
12333,3000.0,3000.0,3000.0,808.2903768654759,3000.0,3000.0,3000.0,808.2903768654759,3000.0,3000.0,3000.0,808.2903768654759,3000.0,3000.0,3000.0,808.2903768654759,808.2903768654759,3000.0,3000.0,3000.0,808.2903768654759,3000.0,3000.0,3000.0,808.2903768654759,3000.0,3000.0,3000.0,808.2903768654759,3000.0,3000.0,3000.0,808.2903768654759,710.7986283200214,710.7986283200214,808.2903768654759,808.2903768654759,710.7986283200214,710.7986283200214,808.2903768654759,808.2903768654759,710.7986283200214,710.7986283200214,808.2903768654759,808.2903768654759,710.7986283200214,710.7986283200214,808.2903768654759,808.290376865476,1089.0066788022887,2046.6630801141598,3000.0,808.290376865476,1089.0066788022887,2046.6630801141598,3000.0,808.290376865476,1089.0066788022887,2046.6630801141598,3000.0,808.290376865476,1089.0066788022887,2046.6630801141598,3000.0,3000.0,2046.6630801141598,1089.0066788022887,808.290376865476,3000.0,2046.6630801141598,1089.0066788022887,808.290376865476,3000.0,2046.6630801141598,1089.0066788022887,808.290376865476,3000.0,2046.6630801141598,1089.0066788022887,808.290376865476,808.2903768654759,710.7986283200214,710.7986283200214,808.2903768654759,808.2903768654759,710.7986283200214,710.7986283200214,808.2903768654759,808.2903768654759,710.7986283200214,710.7986283200214,808.2903768654759,808.2903768654759,710.7986283200214,710.7986283200214,808.2903768654759
12400,3000.0,3000.0,3000.0,808.2903768654759,3000.0,3000.0,3000.0,808.2903768654759,3000.0,3000.0,3000.0,808.2903768654759,3000.0,3000.0,3000.0,808.2903768654759,808.2903768654759,3000.0,3000.0,3000.0,808.2903768654759,3000.0,3000.0,3000.0,808.2903768654759,3000.0,3000.0,3000.0,808.2903768654759,3000.0,3000.0,3000.0,808.2903768654759,710.7986283200214,710.7986283200214,808.2903768654759,808.2903768654759,710.7986283200214,710.7986283200214,808.2903768654759,808.2903768654759,710.7986283200214,710.7986283200214,808.2903768654759,808.2903768654759,710.7986283200214,710.7986283200214,808.2903768654759,808.290376865476,1089.0066788022887,2046.6630801141598,3000.0,808.290376865476,1089.0066788022887,2046.6630801141598,3000.0,808.290376865476,1089.0066788022887,2046.6630801141598,3000.0,808.290376865476,1089.0066788022887,2046.6630801141598,3000.0,3000.0,2046.6630801141598,1089.0066788022887,808.290376865476,3000.0,2046.6630801141598,1089.0066788022887,808.290376865476,3000.0,2046.6630801141598,1089.0066788022887,808.290376865476,3000.0,2046.6630801141598,1089.0066788022887,808.290376865476,808.2903768654759,710.7986283200214,710.7986283200214,808.2903768654759,808.2903768654759,710.7986283200214,710.7986283200214,808.2903768654759,808.2903768654759,710.7986283200214,710.7986283200214,808.2903768654759,808.2903768654759,710.7986283200214,710.7986283200214,808.2903768654759
12467,3000.0,3000.0,3000.0,808.2903768654759,3000.0,3000.0,3000.0,808.2903768654759,3000.0,3000.0,3000.0,808.2903768654759,3000.0,3000.0,3000.0,808.2903768654759,808.2903768654759,3000.0,3000.0,3000.0,808.2903768654759,3000.0,3000.0,3000.0,808.2903768654759,3000.0,3000.0,3000.0,808.2903768654759,3000.0,3000.0,3000.0,808.2903768654759,710.7986283200214,710.7986283200214,808.2903768654759,808.2903768654759,710.7986283200214,710.7986283200214,808.2903768654759,808.2903768654759,710.7986283200214,710.7986283200214,808.2903768654759,808.2903768654759,710.7986283200214,710.7986283200214,808.2903768654759,808.290376865476,1089.0066788022887,2046.6630801141598,3000.0,808.290376865476,1089.0066788022887,2046.6630801141598,3000.0,808.290376865476,1089.0066788022887,2046.6630801141598,3000.0,808.290376865476,1089.0066788022887,2046.6630801141598,3000.0,3000.0,2046.6630801141598,1089.0066788022887,808.290376865476,3000.0,2046.6630801141598,1089.0066788022887,808.290376865476,3000.0,2046.6630801141598,1089.0066788022887,808.290376865476,3000.0,2046.6630801141598,1089.0066788022887,808.290376865476,808.2903768654759,710.7986283200214,710.7986283200214,808.2903768654759,808.2903768654759,710.7986283200214,710.7986283200214,808.2903768654759,808.2903768654759,710.7986283200214,710.7986283200214,808.2903768654759,808.2903768654759,710.7986283200214,710.7986283200214,808.2903768654759
12533,3000.0,3000.0,3000.0,808.2903768654759,3000.0,3000.0,3000.0,808.2903768654759,3000.0,3000.0,3000.0,808.2903768654759,3000.0,3000.0,3000.0,808.2903768654759,808.2903768654759,3000.0,3000.0,3000.0,808.2903768654759,3000.0,3000.0,3000.0,808.2903768654759,3000.0,3000.0,3000.0,808.2903768654759,3000.0,3000.0,3000.0,808.2903768654759,710.7986283200214,710.7986283200214,808.2903768654759,808.2903768654759,710.7986283200214,710.7986283200214,808.2903768654759,808.2903768654759,710.7986283200214,710.7986283200214,808.2903768654759,808.2903768654759,710.7986283200214,710.7986283200214,808.2903768654759,808.290376865476,1089.0066788022887,2046.6630801141598,3000.0,808.290376865476,1089.0066788022887,2046.6630801141598,3000.0,808.290376865476,1089.0066788022887,2046.6630801141598,3000.0,808.290376865476,1089.0066788022887,2046.6630801141598,3000.0,3000.0,2046.6630801141598,1089.0066788022887,808.290376865476,3000.0,2046.6630801141598,1089.0066788022887,808.290376865476,3000.0,2046.6630801141598,1089.0066788022887,808.290376865476,3000.0,2046.6630801141598,1089.0066788022887,808.290376865476,808.2903768654759,710.7986283200214,710.7986283200214,808.2903768654759,808.2903768654759,710.7986283200214,710.7986283200214,808.2903768654759,808.2903768654759,710.7986283200214,710.7986283200214,808.2903768654759,808.2903768654759,710.7986283200214,710.7986283200214,808.2903768654759
12600,3000.0,3000.0,3000.0,808.2903768654759,3000.0,3000.0,3000.0,808.2903768654759,3000.0,3000.0,3000.0,808.2903768654759,3000.0,3000.0,3000.0,808.2903768654759,808.2903768654759,3000.0,3000.0,3000.0,808.2903768654759,3000.0,3000.0,3000.0,808.2903768654759,3000.0,3000.0,3000.0,808.2903768654759,3000.0,3000.0,3000.0,808.2903768654759,710.7986283200214,710.7986283200214,808.2903768654759,808.2903768654759,710.7986283200214,710.7986283200214,808.2903768654759,808.2903768654759,710.7986283200214,710.7986283200214,808.2903768654759,808.2903768654759,710.7986283200214,710.7986283200214,808.2903768654759,808.290376865476,1089.0066788022887,2046.6630801141598,3000.0,808.290376865476,1089.0066788022887,2046.6630801141598,3000.0,808.290376865476,1089.0066788022887,2046.6630801141598,3000.0,808.290376865476,1089.0066788022887,2046.6630801141598,3000.0,3000.0,2046.6630801141598,1089.0066788022887,808.290376865476,3000.0,2046.6630801141598,1089.0066788022887,808.290376865476,3000.0,2046.6630801141598,1089.0066788022887,808.290376865476,3000.0,2046.6630801141598,1089.0066788022887,808.290376865476,808.2903768654759,710.7986283200214,710.7986283200214,808.2903768654759,808.2903768654759,710.7986283200214,710.7986283200214,808.2903768654759,808.2903768654759,710.7986283200214,710.7986283200214,808.2903768654759,808.2903768654759,710.7986283200214,710.7986283200214,808.2903768654759
12667,3000.0,3000.0,3000.0,808.2903768654759,3000.0,3000.0,3000.0,808.2903768654759,3000.0,3000.0,3000.0,808.2903768654759,3000.0,3000.0,3000.0,808.2903768654759,808.2903768654759,3000.0,3000.0,3000.0,808.2903768654759,3000.0,3000.0,3000.0,808.2903768654759,3000.0,3000.0,3000.0,808.2903768654759,3000.0,3000.0,3000.0,808.2903768654759,710.7986283200214,710.7986283200214,808.2903768654759,808.2903768654759,710.7986283200214,710.7986283200214,808.2903768654759,808.2903768654759,710.7986283200214,710.7986283200214,808.2903768654759,808.2903768654759,710.7986283200214,710.7986283200214,808.2903768654759,808.290376865476,1089.0066788022887,2046.6630801141598,3000.0,808.290376865476,1089.0066788022887,2046.6630801141598,3000.0,808.290376865476,1089.0066788022887,2046.6630801141598,3000.0,808.290376865476,1089.0066788022887,2046.6630801141598,3000.0,3000.0,2046.6630801141598,1089.0066788022887,808.290376865476,3000.0,2046.6630801141598,1089.0066788022887,808.290376865476,3000.0,2046.6630801141598,1089.0066788022887,808.290376865476,3000.0,2046.6630801141598,1089.0066788022887,808.290376865476,808.2903768654759,710.7986283200214,710.7986283200214,808.2903768654759,808.2903768654759,710.7986283200214,710.7986283200214,808.2903768654759,808.2903768654759,710.7986283200214,710.7986283200214,808.2903768654759,808.2903768654759,710.7986283200214,710.7986283200214,808.2903768654759
12733,3000.0,3000.0,3000.0,808.2903768654759,3000.0,3000.0,3000.0,808.2903768654759,3000.0,3000.0,3000.0,808.2903768654759,3000.0,3000.0,3000.0,808.2903768654759,808.2903768654759,3000.0,3000.0,3000.0,808.2903768654759,3000.0,3000.0,3000.0,808.2903768654759,3000.0,3000.0,3000.0,808.2903768654759,3000.0,3000.0,3000.0,808.2903768654759,710.7986283200214,710.7986283200214,808.2903768654759,808.2903768654759,710.7986283200214,710.7986283200214,808.2903768654759,808.2903768654759,710.7986283200214,710.7986283200214,808.2903768654759,808.2903768654759,710.7986283200214,710.7986283200214,808.2903768654759,808.290376865476,1089.0066788022887,2046.6630801141598,3000.0,808.290376865476,1089.0066788022887,2046.6630801141598,3000.0,808.290376865476,1089.0066788022887,2046.6630801141598,3000.0,808.290376865476,1089.0066788022887,2046.6630801141598,3000.0,3000.0,2046.6630801141598,1089.0066788022887,808.290376865476,3000.0,2046.6630801141598,1089.0066788022887,808.290376865476,3000.0,2046.6630801141598,1089.0066788022887,808.290376865476,3000.0,2046.6630801141598,1089.0066788022887,808.290376865476,808.2903768654759,710.7986283200214,710.7986283200214,808.2903768654759,808.2903768654759,710.7986283200214,710.7986283200214,808.2903768654759,808.2903768654759,710.7986283200214,710.7986283200214,808.2903768654759,808.2903768654759,710.7986283200214,710.7986283200214,808.2903768654759
12800,3000.0,3000.0,3000.0,808.2903768654759,3000.0,3000.0,3000.0,808.2903768654759,3000.0,3000.0,3000.0,808.2903768654759,3000.0,3000.0,3000.0,808.2903768654759,808.2903768654759,3000.0,3000.0,3000.0,808.2903768654759,3000.0,3000.0,3000.0,808.2903768654759,3000.0,3000.0,3000.0,808.2903768654759,3000.0,3000.0,3000.0,808.2903768654759,710.7986283200214,710.7986283200214,808.2903768654759,808.2903768654759,710.7986283200214,710.7986283200214,808.2903768654759,808.2903768654759,710.7986283200214,710.7986283200214,808.2903768654759,808.2903768654759,710.7986283200214,710.7986283200214,808.2903768654759,808.290376865476,1089.0066788022887,2046.6630801141598,3000.0,808.290376865476,1089.0066788022887,2046.6630801141598,3000.0,808.290376865476,1089.0066788022887,2046.6630801141598,3000.0,808.290376865476,1089.0066788022887,2046.6630801141598,3000.0,3000.0,2046.6630801141598,1089.0066788022887,808.290376865476,3000.0,2046.6630801141598,1089.0066788022887,808.290376865476,3000.0,2046.6630801141598,1089.0066788022887,808.290376865476,3000.0,2046.6630801141598,1089.0066788022887,808.290376865476,808.2903768654759,710.7986283200214,710.7986283200214,808.2903768654759,808.2903768654759,710.7986283200214,710.7986283200214,808.2903768654759,808.2903768654759,710.7986283200214,710.7986283200214,808.2903768654759,808.2903768654759,710.7986283200214,710.7986283200214,808.2903768654759
12867,3000.0,3000.0,3000.0,808.2903768654759,3000.0,3000.0,3000.0,808.2903768654759,3000.0,3000.0,3000.0,808.2903768654759,3000.0,3000.0,3000.0,808.2903768654759,808.2903768654759,3000.0,3000.0,3000.0,808.2903768654759,3000.0,3000.0,3000.0,808.2903768654759,3000.0,3000.0,3000.0,808.2903768654759,3000.0,3000.0,3000.0,808.2903768654759,710.7986283200214,710.7986283200214,808.2903768654759,808.2903768654759,710.7986283200214,710.7986283200214,808.2903768654759,808.2903768654759,710.7986283200214,710.7986283200214,808.2903768654759,808.2903768654759,710.7986283200214,710.7986283200214,808.2903768654759,808.290376865476,1089.0066788022887,2046.6630801141598,3000.0,808.290376865476,1089.0066788022887,2046.6630801141598,3000.0,808.290376865476,1089.0066788022887,2046.6630801141598,3000.0,808.290376865476,1089.0066788022887,2046.6630801141598,3000.0,3000.0,2046.6630801141598,1089.0066788022887,808.290376865476,3000.0,2046.6630801141598,1089.0066788022887,808.290376865476,3000.0,2046.6630801141598,1089.0066788022887,808.290376865476,3000.0,2046.6630801141598,1089.0066788022887,808.290376865476,808.2903768654759,710.7986283200214,710.7986283200214,808.2903768654759,808.2903768654759,710.7986283200214,710.7986283200214,808.2903768654759,808.2903768654759,710.7986283200214,710.7986283200214,808.2903768654759,808.2903768654759,710.7986283200214,710.7986283200214,808.2903768654759
12933,3000.0,3000.0,3000.0,808.2903768654759,3000.0,3000.0,3000.0,808.2903768654759,3000.0,3000.0,3000.0,808.2903768654759,3000.0,3000.0,3000.0,808.2903768654759,808.2903768654759,3000.0,3000.0,3000.0,808.2903768654759,3000.0,3000.0,3000.0,808.2903768654759,3000.0,3000.0,3000.0,808.2903768654759,3000.0,3000.0,3000.0,808.2903768654759,710.7986283200214,710.7986283200214,808.2903768654759,808.2903768654759,710.7986283200214,710.7986283200214,808.2903768654759,808.2903768654759,710.7986283200214,710.7986283200214,808.2903768654759,808.2903768654759,710.7986283200214,710.7986283200214,808.2903768654759,808.290376865476,1089.0066788022887,2046.6630801141598,3000.0,808.290376865476,1089.0066788022887,2046.6630801141598,3000.0,808.290376865476,1089.0066788022887,2046.6630801141598,3000.0,808.290376865476,1089.0066788022887,2046.6630801141598,3000.0,3000.0,2046.6630801141598,1089.0066788022887,808.290376865476,3000.0,2046.6630801141598,1089.0066788022887,808.290376865476,3000.0,2046.6630801141598,1089.0066788022887,808.290376865476,3000.0,2046.6630801141598,1089.0066788022887,808.290376865476,808.2903768654759,710.7986283200214,710.7986283200214,808.2903768654759,808.2903768654759,710.7986283200214,710.7986283200214,808.2903768654759,808.2903768654759,710.7986283200214,710.7986283200214,808.2903768654759,808.2903768654759,710.7986283200214,710.7986283200214,808.2903768654759
13000,3000.0,3000.0,3000.0,808.2903768654759,3000.0,3000.0,3000.0,808.2903768654759,3000.0,3000.0,3000.0,808.2903768654759,3000.0,3000.0,3000.0,808.2903768654759,808.2903768654759,3000.0,3000.0,3000.0,808.2903768654759,3000.0,3000.0,3000.0,808.2903768654759,3000.0,3000.0,3000.0,808.2903768654759,3000.0,3000.0,3000.0,808.2903768654759,710.7986283200214,710.7986283200214,808.2903768654759,808.2903768654759,710.7986283200214,710.7986283200214,808.2903768654759,808.2903768654759,710.7986283200214,710.7986283200214,808.2903768654759,808.2903768654759,710.7986283200214,710.7986283200214,808.2903768654759,808.290376865476,1089.0066788022887,2046.6630801141598,3000.0,808.290376865476,1089.0066788022887,2046.6630801141598,3000.0,808.290376865476,1089.0066788022887,2046.6630801141598,3000.0,808.290376865476,1089.0066788022887,2046.6630801141598,3000.0,3000.0,2046.6630801141598,1089.0066788022887,808.290376865476,3000.0,2046.6630801141598,1089.0066788022887,808.290376865476,3000.0,2046.6630801141598,1089.0066788022887,808.290376865476,3000.0,2046.6630801141598,1089.0066788022887,808.290376865476,808.2903768654759,710.7986283200214,710.7986283200214,808.2903768654759,808.2903768654759,710.7986283200214,710.7986283200214,808.2903768654759,808.2903768654759,710.7986283200214,710.7986283200214,808.2903768654759,808.2903768654759,710.7986283200214,710.7986283200214,808.2903768654759
13067,3000.0,3000.0,3000.0,808.2903768654759,3000.0,3000.0,3000.0,808.2903768654759,3000.0,3000.0,3000.0,808.2903768654759,3000.0,3000.0,3000.0,808.2903768654759,808.2903768654759,3000.0,3000.0,3000.0,808.2903768654759,3000.0,3000.0,3000.0,808.2903768654759,3000.0,3000.0,3000.0,808.2903768654759,3000.0,3000.0,3000.0,808.2903768654759,710.7986283200214,710.7986283200214,808.2903768654759,808.2903768654759,710.7986283200214,710.7986283200214,808.2903768654759,808.2903768654759,710.7986283200214,710.7986283200214,808.2903768654759,808.2903768654759,710.7986283200214,710.7986283200214,808.2903768654759,808.290376865476,1089.0066788022887,2046.6630801141598,3000.0,808.290376865476,1089.0066788022887,2046.6630801141598,3000.0,808.290376865476,1089.0066788022887,2046.6630801141598,3000.0,808.290376865476,1089.0066788022887,2046.6630801141598,3000.0,3000.0,2046.6630801141598,1089.0066788022887,808.290376865476,3000.0,2046.6630801141598,1089.0066788022887,808.290376865476,3000.0,2046.6630801141598,1089.0066788022887,808.290376865476,3000.0,2046.6630801141598,1089.0066788022887,808.290376865476,808.2903768654759,710.7986283200214,710.7986283200214,808.2903768654759,808.2903768654759,710.7986283200214,710.7986283200214,808.2903768654759,808.2903768654759,710.7986283200214,710.7986283200214,808.2903768654759,808.2903768654759,710.7986283200214,710.7986283200214,808.2903768654759
13133,3000.0,3000.0,3000.0,3000.0,3000.0,3000.0,3000.0,3000.0,3000.0,3000.0,3000.0,3000.0,3000.0,3000.0,3000.0,3000.0,3000.0,3000.0,3000.0,3000.0,3000.0,3000.0,3000.0,3000.0,3000.0,3000.0,3000.0,3000.0,3000.0,3000.0,3000.0,3000.0,808.2903768654759,710.7986283200214,710.7986283200214,3000.0,808.2903768654759,710.7986283200214,710.7986283200214,3000.0,808.2903768654759,710.7986283200214,710.7986283200214,3000.0,808.2903768654759,710.7986283200214,710.7986283200214,3000.0,808.290376865476,1089.0066788022887,2046.6630801141598,3000.0,808.290376865476,1089.0066788022887,2046.6630801141598,3000.0,808.290376865476,1089.0066788022887,2046.6630801141598,3000.0,808.290376865476,1089.0066788022887,2046.6630801141598,3000.0,3000.0,2046.6630801141598,1089.0066788022887,808.290376865476,3000.0,2046.6630801141598,1089.0066788022887,808.290376865476,3000.0,2046.6630801141598,1089.0066788022887,808.290376865476,3000.0,2046.6630801141598,1089.0066788022887,808.290376865476,3000.0,710.7986283200214,710.7986283200214,808.2903768654759,3000.0,710.7986283200214,710.7986283200214,808.2903768654759,3000.0,710.7986283200214,710.7986283200214,808.2903768654759,3000.0,710.7986283200214,710.7986283200214,808.2903768654759
13200,3000.0,3000.0,3000.0,3000.0,3000.0,3000.0,3000.0,3000.0,3000.0,3000.0,3000.0,3000.0,3000.0,3000.0,3000.0,3000.0,3000.0,3000.0,3000.0,3000.0,3000.0,3000.0,3000.0,3000.0,3000.0,3000.0,3000.0,3000.0,3000.0,3000.0,3000.0,3000.0,808.2903768654759,710.7986283200214,710.7986283200214,3000.0,808.2903768654759,710.7986283200214,710.7986283200214,3000.0,808.2903768654759,710.7986283200214,710.7986283200214,3000.0,808.2903768654759,710.7986283200214,710.7986283200214,3000.0,808.290376865476,1089.0066788022887,2046.6630801141598,3000.0,808.290376865476,1089.0066788022887,2046.6630801141598,3000.0,808.290376865476,1089.0066788022887,2046.6630801141598,3000.0,808.290376865476,1089.0066788022887,2046.6630801141598,3000.0,3000.0,2046.6630801141598,1089.0066788022887,808.290376865476,3000.0,2046.6630801141598,1089.0066788022887,808.290376865476,3000.0,2046.6630801141598,1089.0066788022887,808.290376865476,3000.0,2046.6630801141598,1089.0066788022887,808.290376865476,3000.0,710.7986283200214,710.7986283200214,808.2903768654759,3000.0,710.7986283200214,710.7986283200214,808.2903768654759,3000.0,710.7986283200214,710.7986283200214,808.2903768654759,3000.0,710.7986283200214,710.7986283200214,808.2903768654759
13267,3000.0,3000.0,3000.0,3000.0,3000.0,3000.0,3000.0,3000.0,3000.0,3000.0,3000.0,3000.0,3000.0,3000.0,3000.0,3000.0,3000.0,3000.0,3000.0,3000.0,3000.0,3000.0,3000.0,3000.0,3000.0,3000.0,3000.0,3000.0,3000.0,3000.0,3000.0,3000.0,808.2903768654759,710.7986283200214,710.7986283200214,3000.0,808.2903768654759,710.7986283200214,710.7986283200214,3000.0,808.2903768654759,710.7986283200214,710.7986283200214,3000.0,808.2903768654759,710.7986283200214,710.7986283200214,3000.0,808.290376865476,1089.0066788022887,2046.6630801141598,3000.0,808.290376865476,1089.0066788022887,2046.6630801141598,3000.0,808.290376865476,1089.0066788022887,2046.6630801141598,3000.0,808.290376865476,1089.0066788022887,2046.6630801141598,3000.0,3000.0,2046.6630801141598,1089.0066788022887,808.290376865476,3000.0,2046.6630801141598,1089.0066788022887,808.290376865476,3000.0,2046.6630801141598,1089.0066788022887,808.290376865476,3000.0,2046.6630801141598,1089.0066788022887,808.290376865476,3000.0,710.7986283200214,710.7986283200214,808.2903768654759,3000.0,710.7986283200214,710.7986283200214,808.2903768654759,3000.0,710.7986283200214,710.7986283200214,808.2903768654759,3000.0,710.7986283200214,710.7986283200214,808.2903768654759
13333,3000.0,3000.0,3000.0,3000.0,3000.0,3000.0,3000.0,3000.0,3000.0,3000.0,3000.0,3000.0,3000.0,3000.0,3000.0,3000.0,3000.0,3000.0,3000.0,3000.0,3000.0,3000.0,3000.0,3000.0,3000.0,3000.0,3000.0,3000.0,3000.0,3000.0,3000.0,3000.0,808.2903768654759,710.7986283200214,710.7986283200214,3000.0,808.2903768654759,710.7986283200214,710.7986283200214,3000.0,808.2903768654759,710.7986283200214,710.7986283200214,3000.0,808.2903768654759,710.7986283200214,710.7986283200214,3000.0,808.290376865476,1089.0066788022887,2046.6630801141598,3000.0,808.290376865476,1089.0066788022887,2046.6630801141598,3000.0,808.290376865476,1089.0066788022887,2046.6630801141598,3000.0,808.290376865476,1089.0066788022887,2046.6630801141598,3000.0,3000.0,2046.6630801141598,1089.0066788022887,808.290376865476,3000.0,2046.6630801141598,1089.0066788022887,808.290376865476,3000.0,2046.6630801141598,1089.0066788022887,808.290376865476,3000.0,2046.6630801141598,1089.0066788022887,808.290376865476,3000.0,710.7986283200214,710.7986283200214,808.2903768654759,3000.0,710.7986283200214,710.7986283200214,808.2903768654759,3000.0,710.7986283200214,710.7986283200214,808.2903768654759,3000.0,710.7986283200214,710.7986283200214,808.2903768654759
13400,3000.0,3000.0,3000.0,3000.0,3000.0,3000.0,3000.0,3000.0,3000.0,3000.0,3000.0,3000.0,3000.0,3000.0,3000.0,3000.0,3000.0,3000.0,3000.0,3000.0,3000.0,3000.0,3000.0,3000.0,3000.0,3000.0,3000.0,3000.0,3000.0,3000.0,3000.0,3000.0,808.2903768654759,710.7986283200214,710.7986283200214,3000.0,808.2903768654759,710.7986283200214,710.7986283200214,3000.0,808.2903768654759,710.7986283200214,710.7986283200214,3000.0,808.2903768654759,710.7986283200214,710.7986283200214,3000.0,808.290376865476,1089.0066788022887,2046.6630801141598,3000.0,808.290376865476,1089.0066788022887,2046.6630801141598,3000.0,808.290376865476,1089.0066788022887,2046.6630801141598,3000.0,808.290376865476,1089.0066788022887,2046.6630801141598,3000.0,3000.0,2046.6630801141598,1089.0066788022887,808.290376865476,3000.0,2046.6630801141598,1089.0066788022887,808.290376865476,3000.0,2046.6630801141598,1089.0066788022887,808.290376865476,3000.0,2046.6630801141598,1089.0066788022887,808.290376865476,3000.0,710.7986283200214,710.7986283200214,808.2903768654759,3000.0,710.7986283200214,710.7986283200214,808.2903768654759,3000.0,710.7986283200214,710.7986283200214,808.2903768654759,3000.0,710.7986283200214,710.7986283200214,808.2903768654759
13467,3000.0,3000.0,3000.0,3000.0,3000.0,3000.0,3000.0,3000.0,3000.0,3000.0,3000.0,3000.0,3000.0,3000.0,3000.0,3000.0,3000.0,3000.0,3000.0,3000.0,3000.0,3000.0,3000.0,3000.0,3000.0,3000.0,3000.0,3000.0,3000.0,3000.0,3000.0,3000.0,808.2903768654759,710.7986283200214,710.7986283200214,3000.0,808.2903768654759,710.7986283200214,710.7986283200214,3000.0,808.2903768654759,710.7986283200214,710.7986283200214,3000.0,808.2903768654759,710.7986283200214,710.7986283200214,3000.0,808.290376865476,1089.0066788022887,2046.6630801141598,3000.0,808.290376865476,1089.0066788022887,2046.6630801141598,3000.0,808.290376865476,1089.0066788022887,2046.6630801141598,3000.0,808.290376865476,1089.0066788022887,2046.6630801141598,3000.0,3000.0,2046.6630801141598,1089.0066788022887,808.290376865476,3000.0,2046.6630801141598,1089.0066788022887,808.290376865476,3000.0,2046.6630801141598,1089.0066788022887,808.290376865476,3000.0,2046.6630801141598,1089.0066788022887,808.290376865476,3000.0,710.7986283200214,710.7986283200214,808.2903768654759,3000.0,710.7986283200214,710.7986283200214,808.2903768654759,3000.0,710.7986283200214,710.7986283200214,808.2903768654759,3000.0,710.7986283200214,710.7986283200214,808.2903768654759
13533,3000.0,3000.0,3000.0,3000.0,3000.0,3000.0,3000.0,3000.0,3000.0,3000.0,3000.0,3000.0,3000.0,3000.0,3000.0,3000.0,3000.0,3000.0,3000.0,3000.0,3000.0,3000.0,3000.0,3000.0,3000.0,3000.0,3000.0,3000.0,3000.0,3000.0,3000.0,3000.0,808.2903768654759,710.7986283200214,710.7986283200214,3000.0,808.2903768654759,710.7986283200214,710.7986283200214,3000.0,808.2903768654759,710.7986283200214,710.7986283200214,3000.0,808.2903768654759,710.7986283200214,710.7986283200214,3000.0,808.290376865476,1089.0066788022887,2046.6630801141598,3000.0,808.290376865476,1089.0066788022887,2046.6630801141598,3000.0,808.290376865476,1089.0066788022887,2046.6630801141598,3000.0,808.290376865476,1089.0066788022887,2046.6630801141598,3000.0,3000.0,2046.6630801141598,1089.0066788022887,808.290376865476,3000.0,2046.6630801141598,1089.0066788022887,808.290376865476,3000.0,2046.6630801141598,1089.0066788022887,808.290376865476,3000.0,2046.6630801141598,1089.0066788022887,808.290376865476,3000.0,710.7986283200214,710.7986283200214,808.2903768654759,3000.0,710.7986283200214,710.7986283200214,808.2903768654759,3000.0,710.7986283200214,710.7986283200214,808.2903768654759,3000.0,710.7986283200214,710.7986283200214,808.2903768654759
13600,3000.0,3000.0,3000.0,3000.0,3000.0,3000.0,3000.0,3000.0,3000.0,3000.0,3000.0,3000.0,3000.0,3000.0,3000.0,3000.0,3000.0,3000.0,3000.0,3000.0,3000.0,3000.0,3000.0,3000.0,3000.0,3000.0,3000.0,3000.0,3000.0,3000.0,3000.0,3000.0,808.2903768654759,710.7986283200214,710.7986283200214,3000.0,808.2903768654759,710.7986283200214,710.7986283200214,3000.0,808.2903768654759,710.7986283200214,710.7986283200214,3000.0,808.2903768654759,710.7986283200214,710.7986283200214,3000.0,808.290376865476,1089.0066788022887,2046.6630801141598,3000.0,808.290376865476,1089.0066788022887,2046.6630801141598,3000.0,808.290376865476,1089.0066788022887,2046.6630801141598,3000.0,808.290376865476,1089.0066788022887,2046.6630801141598,3000.0,3000.0,2046.6630801141598,1089.0066788022887,808.290376865476,3000.0,2046.6630801141598,1089.0066788022887,808.290376865476,3000.0,2046.6630801141598,1089.0066788022887,808.290376865476,3000.0,2046.6630801141598,1089.0066788022887,808.290376865476,3000.0,710.7986283200214,710.7986283200214,808.2903768654759,3000.0,710.7986283200214,710.7986283200214,808.2903768654759,3000.0,710.7986283200214,710.7986283200214,808.2903768654759,3000.0,710.7986283200214,710.7986283200214,808.2903768654759
13667,3000.0,3000.0,3000.0,3000.0,3000.0,3000.0,3000.0,3000.0,3000.0,3000.0,3000.0,3000.0,3000.0,3000.0,3000.0,3000.0,3000.0,3000.0,3000.0,3000.0,3000.0,3000.0,3000.0,3000.0,3000.0,3000.0,3000.0,3000.0,3000.0,3000.0,3000.0,3000.0,808.2903768654759,710.7986283200214,710.7986283200214,3000.0,808.2903768654759,710.7986283200214,710.7986283200214,3000.0,808.2903768654759,710.7986283200214,710.7986283200214,3000.0,808.2903768654759,710.7986283200214,710.7986283200214,3000.0,808.290376865476,1089.0066788022887,2046.6630801141598,3000.0,808.290376865476,1089.0066788022887,2046.6630801141598,3000.0,808.290376865476,1089.0066788022887,2046.6630801141598,3000.0,808.290376865476,1089.0066788022887,2046.6630801141598,3000.0,3000.0,2046.6630801141598,1089.0066788022887,808.290376865476,3000.0,2046.6630801141598,1089.0066788022887,808.290376865476,3000.0,2046.6630801141598,1089.0066788022887,808.290376865476,3000.0,2046.6630801141598,1089.0066788022887,808.290376865476,3000.0,710.7986283200214,710.7986283200214,808.2903768654759,3000.0,710.7986283200214,710.7986283200214,808.2903768654759,3000.0,710.7986283200214,710.7986283200214,808.2903768654759,3000.0,710.7986283200214,710.7986283200214,808.2903768654759
13733,3000.0,3000.0,3000.0,3000.0,3000.0,3000.0,3000.0,3000.0,3000.0,3000.0,3000.0,3000.0,3000.0,3000.0,3000.0,3000.0,3000.0,3000.0,3000.0,3000.0,3000.0,3000.0,3000.0,3000.0,3000.0,3000.0,3000.0,3000.0,3000.0,3000.0,3000.0,3000.0,808.2903768654759,710.7986283200214,710.7986283200214,3000.0,808.2903768654759,710.7986283200214,710.7986283200214,3000.0,808.2903768654759,710.7986283200214,710.7986283200214,3000.0,808.2903768654759,710.7986283200214,710.7986283200214,3000.0,808.290376865476,1089.0066788022887,2046.6630801141598,3000.0,808.290376865476,1089.0066788022887,2046.6630801141598,3000.0,808.290376865476,1089.0066788022887,2046.6630801141598,3000.0,808.290376865476,1089.0066788022887,2046.6630801141598,3000.0,3000.0,2046.6630801141598,1089.0066788022887,808.290376865476,3000.0,2046.6630801141598,1089.0066788022887,808.290376865476,3000.0,2046.6630801141598,1089.0066788022887,808.290376865476,3000.0,2046.6630801141598,1089.0066788022887,808.290376865476,3000.0,710.7986283200214,710.7986283200214,808.2903768654759,3000.0,710.7986283200214,710.7986283200214,808.2903768654759,3000.0,710.7986283200214,710.7986283200214,808.2903768654759,3000.0,710.7986283200214,710.7986283200214,808.2903768654759
13800,3000.0,3000.0,3000.0,3000.0,3000.0,3000.0,3000.0,3000.0,3000.0,3000.0,3000.0,3000.0,3000.0,3000.0,3000.0,3000.0,3000.0,3000.0,3000.0,3000.0,3000.0,3000.0,3000.0,3000.0,3000.0,3000.0,3000.0,3000.0,3000.0,3000.0,3000.0,3000.0,808.2903768654759,710.7986283200214,710.7986283200214,3000.0,808.2903768654759,710.7986283200214,710.7986283200214,3000.0,808.2903768654759,710.7986283200214,710.7986283200214,3000.0,808.2903768654759,710.7986283200214,710.7986283200214,3000.0,808.290376865476,1089.0066788022887,2046.6630801141598,3000.0,808.290376865476,1089.0066788022887,2046.6630801141598,3000.0,808.290376865476,1089.0066788022887,2046.6630801141598,3000.0,808.290376865476,1089.0066788022887,2046.6630801141598,3000.0,3000.0,2046.6630801141598,1089.0066788022887,808.290376865476,3000.0,2046.6630801141598,1089.0066788022887,808.290376865476,3000.0,2046.6630801141598,1089.0066788022887,808.290376865476,3000.0,2046.6630801141598,1089.0066788022887,808.290376865476,3000.0,710.7986283200214,710.7986283200214,808.2903768654759,3000.0,710.7986283200214,710.7986283200214,808.2903768654759,3000.0,710.7986283200214,710.7986283200214,808.2903768654759,3000.0,710.7986283200214,710.7986283200214,808.2903768654759
13867,3000.0,3000.0,3000.0,3000.0,3000.0,3000.0,3000.0,3000.0,3000.0,3000.0,3000.0,3000.0,3000.0,3000.0,3000.0,3000.0,3000.0,3000.0,3000.0,3000.0,3000.0,3000.0,3000.0,3000.0,3000.0,3000.0,3000.0,3000.0,3000.0,3000.0,3000.0,3000.0,808.2903768654759,710.7986283200214,710.7986283200214,3000.0,808.2903768654759,710.7986283200214,710.7986283200214,3000.0,808.2903768654759,710.7986283200214,710.7986283200214,3000.0,808.2903768654759,710.7986283200214,710.7986283200214,3000.0,808.290376865476,1089.0066788022887,2046.6630801141598,3000.0,808.290376865476,1089.0066788022887,2046.6630801141598,3000.0,808.290376865476,1089.0066788022887,2046.6630801141598,3000.0,808.290376865476,1089.0066788022887,2046.6630801141598,3000.0,3000.0,2046.6630801141598,1089.0066788022887,808.290376865476,3000.0,2046.6630801141598,1089.0066788022887,808.290376865476,3000.0,2046.6630801141598,1089.0066788022887,808.290376865476,3000.0,2046.6630801141598,1089.0066788022887,808.290376865476,3000.0,710.7986283200214,710.7986283200214,808.2903768654759,3000.0,710.7986283200214,710.7986283200214,808.2903768654759,3000.0,710.7986283200214,710.7986283200214,808.2903768654759,3000.0,710.7986283200214,710.7986283200214,808.2903768654759
13933,3000.0,3000.0,3000.0,3000.0,3000.0,3000.0,3000.0,3000.0,3000.0,3000.0,3000.0,3000.0,3000.0,3000.0,3000.0,3000.0,3000.0,3000.0,3000.0,3000.0,3000.0,3000.0,3000.0,3000.0,3000.0,3000.0,3000.0,3000.0,3000.0,3000.0,3000.0,3000.0,808.2903768654759,710.7986283200214,3000.0,3000.0,808.2903768654759,710.7986283200214,3000.0,3000.0,808.2903768654759,710.7986283200214,3000.0,3000.0,808.2903768654759,710.7986283200214,3000.0,3000.0,808.290376865476,1089.0066788022887,2046.6630801141598,3000.0,808.290376865476,1089.0066788022887,2046.6630801141598,3000.0,808.290376865476,1089.0066788022887,2046.6630801141598,3000.0,808.290376865476,1089.0066788022887,2046.6630801141598,3000.0,3000.0,2046.6630801141598,1089.0066788022887,808.290376865476,3000.0,2046.6630801141598,1089.0066788022887,808.290376865476,3000.0,2046.6630801141598,1089.0066788022887,808.290376865476,3000.0,2046.6630801141598,1089.0066788022887,808.290376865476,3000.0,3000.0,710.7986283200214,808.2903768654759,3000.0,3000.0,710.7986283200214,808.2903768654759,3000.0,3000.0,710.7986283200214,808.2903768654759,3000.0,3000.0,710.7986283200214,808.2903768654759
14000,3000.0,3000.0,3000.0,3000.0,3000.0,3000.0,3000.0,3000.0,3000.0,3000.0,3000.0,3000.0,3000.0,3000.0,3000.0,3000.0,3000.0,3000.0,3000.0,3000.0,3000.0,3000.0,3000.0,3000.0,3000.0,3000.0,3000.0,3000.0,3000.0,3000.0,3000.0,3000.0,808.2903768654759,710.7986283200214,3000.0,3000.0,808.2903768654759,710.7986283200214,3000.0,3000.0,808.2903768654759,710.7986283200214,3000.0,3000.0,808.2903768654759,710.7986283200214,3000.0,3000.0,808.290376865476,1089.0066788022887,2046.6630801141598,3000.0,808.290376865476,1089.0066788022887,2046.6630801141598,3000.0,808.290376865476,1089.0066788022887,2046.6630801141598,3000.0,808.290376865476,1089.0066788022887,2046.6630801141598,3000.0,3000.0,2046.6630801141598,1089.0066788022887,808.290376865476,3000.0,2046.6630801141598,1089.0066788022887,808.290376865476,3000.0,2046.6630801141598,1089.0066788022887,808.290376865476,3000.0,2046.6630801141598,1089.0066788022887,808.290376865476,3000.0,3000.0,710.7986283200214,808.2903768654759,3000.0,3000.0,710.7986283200214,808.2903768654759,3000.0,3000.0,710.7986283200214,808.2903768654759,3000.0,3000.0,710.7986283200214,808.2903768654759
14067,3000.0,3000.0,3000.0,3000.0,3000.0,3000.0,3000.0,3000.0,3000.0,3000.0,3000.0,3000.0,3000.0,3000.0,3000.0,3000.0,3000.0,3000.0,3000.0,3000.0,3000.0,3000.0,3000.0,3000.0,3000.0,3000.0,3000.0,3000.0,3000.0,3000.0,3000.0,3000.0,808.2903768654759,710.7986283200214,3000.0,3000.0,808.2903768654759,710.7986283200214,3000.0,3000.0,808.2903768654759,710.7986283200214,3000.0,3000.0,808.2903768654759,710.7986283200214,3000.0,3000.0,808.290376865476,1089.0066788022887,2046.6630801141598,3000.0,808.290376865476,1089.0066788022887,2046.6630801141598,3000.0,808.290376865476,1089.0066788022887,2046.6630801141598,3000.0,808.290376865476,1089.0066788022887,2046.6630801141598,3000.0,3000.0,2046.6630801141598,1089.0066788022887,808.290376865476,3000.0,2046.6630801141598,1089.0066788022887,808.290376865476,3000.0,2046.6630801141598,1089.0066788022887,808.290376865476,3000.0,2046.6630801141598,1089.0066788022887,808.290376865476,3000.0,3000.0,710.7986283200214,808.2903768654759,3000.0,3000.0,710.7986283200214,808.2903768654759,3000.0,3000.0,710.7986283200214,808.2903768654759,3000.0,3000.0,710.7986283200214,808.2903768654759
14133,3000.0,3000.0,3000.0,3000.0,3000.0,3000.0,3000.0,3000.0,3000.0,3000.0,3000.0,3000.0,3000.0,3000.0,3000.0,3000.0,3000.0,3000.0,3000.0,3000.0,3000.0,3000.0,3000.0,3000.0,3000.0,3000.0,3000.0,3000.0,3000.0,3000.0,3000.0,3000.0,808.2903768654759,710.7986283200214,3000.0,3000.0,808.2903768654759,710.7986283200214,3000.0,3000.0,808.2903768654759,710.7986283200214,3000.0,3000.0,808.2903768654759,710.7986283200214,3000.0,3000.0,808.290376865476,1089.0066788022887,2046.6630801141598,3000.0,808.290376865476,1089.0066788022887,2046.6630801141598,3000.0,808.290376865476,1089.0066788022887,2046.6630801141598,3000.0,808.290376865476,1089.0066788022887,2046.6630801141598,3000.0,3000.0,2046.6630801141598,1089.0066788022887,808.290376865476,3000.0,2046.6630801141598,1089.0066788022887,808.290376865476,3000.0,2046.6630801141598,1089.0066788022887,808.290376865476,3000.0,2046.6630801141598,1089.0066788022887,808.290376865476,3000.0,3000.0,710.7986283200214,808.2903768654759,3000.0,3000.0,710.7986283200214,808.2903768654759,3000.0,3000.0,710.7986283200214,808.2903768654759,3000.0,3000.0,710.7986283200214,808.2903768654759
14200,3000.0,3000.0,3000.0,3000.0,3000.0,3000.0,3000.0,3000.0,3000.0,3000.0,3000.0,3000.0,3000.0,3000.0,3000.0,3000.0,3000.0,3000.0,3000.0,3000.0,3000.0,3000.0,3000.0,3000.0,3000.0,3000.0,3000.0,3000.0,3000.0,3000.0,3000.0,3000.0,808.2903768654759,710.7986283200214,3000.0,3000.0,808.2903768654759,710.7986283200214,3000.0,3000.0,808.2903768654759,710.7986283200214,3000.0,3000.0,808.2903768654759,710.7986283200214,3000.0,3000.0,808.290376865476,1089.0066788022887,2046.6630801141598,3000.0,808.290376865476,1089.0066788022887,2046.6630801141598,3000.0,808.290376865476,1089.0066788022887,2046.6630801141598,3000.0,808.290376865476,1089.0066788022887,2046.6630801141598,3000.0,3000.0,2046.6630801141598,1089.0066788022887,808.290376865476,3000.0,2046.6630801141598,1089.0066788022887,808.290376865476,3000.0,2046.6630801141598,1089.0066788022887,808.290376865476,3000.0,2046.6630801141598,1089.0066788022887,808.290376865476,3000.0,3000.0,710.7986283200214,808.2903768654759,3000.0,3000.0,710.7986283200214,808.2903768654759,3000.0,3000.0,710.7986283200214,808.2903768654759,3000.0,3000.0,710.7986283200214,808.2903768654759
14267,3000.0,3000.0,3000.0,3000.0,3000.0,3000.0,3000.0,3000.0,3000.0,3000.0,3000.0,3000.0,3000.0,3000.0,3000.0,3000.0,3000.0,3000.0,3000.0,3000.0,3000.0,3000.0,3000.0,3000.0,3000.0,3000.0,3000.0,3000.0,3000.0,3000.0,3000.0,3000.0,808.2903768654759,710.7986283200214,3000.0,3000.0,808.2903768654759,710.7986283200214,3000.0,3000.0,808.2903768654759,710.7986283200214,3000.0,3000.0,808.2903768654759,710.7986283200214,3000.0,3000.0,808.290376865476,1089.0066788022887,2046.6630801141598,3000.0,808.290376865476,1089.0066788022887,2046.6630801141598,3000.0,808.290376865476,1089.0066788022887,2046.6630801141598,3000.0,808.290376865476,1089.0066788022887,2046.6630801141598,3000.0,3000.0,2046.6630801141598,1089.0066788022887,808.290376865476,3000.0,2046.6630801141598,1089.0066788022887,808.290376865476,3000.0,2046.6630801141598,1089.0066788022887,808.290376865476,3000.0,2046.6630801141598,1089.0066788022887,808.290376865476,3000.0,3000.0,710.7986283200214,808.2903768654759,3000.0,3000.0,710.7986283200214,808.2903768654759,3000.0,3000.0,710.7986283200214,808.2903768654759,3000.0,3000.0,710.7986283200214,808.2903768654759
14333,3000.0,3000.0,3000.0,3000.0,3000.0,3000.0,3000.0,3000.0,3000.0,3000.0,3000.0,3000.0,3000.0,3000.0,3000.0,3000.0,3000.0,3000.0,3000.0,3000.0,3000.0,3000.0,3000.0,3000.0,3000.0,3000.0,3000.0,3000.0,3000.0,3000.0,3000.0,3000.0,808.2903768654759,710.7986283200214,3000.0,3000.0,808.2903768654759,710.7986283200214,3000.0,3000.0,808.2903768654759,710.7986283200214,3000.0,3000.0,808.2903768654759,710.7986283200214,3000.0,3000.0,808.290376865476,1089.0066788022887,2046.6630801141598,3000.0,808.290376865476,1089.0066788022887,2046.6630801141598,3000.0,808.290376865476,1089.0066788022887,2046.6630801141598,3000.0,808.290376865476,1089.0066788022887,2046.6630801141598,3000.0,3000.0,2046.6630801141598,1089.0066788022887,808.290376865476,3000.0,2046.6630801141598,1089.0066788022887,808.290376865476,3000.0,2046.6630801141598,1089.0066788022887,808.290376865476,3000.0,2046.6630801141598,1089.0066788022887,808.290376865476,3000.0,3000.0,710.7986283200214,808.2903768654759,3000.0,3000.0,710.7986283200214,808.2903768654759,3000.0,3000.0,710.7986283200214,808.2903768654759,3000.0,3000.0,710.7986283200214,808.2903768654759
14400,3000.0,3000.0,3000.0,3000.0,3000.0,3000.0,3000.0,3000.0,3000.0,3000.0,3000.0,3000.0,3000.0,3000.0,3000.0,3000.0,3000.0,3000.0,3000.0,3000.0,3000.0,3000.0,3000.0,3000.0,3000.0,3000.0,3000.0,3000.0,3000.0,3000.0,3000.0,3000.0,808.2903768654759,710.7986283200214,3000.0,3000.0,808.2903768654759,710.7986283200214,3000.0,3000.0,808.2903768654759,710.7986283200214,3000.0,3000.0,808.2903768654759,710.7986283200214,3000.0,3000.0,808.290376865476,1089.0066788022887,2046.6630801141598,3000.0,808.290376865476,1089.0066788022887,2046.6630801141598,3000.0,808.290376865476,1089.0066788022887,2046.6630801141598,3000.0,808.290376865476,1089.0066788022887,2046.6630801141598,3000.0,3000.0,2046.6630801141598,1089.0066788022887,808.290376865476,3000.0,2046.6630801141598,1089.0066788022887,808.290376865476,3000.0,2046.6630801141598,1089.0066788022887,808.290376865476,3000.0,2046.6630801141598,1089.0066788022887,808.290376865476,3000.0,3000.0,710.7986283200214,808.2903768654759,3000.0,3000.0,710.7986283200214,808.2903768654759,3000.0,3000.0,710.7986283200214,808.2903768654759,3000.0,3000.0,710.7986283200214,808.2903768654759
14467,3000.0,3000.0,3000.0,3000.0,3000.0,3000.0,3000.0,3000.0,3000.0,3000.0,3000.0,3000.0,3000.0,3000.0,3000.0,3000.0,3000.0,3000.0,3000.0,3000.0,3000.0,3000.0,3000.0,3000.0,3000.0,3000.0,3000.0,3000.0,3000.0,3000.0,3000.0,3000.0,808.2903768654759,710.7986283200214,3000.0,3000.0,808.2903768654759,710.7986283200214,3000.0,3000.0,808.2903768654759,710.7986283200214,3000.0,3000.0,808.2903768654759,710.7986283200214,3000.0,3000.0,808.290376865476,1089.0066788022887,2046.6630801141598,3000.0,808.290376865476,1089.0066788022887,2046.6630801141598,3000.0,808.290376865476,1089.0066788022887,2046.6630801141598,3000.0,808.290376865476,1089.0066788022887,2046.6630801141598,3000.0,3000.0,2046.6630801141598,1089.0066788022887,808.290376865476,3000.0,2046.6630801141598,1089.0066788022887,808.290376865476,3000.0,2046.6630801141598,1089.0066788022887,808.290376865476,3000.0,2046.6630801141598,1089.0066788022887,808.290376865476,3000.0,3000.0,710.7986283200214,808.2903768654759,3000.0,3000.0,710.7986283200214,808.2903768654759,3000.0,3000.0,710.7986283200214,808.2903768654759,3000.0,3000.0,710.7986283200214,808.2903768654759
14533,3000.0,3000.0,3000.0,3000.0,3000.0,3000.0,3000.0,3000.0,3000.0,3000.0,3000.0,3000.0,3000.0,3000.0,3000.0,3000.0,3000.0,3000.0,3000.0,3000.0,3000.0,3000.0,3000.0,3000.0,3000.0,3000.0,3000.0,3000.0,3000.0,3000.0,3000.0,3000.0,808.2903768654759,710.7986283200214,3000.0,3000.0,808.2903768654759,710.7986283200214,3000.0,3000.0,808.2903768654759,710.7986283200214,3000.0,3000.0,808.2903768654759,710.7986283200214,3000.0,3000.0,808.290376865476,1089.0066788022887,2046.6630801141598,3000.0,808.290376865476,1089.0066788022887,2046.6630801141598,3000.0,808.290376865476,1089.0066788022887,2046.6630801141598,3000.0,808.290376865476,1089.0066788022887,2046.6630801141598,3000.0,3000.0,2046.6630801141598,1089.0066788022887,808.290376865476,3000.0,2046.6630801141598,1089.0066788022887,808.290376865476,3000.0,2046.6630801141598,1089.0066788022887,808.290376865476,3000.0,2046.6630801141598,1089.0066788022887,808.290376865476,3000.0,3000.0,710.7986283200214,808.2903768654759,3000.0,3000.0,710.7986283200214,808.2903768654759,3000.0,3000.0,710.7986283200214,808.2903768654759,3000.0,3000.0,710.7986283200214,808.2903768654759
14600,3000.0,3000.0,3000.0,3000.0,3000.0,3000.0,3000.0,3000.0,3000.0,3000.0,3000.0,3000.0,3000.0,3000.0,3000.0,3000.0,3000.0,3000.0,3000.0,3000.0,3000.0,3000.0,3000.0,3000.0,3000.0,3000.0,3000.0,3000.0,3000.0,3000.0,3000.0,3000.0,808.2903768654759,710.7986283200214,3000.0,3000.0,808.2903768654759,710.7986283200214,3000.0,3000.0,808.2903768654759,710.7986283200214,3000.0,3000.0,808.2903768654759,710.7986283200214,3000.0,3000.0,808.290376865476,1089.0066788022887,2046.6630801141598,3000.0,808.290376865476,1089.0066788022887,2046.6630801141598,3000.0,808.290376865476,1089.0066788022887,2046.6630801141598,3000.0,808.290376865476,1089.0066788022887,2046.6630801141598,3000.0,3000.0,2046.6630801141598,1089.0066788022887,808.290376865476,3000.0,2046.6630801141598,1089.0066788022887,808.290376865476,3000.0,2046.6630801141598,1089.0066788022887,808.290376865476,3000.0,2046.6630801141598,1089.0066788022887,808.290376865476,3000.0,3000.0,710.7986283200214,808.2903768654759,3000.0,3000.0,710.7986283200214,808.2903768654759,3000.0,3000.0,710.7986283200214,808.2903768654759,3000.0,3000.0,710.7986283200214,808.2903768654759
14667,3000.0,3000.0,3000.0,3000.0,3000.0,3000.0,3000.0,3000.0,3000.0,3000.0,3000.0,3000.0,3000.0,3000.0,3000.0,3000.0,3000.0,3000.0,3000.0,3000.0,3000.0,3000.0,3000.0,3000.0,3000.0,3000.0,3000.0,3000.0,3000.0,3000.0,3000.0,3000.0,808.2903768654759,767.8360644191487,3000.0,3000.0,808.2903768654759,767.8360644191487,3000.0,3000.0,808.2903768654759,767.8360644191487,3000.0,3000.0,808.2903768654759,767.8360644191487,3000.0,3000.0,808.290376865476,1089.0066788022887,2046.6630801141598,3000.0,808.290376865476,1089.0066788022887,2046.6630801141598,3000.0,808.290376865476,1089.0066788022887,2046.6630801141598,3000.0,808.290376865476,1089.0066788022887,2046.6630801141598,3000.0,3000.0,2046.6630801141598,1089.0066788022887,808.290376865476,3000.0,2046.6630801141598,1089.0066788022887,808.290376865476,3000.0,2046.6630801141598,1089.0066788022887,808.290376865476,3000.0,2046.6630801141598,1089.0066788022887,808.290376865476,3000.0,3000.0,767.8360644191487,808.2903768654759,3000.0,3000.0,767.8360644191487,808.2903768654759,3000.0,3000.0,767.8360644191487,808.2903768654759,3000.0,3000.0,767.8360644191487,808.2903768654759
14733,3000.0,3000.0,3000.0,3000.0,3000.0,3000.0,3000.0,3000.0,3000.0,3000.0,3000.0,3000.0,3000.0,3000.0,3000.0,3000.0,3000.0,3000.0,3000.0,3000.0,3000.0,3000.0,3000.0,3000.0,3000.0,3000.0,3000.0,3000.0,3000.0,3000.0,3000.0,3000.0,808.2903768654759,902.2073756925007,3000.0,3000.0,808.2903768654759,902.2073756925007,3000.0,3000.0,808.2903768654759,902.2073756925007,3000.0,3000.0,808.2903768654759,902.2073756925007,3000.0,3000.0,808.290376865476,1089.0066788022887,2046.6630801141598,3000.0,808.290376865476,1089.0066788022887,2046.6630801141598,3000.0,808.290376865476,1089.0066788022887,2046.6630801141598,3000.0,808.290376865476,1089.0066788022887,2046.6630801141598,3000.0,3000.0,2046.6630801141598,1089.0066788022887,808.290376865476,3000.0,2046.6630801141598,1089.0066788022887,808.290376865476,3000.0,2046.6630801141598,1089.0066788022887,808.290376865476,3000.0,2046.6630801141598,1089.0066788022887,808.290376865476,3000.0,3000.0,902.2073756925007,808.2903768654759,3000.0,3000.0,902.2073756925007,808.2903768654759,3000.0,3000.0,902.2073756925007,808.2903768654759,3000.0,3000.0,902.2073756925007,808.2903768654759
14800,3000.0,3000.0,3000.0,3000.0,3000.0,3000.0,3000.0,3000.0,3000.0,3000.0,3000.0,3000.0,3000.0,3000.0,3000.0,3000.0,3000.0,3000.0,3000.0,3000.0,3000.0,3000.0,3000.0,3000.0,3000.0,3000.0,3000.0,3000.0,3000.0,3000.0,3000.0,3000.0,808.2903768654759,1036.5786869658527,3000.0,3000.0,808.2903768654759,1036.5786869658527,3000.0,3000.0,808.2903768654759,1036.5786869658527,3000.0,3000.0,808.2903768654759,1036.5786869658527,3000.0,3000.0,808.290376865476,1089.0066788022887,2046.6630801141598,3000.0,808.290376865476,1089.0066788022887,2046.6630801141598,3000.0,808.290376865476,1089.0066788022887,2046.6630801141598,3000.0,808.290376865476,1089.0066788022887,2046.6630801141598,3000.0,3000.0,2046.6630801141598,1089.0066788022887,808.290376865476,3000.0,2046.6630801141598,1089.0066788022887,808.290376865476,3000.0,2046.6630801141598,1089.0066788022887,808.290376865476,3000.0,2046.6630801141598,1089.0066788022887,808.290376865476,3000.0,3000.0,1036.5786869658527,808.2903768654759,3000.0,3000.0,1036.5786869658527,808.2903768654759,3000.0,3000.0,1036.5786869658527,808.2903768654759,3000.0,3000.0,1036.5786869658527,808.2903768654759
14867,3000.0,3000.0,3000.0,3000.0,3000.0,3000.0,3000.0,3000.0,3000.0,3000.0,3000.0,3000.0,3000.0,3000.0,3000.0,3000.0,3000.0,3000.0,3000.0,3000.0,3000.0,3000.0,3000.0,3000.0,3000.0,3000.0,3000.0,3000.0,3000.0,3000.0,3000.0,3000.0,808.2903768654759,1170.9499982392047,3000.0,3000.0,808.2903768654759,1170.9499982392047,3000.0,3000.0,808.2903768654759,1170.9499982392047,3000.0,3000.0,808.2903768654759,1170.9499982392047,3000.0,3000.0,808.290376865476,1089.0066788022887,2046.6630801141598,3000.0,808.290376865476,1089.0066788022887,2046.6630801141598,3000.0,808.290376865476,1089.0066788022887,2046.6630801141598,3000.0,808.290376865476,1089.0066788022887,2046.6630801141598,3000.0,3000.0,2046.6630801141598,1089.0066788022887,808.290376865476,3000.0,2046.6630801141598,1089.0066788022887,808.290376865476,3000.0,2046.6630801141598,1089.0066788022887,808.290376865476,3000.0,2046.6630801141598,1089.0066788022887,808.290376865476,3000.0,3000.0,1170.9499982392047,808.2903768654759,3000.0,3000.0,1170.9499982392047,808.2903768654759,3000.0,3000.0,1170.9499982392047,808.2903768654759,3000.0,3000.0,1170.9499982392047,808.2903768654759
14933,3000.0,3000.0,3000.0,3000.0,3000.0,3000.0,3000.0,3000.0,3000.0,3000.0,3000.0,3000.0,3000.0,3000.0,3000.0,3000.0,3000.0,3000.0,3000.0,3000.0,3000.0,3000.0,3000.0,3000.0,3000.0,3000.0,3000.0,3000.0,3000.0,3000.0,3000.0,3000.0,808.2903768654759,1305.3213095125568,3000.0,3000.0,808.2903768654759,1305.3213095125568,3000.0,3000.0,808.2903768654759,1305.3213095125568,3000.0,3000.0,808.2903768654759,1305.3213095125568,3000.0,3000.0,808.290376865476,1089.0066788022887,2046.6630801141598,3000.0,808.290376865476,1089.0066788022887,2046.6630801141598,3000.0,808.290376865476,1089.0066788022887,2046.6630801141598,3000.0,808.290376865476,1089.0066788022887,2046.6630801141598,3000.0,3000.0,2046.6630801141598,1089.0066788022887,808.290376865476,3000.0,2046.6630801141598,1089.0066788022887,808.290376865476,3000.0,2046.6630801141598,1089.0066788022887,808.290376865476,3000.0,2046.6630801141598,1089.0066788022887,808.290376865476,3000.0,3000.0,1305.3213095125568,808.2903768654759,3000.0,3000.0,1305.3213095125568,808.2903768654759,3000.0,3000.0,1305.3213095125568,808.2903768654759,3000.0,3000.0,1305.3213095125568,808.2903768654759
