time_ms,s1_c01,s1_c02,s1_c03,s1_c04,s1_c05,s1_c06,s1_c07,s1_c08,s1_c09,s1_c10,s1_c11,s1_c12,s1_c13,s1_c14,s1_c15,s1_c16,s2_c01,s2_c02,s2_c03,s2_c04,s2_c05,s2_c06,s2_c07,s2_c08,s2_c09,s2_c10,s2_c11,s2_c12,s2_c13,s2_c14,s2_c15,s2_c16,s3_c01,s3_c02,s3_c03,s3_c04,s3_c05,s3_c06,s3_c07,s3_c08,s3_c09,s3_c10,s3_c11,s3_c12,s3_c13,s3_c14,s3_c15,s3_c16,s4_c01,s4_c02,s4_c03,s4_c04,s4_c05,s4_c06,s4_c07,s4_c08,s4_c09,s4_c10,s4_c11,s4_c12,s4_c13,s4_c14,s4_c15,s4_c16,s5_c01,s5_c02,s5_c03,s5_c04,s5_c05,s5_c06,s5_c07,s5_c08,s5_c09,s5_c10,s5_c11,s5_c12,s5_c13,s5_c14,s5_c15,s5_c16,s6_c01,s6_c02,s6_c03,s6_c04,s6_c05,s6_c06,s6_c07,s6_c08,s6_c09,s6_c10,s6_c11,s6_c12,s6_c13,s6_c14,s6_c15,s6_c16
0,3000.0,2339.0435201304704,1244.5790614883301,923.7604307034013,3000.0,2339.0435201304704,1244.5790614883301,923.7604307034013,3000.0,2339.0435201304704,1244.5790614883301,923.7604307034013,3000.0,2339.0435201304704,1244.5790614883301,923.7604307034013,923.7604307034013,1244.5790614883301,2339.0435201304704,3000.0,923.7604307034013,1244.5790614883301,2339.0435201304704,3000.0,923.7604307034013,1244.5790614883301,2339.0435201304704,3000.0,923.7604307034013,1244.5790614883301,2339.0435201304704,3000.0,3000.0,3000.0,812.3412895085961,923.7604307034012,3000.0,3000.0,812.3412895085961,923.7604307034012,3000.0,3000.0,812.3412895085961,923.7604307034012,3000.0,3000.0,812.3412895085961,923.7604307034012,3000.0,3000.0,3000.0,3000.0,3000.0,3000.0,3000.0,3000.0,3000.0,3000.0,3000.0,3000.0,3000.0,3000.0,3000.0,3000.0,3000.0,3000.0,3000.0,3000.0,3000.0,3000.0,3000.0,3000.0,3000.0,3000.0,3000.0,3000.0,3000.0,3000.0,3000.0,3000.0,923.7604307034012,812.3412895085961,3000.0,3000.0,923.7604307034012,812.3412895085961,3000.0,3000.0,923.7604307034012,812.3412895085961,3000.0,3000.0,923.7604307034012,812.3412895085961,3000.0,3000.0
67,3000.0,2339.0435201304704,1244.5790614883301,923.7604307034013,3000.0,2339.0435201304704,1244.5790614883301,923.7604307034013,3000.0,2339.0435201304704,1244.5790614883301,923.7604307034013,3000.0,2339.0435201304704,1244.5790614883301,923.7604307034013,923.7604307034013,1244.5790614883301,2339.0435201304704,3000.0,923.7604307034013,1244.5790614883301,2339.0435201304704,3000.0,923.7604307034013,1244.5790614883301,2339.0435201304704,3000.0,923.7604307034013,1244.5790614883301,2339.0435201304704,3000.0,3000.0,3000.0,812.3412895085961,923.7604307034012,3000.0,3000.0,812.3412895085961,923.7604307034012,3000.0,3000.0,812.3412895085961,923.7604307034012,3000.0,3000.0,812.3412895085961,923.7604307034012,3000.0,3000.0,3000.0,3000.0,3000.0,3000.0,3000.0,3000.0,3000.0,3000.0,3000.0,3000.0,3000.0,3000.0,3000.0,3000.0,3000.0,3000.0,3000.0,3000.0,3000.0,3000.0,3000.0,3000.0,3000.0,3000.0,3000.0,3000.0,3000.0,3000.0,3000.0,3000.0,923.7604307034012,812.3412895085961,3000.0,3000.0,923.7604307034012,812.3412895085961,3000.0,3000.0,923.7604307034012,812.3412895085961,3000.0,3000.0,923.7604307034012,812.3412895085961,3000.0,3000.0
133,3000.0,2339.0435201304704,1244.5790614883301,923.7604307034013,3000.0,2339.0435201304704,1244.5790614883301,923.7604307034013,3000.0,2339.0435201304704,1244.5790614883301,923.7604307034013,3000.0,2339.0435201304704,1244.5790614883301,923.7604307034013,923.7604307034013,1244.5790614883301,2339.0435201304704,3000.0,923.7604307034013,1244.5790614883301,2339.0435201304704,3000.0,923.7604307034013,1244.5790614883301,2339.0435201304704,3000.0,923.7604307034013,1244.5790614883301,2339.0435201304704,3000.0,3000.0,3000.0,812.3412895085961,923.7604307034012,3000.0,3000.0,812.3412895085961,923.7604307034012,3000.0,3000.0,812.3412895085961,923.7604307034012,3000.0,3000.0,812.3412895085961,923.7604307034012,3000.0,3000.0,3000.0,3000.0,3000.0,3000.0,3000.0,3000.0,3000.0,3000.0,3000.0,3000.0,3000.0,3000.0,3000.0,3000.0,3000.0,3000.0,3000.0,3000.0,3000.0,3000.0,3000.0,3000.0,3000.0,3000.0,3000.0,3000.0,3000.0,3000.0,3000.0,3000.0,923.7604307034012,812.3412895085961,3000.0,3000.0,923.7604307034012,812.3412895085961,3000.0,3000.0,923.7604307034012,812.3412895085961,3000.0,3000.0,923.7604307034012,812.3412895085961,3000.0,3000.0
200,3000.0,2339.0435201304704,1244.5790614883301,923.7604307034013,3000.0,2339.0435201304704,1244.5790614883301,923.7604307034013,3000.0,2339.0435201304704,1244.5790614883301,923.7604307034013,3000.0,2339.0435201304704,1244.5790614883301,923.7604307034013,923.7604307034013,1244.5790614883301,2339.0435201304704,3000.0,923.7604307034013,1244.5790614883301,2339.0435201304704,3000.0,923.7604307034013,1244.5790614883301,2339.0435201304704,3000.0,923.7604307034013,1244.5790614883301,2339.0435201304704,3000.0,3000.0,3000.0,812.3412895085961,923.7604307034012,3000.0,3000.0,812.3412895085961,923.7604307034012,3000.0,3000.0,812.3412895085961,923.7604307034012,3000.0,3000.0,812.3412895085961,923.7604307034012,3000.0,3000.0,3000.0,3000.0,3000.0,3000.0,3000.0,3000.0,3000.0,3000.0,3000.0,3000.0,3000.0,3000.0,3000.0,3000.0,3000.0,3000.0,3000.0,3000.0,3000.0,3000.0,3000.0,3000.0,3000.0,3000.0,3000.0,3000.0,3000.0,3000.0,3000.0,3000.0,923.7604307034012,812.3412895085961,3000.0,3000.0,923.7604307034012,812.3412895085961,3000.0,3000.0,923.7604307034012,812.3412895085961,3000.0,3000.0,923.7604307034012,812.3412895085961,3000.0,3000.0
267,3000.0,2339.0435201304704,1244.5790614883301,923.7604307034013,3000.0,2339.0435201304704,1244.5790614883301,923.7604307034013,3000.0,2339.0435201304704,1244.5790614883301,923.7604307034013,3000.0,2339.0435201304704,1244.5790614883301,923.7604307034013,923.7604307034013,1244.5790614883301,2339.0435201304704,3000.0,923.7604307034013,1244.5790614883301,2339.0435201304704,3000.0,923.7604307034013,1244.5790614883301,2339.0435201304704,3000.0,923.7604307034013,1244.5790614883301,2339.0435201304704,3000.0,3000.0,3000.0,812.3412895085961,923.7604307034012,3000.0,3000.0,812.3412895085961,923.7604307034012,3000.0,3000.0,812.3412895085961,923.7604307034012,3000.0,3000.0,812.3412895085961,923.7604307034012,3000.0,3000.0,3000.0,3000.0,3000.0,3000.0,3000.0,3000.0,3000.0,3000.0,3000.0,3000.0,3000.0,3000.0,3000.0,3000.0,3000.0,3000.0,3000.0,3000.0,3000.0,3000.0,3000.0,3000.0,3000.0,3000.0,3000.0,3000.0,3000.0,3000.0,3000.0,3000.0,923.7604307034012,812.3412895085961,3000.0,3000.0,923.7604307034012,812.3412895085961,3000.0,3000.0,923.7604307034012,812.3412895085961,3000.0,3000.0,923.7604307034012,812.3412895085961,3000.0,3000.0
333,3000.0,2339.0435201304704,1244.5790614883301,923.7604307034013,3000.0,2339.0435201304704,1244.5790614883301,923.7604307034013,3000.0,2339.0435201304704,1244.5790614883301,923.7604307034013,3000.0,2339.0435201304704,1244.5790614883301,923.7604307034013,923.7604307034013,1244.5790614883301,2339.0435201304704,3000.0,923.7604307034013,1244.5790614883301,2339.0435201304704,3000.0,923.7604307034013,1244.5790614883301,2339.0435201304704,3000.0,923.7604307034013,1244.5790614883301,2339.0435201304704,3000.0,3000.0,3000.0,812.3412895085961,923.7604307034012,3000.0,3000.0,812.3412895085961,923.7604307034012,3000.0,3000.0,812.3412895085961,923.7604307034012,3000.0,3000.0,812.3412895085961,923.7604307034012,3000.0,3000.0,3000.0,3000.0,3000.0,3000.0,3000.0,3000.0,3000.0,3000.0,3000.0,3000.0,3000.0,3000.0,3000.0,3000.0,3000.0,3000.0,3000.0,3000.0,3000.0,3000.0,3000.0,3000.0,3000.0,3000.0,3000.0,3000.0,3000.0,3000.0,3000.0,3000.0,923.7604307034012,812.3412895085961,3000.0,3000.0,923.7604307034012,812.3412895085961,3000.0,3000.0,923.7604307034012,812.3412895085961,3000.0,3000.0,923.7604307034012,812.3412895085961,3000.0,3000.0
400,3000.0,2339.0435201304704,1244.5790614883301,923.7604307034013,3000.0,2339.0435201304704,1244.5790614883301,923.7604307034013,3000.0,2339.0435201304704,1244.5790614883301,923.7604307034013,3000.0,2339.0435201304704,1244.5790614883301,923.7604307034013,923.7604307034013,1244.5790614883301,2339.0435201304704,3000.0,923.7604307034013,1244.5790614883301,2339.0435201304704,3000.0,923.7604307034013,1244.5790614883301,2339.0435201304704,3000.0,923.7604307034013,1244.5790614883301,2339.0435201304704,3000.0,3000.0,3000.0,812.3412895085961,923.7604307034012,3000.0,3000.0,812.3412895085961,923.7604307034012,3000.0,3000.0,812.3412895085961,923.7604307034012,3000.0,3000.0,812.3412895085961,923.7604307034012,3000.0,3000.0,3000.0,3000.0,3000.0,3000.0,3000.0,3000.0,3000.0,3000.0,3000.0,3000.0,3000.0,3000.0,3000.0,3000.0,3000.0,3000.0,3000.0,3000.0,3000.0,3000.0,3000.0,3000.0,3000.0,3000.0,3000.0,3000.0,3000.0,3000.0,3000.0,3000.0,923.7604307034012,812.3412895085961,3000.0,3000.0,923.7604307034012,812.3412895085961,3000.0,3000.0,923.7604307034012,812.3412895085961,3000.0,3000.0,923.7604307034012,812.3412895085961,3000.0,3000.0
467,3000.0,2339.0435201304704,1244.5790614883301,923.7604307034013,3000.0,2339.0435201304704,1244.5790614883301,923.7604307034013,3000.0,2339.0435201304704,1244.5790614883301,923.7604307034013,3000.0,2339.0435201304704,1244.5790614883301,923.7604307034013,923.7604307034013,1244.5790614883301,2339.0435201304704,3000.0,923.7604307034013,1244.5790614883301,2339.0435201304704,3000.0,923.7604307034013,1244.5790614883301,2339.0435201304704,3000.0,923.7604307034013,1244.5790614883301,2339.0435201304704,3000.0,3000.0,812.3412895085961,812.3412895085961,923.7604307034012,3000.0,812.3412895085961,812.3412895085961,923.7604307034012,3000.0,812.3412895085961,812.3412895085961,923.7604307034012,3000.0,812.3412895085961,812.3412895085961,923.7604307034012,3000.0,3000.0,3000.0,3000.0,3000.0,3000.0,3000.0,3000.0,3000.0,3000.0,3000.0,3000.0,3000.0,3000.0,3000.0,3000.0,3000.0,3000.0,3000.0,3000.0,3000.0,3000.0,3000.0,3000.0,3000.0,3000.0,3000.0,3000.0,3000.0,3000.0,3000.0,3000.0,923.7604307034012,812.3412895085961,812.3412895085961,3000.0,923.7604307034012,812.3412895085961,812.3412895085961,3000.0,923.7604307034012,812.3412895085961,812.3412895085961,3000.0,923.7604307034012,812.3412895085961,812.3412895085961,3000.0
533,3000.0,2339.0435201304704,1244.5790614883301,923.7604307034013,3000.0,2339.0435201304704,1244.5790614883301,923.7604307034013,3000.0,2339.0435201304704,1244.5790614883301,923.7604307034013,3000.0,2339.0435201304704,1244.5790614883301,923.7604307034013,923.7604307034013,1244.5790614883301,2339.0435201304704,3000.0,923.7604307034013,1244.5790614883301,2339.0435201304704,3000.0,923.7604307034013,1244.5790614883301,2339.0435201304704,3000.0,923.7604307034013,1244.5790614883301,2339.0435201304704,3000.0,3000.0,812.3412895085961,812.3412895085961,923.7604307034012,3000.0,812.3412895085961,812.3412895085961,923.7604307034012,3000.0,812.3412895085961,812.3412895085961,923.7604307034012,3000.0,812.3412895085961,812.3412895085961,923.7604307034012,3000.0,3000.0,3000.0,3000.0,3000.0,3000.0,3000.0,3000.0,3000.0,3000.0,3000.0,3000.0,3000.0,3000.0,3000.0,3000.0,3000.0,3000.0,3000.0,3000.0,3000.0,3000.0,3000.0,3000.0,3000.0,3000.0,3000.0,3000.0,3000.0,3000.0,3000.0,3000.0,923.7604307034012,812.3412895085961,812.3412895085961,3000.0,923.7604307034012,812.3412895085961,812.3412895085961,3000.0,923.7604307034012,812.3412895085961,812.3412895085961,3000.0,923.7604307034012,812.3412895085961,812.3412895085961,3000.0
600,3000.0,2339.0435201304704,1244.5790614883301,923.7604307034013,3000.0,2339.0435201304704,1244.5790614883301,923.7604307034013,3000.0,2339.0435201304704,1244.5790614883301,923.7604307034013,3000.0,2339.0435201304704,1244.5790614883301,923.7604307034013,923.7604307034013,1244.5790614883301,2339.0435201304704,3000.0,923.7604307034013,1244.5790614883301,2339.0435201304704,3000.0,923.7604307034013,1244.5790614883301,2339.0435201304704,3000.0,923.7604307034013,1244.5790614883301,2339.0435201304704,3000.0,3000.0,812.3412895085961,812.3412895085961,923.7604307034012,3000.0,812.3412895085961,812.3412895085961,923.7604307034012,3000.0,812.3412895085961,812.3412895085961,923.7604307034012,3000.0,812.3412895085961,812.3412895085961,923.7604307034012,3000.0,3000.0,3000.0,3000.0,3000.0,3000.0,3000.0,3000.0,3000.0,3000.0,3000.0,3000.0,3000.0,3000.0,3000.0,3000.0,3000.0,3000.0,3000.0,3000.0,3000.0,3000.0,3000.0,3000.0,3000.0,3000.0,3000.0,3000.0,3000.0,3000.0,3000.0,3000.0,923.7604307034012,812.3412895085961,812.3412895085961,3000.0,923.7604307034012,812.3412895085961,812.3412895085961,3000.0,923.7604307034012,812.3412895085961,812.3412895085961,3000.0,923.7604307034012,812.3412895085961,812.3412895085961,3000.0
667,3000.0,2339.0435201304704,1244.5790614883301,923.7604307034013,3000.0,2339.0435201304704,1244.5790614883301,923.7604307034013,3000.0,2339.0435201304704,1244.5790614883301,923.7604307034013,3000.0,2339.0435201304704,1244.5790614883301,923.7604307034013,923.7604307034013,1244.5790614883301,2339.0435201304704,3000.0,923.7604307034013,1244.5790614883301,2339.0435201304704,3000.0,923.7604307034013,1244.5790614883301,2339.0435201304704,3000.0,923.7604307034013,1244.5790614883301,2339.0435201304704,3000.0,3000.0,812.3412895085961,812.3412895085961,923.7604307034012,3000.0,812.3412895085961,812.3412895085961,923.7604307034012,3000.0,812.3412895085961,812.3412895085961,923.7604307034012,3000.0,812.3412895085961,812.3412895085961,923.7604307034012,3000.0,3000.0,3000.0,3000.0,3000.0,3000.0,3000.0,3000.0,3000.0,3000.0,3000.0,3000.0,3000.0,3000.0,3000.0,3000.0,3000.0,3000.0,3000.0,3000.0,3000.0,3000.0,3000.0,3000.0,3000.0,3000.0,3000.0,3000.0,3000.0,3000.0,3000.0,3000.0,923.7604307034012,812.3412895085961,812.3412895085961,3000.0,923.7604307034012,812.3412895085961,812.3412895085961,3000.0,923.7604307034012,812.3412895085961,812.3412895085961,3000.0,923.7604307034012,812.3412895085961,812.3412895085961,3000.0
733,3000.0,2339.0435201304704,1244.5790614883301,923.7604307034013,3000.0,2339.0435201304704,1244.5790614883301,923.7604307034013,3000.0,2339.0435201304704,1244.5790614883301,923.7604307034013,3000.0,2339.0435201304704,1244.5790614883301,923.7604307034013,923.7604307034013,1244.5790614883301,2339.0435201304704,3000.0,923.7604307034013,1244.5790614883301,2339.0435201304704,3000.0,923.7604307034013,1244.5790614883301,2339.0435201304704,3000.0,923.7604307034013,1244.5790614883301,2339.0435201304704,3000.0,3000.0,812.3412895085961,812.3412895085961,923.7604307034012,3000.0,812.3412895085961,812.3412895085961,923.7604307034012,3000.0,812.3412895085961,812.3412895085961,923.7604307034012,3000.0,812.3412895085961,812.3412895085961,923.7604307034012,3000.0,3000.0,3000.0,3000.0,3000.0,3000.0,3000.0,3000.0,3000.0,3000.0,3000.0,3000.0,3000.0,3000.0,3000.0,3000.0,3000.0,3000.0,3000.0,3000.0,3000.0,3000.0,3000.0,3000.0,3000.0,3000.0,3000.0,3000.0,3000.0,3000.0,3000.0,3000.0,923.7604307034012,812.3412895085961,812.3412895085961,3000.0,923.7604307034012,812.3412895085961,812.3412895085961,3000.0,923.7604307034012,812.3412895085961,812.3412895085961,3000.0,923.7604307034012,812.3412895085961,812.3412895085961,3000.0
800,3000.0,2339.0435201304704,1244.5790614883301,923.7604307034013,3000.0,2339.0435201304704,1244.5790614883301,923.7604307034013,3000.0,2339.0435201304704,1244.5790614883301,923.7604307034013,3000.0,2339.0435201304704,1244.5790614883301,923.7604307034013,923.7604307034013,1244.5790614883301,2339.0435201304704,3000.0,923.7604307034013,1244.5790614883301,2339.0435201304704,3000.0,923.7604307034013,1244.5790614883301,2339.0435201304704,3000.0,923.7604307034013,1244.5790614883301,2339.0435201304704,3000.0,3000.0,812.3412895085961,812.3412895085961,923.7604307034012,3000.0,812.3412895085961,812.3412895085961,923.7604307034012,3000.0,812.3412895085961,812.3412895085961,923.7604307034012,3000.0,812.3412895085961,812.3412895085961,923.7604307034012,3000.0,3000.0,3000.0,3000.0,3000.0,3000.0,3000.0,3000.0,3000.0,3000.0,3000.0,3000.0,3000.0,3000.0,3000.0,3000.0,3000.0,3000.0,3000.0,3000.0,3000.0,3000.0,3000.0,3000.0,3000.0,3000.0,3000.0,3000.0,3000.0,3000.0,3000.0,3000.0,923.7604307034012,812.3412895085961,812.3412895085961,3000.0,923.7604307034012,812.3412895085961,812.3412895085961,3000.0,923.7604307034012,812.3412895085961,812.3412895085961,3000.0,923.7604307034012,812.3412895085961,812.3412895085961,3000.0
867,3000.0,2339.0435201304704,1244.5790614883301,923.7604307034013,3000.0,2339.0435201304704,1244.5790614883301,923.7604307034013,3000.0,2339.0435201304704,1244.5790614883301,923.7604307034013,3000.0,2339.0435201304704,1244.5790614883301,923.7604307034013,923.7604307034013,1244.5790614883301,2339.0435201304704,3000.0,923.7604307034013,1244.5790614883301,2339.0435201304704,3000.0,923.7604307034013,1244.5790614883301,2339.0435201304704,3000.0,923.7604307034013,1244.5790614883301,2339.0435201304704,3000.0,3000.0,812.3412895085961,812.3412895085961,923.7604307034012,3000.0,812.3412895085961,812.3412895085961,923.7604307034012,3000.0,812.3412895085961,812.3412895085961,923.7604307034012,3000.0,812.3412895085961,812.3412895085961,923.7604307034012,3000.0,3000.0,3000.0,3000.0,3000.0,3000.0,3000.0,3000.0,3000.0,3000.0,3000.0,3000.0,3000.0,3000.0,3000.0,3000.0,3000.0,3000.0,3000.0,3000.0,3000.0,3000.0,3000.0,3000.0,3000.0,3000.0,3000.0,3000.0,3000.0,3000.0,3000.0,3000.0,923.7604307034012,812.3412895085961,812.3412895085961,3000.0,923.7604307034012,812.3412895085961,812.3412895085961,3000.0,923.7604307034012,812.3412895085961,812.3412895085961,3000.0,923.7604307034012,812.3412895085961,812.3412895085961,3000.0
933,3000.0,2339.0435201304704,1244.5790614883301,923.7604307034013,3000.0,2339.0435201304704,1244.5790614883301,923.7604307034013,3000.0,2339.0435201304704,1244.5790614883301,923.7604307034013,3000.0,2339.0435201304704,1244.5790614883301,923.7604307034013,923.7604307034013,1244.5790614883301,2339.0435201304704,3000.0,923.7604307034013,1244.5790614883301,2339.0435201304704,3000.0,923.7604307034013,1244.5790614883301,2339.0435201304704,3000.0,923.7604307034013,1244.5790614883301,2339.0435201304704,3000.0,3000.0,812.3412895085961,812.3412895085961,923.7604307034012,3000.0,812.3412895085961,812.3412895085961,923.7604307034012,3000.0,812.3412895085961,812.3412895085961,923.7604307034012,3000.0,812.3412895085961,812.3412895085961,923.7604307034012,3000.0,3000.0,3000.0,3000.0,3000.0,3000.0,3000.0,3000.0,3000.0,3000.0,3000.0,3000.0,3000.0,3000.0,3000.0,3000.0,3000.0,3000.0,3000.0,3000.0,3000.0,3000.0,3000.0,3000.0,3000.0,3000.0,3000.0,3000.0,3000.0,3000.0,3000.0,3000.0,923.7604307034012,812.3412895085961,812.3412895085961,3000.0,923.7604307034012,812.3412895085961,812.3412895085961,3000.0,923.7604307034012,812.3412895085961,812.3412895085961,3000.0,923.7604307034012,812.3412895085961,812.3412895085961,3000.0
1000,3000.0,2339.0435201304704,1244.5790614883301,923.7604307034013,3000.0,2339.0435201304704,1244.5790614883301,923.7604307034013,3000.0,2339.0435201304704,1244.5790614883301,923.7604307034013,3000.0,2339.0435201304704,1244.5790614883301,923.7604307034013,923.7604307034013,1244.5790614883301,2339.0435201304704,3000.0,923.7604307034013,1244.5790614883301,2339.0435201304704,3000.0,923.7604307034013,1244.5790614883301,2339.0435201304704,3000.0,923.7604307034013,1244.5790614883301,2339.0435201304704,3000.0,3000.0,812.3412895085961,812.3412895085961,923.7604307034012,3000.0,812.3412895085961,812.3412895085961,923.7604307034012,3000.0,812.3412895085961,812.3412895085961,923.7604307034012,3000.0,812.3412895085961,812.3412895085961,923.7604307034012,3000.0,3000.0,3000.0,3000.0,3000.0,3000.0,3000.0,3000.0,3000.0,3000.0,3000.0,3000.0,3000.0,3000.0,3000.0,3000.0,3000.0,3000.0,3000.0,3000.0,3000.0,3000.0,3000.0,3000.0,3000.0,3000.0,3000.0,3000.0,3000.0,3000.0,3000.0,3000.0,923.7604307034012,812.3412895085961,812.3412895085961,3000.0,923.7604307034012,812.3412895085961,812.3412895085961,3000.0,923.7604307034012,812.3412895085961,812.3412895085961,3000.0,923.7604307034012,812.3412895085961,812.3412895085961,3000.0
1067,3000.0,2339.0435201304704,1244.5790614883301,923.7604307034013,3000.0,2339.0435201304704,1244.5790614883301,923.7604307034013,3000.0,2339.0435201304704,1244.5790614883301,923.7604307034013,3000.0,2339.0435201304704,1244.5790614883301,923.7604307034013,923.7604307034013,1244.5790614883301,2339.0435201304704,3000.0,923.7604307034013,1244.5790614883301,2339.0435201304704,3000.0,923.7604307034013,1244.5790614883301,2339.0435201304704,3000.0,923.7604307034013,1244.5790614883301,2339.0435201304704,3000.0,3000.0,812.3412895085961,812.3412895085961,923.7604307034012,3000.0,812.3412895085961,812.3412895085961,923.7604307034012,3000.0,812.3412895085961,812.3412895085961,923.7604307034012,3000.0,812.3412895085961,812.3412895085961,923.7604307034012,3000.0,3000.0,3000.0,3000.0,3000.0,3000.0,3000.0,3000.0,3000.0,3000.0,3000.0,3000.0,3000.0,3000.0,3000.0,3000.0,3000.0,3000.0,3000.0,3000.0,3000.0,3000.0,3000.0,3000.0,3000.0,3000.0,3000.0,3000.0,3000.0,3000.0,3000.0,3000.0,923.7604307034012,812.3412895085961,812.3412895085961,3000.0,923.7604307034012,812.3412895085961,812.3412895085961,3000.0,923.7604307034012,812.3412895085961,812.3412895085961,3000.0,923.7604307034012,812.3412895085961,812.3412895085961,3000.0
1133,3000.0,2339.0435201304704,1244.5790614883301,923.7604307034013,3000.0,2339.0435201304704,1244.5790614883301,923.7604307034013,3000.0,2339.0435201304704,1244.5790614883301,923.7604307034013,3000.0,2339.0435201304704,1244.5790614883301,923.7604307034013,923.7604307034013,1244.5790614883301,2339.0435201304704,3000.0,923.7604307034013,1244.5790614883301,2339.0435201304704,3000.0,923.7604307034013,1244.5790614883301,2339.0435201304704,3000.0,923.7604307034013,1244.5790614883301,2339.0435201304704,3000.0,3000.0,812.3412895085961,812.3412895085961,923.7604307034012,3000.0,812.3412895085961,812.3412895085961,923.7604307034012,3000.0,812.3412895085961,812.3412895085961,923.7604307034012,3000.0,812.3412895085961,812.3412895085961,923.7604307034012,3000.0,3000.0,3000.0,3000.0,3000.0,3000.0,3000.0,3000.0,3000.0,3000.0,3000.0,3000.0,3000.0,3000.0,3000.0,3000.0,3000.0,3000.0,3000.0,3000.0,3000.0,3000.0,3000.0,3000.0,3000.0,3000.0,3000.0,3000.0,3000.0,3000.0,3000.0,3000.0,923.7604307034012,812.3412895085961,812.3412895085961,3000.0,923.7604307034012,812.3412895085961,812.3412895085961,3000.0,923.7604307034012,812.3412895085961,812.3412895085961,3000.0,923.7604307034012,812.3412895085961,812.3412895085961,3000.0
1200,3000.0,2339.0435201304704,1244.5790614883301,923.7604307034013,3000.0,2339.0435201304704,1244.5790614883301,923.7604307034013,3000.0,2339.0435201304704,1244.5790614883301,923.7604307034013,3000.0,2339.0435201304704,1244.5790614883301,923.7604307034013,923.7604307034013,1244.5790614883301,2339.0435201304704,3000.0,923.7604307034013,1244.5790614883301,2339.0435201304704,3000.0,923.7604307034013,1244.5790614883301,2339.0435201304704,3000.0,923.7604307034013,1244.5790614883301,2339.0435201304704,3000.0,3000.0,812.3412895085961,812.3412895085961,923.7604307034012,3000.0,812.3412895085961,812.3412895085961,923.7604307034012,3000.0,812.3412895085961,812.3412895085961,923.7604307034012,3000.0,812.3412895085961,812.3412895085961,923.7604307034012,3000.0,3000.0,3000.0,3000.0,3000.0,3000.0,3000.0,3000.0,3000.0,3000.0,3000.0,3000.0,3000.0,3000.0,3000.0,3000.0,3000.0,3000.0,3000.0,3000.0,3000.0,3000.0,3000.0,3000.0,3000.0,3000.0,3000.0,3000.0,3000.0,3000.0,3000.0,3000.0,923.7604307034012,812.3412895085961,812.3412895085961,3000.0,923.7604307034012,812.3412895085961,812.3412895085961,3000.0,923.7604307034012,812.3412895085961,812.3412895085961,3000.0,923.7604307034012,812.3412895085961,812.3412895085961,3000.0
1267,3000.0,2339.0435201304704,1244.5790614883301,923.7604307034013,3000.0,2339.0435201304704,1244.5790614883301,923.7604307034013,3000.0,2339.0435201304704,1244.5790614883301,923.7604307034013,3000.0,2339.0435201304704,1244.5790614883301,923.7604307034013,923.7604307034013,1244.5790614883301,2339.0435201304704,3000.0,923.7604307034013,1244.5790614883301,2339.0435201304704,3000.0,923.7604307034013,1244.5790614883301,2339.0435201304704,3000.0,923.7604307034013,1244.5790614883301,2339.0435201304704,3000.0,3000.0,812.3412895085961,812.3412895085961,923.7604307034012,3000.0,812.3412895085961,812.3412895085961,923.7604307034012,3000.0,812.3412895085961,812.3412895085961,923.7604307034012,3000.0,812.3412895085961,812.3412895085961,923.7604307034012,3000.0,3000.0,3000.0,3000.0,3000.0,3000.0,3000.0,3000.0,3000.0,3000.0,3000.0,3000.0,3000.0,3000.0,3000.0,3000.0,3000.0,3000.0,3000.0,3000.0,3000.0,3000.0,3000.0,3000.0,3000.0,3000.0,3000.0,3000.0,3000.0,3000.0,3000.0,3000.0,923.7604307034012,812.3412895085961,812.3412895085961,3000.0,923.7604307034012,812.3412895085961,812.3412895085961,3000.0,923.7604307034012,812.3412895085961,812.3412895085961,3000.0,923.7604307034012,812.3412895085961,812.3412895085961,3000.0
1333,3000.0,2339.0435201304704,1244.5790614883301,923.7604307034013,3000.0,2339.0435201304704,1244.5790614883301,923.7604307034013,3000.0,2339.0435201304704,1244.5790614883301,923.7604307034013,3000.0,2339.0435201304704,1244.5790614883301,923.7604307034013,923.7604307034013,1244.5790614883301,2339.0435201304704,3000.0,923.7604307034013,1244.5790614883301,2339.0435201304704,3000.0,923.7604307034013,1244.5790614883301,2339.0435201304704,3000.0,923.7604307034013,1244.5790614883301,2339.0435201304704,3000.0,923.7604307034012,812.3412895085961,812.3412895085961,923.7604307034012,923.7604307034012,812.3412895085961,812.3412895085961,923.7604307034012,923.7604307034012,812.3412895085961,812.3412895085961,923.7604307034012,923.7604307034012,812.3412895085961,812.3412895085961,923.7604307034012,923.7604307034014,3000.0,3000.0,3000.0,923.7604307034014,3000.0,3000.0,3000.0,923.7604307034014,3000.0,3000.0,3000.0,923.7604307034014,3000.0,3000.0,3000.0,3000.0,3000.0,3000.0,923.7604307034014,3000.0,3000.0,3000.0,923.7604307034014,3000.0,3000.0,3000.0,923.7604307034014,3000.0,3000.0,3000.0,923.7604307034014,923.7604307034012,812.3412895085961,812.3412895085961,923.7604307034012,923.7604307034012,812.3412895085961,812.3412895085961,923.7604307034012,923.7604307034012,812.3412895085961,812.3412895085961,923.7604307034012,923.7604307034012,812.3412895085961,812.3412895085961,923.7604307034012
1400,3000.0,2339.0435201304704,1244.5790614883301,923.7604307034013,3000.0,2339.0435201304704,1244.5790614883301,923.7604307034013,3000.0,2339.0435201304704,1244.5790614883301,923.7604307034013,3000.0,2339.0435201304704,1244.5790614883301,923.7604307034013,923.7604307034013,1244.5790614883301,2339.0435201304704,3000.0,923.7604307034013,1244.5790614883301,2339.0435201304704,3000.0,923.7604307034013,1244.5790614883301,2339.0435201304704,3000.0,923.7604307034013,1244.5790614883301,2339.0435201304704,3000.0,923.7604307034012,812.3412895085961,812.3412895085961,923.7604307034012,923.7604307034012,812.3412895085961,812.3412895085961,923.7604307034012,923.7604307034012,812.3412895085961,812.3412895085961,923.7604307034012,923.7604307034012,812.3412895085961,812.3412895085961,923.7604307034012,923.7604307034014,3000.0,3000.0,3000.0,923.7604307034014,3000.0,3000.0,3000.0,923.7604307034014,3000.0,3000.0,3000.0,923.7604307034014,3000.0,3000.0,3000.0,3000.0,3000.0,3000.0,923.7604307034014,3000.0,3000.0,3000.0,923.7604307034014,3000.0,3000.0,3000.0,923.7604307034014,3000.0,3000.0,3000.0,923.7604307034014,923.7604307034012,812.3412895085961,812.3412895085961,923.7604307034012,923.7604307034012,812.3412895085961,812.3412895085961,923.7604307034012,923.7604307034012,812.3412895085961,812.3412895085961,923.7604307034012,923.7604307034012,812.3412895085961,812.3412895085961,923.7604307034012
1467,3000.0,2339.0435201304704,1244.5790614883301,923.7604307034013,3000.0,2339.0435201304704,1244.5790614883301,923.7604307034013,3000.0,2339.0435201304704,1244.5790614883301,923.7604307034013,3000.0,2339.0435201304704,1244.5790614883301,923.7604307034013,923.7604307034013,1244.5790614883301,2339.0435201304704,3000.0,923.7604307034013,1244.5790614883301,2339.0435201304704,3000.0,923.7604307034013,1244.5790614883301,2339.0435201304704,3000.0,923.7604307034013,1244.5790614883301,2339.0435201304704,3000.0,923.7604307034012,812.3412895085961,812.3412895085961,923.7604307034012,923.7604307034012,812.3412895085961,812.3412895085961,923.7604307034012,923.7604307034012,812.3412895085961,812.3412895085961,923.7604307034012,923.7604307034012,812.3412895085961,812.3412895085961,923.7604307034012,923.7604307034014,3000.0,3000.0,3000.0,923.7604307034014,3000.0,3000.0,3000.0,923.7604307034014,3000.0,3000.0,3000.0,923.7604307034014,3000.0,3000.0,3000.0,3000.0,3000.0,3000.0,923.7604307034014,3000.0,3000.0,3000.0,923.7604307034014,3000.0,3000.0,3000.0,923.7604307034014,3000.0,3000.0,3000.0,923.7604307034014,923.7604307034012,812.3412895085961,812.3412895085961,923.7604307034012,923.7604307034012,812.3412895085961,812.3412895085961,923.7604307034012,923.7604307034012,812.3412895085961,812.3412895085961,923.7604307034012,923.7604307034012,812.3412895085961,812.3412895085961,923.7604307034012
1533,3000.0,2339.0435201304704,1244.5790614883301,923.7604307034013,3000.0,2339.0435201304704,1244.5790614883301,923.7604307034013,3000.0,2339.0435201304704,1244.5790614883301,923.7604307034013,3000.0,2339.0435201304704,1244.5790614883301,923.7604307034013,923.7604307034013,1244.5790614883301,2339.0435201304704,3000.0,923.7604307034013,1244.5790614883301,2339.0435201304704,3000.0,923.7604307034013,1244.5790614883301,2339.0435201304704,3000.0,923.7604307034013,1244.5790614883301,2339.0435201304704,3000.0,923.7604307034012,812.3412895085961,812.3412895085961,923.7604307034012,923.7604307034012,812.3412895085961,812.3412895085961,923.7604307034012,923.7604307034012,812.3412895085961,812.3412895085961,923.7604307034012,923.7604307034012,812.3412895085961,812.3412895085961,923.7604307034012,923.7604307034014,3000.0,3000.0,3000.0,923.7604307034014,3000.0,3000.0,3000.0,923.7604307034014,3000.0,3000.0,3000.0,923.7604307034014,3000.0,3000.0,3000.0,3000.0,3000.0,3000.0,923.7604307034014,3000.0,3000.0,3000.0,923.7604307034014,3000.0,3000.0,3000.0,923.7604307034014,3000.0,3000.0,3000.0,923.7604307034014,923.7604307034012,812.3412895085961,812.3412895085961,923.7604307034012,923.7604307034012,812.3412895085961,812.3412895085961,923.7604307034012,923.7604307034012,812.3412895085961,812.3412895085961,923.7604307034012,923.7604307034012,812.3412895085961,812.3412895085961,923.7604307034012
1600,3000.0,2339.0435201304704,1244.5790614883301,923.7604307034013,3000.0,2339.0435201304704,1244.5790614883301,923.7604307034013,3000.0,2339.0435201304704,1244.5790614883301,923.7604307034013,3000.0,2339.0435201304704,1244.5790614883301,923.7604307034013,923.7604307034013,1244.5790614883301,2339.0435201304704,3000.0,923.7604307034013,1244.5790614883301,2339.0435201304704,3000.0,923.7604307034013,1244.5790614883301,2339.0435201304704,3000.0,923.7604307034013,1244.5790614883301,2339.0435201304704,3000.0,923.7604307034012,812.3412895085961,812.3412895085961,923.7604307034012,923.7604307034012,812.3412895085961,812.3412895085961,923.7604307034012,923.7604307034012,812.3412895085961,812.3412895085961,923.7604307034012,923.7604307034012,812.3412895085961,812.3412895085961,923.7604307034012,923.7604307034014,3000.0,3000.0,3000.0,923.7604307034014,3000.0,3000.0,3000.0,923.7604307034014,3000.0,3000.0,3000.0,923.7604307034014,3000.0,3000.0,3000.0,3000.0,3000.0,3000.0,923.7604307034014,3000.0,3000.0,3000.0,923.7604307034014,3000.0,3000.0,3000.0,923.7604307034014,3000.0,3000.0,3000.0,923.7604307034014,923.7604307034012,812.3412895085961,812.3412895085961,923.7604307034012,923.7604307034012,812.3412895085961,812.3412895085961,923.7604307034012,923.7604307034012,812.3412895085961,812.3412895085961,923.7604307034012,923.7604307034012,812.3412895085961,812.3412895085961,923.7604307034012
1667,3000.0,2339.0435201304704,1244.5790614883301,923.7604307034013,3000.0,2339.0435201304704,1244.5790614883301,923.7604307034013,3000.0,2339.0435201304704,1244.5790614883301,923.7604307034013,3000.0,2339.0435201304704,1244.5790614883301,923.7604307034013,923.7604307034013,1244.5790614883301,2339.0435201304704,3000.0,923.7604307034013,1244.5790614883301,2339.0435201304704,3000.0,923.7604307034013,1244.5790614883301,2339.0435201304704,3000.0,923.7604307034013,1244.5790614883301,2339.0435201304704,3000.0,923.7604307034012,812.3412895085961,812.3412895085961,923.7604307034012,923.7604307034012,812.3412895085961,812.3412895085961,923.7604307034012,923.7604307034012,812.3412895085961,812.3412895085961,923.7604307034012,923.7604307034012,812.3412895085961,812.3412895085961,923.7604307034012,923.7604307034014,3000.0,3000.0,3000.0,923.7604307034014,3000.0,3000.0,3000.0,923.7604307034014,3000.0,3000.0,3000.0,923.7604307034014,3000.0,3000.0,3000.0,3000.0,3000.0,3000.0,923.7604307034014,3000.0,3000.0,3000.0,923.7604307034014,3000.0,3000.0,3000.0,923.7604307034014,3000.0,3000.0,3000.0,923.7604307034014,923.7604307034012,812.3412895085961,812.3412895085961,923.7604307034012,923.7604307034012,812.3412895085961,812.3412895085961,923.7604307034012,923.7604307034012,812.3412895085961,812.3412895085961,923.7604307034012,923.7604307034012,812.3412895085961,812.3412895085961,923.7604307034012
1733,3000.0,2339.0435201304704,1244.5790614883301,923.7604307034013,3000.0,2339.0435201304704,1244.5790614883301,923.7604307034013,3000.0,2339.0435201304704,1244.5790614883301,923.7604307034013,3000.0,2339.0435201304704,1244.5790614883301,923.7604307034013,923.7604307034013,1244.5790614883301,2339.0435201304704,3000.0,923.7604307034013,1244.5790614883301,2339.0435201304704,3000.0,923.7604307034013,1244.5790614883301,2339.0435201304704,3000.0,923.7604307034013,1244.5790614883301,2339.0435201304704,3000.0,923.7604307034012,812.3412895085961,812.3412895085961,923.7604307034012,923.7604307034012,812.3412895085961,812.3412895085961,923.7604307034012,923.7604307034012,812.3412895085961,812.3412895085961,923.7604307034012,923.7604307034012,812.3412895085961,812.3412895085961,923.7604307034012,923.7604307034014,3000.0,3000.0,3000.0,923.7604307034014,3000.0,3000.0,3000.0,923.7604307034014,3000.0,3000.0,3000.0,923.7604307034014,3000.0,3000.0,3000.0,3000.0,3000.0,3000.0,923.7604307034014,3000.0,3000.0,3000.0,923.7604307034014,3000.0,3000.0,3000.0,923.7604307034014,3000.0,3000.0,3000.0,923.7604307034014,923.7604307034012,812.3412895085961,812.3412895085961,923.7604307034012,923.7604307034012,812.3412895085961,812.3412895085961,923.7604307034012,923.7604307034012,812.3412895085961,812.3412895085961,923.7604307034012,923.7604307034012,812.3412895085961,812.3412895085961,923.7604307034012
1800,3000.0,2339.0435201304704,1244.5790614883301,923.7604307034013,3000.0,2339.0435201304704,1244.5790614883301,923.7604307034013,3000.0,2339.0435201304704,1244.5790614883301,923.7604307034013,3000.0,2339.0435201304704,1244.5790614883301,923.7604307034013,923.7604307034013,1244.5790614883301,2339.0435201304704,3000.0,923.7604307034013,1244.5790614883301,2339.0435201304704,3000.0,923.7604307034013,1244.5790614883301,2339.0435201304704,3000.0,923.7604307034013,1244.5790614883301,2339.0435201304704,3000.0,923.7604307034012,812.3412895085961,812.3412895085961,923.7604307034012,923.7604307034012,812.3412895085961,812.3412895085961,923.7604307034012,923.7604307034012,812.3412895085961,812.3412895085961,923.7604307034012,923.7604307034012,812.3412895085961,812.3412895085961,923.7604307034012,923.7604307034014,3000.0,3000.0,3000.0,923.7604307034014,3000.0,3000.0,3000.0,923.7604307034014,3000.0,3000.0,3000.0,923.7604307034014,3000.0,3000.0,3000.0,3000.0,3000.0,3000.0,923.7604307034014,3000.0,3000.0,3000.0,923.7604307034014,3000.0,3000.0,3000.0,923.7604307034014,3000.0,3000.0,3000.0,923.7604307034014,923.7604307034012,812.3412895085961,812.3412895085961,923.7604307034012,923.7604307034012,812.3412895085961,812.3412895085961,923.7604307034012,923.7604307034012,812.3412895085961,812.3412895085961,923.7604307034012,923.7604307034012,812.3412895085961,812.3412895085961,923.7604307034012
1867,3000.0,2339.0435201304704,1244.5790614883301,923.7604307034013,3000.0,2339.0435201304704,1244.5790614883301,923.7604307034013,3000.0,2339.0435201304704,1244.5790614883301,923.7604307034013,3000.0,2339.0435201304704,1244.5790614883301,923.7604307034013,923.7604307034013,1244.5790614883301,2339.0435201304704,3000.0,923.7604307034013,1244.5790614883301,2339.0435201304704,3000.0,923.7604307034013,1244.5790614883301,2339.0435201304704,3000.0,923.7604307034013,1244.5790614883301,2339.0435201304704,3000.0,923.7604307034012,812.3412895085961,812.3412895085961,923.7604307034012,923.7604307034012,812.3412895085961,812.3412895085961,923.7604307034012,923.7604307034012,812.3412895085961,812.3412895085961,923.7604307034012,923.7604307034012,812.3412895085961,812.3412895085961,923.7604307034012,923.7604307034014,3000.0,3000.0,3000.0,923.7604307034014,3000.0,3000.0,3000.0,923.7604307034014,3000.0,3000.0,3000.0,923.7604307034014,3000.0,3000.0,3000.0,3000.0,3000.0,3000.0,923.7604307034014,3000.0,3000.0,3000.0,923.7604307034014,3000.0,3000.0,3000.0,923.7604307034014,3000.0,3000.0,3000.0,923.7604307034014,923.7604307034012,812.3412895085961,812.3412895085961,923.7604307034012,923.7604307034012,812.3412895085961,812.3412895085961,923.7604307034012,923.7604307034012,812.3412895085961,812.3412895085961,923.7604307034012,923.7604307034012,812.3412895085961,812.3412895085961,923.7604307034012
1933,3000.0,2339.0435201304704,1244.5790614883301,923.7604307034013,3000.0,2339.0435201304704,1244.5790614883301,923.7604307034013,3000.0,2339.0435201304704,1244.5790614883301,923.7604307034013,3000.0,2339.0435201304704,1244.5790614883301,923.7604307034013,923.7604307034013,1244.5790614883301,2339.0435201304704,3000.0,923.7604307034013,1244.5790614883301,2339.0435201304704,3000.0,923.7604307034013,1244.5790614883301,2339.0435201304704,3000.0,923.7604307034013,1244.5790614883301,2339.0435201304704,3000.0,923.7604307034012,812.3412895085961,812.3412895085961,923.7604307034012,923.7604307034012,812.3412895085961,812.3412895085961,923.7604307034012,923.7604307034012,812.3412895085961,812.3412895085961,923.7604307034012,923.7604307034012,812.3412895085961,812.3412895085961,923.7604307034012,923.7604307034014,3000.0,3000.0,3000.0,923.7604307034014,3000.0,3000.0,3000.0,923.7604307034014,3000.0,3000.0,3000.0,923.7604307034014,3000.0,3000.0,3000.0,3000.0,3000.0,3000.0,923.7604307034014,3000.0,3000.0,3000.0,923.7604307034014,3000.0,3000.0,3000.0,923.7604307034014,3000.0,3000.0,3000.0,923.7604307034014,923.7604307034012,812.3412895085961,812.3412895085961,923.7604307034012,923.7604307034012,812.3412895085961,812.3412895085961,923.7604307034012,923.7604307034012,812.3412895085961,812.3412895085961,923.7604307034012,923.7604307034012,812.3412895085961,812.3412895085961,923.7604307034012
2000,3000.0,2339.0435201304704,1244.5790614883301,923.7604307034013,3000.0,2339.0435201304704,1244.5790614883301,923.7604307034013,3000.0,2339.0435201304704,1244.5790614883301,923.7604307034013,3000.0,2339.0435201304704,1244.5790614883301,923.7604307034013,923.7604307034013,1244.5790614883301,2339.0435201304704,3000.0,923.7604307034013,1244.5790614883301,2339.0435201304704,3000.0,923.7604307034013,1244.5790614883301,2339.0435201304704,3000.0,923.7604307034013,1244.5790614883301,2339.0435201304704,3000.0,923.7604307034012,812.3412895085961,812.3412895085961,923.7604307034012,923.7604307034012,812.3412895085961,812.3412895085961,923.7604307034012,923.7604307034012,812.3412895085961,812.3412895085961,923.7604307034012,923.7604307034012,812.3412895085961,812.3412895085961,923.7604307034012,923.7604307034014,3000.0,3000.0,3000.0,923.7604307034014,3000.0,3000.0,3000.0,923.7604307034014,3000.0,3000.0,3000.0,923.7604307034014,3000.0,3000.0,3000.0,3000.0,3000.0,3000.0,923.7604307034014,3000.0,3000.0,3000.0,923.7604307034014,3000.0,3000.0,3000.0,923.7604307034014,3000.0,3000.0,3000.0,923.7604307034014,923.7604307034012,812.3412895085961,812.3412895085961,923.7604307034012,923.7604307034012,812.3412895085961,812.3412895085961,923.7604307034012,923.7604307034012,812.3412895085961,812.3412895085961,923.7604307034012,923.7604307034012,812.3412895085961,812.3412895085961,923.7604307034012
2067,3000.0,2339.0435201304704,1244.5790614883301,923.7604307034013,3000.0,2339.0435201304704,1244.5790614883301,923.7604307034013,3000.0,2339.0435201304704,1244.5790614883301,923.7604307034013,3000.0,2339.0435201304704,1244.5790614883301,923.7604307034013,923.7604307034013,1244.5790614883301,2339.0435201304704,3000.0,923.7604307034013,1244.5790614883301,2339.0435201304704,3000.0,923.7604307034013,1244.5790614883301,2339.0435201304704,3000.0,923.7604307034013,1244.5790614883301,2339.0435201304704,3000.0,923.7604307034012,812.3412895085961,812.3412895085961,923.7604307034012,923.7604307034012,812.3412895085961,812.3412895085961,923.7604307034012,923.7604307034012,812.3412895085961,812.3412895085961,923.7604307034012,923.7604307034012,812.3412895085961,812.3412895085961,923.7604307034012,923.7604307034014,3000.0,3000.0,3000.0,923.7604307034014,3000.0,3000.0,3000.0,923.7604307034014,3000.0,3000.0,3000.0,923.7604307034014,3000.0,3000.0,3000.0,3000.0,3000.0,3000.0,923.7604307034014,3000.0,3000.0,3000.0,923.7604307034014,3000.0,3000.0,3000.0,923.7604307034014,3000.0,3000.0,3000.0,923.7604307034014,923.7604307034012,812.3412895085961,812.3412895085961,923.7604307034012,923.7604307034012,812.3412895085961,812.3412895085961,923.7604307034012,923.7604307034012,812.3412895085961,812.3412895085961,923.7604307034012,923.7604307034012,812.3412895085961,812.3412895085961,923.7604307034012
2133,3000.0,2339.0435201304704,1244.5790614883301,923.7604307034013,3000.0,2339.0435201304704,1244.5790614883301,923.7604307034013,3000.0,2339.0435201304704,1244.5790614883301,923.7604307034013,3000.0,2339.0435201304704,1244.5790614883301,923.7604307034013,923.7604307034013,1244.5790614883301,2339.0435201304704,3000.0,923.7604307034013,1244.5790614883301,2339.0435201304704,3000.0,923.7604307034013,1244.5790614883301,2339.0435201304704,3000.0,923.7604307034013,1244.5790614883301,2339.0435201304704,3000.0,923.7604307034012,812.3412895085961,812.3412895085961,923.7604307034012,923.7604307034012,812.3412895085961,812.3412895085961,923.7604307034012,923.7604307034012,812.3412895085961,812.3412895085961,923.7604307034012,923.7604307034012,812.3412895085961,812.3412895085961,923.7604307034012,923.7604307034014,3000.0,3000.0,3000.0,923.7604307034014,3000.0,3000.0,3000.0,923.7604307034014,3000.0,3000.0,3000.0,923.7604307034014,3000.0,3000.0,3000.0,3000.0,3000.0,3000.0,923.7604307034014,3000.0,3000.0,3000.0,923.7604307034014,3000.0,3000.0,3000.0,923.7604307034014,3000.0,3000.0,3000.0,923.7604307034014,923.7604307034012,812.3412895085961,812.3412895085961,923.7604307034012,923.7604307034012,812.3412895085961,812.3412895085961,923.7604307034012,923.7604307034012,812.3412895085961,812.3412895085961,923.7604307034012,923.7604307034012,812.3412895085961,812.3412895085961,923.7604307034012
2200,3000.0,2339.0435201304704,1244.5790614883301,923.7604307034013,3000.0,2339.0435201304704,1244.5790614883301,923.7604307034013,3000.0,2339.0435201304704,1244.5790614883301,923.7604307034013,3000.0,2339.0435201304704,1244.5790614883301,923.7604307034013,923.7604307034013,1244.5790614883301,2339.0435201304704,3000.0,923.7604307034013,1244.5790614883301,2339.0435201304704,3000.0,923.7604307034013,1244.5790614883301,2339.0435201304704,3000.0,923.7604307034013,1244.5790614883301,2339.0435201304704,3000.0,923.7604307034012,812.3412895085961,812.3412895085961,923.7604307034012,923.7604307034012,812.3412895085961,812.3412895085961,923.7604307034012,923.7604307034012,812.3412895085961,812.3412895085961,923.7604307034012,923.7604307034012,812.3412895085961,812.3412895085961,923.7604307034012,923.7604307034014,3000.0,3000.0,3000.0,923.7604307034014,3000.0,3000.0,3000.0,923.7604307034014,3000.0,3000.0,3000.0,923.7604307034014,3000.0,3000.0,3000.0,3000.0,3000.0,3000.0,923.7604307034014,3000.0,3000.0,3000.0,923.7604307034014,3000.0,3000.0,3000.0,923.7604307034014,3000.0,3000.0,3000.0,923.7604307034014,923.7604307034012,812.3412895085961,812.3412895085961,923.7604307034012,923.7604307034012,812.3412895085961,812.3412895085961,923.7604307034012,923.7604307034012,812.3412895085961,812.3412895085961,923.7604307034012,923.7604307034012,812.3412895085961,812.3412895085961,923.7604307034012
2267,3000.0,2339.0435201304704,1244.5790614883301,923.7604307034013,3000.0,2339.0435201304704,1244.5790614883301,923.7604307034013,3000.0,2339.0435201304704,1244.5790614883301,923.7604307034013,3000.0,2339.0435201304704,1244.5790614883301,923.7604307034013,923.7604307034013,1244.5790614883301,2339.0435201304704,3000.0,923.7604307034013,1244.5790614883301,2339.0435201304704,3000.0,923.7604307034013,1244.5790614883301,2339.0435201304704,3000.0,923.7604307034013,1244.5790614883301,2339.0435201304704,3000.0,923.7604307034012,812.3412895085961,812.3412895085961,923.7604307034012,923.7604307034012,812.3412895085961,812.3412895085961,923.7604307034012,923.7604307034012,812.3412895085961,812.3412895085961,923.7604307034012,923.7604307034012,812.3412895085961,812.3412895085961,923.7604307034012,923.7604307034014,3000.0,3000.0,3000.0,923.7604307034014,3000.0,3000.0,3000.0,923.7604307034014,3000.0,3000.0,3000.0,923.7604307034014,3000.0,3000.0,3000.0,3000.0,3000.0,3000.0,923.7604307034014,3000.0,3000.0,3000.0,923.7604307034014,3000.0,3000.0,3000.0,923.7604307034014,3000.0,3000.0,3000.0,923.7604307034014,923.7604307034012,812.3412895085961,812.3412895085961,923.7604307034012,923.7604307034012,812.3412895085961,812.3412895085961,923.7604307034012,923.7604307034012,812.3412895085961,812.3412895085961,923.7604307034012,923.7604307034012,812.3412895085961,812.3412895085961,923.7604307034012
2333,3000.0,2339.0435201304704,1244.5790614883301,923.7604307034013,3000.0,2339.0435201304704,1244.5790614883301,923.7604307034013,3000.0,2339.0435201304704,1244.5790614883301,923.7604307034013,3000.0,2339.0435201304704,1244.5790614883301,923.7604307034013,923.7604307034013,1244.5790614883301,2339.0435201304704,3000.0,923.7604307034013,1244.5790614883301,2339.0435201304704,3000.0,923.7604307034013,1244.5790614883301,2339.0435201304704,3000.0,923.7604307034013,1244.5790614883301,2339.0435201304704,3000.0,923.7604307034012,812.3412895085961,812.3412895085961,923.7604307034012,923.7604307034012,812.3412895085961,812.3412895085961,923.7604307034012,923.7604307034012,812.3412895085961,812.3412895085961,923.7604307034012,923.7604307034012,812.3412895085961,812.3412895085961,923.7604307034012,923.7604307034014,3000.0,3000.0,3000.0,923.7604307034014,3000.0,3000.0,3000.0,923.7604307034014,3000.0,3000.0,3000.0,923.7604307034014,3000.0,3000.0,3000.0,3000.0,3000.0,3000.0,923.7604307034014,3000.0,3000.0,3000.0,923.7604307034014,3000.0,3000.0,3000.0,923.7604307034014,3000.0,3000.0,3000.0,923.7604307034014,923.7604307034012,812.3412895085961,812.3412895085961,923.7604307034012,923.7604307034012,812.3412895085961,812.3412895085961,923.7604307034012,923.7604307034012,812.3412895085961,812.3412895085961,923.7604307034012,923.7604307034012,812.3412895085961,812.3412895085961,923.7604307034012
2400,3000.0,2339.0435201304704,1244.5790614883301,923.7604307034013,3000.0,2339.0435201304704,1244.5790614883301,923.7604307034013,3000.0,2339.0435201304704,1244.5790614883301,923.7604307034013,3000.0,2339.0435201304704,1244.5790614883301,923.7604307034013,923.7604307034013,1244.5790614883301,2339.0435201304704,3000.0,923.7604307034013,1244.5790614883301,2339.0435201304704,3000.0,923.7604307034013,1244.5790614883301,2339.0435201304704,3000.0,923.7604307034013,1244.5790614883301,2339.0435201304704,3000.0,923.7604307034012,812.3412895085961,812.3412895085961,923.7604307034012,923.7604307034012,812.3412895085961,812.3412895085961,923.7604307034012,923.7604307034012,812.3412895085961,812.3412895085961,923.7604307034012,923.7604307034012,812.3412895085961,812.3412895085961,923.7604307034012,923.7604307034014,3000.0,3000.0,3000.0,923.7604307034014,3000.0,3000.0,3000.0,923.7604307034014,3000.0,3000.0,3000.0,923.7604307034014,3000.0,3000.0,3000.0,3000.0,3000.0,3000.0,923.7604307034014,3000.0,3000.0,3000.0,923.7604307034014,3000.0,3000.0,3000.0,923.7604307034014,3000.0,3000.0,3000.0,923.7604307034014,923.7604307034012,812.3412895085961,812.3412895085961,923.7604307034012,923.7604307034012,812.3412895085961,812.3412895085961,923.7604307034012,923.7604307034012,812.3412895085961,812.3412895085961,923.7604307034012,923.7604307034012,812.3412895085961,812.3412895085961,923.7604307034012
2467,3000.0,2339.0435201304704,1244.5790614883301,923.7604307034013,3000.0,2339.0435201304704,1244.5790614883301,923.7604307034013,3000.0,2339.0435201304704,1244.5790614883301,923.7604307034013,3000.0,2339.0435201304704,1244.5790614883301,923.7604307034013,923.7604307034013,1244.5790614883301,2339.0435201304704,3000.0,923.7604307034013,1244.5790614883301,2339.0435201304704,3000.0,923.7604307034013,1244.5790614883301,2339.0435201304704,3000.0,923.7604307034013,1244.5790614883301,2339.0435201304704,3000.0,923.7604307034012,812.3412895085961,812.3412895085961,923.7604307034012,923.7604307034012,812.3412895085961,812.3412895085961,923.7604307034012,923.7604307034012,812.3412895085961,812.3412895085961,923.7604307034012,923.7604307034012,812.3412895085961,812.3412895085961,923.7604307034012,923.7604307034014,3000.0,3000.0,3000.0,923.7604307034014,3000.0,3000.0,3000.0,923.7604307034014,3000.0,3000.0,3000.0,923.7604307034014,3000.0,3000.0,3000.0,3000.0,3000.0,3000.0,923.7604307034014,3000.0,3000.0,3000.0,923.7604307034014,3000.0,3000.0,3000.0,923.7604307034014,3000.0,3000.0,3000.0,923.7604307034014,923.7604307034012,812.3412895085961,812.3412895085961,923.7604307034012,923.7604307034012,812.3412895085961,812.3412895085961,923.7604307034012,923.7604307034012,812.3412895085961,812.3412895085961,923.7604307034012,923.7604307034012,812.3412895085961,812.3412895085961,923.7604307034012
2533,3000.0,2339.0435201304704,1244.5790614883301,923.7604307034013,3000.0,2339.0435201304704,1244.5790614883301,923.7604307034013,3000.0,2339.0435201304704,1244.5790614883301,923.7604307034013,3000.0,2339.0435201304704,1244.5790614883301,923.7604307034013,923.7604307034013,1244.5790614883301,2339.0435201304704,3000.0,923.7604307034013,1244.5790614883301,2339.0435201304704,3000.0,923.7604307034013,1244.5790614883301,2339.0435201304704,3000.0,923.7604307034013,1244.5790614883301,2339.0435201304704,3000.0,923.7604307034012,812.3412895085961,812.3412895085961,923.7604307034012,923.7604307034012,812.3412895085961,812.3412895085961,923.7604307034012,923.7604307034012,812.3412895085961,812.3412895085961,923.7604307034012,923.7604307034012,812.3412895085961,812.3412895085961,923.7604307034012,923.7604307034014,3000.0,3000.0,3000.0,923.7604307034014,3000.0,3000.0,3000.0,923.7604307034014,3000.0,3000.0,3000.0,923.7604307034014,3000.0,3000.0,3000.0,3000.0,3000.0,3000.0,923.7604307034014,3000.0,3000.0,3000.0,923.7604307034014,3000.0,3000.0,3000.0,923.7604307034014,3000.0,3000.0,3000.0,923.7604307034014,923.7604307034012,812.3412895085961,812.3412895085961,923.7604307034012,923.7604307034012,812.3412895085961,812.3412895085961,923.7604307034012,923.7604307034012,812.3412895085961,812.3412895085961,923.7604307034012,923.7604307034012,812.3412895085961,812.3412895085961,923.7604307034012
2600,3000.0,2339.0435201304704,1244.5790614883301,923.7604307034013,3000.0,2339.0435201304704,1244.5790614883301,923.7604307034013,3000.0,2339.0435201304704,1244.5790614883301,923.7604307034013,3000.0,2339.0435201304704,1244.5790614883301,923.7604307034013,923.7604307034013,1244.5790614883301,2339.0435201304704,3000.0,923.7604307034013,1244.5790614883301,2339.0435201304704,3000.0,923.7604307034013,1244.5790614883301,2339.0435201304704,3000.0,923.7604307034013,1244.5790614883301,2339.0435201304704,3000.0,923.7604307034012,812.3412895085961,812.3412895085961,923.7604307034012,923.7604307034012,812.3412895085961,812.3412895085961,923.7604307034012,923.7604307034012,812.3412895085961,812.3412895085961,923.7604307034012,923.7604307034012,812.3412895085961,812.3412895085961,923.7604307034012,923.7604307034014,3000.0,3000.0,3000.0,923.7604307034014,3000.0,3000.0,3000.0,923.7604307034014,3000.0,3000.0,3000.0,923.7604307034014,3000.0,3000.0,3000.0,3000.0,3000.0,3000.0,923.7604307034014,3000.0,3000.0,3000.0,923.7604307034014,3000.0,3000.0,3000.0,923.7604307034014,3000.0,3000.0,3000.0,923.7604307034014,923.7604307034012,812.3412895085961,812.3412895085961,923.7604307034012,923.7604307034012,812.3412895085961,812.3412895085961,923.7604307034012,923.7604307034012,812.3412895085961,812.3412895085961,923.7604307034012,923.7604307034012,812.3412895085961,812.3412895085961,923.7604307034012
2667,3000.0,2339.0435201304704,1244.5790614883301,923.7604307034013,3000.0,2339.0435201304704,1244.5790614883301,923.7604307034013,3000.0,2339.0435201304704,1244.5790614883301,923.7604307034013,3000.0,2339.0435201304704,1244.5790614883301,923.7604307034013,923.7604307034013,1244.5790614883301,2339.0435201304704,3000.0,923.7604307034013,1244.5790614883301,2339.0435201304704,3000.0,923.7604307034013,1244.5790614883301,2339.0435201304704,3000.0,923.7604307034013,1244.5790614883301,2339.0435201304704,3000.0,923.7604307034012,812.3412895085961,812.3412895085961,923.7604307034012,923.7604307034012,812.3412895085961,812.3412895085961,923.7604307034012,923.7604307034012,812.3412895085961,812.3412895085961,923.7604307034012,923.7604307034012,812.3412895085961,812.3412895085961,923.7604307034012,923.7604307034014,3000.0,3000.0,3000.0,923.7604307034014,3000.0,3000.0,3000.0,923.7604307034014,3000.0,3000.0,3000.0,923.7604307034014,3000.0,3000.0,3000.0,3000.0,3000.0,3000.0,923.7604307034014,3000.0,3000.0,3000.0,923.7604307034014,3000.0,3000.0,3000.0,923.7604307034014,3000.0,3000.0,3000.0,923.7604307034014,923.7604307034012,812.3412895085961,812.3412895085961,923.7604307034012,923.7604307034012,812.3412895085961,812.3412895085961,923.7604307034012,923.7604307034012,812.3412895085961,812.3412895085961,923.7604307034012,923.7604307034012,812.3412895085961,812.3412895085961,923.7604307034012
2733,3000.0,2339.0435201304704,1244.5790614883301,923.7604307034013,3000.0,2339.0435201304704,1244.5790614883301,923.7604307034013,3000.0,2339.0435201304704,1244.5790614883301,923.7604307034013,3000.0,2339.0435201304704,1244.5790614883301,923.7604307034013,923.7604307034013,1244.5790614883301,2339.0435201304704,3000.0,923.7604307034013,1244.5790614883301,2339.0435201304704,3000.0,923.7604307034013,1244.5790614883301,2339.0435201304704,3000.0,923.7604307034013,1244.5790614883301,2339.0435201304704,3000.0,923.7604307034012,812.3412895085961,812.3412895085961,923.7604307034012,923.7604307034012,812.3412895085961,812.3412895085961,923.7604307034012,923.7604307034012,812.3412895085961,812.3412895085961,923.7604307034012,923.7604307034012,812.3412895085961,812.3412895085961,923.7604307034012,923.7604307034014,1244.5790614883304,3000.0,3000.0,923.7604307034014,1244.5790614883304,3000.0,3000.0,923.7604307034014,1244.5790614883304,3000.0,3000.0,923.7604307034014,1244.5790614883304,3000.0,3000.0,3000.0,3000.0,1244.5790614883304,923.7604307034014,3000.0,3000.0,1244.5790614883304,923.7604307034014,3000.0,3000.0,1244.5790614883304,923.7604307034014,3000.0,3000.0,1244.5790614883304,923.7604307034014,923.7604307034012,812.3412895085961,812.3412895085961,923.7604307034012,923.7604307034012,812.3412895085961,812.3412895085961,923.7604307034012,923.7604307034012,812.3412895085961,812.3412895085961,923.7604307034012,923.7604307034012,812.3412895085961,812.3412895085961,923.7604307034012
2800,3000.0,2339.0435201304704,1244.5790614883301,923.7604307034013,3000.0,2339.0435201304704,1244.5790614883301,923.7604307034013,3000.0,2339.0435201304704,1244.5790614883301,923.7604307034013,3000.0,2339.0435201304704,1244.5790614883301,923.7604307034013,923.7604307034013,1244.5790614883301,2339.0435201304704,3000.0,923.7604307034013,1244.5790614883301,2339.0435201304704,3000.0,923.7604307034013,1244.5790614883301,2339.0435201304704,3000.0,923.7604307034013,1244.5790614883301,2339.0435201304704,3000.0,923.7604307034012,812.3412895085961,812.3412895085961,923.7604307034012,923.7604307034012,812.3412895085961,812.3412895085961,923.7604307034012,923.7604307034012,812.3412895085961,812.3412895085961,923.7604307034012,923.7604307034012,812.3412895085961,812.3412895085961,923.7604307034012,923.7604307034014,1244.5790614883304,3000.0,3000.0,923.7604307034014,1244.5790614883304,3000.0,3000.0,923.7604307034014,1244.5790614883304,3000.0,3000.0,923.7604307034014,1244.5790614883304,3000.0,3000.0,3000.0,3000.0,1244.5790614883304,923.7604307034014,3000.0,3000.0,1244.5790614883304,923.7604307034014,3000.0,3000.0,1244.5790614883304,923.7604307034014,3000.0,3000.0,1244.5790614883304,923.7604307034014,923.7604307034012,812.3412895085961,812.3412895085961,923.7604307034012,923.7604307034012,812.3412895085961,812.3412895085961,923.7604307034012,923.7604307034012,812.3412895085961,812.3412895085961,923.7604307034012,923.7604307034012,812.3412895085961,812.3412895085961,923.7604307034012
2867,3000.0,2339.0435201304704,1244.5790614883301,923.7604307034013,3000.0,2339.0435201304704,1244.5790614883301,923.7604307034013,3000.0,2339.0435201304704,1244.5790614883301,923.7604307034013,3000.0,2339.0435201304704,1244.5790614883301,923.7604307034013,923.7604307034013,1244.5790614883301,2339.0435201304704,3000.0,923.7604307034013,1244.5790614883301,2339.0435201304704,3000.0,923.7604307034013,1244.5790614883301,2339.0435201304704,3000.0,923.7604307034013,1244.5790614883301,2339.0435201304704,3000.0,923.7604307034012,812.3412895085961,812.3412895085961,923.7604307034012,923.7604307034012,812.3412895085961,812.3412895085961,923.7604307034012,923.7604307034012,812.3412895085961,812.3412895085961,923.7604307034012,923.7604307034012,812.3412895085961,812.3412895085961,923.7604307034012,923.7604307034014,1244.5790614883304,3000.0,3000.0,923.7604307034014,1244.5790614883304,3000.0,3000.0,923.7604307034014,1244.5790614883304,3000.0,3000.0,923.7604307034014,1244.5790614883304,3000.0,3000.0,3000.0,3000.0,1244.5790614883304,923.7604307034014,3000.0,3000.0,1244.5790614883304,923.7604307034014,3000.0,3000.0,1244.5790614883304,923.7604307034014,3000.0,3000.0,1244.5790614883304,923.7604307034014,923.7604307034012,812.3412895085961,812.3412895085961,923.7604307034012,923.7604307034012,812.3412895085961,812.3412895085961,923.7604307034012,923.7604307034012,812.3412895085961,812.3412895085961,923.7604307034012,923.7604307034012,812.3412895085961,812.3412895085961,923.7604307034012
2933,3000.0,2339.0435201304704,1244.5790614883301,923.7604307034013,3000.0,2339.0435201304704,1244.5790614883301,923.7604307034013,3000.0,2339.0435201304704,1244.5790614883301,923.7604307034013,3000.0,2339.0435201304704,1244.5790614883301,923.7604307034013,923.7604307034013,1244.5790614883301,2339.0435201304704,3000.0,923.7604307034013,1244.5790614883301,2339.0435201304704,3000.0,923.7604307034013,1244.5790614883301,2339.0435201304704,3000.0,923.7604307034013,1244.5790614883301,2339.0435201304704,3000.0,923.7604307034012,812.3412895085961,812.3412895085961,923.7604307034012,923.7604307034012,812.3412895085961,812.3412895085961,923.7604307034012,923.7604307034012,812.3412895085961,812.3412895085961,923.7604307034012,923.7604307034012,812.3412895085961,812.3412895085961,923.7604307034012,923.7604307034014,1244.5790614883304,3000.0,3000.0,923.7604307034014,1244.5790614883304,3000.0,3000.0,923.7604307034014,1244.5790614883304,3000.0,3000.0,923.7604307034014,1244.5790614883304,3000.0,3000.0,3000.0,3000.0,1244.5790614883304,923.7604307034014,3000.0,3000.0,1244.5790614883304,923.7604307034014,3000.0,3000.0,1244.5790614883304,923.7604307034014,3000.0,3000.0,1244.5790614883304,923.7604307034014,923.7604307034012,812.3412895085961,812.3412895085961,923.7604307034012,923.7604307034012,812.3412895085961,812.3412895085961,923.7604307034012,923.7604307034012,812.3412895085961,812.3412895085961,923.7604307034012,923.7604307034012,812.3412895085961,812.3412895085961,923.7604307034012
3000,3000.0,2339.0435201304704,1244.5790614883301,923.7604307034013,3000.0,2339.0435201304704,1244.5790614883301,923.7604307034013,3000.0,2339.0435201304704,1244.5790614883301,923.7604307034013,3000.0,2339.0435201304704,1244.5790614883301,923.7604307034013,923.7604307034013,1244.5790614883301,2339.0435201304704,3000.0,923.7604307034013,1244.5790614883301,2339.0435201304704,3000.0,923.7604307034013,1244.5790614883301,2339.0435201304704,3000.0,923.7604307034013,1244.5790614883301,2339.0435201304704,3000.0,923.7604307034012,812.3412895085961,812.3412895085961,923.7604307034012,923.7604307034012,812.3412895085961,812.3412895085961,923.7604307034012,923.7604307034012,812.3412895085961,812.3412895085961,923.7604307034012,923.7604307034012,812.3412895085961,812.3412895085961,923.7604307034012,923.7604307034014,1244.5790614883304,3000.0,3000.0,923.7604307034014,1244.5790614883304,3000.0,3000.0,923.7604307034014,1244.5790614883304,3000.0,3000.0,923.7604307034014,1244.5790614883304,3000.0,3000.0,3000.0,3000.0,1244.5790614883304,923.7604307034014,3000.0,3000.0,1244.5790614883304,923.7604307034014,3000.0,3000.0,1244.5790614883304,923.7604307034014,3000.0,3000.0,1244.5790614883304,923.7604307034014,923.7604307034012,812.3412895085961,812.3412895085961,923.7604307034012,923.7604307034012,812.3412895085961,812.3412895085961,923.7604307034012,923.7604307034012,812.3412895085961,812.3412895085961,923.7604307034012,923.7604307034012,812.3412895085961,812.3412895085961,923.7604307034012
3067,3000.0,2339.0435201304704,1244.5790614883301,923.7604307034013,3000.0,2339.0435201304704,1244.5790614883301,923.7604307034013,3000.0,2339.0435201304704,1244.5790614883301,923.7604307034013,3000.0,2339.0435201304704,1244.5790614883301,923.7604307034013,923.7604307034013,1244.5790614883301,2339.0435201304704,3000.0,923.7604307034013,1244.5790614883301,2339.0435201304704,3000.0,923.7604307034013,1244.5790614883301,2339.0435201304704,3000.0,923.7604307034013,1244.5790614883301,2339.0435201304704,3000.0,923.7604307034012,812.3412895085961,812.3412895085961,923.7604307034012,923.7604307034012,812.3412895085961,812.3412895085961,923.7604307034012,923.7604307034012,812.3412895085961,812.3412895085961,923.7604307034012,923.7604307034012,812.3412895085961,812.3412895085961,923.7604307034012,923.7604307034014,1244.5790614883304,3000.0,3000.0,923.7604307034014,1244.5790614883304,3000.0,3000.0,923.7604307034014,1244.5790614883304,3000.0,3000.0,923.7604307034014,1244.5790614883304,3000.0,3000.0,3000.0,3000.0,1244.5790614883304,923.7604307034014,3000.0,3000.0,1244.5790614883304,923.7604307034014,3000.0,3000.0,1244.5790614883304,923.7604307034014,3000.0,3000.0,1244.5790614883304,923.7604307034014,923.7604307034012,812.3412895085961,812.3412895085961,923.7604307034012,923.7604307034012,812.3412895085961,812.3412895085961,923.7604307034012,923.7604307034012,812.3412895085961,812.3412895085961,923.7604307034012,923.7604307034012,812.3412895085961,812.3412895085961,923.7604307034012
3133,3000.0,2339.0435201304704,1244.5790614883301,923.7604307034013,3000.0,2339.0435201304704,1244.5790614883301,923.7604307034013,3000.0,2339.0435201304704,1244.5790614883301,923.7604307034013,3000.0,2339.0435201304704,1244.5790614883301,923.7604307034013,923.7604307034013,1244.5790614883301,2339.0435201304704,3000.0,923.7604307034013,1244.5790614883301,2339.0435201304704,3000.0,923.7604307034013,1244.5790614883301,2339.0435201304704,3000.0,923.7604307034013,1244.5790614883301,2339.0435201304704,3000.0,923.7604307034012,812.3412895085961,812.3412895085961,923.7604307034012,923.7604307034012,812.3412895085961,812.3412895085961,923.7604307034012,923.7604307034012,812.3412895085961,812.3412895085961,923.7604307034012,923.7604307034012,812.3412895085961,812.3412895085961,923.7604307034012,923.7604307034014,1244.5790614883304,3000.0,3000.0,923.7604307034014,1244.5790614883304,3000.0,3000.0,923.7604307034014,1244.5790614883304,3000.0,3000.0,923.7604307034014,1244.5790614883304,3000.0,3000.0,3000.0,3000.0,1244.5790614883304,923.7604307034014,3000.0,3000.0,1244.5790614883304,923.7604307034014,3000.0,3000.0,1244.5790614883304,923.7604307034014,3000.0,3000.0,1244.5790614883304,923.7604307034014,923.7604307034012,812.3412895085961,812.3412895085961,923.7604307034012,923.7604307034012,812.3412895085961,812.3412895085961,923.7604307034012,923.7604307034012,812.3412895085961,812.3412895085961,923.7604307034012,923.7604307034012,812.3412895085961,812.3412895085961,923.7604307034012
3200,3000.0,2339.0435201304704,1244.5790614883301,923.7604307034013,3000.0,2339.0435201304704,1244.5790614883301,923.7604307034013,3000.0,2339.0435201304704,1244.5790614883301,923.7604307034013,3000.0,2339.0435201304704,1244.5790614883301,923.7604307034013,923.7604307034013,1244.5790614883301,2339.0435201304704,3000.0,923.7604307034013,1244.5790614883301,2339.0435201304704,3000.0,923.7604307034013,1244.5790614883301,2339.0435201304704,3000.0,923.7604307034013,1244.5790614883301,2339.0435201304704,3000.0,923.7604307034012,812.3412895085961,812.3412895085961,923.7604307034012,923.7604307034012,812.3412895085961,812.3412895085961,923.7604307034012,923.7604307034012,812.3412895085961,812.3412895085961,923.7604307034012,923.7604307034012,812.3412895085961,812.3412895085961,923.7604307034012,923.7604307034014,1244.5790614883304,3000.0,3000.0,923.7604307034014,1244.5790614883304,3000.0,3000.0,923.7604307034014,1244.5790614883304,3000.0,3000.0,923.7604307034014,1244.5790614883304,3000.0,3000.0,3000.0,3000.0,1244.5790614883304,923.7604307034014,3000.0,3000.0,1244.5790614883304,923.7604307034014,3000.0,3000.0,1244.5790614883304,923.7604307034014,3000.0,3000.0,1244.5790614883304,923.7604307034014,923.7604307034012,812.3412895085961,812.3412895085961,923.7604307034012,923.7604307034012,812.3412895085961,812.3412895085961,923.7604307034012,923.7604307034012,812.3412895085961,812.3412895085961,923.7604307034012,923.7604307034012,812.3412895085961,812.3412895085961,923.7604307034012
3267,3000.0,2339.0435201304704,1244.5790614883301,923.7604307034013,3000.0,2339.0435201304704,1244.5790614883301,923.7604307034013,3000.0,2339.0435201304704,1244.5790614883301,923.7604307034013,3000.0,2339.0435201304704,1244.5790614883301,923.7604307034013,923.7604307034013,1244.5790614883301,2339.0435201304704,3000.0,923.7604307034013,1244.5790614883301,2339.0435201304704,3000.0,923.7604307034013,1244.5790614883301,2339.0435201304704,3000.0,923.7604307034013,1244.5790614883301,2339.0435201304704,3000.0,923.7604307034012,812.3412895085961,812.3412895085961,923.7604307034012,923.7604307034012,812.3412895085961,812.3412895085961,923.7604307034012,923.7604307034012,812.3412895085961,812.3412895085961,923.7604307034012,923.7604307034012,812.3412895085961,812.3412895085961,923.7604307034012,923.7604307034014,1244.5790614883304,3000.0,3000.0,923.7604307034014,1244.5790614883304,3000.0,3000.0,923.7604307034014,1244.5790614883304,3000.0,3000.0,923.7604307034014,1244.5790614883304,3000.0,3000.0,3000.0,3000.0,1244.5790614883304,923.7604307034014,3000.0,3000.0,1244.5790614883304,923.7604307034014,3000.0,3000.0,1244.5790614883304,923.7604307034014,3000.0,3000.0,1244.5790614883304,923.7604307034014,923.7604307034012,812.3412895085961,812.3412895085961,923.7604307034012,923.7604307034012,812.3412895085961,812.3412895085961,923.7604307034012,923.7604307034012,812.3412895085961,812.3412895085961,923.7604307034012,923.7604307034012,812.3412895085961,812.3412895085961,923.7604307034012
3333,3000.0,2339.0435201304704,1244.5790614883301,923.7604307034013,3000.0,2339.0435201304704,1244.5790614883301,923.7604307034013,3000.0,2339.0435201304704,1244.5790614883301,923.7604307034013,3000.0,2339.0435201304704,1244.5790614883301,923.7604307034013,923.7604307034013,1244.5790614883301,2339.0435201304704,3000.0,923.7604307034013,1244.5790614883301,2339.0435201304704,3000.0,923.7604307034013,1244.5790614883301,2339.0435201304704,3000.0,923.7604307034013,1244.5790614883301,2339.0435201304704,3000.0,923.7604307034012,812.3412895085961,812.3412895085961,923.7604307034012,923.7604307034012,812.3412895085961,812.3412895085961,923.7604307034012,923.7604307034012,812.3412895085961,812.3412895085961,923.7604307034012,923.7604307034012,812.3412895085961,812.3412895085961,923.7604307034012,923.7604307034014,1244.5790614883304,3000.0,3000.0,923.7604307034014,1244.5790614883304,3000.0,3000.0,923.7604307034014,1244.5790614883304,3000.0,3000.0,923.7604307034014,1244.5790614883304,3000.0,3000.0,3000.0,3000.0,1244.5790614883304,923.7604307034014,3000.0,3000.0,1244.5790614883304,923.7604307034014,3000.0,3000.0,1244.5790614883304,923.7604307034014,3000.0,3000.0,1244.5790614883304,923.7604307034014,923.7604307034012,812.3412895085961,812.3412895085961,923.7604307034012,923.7604307034012,812.3412895085961,812.3412895085961,923.7604307034012,923.7604307034012,812.3412895085961,812.3412895085961,923.7604307034012,923.7604307034012,812.3412895085961,812.3412895085961,923.7604307034012
3400,3000.0,2339.0435201304704,1244.5790614883301,923.7604307034013,3000.0,2339.0435201304704,1244.5790614883301,923.7604307034013,3000.0,2339.0435201304704,1244.5790614883301,923.7604307034013,3000.0,2339.0435201304704,1244.5790614883301,923.7604307034013,923.7604307034013,1244.5790614883301,2339.0435201304704,3000.0,923.7604307034013,1244.5790614883301,2339.0435201304704,3000.0,923.7604307034013,1244.5790614883301,2339.0435201304704,3000.0,923.7604307034013,1244.5790614883301,2339.0435201304704,3000.0,923.7604307034012,812.3412895085961,812.3412895085961,923.7604307034012,923.7604307034012,812.3412895085961,812.3412895085961,923.7604307034012,923.7604307034012,812.3412895085961,812.3412895085961,923.7604307034012,923.7604307034012,812.3412895085961,812.3412895085961,923.7604307034012,923.7604307034014,1244.5790614883304,3000.0,3000.0,923.7604307034014,1244.5790614883304,3000.0,3000.0,923.7604307034014,1244.5790614883304,3000.0,3000.0,923.7604307034014,1244.5790614883304,3000.0,3000.0,3000.0,3000.0,1244.5790614883304,923.7604307034014,3000.0,3000.0,1244.5790614883304,923.7604307034014,3000.0,3000.0,1244.5790614883304,923.7604307034014,3000.0,3000.0,1244.5790614883304,923.7604307034014,923.7604307034012,812.3412895085961,812.3412895085961,923.7604307034012,923.7604307034012,812.3412895085961,812.3412895085961,923.7604307034012,923.7604307034012,812.3412895085961,812.3412895085961,923.7604307034012,923.7604307034012,812.3412895085961,812.3412895085961,923.7604307034012
3467,3000.0,2339.0435201304704,1244.5790614883301,923.7604307034013,3000.0,2339.0435201304704,1244.5790614883301,923.7604307034013,3000.0,2339.0435201304704,1244.5790614883301,923.7604307034013,3000.0,2339.0435201304704,1244.5790614883301,923.7604307034013,923.7604307034013,1244.5790614883301,2339.0435201304704,3000.0,923.7604307034013,1244.5790614883301,2339.0435201304704,3000.0,923.7604307034013,1244.5790614883301,2339.0435201304704,3000.0,923.7604307034013,1244.5790614883301,2339.0435201304704,3000.0,923.7604307034012,812.3412895085961,812.3412895085961,923.7604307034012,923.7604307034012,812.3412895085961,812.3412895085961,923.7604307034012,923.7604307034012,812.3412895085961,812.3412895085961,923.7604307034012,923.7604307034012,812.3412895085961,812.3412895085961,923.7604307034012,923.7604307034014,1244.5790614883304,3000.0,3000.0,923.7604307034014,1244.5790614883304,3000.0,3000.0,923.7604307034014,1244.5790614883304,3000.0,3000.0,923.7604307034014,1244.5790614883304,3000.0,3000.0,3000.0,3000.0,1244.5790614883304,923.7604307034014,3000.0,3000.0,1244.5790614883304,923.7604307034014,3000.0,3000.0,1244.5790614883304,923.7604307034014,3000.0,3000.0,1244.5790614883304,923.7604307034014,923.7604307034012,812.3412895085961,812.3412895085961,923.7604307034012,923.7604307034012,812.3412895085961,812.3412895085961,923.7604307034012,923.7604307034012,812.3412895085961,812.3412895085961,923.7604307034012,923.7604307034012,812.3412895085961,812.3412895085961,923.7604307034012
3533,3000.0,2339.0435201304704,1244.5790614883301,923.7604307034013,3000.0,2339.0435201304704,1244.5790614883301,923.7604307034013,3000.0,2339.0435201304704,1244.5790614883301,923.7604307034013,3000.0,2339.0435201304704,1244.5790614883301,923.7604307034013,923.7604307034013,1244.5790614883301,2339.0435201304704,3000.0,923.7604307034013,1244.5790614883301,2339.0435201304704,3000.0,923.7604307034013,1244.5790614883301,2339.0435201304704,3000.0,923.7604307034013,1244.5790614883301,2339.0435201304704,3000.0,923.7604307034012,812.3412895085961,812.3412895085961,923.7604307034012,923.7604307034012,812.3412895085961,812.3412895085961,923.7604307034012,923.7604307034012,812.3412895085961,812.3412895085961,923.7604307034012,923.7604307034012,812.3412895085961,812.3412895085961,923.7604307034012,923.7604307034014,1244.5790614883304,3000.0,3000.0,923.7604307034014,1244.5790614883304,3000.0,3000.0,923.7604307034014,1244.5790614883304,3000.0,3000.0,923.7604307034014,1244.5790614883304,3000.0,3000.0,3000.0,3000.0,1244.5790614883304,923.7604307034014,3000.0,3000.0,1244.5790614883304,923.7604307034014,3000.0,3000.0,1244.5790614883304,923.7604307034014,3000.0,3000.0,1244.5790614883304,923.7604307034014,923.7604307034012,812.3412895085961,812.3412895085961,923.7604307034012,923.7604307034012,812.3412895085961,812.3412895085961,923.7604307034012,923.7604307034012,812.3412895085961,812.3412895085961,923.7604307034012,923.7604307034012,812.3412895085961,812.3412895085961,923.7604307034012
3600,3000.0,2339.0435201304704,1244.5790614883301,923.7604307034013,3000.0,2339.0435201304704,1244.5790614883301,923.7604307034013,3000.0,2339.0435201304704,1244.5790614883301,923.7604307034013,3000.0,2339.0435201304704,1244.5790614883301,923.7604307034013,923.7604307034013,1244.5790614883301,2339.0435201304704,3000.0,923.7604307034013,1244.5790614883301,2339.0435201304704,3000.0,923.7604307034013,1244.5790614883301,2339.0435201304704,3000.0,923.7604307034013,1244.5790614883301,2339.0435201304704,3000.0,923.7604307034012,812.3412895085961,812.3412895085961,923.7604307034012,923.7604307034012,812.3412895085961,812.3412895085961,923.7604307034012,923.7604307034012,812.3412895085961,812.3412895085961,923.7604307034012,923.7604307034012,812.3412895085961,812.3412895085961,923.7604307034012,923.7604307034014,1244.5790614883304,3000.0,3000.0,923.7604307034014,1244.5790614883304,3000.0,3000.0,923.7604307034014,1244.5790614883304,3000.0,3000.0,923.7604307034014,1244.5790614883304,3000.0,3000.0,3000.0,3000.0,1244.5790614883304,923.7604307034014,3000.0,3000.0,1244.5790614883304,923.7604307034014,3000.0,3000.0,1244.5790614883304,923.7604307034014,3000.0,3000.0,1244.5790614883304,923.7604307034014,923.7604307034012,812.3412895085961,812.3412895085961,923.7604307034012,923.7604307034012,812.3412895085961,812.3412895085961,923.7604307034012,923.7604307034012,812.3412895085961,812.3412895085961,923.7604307034012,923.7604307034012,812.3412895085961,812.3412895085961,923.7604307034012
3667,3000.0,2339.0435201304704,1244.5790614883301,923.7604307034013,3000.0,2339.0435201304704,1244.5790614883301,923.7604307034013,3000.0,2339.0435201304704,1244.5790614883301,923.7604307034013,3000.0,2339.0435201304704,1244.5790614883301,923.7604307034013,923.7604307034013,1244.5790614883301,2339.0435201304704,3000.0,923.7604307034013,1244.5790614883301,2339.0435201304704,3000.0,923.7604307034013,1244.5790614883301,2339.0435201304704,3000.0,923.7604307034013,1244.5790614883301,2339.0435201304704,3000.0,923.7604307034012,812.3412895085961,812.3412895085961,923.7604307034012,923.7604307034012,812.3412895085961,812.3412895085961,923.7604307034012,923.7604307034012,812.3412895085961,812.3412895085961,923.7604307034012,923.7604307034012,812.3412895085961,812.3412895085961,923.7604307034012,923.7604307034014,1244.5790614883304,3000.0,3000.0,923.7604307034014,1244.5790614883304,3000.0,3000.0,923.7604307034014,1244.5790614883304,3000.0,3000.0,923.7604307034014,1244.5790614883304,3000.0,3000.0,3000.0,3000.0,1244.5790614883304,923.7604307034014,3000.0,3000.0,1244.5790614883304,923.7604307034014,3000.0,3000.0,1244.5790614883304,923.7604307034014,3000.0,3000.0,1244.5790614883304,923.7604307034014,923.7604307034012,812.3412895085961,812.3412895085961,923.7604307034012,923.7604307034012,812.3412895085961,812.3412895085961,923.7604307034012,923.7604307034012,812.3412895085961,812.3412895085961,923.7604307034012,923.7604307034012,812.3412895085961,812.3412895085961,923.7604307034012
3733,3000.0,2339.0435201304704,1244.5790614883301,923.7604307034013,3000.0,2339.0435201304704,1244.5790614883301,923.7604307034013,3000.0,2339.0435201304704,1244.5790614883301,923.7604307034013,3000.0,2339.0435201304704,1244.5790614883301,923.7604307034013,923.7604307034013,1244.5790614883301,2339.0435201304704,3000.0,923.7604307034013,1244.5790614883301,2339.0435201304704,3000.0,923.7604307034013,1244.5790614883301,2339.0435201304704,3000.0,923.7604307034013,1244.5790614883301,2339.0435201304704,3000.0,923.7604307034012,812.3412895085961,812.3412895085961,923.7604307034012,923.7604307034012,812.3412895085961,812.3412895085961,923.7604307034012,923.7604307034012,812.3412895085961,812.3412895085961,923.7604307034012,923.7604307034012,812.3412895085961,812.3412895085961,923.7604307034012,923.7604307034014,1244.5790614883304,3000.0,3000.0,923.7604307034014,1244.5790614883304,3000.0,3000.0,923.7604307034014,1244.5790614883304,3000.0,3000.0,923.7604307034014,1244.5790614883304,3000.0,3000.0,3000.0,3000.0,1244.5790614883304,923.7604307034014,3000.0,3000.0,1244.5790614883304,923.7604307034014,3000.0,3000.0,1244.5790614883304,923.7604307034014,3000.0,3000.0,1244.5790614883304,923.7604307034014,923.7604307034012,812.3412895085961,812.3412895085961,923.7604307034012,923.7604307034012,812.3412895085961,812.3412895085961,923.7604307034012,923.7604307034012,812.3412895085961,812.3412895085961,923.7604307034012,923.7604307034012,812.3412895085961,812.3412895085961,923.7604307034012
3800,3000.0,2339.0435201304704,1244.5790614883301,923.7604307034013,3000.0,2339.0435201304704,1244.5790614883301,923.7604307034013,3000.0,2339.0435201304704,1244.5790614883301,923.7604307034013,3000.0,2339.0435201304704,1244.5790614883301,923.7604307034013,923.7604307034013,1244.5790614883301,2339.0435201304704,3000.0,923.7604307034013,1244.5790614883301,2339.0435201304704,3000.0,923.7604307034013,1244.5790614883301,2339.0435201304704,3000.0,923.7604307034013,1244.5790614883301,2339.0435201304704,3000.0,923.7604307034012,812.3412895085961,812.3412895085961,923.7604307034012,923.7604307034012,812.3412895085961,812.3412895085961,923.7604307034012,923.7604307034012,812.3412895085961,812.3412895085961,923.7604307034012,923.7604307034012,812.3412895085961,812.3412895085961,923.7604307034012,923.7604307034014,1244.5790614883304,3000.0,3000.0,923.7604307034014,1244.5790614883304,3000.0,3000.0,923.7604307034014,1244.5790614883304,3000.0,3000.0,923.7604307034014,1244.5790614883304,3000.0,3000.0,3000.0,3000.0,1244.5790614883304,923.7604307034014,3000.0,3000.0,1244.5790614883304,923.7604307034014,3000.0,3000.0,1244.5790614883304,923.7604307034014,3000.0,3000.0,1244.5790614883304,923.7604307034014,923.7604307034012,812.3412895085961,812.3412895085961,923.7604307034012,923.7604307034012,812.3412895085961,812.3412895085961,923.7604307034012,923.7604307034012,812.3412895085961,812.3412895085961,923.7604307034012,923.7604307034012,812.3412895085961,812.3412895085961,923.7604307034012
3867,3000.0,2339.0435201304704,1244.5790614883301,923.7604307034013,3000.0,2339.0435201304704,1244.5790614883301,923.7604307034013,3000.0,2339.0435201304704,1244.5790614883301,923.7604307034013,3000.0,2339.0435201304704,1244.5790614883301,923.7604307034013,923.7604307034013,1244.5790614883301,2339.0435201304704,3000.0,923.7604307034013,1244.5790614883301,2339.0435201304704,3000.0,923.7604307034013,1244.5790614883301,2339.0435201304704,3000.0,923.7604307034013,1244.5790614883301,2339.0435201304704,3000.0,923.7604307034012,812.3412895085961,812.3412895085961,923.7604307034012,923.7604307034012,812.3412895085961,812.3412895085961,923.7604307034012,923.7604307034012,812.3412895085961,812.3412895085961,923.7604307034012,923.7604307034012,812.3412895085961,812.3412895085961,923.7604307034012,923.7604307034014,1244.5790614883304,3000.0,3000.0,923.7604307034014,1244.5790614883304,3000.0,3000.0,923.7604307034014,1244.5790614883304,3000.0,3000.0,923.7604307034014,1244.5790614883304,3000.0,3000.0,3000.0,3000.0,1244.5790614883304,923.7604307034014,3000.0,3000.0,1244.5790614883304,923.7604307034014,3000.0,3000.0,1244.5790614883304,923.7604307034014,3000.0,3000.0,1244.5790614883304,923.7604307034014,923.7604307034012,812.3412895085961,812.3412895085961,923.7604307034012,923.7604307034012,812.3412895085961,812.3412895085961,923.7604307034012,923.7604307034012,812.3412895085961,812.3412895085961,923.7604307034012,923.7604307034012,812.3412895085961,812.3412895085961,923.7604307034012
3933,3000.0,2339.0435201304704,1244.5790614883301,923.7604307034013,3000.0,2339.0435201304704,1244.5790614883301,923.7604307034013,3000.0,2339.0435201304704,1244.5790614883301,923.7604307034013,3000.0,2339.0435201304704,1244.5790614883301,923.7604307034013,923.7604307034013,1244.5790614883301,2339.0435201304704,3000.0,923.7604307034013,1244.5790614883301,2339.0435201304704,3000.0,923.7604307034013,1244.5790614883301,2339.0435201304704,3000.0,923.7604307034013,1244.5790614883301,2339.0435201304704,3000.0,923.7604307034012,812.3412895085961,812.3412895085961,923.7604307034012,923.7604307034012,812.3412895085961,812.3412895085961,923.7604307034012,923.7604307034012,812.3412895085961,812.3412895085961,923.7604307034012,923.7604307034012,812.3412895085961,812.3412895085961,923.7604307034012,923.7604307034014,1244.5790614883304,3000.0,3000.0,923.7604307034014,1244.5790614883304,3000.0,3000.0,923.7604307034014,1244.5790614883304,3000.0,3000.0,923.7604307034014,1244.5790614883304,3000.0,3000.0,3000.0,3000.0,1244.5790614883304,923.7604307034014,3000.0,3000.0,1244.5790614883304,923.7604307034014,3000.0,3000.0,1244.5790614883304,923.7604307034014,3000.0,3000.0,1244.5790614883304,923.7604307034014,923.7604307034012,812.3412895085961,812.3412895085961,923.7604307034012,923.7604307034012,812.3412895085961,812.3412895085961,923.7604307034012,923.7604307034012,812.3412895085961,812.3412895085961,923.7604307034012,923.7604307034012,812.3412895085961,812.3412895085961,923.7604307034012
4000,3000.0,2339.0435201304704,1244.5790614883301,923.7604307034013,3000.0,2339.0435201304704,1244.5790614883301,923.7604307034013,3000.0,2339.0435201304704,1244.5790614883301,923.7604307034013,3000.0,2339.0435201304704,1244.5790614883301,923.7604307034013,923.7604307034013,1244.5790614883301,2339.0435201304704,3000.0,923.7604307034013,1244.5790614883301,2339.0435201304704,3000.0,923.7604307034013,1244.5790614883301,2339.0435201304704,3000.0,923.7604307034013,1244.5790614883301,2339.0435201304704,3000.0,923.7604307034012,812.3412895085961,812.3412895085961,923.7604307034012,923.7604307034012,812.3412895085961,812.3412895085961,923.7604307034012,923.7604307034012,812.3412895085961,812.3412895085961,923.7604307034012,923.7604307034012,812.3412895085961,812.3412895085961,923.7604307034012,923.7604307034014,1244.5790614883304,3000.0,3000.0,923.7604307034014,1244.5790614883304,3000.0,3000.0,923.7604307034014,1244.5790614883304,3000.0,3000.0,923.7604307034014,1244.5790614883304,3000.0,3000.0,3000.0,3000.0,1244.5790614883304,923.7604307034014,3000.0,3000.0,1244.5790614883304,923.7604307034014,3000.0,3000.0,1244.5790614883304,923.7604307034014,3000.0,3000.0,1244.5790614883304,923.7604307034014,923.7604307034012,812.3412895085961,812.3412895085961,923.7604307034012,923.7604307034012,812.3412895085961,812.3412895085961,923.7604307034012,923.7604307034012,812.3412895085961,812.3412895085961,923.7604307034012,923.7604307034012,812.3412895085961,812.3412895085961,923.7604307034012
4067,3000.0,2339.0435201304704,1244.5790614883301,923.7604307034013,3000.0,2339.0435201304704,1244.5790614883301,923.7604307034013,3000.0,2339.0435201304704,1244.5790614883301,923.7604307034013,3000.0,2339.0435201304704,1244.5790614883301,923.7604307034013,923.7604307034013,1244.5790614883301,2339.0435201304704,3000.0,923.7604307034013,1244.5790614883301,2339.0435201304704,3000.0,923.7604307034013,1244.5790614883301,2339.0435201304704,3000.0,923.7604307034013,1244.5790614883301,2339.0435201304704,3000.0,923.7604307034012,812.3412895085961,812.3412895085961,923.7604307034012,923.7604307034012,812.3412895085961,812.3412895085961,923.7604307034012,923.7604307034012,812.3412895085961,812.3412895085961,923.7604307034012,923.7604307034012,812.3412895085961,812.3412895085961,923.7604307034012,923.7604307034014,1244.5790614883304,3000.0,3000.0,923.7604307034014,1244.5790614883304,3000.0,3000.0,923.7604307034014,1244.5790614883304,3000.0,3000.0,923.7604307034014,1244.5790614883304,3000.0,3000.0,3000.0,3000.0,1244.5790614883304,923.7604307034014,3000.0,3000.0,1244.5790614883304,923.7604307034014,3000.0,3000.0,1244.5790614883304,923.7604307034014,3000.0,3000.0,1244.5790614883304,923.7604307034014,923.7604307034012,812.3412895085961,812.3412895085961,923.7604307034012,923.7604307034012,812.3412895085961,812.3412895085961,923.7604307034012,923.7604307034012,812.3412895085961,812.3412895085961,923.7604307034012,923.7604307034012,812.3412895085961,812.3412895085961,923.7604307034012
4133,3000.0,2339.0435201304704,1244.5790614883301,923.7604307034013,3000.0,2339.0435201304704,1244.5790614883301,923.7604307034013,3000.0,2339.0435201304704,1244.5790614883301,923.7604307034013,3000.0,2339.0435201304704,1244.5790614883301,923.7604307034013,923.7604307034013,1244.5790614883301,2339.0435201304704,3000.0,923.7604307034013,1244.5790614883301,2339.0435201304704,3000.0,923.7604307034013,1244.5790614883301,2339.0435201304704,3000.0,923.7604307034013,1244.5790614883301,2339.0435201304704,3000.0,923.7604307034012,812.3412895085961,812.3412895085961,923.7604307034012,923.7604307034012,812.3412895085961,812.3412895085961,923.7604307034012,923.7604307034012,812.3412895085961,812.3412895085961,923.7604307034012,923.7604307034012,812.3412895085961,812.3412895085961,923.7604307034012,923.7604307034014,1244.5790614883304,3000.0,3000.0,923.7604307034014,1244.5790614883304,3000.0,3000.0,923.7604307034014,1244.5790614883304,3000.0,3000.0,923.7604307034014,1244.5790614883304,3000.0,3000.0,3000.0,3000.0,1244.5790614883304,923.7604307034014,3000.0,3000.0,1244.5790614883304,923.7604307034014,3000.0,3000.0,1244.5790614883304,923.7604307034014,3000.0,3000.0,1244.5790614883304,923.7604307034014,923.7604307034012,812.3412895085961,812.3412895085961,923.7604307034012,923.7604307034012,812.3412895085961,812.3412895085961,923.7604307034012,923.7604307034012,812.3412895085961,812.3412895085961,923.7604307034012,923.7604307034012,812.3412895085961,812.3412895085961,923.7604307034012
4200,3000.0,2339.0435201304704,1244.5790614883301,923.7604307034013,3000.0,2339.0435201304704,1244.5790614883301,923.7604307034013,3000.0,2339.0435201304704,1244.5790614883301,923.7604307034013,3000.0,2339.0435201304704,1244.5790614883301,923.7604307034013,923.7604307034013,1244.5790614883301,2339.0435201304704,3000.0,923.7604307034013,1244.5790614883301,2339.0435201304704,3000.0,923.7604307034013,1244.5790614883301,2339.0435201304704,3000.0,923.7604307034013,1244.5790614883301,2339.0435201304704,3000.0,923.7604307034012,812.3412895085961,812.3412895085961,923.7604307034012,923.7604307034012,812.3412895085961,812.3412895085961,923.7604307034012,923.7604307034012,812.3412895085961,812.3412895085961,923.7604307034012,923.7604307034012,812.3412895085961,812.3412895085961,923.7604307034012,923.7604307034014,1244.5790614883304,3000.0,3000.0,923.7604307034014,1244.5790614883304,3000.0,3000.0,923.7604307034014,1244.5790614883304,3000.0,3000.0,923.7604307034014,1244.5790614883304,3000.0,3000.0,3000.0,3000.0,1244.5790614883304,923.7604307034014,3000.0,3000.0,1244.5790614883304,923.7604307034014,3000.0,3000.0,1244.5790614883304,923.7604307034014,3000.0,3000.0,1244.5790614883304,923.7604307034014,923.7604307034012,812.3412895085961,812.3412895085961,923.7604307034012,923.7604307034012,812.3412895085961,812.3412895085961,923.7604307034012,923.7604307034012,812.3412895085961,812.3412895085961,923.7604307034012,923.7604307034012,812.3412895085961,812.3412895085961,923.7604307034012
4267,3000.0,2339.0435201304704,1244.5790614883301,923.7604307034013,3000.0,2339.0435201304704,1244.5790614883301,923.7604307034013,3000.0,2339.0435201304704,1244.5790614883301,923.7604307034013,3000.0,2339.0435201304704,1244.5790614883301,923.7604307034013,923.7604307034013,1244.5790614883301,2339.0435201304704,3000.0,923.7604307034013,1244.5790614883301,2339.0435201304704,3000.0,923.7604307034013,1244.5790614883301,2339.0435201304704,3000.0,923.7604307034013,1244.5790614883301,2339.0435201304704,3000.0,923.7604307034012,812.3412895085961,812.3412895085961,923.7604307034012,923.7604307034012,812.3412895085961,812.3412895085961,923.7604307034012,923.7604307034012,812.3412895085961,812.3412895085961,923.7604307034012,923.7604307034012,812.3412895085961,812.3412895085961,923.7604307034012,923.7604307034014,1244.5790614883304,3000.0,3000.0,923.7604307034014,1244.5790614883304,3000.0,3000.0,923.7604307034014,1244.5790614883304,3000.0,3000.0,923.7604307034014,1244.5790614883304,3000.0,3000.0,3000.0,3000.0,1244.5790614883304,923.7604307034014,3000.0,3000.0,1244.5790614883304,923.7604307034014,3000.0,3000.0,1244.5790614883304,923.7604307034014,3000.0,3000.0,1244.5790614883304,923.7604307034014,923.7604307034012,812.3412895085961,812.3412895085961,923.7604307034012,923.7604307034012,812.3412895085961,812.3412895085961,923.7604307034012,923.7604307034012,812.3412895085961,812.3412895085961,923.7604307034012,923.7604307034012,812.3412895085961,812.3412895085961,923.7604307034012
4333,3000.0,2339.0435201304704,1244.5790614883301,923.7604307034013,3000.0,2339.0435201304704,1244.5790614883301,923.7604307034013,3000.0,2339.0435201304704,1244.5790614883301,923.7604307034013,3000.0,2339.0435201304704,1244.5790614883301,923.7604307034013,923.7604307034013,1244.5790614883301,2339.0435201304704,3000.0,923.7604307034013,1244.5790614883301,2339.0435201304704,3000.0,923.7604307034013,1244.5790614883301,2339.0435201304704,3000.0,923.7604307034013,1244.5790614883301,2339.0435201304704,3000.0,923.7604307034012,812.3412895085961,812.3412895085961,923.7604307034012,923.7604307034012,812.3412895085961,812.3412895085961,923.7604307034012,923.7604307034012,812.3412895085961,812.3412895085961,923.7604307034012,923.7604307034012,812.3412895085961,812.3412895085961,923.7604307034012,923.7604307034014,1244.5790614883304,3000.0,3000.0,923.7604307034014,1244.5790614883304,3000.0,3000.0,923.7604307034014,1244.5790614883304,3000.0,3000.0,923.7604307034014,1244.5790614883304,3000.0,3000.0,3000.0,3000.0,1244.5790614883304,923.7604307034014,3000.0,3000.0,1244.5790614883304,923.7604307034014,3000.0,3000.0,1244.5790614883304,923.7604307034014,3000.0,3000.0,1244.5790614883304,923.7604307034014,923.7604307034012,812.3412895085961,812.3412895085961,923.7604307034012,923.7604307034012,812.3412895085961,812.3412895085961,923.7604307034012,923.7604307034012,812.3412895085961,812.3412895085961,923.7604307034012,923.7604307034012,812.3412895085961,812.3412895085961,923.7604307034012
4400,3000.0,2339.0435201304704,1244.5790614883301,923.7604307034013,3000.0,2339.0435201304704,1244.5790614883301,923.7604307034013,3000.0,2339.0435201304704,1244.5790614883301,923.7604307034013,3000.0,2339.0435201304704,1244.5790614883301,923.7604307034013,923.7604307034013,1244.5790614883301,2339.0435201304704,3000.0,923.7604307034013,1244.5790614883301,2339.0435201304704,3000.0,923.7604307034013,1244.5790614883301,2339.0435201304704,3000.0,923.7604307034013,1244.5790614883301,2339.0435201304704,3000.0,923.7604307034012,812.3412895085961,812.3412895085961,923.7604307034012,923.7604307034012,812.3412895085961,812.3412895085961,923.7604307034012,923.7604307034012,812.3412895085961,812.3412895085961,923.7604307034012,923.7604307034012,812.3412895085961,812.3412895085961,923.7604307034012,923.7604307034014,1244.5790614883304,3000.0,3000.0,923.7604307034014,1244.5790614883304,3000.0,3000.0,923.7604307034014,1244.5790614883304,3000.0,3000.0,923.7604307034014,1244.5790614883304,3000.0,3000.0,3000.0,3000.0,1244.5790614883304,923.7604307034014,3000.0,3000.0,1244.5790614883304,923.7604307034014,3000.0,3000.0,1244.5790614883304,923.7604307034014,3000.0,3000.0,1244.5790614883304,923.7604307034014,923.7604307034012,812.3412895085961,812.3412895085961,923.7604307034012,923.7604307034012,812.3412895085961,812.3412895085961,923.7604307034012,923.7604307034012,812.3412895085961,812.3412895085961,923.7604307034012,923.7604307034012,812.3412895085961,812.3412895085961,923.7604307034012
4467,3000.0,2339.0435201304704,1244.5790614883301,923.7604307034013,3000.0,2339.0435201304704,1244.5790614883301,923.7604307034013,3000.0,2339.0435201304704,1244.5790614883301,923.7604307034013,3000.0,2339.0435201304704,1244.5790614883301,923.7604307034013,923.7604307034013,1244.5790614883301,2339.0435201304704,3000.0,923.7604307034013,1244.5790614883301,2339.0435201304704,3000.0,923.7604307034013,1244.5790614883301,2339.0435201304704,3000.0,923.7604307034013,1244.5790614883301,2339.0435201304704,3000.0,923.7604307034012,812.3412895085961,812.3412895085961,923.7604307034012,923.7604307034012,812.3412895085961,812.3412895085961,923.7604307034012,923.7604307034012,812.3412895085961,812.3412895085961,923.7604307034012,923.7604307034012,812.3412895085961,812.3412895085961,923.7604307034012,923.7604307034014,1244.5790614883304,3000.0,3000.0,923.7604307034014,1244.5790614883304,3000.0,3000.0,923.7604307034014,1244.5790614883304,3000.0,3000.0,923.7604307034014,1244.5790614883304,3000.0,3000.0,3000.0,3000.0,1244.5790614883304,923.7604307034014,3000.0,3000.0,1244.5790614883304,923.7604307034014,3000.0,3000.0,1244.5790614883304,923.7604307034014,3000.0,3000.0,1244.5790614883304,923.7604307034014,923.7604307034012,812.3412895085961,812.3412895085961,923.7604307034012,923.7604307034012,812.3412895085961,812.3412895085961,923.7604307034012,923.7604307034012,812.3412895085961,812.3412895085961,923.7604307034012,923.7604307034012,812.3412895085961,812.3412895085961,923.7604307034012
4533,3000.0,2339.0435201304704,1244.5790614883301,923.7604307034013,3000.0,2339.0435201304704,1244.5790614883301,923.7604307034013,3000.0,2339.0435201304704,1244.5790614883301,923.7604307034013,3000.0,2339.0435201304704,1244.5790614883301,923.7604307034013,923.7604307034013,1244.5790614883301,2339.0435201304704,3000.0,923.7604307034013,1244.5790614883301,2339.0435201304704,3000.0,923.7604307034013,1244.5790614883301,2339.0435201304704,3000.0,923.7604307034013,1244.5790614883301,2339.0435201304704,3000.0,923.7604307034012,812.3412895085961,812.3412895085961,923.7604307034012,923.7604307034012,812.3412895085961,812.3412895085961,923.7604307034012,923.7604307034012,812.3412895085961,812.3412895085961,923.7604307034012,923.7604307034012,812.3412895085961,812.3412895085961,923.7604307034012,923.7604307034014,1244.5790614883304,3000.0,3000.0,923.7604307034014,1244.5790614883304,3000.0,3000.0,923.7604307034014,1244.5790614883304,3000.0,3000.0,923.7604307034014,1244.5790614883304,3000.0,3000.0,3000.0,3000.0,1244.5790614883304,923.7604307034014,3000.0,3000.0,1244.5790614883304,923.7604307034014,3000.0,3000.0,1244.5790614883304,923.7604307034014,3000.0,3000.0,1244.5790614883304,923.7604307034014,923.7604307034012,812.3412895085961,812.3412895085961,923.7604307034012,923.7604307034012,812.3412895085961,812.3412895085961,923.7604307034012,923.7604307034012,812.3412895085961,812.3412895085961,923.7604307034012,923.7604307034012,812.3412895085961,812.3412895085961,923.7604307034012
4600,3000.0,2339.0435201304704,1244.5790614883301,923.7604307034013,3000.0,2339.0435201304704,1244.5790614883301,923.7604307034013,3000.0,2339.0435201304704,1244.5790614883301,923.7604307034013,3000.0,2339.0435201304704,1244.5790614883301,923.7604307034013,923.7604307034013,1244.5790614883301,2339.0435201304704,3000.0,923.7604307034013,1244.5790614883301,2339.0435201304704,3000.0,923.7604307034013,1244.5790614883301,2339.0435201304704,3000.0,923.7604307034013,1244.5790614883301,2339.0435201304704,3000.0,923.7604307034012,812.3412895085961,812.3412895085961,923.7604307034012,923.7604307034012,812.3412895085961,812.3412895085961,923.7604307034012,923.7604307034012,812.3412895085961,812.3412895085961,923.7604307034012,923.7604307034012,812.3412895085961,812.3412895085961,923.7604307034012,923.7604307034014,1244.5790614883304,3000.0,3000.0,923.7604307034014,1244.5790614883304,3000.0,3000.0,923.7604307034014,1244.5790614883304,3000.0,3000.0,923.7604307034014,1244.5790614883304,3000.0,3000.0,3000.0,3000.0,1244.5790614883304,923.7604307034014,3000.0,3000.0,1244.5790614883304,923.7604307034014,3000.0,3000.0,1244.5790614883304,923.7604307034014,3000.0,3000.0,1244.5790614883304,923.7604307034014,923.7604307034012,812.3412895085961,812.3412895085961,923.7604307034012,923.7604307034012,812.3412895085961,812.3412895085961,923.7604307034012,923.7604307034012,812.3412895085961,812.3412895085961,923.7604307034012,923.7604307034012,812.3412895085961,812.3412895085961,923.7604307034012
4667,3000.0,2339.0435201304704,1244.5790614883301,923.7604307034013,3000.0,2339.0435201304704,1244.5790614883301,923.7604307034013,3000.0,2339.0435201304704,1244.5790614883301,923.7604307034013,3000.0,2339.0435201304704,1244.5790614883301,923.7604307034013,923.7604307034013,1244.5790614883301,2339.0435201304704,3000.0,923.7604307034013,1244.5790614883301,2339.0435201304704,3000.0,923.7604307034013,1244.5790614883301,2339.0435201304704,3000.0,923.7604307034013,1244.5790614883301,2339.0435201304704,3000.0,923.7604307034012,812.3412895085961,812.3412895085961,923.7604307034012,923.7604307034012,812.3412895085961,812.3412895085961,923.7604307034012,923.7604307034012,812.3412895085961,812.3412895085961,923.7604307034012,923.7604307034012,812.3412895085961,812.3412895085961,923.7604307034012,923.7604307034014,1244.5790614883304,3000.0,3000.0,923.7604307034014,1244.5790614883304,3000.0,3000.0,923.7604307034014,1244.5790614883304,3000.0,3000.0,923.7604307034014,1244.5790614883304,3000.0,3000.0,3000.0,3000.0,1244.5790614883304,923.7604307034014,3000.0,3000.0,1244.5790614883304,923.7604307034014,3000.0,3000.0,1244.5790614883304,923.7604307034014,3000.0,3000.0,1244.5790614883304,923.7604307034014,923.7604307034012,812.3412895085961,812.3412895085961,923.7604307034012,923.7604307034012,812.3412895085961,812.3412895085961,923.7604307034012,923.7604307034012,812.3412895085961,812.3412895085961,923.7604307034012,923.7604307034012,812.3412895085961,812.3412895085961,923.7604307034012
4733,3000.0,2339.0435201304704,1244.5790614883301,923.7604307034013,3000.0,2339.0435201304704,1244.5790614883301,923.7604307034013,3000.0,2339.0435201304704,1244.5790614883301,923.7604307034013,3000.0,2339.0435201304704,1244.5790614883301,923.7604307034013,923.7604307034013,1244.5790614883301,2339.0435201304704,3000.0,923.7604307034013,1244.5790614883301,2339.0435201304704,3000.0,923.7604307034013,1244.5790614883301,2339.0435201304704,3000.0,923.7604307034013,1244.5790614883301,2339.0435201304704,3000.0,923.7604307034012,812.3412895085961,812.3412895085961,923.7604307034012,923.7604307034012,812.3412895085961,812.3412895085961,923.7604307034012,923.7604307034012,812.3412895085961,812.3412895085961,923.7604307034012,923.7604307034012,812.3412895085961,812.3412895085961,923.7604307034012,923.7604307034014,1244.5790614883304,3000.0,3000.0,923.7604307034014,1244.5790614883304,3000.0,3000.0,923.7604307034014,1244.5790614883304,3000.0,3000.0,923.7604307034014,1244.5790614883304,3000.0,3000.0,3000.0,3000.0,1244.5790614883304,923.7604307034014,3000.0,3000.0,1244.5790614883304,923.7604307034014,3000.0,3000.0,1244.5790614883304,923.7604307034014,3000.0,3000.0,1244.5790614883304,923.7604307034014,923.7604307034012,812.3412895085961,812.3412895085961,923.7604307034012,923.7604307034012,812.3412895085961,812.3412895085961,923.7604307034012,923.7604307034012,812.3412895085961,812.3412895085961,923.7604307034012,923.7604307034012,812.3412895085961,812.3412895085961,923.7604307034012
4800,3000.0,2339.0435201304704,1244.5790614883301,923.7604307034013,3000.0,2339.0435201304704,1244.5790614883301,923.7604307034013,3000.0,2339.0435201304704,1244.5790614883301,923.7604307034013,3000.0,2339.0435201304704,1244.5790614883301,923.7604307034013,923.7604307034013,1244.5790614883301,2339.0435201304704,3000.0,923.7604307034013,1244.5790614883301,2339.0435201304704,3000.0,923.7604307034013,1244.5790614883301,2339.0435201304704,3000.0,923.7604307034013,1244.5790614883301,2339.0435201304704,3000.0,923.7604307034012,812.3412895085961,812.3412895085961,923.7604307034012,923.7604307034012,812.3412895085961,812.3412895085961,923.7604307034012,923.7604307034012,812.3412895085961,812.3412895085961,923.7604307034012,923.7604307034012,812.3412895085961,812.3412895085961,923.7604307034012,923.7604307034014,1244.5790614883304,3000.0,3000.0,923.7604307034014,1244.5790614883304,3000.0,3000.0,923.7604307034014,1244.5790614883304,3000.0,3000.0,923.7604307034014,1244.5790614883304,3000.0,3000.0,3000.0,3000.0,1244.5790614883304,923.7604307034014,3000.0,3000.0,1244.5790614883304,923.7604307034014,3000.0,3000.0,1244.5790614883304,923.7604307034014,3000.0,3000.0,1244.5790614883304,923.7604307034014,923.7604307034012,812.3412895085961,812.3412895085961,923.7604307034012,923.7604307034012,812.3412895085961,812.3412895085961,923.7604307034012,923.7604307034012,812.3412895085961,812.3412895085961,923.7604307034012,923.7604307034012,812.3412895085961,812.3412895085961,923.7604307034012
4867,3000.0,2339.0435201304704,1244.5790614883301,923.7604307034013,3000.0,2339.0435201304704,1244.5790614883301,923.7604307034013,3000.0,2339.0435201304704,1244.5790614883301,923.7604307034013,3000.0,2339.0435201304704,1244.5790614883301,923.7604307034013,923.7604307034013,1244.5790614883301,2339.0435201304704,3000.0,923.7604307034013,1244.5790614883301,2339.0435201304704,3000.0,923.7604307034013,1244.5790614883301,2339.0435201304704,3000.0,923.7604307034013,1244.5790614883301,2339.0435201304704,3000.0,923.7604307034012,812.3412895085961,812.3412895085961,923.7604307034012,923.7604307034012,812.3412895085961,812.3412895085961,923.7604307034012,923.7604307034012,812.3412895085961,812.3412895085961,923.7604307034012,923.7604307034012,812.3412895085961,812.3412895085961,923.7604307034012,923.7604307034014,1244.5790614883304,3000.0,3000.0,923.7604307034014,1244.5790614883304,3000.0,3000.0,923.7604307034014,1244.5790614883304,3000.0,3000.0,923.7604307034014,1244.5790614883304,3000.0,3000.0,3000.0,3000.0,1244.5790614883304,923.7604307034014,3000.0,3000.0,1244.5790614883304,923.7604307034014,3000.0,3000.0,1244.5790614883304,923.7604307034014,3000.0,3000.0,1244.5790614883304,923.7604307034014,923.7604307034012,812.3412895085961,812.3412895085961,923.7604307034012,923.7604307034012,812.3412895085961,812.3412895085961,923.7604307034012,923.7604307034012,812.3412895085961,812.3412895085961,923.7604307034012,923.7604307034012,812.3412895085961,812.3412895085961,923.7604307034012
4933,3000.0,2339.0435201304704,1244.5790614883301,923.7604307034013,3000.0,2339.0435201304704,1244.5790614883301,923.7604307034013,3000.0,2339.0435201304704,1244.5790614883301,923.7604307034013,3000.0,2339.0435201304704,1244.5790614883301,923.7604307034013,923.7604307034013,1244.5790614883301,2339.0435201304704,3000.0,923.7604307034013,1244.5790614883301,2339.0435201304704,3000.0,923.7604307034013,1244.5790614883301,2339.0435201304704,3000.0,923.7604307034013,1244.5790614883301,2339.0435201304704,3000.0,923.7604307034012,812.3412895085961,812.3412895085961,923.7604307034012,923.7604307034012,812.3412895085961,812.3412895085961,923.7604307034012,923.7604307034012,812.3412895085961,812.3412895085961,923.7604307034012,923.7604307034012,812.3412895085961,812.3412895085961,923.7604307034012,923.7604307034014,1244.5790614883304,3000.0,3000.0,923.7604307034014,1244.5790614883304,3000.0,3000.0,923.7604307034014,1244.5790614883304,3000.0,3000.0,923.7604307034014,1244.5790614883304,3000.0,3000.0,3000.0,3000.0,1244.5790614883304,923.7604307034014,3000.0,3000.0,1244.5790614883304,923.7604307034014,3000.0,3000.0,1244.5790614883304,923.7604307034014,3000.0,3000.0,1244.5790614883304,923.7604307034014,923.7604307034012,812.3412895085961,812.3412895085961,923.7604307034012,923.7604307034012,812.3412895085961,812.3412895085961,923.7604307034012,923.7604307034012,812.3412895085961,812.3412895085961,923.7604307034012,923.7604307034012,812.3412895085961,812.3412895085961,923.7604307034012
5000,3000.0,2339.0435201304704,1244.5790614883301,923.7604307034013,3000.0,2339.0435201304704,1244.5790614883301,923.7604307034013,3000.0,2339.0435201304704,1244.5790614883301,923.7604307034013,3000.0,2339.0435201304704,1244.5790614883301,923.7604307034013,923.7604307034013,1244.5790614883301,2339.0435201304704,3000.0,923.7604307034013,1244.5790614883301,2339.0435201304704,3000.0,923.7604307034013,1244.5790614883301,2339.0435201304704,3000.0,923.7604307034013,1244.5790614883301,2339.0435201304704,3000.0,923.7604307034012,812.3412895085961,812.3412895085961,923.7604307034012,923.7604307034012,812.3412895085961,812.3412895085961,923.7604307034012,923.7604307034012,812.3412895085961,812.3412895085961,923.7604307034012,923.7604307034012,812.3412895085961,812.3412895085961,923.7604307034012,923.7604307034014,1244.5790614883304,3000.0,3000.0,923.7604307034014,1244.5790614883304,3000.0,3000.0,923.7604307034014,1244.5790614883304,3000.0,3000.0,923.7604307034014,1244.5790614883304,3000.0,3000.0,3000.0,3000.0,1244.5790614883304,923.7604307034014,3000.0,3000.0,1244.5790614883304,923.7604307034014,3000.0,3000.0,1244.5790614883304,923.7604307034014,3000.0,3000.0,1244.5790614883304,923.7604307034014,923.7604307034012,812.3412895085961,812.3412895085961,923.7604307034012,923.7604307034012,812.3412895085961,812.3412895085961,923.7604307034012,923.7604307034012,812.3412895085961,812.3412895085961,923.7604307034012,923.7604307034012,812.3412895085961,812.3412895085961,923.7604307034012
5067,3000.0,3000.0,1285.660814896375,938.6640560508116,3000.0,3000.0,1285.660814896375,938.6640560508116,3000.0,3000.0,1285.660814896375,938.6640560508116,3000.0,3000.0,1285.660814896375,938.6640560508116,909.9246173681912,1206.811244436122,2181.8680721009005,3000.0,909.9246173681912,1206.811244436122,2181.8680721009005,3000.0,909.9246173681912,1206.811244436122,2181.8680721009005,3000.0,909.9246173681912,1206.811244436122,2181.8680721009005,3000.0,937.8602585316028,816.0395601874079,808.5384214741697,909.9246173681912,937.8602585316028,816.0395601874079,808.5384214741697,909.9246173681912,937.8602585316028,816.0395601874079,808.5384214741697,909.9246173681912,937.8602585316028,816.0395601874079,808.5384214741697,909.9246173681912,910.7044725155376,1207.8455476551862,3000.0,3000.0,910.7044725155376,1207.8455476551862,3000.0,3000.0,910.7044725155376,1207.8455476551862,3000.0,3000.0,910.7044725155376,1207.8455476551862,3000.0,3000.0,3000.0,3000.0,1284.5598768484163,937.8602585316028,3000.0,3000.0,1284.5598768484163,937.8602585316028,3000.0,3000.0,1284.5598768484163,937.8602585316028,3000.0,3000.0,1284.5598768484163,937.8602585316028,938.6640560508116,816.738950707571,809.2313831083297,910.7044725155374,938.6640560508116,816.738950707571,809.2313831083297,910.7044725155374,938.6640560508116,816.738950707571,809.2313831083297,910.7044725155374,938.6640560508116,816.738950707571,809.2313831083297,910.7044725155374
5133,3000.0,3000.0,1331.5893329618002,955.5247267215118,3000.0,3000.0,1331.5893329618002,955.5247267215118,3000.0,3000.0,1331.5893329618002,955.5247267215118,3000.0,3000.0,1331.5893329618002,955.5247267215118,896.3228810047809,1171.013863847689,2043.936294101783,3000.0,896.3228810047809,1171.013863847689,2043.936294101783,3000.0,896.3228810047809,1171.013863847689,2043.936294101783,3000.0,896.3228810047809,1171.013863847689,2043.936294101783,3000.0,952.2565418160045,819.6367721237443,804.6271031668621,896.3228810047809,952.2565418160045,819.6367721237443,804.6271031668621,896.3228810047809,952.2565418160045,819.6367721237443,804.6271031668621,896.3228810047809,952.2565418160045,819.6367721237443,804.6271031668621,896.3228810047809,899.3990992101965,1175.0328331757107,3000.0,3000.0,899.3990992101965,1175.0328331757107,3000.0,3000.0,899.3990992101965,1175.0328331757107,3000.0,3000.0,899.3990992101965,1175.0328331757107,3000.0,3000.0,3000.0,3000.0,1327.0348928341741,952.2565418160049,3000.0,3000.0,1327.0348928341741,952.2565418160049,3000.0,3000.0,1327.0348928341741,952.2565418160049,3000.0,3000.0,1327.0348928341741,952.2565418160049,955.5247267215117,822.4498003456823,807.3886175672955,899.3990992101965,955.5247267215117,822.4498003456823,807.3886175672955,899.3990992101965,955.5247267215117,822.4498003456823,807.3886175672955,899.3990992101965,955.5247267215117,822.4498003456823,807.3886175672955,899.3990992101965
5200,3000.0,3000.0,1382.9491625088745,974.4656550833199,3000.0,3000.0,1382.9491625088745,974.4656550833199,3000.0,3000.0,1382.9491625088745,974.4656550833199,3000.0,3000.0,1382.9491625088745,974.4656550833199,882.9274613170255,1136.9764594696592,1921.7032055517104,3000.0,882.9274613170255,1136.9764594696592,1921.7032055517104,3000.0,882.9274613170255,1136.9764594696592,1921.7032055517104,3000.0,882.9274613170255,1136.9764594696592,1921.7032055517104,3000.0,966.9846010665157,823.1361628086951,800.6031518307684,882.9274613170255,966.9846010665157,823.1361628086951,800.6031518307684,882.9274613170255,966.9846010665157,823.1361628086951,800.6031518307684,882.9274613170255,966.9846010665157,823.1361628086951,800.6031518307684,882.9274613170255,889.7582092149208,1145.7726515700774,3000.0,3000.0,889.7582092149208,1145.7726515700774,3000.0,3000.0,889.7582092149208,1145.7726515700774,3000.0,3000.0,889.7582092149208,1145.7726515700774,3000.0,3000.0,3000.0,3000.0,1372.3321465748058,966.984601066516,3000.0,3000.0,1372.3321465748058,966.984601066516,3000.0,3000.0,1372.3321465748058,966.984601066516,3000.0,3000.0,1372.3321465748058,966.984601066516,974.4656550833197,829.5043367076019,806.7969996110365,889.7582092149206,974.4656550833197,829.5043367076019,806.7969996110365,889.7582092149206,974.4656550833197,829.5043367076019,806.7969996110365,889.7582092149206,974.4656550833197,829.5043367076019,806.7969996110365,889.7582092149206
5267,3000.0,3000.0,1440.429768747707,995.6256917125022,3000.0,3000.0,1440.429768747707,995.6256917125022,3000.0,3000.0,1440.429768747707,995.6256917125022,3000.0,3000.0,1440.429768747707,995.6256917125022,869.7124907374975,1104.515411206537,1812.441127085762,3000.0,869.7124907374975,1104.515411206537,1812.441127085762,3000.0,869.7124907374975,1104.515411206537,1812.441127085762,3000.0,869.7124907374975,1104.515411206537,1812.441127085762,3000.0,982.0830722871613,826.5406795313057,796.4620368600225,869.7124907374975,982.0830722871613,826.5406795313057,796.4620368600225,869.7124907374975,982.0830722871613,826.5406795313057,796.4620368600225,869.7124907374975,982.0830722871613,826.5406795313057,796.4620368600225,869.7124907374975,881.7055548721773,1119.7463344201492,3000.0,3000.0,881.7055548721773,1119.7463344201492,3000.0,3000.0,881.7055548721773,1119.7463344201492,3000.0,3000.0,881.7055548721773,1119.7463344201492,3000.0,3000.0,3000.0,3000.0,1420.836871206535,982.0830722871615,3000.0,3000.0,1420.836871206535,982.0830722871615,3000.0,3000.0,1420.836871206535,982.0830722871615,3000.0,3000.0,1420.836871206535,982.0830722871615,995.6256917125022,837.9384178472577,807.4450000698531,881.7055548721773,995.6256917125022,837.9384178472577,807.4450000698531,881.7055548721773,995.6256917125022,837.9384178472577,807.4450000698531,881.7055548721773,995.6256917125022,837.9384178472577,807.4450000698531,881.7055548721773
5333,3000.0,3000.0,1504.8496705850412,1019.1614474445572,3000.0,3000.0,1504.8496705850412,1019.1614474445572,3000.0,3000.0,1504.8496705850412,1019.1614474445572,3000.0,3000.0,1504.8496705850412,1019.1614474445572,856.6537449125077,1073.469672617425,1714.0167586620532,3000.0,856.6537449125077,1073.469672617425,1714.0167586620532,3000.0,856.6537449125077,1073.469672617425,1714.0167586620532,3000.0,856.6537449125077,1073.469672617425,1714.0167586620532,3000.0,997.5944149718658,829.8529880934717,792.1988591508272,856.6537449125076,997.5944149718658,829.8529880934717,792.1988591508272,856.6537449125076,997.5944149718658,829.8529880934717,792.1988591508272,856.6537449125076,997.5944149718658,829.8529880934717,792.1988591508272,856.6537449125076,875.173775555323,1096.6770552373869,1751.0721536582682,3000.0,875.173775555323,1096.6770552373869,1751.0721536582682,3000.0,875.173775555323,1096.6770552373869,1751.0721536582682,3000.0,875.173775555323,1096.6770552373869,1751.0721536582682,3000.0,3000.0,3000.0,1473.0047241406837,997.5944149718661,3000.0,3000.0,1473.0047241406837,997.5944149718661,3000.0,3000.0,1473.0047241406837,997.5944149718661,3000.0,3000.0,1473.0047241406837,997.5944149718661,1019.161447444557,847.7936121318255,809.3254371104848,875.1737755553229,1019.161447444557,847.7936121318255,809.3254371104848,875.1737755553229,1019.161447444557,847.7936121318255,809.3254371104848,875.1737755553229,1019.161447444557,847.7936121318255,809.3254371104848,875.1737755553229
5400,3000.0,3000.0,1577.1875886005594,1045.2497982257592,3000.0,3000.0,1577.1875886005594,1045.2497982257592,3000.0,3000.0,1577.1875886005594,1045.2497982257592,3000.0,3000.0,1577.1875886005594,1045.2497982257592,843.7284225747406,1043.6972859979214,1624.737438574145,3000.0,843.7284225747406,1043.6972859979214,1624.737438574145,3000.0,843.7284225747406,1043.6972859979214,1624.737438574145,3000.0,843.7284225747406,1043.6972859979214,1624.737438574145,3000.0,1013.5655072033087,833.0754793430278,787.8083276192694,843.7284225747406,1013.5655072033087,833.0754793430278,787.8083276192694,843.7284225747406,1013.5655072033087,833.0754793430278,787.8083276192694,843.7284225747406,1013.5655072033087,833.0754793430278,787.8083276192694,843.7284225747406,870.1035672445059,1076.3235033601773,1675.5271048295572,3000.0,870.1035672445059,1076.3235033601773,1675.5271048295572,3000.0,870.1035672445059,1076.3235033601773,1675.5271048295572,3000.0,870.1035672445059,1076.3235033601773,1675.5271048295572,3000.0,3000.0,3000.0,1529.378853656012,1013.5655072033087,3000.0,3000.0,1529.378853656012,1013.5655072033087,3000.0,3000.0,1529.378853656012,1013.5655072033087,3000.0,3000.0,1529.378853656012,1013.5655072033087,1045.2497982257592,859.1176105556453,812.4353972509829,870.1035672445057,1045.2497982257592,859.1176105556453,812.4353972509829,870.1035672445057,1045.2497982257592,859.1176105556453,812.4353972509829,870.1035672445057,1045.2497982257592,859.1176105556453,812.4353972509829,870.1035672445057
5467,3000.0,3000.0,1658.623101348832,1074.0908532872409,3000.0,3000.0,1658.623101348832,1074.0908532872409,3000.0,3000.0,1658.623101348832,1074.0908532872409,3000.0,3000.0,1658.623101348832,1074.0908532872409,830.9149501327884,1015.0725163850707,1543.242766901145,3000.0,830.9149501327884,1015.0725163850707,1543.242766901145,3000.0,830.9149501327884,1015.0725163850707,1543.242766901145,3000.0,830.9149501327884,1015.0725163850707,1543.242766901145,3000.0,1030.048346538015,836.2102735135676,783.2847326464553,830.9149501327882,1030.048346538015,836.2102735135676,783.2847326464553,830.9149501327882,1030.048346538015,836.2102735135676,783.2847326464553,830.9149501327882,1030.048346538015,836.2102735135676,783.2847326464553,830.9149501327882,866.4429692032071,1058.4746909568764,1609.2282909839487,3000.0,866.4429692032071,1058.4746909568764,1609.2282909839487,3000.0,866.4429692032071,1058.4746909568764,1609.2282909839487,3000.0,866.4429692032071,1058.4746909568764,1609.2282909839487,3000.0,3000.0,3000.0,1590.6121701394204,1030.0483465380155,3000.0,3000.0,1590.6121701394204,1030.0483465380155,3000.0,3000.0,1590.6121701394204,1030.0483465380155,3000.0,3000.0,1590.6121701394204,1030.0483465380155,1074.0908532872409,871.9647084765229,816.776192770724,866.4429692032069,1074.0908532872409,871.9647084765229,816.776192770724,866.4429692032069,1074.0908532872409,871.9647084765229,816.776192770724,866.4429692032069,1074.0908532872409,871.9647084765229,816.776192770724,866.4429692032069
5533,3000.0,3000.0,1750.5903752492286,1105.9114873581186,3000.0,3000.0,1750.5903752492286,1105.9114873581186,3000.0,3000.0,1750.5903752492286,1105.9114873581186,3000.0,3000.0,1750.5903752492286,1105.9114873581186,818.1928070532385,987.4834793462239,1468.4267080944644,3000.0,818.1928070532385,987.4834793462239,1468.4267080944644,3000.0,818.1928070532385,987.4834793462239,1468.4267080944644,3000.0,818.1928070532385,987.4834793462239,1468.4267080944644,3000.0,1047.100880012083,839.259222322614,778.6219161674749,818.1928070532385,1047.100880012083,839.259222322614,778.6219161674749,818.1928070532385,1047.100880012083,839.259222322614,778.6219161674749,818.1928070532385,1047.100880012083,839.259222322614,778.6219161674749,818.1928070532385,864.1467517279892,1042.9456647699026,1550.9011555853094,3000.0,864.1467517279892,1042.9456647699026,1550.9011555853094,3000.0,864.1467517279892,1042.9456647699026,1550.9011555853094,3000.0,864.1467517279892,1042.9456647699026,1550.9011555853094,3000.0,3000.0,3000.0,1657.4967738539922,1047.1008800120835,3000.0,3000.0,1657.4967738539922,1047.1008800120835,3000.0,3000.0,1657.4967738539922,1047.1008800120835,3000.0,3000.0,1657.4967738539922,1047.1008800120835,1105.9114873581182,886.3963659615195,822.3533547106401,864.146751727989,1105.9114873581182,886.3963659615195,822.3533547106401,864.146751727989,1105.9114873581182,886.3963659615195,822.3533547106401,864.146751727989,1105.9114873581182,886.3963659615195,822.3533547106401,864.146751727989
5600,3000.0,3000.0,1854.8501478169376,1140.96956368521,3000.0,3000.0,1854.8501478169376,1140.96956368521,3000.0,3000.0,1854.8501478169376,1140.96956368521,3000.0,3000.0,1854.8501478169376,1140.96956368521,805.5423687163186,960.8301654658216,1399.3806194397152,3000.0,805.5423687163186,960.8301654658216,1399.3806194397152,3000.0,805.5423687163186,960.8301654658216,1399.3806194397152,3000.0,805.5423687163186,960.8301654658216,1399.3806194397152,3000.0,1064.7879926055352,842.2239087396099,773.8132380705059,805.5423687163186,1064.7879926055352,842.2239087396099,773.8132380705059,805.5423687163186,1064.7879926055352,842.2239087396099,773.8132380705059,805.5423687163186,1064.7879926055352,842.2239087396099,773.8132380705059,805.5423687163186,863.1758916769647,1029.573945499268,1499.5010329564918,3000.0,863.1758916769647,1029.573945499268,1499.5010329564918,3000.0,863.1758916769647,1029.573945499268,1499.5010329564918,3000.0,863.1758916769647,1029.573945499268,1499.5010329564918,3000.0,3000.0,3000.0,3000.0,1064.7879926055357,3000.0,3000.0,3000.0,1064.7879926055357,3000.0,3000.0,3000.0,1064.7879926055357,3000.0,3000.0,3000.0,1064.7879926055357,1140.9695636852098,902.4818577531441,829.1766612193808,863.1758916769647,1140.9695636852098,902.4818577531441,829.1766612193808,863.1758916769647,1140.9695636852098,902.4818577531441,829.1766612193808,863.1758916769647,1140.9695636852098,902.4818577531441,829.1766612193808,863.1758916769647
5667,3000.0,3000.0,1973.5876303014195,1179.5590084871328,3000.0,3000.0,1973.5876303014195,1179.5590084871328,3000.0,3000.0,1973.5876303014195,1179.5590084871328,3000.0,3000.0,1973.5876303014195,1179.5590084871328,792.9447639179836,935.0227856098159,1335.350927527118,3000.0,792.9447639179836,935.0227856098159,1335.350927527118,3000.0,792.9447639179836,935.0227856098159,1335.350927527118,3000.0,792.9447639179836,935.0227856098159,1335.350927527118,3000.0,1083.1826913098198,845.105644290459,768.8515385157467,792.9447639179834,1083.1826913098198,845.105644290459,768.8515385157467,792.9447639179834,1083.1826913098198,845.105644290459,768.8515385157467,792.9447639179834,1083.1826913098198,845.105644290459,768.8515385157467,792.9447639179834,863.4971247381494,1018.2165564085142,1454.163945466638,3000.0,863.4971247381494,1018.2165564085142,1454.163945466638,3000.0,863.4971247381494,1018.2165564085142,1454.163945466638,3000.0,863.4971247381494,1018.2165564085142,1454.163945466638,3000.0,3000.0,3000.0,3000.0,1083.1826913098203,3000.0,3000.0,3000.0,1083.1826913098203,3000.0,3000.0,3000.0,1083.1826913098203,3000.0,3000.0,3000.0,1083.1826913098203,1179.5590084871326,920.2990260495278,837.2602015536091,863.4971247381494,1179.5590084871326,920.2990260495278,837.2602015536091,863.4971247381494,1179.5590084871326,920.2990260495278,837.2602015536091,863.4971247381494,1179.5590084871326,920.2990260495278,837.2602015536091,863.4971247381494
5733,3000.0,3000.0,2109.5479104165734,1222.0159418335074,3000.0,3000.0,2109.5479104165734,1222.0159418335074,3000.0,3000.0,2109.5479104165734,1222.0159418335074,3000.0,3000.0,2109.5479104165734,1222.0159418335074,780.381744591455,909.9803771541657,1275.7072388106224,3000.0,780.381744591455,909.9803771541657,1275.7072388106224,3000.0,780.381744591455,909.9803771541657,1275.7072388106224,3000.0,780.381744591455,909.9803771541657,1275.7072388106224,3000.0,1102.3675321739836,847.9054637144867,763.7290957194672,780.381744591455,1102.3675321739836,847.9054637144867,763.7290957194672,780.381744591455,1102.3675321739836,847.9054637144867,763.7290957194672,780.381744591455,1102.3675321739836,847.9054637144867,763.7290957194672,780.381744591455,865.0825652728787,1008.7475321819915,1414.1695373271782,3000.0,865.0825652728787,1008.7475321819915,1414.1695373271782,3000.0,865.0825652728787,1008.7475321819915,1414.1695373271782,3000.0,865.0825652728787,1008.7475321819915,1414.1695373271782,3000.0,3000.0,3000.0,3000.0,1102.3675321739836,3000.0,3000.0,3000.0,1102.3675321739836,3000.0,3000.0,3000.0,1102.3675321739836,3000.0,3000.0,3000.0,1102.3675321739836,1222.0159418335072,939.9351519210944,846.6224765988293,865.0825652728787,1222.0159418335072,939.9351519210944,846.6224765988293,865.0825652728787,1222.0159418335072,939.9351519210944,846.6224765988293,865.0825652728787,1222.0159418335072,939.9351519210944,846.6224765988293,865.0825652728787
5800,2430.4699416752965,3000.0,2266.226752614297,1268.7261285572606,2430.4699416752965,3000.0,2266.226752614297,1268.7261285572606,2430.4699416752965,3000.0,2266.226752614297,1268.7261285572606,2430.4699416752965,3000.0,2266.226752614297,1268.7261285572606,767.835565646444,885.6296237196178,1219.918001037628,2430.469941675297,767.835565646444,885.6296237196178,1219.918001037628,2430.469941675297,767.835565646444,885.6296237196178,1219.918001037628,2430.469941675297,767.835565646444,885.6296237196178,1219.918001037628,2430.469941675297,1122.4363512261134,850.6241167307352,758.4375786746249,767.8355656464439,1122.4363512261134,850.6241167307352,758.4375786746249,767.8355656464439,1122.4363512261134,850.6241167307352,758.4375786746249,767.8355656464439,1122.4363512261134,850.6241167307352,758.4375786746249,767.8355656464439,867.9093861376031,1001.0558216597369,1378.9127917347628,3000.0,867.9093861376031,1001.0558216597369,1378.9127917347628,3000.0,867.9093861376031,1001.0558216597369,1378.9127917347628,3000.0,867.9093861376031,1001.0558216597369,1378.9127917347628,3000.0,3000.0,3000.0,3000.0,1122.4363512261139,3000.0,3000.0,3000.0,1122.4363512261139,3000.0,3000.0,3000.0,1122.4363512261139,3000.0,3000.0,3000.0,1122.4363512261139,1268.7261285572604,961.4879643717275,857.286537355164,867.909386137603,1268.7261285572604,961.4879643717275,857.286537355164,867.909386137603,1268.7261285572604,961.4879643717275,857.286537355164,867.909386137603,1268.7261285572604,961.4879643717275,857.286537355164,867.909386137603
5867,2224.7640231146174,3000.0,2448.145169940342,1320.1340909595508,2224.7640231146174,3000.0,2448.145169940342,1320.1340909595508,2224.7640231146174,3000.0,2448.145169940342,1320.1340909595508,2224.7640231146174,3000.0,2448.145169940342,1320.1340909595508,755.288873087953,861.9038505052753,1167.5317082353183,2224.7640231146174,755.288873087953,861.9038505052753,1167.5317082353183,2224.7640231146174,755.288873087953,861.9038505052753,1167.5317082353183,2224.7640231146174,755.288873087953,861.9038505052753,1167.5317082353183,2224.7640231146174,1143.4963781962344,853.2620566011205,752.9679941942704,755.288873087953,1143.4963781962344,853.2620566011205,752.9679941942704,755.288873087953,1143.4963781962344,853.2620566011205,752.9679941942704,755.288873087953,1143.4963781962344,853.2620566011205,752.9679941942704,755.288873087953,871.959552210072,995.0435155519626,1347.8821968364655,3000.0,871.959552210072,995.0435155519626,1347.8821968364655,3000.0,871.959552210072,995.0435155519626,1347.8821968364655,3000.0,871.959552210072,995.0435155519626,1347.8821968364655,3000.0,3000.0,3000.0,3000.0,1143.4963781962351,3000.0,3000.0,3000.0,1143.4963781962351,3000.0,3000.0,3000.0,1143.4963781962351,3000.0,3000.0,3000.0,1143.4963781962351,1320.1340909595506,985.0668099344801,869.2801634450881,871.9595522100719,1320.1340909595506,985.0668099344801,869.2801634450881,871.9595522100719,1320.1340909595506,985.0668099344801,869.2801634450881,871.9595522100719,1320.1340909595506,985.0668099344801,869.2801634450881,871.9595522100719
5933,2047.0034427687342,3000.0,2661.254061987244,1376.754330266385,2047.0034427687342,3000.0,2661.254061987244,1376.754330266385,2047.0034427687342,3000.0,2661.254061987244,1376.754330266385,2047.0034427687342,3000.0,2661.254061987244,1376.754330266385,742.7245987891063,838.7421647478207,1118.1622294353274,2047.0034427687342,742.7245987891063,838.7421647478207,1118.1622294353274,2047.0034427687342,742.7245987891063,838.7421647478207,1118.1622294353274,2047.0034427687342,742.7245987891063,838.7421647478207,1118.1622294353274,2047.0034427687342,1165.6708362388147,855.8194250951016,747.3106275650658,742.7245987891063,1165.6708362388147,855.8194250951016,747.3106275650658,742.7245987891063,1165.6708362388147,855.8194250951016,747.3106275650658,742.7245987891063,1165.6708362388147,855.8194250951016,747.3106275650658,742.7245987891063,877.2196024716986,990.6243438494917,1320.6427092939755,3000.0,877.2196024716986,990.6243438494917,1320.6427092939755,3000.0,877.2196024716986,990.6243438494917,1320.6427092939755,3000.0,877.2196024716986,990.6243438494917,1320.6427092939755,3000.0,3000.0,3000.0,3000.0,1165.6708362388147,3000.0,3000.0,3000.0,1165.6708362388147,3000.0,3000.0,3000.0,1165.6708362388147,3000.0,3000.0,3000.0,1165.6708362388147,1376.7543302663848,1010.7940104494273,882.636084363277,877.2196024716985,1376.7543302663848,1010.7940104494273,882.636084363277,877.2196024716985,1376.7543302663848,1010.7940104494273,882.636084363277,877.2196024716985,1376.7543302663848,1010.7940104494273,882.636084363277,877.2196024716985
6000,1891.5883764225446,3000.0,3000.0,1439.1852468632055,1891.5883764225446,3000.0,3000.0,1439.1852468632055,1891.5883764225446,3000.0,3000.0,1439.1852468632055,1891.5883764225446,3000.0,3000.0,1439.1852468632055,730.1258604621061,816.0887166592723,1071.4772421969417,1891.5883764225446,730.1258604621061,816.0887166592723,1071.4772421969417,1891.5883764225446,730.1258604621061,816.0887166592723,1071.4772421969417,1891.5883764225446,730.1258604621061,816.0887166592723,1071.4772421969417,1891.5883764225446,1189.1021638641248,858.296033360393,741.4549759828748,730.1258604621061,1189.1021638641248,858.296033360393,741.4549759828748,730.1258604621061,1189.1021638641248,858.296033360393,741.4549759828748,730.1258604621061,1189.1021638641248,858.296033360393,741.4549759828748,730.1258604621061,883.6804764661384,987.7223983268757,1296.8223304786761,3000.0,883.6804764661384,987.7223983268757,1296.8223304786761,3000.0,883.6804764661384,987.7223983268757,1296.8223304786761,3000.0,883.6804764661384,987.7223983268757,1296.8223304786761,3000.0,3000.0,3000.0,3000.0,1189.1021638641257,3000.0,3000.0,3000.0,1189.1021638641257,3000.0,3000.0,3000.0,1189.1021638641257,3000.0,3000.0,3000.0,1189.1021638641257,1439.1852468632053,1038.806442534264,897.3922469203401,883.6804764661383,1439.1852468632053,1038.806442534264,897.3922469203401,883.6804764661383,1439.1852468632053,1038.806442534264,897.3922469203401,883.6804764661383,1439.1852468632053,1038.806442534264,897.3922469203401,883.6804764661383
6067,1754.318106789369,3000.0,3000.0,1508.1265460473182,1754.318106789369,3000.0,3000.0,1508.1265460473182,1754.318106789369,3000.0,3000.0,1508.1265460473182,1754.318106789369,3000.0,3000.0,1508.1265460473182,717.4758655045738,793.8920607904147,1027.1890298696383,1754.318106789369,717.4758655045738,793.8920607904147,1027.1890298696383,1754.318106789369,717.4758655045738,793.8920607904147,1027.1890298696383,1754.318106789369,717.4758655045738,793.8920607904147,1027.1890298696383,1754.318106789369,1213.9560406792093,860.6913380819384,735.389673807175,717.4758655045738,1213.9560406792093,860.6913380819384,735.389673807175,717.4758655045738,1213.9560406792093,860.6913380819384,735.389673807175,717.4758655045738,1213.9560406792093,860.6913380819384,735.389673807175,717.4758655045738,891.3373817970527,986.2710439698878,1276.101433531524,3000.0,891.3373817970527,986.2710439698878,1276.101433531524,3000.0,891.3373817970527,986.2710439698878,1276.101433531524,3000.0,891.3373817970527,986.2710439698878,1276.101433531524,3000.0,3000.0,3000.0,3000.0,1213.9560406792102,3000.0,3000.0,3000.0,1213.9560406792102,3000.0,3000.0,3000.0,1213.9560406792102,3000.0,3000.0,3000.0,1213.9560406792102,1508.1265460473178,1069.2573795243102,913.592133152662,891.3373817970527,1508.1265460473178,1069.2573795243102,913.592133152662,891.3373817970527,1508.1265460473178,1069.2573795243102,913.592133152662,891.3373817970527,1508.1265460473178,1069.2573795243102,913.592133152662,891.3373817970527
6133,1631.9794996195387,3000.0,3000.0,1584.4011897228365,1631.9794996195387,3000.0,3000.0,1584.4011897228365,1631.9794996195387,3000.0,3000.0,1584.4011897228365,1631.9794996195387,3000.0,3000.0,1584.4011897228365,704.7578175001827,772.1046014113078,985.0470969671753,1631.9794996195387,704.7578175001827,772.1046014113078,985.0470969671753,1631.9794996195387,704.7578175001827,772.1046014113078,985.0470969671753,1631.9794996195387,704.7578175001827,772.1046014113078,985.0470969671753,1631.9794996195387,1240.426461693606,863.0044121605301,729.1024085119413,704.7578175001827,1240.426461693606,863.0044121605301,729.1024085119413,704.7578175001827,1240.426461693606,863.0044121605301,729.1024085119413,704.7578175001827,1240.426461693606,863.0044121605301,729.1024085119413,704.7578175001827,900.1897000723383,986.2119898637906,1258.204206831347,3000.0,900.1897000723383,986.2119898637906,1258.204206831347,3000.0,900.1897000723383,986.2119898637906,1258.204206831347,3000.0,900.1897000723383,986.2119898637906,1258.204206831347,3000.0,3000.0,3000.0,3000.0,1240.4264616936066,3000.0,3000.0,3000.0,1240.4264616936066,3000.0,3000.0,3000.0,1240.4264616936066,3000.0,3000.0,3000.0,1240.4264616936066,1584.4011897228365,1102.318645715045,931.2851339037665,900.1897000723383,1584.4011897228365,1102.318645715045,931.2851339037665,900.1897000723383,1584.4011897228365,1102.318645715045,931.2851339037665,900.1897000723383,1584.4011897228365,1102.318645715045,931.2851339037665,900.1897000723383
6200,1522.0726525880975,3000.0,3000.0,1668.983340106264,1522.0726525880975,3000.0,3000.0,1668.983340106264,1522.0726525880975,3000.0,3000.0,1668.983340106264,1522.0726525880975,3000.0,3000.0,1668.983340106264,691.9548242263751,750.6821084067974,944.8321963210462,1522.0726525880973,691.9548242263751,750.6821084067974,944.8321963210462,1522.0726525880973,691.9548242263751,750.6821084067974,944.8321963210462,1522.0726525880973,691.9548242263751,750.6821084067974,944.8321963210462,1522.0726525880973,1268.7421939363971,865.2339089548477,722.5798260226134,691.9548242263751,1268.7421939363971,865.2339089548477,722.5798260226134,691.9548242263751,1268.7421939363971,865.2339089548477,722.5798260226134,691.9548242263751,1268.7421939363971,865.2339089548477,722.5798260226134,691.9548242263751,910.2409293702985,987.4944954416768,1242.8917414367063,3000.0,910.2409293702985,987.4944954416768,1242.8917414367063,3000.0,910.2409293702985,987.4944954416768,1242.8917414367063,3000.0,910.2409293702985,987.4944954416768,1242.8917414367063,3000.0,3000.0,3000.0,3000.0,1268.7421939363978,3000.0,3000.0,3000.0,1268.7421939363978,3000.0,3000.0,3000.0,1268.7421939363978,3000.0,3000.0,3000.0,1268.7421939363978,1668.9833401062635,1138.1831440951134,950.5269843568236,910.2409293702985,1668.9833401062635,1138.1831440951134,950.5269843568236,910.2409293702985,1668.9833401062635,1138.1831440951134,950.5269843568236,910.2409293702985,1668.9833401062635,1138.1831440951134,950.5269843568236,910.2409293702985
6267,1422.6231795317779,3000.0,3000.0,1763.0342924268639,1422.6231795317779,3000.0,3000.0,1763.0342924268639,1422.6231795317779,3000.0,3000.0,1763.0342924268639,1422.6231795317779,3000.0,3000.0,1763.0342924268639,679.0498060708586,729.5832925148293,906.3514622024013,1422.6231795317779,679.0498060708586,729.5832925148293,906.3514622024013,1422.6231795317779,679.0498060708586,729.5832925148293,906.3514622024013,1422.6231795317779,679.0498060708586,729.5832925148293,906.3514622024013,1422.6231795317779,1299.1750762626448,867.3780188953208,715.8074239056774,679.0498060708586,1299.1750762626448,867.3780188953208,715.8074239056774,679.0498060708586,1299.1750762626448,867.3780188953208,715.8074239056774,679.0498060708586,1299.1750762626448,867.3780188953208,715.8074239056774,679.0498060708586,921.4986619145302,990.0746923082945,1229.956406992387,3000.0,921.4986619145302,990.0746923082945,1229.956406992387,3000.0,921.4986619145302,990.0746923082945,1229.956406992387,3000.0,921.4986619145302,990.0746923082945,1229.956406992387,3000.0,3000.0,3000.0,3000.0,1299.1750762626457,3000.0,3000.0,3000.0,1299.1750762626457,3000.0,3000.0,3000.0,1299.1750762626457,3000.0,3000.0,3000.0,1299.1750762626457,1763.0342924268634,1177.0678330813175,971.3802690472133,921.4986619145302,1763.0342924268634,1177.0678330813175,971.3802690472133,921.4986619145302,1763.0342924268634,1177.0678330813175,971.3802690472133,921.4986619145302,1763.0342924268634,1177.0678330813175,971.3802690472133,921.4986619145302
6333,1332.0508075688779,3000.0,3000.0,1867.9491924311226,1332.0508075688779,3000.0,3000.0,1867.9491924311226,1332.0508075688779,3000.0,3000.0,1867.9491924311226,1332.0508075688779,3000.0,3000.0,1867.9491924311226,666.0254037844387,708.769430611694,869.4344169806808,1332.050807568878,666.0254037844387,708.769430611694,869.4344169806808,1332.050807568878,666.0254037844387,708.769430611694,869.4344169806808,1332.050807568878,666.0254037844387,708.769430611694,869.4344169806808,1332.050807568878,1332.0508075688765,869.4344169806801,708.7694306116939,666.0254037844387,1332.0508075688765,869.4344169806801,708.7694306116939,666.0254037844387,1332.0508075688765,869.4344169806801,708.7694306116939,666.0254037844387,1332.0508075688765,869.4344169806801,708.7694306116939,666.0254037844387,933.9745962155613,993.9150053497656,1219.2172459509654,3000.0,933.9745962155613,993.9150053497656,1219.2172459509654,3000.0,933.9745962155613,993.9150053497656,1219.2172459509654,3000.0,933.9745962155613,993.9150053497656,1219.2172459509654,3000.0,3000.0,3000.0,3000.0,1332.0508075688776,3000.0,3000.0,3000.0,1332.0508075688776,3000.0,3000.0,3000.0,1332.0508075688776,3000.0,3000.0,3000.0,1332.0508075688776,1867.9491924311221,1219.2172459509652,993.9150053497655,933.9745962155613,1867.9491924311221,1219.2172459509652,993.9150053497655,933.9745962155613,1867.9491924311221,1219.2172459509652,993.9150053497655,933.9745962155613,1867.9491924311221,1219.2172459509652,993.9150053497655,933.9745962155613
6400,1249.0755160426013,3000.0,3000.0,1985.418511713956,1249.0755160426013,3000.0,3000.0,1985.418511713956,1249.0755160426013,3000.0,3000.0,1985.418511713956,1249.0755160426013,3000.0,3000.0,1985.418511713956,652.8638845016718,688.2040332656103,833.9296730294222,1249.0755160426013,652.8638845016718,688.2040332656103,833.9296730294222,1249.0755160426013,652.8638845016718,688.2040332656103,833.9296730294222,1249.0755160426013,652.8638845016718,688.2040332656103,833.9296730294222,1249.0755160426013,1367.763140299487,871.400199288892,701.4486686548692,652.8638845016718,1367.763140299487,871.400199288892,701.4486686548692,652.8638845016718,1367.763140299487,871.400199288892,701.4486686548692,652.8638845016718,1367.763140299487,871.400199288892,701.4486686548692,652.8638845016718,947.6845834837171,998.9836596872806,1210.516178947216,3000.0,947.6845834837171,998.9836596872806,1210.516178947216,3000.0,947.6845834837171,998.9836596872806,1210.516178947216,3000.0,947.6845834837171,998.9836596872806,1210.516178947216,3000.0,3000.0,3000.0,3000.0,1367.763140299488,3000.0,3000.0,3000.0,1367.763140299488,3000.0,3000.0,3000.0,1367.763140299488,3000.0,3000.0,3000.0,1367.763140299488,1985.4185117139552,1264.9076699058962,1018.2093161682546,947.6845834837171,1985.4185117139552,1264.9076699058962,1018.2093161682546,947.6845834837171,1985.4185117139552,1264.9076699058962,1018.2093161682546,947.6845834837171,1985.4185117139552,1264.9076699058962,1018.2093161682546,947.6845834837171
6467,1172.6492720592503,2839.153476334182,3000.0,2117.510019716467,1172.6492720592503,2839.153476334182,3000.0,2117.510019716467,1172.6492720592503,2839.153476334182,3000.0,2117.510019716467,1172.6492720592503,2839.153476334182,3000.0,2117.510019716467,639.5470449433338,667.8525480114948,799.7021919393538,1172.6492720592503,639.5470449433338,667.8525480114948,799.7021919393538,1172.6492720592503,639.5470449433338,667.8525480114948,799.7021919393538,1172.6492720592503,639.5470449433338,667.8525480114948,799.7021919393538,1172.6492720592503,3000.0,873.2718061472143,693.8263992308458,639.5470449433338,3000.0,873.2718061472143,693.8263992308458,639.5470449433338,3000.0,873.2718061472143,693.8263992308458,639.5470449433338,3000.0,873.2718061472143,693.8263992308458,639.5470449433338,962.6487086533399,1005.2542623679421,1203.714861110607,3000.0,962.6487086533399,1005.2542623679421,1203.714861110607,3000.0,962.6487086533399,1005.2542623679421,1203.714861110607,3000.0,962.6487086533399,1005.2542623679421,1203.714861110607,3000.0,3000.0,3000.0,3000.0,3000.0,3000.0,3000.0,3000.0,3000.0,3000.0,3000.0,3000.0,3000.0,3000.0,3000.0,3000.0,3000.0,2117.5100197164666,1314.4521316105381,1044.3502046176286,962.6487086533399,2117.5100197164666,1314.4521316105381,1044.3502046176286,962.6487086533399,2117.5100197164666,1314.4521316105381,1044.3502046176286,962.6487086533399,2117.5100197164666,1314.4521316105381,1044.3502046176286,962.6487086533399
6533,1101.90557224539,2492.715786066961,3000.0,2266.7796918891895,1101.90557224539,2492.715786066961,3000.0,2266.7796918891895,1101.90557224539,2492.715786066961,3000.0,2266.7796918891895,1101.90557224539,2492.715786066961,3000.0,2266.7796918891895,626.0561106755646,647.6820928021195,766.6309934517801,1101.90557224539,626.0561106755646,647.6820928021195,766.6309934517801,1101.90557224539,626.0561106755646,647.6820928021195,766.6309934517801,1101.90557224539,626.0561106755646,647.6820928021195,766.6309934517801,1101.90557224539,3000.0,875.0449289757121,685.8821453146137,626.0561106755646,3000.0,875.0449289757121,685.8821453146137,626.0561106755646,3000.0,875.0449289757121,685.8821453146137,626.0561106755646,3000.0,875.0449289757121,685.8821453146137,626.0561106755646,978.8914068969564,1012.7054496135881,1198.692064423795,3000.0,978.8914068969564,1012.7054496135881,1198.692064423795,3000.0,978.8914068969564,1012.7054496135881,1198.692064423795,3000.0,978.8914068969564,1012.7054496135881,1198.692064423795,3000.0,3000.0,3000.0,3000.0,3000.0,3000.0,3000.0,3000.0,3000.0,3000.0,3000.0,3000.0,3000.0,3000.0,3000.0,3000.0,3000.0,2266.779691889189,1368.2063748228106,1072.434445960485,978.8914068969564,2266.779691889189,1368.2063748228106,1072.434445960485,978.8914068969564,2266.779691889189,1368.2063748228106,1072.434445960485,978.8914068969564,2266.779691889189,1368.2063748228106,1072.434445960485,978.8914068969564
6600,1036.121597130358,2209.486419465167,3000.0,2436.424213297082,1036.121597130358,2209.486419465167,3000.0,2436.424213297082,1036.121597130358,2209.486419465167,3000.0,2436.424213297082,1036.121597130358,2209.486419465167,3000.0,2436.424213297082,612.3716302388972,627.6612149085311,734.6072295589637,1036.121597130358,612.3716302388972,627.6612149085311,734.6072295589637,1036.121597130358,612.3716302388972,627.6612149085311,734.6072295589637,1036.121597130358,612.3716302388972,627.6612149085311,734.6072295589637,1036.121597130358,3000.0,876.7143969956595,677.5934897239339,612.3716302388972,3000.0,876.7143969956595,677.5934897239339,612.3716302388972,3000.0,876.7143969956595,677.5934897239339,612.3716302388972,3000.0,876.7143969956595,677.5934897239339,612.3716302388972,996.441617062729,1021.320592051306,1195.341488047285,3000.0,996.441617062729,1021.320592051306,1195.341488047285,3000.0,996.441617062729,1021.320592051306,1195.341488047285,3000.0,996.441617062729,1021.320592051306,1195.341488047285,3000.0,3000.0,3000.0,3000.0,3000.0,3000.0,3000.0,3000.0,3000.0,3000.0,3000.0,3000.0,3000.0,3000.0,3000.0,3000.0,3000.0,2436.4242132970817,1426.5760664055024,1102.5696150363685,996.4416170627292,2436.4242132970817,1426.5760664055024,1102.5696150363685,996.4416170627292,2436.4242132970817,1426.5760664055024,1102.5696150363685,996.4416170627292,2436.4242132970817,1426.5760664055024,1102.5696150363685,996.4416170627292
6667,974.6894465002894,1973.2021838933745,3000.0,2630.494488583971,974.6894465002894,1973.2021838933745,3000.0,2630.494488583971,974.6894465002894,1973.2021838933745,3000.0,2630.494488583971,974.6894465002894,1973.2021838933745,3000.0,2630.494488583971,598.4733628747102,607.7596712103981,703.532556841792,974.6894465002895,598.4733628747102,607.7596712103981,703.532556841792,974.6894465002895,598.4733628747102,607.7596712103981,703.532556841792,974.6894465002895,598.4733628747102,607.7596712103981,703.532556841792,974.6894465002895,3000.0,878.2740389108641,668.9358439571802,598.4733628747102,3000.0,878.2740389108641,668.9358439571802,598.4733628747102,3000.0,878.2740389108641,668.9358439571802,598.4733628747102,3000.0,878.2740389108641,668.9358439571802,598.4733628747102,1015.3329740535341,1031.0875516928168,1193.569919052865,3000.0,1015.3329740535341,1031.0875516928168,1193.569919052865,3000.0,1015.3329740535341,1031.0875516928168,1193.569919052865,3000.0,1015.3329740535341,1031.0875516928168,1193.569919052865,3000.0,3000.0,3000.0,3000.0,3000.0,3000.0,3000.0,3000.0,3000.0,3000.0,3000.0,3000.0,3000.0,3000.0,3000.0,3000.0,3000.0,2630.4944885839705,1490.0255337647538,1134.875271028968,1015.3329740535341,2630.4944885839705,1490.0255337647538,1134.875271028968,1015.3329740535341,2630.4944885839705,1490.0255337647538,1134.875271028968,1015.3329740535341,2630.4944885839705,1490.0255337647538,1134.875271028968,1015.3329740535341
6733,917.0940107219013,1772.734690281019,3000.0,2854.2006611942675,917.0940107219013,1772.734690281019,3000.0,2854.2006611942675,917.0940107219013,1772.734690281019,3000.0,2854.2006611942675,917.0940107219013,1772.734690281019,3000.0,2854.2006611942675,584.3401584645699,587.9482263621948,673.317753703654,917.0940107219012,584.3401584645699,587.9482263621948,673.317753703654,917.0940107219012,584.3401584645699,587.9482263621948,673.317753703654,917.0940107219012,584.3401584645699,587.9482263621948,673.317753703654,917.0940107219012,3000.0,879.7165132305828,659.8821827884861,584.3401584645699,3000.0,879.7165132305828,659.8821827884861,584.3401584645699,3000.0,879.7165132305828,659.8821827884861,584.3401584645699,3000.0,879.7165132305828,659.8821827884861,584.3401584645699,1035.604042796235,1041.9984855661482,1193.295681840875,3000.0,1035.604042796235,1041.9984855661482,1193.295681840875,3000.0,1035.604042796235,1041.9984855661482,1193.295681840875,3000.0,1035.604042796235,1041.9984855661482,1193.295681840875,3000.0,3000.0,3000.0,3000.0,3000.0,3000.0,3000.0,3000.0,3000.0,3000.0,3000.0,3000.0,3000.0,3000.0,3000.0,3000.0,3000.0,2854.2006611942666,1559.0884254987207,1169.4843258088263,1035.604042796235,2854.2006611942666,1559.0884254987207,1169.4843258088263,1035.604042796235,2854.2006611942666,1559.0884254987207,1169.4843258088263,1035.604042796235,2854.2006611942666,1559.0884254987207,1169.4843258088263,1035.604042796235
6800,862.8957574680663,1600.2117476354056,3000.0,3000.0,862.8957574680663,1600.2117476354056,3000.0,3000.0,862.8957574680663,1600.2117476354056,3000.0,3000.0,862.8957574680663,1600.2117476354056,3000.0,3000.0,569.9498281564184,568.1984657654726,643.8815397133089,862.8957574680663,569.9498281564184,568.1984657654726,643.8815397133089,862.8957574680663,569.9498281564184,568.1984657654726,643.8815397133089,862.8957574680663,569.9498281564184,568.1984657654726,643.8815397133089,862.8957574680663,3000.0,881.0330989721856,650.4027385898379,569.9498281564184,3000.0,881.0330989721856,650.4027385898379,569.9498281564184,3000.0,881.0330989721856,650.4027385898379,569.9498281564184,3000.0,881.0330989721856,650.4027385898379,569.9498281564184,1057.2985971416063,1054.0496918738859,1194.447326822292,3000.0,1057.2985971416063,1054.0496918738859,1194.447326822292,3000.0,1057.2985971416063,1054.0496918738859,1194.447326822292,3000.0,1057.2985971416063,1054.0496918738859,1194.447326822292,3000.0,3000.0,3000.0,3000.0,3000.0,3000.0,3000.0,3000.0,3000.0,3000.0,3000.0,3000.0,3000.0,3000.0,3000.0,3000.0,3000.0,3000.0,1634.3808060995973,1206.5446274673996,1057.2985971416063,3000.0,1634.3808060995973,1206.5446274673996,1057.2985971416063,3000.0,1634.3808060995973,1206.5446274673996,1057.2985971416063,3000.0,1634.3808060995973,1206.5446274673996,1057.2985971416063
6867,811.7172048562718,1449.9072761230361,3000.0,3000.0,811.7172048562718,1449.9072761230361,3000.0,3000.0,811.7172048562718,1449.9072761230361,3000.0,3000.0,811.7172048562718,1449.9072761230361,3000.0,3000.0,555.2790039764219,548.4826206378858,615.1495625224221,811.7172048562718,555.2790039764219,548.4826206378858,615.1495625224221,811.7172048562718,555.2790039764219,548.4826206378858,615.1495625224221,811.7172048562718,555.2790039764219,548.4826206378858,615.1495625224221,811.7172048562718,3000.0,882.2134358660236,640.4646481008185,555.2790039764219,3000.0,882.2134358660236,640.4646481008185,555.2790039764219,3000.0,882.2134358660236,640.4646481008185,555.2790039764219,3000.0,882.2134358660236,640.4646481008185,555.2790039764219,1080.4659478076248,1067.2414953919033,1196.9625185800408,3000.0,1080.4659478076248,1067.2414953919033,1196.9625185800408,3000.0,1080.4659478076248,1067.2414953919033,1196.9625185800408,3000.0,1080.4659478076248,1067.2414953919033,1196.9625185800408,3000.0,3000.0,3000.0,3000.0,3000.0,3000.0,3000.0,3000.0,3000.0,3000.0,3000.0,3000.0,3000.0,3000.0,3000.0,3000.0,3000.0,3000.0,1716.617356906366,1246.2207972785357,1080.4659478076248,3000.0,1716.617356906366,1246.2207972785357,1080.4659478076248,3000.0,1716.617356906366,1246.2207972785357,1080.4659478076248,3000.0,1716.617356906366,1246.2207972785357,1080.4659478076248
6933,763.2321910300261,1317.5563580081491,3000.0,3000.0,763.2321910300261,1317.5563580081491,3000.0,3000.0,763.2321910300261,1317.5563580081491,3000.0,3000.0,763.2321910300261,1317.5563580081491,3000.0,3000.0,540.3029855113391,528.7734027596086,587.0535243186031,763.232191030026,540.3029855113391,528.7734027596086,587.0535243186031,763.232191030026,540.3029855113391,528.7734027596086,587.0535243186031,763.232191030026,540.3029855113391,528.7734027596086,587.0535243186031,763.232191030026,3000.0,883.2451996024729,630.0315428195034,540.3029855113391,3000.0,883.2451996024729,630.0315428195034,540.3029855113391,3000.0,883.2451996024729,630.0315428195034,540.3029855113391,3000.0,883.2451996024729,630.0315428195034,540.3029855113391,1105.1613243529948,1081.578169558688,1200.787091316978,3000.0,1105.1613243529948,1081.578169558688,1200.787091316978,3000.0,1105.1613243529948,1081.578169558688,1200.787091316978,3000.0,1105.1613243529948,1081.578169558688,1200.787091316978,3000.0,3000.0,3000.0,3000.0,3000.0,3000.0,3000.0,3000.0,3000.0,3000.0,3000.0,3000.0,3000.0,3000.0,3000.0,3000.0,3000.0,3000.0,1806.6315765353274,1288.6963665166538,1105.1613243529948,3000.0,1806.6315765353274,1288.6963665166538,1105.1613243529948,3000.0,1806.6315765353274,1288.6963665166538,1105.1613243529948,3000.0,1806.6315765353274,1288.6963665166538,1105.1613243529948
7000,717.1572875253812,1199.9168684709764,3000.0,3000.0,717.1572875253812,1199.9168684709764,3000.0,3000.0,717.1572875253812,1199.9168684709764,3000.0,3000.0,717.1572875253812,1199.9168684709764,3000.0,3000.0,524.9955714868607,509.04384670781,559.5304249173807,717.1572875253812,524.9955714868607,509.04384670781,559.5304249173807,717.1572875253812,524.9955714868607,509.04384670781,559.5304249173807,717.1572875253812,524.9955714868607,509.04384670781,559.5304249173807,717.1572875253812,3000.0,884.1136926974153,619.0630722611535,524.9955714868607,3000.0,884.1136926974153,619.0630722611535,524.9955714868607,3000.0,884.1136926974153,619.0630722611535,524.9955714868607,3000.0,884.1136926974153,619.0630722611535,524.9955714868607,1131.446317169272,1097.0678933615457,1205.8742454226062,3000.0,1131.446317169272,1097.0678933615457,1205.8742454226062,3000.0,1131.446317169272,1097.0678933615457,1205.8742454226062,3000.0,1131.446317169272,1097.0678933615457,1205.8742454226062,3000.0,3000.0,3000.0,3000.0,3000.0,3000.0,3000.0,3000.0,3000.0,3000.0,3000.0,3000.0,3000.0,3000.0,3000.0,3000.0,3000.0,3000.0,1905.4011802963412,1334.1762697571764,1131.446317169272,3000.0,1905.4011802963412,1334.1762697571764,1131.446317169272,3000.0,1905.4011802963412,1334.1762697571764,1131.446317169272,3000.0,1905.4011802963412,1334.1762697571764,1131.446317169272
7067,673.2448721785366,1094.4799847631043,3000.0,3000.0,673.2448721785366,1094.4799847631043,3000.0,3000.0,673.2448721785366,1094.4799847631043,3000.0,3000.0,673.2448721785366,1094.4799847631043,3000.0,3000.0,509.3288737542381,489.2671575681788,532.5219026912592,673.2448721785365,509.3288737542381,489.2671575681788,532.5219026912592,673.2448721785365,509.3288737542381,489.2671575681788,532.5219026912592,673.2448721785365,509.3288737542381,489.2671575681788,532.5219026912592,673.2448721785365,3000.0,884.8013245889736,607.5143469184125,509.3288737542382,3000.0,884.8013245889736,607.5143469184125,509.3288737542382,3000.0,884.8013245889736,607.5143469184125,509.3288737542382,3000.0,884.8013245889736,607.5143469184125,509.3288737542382,1159.389386639045,1113.7227417217082,1212.1838638014951,3000.0,1159.389386639045,1113.7227417217082,1212.1838638014951,3000.0,1159.389386639045,1113.7227417217082,1212.1838638014951,3000.0,1159.389386639045,1113.7227417217082,1212.1838638014951,3000.0,3000.0,3000.0,3000.0,3000.0,3000.0,3000.0,3000.0,3000.0,3000.0,3000.0,3000.0,3000.0,3000.0,3000.0,3000.0,3000.0,3000.0,2014.0803278072333,1382.8897640466769,1159.389386639045,3000.0,2014.0803278072333,1382.8897640466769,1159.389386639045,3000.0,2014.0803278072333,1382.8897640466769,1159.389386639045,3000.0,2014.0803278072333,1382.8897640466769,1159.389386639045
7133,631.2774983765645,999.2737442391406,3000.0,3000.0,631.2774983765645,999.2737442391406,3000.0,3000.0,631.2774983765645,999.2737442391406,3000.0,3000.0,631.2774983765645,999.2737442391406,3000.0,3000.0,493.2731108203318,469.4165622453669,505.9736578114297,631.2774983765645,493.2731108203318,469.4165622453669,505.9736578114297,631.2774983765645,493.2731108203318,469.4165622453669,505.9736578114297,631.2774983765645,493.2731108203318,469.4165622453669,505.9736578114297,631.2774983765645,3000.0,885.2869446776798,595.3352847174349,493.27311082033196,3000.0,885.2869446776798,595.3352847174349,493.27311082033196,3000.0,885.2869446776798,595.3352847174349,493.27311082033196,3000.0,885.2869446776798,595.3352847174349,493.27311082033196,1189.0664479608959,1131.558708632748,1219.681930472704,3000.0,1189.0664479608959,1131.558708632748,1219.681930472704,3000.0,1189.0664479608959,1131.558708632748,1219.681930472704,3000.0,1189.0664479608959,1131.558708632748,1219.681930472704,3000.0,3000.0,3000.0,3000.0,3000.0,3000.0,3000.0,3000.0,3000.0,3000.0,3000.0,3000.0,3000.0,3000.0,3000.0,3000.0,3000.0,3000.0,2134.0409190020946,1435.0938593986918,1189.0664479608959,3000.0,2134.0409190020946,1435.0938593986918,1189.0664479608959,3000.0,2134.0409190020946,1435.0938593986918,1189.0664479608959,3000.0,2134.0409190020946,1435.0938593986918,1189.0664479608959
7200,591.0632854853098,912.726532084993,2723.1418837397614,3000.0,591.0632854853098,912.726532084993,2723.1418837397614,3000.0,591.0632854853098,912.726532084993,2723.1418837397614,3000.0,591.0632854853098,912.726532084993,2723.1418837397614,3000.0,476.79637760209044,449.4651625863368,479.8349449136831,591.0632854853098,476.79637760209044,449.4651625863368,479.8349449136831,591.0632854853098,476.79637760209044,449.4651625863368,479.8349449136831,591.0632854853098,476.79637760209044,449.4651625863368,479.8349449136831,591.0632854853098,3000.0,885.5449777399031,582.4698409127133,476.79637760209044,3000.0,885.5449777399031,582.4698409127133,476.79637760209044,3000.0,885.5449777399031,582.4698409127133,476.79637760209044,3000.0,885.5449777399031,582.4698409127133,476.79637760209044,1220.5615417339052,1150.5957628308424,1228.3400370764075,1513.075914339946,1220.5615417339052,1150.5957628308424,1228.3400370764075,1513.075914339946,1220.5615417339052,1150.5957628308424,1228.3400370764075,1513.075914339946,1220.5615417339052,1150.5957628308424,1228.3400370764075,1513.075914339946,1513.0759143399457,3000.0,3000.0,3000.0,1513.0759143399457,3000.0,3000.0,3000.0,1513.0759143399457,3000.0,3000.0,3000.0,1513.0759143399457,3000.0,3000.0,3000.0,3000.0,2266.926080145192,1491.0773664292342,1220.5615417339052,3000.0,2266.926080145192,1491.0773664292342,1220.5615417339052,3000.0,2266.926080145192,1491.0773664292342,1220.5615417339052,3000.0,2266.926080145192,1491.0773664292342,1220.5615417339052
7267,552.4321200163743,833.5701998824338,2250.000793739371,3000.0,552.4321200163743,833.5701998824338,2250.000793739371,3000.0,552.4321200163743,833.5701998824338,2250.000793739371,3000.0,552.4321200163743,833.5701998824338,2250.000793739371,3000.0,459.86438753932526,429.385788585216,454.0581244294573,552.4321200163741,459.86438753932526,429.385788585216,454.0581244294573,552.4321200163741,459.86438753932526,429.385788585216,454.0581244294573,552.4321200163741,459.86438753932526,429.385788585216,454.0581244294573,552.4321200163741,3000.0,885.544290213744,568.8550964506277,459.86438753932526,3000.0,885.544290213744,568.8550964506277,459.86438753932526,3000.0,885.544290213744,568.8550964506277,459.86438753932526,3000.0,885.544290213744,568.8550964506277,459.86438753932526,1253.9676022799213,1170.8579362850362,1238.134965469216,1506.3831854126938,1253.9676022799213,1170.8579362850362,1238.134965469216,1506.3831854126938,1253.9676022799213,1170.8579362850362,1238.134965469216,1506.3831854126938,1253.9676022799213,1170.8579362850362,1238.134965469216,1506.3831854126938,1506.3831854126931,3000.0,3000.0,3000.0,1506.3831854126931,3000.0,3000.0,3000.0,1506.3831854126931,3000.0,3000.0,3000.0,1506.3831854126931,3000.0,3000.0,3000.0,3000.0,2414.720253189958,1551.1656929074704,1253.9676022799213,3000.0,2414.720253189958,1551.1656929074704,1253.9676022799213,3000.0,2414.720253189958,1551.1656929074704,1253.9676022799213,3000.0,2414.720253189958,1551.1656929074704,1253.9676022799213
7333,515.2325051769079,760.7700111049919,1888.5703110042425,3000.0,515.2325051769079,760.7700111049919,1888.5703110042425,3000.0,515.2325051769079,760.7700111049919,1888.5703110042425,3000.0,515.2325051769079,760.7700111049919,1888.5703110042425,3000.0,442.44018253941255,409.150849957475,428.59826354982175,515.232505176908,442.44018253941255,409.150849957475,428.59826354982175,515.232505176908,442.44018253941255,409.150849957475,428.59826354982175,515.232505176908,442.44018253941255,409.150849957475,428.59826354982175,515.232505176908,3000.0,885.2466846514546,554.4201735228327,442.44018253941266,3000.0,885.2466846514546,554.4201735228327,442.44018253941266,3000.0,885.2466846514546,554.4201735228327,442.44018253941266,3000.0,885.2466846514546,554.4201735228327,442.44018253941266,1289.3873379284175,1192.373446303837,1249.0483366754756,1501.5233572395155,1289.3873379284175,1192.373446303837,1249.0483366754756,1501.5233572395155,1289.3873379284175,1192.373446303837,1249.0483366754756,1501.5233572395155,1289.3873379284175,1192.373446303837,1249.0483366754756,1501.5233572395155,1501.523357239516,3000.0,3000.0,3000.0,1501.523357239516,3000.0,3000.0,3000.0,1501.523357239516,3000.0,3000.0,3000.0,1501.523357239516,3000.0,3000.0,3000.0,3000.0,2579.842227668865,1615.7265543319784,1289.3873379284178,3000.0,2579.842227668865,1615.7265543319784,1289.3873379284178,3000.0,2579.842227668865,1615.7265543319784,1289.3873379284178,3000.0,2579.842227668865,1615.7265543319784,1289.3873379284178
7400,479.32893250540315,693.4731286566829,1602.9357381283914,3000.0,479.32893250540315,693.4731286566829,1602.9357381283914,3000.0,479.32893250540315,693.4731286566829,1602.9357381283914,3000.0,479.32893250540315,693.4731286566829,1602.9357381283914,3000.0,424.48380542896143,388.7321843559531,403.412779195309,479.32893250540315,424.48380542896143,388.7321843559531,403.412779195309,479.32893250540315,424.48380542896143,388.7321843559531,403.412779195309,479.32893250540315,424.48380542896143,388.7321843559531,403.412779195309,479.32893250540315,3000.0,884.6048722249875,539.0849388702135,424.48380542896143,3000.0,884.6048722249875,539.0849388702135,424.48380542896143,3000.0,884.6048722249875,539.0849388702135,424.48380542896143,3000.0,884.6048722249875,539.0849388702135,424.48380542896143,1326.9342401807137,1215.1748525739226,1261.0663181832547,1498.3798314942605,1326.9342401807137,1215.1748525739226,1261.0663181832547,1498.3798314942605,1326.9342401807137,1215.1748525739226,1261.0663181832547,1498.3798314942605,1326.9342401807137,1215.1748525739226,1261.0663181832547,1498.3798314942605,1498.3798314942608,3000.0,3000.0,3000.0,1498.3798314942608,3000.0,3000.0,3000.0,1498.3798314942608,3000.0,3000.0,3000.0,1498.3798314942608,3000.0,3000.0,3000.0,3000.0,2765.270380102788,1685.176806756473,1326.9342401807137,3000.0,2765.270380102788,1685.176806756473,1326.9342401807137,3000.0,2765.270380102788,1685.176806756473,1326.9342401807137,3000.0,2765.270380102788,1685.176806756473,1326.9342401807137
7467,444.5996765828838,630.970160081674,1371.0839075654917,3000.0,444.5996765828838,630.970160081674,1371.0839075654917,3000.0,444.5996765828838,630.970160081674,1371.0839075654917,3000.0,444.5996765828838,630.970160081674,1371.0839075654917,3000.0,405.9519286188653,368.10090045137383,378.46111651083896,444.5996765828838,405.9519286188653,368.10090045137383,378.46111651083896,444.5996765828838,405.9519286188653,368.10090045137383,378.46111651083896,444.5996765828838,405.9519286188653,368.10090045137383,378.46111651083896,444.5996765828838,3000.0,883.5596996418051,522.7584447622359,405.95192861886534,3000.0,883.5596996418051,522.7584447622359,405.95192861886534,3000.0,883.5596996418051,522.7584447622359,405.95192861886534,3000.0,883.5596996418051,522.7584447622359,405.95192861886534,1366.7337419130808,1239.2992509904311,1274.1793830054578,1496.8505795669516,1366.7337419130808,1239.2992509904311,1274.1793830054578,1496.8505795669516,1366.7337419130808,1239.2992509904311,1274.1793830054578,1496.8505795669516,1366.7337419130808,1239.2992509904311,1274.1793830054578,1496.8505795669516,1496.8505795669519,3000.0,3000.0,3000.0,1496.8505795669519,3000.0,3000.0,3000.0,1496.8505795669519,3000.0,3000.0,3000.0,1496.8505795669519,3000.0,3000.0,3000.0,3000.0,2974.7139238961704,1759.9906662775004,1366.733741913081,3000.0,2974.7139238961704,1759.9906662775004,1366.733741913081,3000.0,2974.7139238961704,1759.9906662775004,1366.733741913081,3000.0,2974.7139238961704,1759.9906662775004,1366.733741913081
7533,410.93493463032144,572.6660547786864,1178.7701389977428,3000.0,410.93493463032144,572.6660547786864,1178.7701389977428,3000.0,410.93493463032144,572.6660547786864,1178.7701389977428,3000.0,410.93493463032144,572.6660547786864,1178.7701389977428,3000.0,386.79743151035234,347.2272140142961,353.7044573418731,410.93493463032144,386.79743151035234,347.2272140142961,353.7044573418731,410.93493463032144,386.79743151035234,347.2272140142961,353.7044573418731,410.93493463032144,386.79743151035234,347.2272140142961,353.7044573418731,410.93493463032144,3000.0,882.0362901403386,505.3370436014604,386.79743151035234,3000.0,882.0362901403386,505.3370436014604,386.79743151035234,3000.0,882.0362901403386,505.3370436014604,386.79743151035234,3000.0,882.0362901403386,505.3370436014604,386.79743151035234,1408.9245487046248,1264.7885067198615,1288.3821151275538,1496.846333907195,1408.9245487046248,1264.7885067198615,1288.3821151275538,1496.846333907195,1408.9245487046248,1264.7885067198615,1288.3821151275538,1496.846333907195,1408.9245487046248,1264.7885067198615,1288.3821151275538,1496.846333907195,1496.8463339071948,3000.0,3000.0,3000.0,1496.8463339071948,3000.0,3000.0,3000.0,1496.8463339071948,3000.0,3000.0,3000.0,1496.8463339071948,3000.0,3000.0,3000.0,3000.0,3000.0,1840.7096534219397,1408.9245487046253,3000.0,3000.0,1840.7096534219397,1408.9245487046253,3000.0,3000.0,1840.7096534219397,1408.9245487046253,3000.0,3000.0,1840.7096534219397,1408.9245487046253
7600,378.23524881713087,518.0578025568313,1016.368837349259,3000.0,378.23524881713087,518.0578025568313,1016.368837349259,3000.0,378.23524881713087,518.0578025568313,1016.368837349259,3000.0,378.23524881713087,518.0578025568313,1016.368837349259,3000.0,366.96891772975465,326.08027501166123,329.10545391417236,378.2352488171308,366.96891772975465,326.08027501166123,329.10545391417236,378.2352488171308,366.96891772975465,326.08027501166123,329.10545391417236,378.2352488171308,366.96891772975465,326.08027501166123,329.10545391417236,378.2352488171308,3000.0,879.938568278109,486.70209358191556,366.96891772975465,3000.0,879.938568278109,486.70209358191556,366.96891772975465,3000.0,879.938568278109,486.70209358191556,366.96891772975465,3000.0,879.938568278109,486.70209358191556,366.96891772975465,1453.6601721539735,1291.689529570838,1303.6730569808065,1498.2890657652836,1453.6601721539735,1291.689529570838,1303.6730569808065,1498.2890657652836,1453.6601721539735,1291.689529570838,1303.6730569808065,1498.2890657652836,1453.6601721539735,1291.689529570838,1303.6730569808065,1498.2890657652836,1498.289065765283,3000.0,3000.0,3000.0,1498.289065765283,3000.0,3000.0,3000.0,1498.289065765283,3000.0,3000.0,3000.0,1498.289065765283,3000.0,3000.0,3000.0,3000.0,3000.0,1927.9546985093912,1453.6601721539735,3000.0,3000.0,1927.9546985093912,1453.6601721539735,3000.0,3000.0,1927.9546985093912,1453.6601721539735,3000.0,3000.0,1927.9546985093912,1453.6601721539735
7667,346.41016151377545,466.71714805812366,877.141320048926,3000.0,346.41016151377545,466.71714805812366,877.141320048926,3000.0,346.41016151377545,466.71714805812366,877.141320048926,3000.0,346.41016151377545,466.71714805812366,877.141320048926,3000.0,346.41016151377545,304.6279835657236,304.6279835657236,346.41016151377545,346.41016151377545,304.6279835657236,304.6279835657236,346.41016151377545,346.41016151377545,304.6279835657236,304.6279835657236,346.41016151377545,346.41016151377545,304.6279835657236,304.6279835657236,346.41016151377545,3000.0,877.141320048926,466.71714805812394,346.41016151377556,3000.0,877.141320048926,466.71714805812394,346.41016151377556,3000.0,877.141320048926,466.71714805812394,346.41016151377556,3000.0,877.141320048926,466.71714805812394,346.41016151377556,1501.110699893027,1320.0545954514687,1320.0545954514687,1501.110699893027,1501.110699893027,1320.0545954514687,1320.0545954514687,1501.110699893027,1501.110699893027,1320.0545954514687,1320.0545954514687,1501.110699893027,1501.110699893027,1320.0545954514687,1320.0545954514687,1501.110699893027,1501.1106998930268,3000.0,3000.0,3000.0,1501.1106998930268,3000.0,3000.0,3000.0,1501.1106998930268,3000.0,3000.0,3000.0,1501.1106998930268,3000.0,3000.0,3000.0,3000.0,3000.0,2022.440974918536,1501.1106998930272,3000.0,3000.0,2022.440974918536,1501.1106998930272,3000.0,3000.0,2022.440974918536,1501.1106998930272,3000.0,3000.0,2022.440974918536,1501.1106998930272
7733,315.37706340297103,418.2770518427938,756.2287382685976,3000.0,315.37706340297103,418.2770518427938,756.2287382685976,3000.0,315.37706340297103,418.2770518427938,756.2287382685976,3000.0,315.37706340297103,418.2770518427938,756.2287382685976,3000.0,325.059470391671,282.83679241136383,280.23692088969676,315.377063402971,325.059470391671,282.83679241136383,280.23692088969676,315.377063402971,325.059470391671,282.83679241136383,280.23692088969676,315.377063402971,325.059470391671,282.83679241136383,280.23692088969676,315.377063402971,3000.0,873.4783895064212,445.2244878234875,325.059470391671,3000.0,873.4783895064212,445.2244878234875,325.059470391671,3000.0,873.4783895064212,445.2244878234875,325.059470391671,3000.0,873.4783895064212,445.2244878234875,325.059470391671,1551.4648441907434,1349.941718483615,1337.5328836928027,1505.2520264807574,1551.4648441907434,1349.941718483615,1337.5328836928027,1505.2520264807574,1551.4648441907434,1349.941718483615,1337.5328836928027,1505.2520264807574,1551.4648441907434,1349.941718483615,1337.5328836928027,1505.2520264807574,1505.252026480757,3000.0,3000.0,3000.0,1505.252026480757,3000.0,3000.0,3000.0,1505.252026480757,3000.0,3000.0,3000.0,1505.252026480757,3000.0,3000.0,3000.0,3000.0,3000.0,2124.996203921304,1551.4648441907434,3000.0,3000.0,2124.996203921304,1551.4648441907434,3000.0,3000.0,2124.996203921304,1551.4648441907434,3000.0,3000.0,2124.996203921304,1551.4648441907434
7800,285.06020196755685,372.42098311830426,650.0390709119541,3000.0,285.06020196755685,372.42098311830426,650.0390709119541,3000.0,285.06020196755685,372.42098311830426,650.0390709119541,3000.0,285.06020196755685,372.42098311830426,650.0390709119541,3000.0,302.8489486184939,260.67149322319335,255.89792406079658,285.06020196755685,302.8489486184939,260.67149322319335,255.89792406079658,285.06020196755685,302.8489486184939,260.67149322319335,255.89792406079658,285.06020196755685,302.8489486184939,260.67149322319335,255.89792406079658,285.06020196755685,3000.0,868.7246256624322,422.04080983099084,302.84894861849403,3000.0,868.7246256624322,422.04080983099084,302.84894861849403,3000.0,868.7246256624322,422.04080983099084,302.84894861849403,3000.0,868.7246256624322,422.04080983099084,302.84894861849403,1604.9323199190217,1381.4150792462333,1356.1177966733608,1510.6617782474204,1604.9323199190217,1381.4150792462333,1356.1177966733608,1510.6617782474204,1604.9323199190217,1381.4150792462333,1356.1177966733608,1510.6617782474204,1604.9323199190217,1381.4150792462333,1356.1177966733608,1510.6617782474204,1510.6617782474204,3000.0,3000.0,3000.0,1510.6617782474204,3000.0,3000.0,3000.0,1510.6617782474204,3000.0,3000.0,3000.0,1510.6617782474204,3000.0,3000.0,3000.0,3000.0,3000.0,2236.5834159649826,1604.932319919022,3000.0,3000.0,2236.5834159649826,1604.932319919022,3000.0,3000.0,2236.5834159649826,1604.932319919022,3000.0,3000.0,2236.5834159649826,1604.932319919022
7867,255.38982388166687,328.87437582745633,555.8593029676586,2937.977995666438,255.38982388166687,328.87437582745633,555.8593029676586,2937.977995666438,255.38982388166687,328.87437582745633,555.8593029676586,2937.977995666438,255.38982388166687,328.87437582745633,555.8593029676586,2937.977995666438,279.70364246490243,238.09498385831887,231.57723244916878,255.3898238816668,279.70364246490243,238.09498385831887,231.57723244916878,255.3898238816668,279.70364246490243,238.09498385831887,231.57723244916878,255.3898238816668,279.70364246490243,238.09498385831887,231.57723244916878,255.3898238816668,3000.0,862.5673460191703,396.9518228576714,279.70364246490254,3000.0,862.5673460191703,396.9518228576714,279.70364246490254,3000.0,862.5673460191703,396.9518228576714,279.70364246490254,3000.0,862.5673460191703,396.9518228576714,279.70364246490254,1661.7466136849328,1414.5455156579778,1375.8229189926362,1517.2958466502798,1661.7466136849328,1414.5455156579778,1375.8229189926362,1517.2958466502798,1661.7466136849328,1414.5455156579778,1375.8229189926362,1517.2958466502798,1661.7466136849328,1414.5455156579778,1375.8229189926362,1517.2958466502798,1517.2958466502796,3000.0,3000.0,3000.0,1517.2958466502796,3000.0,3000.0,3000.0,1517.2958466502796,3000.0,3000.0,3000.0,1517.2958466502796,3000.0,3000.0,3000.0,2937.9779956664424,3000.0,2358.329486226008,1661.746613684933,2937.9779956664424,3000.0,2358.329486226008,1661.746613684933,2937.9779956664424,3000.0,2358.329486226008,1661.746613684933,2937.9779956664424,3000.0,2358.329486226008,1661.746613684933
7933,226.3014296073267,287.39775413298764,471.60184831980183,1977.802376625725,226.3014296073267,287.39775413298764,471.60184831980183,1977.802376625725,226.3014296073267,287.39775413298764,471.60184831980183,1977.802376625725,226.3014296073267,287.39775413298764,471.60184831980183,1977.802376625725,255.54054428180012,215.06801316367626,207.24147288783487,226.30142960732667,255.54054428180012,215.06801316367626,207.24147288783487,226.30142960732667,255.54054428180012,215.06801316367626,207.24147288783487,226.30142960732667,255.54054428180012,215.06801316367626,207.24147288783487,226.30142960732667,3000.0,854.5594542542267,369.70541255557134,255.54054428180018,3000.0,854.5594542542267,369.70541255557134,255.54054428180018,3000.0,854.5594542542267,369.70541255557134,255.54054428180018,3000.0,854.5594542542267,369.70541255557134,255.54054428180018,1722.1682197178636,1449.4110842148873,1396.6655640420408,1525.1166160023483,1722.1682197178636,1449.4110842148873,1396.6655640420408,1525.1166160023483,1722.1682197178636,1449.4110842148873,1396.6655640420408,1525.1166160023483,1722.1682197178636,1449.4110842148873,1396.6655640420408,1525.1166160023483,1525.116616002348,3000.0,3000.0,3000.0,1525.116616002348,3000.0,3000.0,3000.0,1525.116616002348,3000.0,3000.0,3000.0,1525.116616002348,3000.0,3000.0,3000.0,1977.802376625727,3000.0,2491.5612273986703,1722.1682197178638,1977.802376625727,3000.0,2491.5612273986703,1722.1682197178638,1977.802376625727,3000.0,2491.5612273986703,1722.1682197178638,1977.802376625727,3000.0,2491.5612273986703,1722.1682197178638
8000,197.73512231461638,247.7811581127409,395.63395997055756,1399.592137470059,197.73512231461638,247.7811581127409,395.63395997055756,1399.592137470059,197.73512231461638,247.7811581127409,395.63395997055756,1399.592137470059,197.73512231461638,247.7811581127409,395.63395997055756,1399.592137470059,230.26742699290565,191.54889951548816,182.85747216068845,197.73512231461638,230.26742699290565,191.54889951548816,182.85747216068845,197.73512231461638,230.26742699290565,191.54889951548816,182.85747216068845,197.73512231461638,230.26742699290565,191.54889951548816,182.85747216068845,197.73512231461638,3000.0,844.0388015907902,340.00291369497666,230.26742699290574,3000.0,844.0388015907902,340.00291369497666,230.26742699290574,3000.0,844.0388015907902,340.00291369497666,230.26742699290574,3000.0,844.0388015907902,340.00291369497666,230.26742699290574,1786.4884354235173,1486.097700709809,1418.6668241006234,1534.0923981532142,1786.4884354235173,1486.097700709809,1418.6668241006234,1534.0923981532142,1786.4884354235173,1486.097700709809,1418.6668241006234,1534.0923981532142,1786.4884354235173,1486.097700709809,1418.6668241006234,1534.0923981532142,1534.092398153214,3000.0,3000.0,3000.0,1534.092398153214,3000.0,3000.0,3000.0,1534.092398153214,3000.0,3000.0,3000.0,1534.092398153214,3000.0,3000.0,3000.0,1399.5921374700602,3000.0,2637.851481030748,1786.4884354235176,1399.5921374700602,3000.0,2637.851481030748,1786.4884354235176,1399.5921374700602,3000.0,2637.851481030748,1786.4884354235176,1399.5921374700602,3000.0,2637.851481030748,1786.4884354235176
8067,169.6350363080105,209.8395908775325,326.66008043493923,1012.3597092531538,169.6350363080105,209.8395908775325,326.66008043493923,1012.3597092531538,169.6350363080105,209.8395908775325,326.66008043493923,1012.3597092531538,169.6350363080105,209.8395908775325,326.66008043493923,1012.3597092531538,203.78147400830218,167.49321867623726,158.39207342527266,169.6350363080105,203.78147400830218,167.49321867623726,158.39207342527266,169.6350363080105,203.78147400830218,167.49321867623726,158.39207342527266,169.6350363080105,203.78147400830218,167.49321867623726,158.39207342527266,169.6350363080105,3000.0,829.9815699609708,307.48784849150803,203.78147400830218,3000.0,829.9815699609708,307.48784849150803,203.78147400830218,3000.0,829.9815699609708,307.48784849150803,203.78147400830218,3000.0,829.9815699609708,307.48784849150803,203.78147400830218,1855.0338314207652,1524.6998712224358,1441.8516514449798,1544.1969535112362,1855.0338314207652,1524.6998712224358,1441.8516514449798,1544.1969535112362,1855.0338314207652,1524.6998712224358,1441.8516514449798,1544.1969535112362,1855.0338314207652,1524.6998712224358,1441.8516514449798,1544.1969535112362,1544.196953511236,3000.0,3000.0,3000.0,1544.196953511236,3000.0,3000.0,3000.0,1544.196953511236,3000.0,3000.0,3000.0,1544.196953511236,3000.0,3000.0,3000.0,1012.3597092531544,3000.0,2799.0785937650617,1855.0338314207654,1012.3597092531544,3000.0,2799.0785937650617,1855.0338314207654,1012.3597092531544,3000.0,2799.0785937650617,1855.0338314207654,1012.3597092531544,3000.0,2799.0785937650617,1855.0338314207654
8133,141.94883261369898,173.4092745546146,263.6389069256055,734.2523301777239,141.94883261369898,173.4092745546146,263.6389069256055,734.2523301777239,141.94883261369898,173.4092745546146,263.6389069256055,734.2523301777239,141.94883261369898,173.4092745546146,263.6389069256055,734.2523301777239,175.96766107454866,142.85345585112356,133.81195438297138,141.94883261369898,175.96766107454866,142.85345585112356,133.81195438297138,141.94883261369898,175.96766107454866,142.85345585112356,133.81195438297138,141.94883261369898,175.96766107454866,142.85345585112356,133.81195438297138,141.94883261369898,3000.0,810.7167537269328,271.7312291183955,175.96766107454872,3000.0,810.7167537269328,271.7312291183955,175.96766107454872,3000.0,810.7167537269328,271.7312291183955,175.96766107454872,3000.0,810.7167537269328,271.7312291183955,175.96766107454872,1928.1715387507065,1565.3215261389669,1466.248971034208,1555.4090867222967,1928.1715387507065,1565.3215261389669,1466.248971034208,1555.4090867222967,1928.1715387507065,1565.3215261389669,1466.248971034208,1555.4090867222967,1928.1715387507065,1565.3215261389669,1466.248971034208,1555.4090867222967,1555.4090867222967,3000.0,3000.0,3000.0,1555.4090867222967,3000.0,3000.0,3000.0,1555.4090867222967,3000.0,3000.0,3000.0,1555.4090867222967,3000.0,3000.0,3000.0,734.2523301777244,3000.0,2977.5040423698547,1928.171538750707,734.2523301777244,3000.0,2977.5040423698547,1928.171538750707,734.2523301777244,3000.0,2977.5040423698547,1928.171538750707,734.2523301777244,3000.0,2977.5040423698547,1928.171538750707
8200,114.62725138525296,138.34455161427326,205.72378045681262,524.342782005963,114.62725138525296,138.34455161427326,205.72378045681262,524.342782005963,114.62725138525296,138.34455161427326,205.72378045681262,524.342782005963,114.62725138525296,138.34455161427326,205.72378045681262,524.342782005963,146.6968357142435,117.57861597566756,109.08344506234343,114.62725138525296,146.6968357142435,117.57861597566756,109.08344506234343,114.62725138525296,146.6968357142435,117.57861597566756,109.08344506234343,114.62725138525296,146.6968357142435,117.57861597566756,109.08344506234343,114.62725138525296,3000.0,783.319431865133,232.21213597694793,146.69683571424355,3000.0,783.319431865133,232.21213597694793,146.69683571424355,3000.0,783.319431865133,232.21213597694793,146.69683571424355,3000.0,783.319431865133,232.21213597694793,146.69683571424355,2006.3155316559578,1608.0769723084659,1491.8918258157714,1567.712307395975,2006.3155316559578,1608.0769723084659,1491.8918258157714,1567.712307395975,2006.3155316559578,1608.0769723084659,1491.8918258157714,1567.712307395975,2006.3155316559578,1608.0769723084659,1491.8918258157714,1567.712307395975,1567.7123073959747,3000.0,3000.0,3000.0,1567.7123073959747,3000.0,3000.0,3000.0,1567.7123073959747,3000.0,3000.0,3000.0,1567.7123073959747,3000.0,3000.0,3000.0,524.3427820059634,3000.0,3000.0,2006.3155316559582,524.3427820059634,3000.0,3000.0,2006.3155316559582,524.3427820059634,3000.0,3000.0,2006.3155316559582,524.3427820059634,3000.0,3000.0,2006.3155316559582
8267,87.62371241291993,104.51530467677293,152.2190883012151,359.89296731453265,87.62371241291993,104.51530467677293,152.2190883012151,359.89296731453265,87.62371241291993,104.51530467677293,152.2190883012151,359.89296731453265,87.62371241291993,104.51530467677293,152.2190883012151,359.89296731453265,115.82342589065573,91.61378523675651,84.17234309109135,87.62371241291993,115.82342589065573,91.61378523675651,84.17234309109135,87.62371241291993,115.82342589065573,91.61378523675651,84.17234309109135,87.62371241291993,115.82342589065573,91.61378523675651,84.17234309109135,87.62371241291993,3000.0,742.1639537210827,188.291699859243,115.82342589065573,3000.0,742.1639537210827,188.291699859243,115.82342589065573,3000.0,742.1639537210827,188.291699859243,115.82342589065573,3000.0,742.1639537210827,188.291699859243,115.82342589065573,2089.9341304000905,1653.0919812559978,1518.8175561987955,1581.0945479803631,2089.9341304000905,1653.0919812559978,1518.8175561987955,1581.0945479803631,2089.9341304000905,1653.0919812559978,1518.8175561987955,1581.0945479803631,2089.9341304000905,1653.0919812559978,1518.8175561987955,1581.0945479803631,1581.094547980363,3000.0,3000.0,3000.0,1581.094547980363,3000.0,3000.0,3000.0,1581.094547980363,3000.0,3000.0,3000.0,1581.094547980363,3000.0,3000.0,3000.0,359.8929673145328,3000.0,3000.0,2089.934130400091,359.8929673145328,3000.0,3000.0,2089.934130400091,359.8929673145328,3000.0,3000.0,2089.934130400091,359.8929673145328,3000.0,3000.0,2089.934130400091
8333,60.89395634910589,71.80479559637105,102.54787570548227,227.2593389687443,60.89395634910589,71.80479559637105,102.54787570548227,227.2593389687443,60.89395634910589,71.80479559637105,102.54787570548227,227.2593389687443,60.89395634910589,71.80479559637105,102.54787570548227,227.2593389687443,83.18269130981935,64.89963558058007,59.04372429926701,60.89395634910589,83.18269130981935,64.89963558058007,59.04372429926701,60.89395634910589,83.18269130981935,64.89963558058007,59.04372429926701,60.89395634910589,83.18269130981935,64.89963558058007,59.04372429926701,60.89395634910589,3000.0,674.8728568904427,139.17771764110248,83.18269130981938,3000.0,674.8728568904427,139.17771764110248,83.18269130981938,3000.0,674.8728568904427,139.17771764110248,83.18269130981938,3000.0,674.8728568904427,139.17771764110248,83.18269130981938,2179.559008487133,1700.505034759407,1547.068015770089,1595.547932307027,2179.559008487133,1700.505034759407,1547.068015770089,1595.547932307027,2179.559008487133,1700.505034759407,1547.068015770089,1595.547932307027,2179.559008487133,1700.505034759407,1547.068015770089,1595.547932307027,1595.547932307027,3000.0,3000.0,3000.0,1595.547932307027,3000.0,3000.0,3000.0,1595.547932307027,3000.0,3000.0,3000.0,1595.547932307027,3000.0,3000.0,3000.0,227.25933896874437,3000.0,3000.0,2179.5590084871337,227.25933896874437,3000.0,3000.0,2179.5590084871337,227.25933896874437,3000.0,3000.0,2179.5590084871337,227.25933896874437,3000.0,3000.0,2179.5590084871337
8400,34.39572034707404,40.10784566764244,56.2274421909236,117.75900309460702,34.39572034707404,40.10784566764244,56.2274421909236,117.75900309460702,34.39572034707404,40.10784566764244,56.2274421909236,117.75900309460702,34.39572034707404,40.10784566764244,56.2274421909236,117.75900309460702,48.58740689302084,37.3718624414359,33.661746420071466,34.39572034707404,48.58740689302084,37.3718624414359,33.661746420071466,34.39572034707404,48.58740689302084,37.3718624414359,33.661746420071466,34.39572034707404,48.58740689302084,37.3718624414359,33.661746420071466,34.39572034707404,3000.0,547.8487136749422,83.8757164902,48.587406893020855,3000.0,547.8487136749422,83.8757164902,48.587406893020855,3000.0,547.8487136749422,83.8757164902,48.587406893020855,3000.0,547.8487136749422,83.8757164902,48.587406893020855,2275.79606711447,1750.4687531941452,1576.6898258982249,1611.0685895172596,2275.79606711447,1750.4687531941452,1576.6898258982249,1611.0685895172596,2275.79606711447,1750.4687531941452,1576.6898258982249,1611.0685895172596,2275.79606711447,1750.4687531941452,1576.6898258982249,1611.0685895172596,1611.0685895172596,3000.0,3000.0,3000.0,1611.0685895172596,3000.0,3000.0,3000.0,1611.0685895172596,3000.0,3000.0,3000.0,1611.0685895172596,3000.0,3000.0,3000.0,117.75900309460705,3000.0,3000.0,2275.7960671144706,117.75900309460705,3000.0,3000.0,2275.7960671144706,117.75900309460705,3000.0,3000.0,2275.7960671144706,117.75900309460705,3000.0,3000.0,2275.7960671144706
8467,8.088442697016264,9.329294946380008,12.8507160750547,25.60276930323008,8.088442697016264,9.329294946380008,12.8507160750547,25.60276930323008,8.088442697016264,9.329294946380008,12.8507160750547,25.60276930323008,8.088442697016264,9.329294946380008,12.8507160750547,25.60276930323008,11.823836396920468,8.96054407050569,7.989443533015747,8.088442697016264,11.823836396920468,8.96054407050569,7.989443533015747,8.088442697016264,11.823836396920468,8.96054407050569,7.989443533015747,8.088442697016264,11.823836396920468,8.96054407050569,7.989443533015747,8.088442697016264,3000.0,226.69928123038878,21.119998838288666,11.823836396920473,3000.0,226.69928123038878,21.119998838288666,11.823836396920473,3000.0,226.69928123038878,21.119998838288666,11.823836396920473,3000.0,226.69928123038878,21.119998838288666,11.823836396920473,2379.338643386453,1803.151537031957,1607.734672496773,1627.6565090870306,2379.338643386453,1803.151537031957,1607.734672496773,1627.6565090870306,2379.338643386453,1803.151537031957,1607.734672496773,1627.6565090870306,2379.338643386453,1803.151537031957,1607.734672496773,1627.6565090870306,1627.6565090870306,3000.0,3000.0,3000.0,1627.6565090870306,3000.0,3000.0,3000.0,1627.6565090870306,3000.0,3000.0,3000.0,1627.6565090870306,3000.0,3000.0,3000.0,25.60276930323009,3000.0,3000.0,2379.338643386454,25.60276930323009,3000.0,3000.0,2379.338643386454,25.60276930323009,3000.0,3000.0,2379.338643386454,25.60276930323009,3000.0,3000.0,2379.338643386454
8533,3000.0,3000.0,2644.6991452679295,3000.0,3000.0,3000.0,2644.6991452679295,3000.0,3000.0,3000.0,2644.6991452679295,3000.0,3000.0,3000.0,2644.6991452679295,3000.0,3000.0,3000.0,3000.0,3000.0,3000.0,3000.0,3000.0,3000.0,3000.0,3000.0,3000.0,3000.0,3000.0,3000.0,3000.0,3000.0,53.21782347022258,3000.0,3000.0,3000.0,53.21782347022258,3000.0,3000.0,3000.0,53.21782347022258,3000.0,3000.0,3000.0,53.21782347022258,3000.0,3000.0,3000.0,27.353187916303742,20.41059142913786,18.011491276121646,18.067008230718407,27.353187916303742,20.41059142913786,18.011491276121646,18.067008230718407,27.353187916303742,20.41059142913786,18.011491276121646,18.067008230718407,27.353187916303742,20.41059142913786,18.011491276121646,18.067008230718407,18.067008230718407,20.617308841716977,27.92812887084047,53.21782347022258,18.067008230718407,20.617308841716977,27.92812887084047,53.21782347022258,18.067008230718407,20.617308841716977,27.92812887084047,53.21782347022258,18.067008230718407,20.617308841716977,27.92812887084047,53.21782347022258,3000.0,2035.6846667457073,50.72558563433188,27.353187916303746,3000.0,2035.6846667457073,50.72558563433188,27.353187916303746,3000.0,2035.6846667457073,50.72558563433188,27.353187916303746,3000.0,2035.6846667457073,50.72558563433188,27.353187916303746
8600,3000.0,3000.0,2524.825346263467,3000.0,3000.0,3000.0,2524.825346263467,3000.0,3000.0,3000.0,2524.825346263467,3000.0,3000.0,3000.0,2524.825346263467,3000.0,3000.0,3000.0,3000.0,3000.0,3000.0,3000.0,3000.0,3000.0,3000.0,3000.0,3000.0,3000.0,3000.0,3000.0,3000.0,3000.0,121.5664933626048,3000.0,3000.0,3000.0,121.5664933626048,3000.0,3000.0,3000.0,121.5664933626048,3000.0,3000.0,3000.0,121.5664933626048,3000.0,3000.0,3000.0,69.22632029623671,50.825008051618546,44.38093778817172,44.108584833064164,69.22632029623671,50.825008051618546,44.38093778817172,44.108584833064164,69.22632029623671,50.825008051618546,44.38093778817172,44.108584833064164,69.22632029623671,50.825008051618546,44.38093778817172,44.108584833064164,44.108584833064164,49.81083161532924,66.40490113641799,121.5664933626048,44.108584833064164,49.81083161532924,66.40490113641799,121.5664933626048,44.108584833064164,49.81083161532924,66.40490113641799,121.5664933626048,44.108584833064164,49.81083161532924,66.40490113641799,121.5664933626048,3000.0,3000.0,133.81387080812294,69.22632029623672,3000.0,3000.0,133.81387080812294,69.22632029623672,3000.0,3000.0,133.81387080812294,69.22632029623672,3000.0,3000.0,133.81387080812294,69.22632029623672
8667,3000.0,3000.0,2413.48405266947,3000.0,3000.0,3000.0,2413.48405266947,3000.0,3000.0,3000.0,2413.48405266947,3000.0,3000.0,3000.0,2413.48405266947,3000.0,3000.0,3000.0,3000.0,3000.0,3000.0,3000.0,3000.0,3000.0,3000.0,3000.0,3000.0,3000.0,3000.0,3000.0,3000.0,3000.0,181.54380854844078,3000.0,3000.0,3000.0,181.54380854844078,3000.0,3000.0,3000.0,181.54380854844078,3000.0,3000.0,3000.0,181.54380854844078,3000.0,3000.0,3000.0,114.12320897707971,82.37433296823043,71.16059809042464,70.07329452863421,114.12320897707971,82.37433296823043,71.16059809042464,70.07329452863421,114.12320897707971,82.37433296823043,71.16059809042464,70.07329452863421,114.12320897707971,82.37433296823043,71.16059809042464,70.07329452863421,70.07329452863421,78.32351667117577,102.8342432983742,181.54380854844055,70.07329452863421,78.32351667117577,102.8342432983742,181.54380854844055,70.07329452863421,78.32351667117577,102.8342432983742,181.54380854844055,70.07329452863421,78.32351667117577,102.8342432983742,181.54380854844055,3000.0,3000.0,231.03580940067843,114.12320897707973,3000.0,3000.0,231.03580940067843,114.12320897707973,3000.0,3000.0,231.03580940067843,114.12320897707973,3000.0,3000.0,231.03580940067843,114.12320897707973
8733,3000.0,3000.0,3000.0,3000.0,3000.0,3000.0,3000.0,3000.0,3000.0,3000.0,3000.0,3000.0,3000.0,3000.0,3000.0,3000.0,3000.0,3000.0,3000.0,3000.0,3000.0,3000.0,3000.0,3000.0,3000.0,3000.0,3000.0,3000.0,3000.0,3000.0,3000.0,3000.0,234.72568394717683,3000.0,3000.0,3000.0,234.72568394717683,3000.0,3000.0,3000.0,234.72568394717683,3000.0,3000.0,3000.0,234.72568394717683,3000.0,3000.0,3000.0,162.42587979196264,115.15948117780532,98.39426697133497,95.99742064702606,162.42587979196264,115.15948117780532,98.39426697133497,95.99742064702606,162.42587979196264,115.15948117780532,98.39426697133497,95.99742064702606,162.42587979196264,115.15948117780532,98.39426697133497,95.99742064702606,95.99742064702605,106.22181702855619,137.43667505116608,234.72568394717638,95.99742064702605,106.22181702855619,137.43667505116608,234.72568394717638,95.99742064702605,106.22181702855619,137.43667505116608,234.72568394717638,95.99742064702605,106.22181702855619,137.43667505116608,234.72568394717638,3000.0,3000.0,346.3664656387539,162.42587979196273,3000.0,3000.0,346.3664656387539,162.42587979196273,3000.0,3000.0,346.3664656387539,162.42587979196273,3000.0,3000.0,346.3664656387539,162.42587979196273
8800,3000.0,3000.0,3000.0,3000.0,3000.0,3000.0,3000.0,3000.0,3000.0,3000.0,3000.0,3000.0,3000.0,3000.0,3000.0,3000.0,3000.0,3000.0,3000.0,3000.0,3000.0,3000.0,3000.0,3000.0,3000.0,3000.0,3000.0,3000.0,3000.0,3000.0,3000.0,3000.0,282.31770370898704,3000.0,3000.0,3000.0,282.31770370898704,3000.0,3000.0,3000.0,282.31770370898704,3000.0,3000.0,3000.0,282.31770370898704,3000.0,3000.0,3000.0,214.58256697883948,149.29196352569681,126.12812709214177,121.91673287194696,214.58256697883948,149.29196352569681,126.12812709214177,121.91673287194696,214.58256697883948,149.29196352569681,126.12812709214177,121.91673287194696,214.58256697883948,149.29196352569681,126.12812709214177,121.91673287194696,121.91673287194696,133.5671178126933,170.40424498335247,282.31770370898704,121.91673287194696,133.5671178126933,170.40424498335247,282.31770370898704,121.91673287194696,133.5671178126933,170.40424498335247,282.31770370898704,121.91673287194696,133.5671178126933,170.40424498335247,282.31770370898704,3000.0,3000.0,485.4257620577728,214.58256697883957,3000.0,3000.0,485.4257620577728,214.58256697883957,3000.0,3000.0,485.4257620577728,214.58256697883957,3000.0,3000.0,485.4257620577728,214.58256697883957
8867,3000.0,3000.0,3000.0,3000.0,3000.0,3000.0,3000.0,3000.0,3000.0,3000.0,3000.0,3000.0,3000.0,3000.0,3000.0,3000.0,3000.0,3000.0,3000.0,3000.0,3000.0,3000.0,3000.0,3000.0,3000.0,3000.0,3000.0,3000.0,3000.0,3000.0,3000.0,3000.0,325.2580039489166,3000.0,3000.0,3000.0,325.2580039489166,3000.0,3000.0,3000.0,325.2580039489166,3000.0,3000.0,3000.0,325.2580039489166,3000.0,3000.0,3000.0,271.12276987818535,184.89541461575115,154.4110732863111,147.86668991654295,271.12276987818535,184.89541461575115,154.4110732863111,147.86668991654295,271.12276987818535,184.89541461575115,154.4110732863111,147.86668991654295,271.12276987818535,184.89541461575115,154.4110732863111,147.86668991654295,147.86668991654292,160.41636630510766,201.90510204588736,325.2580039489163,147.86668991654292,160.41636630510766,201.90510204588736,325.2580039489163,147.86668991654292,160.41636630510766,201.90510204588736,325.2580039489163,147.86668991654292,160.41636630510766,201.90510204588736,325.2580039489163,3000.0,3000.0,656.4274356826699,271.12276987818547,3000.0,3000.0,656.4274356826699,271.12276987818547,3000.0,3000.0,656.4274356826699,271.12276987818547,3000.0,3000.0,656.4274356826699,271.12276987818547
8933,3000.0,3000.0,3000.0,3000.0,3000.0,3000.0,3000.0,3000.0,3000.0,3000.0,3000.0,3000.0,3000.0,3000.0,3000.0,3000.0,3000.0,3000.0,3000.0,3000.0,3000.0,3000.0,3000.0,3000.0,3000.0,3000.0,3000.0,3000.0,3000.0,3000.0,3000.0,3000.0,364.2876672693896,3000.0,3000.0,3000.0,364.2876672693896,3000.0,3000.0,3000.0,364.2876672693896,3000.0,3000.0,3000.0,364.2876672693896,3000.0,3000.0,3000.0,332.6766108661441,222.10738563118053,183.29507097904377,173.88263692898633,332.6766108661441,222.10738563118053,183.29507097904377,173.88263692898633,332.6766108661441,222.10738563118053,183.29507097904377,173.88263692898633,332.6766108661441,222.10738563118053,183.29507097904377,173.88263692898633,173.88263692898633,186.82262424292998,232.08722073583888,364.287667269389,173.88263692898633,186.82262424292998,232.08722073583888,364.287667269389,173.88263692898633,186.82262424292998,232.08722073583888,364.287667269389,173.88263692898633,186.82262424292998,232.08722073583888,364.287667269389,3000.0,3000.0,871.8706556310335,332.67661086614413,3000.0,3000.0,871.8706556310335,332.67661086614413,3000.0,3000.0,871.8706556310335,332.67661086614413,3000.0,3000.0,871.8706556310335,332.67661086614413
9000,500.0,532.088886237956,652.7036446661392,999.9999999999997,500.0,532.088886237956,652.7036446661392,999.9999999999997,500.0,532.088886237956,652.7036446661392,999.9999999999997,500.0,532.088886237956,652.7036446661392,999.9999999999997,3000.0,3000.0,532.088886237956,500.0,3000.0,3000.0,532.088886237956,500.0,3000.0,3000.0,532.088886237956,500.0,3000.0,3000.0,532.088886237956,500.0,2400.0000000000014,3000.0,3000.0,3000.0,2400.0000000000014,3000.0,3000.0,3000.0,2400.0000000000014,3000.0,3000.0,3000.0,2400.0000000000014,3000.0,3000.0,3000.0,1443.3756729740644,1566.488747198734,1277.0133269710943,1200.0,1443.3756729740644,1566.488747198734,1277.0133269710943,1200.0,1443.3756729740644,1566.488747198734,1277.0133269710943,1200.0,1443.3756729740644,1566.488747198734,1277.0133269710943,1200.0,1200.0,1277.0133269710943,1566.4887471987333,2399.9999999999973,1200.0,1277.0133269710943,1566.4887471987333,2399.9999999999973,1200.0,1277.0133269710943,1566.4887471987333,2399.9999999999973,1200.0,1277.0133269710943,1566.4887471987333,2399.9999999999973,1000.0000000000002,1269.2832648571812,1269.2832648571812,1443.3756729740644,1000.0000000000002,1269.2832648571812,1269.2832648571812,1443.3756729740644,1000.0000000000002,1269.2832648571812,1269.2832648571812,1443.3756729740644,1000.0000000000002,1269.2832648571812,1269.2832648571812,1443.3756729740644
9067,476.6666666666666,507.25807154685134,622.2441412483859,953.3333333333328,476.6666666666666,507.25807154685134,622.2441412483859,953.3333333333328,476.6666666666666,507.25807154685134,622.2441412483859,953.3333333333328,476.6666666666666,507.25807154685134,622.2441412483859,953.3333333333328,3000.0,3000.0,507.25807154685134,476.6666666666666,3000.0,3000.0,507.25807154685134,476.6666666666666,3000.0,3000.0,507.25807154685134,476.6666666666666,3000.0,3000.0,507.25807154685134,476.6666666666666,2446.666666666668,3000.0,3000.0,3000.0,2446.666666666668,3000.0,3000.0,3000.0,2446.666666666668,3000.0,3000.0,3000.0,2446.666666666668,3000.0,3000.0,3000.0,1443.3756729740644,1596.9482506164875,1301.844141662199,1223.3333333333335,1443.3756729740644,1596.9482506164875,1301.844141662199,1223.3333333333335,1443.3756729740644,1596.9482506164875,1301.844141662199,1223.3333333333335,1443.3756729740644,1596.9482506164875,1301.844141662199,1223.3333333333335,1223.3333333333335,1301.844141662199,1596.9482506164868,2446.6666666666642,1223.3333333333335,1301.844141662199,1596.9482506164868,2446.6666666666642,1223.3333333333335,1301.844141662199,1596.9482506164868,2446.6666666666642,1223.3333333333335,1301.844141662199,1596.9482506164868,2446.6666666666642,953.3333333333333,1269.2832648571812,1269.2832648571812,1443.3756729740644,953.3333333333333,1269.2832648571812,1269.2832648571812,1443.3756729740644,953.3333333333333,1269.2832648571812,1269.2832648571812,1443.3756729740644,953.3333333333333,1269.2832648571812,1269.2832648571812,1443.3756729740644
9133,453.3333333333336,482.4272568557471,591.7846378306332,906.666666666667,453.3333333333336,482.4272568557471,591.7846378306332,906.666666666667,453.3333333333336,482.4272568557471,591.7846378306332,906.666666666667,453.3333333333336,482.4272568557471,591.7846378306332,906.666666666667,3000.0,3000.0,482.4272568557471,453.3333333333336,3000.0,3000.0,482.4272568557471,453.3333333333336,3000.0,3000.0,482.4272568557471,453.3333333333336,3000.0,3000.0,482.4272568557471,453.3333333333336,2493.333333333334,3000.0,3000.0,3000.0,2493.333333333334,3000.0,3000.0,3000.0,2493.333333333334,3000.0,3000.0,3000.0,2493.333333333334,3000.0,3000.0,3000.0,1443.3756729740644,1627.40775403424,1326.6749563533033,1246.6666666666663,1443.3756729740644,1627.40775403424,1326.6749563533033,1246.6666666666663,1443.3756729740644,1627.40775403424,1326.6749563533033,1246.6666666666663,1443.3756729740644,1627.40775403424,1326.6749563533033,1246.6666666666663,1246.6666666666663,1326.6749563533033,1627.4077540342394,2493.33333333333,1246.6666666666663,1326.6749563533033,1627.4077540342394,2493.33333333333,1246.6666666666663,1326.6749563533033,1627.4077540342394,2493.33333333333,1246.6666666666663,1326.6749563533033,1627.4077540342394,2493.33333333333,906.6666666666673,1269.2832648571812,1269.2832648571812,1443.3756729740644,906.6666666666673,1269.2832648571812,1269.2832648571812,1443.3756729740644,906.6666666666673,1269.2832648571812,1269.2832648571812,1443.3756729740644,906.6666666666673,1269.2832648571812,1269.2832648571812,1443.3756729740644
9200,430.00000000000017,457.5964421646423,561.32513441288,860.0000000000001,430.00000000000017,457.5964421646423,561.32513441288,860.0000000000001,430.00000000000017,457.5964421646423,561.32513441288,860.0000000000001,430.00000000000017,457.5964421646423,561.32513441288,860.0000000000001,3000.0,3000.0,457.5964421646423,430.00000000000017,3000.0,3000.0,457.5964421646423,430.00000000000017,3000.0,3000.0,457.5964421646423,430.00000000000017,3000.0,3000.0,457.5964421646423,430.00000000000017,2540.000000000001,3000.0,3000.0,3000.0,2540.000000000001,3000.0,3000.0,3000.0,2540.000000000001,3000.0,3000.0,3000.0,2540.000000000001,3000.0,3000.0,3000.0,1443.3756729740644,1657.8672574519933,1351.505771044408,1269.9999999999998,1443.3756729740644,1657.8672574519933,1351.505771044408,1269.9999999999998,1443.3756729740644,1657.8672574519933,1351.505771044408,1269.9999999999998,1443.3756729740644,1657.8672574519933,1351.505771044408,1269.9999999999998,1269.9999999999998,1351.505771044408,1657.8672574519926,2539.999999999997,1269.9999999999998,1351.505771044408,1657.8672574519926,2539.999999999997,1269.9999999999998,1351.505771044408,1657.8672574519926,2539.999999999997,1269.9999999999998,1351.505771044408,1657.8672574519926,2539.999999999997,860.0000000000005,1269.2832648571812,1269.2832648571812,1443.3756729740644,860.0000000000005,1269.2832648571812,1269.2832648571812,1443.3756729740644,860.0000000000005,1269.2832648571812,1269.2832648571812,1443.3756729740644,860.0000000000005,1269.2832648571812,1269.2832648571812,1443.3756729740644
9267,406.6666666666663,432.7656274735372,530.865630995126,813.3333333333323,406.6666666666663,432.7656274735372,530.865630995126,813.3333333333323,406.6666666666663,432.7656274735372,530.865630995126,813.3333333333323,406.6666666666663,432.7656274735372,530.865630995126,813.3333333333323,3000.0,3000.0,432.7656274735372,406.6666666666663,3000.0,3000.0,432.7656274735372,406.6666666666663,3000.0,3000.0,432.7656274735372,406.6666666666663,3000.0,3000.0,432.7656274735372,406.6666666666663,2586.666666666669,3000.0,3000.0,3000.0,2586.666666666669,3000.0,3000.0,3000.0,2586.666666666669,3000.0,3000.0,3000.0,2586.666666666669,3000.0,3000.0,3000.0,1443.3756729740644,1688.3267608697472,1376.3365857355134,1293.3333333333337,1443.3756729740644,1688.3267608697472,1376.3365857355134,1293.3333333333337,1443.3756729740644,1688.3267608697472,1376.3365857355134,1293.3333333333337,1443.3756729740644,1688.3267608697472,1376.3365857355134,1293.3333333333337,1293.3333333333337,1376.3365857355134,1688.3267608697465,2586.6666666666647,1293.3333333333337,1376.3365857355134,1688.3267608697465,2586.6666666666647,1293.3333333333337,1376.3365857355134,1688.3267608697465,2586.6666666666647,1293.3333333333337,1376.3365857355134,1688.3267608697465,2586.6666666666647,813.3333333333327,1269.2832648571812,1269.2832648571812,1443.3756729740644,813.3333333333327,1269.2832648571812,1269.2832648571812,1443.3756729740644,813.3333333333327,1269.2832648571812,1269.2832648571812,1443.3756729740644,813.3333333333327,1269.2832648571812,1269.2832648571812,1443.3756729740644
9333,383.3333333333333,407.9348127824329,500.40612757737335,766.6666666666664,383.3333333333333,407.9348127824329,500.40612757737335,766.6666666666664,383.3333333333333,407.9348127824329,500.40612757737335,766.6666666666664,383.3333333333333,407.9348127824329,500.40612757737335,766.6666666666664,3000.0,3000.0,407.9348127824329,383.3333333333333,3000.0,3000.0,407.9348127824329,383.3333333333333,3000.0,3000.0,407.9348127824329,383.3333333333333,3000.0,3000.0,407.9348127824329,383.3333333333333,2633.333333333335,3000.0,3000.0,3000.0,2633.333333333335,3000.0,3000.0,3000.0,2633.333333333335,3000.0,3000.0,3000.0,2633.333333333335,3000.0,3000.0,3000.0,1443.3756729740644,1718.7862642875,1401.1674004266174,1316.6666666666667,1443.3756729740644,1718.7862642875,1401.1674004266174,1316.6666666666667,1443.3756729740644,1718.7862642875,1401.1674004266174,1316.6666666666667,1443.3756729740644,1718.7862642875,1401.1674004266174,1316.6666666666667,1316.6666666666667,1401.1674004266174,1718.786264287499,2633.3333333333303,1316.6666666666667,1401.1674004266174,1718.786264287499,2633.3333333333303,1316.6666666666667,1401.1674004266174,1718.786264287499,2633.3333333333303,1316.6666666666667,1401.1674004266174,1718.786264287499,2633.3333333333303,766.6666666666667,1269.2832648571812,1269.2832648571812,1443.3756729740644,766.6666666666667,1269.2832648571812,1269.2832648571812,1443.3756729740644,766.6666666666667,1269.2832648571812,1269.2832648571812,1443.3756729740644,766.6666666666667,1269.2832648571812,1269.2832648571812,1443.3756729740644
9400,359.9999999999999,383.1039980913282,469.94662415962,719.9999999999995,359.9999999999999,383.1039980913282,469.94662415962,719.9999999999995,359.9999999999999,383.1039980913282,469.94662415962,719.9999999999995,359.9999999999999,383.1039980913282,469.94662415962,719.9999999999995,3000.0,3000.0,383.1039980913282,359.9999999999999,3000.0,3000.0,383.1039980913282,359.9999999999999,3000.0,3000.0,383.1039980913282,359.9999999999999,3000.0,3000.0,383.1039980913282,359.9999999999999,2680.0000000000014,3000.0,3000.0,3000.0,2680.0000000000014,3000.0,3000.0,3000.0,2680.0000000000014,3000.0,3000.0,3000.0,2680.0000000000014,3000.0,3000.0,3000.0,1443.3756729740644,1749.2457677052532,1425.998215117722,1340.0,1443.3756729740644,1749.2457677052532,1425.998215117722,1340.0,1443.3756729740644,1749.2457677052532,1425.998215117722,1340.0,1443.3756729740644,1749.2457677052532,1425.998215117722,1340.0,1340.0,1425.998215117722,1749.2457677052523,2679.9999999999973,1340.0,1425.998215117722,1749.2457677052523,2679.9999999999973,1340.0,1425.998215117722,1749.2457677052523,2679.9999999999973,1340.0,1425.998215117722,1749.2457677052523,2679.9999999999973,719.9999999999999,1269.2832648571812,1269.2832648571812,1443.3756729740644,719.9999999999999,1269.2832648571812,1269.2832648571812,1443.3756729740644,719.9999999999999,1269.2832648571812,1269.2832648571812,1443.3756729740644,719.9999999999999,1269.2832648571812,1269.2832648571812,1443.3756729740644
9467,336.66666666666646,358.2731834002235,439.48712074186676,673.3333333333327,336.66666666666646,358.2731834002235,439.48712074186676,673.3333333333327,336.66666666666646,358.2731834002235,439.48712074186676,673.3333333333327,336.66666666666646,358.2731834002235,439.48712074186676,673.3333333333327,3000.0,3000.0,358.2731834002235,336.66666666666646,3000.0,3000.0,358.2731834002235,336.66666666666646,3000.0,3000.0,358.2731834002235,336.66666666666646,3000.0,3000.0,358.2731834002235,336.66666666666646,2726.6666666666683,3000.0,3000.0,3000.0,2726.6666666666683,3000.0,3000.0,3000.0,2726.6666666666683,3000.0,3000.0,3000.0,2726.6666666666683,3000.0,3000.0,3000.0,1443.3756729740644,1779.7052711230067,1450.829029808827,1363.3333333333335,1443.3756729740644,1779.7052711230067,1450.829029808827,1363.3333333333335,1443.3756729740644,1779.7052711230067,1450.829029808827,1363.3333333333335,1443.3756729740644,1779.7052711230067,1450.829029808827,1363.3333333333335,1363.3333333333335,1450.829029808827,1779.7052711230058,2726.666666666664,1363.3333333333335,1450.829029808827,1779.7052711230058,2726.666666666664,1363.3333333333335,1450.829029808827,1779.7052711230058,2726.666666666664,1363.3333333333335,1450.829029808827,1779.7052711230058,2726.666666666664,673.333333333333,1269.2832648571812,1269.2832648571812,1443.3756729740644,673.333333333333,1269.2832648571812,1269.2832648571812,1443.3756729740644,673.333333333333,1269.2832648571812,1269.2832648571812,1443.3756729740644,673.333333333333,1269.2832648571812,1269.2832648571812,1443.3756729740644
9533,313.3333333333335,333.44236870911925,409.02761732411403,626.6666666666667,313.3333333333335,333.44236870911925,409.02761732411403,626.6666666666667,313.3333333333335,333.44236870911925,409.02761732411403,626.6666666666667,313.3333333333335,333.44236870911925,409.02761732411403,626.6666666666667,3000.0,3000.0,333.44236870911925,313.3333333333335,3000.0,3000.0,333.44236870911925,313.3333333333335,3000.0,3000.0,333.44236870911925,313.3333333333335,3000.0,3000.0,333.44236870911925,313.3333333333335,2773.3333333333344,3000.0,3000.0,3000.0,2773.3333333333344,3000.0,3000.0,3000.0,2773.3333333333344,3000.0,3000.0,3000.0,2773.3333333333344,3000.0,3000.0,3000.0,1443.3756729740644,1810.1647745407593,1475.659844499931,1386.6666666666665,1443.3756729740644,1810.1647745407593,1475.659844499931,1386.6666666666665,1443.3756729740644,1810.1647745407593,1475.659844499931,1386.6666666666665,1443.3756729740644,1810.1647745407593,1475.659844499931,1386.6666666666665,1386.6666666666665,1475.659844499931,1810.1647745407586,2773.33333333333,1386.6666666666665,1475.659844499931,1810.1647745407586,2773.33333333333,1386.6666666666665,1475.659844499931,1810.1647745407586,2773.33333333333,1386.6666666666665,1475.659844499931,1810.1647745407586,2773.33333333333,626.6666666666671,1269.2832648571812,1269.2832648571812,1443.3756729740644,626.6666666666671,1269.2832648571812,1269.2832648571812,1443.3756729740644,626.6666666666671,1269.2832648571812,1269.2832648571812,1443.3756729740644,626.6666666666671,1269.2832648571812,1269.2832648571812,1443.3756729740644
9600,290.00000000000006,308.61155401801454,378.56811390636074,579.9999999999999,290.00000000000006,308.61155401801454,378.56811390636074,579.9999999999999,290.00000000000006,308.61155401801454,378.56811390636074,579.9999999999999,290.00000000000006,308.61155401801454,378.56811390636074,579.9999999999999,3000.0,378.5681139063607,308.61155401801454,290.00000000000006,3000.0,378.5681139063607,308.61155401801454,290.00000000000006,3000.0,378.5681139063607,308.61155401801454,290.00000000000006,3000.0,378.5681139063607,308.61155401801454,290.00000000000006,2820.000000000002,3000.0,3000.0,3000.0,2820.000000000002,3000.0,3000.0,3000.0,2820.000000000002,3000.0,3000.0,3000.0,2820.000000000002,3000.0,3000.0,3000.0,1443.3756729740644,1840.6242779585125,1500.4906591910358,1410.0,1443.3756729740644,1840.6242779585125,1500.4906591910358,1410.0,1443.3756729740644,1840.6242779585125,1500.4906591910358,1410.0,1443.3756729740644,1840.6242779585125,1500.4906591910358,1410.0,1410.0,1500.4906591910358,1840.6242779585118,2819.999999999997,1410.0,1500.4906591910358,1840.6242779585118,2819.999999999997,1410.0,1500.4906591910358,1840.6242779585118,2819.999999999997,1410.0,1500.4906591910358,1840.6242779585118,2819.999999999997,580.0000000000002,1269.2832648571812,1269.2832648571812,1443.3756729740644,580.0000000000002,1269.2832648571812,1269.2832648571812,1443.3756729740644,580.0000000000002,1269.2832648571812,1269.2832648571812,1443.3756729740644,580.0000000000002,1269.2832648571812,1269.2832648571812,1443.3756729740644
9667,266.666666666667,283.7807393269103,348.10861048860806,533.3333333333339,266.666666666667,283.7807393269103,348.10861048860806,533.3333333333339,266.666666666667,283.7807393269103,348.10861048860806,533.3333333333339,266.666666666667,283.7807393269103,348.10861048860806,533.3333333333339,3000.0,348.10861048860795,283.7807393269103,266.666666666667,3000.0,348.10861048860795,283.7807393269103,266.666666666667,3000.0,348.10861048860795,283.7807393269103,266.666666666667,3000.0,348.10861048860795,283.7807393269103,266.666666666667,2866.6666666666674,3000.0,3000.0,3000.0,2866.6666666666674,3000.0,3000.0,3000.0,2866.6666666666674,3000.0,3000.0,3000.0,2866.6666666666674,3000.0,3000.0,3000.0,1443.3756729740644,1871.0837813762653,1525.32147388214,1433.3333333333328,1443.3756729740644,1871.0837813762653,1525.32147388214,1433.3333333333328,1443.3756729740644,1871.0837813762653,1525.32147388214,1433.3333333333328,1443.3756729740644,1871.0837813762653,1525.32147388214,1433.3333333333328,1433.3333333333328,1525.32147388214,1871.0837813762644,2866.666666666663,1433.3333333333328,1525.32147388214,1871.0837813762644,2866.666666666663,1433.3333333333328,1525.32147388214,1871.0837813762644,2866.666666666663,1433.3333333333328,1525.32147388214,1871.0837813762644,2866.666666666663,533.3333333333342,1269.2832648571812,1269.2832648571812,1443.3756729740644,533.3333333333342,1269.2832648571812,1269.2832648571812,1443.3756729740644,533.3333333333342,1269.2832648571812,1269.2832648571812,1443.3756729740644,533.3333333333342,1269.2832648571812,1269.2832648571812,1443.3756729740644
9733,243.33333333333363,258.9499246358056,317.64910707085477,486.6666666666671,243.33333333333363,258.9499246358056,317.64910707085477,486.6666666666671,243.33333333333363,258.9499246358056,317.64910707085477,486.6666666666671,243.33333333333363,258.9499246358056,317.64910707085477,486.6666666666671,3000.0,317.6491070708547,258.9499246358056,243.33333333333363,3000.0,317.6491070708547,258.9499246358056,243.33333333333363,3000.0,317.6491070708547,258.9499246358056,243.33333333333363,3000.0,317.6491070708547,258.9499246358056,243.33333333333363,2913.3333333333344,3000.0,3000.0,3000.0,2913.3333333333344,3000.0,3000.0,3000.0,2913.3333333333344,3000.0,3000.0,3000.0,2913.3333333333344,3000.0,3000.0,3000.0,1443.3756729740644,1901.5432847940185,1550.1522885732447,1456.6666666666663,1443.3756729740644,1901.5432847940185,1550.1522885732447,1456.6666666666663,1443.3756729740644,1901.5432847940185,1550.1522885732447,1456.6666666666663,1443.3756729740644,1901.5432847940185,1550.1522885732447,1456.6666666666663,1456.6666666666663,1550.1522885732447,1901.5432847940176,2913.3333333333294,1456.6666666666663,1550.1522885732447,1901.5432847940176,2913.3333333333294,1456.6666666666663,1550.1522885732447,1901.5432847940176,2913.3333333333294,1456.6666666666663,1550.1522885732447,1901.5432847940176,2913.3333333333294,486.6666666666673,1269.2832648571812,1269.2832648571812,1443.3756729740644,486.6666666666673,1269.2832648571812,1269.2832648571812,1443.3756729740644,486.6666666666673,1269.2832648571812,1269.2832648571812,1443.3756729740644,486.6666666666673,1269.2832648571812,1269.2832648571812,1443.3756729740644
9800,219.99999999999974,234.1191099447004,287.1896036531009,439.9999999999994,219.99999999999974,234.1191099447004,287.1896036531009,439.9999999999994,219.99999999999974,234.1191099447004,287.1896036531009,439.9999999999994,219.99999999999974,234.1191099447004,287.1896036531009,439.9999999999994,3000.0,287.18960365310085,234.1191099447004,219.99999999999974,3000.0,287.18960365310085,234.1191099447004,219.99999999999974,3000.0,287.18960365310085,234.1191099447004,219.99999999999974,3000.0,287.18960365310085,234.1191099447004,219.99999999999974,2960.0000000000023,3000.0,3000.0,3000.0,2960.0000000000023,3000.0,3000.0,3000.0,2960.0000000000023,3000.0,3000.0,3000.0,2960.0000000000023,3000.0,3000.0,3000.0,1443.3756729740644,1932.0027882117722,1574.9831032643501,1480.0000000000002,1443.3756729740644,1932.0027882117722,1574.9831032643501,1480.0000000000002,1443.3756729740644,1932.0027882117722,1574.9831032643501,1480.0000000000002,1443.3756729740644,1932.0027882117722,1574.9831032643501,1480.0000000000002,1480.0000000000002,1574.9831032643501,1932.0027882117715,2959.9999999999973,1480.0000000000002,1574.9831032643501,1932.0027882117715,2959.9999999999973,1480.0000000000002,1574.9831032643501,1932.0027882117715,2959.9999999999973,1480.0000000000002,1574.9831032643501,1932.0027882117715,2959.9999999999973,439.99999999999955,1266.929506291598,1269.2832648571812,1443.3756729740644,439.99999999999955,1266.929506291598,1269.2832648571812,1443.3756729740644,439.99999999999955,1266.929506291598,1269.2832648571812,1443.3756729740644,439.99999999999955,1266.929506291598,1269.2832648571812,1443.3756729740644
9867,196.66666666666632,209.2882952535957,256.73010023534766,393.3333333333325,196.66666666666632,209.2882952535957,256.73010023534766,393.3333333333325,196.66666666666632,209.2882952535957,256.73010023534766,393.3333333333325,196.66666666666632,209.2882952535957,256.73010023534766,393.3333333333325,3000.0,256.7301002353476,209.2882952535957,196.66666666666632,3000.0,256.7301002353476,209.2882952535957,196.66666666666632,3000.0,256.7301002353476,209.2882952535957,196.66666666666632,3000.0,256.7301002353476,209.2882952535957,196.66666666666632,3000.0,3000.0,3000.0,3000.0,3000.0,3000.0,3000.0,3000.0,3000.0,3000.0,3000.0,3000.0,3000.0,3000.0,3000.0,3000.0,1443.3756729740644,1944.6547835755157,1599.8139179554548,1503.3333333333337,1443.3756729740644,1944.6547835755157,1599.8139179554548,1503.3333333333337,1443.3756729740644,1944.6547835755157,1599.8139179554548,1503.3333333333337,1443.3756729740644,1944.6547835755157,1599.8139179554548,1503.3333333333337,1503.3333333333337,1599.8139179554548,1962.462291629525,3000.0,1503.3333333333337,1599.8139179554548,1962.462291629525,3000.0,1503.3333333333337,1599.8139179554548,1962.462291629525,3000.0,1503.3333333333337,1599.8139179554548,1962.462291629525,3000.0,393.3333333333327,1132.558195018246,1269.2832648571812,1443.3756729740644,393.3333333333327,1132.558195018246,1269.2832648571812,1443.3756729740644,393.3333333333327,1132.558195018246,1269.2832648571812,1443.3756729740644,393.3333333333327,1132.558195018246,1269.2832648571812,1443.3756729740644
9933,173.33333333333334,184.45748056249144,226.27059681759494,346.6666666666666,173.33333333333334,184.45748056249144,226.27059681759494,346.6666666666666,173.33333333333334,184.45748056249144,226.27059681759494,346.6666666666666,173.33333333333334,184.45748056249144,226.27059681759494,346.6666666666666,3000.0,226.27059681759488,184.45748056249144,173.33333333333334,3000.0,226.27059681759488,184.45748056249144,173.33333333333334,3000.0,226.27059681759488,184.45748056249144,173.33333333333334,3000.0,226.27059681759488,184.45748056249144,173.33333333333334,3000.0,3000.0,3000.0,3000.0,3000.0,3000.0,3000.0,3000.0,3000.0,3000.0,3000.0,3000.0,3000.0,3000.0,3000.0,3000.0,1443.3756729740644,1944.6547835755157,1624.644732646559,1526.6666666666665,1443.3756729740644,1944.6547835755157,1624.644732646559,1526.6666666666665,1443.3756729740644,1944.6547835755157,1624.644732646559,1526.6666666666665,1443.3756729740644,1944.6547835755157,1624.644732646559,1526.6666666666665,1526.6666666666665,1624.644732646559,1992.9217950472776,3000.0,1526.6666666666665,1624.644732646559,1992.9217950472776,3000.0,1526.6666666666665,1624.644732646559,1992.9217950472776,3000.0,1526.6666666666665,1624.644732646559,1992.9217950472776,3000.0,346.66666666666674,998.1868837448966,1269.2832648571812,1443.3756729740644,346.66666666666674,998.1868837448966,1269.2832648571812,1443.3756729740644,346.66666666666674,998.1868837448966,1269.2832648571812,1443.3756729740644,346.66666666666674,998.1868837448966,1269.2832648571812,1443.3756729740644
10000,149.99999999999991,159.6266658713867,195.8110933998416,299.9999999999997,149.99999999999991,159.6266658713867,195.8110933998416,299.9999999999997,149.99999999999991,159.6266658713867,195.8110933998416,299.9999999999997,149.99999999999991,159.6266658713867,195.8110933998416,299.9999999999997,3000.0,195.81109339984158,159.6266658713867,149.99999999999991,3000.0,195.81109339984158,159.6266658713867,149.99999999999991,3000.0,195.81109339984158,159.6266658713867,149.99999999999991,3000.0,195.81109339984158,159.6266658713867,149.99999999999991,3000.0,3000.0,3000.0,3000.0,3000.0,3000.0,3000.0,3000.0,3000.0,3000.0,3000.0,3000.0,3000.0,3000.0,3000.0,3000.0,1443.3756729740644,1944.6547835755157,1649.4755473376638,1550.0,1443.3756729740644,1944.6547835755157,1649.4755473376638,1550.0,1443.3756729740644,1944.6547835755157,1649.4755473376638,1550.0,1443.3756729740644,1944.6547835755157,1649.4755473376638,1550.0,1550.0,1649.4755473376638,2023.3812984650306,3000.0,1550.0,1649.4755473376638,2023.3812984650306,3000.0,1550.0,1649.4755473376638,2023.3812984650306,3000.0,1550.0,1649.4755473376638,2023.3812984650306,3000.0,299.9999999999999,863.8155724715446,1269.2832648571812,1443.3756729740644,299.9999999999999,863.8155724715446,1269.2832648571812,1443.3756729740644,299.9999999999999,863.8155724715446,1269.2832648571812,1443.3756729740644,299.9999999999999,863.8155724715446,1269.2832648571812,1443.3756729740644
10067,126.66666666666693,134.79585118028248,165.35158998208894,253.3333333333338,126.66666666666693,134.79585118028248,165.35158998208894,253.3333333333338,126.66666666666693,134.79585118028248,165.35158998208894,253.3333333333338,126.66666666666693,134.79585118028248,165.35158998208894,253.3333333333338,253.33333333333368,165.3515899820889,134.79585118028248,126.66666666666693,253.33333333333368,165.3515899820889,134.79585118028248,126.66666666666693,253.33333333333368,165.3515899820889,134.79585118028248,126.66666666666693,253.33333333333368,165.3515899820889,134.79585118028248,126.66666666666693,3000.0,3000.0,3000.0,253.3333333333339,3000.0,3000.0,3000.0,253.3333333333339,3000.0,3000.0,3000.0,253.3333333333339,3000.0,3000.0,3000.0,253.3333333333339,1443.3756729740644,1944.6547835755157,1674.306362028768,1573.333333333333,1443.3756729740644,1944.6547835755157,1674.306362028768,1573.333333333333,1443.3756729740644,1944.6547835755157,1674.306362028768,1573.333333333333,1443.3756729740644,1944.6547835755157,1674.306362028768,1573.333333333333,1573.333333333333,1674.306362028768,2053.8408018827836,3000.0,1573.333333333333,1674.306362028768,2053.8408018827836,3000.0,1573.333333333333,1674.306362028768,2053.8408018827836,3000.0,1573.333333333333,1674.306362028768,2053.8408018827836,3000.0,253.3333333333339,729.4442611981951,1269.2832648571812,1443.3756729740644,253.3333333333339,729.4442611981951,1269.2832648571812,1443.3756729740644,253.3333333333339,729.4442611981951,1269.2832648571812,1443.3756729740644,253.3333333333339,729.4442611981951,1269.2832648571812,1443.3756729740644
10133,103.3333333333335,109.96503648917776,134.89208656433564,206.66666666666694,103.3333333333335,109.96503648917776,134.89208656433564,206.66666666666694,103.3333333333335,109.96503648917776,134.89208656433564,206.66666666666694,103.3333333333335,109.96503648917776,134.89208656433564,206.66666666666694,206.66666666666688,134.89208656433564,109.96503648917776,103.3333333333335,206.66666666666688,134.89208656433564,109.96503648917776,103.3333333333335,206.66666666666688,134.89208656433564,109.96503648917776,103.3333333333335,206.66666666666688,134.89208656433564,109.96503648917776,103.3333333333335,3000.0,3000.0,3000.0,206.66666666666703,3000.0,3000.0,3000.0,206.66666666666703,3000.0,3000.0,3000.0,206.66666666666703,3000.0,3000.0,3000.0,206.66666666666703,1443.3756729740644,1944.6547835755157,1699.137176719873,1596.6666666666665,1443.3756729740644,1944.6547835755157,1699.137176719873,1596.6666666666665,1443.3756729740644,1944.6547835755157,1699.137176719873,1596.6666666666665,1443.3756729740644,1944.6547835755157,1699.137176719873,1596.6666666666665,1596.6666666666665,1699.137176719873,2084.300305300537,3000.0,1596.6666666666665,1699.137176719873,2084.300305300537,3000.0,1596.6666666666665,1699.137176719873,2084.300305300537,3000.0,1596.6666666666665,1699.137176719873,2084.300305300537,3000.0,206.66666666666703,595.0729499248432,1269.2832648571812,1443.3756729740644,206.66666666666703,595.0729499248432,1269.2832648571812,1443.3756729740644,206.66666666666703,595.0729499248432,1269.2832648571812,1443.3756729740644,206.66666666666703,595.0729499248432,1269.2832648571812,1443.3756729740644
10200,80.00000000000007,85.13422179807304,104.43258314658236,160.00000000000009,80.00000000000007,85.13422179807304,104.43258314658236,160.00000000000009,80.00000000000007,85.13422179807304,104.43258314658236,160.00000000000009,80.00000000000007,85.13422179807304,104.43258314658236,160.00000000000009,160.00000000000006,104.43258314658235,85.13422179807304,80.00000000000007,160.00000000000006,104.43258314658235,85.13422179807304,80.00000000000007,160.00000000000006,104.43258314658235,85.13422179807304,80.00000000000007,160.00000000000006,104.43258314658235,85.13422179807304,80.00000000000007,3000.0,3000.0,3000.0,160.00000000000017,3000.0,3000.0,3000.0,160.00000000000017,3000.0,3000.0,3000.0,160.00000000000017,3000.0,3000.0,3000.0,160.00000000000017,1443.3756729740644,1944.6547835755157,1723.9679914109777,1619.9999999999998,1443.3756729740644,1944.6547835755157,1723.9679914109777,1619.9999999999998,1443.3756729740644,1944.6547835755157,1723.9679914109777,1619.9999999999998,1443.3756729740644,1944.6547835755157,1723.9679914109777,1619.9999999999998,1619.9999999999998,1723.9679914109777,2114.75980871829,3000.0,1619.9999999999998,1723.9679914109777,2114.75980871829,3000.0,1619.9999999999998,1723.9679914109777,2114.75980871829,3000.0,1619.9999999999998,1723.9679914109777,2114.75980871829,3000.0,160.00000000000017,460.7016386514911,1269.2832648571812,1443.3756729740644,160.00000000000017,460.7016386514911,1269.2832648571812,1443.3756729740644,160.00000000000017,460.7016386514911,1269.2832648571812,1443.3756729740644,160.00000000000017,460.7016386514911,1269.2832648571812,1443.3756729740644
10267,56.66666666666664,60.30340710696833,73.97307972882908,113.33333333333326,56.66666666666664,60.30340710696833,73.97307972882908,113.33333333333326,56.66666666666664,60.30340710696833,73.97307972882908,113.33333333333326,56.66666666666664,60.30340710696833,73.97307972882908,113.33333333333326,113.33333333333321,73.97307972882906,60.30340710696833,56.66666666666664,113.33333333333321,73.97307972882906,60.30340710696833,56.66666666666664,113.33333333333321,73.97307972882906,60.30340710696833,56.66666666666664,113.33333333333321,73.97307972882906,60.30340710696833,56.66666666666664,3000.0,3000.0,3000.0,113.3333333333333,3000.0,3000.0,3000.0,113.3333333333333,3000.0,3000.0,3000.0,113.3333333333333,3000.0,3000.0,3000.0,113.3333333333333,1443.3756729740644,1944.6547835755157,1748.7988061020824,1643.3333333333333,1443.3756729740644,1944.6547835755157,1748.7988061020824,1643.3333333333333,1443.3756729740644,1944.6547835755157,1748.7988061020824,1643.3333333333333,1443.3756729740644,1944.6547835755157,1748.7988061020824,1643.3333333333333,1643.3333333333333,1748.7988061020824,2145.2193121360433,3000.0,1643.3333333333333,1748.7988061020824,2145.2193121360433,3000.0,1643.3333333333333,1748.7988061020824,2145.2193121360433,3000.0,1643.3333333333333,1748.7988061020824,2145.2193121360433,3000.0,113.3333333333333,326.3303273781391,1269.2832648571812,1443.3756729740644,113.3333333333333,326.3303273781391,1269.2832648571812,1443.3756729740644,113.3333333333333,326.3303273781391,1269.2832648571812,1443.3756729740644,113.3333333333333,326.3303273781391,1269.2832648571812,1443.3756729740644
10333,33.333333333333215,35.47259241586361,43.51357631107579,66.66666666666642,33.333333333333215,35.47259241586361,43.51357631107579,66.66666666666642,33.333333333333215,35.47259241586361,43.51357631107579,66.66666666666642,33.333333333333215,35.47259241586361,43.51357631107579,66.66666666666642,66.66666666666639,43.51357631107578,35.47259241586361,33.333333333333215,66.66666666666639,43.51357631107578,35.47259241586361,33.333333333333215,66.66666666666639,43.51357631107578,35.47259241586361,33.333333333333215,66.66666666666639,43.51357631107578,35.47259241586361,33.333333333333215,3000.0,3000.0,191.9590161047872,66.66666666666644,3000.0,3000.0,191.9590161047872,66.66666666666644,3000.0,3000.0,191.9590161047872,66.66666666666644,3000.0,3000.0,191.9590161047872,66.66666666666644,1443.3756729740644,1944.6547835755157,1773.629620793187,1666.6666666666667,1443.3756729740644,1944.6547835755157,1773.629620793187,1666.6666666666667,1443.3756729740644,1944.6547835755157,1773.629620793187,1666.6666666666667,1443.3756729740644,1944.6547835755157,1773.629620793187,1666.6666666666667,1666.6666666666667,1773.629620793187,2175.6788155537965,3000.0,1666.6666666666667,1773.629620793187,2175.6788155537965,3000.0,1666.6666666666667,1773.629620793187,2175.6788155537965,3000.0,1666.6666666666667,1773.629620793187,2175.6788155537965,3000.0,66.66666666666644,191.9590161047871,1269.2832648571812,1443.3756729740644,66.66666666666644,191.9590161047871,1269.2832648571812,1443.3756729740644,66.66666666666644,191.9590161047871,1269.2832648571812,1443.3756729740644,66.66666666666644,191.9590161047871,1269.2832648571812,1443.3756729740644
10400,9.999999999999787,10.641777724758894,13.054072893322504,19.999999999999567,9.999999999999787,10.641777724758894,13.054072893322504,19.999999999999567,9.999999999999787,10.641777724758894,13.054072893322504,19.999999999999567,9.999999999999787,10.641777724758894,13.054072893322504,19.999999999999567,19.999999999999563,13.054072893322502,10.641777724758894,9.999999999999787,19.999999999999563,13.054072893322502,10.641777724758894,9.999999999999787,19.999999999999563,13.054072893322502,10.641777724758894,9.999999999999787,19.999999999999563,13.054072893322502,10.641777724758894,9.999999999999787,3000.0,3000.0,57.58770483143513,19.999999999999577,3000.0,3000.0,57.58770483143513,19.999999999999577,3000.0,3000.0,57.58770483143513,19.999999999999577,3000.0,3000.0,57.58770483143513,19.999999999999577,1443.3756729740644,1944.6547835755157,1798.4604354842918,1690.0000000000002,1443.3756729740644,1944.6547835755157,1798.4604354842918,1690.0000000000002,1443.3756729740644,1944.6547835755157,1798.4604354842918,1690.0000000000002,1443.3756729740644,1944.6547835755157,1798.4604354842918,1690.0000000000002,1690.0000000000002,1798.4604354842918,2206.13831897155,3000.0,1690.0000000000002,1798.4604354842918,2206.13831897155,3000.0,1690.0000000000002,1798.4604354842918,2206.13831897155,3000.0,1690.0000000000002,1798.4604354842918,2206.13831897155,3000.0,19.999999999999577,57.58770483143511,1269.2832648571812,1443.3756729740644,19.999999999999577,57.58770483143511,1269.2832648571812,1443.3756729740644,19.999999999999577,57.58770483143511,1269.2832648571812,1443.3756729740644,19.999999999999577,57.58770483143511,1269.2832648571812,1443.3756729740644
10467,3000.0,3000.0,3000.0,3000.0,3000.0,3000.0,3000.0,3000.0,3000.0,3000.0,3000.0,3000.0,3000.0,3000.0,3000.0,3000.0,3000.0,3000.0,3000.0,3000.0,3000.0,3000.0,3000.0,3000.0,3000.0,3000.0,3000.0,3000.0,3000.0,3000.0,3000.0,3000.0,26.666666666666412,76.78360644191449,3000.0,3000.0,26.666666666666412,76.78360644191449,3000.0,3000.0,26.666666666666412,76.78360644191449,3000.0,3000.0,26.666666666666412,76.78360644191449,3000.0,3000.0,26.666666666666387,17.4054305244302,14.18903696634535,13.333333333333197,26.666666666666387,17.4054305244302,14.18903696634535,13.333333333333197,26.666666666666387,17.4054305244302,14.18903696634535,13.333333333333197,26.666666666666387,17.4054305244302,14.18903696634535,13.333333333333197,13.333333333333197,14.18903696634535,17.405430524430194,26.666666666666362,13.333333333333197,14.18903696634535,17.405430524430194,26.666666666666362,13.333333333333197,14.18903696634535,17.405430524430194,26.666666666666362,13.333333333333197,14.18903696634535,17.405430524430194,26.666666666666362,3000.0,3000.0,76.78360644191433,26.666666666666398,3000.0,3000.0,76.78360644191433,26.666666666666398,3000.0,3000.0,76.78360644191433,26.666666666666398,3000.0,3000.0,76.78360644191433,26.666666666666398
10533,3000.0,3000.0,3000.0,3000.0,3000.0,3000.0,3000.0,3000.0,3000.0,3000.0,3000.0,3000.0,3000.0,3000.0,3000.0,3000.0,3000.0,3000.0,3000.0,3000.0,3000.0,3000.0,3000.0,3000.0,3000.0,3000.0,3000.0,3000.0,3000.0,3000.0,3000.0,3000.0,73.33333333333329,211.15491771526672,3000.0,3000.0,73.33333333333329,211.15491771526672,3000.0,3000.0,73.33333333333329,211.15491771526672,3000.0,3000.0,73.33333333333329,211.15491771526672,3000.0,3000.0,73.33333333333323,47.864933942183484,39.01985165745007,36.66666666666663,73.33333333333323,47.864933942183484,39.01985165745007,36.66666666666663,73.33333333333323,47.864933942183484,39.01985165745007,36.66666666666663,73.33333333333323,47.864933942183484,39.01985165745007,36.66666666666663,36.66666666666663,39.01985165745007,47.86493394218347,73.33333333333317,36.66666666666663,39.01985165745007,47.86493394218347,73.33333333333317,36.66666666666663,39.01985165745007,47.86493394218347,73.33333333333317,36.66666666666663,39.01985165745007,47.86493394218347,73.33333333333317,3000.0,3000.0,211.15491771526635,73.33333333333326,3000.0,3000.0,211.15491771526635,73.33333333333326,3000.0,3000.0,211.15491771526635,73.33333333333326,3000.0,3000.0,211.15491771526635,73.33333333333326
10600,3000.0,3000.0,3000.0,3000.0,3000.0,3000.0,3000.0,3000.0,3000.0,3000.0,3000.0,3000.0,3000.0,3000.0,3000.0,3000.0,3000.0,3000.0,3000.0,3000.0,3000.0,3000.0,3000.0,3000.0,3000.0,3000.0,3000.0,3000.0,3000.0,3000.0,3000.0,3000.0,119.99999999999929,3000.0,3000.0,3000.0,119.99999999999929,3000.0,3000.0,3000.0,119.99999999999929,3000.0,3000.0,3000.0,119.99999999999929,3000.0,3000.0,3000.0,119.99999999999918,78.32443735993618,63.85066634855431,59.99999999999961,119.99999999999918,78.32443735993618,63.85066634855431,59.99999999999961,119.99999999999918,78.32443735993618,63.85066634855431,59.99999999999961,119.99999999999918,78.32443735993618,63.85066634855431,59.99999999999961,59.99999999999961,63.85066634855431,78.32443735993616,119.99999999999908,59.99999999999961,63.85066634855431,78.32443735993616,119.99999999999908,59.99999999999961,63.85066634855431,78.32443735993616,119.99999999999908,59.99999999999961,63.85066634855431,78.32443735993616,119.99999999999908,3000.0,3000.0,345.5262289886158,119.99999999999923,3000.0,3000.0,345.5262289886158,119.99999999999923,3000.0,3000.0,345.5262289886158,119.99999999999923,3000.0,3000.0,345.5262289886158,119.99999999999923
10667,3000.0,3000.0,3000.0,3000.0,3000.0,3000.0,3000.0,3000.0,3000.0,3000.0,3000.0,3000.0,3000.0,3000.0,3000.0,3000.0,3000.0,3000.0,3000.0,3000.0,3000.0,3000.0,3000.0,3000.0,3000.0,3000.0,3000.0,3000.0,3000.0,3000.0,3000.0,3000.0,166.66666666666617,3000.0,3000.0,3000.0,166.66666666666617,3000.0,3000.0,3000.0,166.66666666666617,3000.0,3000.0,3000.0,166.66666666666617,3000.0,3000.0,3000.0,166.66666666666603,108.78394077768948,88.68148103965903,83.33333333333303,166.66666666666603,108.78394077768948,88.68148103965903,83.33333333333303,166.66666666666603,108.78394077768948,88.68148103965903,83.33333333333303,166.66666666666603,108.78394077768948,88.68148103965903,83.33333333333303,83.33333333333303,88.68148103965903,108.78394077768944,166.6666666666659,83.33333333333303,88.68148103965903,108.78394077768944,166.6666666666659,83.33333333333303,88.68148103965903,108.78394077768944,166.6666666666659,83.33333333333303,88.68148103965903,108.78394077768944,166.6666666666659,3000.0,3000.0,479.8975402619678,166.6666666666661,3000.0,3000.0,479.8975402619678,166.6666666666661,3000.0,3000.0,479.8975402619678,166.6666666666661,3000.0,3000.0,479.8975402619678,166.6666666666661
10733,3000.0,3000.0,3000.0,3000.0,3000.0,3000.0,3000.0,3000.0,3000.0,3000.0,3000.0,3000.0,3000.0,3000.0,3000.0,3000.0,3000.0,3000.0,3000.0,3000.0,3000.0,3000.0,3000.0,3000.0,3000.0,3000.0,3000.0,3000.0,3000.0,3000.0,3000.0,3000.0,213.33333333333306,3000.0,3000.0,3000.0,213.33333333333306,3000.0,3000.0,3000.0,213.33333333333306,3000.0,3000.0,3000.0,213.33333333333306,3000.0,3000.0,3000.0,213.3333333333329,139.24344419544278,113.51229573076374,106.66666666666646,213.3333333333329,139.24344419544278,113.51229573076374,106.66666666666646,213.3333333333329,139.24344419544278,113.51229573076374,106.66666666666646,213.3333333333329,139.24344419544278,113.51229573076374,106.66666666666646,106.66666666666646,113.51229573076374,139.24344419544272,213.3333333333327,106.66666666666646,113.51229573076374,139.24344419544272,213.3333333333327,106.66666666666646,113.51229573076374,139.24344419544272,213.3333333333327,106.66666666666646,113.51229573076374,139.24344419544272,213.3333333333327,3000.0,3000.0,614.2688515353198,213.33333333333294,3000.0,3000.0,614.2688515353198,213.33333333333294,3000.0,3000.0,614.2688515353198,213.33333333333294,3000.0,3000.0,614.2688515353198,213.33333333333294
10800,3000.0,3000.0,3000.0,3000.0,3000.0,3000.0,3000.0,3000.0,3000.0,3000.0,3000.0,3000.0,3000.0,3000.0,3000.0,3000.0,3000.0,3000.0,3000.0,3000.0,3000.0,3000.0,3000.0,3000.0,3000.0,3000.0,3000.0,3000.0,3000.0,3000.0,3000.0,3000.0,260.00000000000085,3000.0,3000.0,3000.0,260.00000000000085,3000.0,3000.0,3000.0,260.00000000000085,3000.0,3000.0,3000.0,260.00000000000085,3000.0,3000.0,3000.0,260.0000000000006,169.7029476131966,138.34311042186891,130.00000000000034,260.0000000000006,169.7029476131966,138.34311042186891,130.00000000000034,260.0000000000006,169.7029476131966,138.34311042186891,130.00000000000034,260.0000000000006,169.7029476131966,138.34311042186891,130.00000000000034,130.00000000000034,138.34311042186891,169.70294761319656,260.00000000000034,130.00000000000034,138.34311042186891,169.70294761319656,260.00000000000034,130.00000000000034,138.34311042186891,169.70294761319656,260.00000000000034,130.00000000000034,138.34311042186891,169.70294761319656,260.00000000000034,3000.0,3000.0,748.6401628086743,260.00000000000074,3000.0,3000.0,748.6401628086743,260.00000000000074,3000.0,3000.0,748.6401628086743,260.00000000000074,3000.0,3000.0,748.6401628086743,260.00000000000074
10867,3000.0,3000.0,3000.0,3000.0,3000.0,3000.0,3000.0,3000.0,3000.0,3000.0,3000.0,3000.0,3000.0,3000.0,3000.0,3000.0,3000.0,3000.0,3000.0,3000.0,3000.0,3000.0,3000.0,3000.0,3000.0,3000.0,3000.0,3000.0,3000.0,3000.0,3000.0,3000.0,3000.0,3000.0,3000.0,3000.0,3000.0,3000.0,3000.0,3000.0,3000.0,3000.0,3000.0,3000.0,3000.0,3000.0,3000.0,3000.0,306.6666666666665,200.1624510309493,163.1739251129732,153.33333333333331,306.6666666666665,200.1624510309493,163.1739251129732,153.33333333333331,306.6666666666665,200.1624510309493,163.1739251129732,153.33333333333331,306.6666666666665,200.1624510309493,163.1739251129732,153.33333333333331,153.33333333333331,163.1739251129732,200.16245103094926,3000.0,153.33333333333331,163.1739251129732,200.16245103094926,3000.0,153.33333333333331,163.1739251129732,200.16245103094926,3000.0,153.33333333333331,163.1739251129732,200.16245103094926,3000.0,3000.0,3000.0,883.0114740820237,306.6666666666667,3000.0,3000.0,883.0114740820237,306.6666666666667,3000.0,3000.0,883.0114740820237,306.6666666666667,3000.0,3000.0,883.0114740820237,306.6666666666667
10933,3000.0,3000.0,3000.0,3000.0,3000.0,3000.0,3000.0,3000.0,3000.0,3000.0,3000.0,3000.0,3000.0,3000.0,3000.0,3000.0,3000.0,3000.0,3000.0,3000.0,3000.0,3000.0,3000.0,3000.0,3000.0,3000.0,3000.0,3000.0,3000.0,3000.0,3000.0,3000.0,3000.0,3000.0,3000.0,3000.0,3000.0,3000.0,3000.0,3000.0,3000.0,3000.0,3000.0,3000.0,3000.0,3000.0,3000.0,3000.0,353.33333333333337,230.6219544487026,188.0047398040779,176.66666666666674,353.33333333333337,230.6219544487026,188.0047398040779,176.66666666666674,353.33333333333337,230.6219544487026,188.0047398040779,176.66666666666674,353.33333333333337,230.6219544487026,188.0047398040779,176.66666666666674,176.66666666666674,188.0047398040779,230.6219544487025,3000.0,176.66666666666674,188.0047398040779,230.6219544487025,3000.0,176.66666666666674,188.0047398040779,230.6219544487025,3000.0,176.66666666666674,188.0047398040779,230.6219544487025,3000.0,3000.0,3000.0,1017.3827853553759,353.33333333333354,3000.0,3000.0,1017.3827853553759,353.33333333333354,3000.0,3000.0,1017.3827853553759,353.33333333333354,3000.0,3000.0,1017.3827853553759,353.33333333333354
11000,3000.0,3000.0,3000.0,3000.0,3000.0,3000.0,3000.0,3000.0,3000.0,3000.0,3000.0,3000.0,3000.0,3000.0,3000.0,3000.0,3000.0,3000.0,3000.0,3000.0,3000.0,3000.0,3000.0,3000.0,3000.0,3000.0,3000.0,3000.0,3000.0,3000.0,3000.0,3000.0,3000.0,3000.0,3000.0,3000.0,3000.0,3000.0,3000.0,3000.0,3000.0,3000.0,3000.0,3000.0,3000.0,3000.0,3000.0,3000.0,400.0000000000002,261.08145786645593,212.8355544951826,200.00000000000017,400.0000000000002,261.08145786645593,212.8355544951826,200.00000000000017,400.0000000000002,261.08145786645593,212.8355544951826,200.00000000000017,400.0000000000002,261.08145786645593,212.8355544951826,200.00000000000017,200.00000000000017,212.8355544951826,261.0814578664558,3000.0,200.00000000000017,212.8355544951826,261.0814578664558,3000.0,200.00000000000017,212.8355544951826,261.0814578664558,3000.0,200.00000000000017,212.8355544951826,261.0814578664558,3000.0,3000.0,3000.0,1151.754096628728,400.0000000000004,3000.0,3000.0,1151.754096628728,400.0000000000004,3000.0,3000.0,1151.754096628728,400.0000000000004,3000.0,3000.0,1151.754096628728,400.0000000000004
11067,3000.0,3000.0,3000.0,3000.0,3000.0,3000.0,3000.0,3000.0,3000.0,3000.0,3000.0,3000.0,3000.0,3000.0,3000.0,3000.0,3000.0,3000.0,3000.0,3000.0,3000.0,3000.0,3000.0,3000.0,3000.0,3000.0,3000.0,3000.0,3000.0,3000.0,3000.0,3000.0,3000.0,3000.0,3000.0,3000.0,3000.0,3000.0,3000.0,3000.0,3000.0,3000.0,3000.0,3000.0,3000.0,3000.0,3000.0,3000.0,446.66666666666623,291.5409612842086,237.66636918628686,223.33333333333317,446.66666666666623,291.5409612842086,237.66636918628686,223.33333333333317,446.66666666666623,291.5409612842086,237.66636918628686,223.33333333333317,446.66666666666623,291.5409612842086,237.66636918628686,223.33333333333317,223.33333333333317,237.66636918628686,291.5409612842085,3000.0,223.33333333333317,237.66636918628686,291.5409612842085,3000.0,223.33333333333317,237.66636918628686,291.5409612842085,3000.0,223.33333333333317,237.66636918628686,291.5409612842085,3000.0,3000.0,3000.0,3000.0,446.6666666666664,3000.0,3000.0,3000.0,446.6666666666664,3000.0,3000.0,3000.0,446.6666666666664,3000.0,3000.0,3000.0,446.6666666666664
11133,3000.0,3000.0,3000.0,3000.0,3000.0,3000.0,3000.0,3000.0,3000.0,3000.0,3000.0,3000.0,3000.0,3000.0,3000.0,3000.0,3000.0,3000.0,3000.0,3000.0,3000.0,3000.0,3000.0,3000.0,3000.0,3000.0,3000.0,3000.0,3000.0,3000.0,3000.0,3000.0,3000.0,3000.0,3000.0,3000.0,3000.0,3000.0,3000.0,3000.0,3000.0,3000.0,3000.0,3000.0,3000.0,3000.0,3000.0,3000.0,493.33333333333303,322.00046470196185,262.4971838773916,246.6666666666666,493.33333333333303,322.00046470196185,262.4971838773916,246.6666666666666,493.33333333333303,322.00046470196185,262.4971838773916,246.6666666666666,493.33333333333303,322.00046470196185,262.4971838773916,246.6666666666666,246.6666666666666,262.4971838773916,322.00046470196173,3000.0,246.6666666666666,262.4971838773916,322.00046470196173,3000.0,246.6666666666666,262.4971838773916,322.00046470196173,3000.0,246.6666666666666,262.4971838773916,322.00046470196173,3000.0,3000.0,3000.0,3000.0,493.33333333333326,3000.0,3000.0,3000.0,493.33333333333326,3000.0,3000.0,3000.0,493.33333333333326,3000.0,3000.0,3000.0,493.33333333333326
11200,3000.0,3000.0,3000.0,3000.0,3000.0,3000.0,3000.0,3000.0,3000.0,3000.0,3000.0,3000.0,3000.0,3000.0,3000.0,3000.0,3000.0,3000.0,3000.0,3000.0,3000.0,3000.0,3000.0,3000.0,3000.0,3000.0,3000.0,3000.0,3000.0,3000.0,3000.0,3000.0,3000.0,3000.0,3000.0,3000.0,3000.0,3000.0,3000.0,3000.0,3000.0,3000.0,3000.0,3000.0,3000.0,3000.0,3000.0,3000.0,539.9999999999991,352.4599681197146,287.32799856849584,269.99999999999955,539.9999999999991,352.4599681197146,287.32799856849584,269.99999999999955,539.9999999999991,352.4599681197146,287.32799856849584,269.99999999999955,539.9999999999991,352.4599681197146,287.32799856849584,269.99999999999955,269.99999999999955,287.32799856849584,352.45996811971446,3000.0,269.99999999999955,287.32799856849584,352.45996811971446,3000.0,269.99999999999955,287.32799856849584,352.45996811971446,3000.0,269.99999999999955,287.32799856849584,352.45996811971446,3000.0,3000.0,3000.0,3000.0,539.9999999999992,3000.0,3000.0,3000.0,539.9999999999992,3000.0,3000.0,3000.0,539.9999999999992,3000.0,3000.0,3000.0,539.9999999999992
11267,3000.0,3000.0,3000.0,3000.0,3000.0,3000.0,3000.0,3000.0,3000.0,3000.0,3000.0,3000.0,3000.0,3000.0,3000.0,3000.0,3000.0,3000.0,3000.0,3000.0,3000.0,3000.0,3000.0,3000.0,3000.0,3000.0,3000.0,3000.0,3000.0,3000.0,3000.0,3000.0,3000.0,3000.0,3000.0,3000.0,3000.0,3000.0,3000.0,3000.0,3000.0,3000.0,3000.0,3000.0,3000.0,3000.0,3000.0,3000.0,586.6666666666666,382.9194715374685,312.158813259601,293.3333333333334,586.6666666666666,382.9194715374685,312.158813259601,293.3333333333334,586.6666666666666,382.9194715374685,312.158813259601,293.3333333333334,586.6666666666666,382.9194715374685,312.158813259601,293.3333333333334,293.3333333333334,312.158813259601,382.9194715374683,3000.0,293.3333333333334,312.158813259601,382.9194715374683,3000.0,293.3333333333334,312.158813259601,382.9194715374683,3000.0,293.3333333333334,312.158813259601,382.9194715374683,3000.0,3000.0,3000.0,3000.0,586.666666666667,3000.0,3000.0,3000.0,586.666666666667,3000.0,3000.0,3000.0,586.666666666667,3000.0,3000.0,3000.0,586.666666666667
11333,3000.0,3000.0,3000.0,3000.0,3000.0,3000.0,3000.0,3000.0,3000.0,3000.0,3000.0,3000.0,3000.0,3000.0,3000.0,3000.0,3000.0,3000.0,3000.0,3000.0,3000.0,3000.0,3000.0,3000.0,3000.0,3000.0,3000.0,3000.0,3000.0,3000.0,3000.0,3000.0,3000.0,3000.0,3000.0,3000.0,3000.0,3000.0,3000.0,3000.0,3000.0,3000.0,3000.0,3000.0,3000.0,3000.0,3000.0,3000.0,633.3333333333335,413.37897495522174,336.9896279507057,316.66666666666686,633.3333333333335,413.37897495522174,336.9896279507057,316.66666666666686,633.3333333333335,413.37897495522174,336.9896279507057,316.66666666666686,633.3333333333335,413.37897495522174,336.9896279507057,316.66666666666686,316.66666666666686,336.9896279507057,2632.5713668200938,3000.0,316.66666666666686,336.9896279507057,2632.5713668200938,3000.0,316.66666666666686,336.9896279507057,2632.5713668200938,3000.0,316.66666666666686,336.9896279507057,2632.5713668200938,3000.0,3000.0,3000.0,3000.0,633.3333333333338,3000.0,3000.0,3000.0,633.3333333333338,3000.0,3000.0,3000.0,633.3333333333338,3000.0,3000.0,3000.0,633.3333333333338
11400,3000.0,3000.0,3000.0,3000.0,3000.0,3000.0,3000.0,3000.0,3000.0,3000.0,3000.0,3000.0,3000.0,3000.0,3000.0,3000.0,3000.0,3000.0,3000.0,3000.0,3000.0,3000.0,3000.0,3000.0,3000.0,3000.0,3000.0,3000.0,3000.0,3000.0,3000.0,3000.0,3000.0,3000.0,3000.0,3000.0,3000.0,3000.0,3000.0,3000.0,3000.0,3000.0,3000.0,3000.0,3000.0,3000.0,3000.0,3000.0,679.9999999999995,443.83847837297446,361.82044264180996,339.9999999999999,679.9999999999995,443.83847837297446,361.82044264180996,339.9999999999999,679.9999999999995,443.83847837297446,361.82044264180996,339.9999999999999,679.9999999999995,443.83847837297446,361.82044264180996,339.9999999999999,339.9999999999999,361.82044264180996,2663.030870237847,3000.0,339.9999999999999,361.82044264180996,2663.030870237847,3000.0,339.9999999999999,361.82044264180996,2663.030870237847,3000.0,339.9999999999999,361.82044264180996,2663.030870237847,3000.0,3000.0,3000.0,3000.0,679.9999999999998,3000.0,3000.0,3000.0,679.9999999999998,3000.0,3000.0,3000.0,679.9999999999998,3000.0,3000.0,3000.0,679.9999999999998
11467,3000.0,3000.0,3000.0,3000.0,3000.0,3000.0,3000.0,3000.0,3000.0,3000.0,3000.0,3000.0,3000.0,3000.0,3000.0,3000.0,3000.0,3000.0,3000.0,3000.0,3000.0,3000.0,3000.0,3000.0,3000.0,3000.0,3000.0,3000.0,3000.0,3000.0,3000.0,3000.0,3000.0,3000.0,3000.0,3000.0,3000.0,3000.0,3000.0,3000.0,3000.0,3000.0,3000.0,3000.0,3000.0,3000.0,3000.0,3000.0,726.6666666666664,474.29798179072776,386.65125733291467,363.33333333333326,726.6666666666664,474.29798179072776,386.65125733291467,363.33333333333326,726.6666666666664,474.29798179072776,386.65125733291467,363.33333333333326,726.6666666666664,474.29798179072776,386.65125733291467,363.33333333333326,363.33333333333326,386.65125733291467,2693.4903736556003,3000.0,363.33333333333326,386.65125733291467,2693.4903736556003,3000.0,363.33333333333326,386.65125733291467,2693.4903736556003,3000.0,363.33333333333326,386.65125733291467,2693.4903736556003,3000.0,3000.0,3000.0,3000.0,726.6666666666666,3000.0,3000.0,3000.0,726.6666666666666,3000.0,3000.0,3000.0,726.6666666666666,3000.0,3000.0,3000.0,726.6666666666666
11533,3000.0,3000.0,3000.0,3000.0,3000.0,3000.0,3000.0,3000.0,3000.0,3000.0,3000.0,3000.0,3000.0,3000.0,3000.0,3000.0,3000.0,3000.0,3000.0,3000.0,3000.0,3000.0,3000.0,3000.0,3000.0,3000.0,3000.0,3000.0,3000.0,3000.0,3000.0,3000.0,3000.0,3000.0,3000.0,3000.0,3000.0,3000.0,3000.0,3000.0,3000.0,3000.0,3000.0,3000.0,3000.0,3000.0,3000.0,3000.0,773.3333333333333,504.75748520848094,411.4820720240194,386.66666666666674,773.3333333333333,504.75748520848094,411.4820720240194,386.66666666666674,773.3333333333333,504.75748520848094,411.4820720240194,386.66666666666674,773.3333333333333,504.75748520848094,411.4820720240194,386.66666666666674,386.66666666666674,411.4820720240194,2723.9498770733535,3000.0,386.66666666666674,411.4820720240194,2723.9498770733535,3000.0,386.66666666666674,411.4820720240194,2723.9498770733535,3000.0,386.66666666666674,411.4820720240194,2723.9498770733535,3000.0,3000.0,3000.0,3000.0,773.3333333333335,3000.0,3000.0,3000.0,773.3333333333335,3000.0,3000.0,3000.0,773.3333333333335,3000.0,3000.0,3000.0,773.3333333333335
11600,3000.0,3000.0,3000.0,3000.0,3000.0,3000.0,3000.0,3000.0,3000.0,3000.0,3000.0,3000.0,3000.0,3000.0,3000.0,3000.0,3000.0,3000.0,3000.0,3000.0,3000.0,3000.0,3000.0,3000.0,3000.0,3000.0,3000.0,3000.0,3000.0,3000.0,3000.0,3000.0,3000.0,3000.0,3000.0,3000.0,3000.0,3000.0,3000.0,3000.0,3000.0,3000.0,3000.0,3000.0,3000.0,3000.0,3000.0,3000.0,819.9999999999992,535.2169886262337,436.3128867151236,409.9999999999997,819.9999999999992,535.2169886262337,436.3128867151236,409.9999999999997,819.9999999999992,535.2169886262337,436.3128867151236,409.9999999999997,819.9999999999992,535.2169886262337,436.3128867151236,409.9999999999997,409.9999999999997,436.3128867151236,2754.409380491106,3000.0,409.9999999999997,436.3128867151236,2754.409380491106,3000.0,409.9999999999997,436.3128867151236,2754.409380491106,3000.0,409.9999999999997,436.3128867151236,2754.409380491106,3000.0,3000.0,3000.0,3000.0,819.9999999999995,3000.0,3000.0,3000.0,819.9999999999995,3000.0,3000.0,3000.0,819.9999999999995,3000.0,3000.0,3000.0,819.9999999999995
11667,3000.0,3000.0,3000.0,3000.0,3000.0,3000.0,3000.0,3000.0,3000.0,3000.0,3000.0,3000.0,3000.0,3000.0,3000.0,3000.0,3000.0,3000.0,3000.0,3000.0,3000.0,3000.0,3000.0,3000.0,3000.0,3000.0,3000.0,3000.0,3000.0,3000.0,3000.0,3000.0,3000.0,3000.0,3000.0,3000.0,3000.0,3000.0,3000.0,3000.0,3000.0,3000.0,3000.0,3000.0,3000.0,3000.0,3000.0,3000.0,866.6666666666661,565.676492043987,461.14370140622833,433.33333333333314,866.6666666666661,565.676492043987,461.14370140622833,433.33333333333314,866.6666666666661,565.676492043987,461.14370140622833,433.33333333333314,866.6666666666661,565.676492043987,461.14370140622833,433.33333333333314,433.33333333333314,461.14370140622833,2784.868883908859,3000.0,433.33333333333314,461.14370140622833,2784.868883908859,3000.0,433.33333333333314,461.14370140622833,2784.868883908859,3000.0,433.33333333333314,461.14370140622833,2784.868883908859,3000.0,3000.0,3000.0,3000.0,866.6666666666664,3000.0,3000.0,3000.0,866.6666666666664,3000.0,3000.0,3000.0,866.6666666666664,3000.0,3000.0,3000.0,866.6666666666664
11733,3000.0,3000.0,3000.0,3000.0,3000.0,3000.0,3000.0,3000.0,3000.0,3000.0,3000.0,3000.0,3000.0,3000.0,3000.0,3000.0,3000.0,3000.0,3000.0,3000.0,3000.0,3000.0,3000.0,3000.0,3000.0,3000.0,3000.0,3000.0,3000.0,3000.0,3000.0,3000.0,3000.0,3000.0,3000.0,3000.0,3000.0,3000.0,3000.0,3000.0,3000.0,3000.0,3000.0,3000.0,3000.0,3000.0,3000.0,3000.0,913.333333333332,596.1359954617396,485.9745160973326,456.6666666666661,913.333333333332,596.1359954617396,485.9745160973326,456.6666666666661,913.333333333332,596.1359954617396,485.9745160973326,456.6666666666661,913.333333333332,596.1359954617396,485.9745160973326,456.6666666666661,456.6666666666661,485.9745160973326,2815.3283873266123,3000.0,456.6666666666661,485.9745160973326,2815.3283873266123,3000.0,456.6666666666661,485.9745160973326,2815.3283873266123,3000.0,456.6666666666661,485.9745160973326,2815.3283873266123,3000.0,3000.0,3000.0,3000.0,913.3333333333323,3000.0,3000.0,3000.0,913.3333333333323,3000.0,3000.0,3000.0,913.3333333333323,3000.0,3000.0,3000.0,913.3333333333323
11800,3000.0,3000.0,3000.0,3000.0,3000.0,3000.0,3000.0,3000.0,3000.0,3000.0,3000.0,3000.0,3000.0,3000.0,3000.0,3000.0,3000.0,3000.0,3000.0,3000.0,3000.0,3000.0,3000.0,3000.0,3000.0,3000.0,3000.0,3000.0,3000.0,3000.0,3000.0,3000.0,3000.0,3000.0,3000.0,3000.0,3000.0,3000.0,3000.0,3000.0,3000.0,3000.0,3000.0,3000.0,3000.0,3000.0,3000.0,3000.0,960.0000000000006,626.5954988794941,510.80533078843825,480.00000000000045,960.0000000000006,626.5954988794941,510.80533078843825,480.00000000000045,960.0000000000006,626.5954988794941,510.80533078843825,480.00000000000045,960.0000000000006,626.5954988794941,510.80533078843825,480.00000000000045,480.00000000000045,510.80533078843825,2845.787890744367,3000.0,480.00000000000045,510.80533078843825,2845.787890744367,3000.0,480.00000000000045,510.80533078843825,2845.787890744367,3000.0,480.00000000000045,510.80533078843825,2845.787890744367,3000.0,3000.0,3000.0,3000.0,960.0000000000009,3000.0,3000.0,3000.0,960.0000000000009,3000.0,3000.0,3000.0,960.0000000000009,3000.0,3000.0,3000.0,960.0000000000009
11867,3000.0,3000.0,3000.0,3000.0,3000.0,3000.0,3000.0,3000.0,3000.0,3000.0,3000.0,3000.0,3000.0,3000.0,3000.0,3000.0,3000.0,3000.0,3000.0,3000.0,3000.0,3000.0,3000.0,3000.0,3000.0,3000.0,3000.0,3000.0,3000.0,3000.0,3000.0,3000.0,3000.0,3000.0,3000.0,3000.0,3000.0,3000.0,3000.0,3000.0,3000.0,3000.0,3000.0,3000.0,3000.0,3000.0,3000.0,3000.0,1006.6666666666666,657.0550022972469,535.6361454795425,503.3333333333334,1006.6666666666666,657.0550022972469,535.6361454795425,503.3333333333334,1006.6666666666666,657.0550022972469,535.6361454795425,503.3333333333334,1006.6666666666666,657.0550022972469,535.6361454795425,503.3333333333334,503.3333333333334,535.6361454795425,2876.247394162119,3000.0,503.3333333333334,535.6361454795425,2876.247394162119,3000.0,503.3333333333334,535.6361454795425,2876.247394162119,3000.0,503.3333333333334,535.6361454795425,2876.247394162119,3000.0,3000.0,3000.0,3000.0,1006.6666666666671,3000.0,3000.0,3000.0,1006.6666666666671,3000.0,3000.0,3000.0,1006.6666666666671,3000.0,3000.0,3000.0,1006.6666666666671
11933,3000.0,3000.0,3000.0,3000.0,3000.0,3000.0,3000.0,3000.0,3000.0,3000.0,3000.0,3000.0,3000.0,3000.0,3000.0,3000.0,3000.0,3000.0,3000.0,3000.0,3000.0,3000.0,3000.0,3000.0,3000.0,3000.0,3000.0,3000.0,3000.0,3000.0,3000.0,3000.0,3000.0,3000.0,3000.0,3000.0,3000.0,3000.0,3000.0,3000.0,3000.0,3000.0,3000.0,3000.0,3000.0,3000.0,3000.0,3000.0,1053.3333333333326,687.5145057149996,560.4669601706468,526.6666666666664,1053.3333333333326,687.5145057149996,560.4669601706468,526.6666666666664,1053.3333333333326,687.5145057149996,560.4669601706468,526.6666666666664,1053.3333333333326,687.5145057149996,560.4669601706468,526.6666666666664,526.6666666666664,560.4669601706468,2906.706897579872,3000.0,526.6666666666664,560.4669601706468,2906.706897579872,3000.0,526.6666666666664,560.4669601706468,2906.706897579872,3000.0,526.6666666666664,560.4669601706468,2906.706897579872,3000.0,3000.0,3000.0,3000.0,1053.333333333333,3000.0,3000.0,3000.0,1053.333333333333,3000.0,3000.0,3000.0,1053.333333333333,3000.0,3000.0,3000.0,1053.333333333333
12000,3000.0,3000.0,3000.0,3000.0,3000.0,3000.0,3000.0,3000.0,3000.0,3000.0,3000.0,3000.0,3000.0,3000.0,3000.0,3000.0,3000.0,3000.0,3000.0,3000.0,3000.0,3000.0,3000.0,3000.0,3000.0,3000.0,3000.0,3000.0,3000.0,3000.0,3000.0,3000.0,3000.0,3000.0,3000.0,3000.0,3000.0,3000.0,3000.0,3000.0,3000.0,3000.0,3000.0,3000.0,3000.0,3000.0,3000.0,3000.0,1099.9999999999993,717.9740091327529,585.2977748617515,549.9999999999998,1099.9999999999993,717.9740091327529,585.2977748617515,549.9999999999998,1099.9999999999993,717.9740091327529,585.2977748617515,549.9999999999998,1099.9999999999993,717.9740091327529,585.2977748617515,549.9999999999998,549.9999999999998,585.2977748617515,2937.1664009976253,3000.0,549.9999999999998,585.2977748617515,2937.1664009976253,3000.0,549.9999999999998,585.2977748617515,2937.1664009976253,3000.0,549.9999999999998,585.2977748617515,2937.1664009976253,3000.0,3000.0,3000.0,3000.0,1099.9999999999998,3000.0,3000.0,3000.0,1099.9999999999998,3000.0,3000.0,3000.0,1099.9999999999998,3000.0,3000.0,3000.0,1099.9999999999998
12067,3000.0,3000.0,3000.0,3000.0,3000.0,3000.0,3000.0,3000.0,3000.0,3000.0,3000.0,3000.0,3000.0,3000.0,3000.0,3000.0,3000.0,3000.0,3000.0,3000.0,3000.0,3000.0,3000.0,3000.0,3000.0,3000.0,3000.0,3000.0,3000.0,3000.0,3000.0,3000.0,3000.0,3000.0,3000.0,3000.0,3000.0,3000.0,3000.0,3000.0,3000.0,3000.0,3000.0,3000.0,3000.0,3000.0,3000.0,3000.0,1146.666666666666,748.4335125505062,610.1285895528562,573.3333333333333,1146.666666666666,748.4335125505062,610.1285895528562,573.3333333333333,1146.666666666666,748.4335125505062,610.1285895528562,573.3333333333333,1146.666666666666,748.4335125505062,610.1285895528562,573.3333333333333,573.3333333333333,610.1285895528562,2967.6259044153785,3000.0,573.3333333333333,610.1285895528562,2967.6259044153785,3000.0,573.3333333333333,610.1285895528562,2967.6259044153785,3000.0,573.3333333333333,610.1285895528562,2967.6259044153785,3000.0,3000.0,3000.0,3000.0,1146.6666666666667,3000.0,3000.0,3000.0,1146.6666666666667,3000.0,3000.0,3000.0,1146.6666666666667,3000.0,3000.0,3000.0,1146.6666666666667
12133,3000.0,3000.0,3000.0,3000.0,3000.0,3000.0,3000.0,3000.0,3000.0,3000.0,3000.0,3000.0,3000.0,3000.0,3000.0,3000.0,3000.0,3000.0,3000.0,3000.0,3000.0,3000.0,3000.0,3000.0,3000.0,3000.0,3000.0,3000.0,3000.0,3000.0,3000.0,3000.0,3000.0,3000.0,3000.0,3000.0,3000.0,3000.0,3000.0,3000.0,3000.0,3000.0,3000.0,3000.0,3000.0,3000.0,3000.0,3000.0,1193.3333333333328,778.8930159682594,634.9594042439609,596.6666666666666,1193.3333333333328,778.8930159682594,634.9594042439609,596.6666666666666,1193.3333333333328,778.8930159682594,634.9594042439609,596.6666666666666,1193.3333333333328,778.8930159682594,634.9594042439609,596.6666666666666,596.6666666666666,634.9594042439609,2998.0854078331317,3000.0,596.6666666666666,634.9594042439609,2998.0854078331317,3000.0,596.6666666666666,634.9594042439609,2998.0854078331317,3000.0,596.6666666666666,634.9594042439609,2998.0854078331317,3000.0,3000.0,3000.0,3000.0,1193.3333333333335,3000.0,3000.0,3000.0,1193.3333333333335,3000.0,3000.0,3000.0,1193.3333333333335,3000.0,3000.0,3000.0,1193.3333333333335
12200,3000.0,3000.0,3000.0,3000.0,3000.0,3000.0,3000.0,3000.0,3000.0,3000.0,3000.0,3000.0,3000.0,3000.0,3000.0,3000.0,3000.0,3000.0,3000.0,3000.0,3000.0,3000.0,3000.0,3000.0,3000.0,3000.0,3000.0,3000.0,3000.0,3000.0,3000.0,3000.0,3000.0,3000.0,3000.0,3000.0,3000.0,3000.0,3000.0,3000.0,3000.0,3000.0,3000.0,3000.0,3000.0,3000.0,3000.0,3000.0,1239.9999999999989,809.3525193860122,659.7902189350651,619.9999999999997,1239.9999999999989,809.3525193860122,659.7902189350651,619.9999999999997,1239.9999999999989,809.3525193860122,659.7902189350651,619.9999999999997,1239.9999999999989,809.3525193860122,659.7902189350651,619.9999999999997,619.9999999999997,659.7902189350651,3000.0,3000.0,619.9999999999997,659.7902189350651,3000.0,3000.0,619.9999999999997,659.7902189350651,3000.0,3000.0,619.9999999999997,659.7902189350651,3000.0,3000.0,3000.0,3000.0,3000.0,1239.9999999999995,3000.0,3000.0,3000.0,1239.9999999999995,3000.0,3000.0,3000.0,1239.9999999999995,3000.0,3000.0,3000.0,1239.9999999999995
12267,3000.0,3000.0,3000.0,3000.0,3000.0,3000.0,3000.0,3000.0,3000.0,3000.0,3000.0,3000.0,3000.0,3000.0,3000.0,3000.0,3000.0,3000.0,3000.0,3000.0,3000.0,3000.0,3000.0,3000.0,3000.0,3000.0,3000.0,3000.0,3000.0,3000.0,3000.0,3000.0,3000.0,3000.0,3000.0,3000.0,3000.0,3000.0,3000.0,3000.0,3000.0,3000.0,3000.0,3000.0,3000.0,3000.0,3000.0,3000.0,1286.6666666666665,839.812022803766,684.6210336261703,643.3333333333335,1286.6666666666665,839.812022803766,684.6210336261703,643.3333333333335,1286.6666666666665,839.812022803766,684.6210336261703,643.3333333333335,1286.6666666666665,839.812022803766,684.6210336261703,643.3333333333335,643.3333333333335,684.6210336261703,3000.0,3000.0,643.3333333333335,684.6210336261703,3000.0,3000.0,643.3333333333335,684.6210336261703,3000.0,3000.0,643.3333333333335,684.6210336261703,3000.0,3000.0,3000.0,3000.0,3000.0,1286.6666666666672,3000.0,3000.0,3000.0,1286.6666666666672,3000.0,3000.0,3000.0,1286.6666666666672,3000.0,3000.0,3000.0,1286.6666666666672
12333,3000.0,3000.0,3000.0,3000.0,3000.0,3000.0,3000.0,3000.0,3000.0,3000.0,3000.0,3000.0,3000.0,3000.0,3000.0,3000.0,3000.0,3000.0,3000.0,3000.0,3000.0,3000.0,3000.0,3000.0,3000.0,3000.0,3000.0,3000.0,3000.0,3000.0,3000.0,3000.0,3000.0,3000.0,3000.0,3000.0,3000.0,3000.0,3000.0,3000.0,3000.0,3000.0,3000.0,3000.0,3000.0,3000.0,3000.0,3000.0,1333.3333333333335,870.2715262215193,709.451848317275,666.666666666667,1333.3333333333335,870.2715262215193,709.451848317275,666.666666666667,1333.3333333333335,870.2715262215193,709.451848317275,666.666666666667,1333.3333333333335,870.2715262215193,709.451848317275,666.666666666667,666.666666666667,709.451848317275,3000.0,3000.0,666.666666666667,709.451848317275,3000.0,3000.0,666.666666666667,709.451848317275,3000.0,3000.0,666.666666666667,709.451848317275,3000.0,3000.0,3000.0,3000.0,3000.0,1333.3333333333342,3000.0,3000.0,3000.0,1333.3333333333342,3000.0,3000.0,3000.0,1333.3333333333342,3000.0,3000.0,3000.0,1333.3333333333342
12400,3000.0,3000.0,3000.0,3000.0,3000.0,3000.0,3000.0,3000.0,3000.0,3000.0,3000.0,3000.0,3000.0,3000.0,3000.0,3000.0,3000.0,3000.0,3000.0,3000.0,3000.0,3000.0,3000.0,3000.0,3000.0,3000.0,3000.0,3000.0,3000.0,3000.0,3000.0,3000.0,3000.0,3000.0,3000.0,3000.0,3000.0,3000.0,3000.0,3000.0,3000.0,3000.0,3000.0,3000.0,3000.0,3000.0,3000.0,3000.0,1379.9999999999995,900.731029639272,734.2826630083792,690.0,1379.9999999999995,900.731029639272,734.2826630083792,690.0,1379.9999999999995,900.731029639272,734.2826630083792,690.0,1379.9999999999995,900.731029639272,734.2826630083792,690.0,690.0,2543.3848762174293,3000.0,3000.0,690.0,2543.3848762174293,3000.0,3000.0,690.0,2543.3848762174293,3000.0,3000.0,690.0,2543.3848762174293,3000.0,3000.0,3000.0,3000.0,3000.0,1380.0000000000002,3000.0,3000.0,3000.0,1380.0000000000002,3000.0,3000.0,3000.0,1380.0000000000002,3000.0,3000.0,3000.0,1380.0000000000002
12467,3000.0,3000.0,3000.0,3000.0,3000.0,3000.0,3000.0,3000.0,3000.0,3000.0,3000.0,3000.0,3000.0,3000.0,3000.0,3000.0,3000.0,3000.0,3000.0,3000.0,3000.0,3000.0,3000.0,3000.0,3000.0,3000.0,3000.0,3000.0,3000.0,3000.0,3000.0,3000.0,3000.0,3000.0,3000.0,3000.0,3000.0,3000.0,3000.0,3000.0,3000.0,3000.0,3000.0,3000.0,3000.0,3000.0,3000.0,3000.0,1426.6666666666663,931.1905330570253,759.113477699484,713.3333333333334,1426.6666666666663,931.1905330570253,759.113477699484,713.3333333333334,1426.6666666666663,931.1905330570253,759.113477699484,713.3333333333334,1426.6666666666663,931.1905330570253,759.113477699484,713.3333333333334,713.3333333333334,2568.2156909085343,3000.0,3000.0,713.3333333333334,2568.2156909085343,3000.0,3000.0,713.3333333333334,2568.2156909085343,3000.0,3000.0,713.3333333333334,2568.2156909085343,3000.0,3000.0,3000.0,3000.0,3000.0,1426.666666666667,3000.0,3000.0,3000.0,1426.666666666667,3000.0,3000.0,3000.0,1426.666666666667,3000.0,3000.0,3000.0,1426.666666666667
12533,3000.0,3000.0,3000.0,3000.0,3000.0,3000.0,3000.0,3000.0,3000.0,3000.0,3000.0,3000.0,3000.0,3000.0,3000.0,3000.0,3000.0,3000.0,3000.0,3000.0,3000.0,3000.0,3000.0,3000.0,3000.0,3000.0,3000.0,3000.0,3000.0,3000.0,3000.0,3000.0,3000.0,3000.0,3000.0,3000.0,3000.0,3000.0,3000.0,3000.0,3000.0,3000.0,3000.0,3000.0,3000.0,3000.0,3000.0,3000.0,3000.0,961.650036474778,783.9442923905883,736.6666666666664,3000.0,961.650036474778,783.9442923905883,736.6666666666664,3000.0,961.650036474778,783.9442923905883,736.6666666666664,3000.0,961.650036474778,783.9442923905883,736.6666666666664,736.6666666666664,2593.0465055996387,3000.0,3000.0,736.6666666666664,2593.0465055996387,3000.0,3000.0,736.6666666666664,2593.0465055996387,3000.0,3000.0,736.6666666666664,2593.0465055996387,3000.0,3000.0,3000.0,3000.0,3000.0,3000.0,3000.0,3000.0,3000.0,3000.0,3000.0,3000.0,3000.0,3000.0,3000.0,3000.0,3000.0,3000.0
12600,3000.0,3000.0,3000.0,3000.0,3000.0,3000.0,3000.0,3000.0,3000.0,3000.0,3000.0,3000.0,3000.0,3000.0,3000.0,3000.0,3000.0,3000.0,3000.0,3000.0,3000.0,3000.0,3000.0,3000.0,3000.0,3000.0,3000.0,3000.0,3000.0,3000.0,3000.0,3000.0,3000.0,3000.0,3000.0,3000.0,3000.0,3000.0,3000.0,3000.0,3000.0,3000.0,3000.0,3000.0,3000.0,3000.0,3000.0,3000.0,3000.0,992.1095398925313,808.775107081693,759.9999999999998,3000.0,992.1095398925313,808.775107081693,759.9999999999998,3000.0,992.1095398925313,808.775107081693,759.9999999999998,3000.0,992.1095398925313,808.775107081693,759.9999999999998,759.9999999999998,2617.8773202907437,3000.0,3000.0,759.9999999999998,2617.8773202907437,3000.0,3000.0,759.9999999999998,2617.8773202907437,3000.0,3000.0,759.9999999999998,2617.8773202907437,3000.0,3000.0,3000.0,3000.0,3000.0,3000.0,3000.0,3000.0,3000.0,3000.0,3000.0,3000.0,3000.0,3000.0,3000.0,3000.0,3000.0,3000.0
12667,3000.0,3000.0,3000.0,3000.0,3000.0,3000.0,3000.0,3000.0,3000.0,3000.0,3000.0,3000.0,3000.0,3000.0,3000.0,3000.0,3000.0,3000.0,3000.0,3000.0,3000.0,3000.0,3000.0,3000.0,3000.0,3000.0,3000.0,3000.0,3000.0,3000.0,3000.0,3000.0,3000.0,3000.0,3000.0,3000.0,3000.0,3000.0,3000.0,3000.0,3000.0,3000.0,3000.0,3000.0,3000.0,3000.0,3000.0,3000.0,3000.0,1022.5690433102845,833.6059217727977,783.3333333333333,3000.0,1022.5690433102845,833.6059217727977,783.3333333333333,3000.0,1022.5690433102845,833.6059217727977,783.3333333333333,3000.0,1022.5690433102845,833.6059217727977,783.3333333333333,783.3333333333333,2642.7081349818486,3000.0,3000.0,783.3333333333333,2642.7081349818486,3000.0,3000.0,783.3333333333333,2642.7081349818486,3000.0,3000.0,783.3333333333333,2642.7081349818486,3000.0,3000.0,3000.0,3000.0,3000.0,3000.0,3000.0,3000.0,3000.0,3000.0,3000.0,3000.0,3000.0,3000.0,3000.0,3000.0,3000.0,3000.0
12733,3000.0,3000.0,3000.0,3000.0,3000.0,3000.0,3000.0,3000.0,3000.0,3000.0,3000.0,3000.0,3000.0,3000.0,3000.0,3000.0,3000.0,3000.0,3000.0,3000.0,3000.0,3000.0,3000.0,3000.0,3000.0,3000.0,3000.0,3000.0,3000.0,3000.0,3000.0,3000.0,3000.0,3000.0,3000.0,3000.0,3000.0,3000.0,3000.0,3000.0,3000.0,3000.0,3000.0,3000.0,3000.0,3000.0,3000.0,3000.0,3000.0,1053.028546728037,858.436736463902,806.6666666666662,3000.0,1053.028546728037,858.436736463902,806.6666666666662,3000.0,1053.028546728037,858.436736463902,806.6666666666662,3000.0,1053.028546728037,858.436736463902,806.6666666666662,806.6666666666662,2667.538949672952,3000.0,3000.0,806.6666666666662,2667.538949672952,3000.0,3000.0,806.6666666666662,2667.538949672952,3000.0,3000.0,806.6666666666662,2667.538949672952,3000.0,3000.0,3000.0,3000.0,3000.0,3000.0,3000.0,3000.0,3000.0,3000.0,3000.0,3000.0,3000.0,3000.0,3000.0,3000.0,3000.0,3000.0
12800,3000.0,3000.0,3000.0,3000.0,3000.0,3000.0,3000.0,3000.0,3000.0,3000.0,3000.0,3000.0,3000.0,3000.0,3000.0,3000.0,3000.0,3000.0,3000.0,3000.0,3000.0,3000.0,3000.0,3000.0,3000.0,3000.0,3000.0,3000.0,3000.0,3000.0,3000.0,3000.0,3000.0,3000.0,3000.0,3000.0,3000.0,3000.0,3000.0,3000.0,3000.0,3000.0,3000.0,3000.0,3000.0,3000.0,3000.0,3000.0,3000.0,1083.488050145791,883.2675511550071,830.0000000000001,3000.0,1083.488050145791,883.2675511550071,830.0000000000001,3000.0,1083.488050145791,883.2675511550071,830.0000000000001,3000.0,1083.488050145791,883.2675511550071,830.0000000000001,830.0000000000001,2692.369764364058,3000.0,3000.0,830.0000000000001,2692.369764364058,3000.0,3000.0,830.0000000000001,2692.369764364058,3000.0,3000.0,830.0000000000001,2692.369764364058,3000.0,3000.0,3000.0,3000.0,3000.0,3000.0,3000.0,3000.0,3000.0,3000.0,3000.0,3000.0,3000.0,3000.0,3000.0,3000.0,3000.0,3000.0
12867,3000.0,3000.0,3000.0,3000.0,3000.0,3000.0,3000.0,3000.0,3000.0,3000.0,3000.0,3000.0,3000.0,3000.0,3000.0,3000.0,3000.0,3000.0,3000.0,3000.0,3000.0,3000.0,3000.0,3000.0,3000.0,3000.0,3000.0,3000.0,3000.0,3000.0,3000.0,3000.0,3000.0,3000.0,3000.0,3000.0,3000.0,3000.0,3000.0,3000.0,3000.0,3000.0,3000.0,3000.0,3000.0,3000.0,3000.0,3000.0,3000.0,1113.9475535635443,908.0983658461118,853.3333333333335,3000.0,1113.9475535635443,908.0983658461118,853.3333333333335,3000.0,1113.9475535635443,908.0983658461118,853.3333333333335,3000.0,1113.9475535635443,908.0983658461118,853.3333333333335,853.3333333333335,2717.2005790551625,3000.0,3000.0,853.3333333333335,2717.2005790551625,3000.0,3000.0,853.3333333333335,2717.2005790551625,3000.0,3000.0,853.3333333333335,2717.2005790551625,3000.0,3000.0,3000.0,3000.0,3000.0,3000.0,3000.0,3000.0,3000.0,3000.0,3000.0,3000.0,3000.0,3000.0,3000.0,3000.0,3000.0,3000.0
12933,3000.0,3000.0,3000.0,3000.0,3000.0,3000.0,3000.0,3000.0,3000.0,3000.0,3000.0,3000.0,3000.0,3000.0,3000.0,3000.0,3000.0,3000.0,3000.0,3000.0,3000.0,3000.0,3000.0,3000.0,3000.0,3000.0,3000.0,3000.0,3000.0,3000.0,3000.0,3000.0,3000.0,3000.0,3000.0,3000.0,3000.0,3000.0,3000.0,3000.0,3000.0,3000.0,3000.0,3000.0,3000.0,3000.0,3000.0,3000.0,3000.0,1144.4070569812977,932.9291805372166,876.666666666667,3000.0,1144.4070569812977,932.9291805372166,876.666666666667,3000.0,1144.4070569812977,932.9291805372166,876.666666666667,3000.0,1144.4070569812977,932.9291805372166,876.666666666667,876.666666666667,2742.0313937462674,3000.0,3000.0,876.666666666667,2742.0313937462674,3000.0,3000.0,876.666666666667,2742.0313937462674,3000.0,3000.0,876.666666666667,2742.0313937462674,3000.0,3000.0,3000.0,3000.0,3000.0,3000.0,3000.0,3000.0,3000.0,3000.0,3000.0,3000.0,3000.0,3000.0,3000.0,3000.0,3000.0,3000.0
13000,3000.0,3000.0,3000.0,3000.0,3000.0,3000.0,3000.0,3000.0,3000.0,3000.0,3000.0,3000.0,3000.0,3000.0,3000.0,3000.0,3000.0,3000.0,3000.0,3000.0,3000.0,3000.0,3000.0,3000.0,3000.0,3000.0,3000.0,3000.0,3000.0,3000.0,3000.0,3000.0,3000.0,3000.0,3000.0,3000.0,3000.0,3000.0,3000.0,3000.0,3000.0,3000.0,3000.0,3000.0,3000.0,3000.0,3000.0,3000.0,3000.0,1174.8665603990505,957.7599952283208,899.9999999999999,3000.0,1174.8665603990505,957.7599952283208,899.9999999999999,3000.0,1174.8665603990505,957.7599952283208,899.9999999999999,3000.0,1174.8665603990505,957.7599952283208,899.9999999999999,899.9999999999999,2766.862208437371,3000.0,3000.0,899.9999999999999,2766.862208437371,3000.0,3000.0,899.9999999999999,2766.862208437371,3000.0,3000.0,899.9999999999999,2766.862208437371,3000.0,3000.0,3000.0,3000.0,3000.0,3000.0,3000.0,3000.0,3000.0,3000.0,3000.0,3000.0,3000.0,3000.0,3000.0,3000.0,3000.0,3000.0
13067,3000.0,3000.0,3000.0,3000.0,3000.0,3000.0,3000.0,3000.0,3000.0,3000.0,3000.0,3000.0,3000.0,3000.0,3000.0,3000.0,3000.0,3000.0,3000.0,3000.0,3000.0,3000.0,3000.0,3000.0,3000.0,3000.0,3000.0,3000.0,3000.0,3000.0,3000.0,3000.0,3000.0,3000.0,3000.0,3000.0,3000.0,3000.0,3000.0,3000.0,3000.0,3000.0,3000.0,3000.0,3000.0,3000.0,3000.0,3000.0,3000.0,1205.326063816803,982.590809919425,923.3333333333329,3000.0,1205.326063816803,982.590809919425,923.3333333333329,3000.0,1205.326063816803,982.590809919425,923.3333333333329,3000.0,1205.326063816803,982.590809919425,923.3333333333329,923.3333333333329,2791.6930231284755,3000.0,3000.0,923.3333333333329,2791.6930231284755,3000.0,3000.0,923.3333333333329,2791.6930231284755,3000.0,3000.0,923.3333333333329,2791.6930231284755,3000.0,3000.0,3000.0,3000.0,3000.0,3000.0,3000.0,3000.0,3000.0,3000.0,3000.0,3000.0,3000.0,3000.0,3000.0,3000.0,3000.0,3000.0
13133,3000.0,3000.0,3000.0,3000.0,3000.0,3000.0,3000.0,3000.0,3000.0,3000.0,3000.0,3000.0,3000.0,3000.0,3000.0,3000.0,3000.0,3000.0,3000.0,3000.0,3000.0,3000.0,3000.0,3000.0,3000.0,3000.0,3000.0,3000.0,3000.0,3000.0,3000.0,3000.0,3000.0,3000.0,3000.0,3000.0,3000.0,3000.0,3000.0,3000.0,3000.0,3000.0,3000.0,3000.0,3000.0,3000.0,3000.0,3000.0,3000.0,1235.7855672345563,1007.4216246105296,946.6666666666663,3000.0,1235.7855672345563,1007.4216246105296,946.6666666666663,3000.0,1235.7855672345563,1007.4216246105296,946.6666666666663,3000.0,1235.7855672345563,1007.4216246105296,946.6666666666663,946.6666666666663,2816.5238378195804,3000.0,3000.0,946.6666666666663,2816.5238378195804,3000.0,3000.0,946.6666666666663,2816.5238378195804,3000.0,3000.0,946.6666666666663,2816.5238378195804,3000.0,3000.0,3000.0,3000.0,3000.0,3000.0,3000.0,3000.0,3000.0,3000.0,3000.0,3000.0,3000.0,3000.0,3000.0,3000.0,3000.0,3000.0
13200,3000.0,3000.0,3000.0,3000.0,3000.0,3000.0,3000.0,3000.0,3000.0,3000.0,3000.0,3000.0,3000.0,3000.0,3000.0,3000.0,3000.0,3000.0,3000.0,3000.0,3000.0,3000.0,3000.0,3000.0,3000.0,3000.0,3000.0,3000.0,3000.0,3000.0,3000.0,3000.0,3000.0,3000.0,3000.0,3000.0,3000.0,3000.0,3000.0,3000.0,3000.0,3000.0,3000.0,3000.0,3000.0,3000.0,3000.0,3000.0,3000.0,1266.2450706523096,1032.2524393016345,969.9999999999998,3000.0,1266.2450706523096,1032.2524393016345,969.9999999999998,3000.0,1266.2450706523096,1032.2524393016345,969.9999999999998,3000.0,1266.2450706523096,1032.2524393016345,969.9999999999998,969.9999999999998,2841.3546525106854,3000.0,3000.0,969.9999999999998,2841.3546525106854,3000.0,3000.0,969.9999999999998,2841.3546525106854,3000.0,3000.0,969.9999999999998,2841.3546525106854,3000.0,3000.0,3000.0,3000.0,3000.0,3000.0,3000.0,3000.0,3000.0,3000.0,3000.0,3000.0,3000.0,3000.0,3000.0,3000.0,3000.0,3000.0
13267,3000.0,3000.0,3000.0,3000.0,3000.0,3000.0,3000.0,3000.0,3000.0,3000.0,3000.0,3000.0,3000.0,3000.0,3000.0,3000.0,3000.0,3000.0,3000.0,3000.0,3000.0,3000.0,3000.0,3000.0,3000.0,3000.0,3000.0,3000.0,3000.0,3000.0,3000.0,3000.0,3000.0,3000.0,3000.0,3000.0,3000.0,3000.0,3000.0,3000.0,3000.0,3000.0,3000.0,3000.0,3000.0,3000.0,3000.0,3000.0,3000.0,1296.7045740700635,1057.0832539927396,993.3333333333336,3000.0,1296.7045740700635,1057.0832539927396,993.3333333333336,3000.0,1296.7045740700635,1057.0832539927396,993.3333333333336,3000.0,1296.7045740700635,1057.0832539927396,993.3333333333336,993.3333333333336,2866.18546720179,3000.0,3000.0,993.3333333333336,2866.18546720179,3000.0,3000.0,993.3333333333336,2866.18546720179,3000.0,3000.0,993.3333333333336,2866.18546720179,3000.0,3000.0,3000.0,3000.0,3000.0,3000.0,3000.0,3000.0,3000.0,3000.0,3000.0,3000.0,3000.0,3000.0,3000.0,3000.0,3000.0,3000.0
13333,3000.0,3000.0,3000.0,3000.0,3000.0,3000.0,3000.0,3000.0,3000.0,3000.0,3000.0,3000.0,3000.0,3000.0,3000.0,3000.0,3000.0,3000.0,3000.0,3000.0,3000.0,3000.0,3000.0,3000.0,3000.0,3000.0,3000.0,3000.0,3000.0,3000.0,3000.0,3000.0,3000.0,3000.0,3000.0,3000.0,3000.0,3000.0,3000.0,3000.0,3000.0,3000.0,3000.0,3000.0,3000.0,3000.0,3000.0,3000.0,3000.0,1327.1640774878163,1081.9140686838439,1016.6666666666666,3000.0,1327.1640774878163,1081.9140686838439,1016.6666666666666,3000.0,1327.1640774878163,1081.9140686838439,1016.6666666666666,3000.0,1327.1640774878163,1081.9140686838439,1016.6666666666666,1016.6666666666666,2891.0162818928948,3000.0,3000.0,1016.6666666666666,2891.0162818928948,3000.0,3000.0,1016.6666666666666,2891.0162818928948,3000.0,3000.0,1016.6666666666666,2891.0162818928948,3000.0,3000.0,3000.0,3000.0,3000.0,3000.0,3000.0,3000.0,3000.0,3000.0,3000.0,3000.0,3000.0,3000.0,3000.0,3000.0,3000.0,3000.0
13400,3000.0,3000.0,3000.0,3000.0,3000.0,3000.0,3000.0,3000.0,3000.0,3000.0,3000.0,3000.0,3000.0,3000.0,3000.0,3000.0,3000.0,3000.0,3000.0,3000.0,3000.0,3000.0,3000.0,3000.0,3000.0,3000.0,3000.0,3000.0,3000.0,3000.0,3000.0,3000.0,3000.0,3000.0,3000.0,3000.0,3000.0,3000.0,3000.0,3000.0,3000.0,3000.0,3000.0,3000.0,3000.0,3000.0,3000.0,3000.0,3000.0,1357.6235809055695,1106.7448833749486,1040.0,3000.0,1357.6235809055695,1106.7448833749486,1040.0,3000.0,1357.6235809055695,1106.7448833749486,1040.0,3000.0,1357.6235809055695,1106.7448833749486,1040.0,1040.0,2915.8470965839992,3000.0,3000.0,1040.0,2915.8470965839992,3000.0,3000.0,1040.0,2915.8470965839992,3000.0,3000.0,1040.0,2915.8470965839992,3000.0,3000.0,3000.0,3000.0,3000.0,3000.0,3000.0,3000.0,3000.0,3000.0,3000.0,3000.0,3000.0,3000.0,3000.0,3000.0,3000.0,3000.0
13467,3000.0,3000.0,3000.0,3000.0,3000.0,3000.0,3000.0,3000.0,3000.0,3000.0,3000.0,3000.0,3000.0,3000.0,3000.0,3000.0,3000.0,3000.0,3000.0,3000.0,3000.0,3000.0,3000.0,3000.0,3000.0,3000.0,3000.0,3000.0,3000.0,3000.0,3000.0,3000.0,3000.0,3000.0,3000.0,3000.0,3000.0,3000.0,3000.0,3000.0,3000.0,3000.0,3000.0,3000.0,3000.0,3000.0,3000.0,3000.0,3000.0,1388.0830843233227,1131.5756980660533,1063.3333333333335,3000.0,1388.0830843233227,1131.5756980660533,1063.3333333333335,3000.0,1388.0830843233227,1131.5756980660533,1063.3333333333335,3000.0,1388.0830843233227,1131.5756980660533,1063.3333333333335,1063.3333333333335,2940.677911275104,3000.0,3000.0,1063.3333333333335,2940.677911275104,3000.0,3000.0,1063.3333333333335,2940.677911275104,3000.0,3000.0,1063.3333333333335,2940.677911275104,3000.0,3000.0,3000.0,3000.0,3000.0,3000.0,3000.0,3000.0,3000.0,3000.0,3000.0,3000.0,3000.0,3000.0,3000.0,3000.0,3000.0,3000.0
13533,3000.0,3000.0,3000.0,3000.0,3000.0,3000.0,3000.0,3000.0,3000.0,3000.0,3000.0,3000.0,3000.0,3000.0,3000.0,3000.0,3000.0,3000.0,3000.0,3000.0,3000.0,3000.0,3000.0,3000.0,3000.0,3000.0,3000.0,3000.0,3000.0,3000.0,3000.0,3000.0,3000.0,3000.0,3000.0,3000.0,3000.0,3000.0,3000.0,3000.0,3000.0,3000.0,3000.0,3000.0,3000.0,3000.0,3000.0,3000.0,3000.0,1418.5425877410755,1156.4065127571578,1086.6666666666665,3000.0,1418.5425877410755,1156.4065127571578,1086.6666666666665,3000.0,1418.5425877410755,1156.4065127571578,1086.6666666666665,3000.0,1418.5425877410755,1156.4065127571578,1086.6666666666665,1086.6666666666665,2965.5087259662077,3000.0,3000.0,1086.6666666666665,2965.5087259662077,3000.0,3000.0,1086.6666666666665,2965.5087259662077,3000.0,3000.0,1086.6666666666665,2965.5087259662077,3000.0,3000.0,3000.0,3000.0,3000.0,3000.0,3000.0,3000.0,3000.0,3000.0,3000.0,3000.0,3000.0,3000.0,3000.0,3000.0,3000.0,3000.0
13600,3000.0,3000.0,3000.0,3000.0,3000.0,3000.0,3000.0,3000.0,3000.0,3000.0,3000.0,3000.0,3000.0,3000.0,3000.0,3000.0,3000.0,3000.0,3000.0,3000.0,3000.0,3000.0,3000.0,3000.0,3000.0,3000.0,3000.0,3000.0,3000.0,3000.0,3000.0,3000.0,3000.0,3000.0,3000.0,3000.0,3000.0,3000.0,3000.0,3000.0,3000.0,3000.0,3000.0,3000.0,3000.0,3000.0,3000.0,3000.0,3000.0,1449.0020911588288,1181.2373274482625,1109.9999999999998,3000.0,1449.0020911588288,1181.2373274482625,1109.9999999999998,3000.0,1449.0020911588288,1181.2373274482625,1109.9999999999998,3000.0,1449.0020911588288,1181.2373274482625,1109.9999999999998,1109.9999999999998,2990.3395406573127,3000.0,3000.0,1109.9999999999998,2990.3395406573127,3000.0,3000.0,1109.9999999999998,2990.3395406573127,3000.0,3000.0,1109.9999999999998,2990.3395406573127,3000.0,3000.0,3000.0,3000.0,3000.0,3000.0,3000.0,3000.0,3000.0,3000.0,3000.0,3000.0,3000.0,3000.0,3000.0,3000.0,3000.0,3000.0
13667,3000.0,3000.0,3000.0,3000.0,3000.0,3000.0,3000.0,3000.0,3000.0,3000.0,3000.0,3000.0,3000.0,3000.0,3000.0,3000.0,3000.0,3000.0,3000.0,3000.0,3000.0,3000.0,3000.0,3000.0,3000.0,3000.0,3000.0,3000.0,3000.0,3000.0,3000.0,3000.0,3000.0,3000.0,3000.0,3000.0,3000.0,3000.0,3000.0,3000.0,3000.0,3000.0,3000.0,3000.0,3000.0,3000.0,3000.0,3000.0,3000.0,1479.4615945765815,1206.0681421393667,1133.3333333333328,3000.0,1479.4615945765815,1206.0681421393667,1133.3333333333328,3000.0,1479.4615945765815,1206.0681421393667,1133.3333333333328,3000.0,1479.4615945765815,1206.0681421393667,1133.3333333333328,1133.3333333333328,3000.0,3000.0,3000.0,1133.3333333333328,3000.0,3000.0,3000.0,1133.3333333333328,3000.0,3000.0,3000.0,1133.3333333333328,3000.0,3000.0,3000.0,3000.0,3000.0,3000.0,3000.0,3000.0,3000.0,3000.0,3000.0,3000.0,3000.0,3000.0,3000.0,3000.0,3000.0,3000.0,3000.0
13733,3000.0,3000.0,3000.0,3000.0,3000.0,3000.0,3000.0,3000.0,3000.0,3000.0,3000.0,3000.0,3000.0,3000.0,3000.0,3000.0,3000.0,3000.0,3000.0,3000.0,3000.0,3000.0,3000.0,3000.0,3000.0,3000.0,3000.0,3000.0,3000.0,3000.0,3000.0,3000.0,3000.0,3000.0,3000.0,3000.0,3000.0,3000.0,3000.0,3000.0,3000.0,3000.0,3000.0,3000.0,3000.0,3000.0,3000.0,3000.0,3000.0,1509.9210979943348,1230.8989568304714,1156.6666666666663,3000.0,1509.9210979943348,1230.8989568304714,1156.6666666666663,3000.0,1509.9210979943348,1230.8989568304714,1156.6666666666663,3000.0,1509.9210979943348,1230.8989568304714,1156.6666666666663,1156.6666666666663,3000.0,3000.0,3000.0,1156.6666666666663,3000.0,3000.0,3000.0,1156.6666666666663,3000.0,3000.0,3000.0,1156.6666666666663,3000.0,3000.0,3000.0,3000.0,3000.0,3000.0,3000.0,3000.0,3000.0,3000.0,3000.0,3000.0,3000.0,3000.0,3000.0,3000.0,3000.0,3000.0,3000.0
13800,3000.0,3000.0,3000.0,3000.0,3000.0,3000.0,3000.0,3000.0,3000.0,3000.0,3000.0,3000.0,3000.0,3000.0,3000.0,3000.0,3000.0,3000.0,3000.0,3000.0,3000.0,3000.0,3000.0,3000.0,3000.0,3000.0,3000.0,3000.0,3000.0,3000.0,3000.0,3000.0,3000.0,3000.0,3000.0,3000.0,3000.0,3000.0,3000.0,3000.0,3000.0,3000.0,3000.0,3000.0,3000.0,3000.0,3000.0,3000.0,3000.0,1540.3806014120887,1255.7297715215766,1180.0000000000002,3000.0,1540.3806014120887,1255.7297715215766,1180.0000000000002,3000.0,1540.3806014120887,1255.7297715215766,1180.0000000000002,3000.0,1540.3806014120887,1255.7297715215766,1180.0000000000002,1180.0000000000002,3000.0,3000.0,3000.0,1180.0000000000002,3000.0,3000.0,3000.0,1180.0000000000002,3000.0,3000.0,3000.0,1180.0000000000002,3000.0,3000.0,3000.0,3000.0,3000.0,3000.0,3000.0,3000.0,3000.0,3000.0,3000.0,3000.0,3000.0,3000.0,3000.0,3000.0,3000.0,3000.0,3000.0
13867,3000.0,3000.0,3000.0,3000.0,3000.0,3000.0,3000.0,3000.0,3000.0,3000.0,3000.0,3000.0,3000.0,3000.0,3000.0,3000.0,3000.0,3000.0,3000.0,3000.0,3000.0,3000.0,3000.0,3000.0,3000.0,3000.0,3000.0,3000.0,3000.0,3000.0,3000.0,3000.0,3000.0,3000.0,3000.0,3000.0,3000.0,3000.0,3000.0,3000.0,3000.0,3000.0,3000.0,3000.0,3000.0,3000.0,3000.0,3000.0,3000.0,1570.8401048298413,1280.5605862126808,1203.333333333333,3000.0,1570.8401048298413,1280.5605862126808,1203.333333333333,3000.0,1570.8401048298413,1280.5605862126808,1203.333333333333,3000.0,1570.8401048298413,1280.5605862126808,1203.333333333333,1203.333333333333,3000.0,3000.0,3000.0,1203.333333333333,3000.0,3000.0,3000.0,1203.333333333333,3000.0,3000.0,3000.0,1203.333333333333,3000.0,3000.0,3000.0,3000.0,3000.0,3000.0,3000.0,3000.0,3000.0,3000.0,3000.0,3000.0,3000.0,3000.0,3000.0,3000.0,3000.0,3000.0,3000.0
13933,3000.0,3000.0,3000.0,3000.0,3000.0,3000.0,3000.0,3000.0,3000.0,3000.0,3000.0,3000.0,3000.0,3000.0,3000.0,3000.0,3000.0,3000.0,3000.0,3000.0,3000.0,3000.0,3000.0,3000.0,3000.0,3000.0,3000.0,3000.0,3000.0,3000.0,3000.0,3000.0,3000.0,3000.0,3000.0,3000.0,3000.0,3000.0,3000.0,3000.0,3000.0,3000.0,3000.0,3000.0,3000.0,3000.0,3000.0,3000.0,3000.0,1601.2996082475945,1305.3914009037856,1226.6666666666665,3000.0,1601.2996082475945,1305.3914009037856,1226.6666666666665,3000.0,1601.2996082475945,1305.3914009037856,1226.6666666666665,3000.0,1601.2996082475945,1305.3914009037856,1226.6666666666665,1226.6666666666665,3000.0,3000.0,3000.0,1226.6666666666665,3000.0,3000.0,3000.0,1226.6666666666665,3000.0,3000.0,3000.0,1226.6666666666665,3000.0,3000.0,3000.0,3000.0,3000.0,3000.0,3000.0,3000.0,3000.0,3000.0,3000.0,3000.0,3000.0,3000.0,3000.0,3000.0,3000.0,3000.0,3000.0
14000,3000.0,3000.0,3000.0,3000.0,3000.0,3000.0,3000.0,3000.0,3000.0,3000.0,3000.0,3000.0,3000.0,3000.0,3000.0,3000.0,3000.0,3000.0,3000.0,3000.0,3000.0,3000.0,3000.0,3000.0,3000.0,3000.0,3000.0,3000.0,3000.0,3000.0,3000.0,3000.0,3000.0,3000.0,3000.0,3000.0,3000.0,3000.0,3000.0,3000.0,3000.0,3000.0,3000.0,3000.0,3000.0,3000.0,3000.0,3000.0,3000.0,1631.7591116653477,1330.2222155948903,1250.0,3000.0,1631.7591116653477,1330.2222155948903,1250.0,3000.0,1631.7591116653477,1330.2222155948903,1250.0,3000.0,1631.7591116653477,1330.2222155948903,1250.0,1250.0,3000.0,3000.0,3000.0,1250.0,3000.0,3000.0,3000.0,1250.0,3000.0,3000.0,3000.0,1250.0,3000.0,3000.0,3000.0,3000.0,3000.0,3000.0,3000.0,3000.0,3000.0,3000.0,3000.0,3000.0,3000.0,3000.0,3000.0,3000.0,3000.0,3000.0,3000.0
14067,3000.0,3000.0,3000.0,3000.0,3000.0,3000.0,3000.0,3000.0,3000.0,3000.0,3000.0,3000.0,3000.0,3000.0,3000.0,3000.0,3000.0,3000.0,3000.0,3000.0,3000.0,3000.0,3000.0,3000.0,3000.0,3000.0,3000.0,3000.0,3000.0,3000.0,3000.0,3000.0,3000.0,3000.0,3000.0,3000.0,3000.0,3000.0,3000.0,3000.0,3000.0,3000.0,3000.0,3000.0,3000.0,3000.0,3000.0,3000.0,3000.0,1662.218615083101,1355.053030285995,1273.3333333333335,3000.0,1662.218615083101,1355.053030285995,1273.3333333333335,3000.0,1662.218615083101,1355.053030285995,1273.3333333333335,3000.0,1662.218615083101,1355.053030285995,1273.3333333333335,1273.3333333333335,3000.0,3000.0,3000.0,1273.3333333333335,3000.0,3000.0,3000.0,1273.3333333333335,3000.0,3000.0,3000.0,1273.3333333333335,3000.0,3000.0,3000.0,3000.0,3000.0,3000.0,3000.0,3000.0,3000.0,3000.0,3000.0,3000.0,3000.0,3000.0,3000.0,3000.0,3000.0,3000.0,3000.0
14133,3000.0,3000.0,3000.0,3000.0,3000.0,3000.0,3000.0,3000.0,3000.0,3000.0,3000.0,3000.0,3000.0,3000.0,3000.0,3000.0,3000.0,3000.0,3000.0,3000.0,3000.0,3000.0,3000.0,3000.0,3000.0,3000.0,3000.0,3000.0,3000.0,3000.0,3000.0,3000.0,3000.0,3000.0,3000.0,3000.0,3000.0,3000.0,3000.0,3000.0,3000.0,3000.0,3000.0,3000.0,3000.0,3000.0,3000.0,3000.0,3000.0,1692.678118500854,1379.8838449770992,1296.6666666666665,3000.0,1692.678118500854,1379.8838449770992,1296.6666666666665,3000.0,1692.678118500854,1379.8838449770992,1296.6666666666665,3000.0,1692.678118500854,1379.8838449770992,1296.6666666666665,1296.6666666666665,3000.0,3000.0,3000.0,1296.6666666666665,3000.0,3000.0,3000.0,1296.6666666666665,3000.0,3000.0,3000.0,1296.6666666666665,3000.0,3000.0,3000.0,3000.0,3000.0,3000.0,3000.0,3000.0,3000.0,3000.0,3000.0,3000.0,3000.0,3000.0,3000.0,3000.0,3000.0,3000.0,3000.0
14200,3000.0,3000.0,3000.0,3000.0,3000.0,3000.0,3000.0,3000.0,3000.0,3000.0,3000.0,3000.0,3000.0,3000.0,3000.0,3000.0,3000.0,3000.0,3000.0,3000.0,3000.0,3000.0,3000.0,3000.0,3000.0,3000.0,3000.0,3000.0,3000.0,3000.0,3000.0,3000.0,3000.0,3000.0,3000.0,3000.0,3000.0,3000.0,3000.0,3000.0,3000.0,3000.0,3000.0,3000.0,3000.0,3000.0,3000.0,3000.0,3000.0,1723.1376219186066,1404.7146596682035,1319.9999999999993,3000.0,1723.1376219186066,1404.7146596682035,1319.9999999999993,3000.0,1723.1376219186066,1404.7146596682035,1319.9999999999993,3000.0,1723.1376219186066,1404.7146596682035,1319.9999999999993,1319.9999999999993,3000.0,3000.0,3000.0,1319.9999999999993,3000.0,3000.0,3000.0,1319.9999999999993,3000.0,3000.0,3000.0,1319.9999999999993,3000.0,3000.0,3000.0,3000.0,3000.0,3000.0,3000.0,3000.0,3000.0,3000.0,3000.0,3000.0,3000.0,3000.0,3000.0,3000.0,3000.0,3000.0,3000.0
14267,3000.0,3000.0,3000.0,3000.0,3000.0,3000.0,3000.0,3000.0,3000.0,3000.0,3000.0,3000.0,3000.0,3000.0,3000.0,3000.0,3000.0,3000.0,3000.0,3000.0,3000.0,3000.0,3000.0,3000.0,3000.0,3000.0,3000.0,3000.0,3000.0,3000.0,3000.0,3000.0,3000.0,3000.0,3000.0,3000.0,3000.0,3000.0,3000.0,3000.0,3000.0,3000.0,3000.0,3000.0,3000.0,3000.0,3000.0,3000.0,3000.0,1753.5971253363612,1429.545474359309,1343.3333333333337,3000.0,1753.5971253363612,1429.545474359309,1343.3333333333337,3000.0,1753.5971253363612,1429.545474359309,1343.3333333333337,3000.0,1753.5971253363612,1429.545474359309,1343.3333333333337,1343.3333333333337,3000.0,3000.0,3000.0,1343.3333333333337,3000.0,3000.0,3000.0,1343.3333333333337,3000.0,3000.0,3000.0,1343.3333333333337,3000.0,3000.0,3000.0,3000.0,3000.0,3000.0,3000.0,3000.0,3000.0,3000.0,3000.0,3000.0,3000.0,3000.0,3000.0,3000.0,3000.0,3000.0,3000.0
14333,3000.0,3000.0,3000.0,3000.0,3000.0,3000.0,3000.0,3000.0,3000.0,3000.0,3000.0,3000.0,3000.0,3000.0,3000.0,3000.0,3000.0,3000.0,3000.0,3000.0,3000.0,3000.0,3000.0,3000.0,3000.0,3000.0,3000.0,3000.0,3000.0,3000.0,3000.0,3000.0,3000.0,3000.0,3000.0,3000.0,3000.0,3000.0,3000.0,3000.0,3000.0,3000.0,3000.0,3000.0,3000.0,3000.0,3000.0,3000.0,3000.0,1784.0566287541135,1454.376289050413,1366.6666666666665,3000.0,1784.0566287541135,1454.376289050413,1366.6666666666665,3000.0,1784.0566287541135,1454.376289050413,1366.6666666666665,3000.0,1784.0566287541135,1454.376289050413,1366.6666666666665,1366.6666666666665,3000.0,3000.0,3000.0,1366.6666666666665,3000.0,3000.0,3000.0,1366.6666666666665,3000.0,3000.0,3000.0,1366.6666666666665,3000.0,3000.0,3000.0,3000.0,3000.0,3000.0,3000.0,3000.0,3000.0,3000.0,3000.0,3000.0,3000.0,3000.0,3000.0,3000.0,3000.0,3000.0,3000.0
14400,3000.0,3000.0,3000.0,3000.0,3000.0,3000.0,3000.0,3000.0,3000.0,3000.0,3000.0,3000.0,3000.0,3000.0,3000.0,3000.0,3000.0,3000.0,3000.0,3000.0,3000.0,3000.0,3000.0,3000.0,3000.0,3000.0,3000.0,3000.0,3000.0,3000.0,3000.0,3000.0,3000.0,3000.0,3000.0,3000.0,3000.0,3000.0,3000.0,3000.0,3000.0,3000.0,3000.0,3000.0,3000.0,3000.0,3000.0,3000.0,3000.0,1814.5161321718663,1479.2071037415176,1389.9999999999998,3000.0,1814.5161321718663,1479.2071037415176,1389.9999999999998,3000.0,1814.5161321718663,1479.2071037415176,1389.9999999999998,3000.0,1814.5161321718663,1479.2071037415176,1389.9999999999998,1389.9999999999998,3000.0,3000.0,3000.0,1389.9999999999998,3000.0,3000.0,3000.0,1389.9999999999998,3000.0,3000.0,3000.0,1389.9999999999998,3000.0,3000.0,3000.0,3000.0,3000.0,3000.0,3000.0,3000.0,3000.0,3000.0,3000.0,3000.0,3000.0,3000.0,3000.0,3000.0,3000.0,3000.0,3000.0
14467,3000.0,3000.0,3000.0,3000.0,3000.0,3000.0,3000.0,3000.0,3000.0,3000.0,3000.0,3000.0,3000.0,3000.0,3000.0,3000.0,3000.0,3000.0,3000.0,3000.0,3000.0,3000.0,3000.0,3000.0,3000.0,3000.0,3000.0,3000.0,3000.0,3000.0,3000.0,3000.0,3000.0,3000.0,3000.0,3000.0,3000.0,3000.0,3000.0,3000.0,3000.0,3000.0,3000.0,3000.0,3000.0,3000.0,3000.0,3000.0,3000.0,1844.9756355896197,1504.0379184326223,1413.333333333333,3000.0,1844.9756355896197,1504.0379184326223,1413.333333333333,3000.0,1844.9756355896197,1504.0379184326223,1413.333333333333,3000.0,1844.9756355896197,1504.0379184326223,1413.333333333333,1413.333333333333,3000.0,3000.0,3000.0,1413.333333333333,3000.0,3000.0,3000.0,1413.333333333333,3000.0,3000.0,3000.0,1413.333333333333,3000.0,3000.0,3000.0,3000.0,3000.0,3000.0,3000.0,3000.0,3000.0,3000.0,3000.0,3000.0,3000.0,3000.0,3000.0,3000.0,3000.0,3000.0,3000.0
14533,3000.0,3000.0,3000.0,3000.0,3000.0,3000.0,3000.0,3000.0,3000.0,3000.0,3000.0,3000.0,3000.0,3000.0,3000.0,3000.0,3000.0,3000.0,3000.0,3000.0,3000.0,3000.0,3000.0,3000.0,3000.0,3000.0,3000.0,3000.0,3000.0,3000.0,3000.0,3000.0,3000.0,3000.0,3000.0,3000.0,3000.0,3000.0,3000.0,3000.0,3000.0,3000.0,3000.0,3000.0,3000.0,3000.0,3000.0,3000.0,3000.0,1875.4351390073732,1528.868733123727,1436.6666666666665,3000.0,1875.4351390073732,1528.868733123727,1436.6666666666665,3000.0,1875.4351390073732,1528.868733123727,1436.6666666666665,3000.0,1875.4351390073732,1528.868733123727,1436.6666666666665,1436.6666666666665,3000.0,3000.0,3000.0,1436.6666666666665,3000.0,3000.0,3000.0,1436.6666666666665,3000.0,3000.0,3000.0,1436.6666666666665,3000.0,3000.0,3000.0,3000.0,3000.0,3000.0,3000.0,3000.0,3000.0,3000.0,3000.0,3000.0,3000.0,3000.0,3000.0,3000.0,3000.0,3000.0,3000.0
14600,3000.0,3000.0,3000.0,3000.0,3000.0,3000.0,3000.0,3000.0,3000.0,3000.0,3000.0,3000.0,3000.0,3000.0,3000.0,3000.0,3000.0,3000.0,3000.0,3000.0,3000.0,3000.0,3000.0,3000.0,3000.0,3000.0,3000.0,3000.0,3000.0,3000.0,3000.0,3000.0,3000.0,3000.0,3000.0,3000.0,3000.0,3000.0,3000.0,3000.0,3000.0,3000.0,3000.0,3000.0,3000.0,3000.0,3000.0,3000.0,3000.0,1905.8946424251264,1553.6995478148317,1460.0,3000.0,1905.8946424251264,1553.6995478148317,1460.0,3000.0,1905.8946424251264,1553.6995478148317,1460.0,3000.0,1905.8946424251264,1553.6995478148317,1460.0,1460.0,3000.0,3000.0,3000.0,1460.0,3000.0,3000.0,3000.0,1460.0,3000.0,3000.0,3000.0,1460.0,3000.0,3000.0,3000.0,3000.0,3000.0,3000.0,3000.0,3000.0,3000.0,3000.0,3000.0,3000.0,3000.0,3000.0,3000.0,3000.0,3000.0,3000.0,3000.0
14667,3000.0,3000.0,3000.0,3000.0,3000.0,3000.0,3000.0,3000.0,3000.0,3000.0,3000.0,3000.0,3000.0,3000.0,3000.0,3000.0,3000.0,3000.0,3000.0,3000.0,3000.0,3000.0,3000.0,3000.0,3000.0,3000.0,3000.0,3000.0,3000.0,3000.0,3000.0,3000.0,3000.0,3000.0,3000.0,3000.0,3000.0,3000.0,3000.0,3000.0,3000.0,3000.0,3000.0,3000.0,3000.0,3000.0,3000.0,3000.0,3000.0,1936.3541458428792,1578.530362505936,1483.3333333333333,3000.0,1936.3541458428792,1578.530362505936,1483.3333333333333,3000.0,1936.3541458428792,1578.530362505936,1483.3333333333333,3000.0,1936.3541458428792,1578.530362505936,1483.3333333333333,1483.3333333333333,3000.0,3000.0,3000.0,1483.3333333333333,3000.0,3000.0,3000.0,1483.3333333333333,3000.0,3000.0,3000.0,1483.3333333333333,3000.0,3000.0,3000.0,3000.0,3000.0,3000.0,3000.0,3000.0,3000.0,3000.0,3000.0,3000.0,3000.0,3000.0,3000.0,3000.0,3000.0,3000.0,3000.0
14733,3000.0,3000.0,3000.0,3000.0,3000.0,3000.0,3000.0,3000.0,3000.0,3000.0,3000.0,3000.0,3000.0,3000.0,3000.0,3000.0,3000.0,3000.0,3000.0,3000.0,3000.0,3000.0,3000.0,3000.0,3000.0,3000.0,3000.0,3000.0,3000.0,3000.0,3000.0,3000.0,3000.0,3000.0,3000.0,3000.0,3000.0,3000.0,3000.0,3000.0,3000.0,3000.0,3000.0,3000.0,3000.0,3000.0,3000.0,3000.0,3000.0,3000.0,1603.3611771970402,1506.6666666666658,3000.0,3000.0,1603.3611771970402,1506.6666666666658,3000.0,3000.0,1603.3611771970402,1506.6666666666658,3000.0,3000.0,1603.3611771970402,1506.6666666666658,1506.6666666666658,3000.0,3000.0,3000.0,1506.6666666666658,3000.0,3000.0,3000.0,1506.6666666666658,3000.0,3000.0,3000.0,1506.6666666666658,3000.0,3000.0,3000.0,3000.0,3000.0,3000.0,3000.0,3000.0,3000.0,3000.0,3000.0,3000.0,3000.0,3000.0,3000.0,3000.0,3000.0,3000.0,3000.0
14800,3000.0,3000.0,3000.0,3000.0,3000.0,3000.0,3000.0,3000.0,3000.0,3000.0,3000.0,3000.0,3000.0,3000.0,3000.0,3000.0,3000.0,3000.0,3000.0,3000.0,3000.0,3000.0,3000.0,3000.0,3000.0,3000.0,3000.0,3000.0,3000.0,3000.0,3000.0,3000.0,3000.0,3000.0,3000.0,3000.0,3000.0,3000.0,3000.0,3000.0,3000.0,3000.0,3000.0,3000.0,3000.0,3000.0,3000.0,3000.0,3000.0,3000.0,1628.1919918881458,1530.0000000000002,3000.0,3000.0,1628.1919918881458,1530.0000000000002,3000.0,3000.0,1628.1919918881458,1530.0000000000002,3000.0,3000.0,1628.1919918881458,1530.0000000000002,1530.0000000000002,3000.0,3000.0,3000.0,1530.0000000000002,3000.0,3000.0,3000.0,1530.0000000000002,3000.0,3000.0,3000.0,1530.0000000000002,3000.0,3000.0,3000.0,3000.0,3000.0,3000.0,3000.0,3000.0,3000.0,3000.0,3000.0,3000.0,3000.0,3000.0,3000.0,3000.0,3000.0,3000.0,3000.0
14867,3000.0,3000.0,3000.0,3000.0,3000.0,3000.0,3000.0,3000.0,3000.0,3000.0,3000.0,3000.0,3000.0,3000.0,3000.0,3000.0,3000.0,3000.0,3000.0,3000.0,3000.0,3000.0,3000.0,3000.0,3000.0,3000.0,3000.0,3000.0,3000.0,3000.0,3000.0,3000.0,3000.0,3000.0,3000.0,3000.0,3000.0,3000.0,3000.0,3000.0,3000.0,3000.0,3000.0,3000.0,3000.0,3000.0,3000.0,3000.0,3000.0,3000.0,1653.0228065792496,1553.3333333333328,3000.0,3000.0,1653.0228065792496,1553.3333333333328,3000.0,3000.0,1653.0228065792496,1553.3333333333328,3000.0,3000.0,1653.0228065792496,1553.3333333333328,1553.3333333333328,3000.0,3000.0,3000.0,1553.3333333333328,3000.0,3000.0,3000.0,1553.3333333333328,3000.0,3000.0,3000.0,1553.3333333333328,3000.0,3000.0,3000.0,3000.0,3000.0,3000.0,3000.0,3000.0,3000.0,3000.0,3000.0,3000.0,3000.0,3000.0,3000.0,3000.0,3000.0,3000.0,3000.0
14933,3000.0,3000.0,3000.0,3000.0,3000.0,3000.0,3000.0,3000.0,3000.0,3000.0,3000.0,3000.0,3000.0,3000.0,3000.0,3000.0,3000.0,3000.0,3000.0,3000.0,3000.0,3000.0,3000.0,3000.0,3000.0,3000.0,3000.0,3000.0,3000.0,3000.0,3000.0,3000.0,3000.0,3000.0,3000.0,3000.0,3000.0,3000.0,3000.0,3000.0,3000.0,3000.0,3000.0,3000.0,3000.0,3000.0,3000.0,3000.0,3000.0,3000.0,1677.8536212703543,1576.6666666666663,3000.0,3000.0,1677.8536212703543,1576.6666666666663,3000.0,3000.0,1677.8536212703543,1576.6666666666663,3000.0,3000.0,1677.8536212703543,1576.6666666666663,1576.6666666666663,3000.0,3000.0,3000.0,1576.6666666666663,3000.0,3000.0,3000.0,1576.6666666666663,3000.0,3000.0,3000.0,1576.6666666666663,3000.0,3000.0,3000.0,3000.0,3000.0,3000.0,3000.0,3000.0,3000.0,3000.0,3000.0,3000.0,3000.0,3000.0,3000.0,3000.0,3000.0,3000.0,3000.0
