time_ms,s1_c01,s1_c02,s1_c03,s1_c04,s1_c05,s1_c06,s1_c07,s1_c08,s1_c09,s1_c10,s1_c11,s1_c12,s1_c13,s1_c14,s1_c15,s1_c16,s1_c17,s1_c18,s1_c19,s1_c20,s1_c21,s1_c22,s1_c23,s1_c24,s1_c25,s1_c26,s1_c27,s1_c28,s1_c29,s1_c30,s1_c31,s1_c32,s1_c33,s1_c34,s1_c35,s1_c36,s1_c37,s1_c38,s1_c39,s1_c40,s1_c41,s1_c42,s1_c43,s1_c44,s1_c45,s1_c46,s1_c47,s1_c48,s1_c49,s1_c50,s1_c51,s1_c52,s1_c53,s1_c54,s1_c55,s1_c56,s1_c57,s1_c58,s1_c59,s1_c60,s1_c61,s1_c62,s1_c63,s1_c64,s2_c01,s2_c02,s2_c03,s2_c04,s2_c05,s2_c06,s2_c07,s2_c08,s2_c09,s2_c10,s2_c11,s2_c12,s2_c13,s2_c14,s2_c15,s2_c16,s2_c17,s2_c18,s2_c19,s2_c20,s2_c21,s2_c22,s2_c23,s2_c24,s2_c25,s2_c26,s2_c27,s2_c28,s2_c29,s2_c30,s2_c31,s2_c32,s2_c33,s2_c34,s2_c35,s2_c36,s2_c37,s2_c38,s2_c39,s2_c40,s2_c41,s2_c42,s2_c43,s2_c44,s2_c45,s2_c46,s2_c47,s2_c48,s2_c49,s2_c50,s2_c51,s2_c52,s2_c53,s2_c54,s2_c55,s2_c56,s2_c57,s2_c58,s2_c59,s2_c60,s2_c61,s2_c62,s2_c63,s2_c64,s3_c01,s3_c02,s3_c03,s3_c04,s3_c05,s3_c06,s3_c07,s3_c08,s3_c09,s3_c10,s3_c11,s3_c12,s3_c13,s3_c14,s3_c15,s3_c16,s3_c17,s3_c18,s3_c19,s3_c20,s3_c21,s3_c22,s3_c23,s3_c24,s3_c25,s3_c26,s3_c27,s3_c28,s3_c29,s3_c30,s3_c31,s3_c32,s3_c33,s3_c34,s3_c35,s3_c36,s3_c37,s3_c38,s3_c39,s3_c40,s3_c41,s3_c42,s3_c43,s3_c44,s3_c45,s3_c46,s3_c47,s3_c48,s3_c49,s3_c50,s3_c51,s3_c52,s3_c53,s3_c54,s3_c55,s3_c56,s3_c57,s3_c58,s3_c59,s3_c60,s3_c61,s3_c62,s3_c63,s3_c64,s4_c01,s4_c02,s4_c03,s4_c04,s4_c05,s4_c06,s4_c07,s4_c08,s4_c09,s4_c10,s4_c11,s4_c12,s4_c13,s4_c14,s4_c15,s4_c16,s4_c17,s4_c18,s4_c19,s4_c20,s4_c21,s4_c22,s4_c23,s4_c24,s4_c25,s4_c26,s4_c27,s4_c28,s4_c29,s4_c30,s4_c31,s4_c32,s4_c33,s4_c34,s4_c35,s4_c36,s4_c37,s4_c38,s4_c39,s4_c40,s4_c41,s4_c42,s4_c43,s4_c44,s4_c45,s4_c46,s4_c47,s4_c48,s4_c49,s4_c50,s4_c51,s4_c52,s4_c53,s4_c54,s4_c55,s4_c56,s4_c57,s4_c58,s4_c59,s4_c60,s4_c61,s4_c62,s4_c63,s4_c64,s5_c01,s5_c02,s5_c03,s5_c04,s5_c05,s5_c06,s5_c07,s5_c08,s5_c09,s5_c10,s5_c11,s5_c12,s5_c13,s5_c14,s5_c15,s5_c16,s5_c17,s5_c18,s5_c19,s5_c20,s5_c21,s5_c22,s5_c23,s5_c24,s5_c25,s5_c26,s5_c27,s5_c28,s5_c29,s5_c30,s5_c31,s5_c32,s5_c33,s5_c34,s5_c35,s5_c36,s5_c37,s5_c38,s5_c39,s5_c40,s5_c41,s5_c42,s5_c43,s5_c44,s5_c45,s5_c46,s5_c47,s5_c48,s5_c49,s5_c50,s5_c51,s5_c52,s5_c53,s5_c54,s5_c55,s5_c56,s5_c57,s5_c58,s5_c59,s5_c60,s5_c61,s5_c62,s5_c63,s5_c64,s6_c01,s6_c02,s6_c03,s6_c04,s6_c05,s6_c06,s6_c07,s6_c08,s6_c09,s6_c10,s6_c11,s6_c12,s6_c13,s6_c14,s6_c15,s6_c16,s6_c17,s6_c18,s6_c19,s6_c20,s6_c21,s6_c22,s6_c23,s6_c24,s6_c25,s6_c26,s6_c27,s6_c28,s6_c29,s6_c30,s6_c31,s6_c32,s6_c33,s6_c34,s6_c35,s6_c36,s6_c37,s6_c38,s6_c39,s6_c40,s6_c41,s6_c42,s6_c43,s6_c44,s6_c45,s6_c46,s6_c47,s6_c48,s6_c49,s6_c50,s6_c51,s6_c52,s6_c53,s6_c54,s6_c55,s6_c56,s6_c57,s6_c58,s6_c59,s6_c60,s6_c61,s6_c62,s6_c63,s6_c64
0,500.0,505.64766665775886,523.2463680134291,554.9581320873713,605.1519434123956,682.0799717104767,801.9377358048382,999.9999999999998,500.0,505.64766665775886,523.2463680134291,554.9581320873713,605.1519434123956,682.0799717104767,801.9377358048382,999.9999999999998,500.0,505.64766665775886,523.2463680134291,554.9581320873713,605.1519434123956,682.0799717104767,801.9377358048382,999.9999999999998,500.0,505.64766665775886,523.2463680134291,554.9581320873713,605.1519434123956,682.0799717104767,801.9377358048382,999.9999999999998,500.0,505.64766665775886,523.2463680134291,554.9581320873713,605.1519434123956,682.0799717104767,801.9377358048382,999.9999999999998,500.0,505.64766665775886,523.2463680134291,554.9581320873713,605.1519434123956,682.0799717104767,801.9377358048382,999.9999999999998,500.0,505.64766665775886,523.2463680134291,554.9581320873713,605.1519434123956,682.0799717104767,801.9377358048382,999.9999999999998,500.0,505.64766665775886,523.2463680134291,554.9581320873713,605.1519434123956,682.0799717104767,801.9377358048382,999.9999999999998,999.9999999999998,801.9377358048382,682.0799717104767,605.1519434123956,554.9581320873713,523.2463680134291,505.64766665775886,500.0,999.9999999999998,801.9377358048382,682.0799717104767,605.1519434123956,554.9581320873713,523.2463680134291,505.64766665775886,500.0,999.9999999999998,801.9377358048382,682.0799717104767,605.1519434123956,554.9581320873713,523.2463680134291,505.64766665775886,500.0,999.9999999999998,801.9377358048382,682.0799717104767,605.1519434123956,554.9581320873713,523.2463680134291,505.64766665775886,500.0,999.9999999999998,801.9377358048382,682.0799717104767,605.1519434123956,554.9581320873713,523.2463680134291,505.64766665775886,500.0,999.9999999999998,801.9377358048382,682.0799717104767,605.1519434123956,554.9581320873713,523.2463680134291,505.64766665775886,500.0,999.9999999999998,801.9377358048382,682.0799717104767,605.1519434123956,554.9581320873713,523.2463680134291,505.64766665775886,500.0,999.9999999999998,801.9377358048382,682.0799717104767,605.1519434123956,554.9581320873713,523.2463680134291,505.64766665775886,500.0,3000.0,3000.0,3000.0,3000.0,3000.0,3000.0,3000.0,1000.0000000000002,3000.0,3000.0,3000.0,3000.0,3000.0,3000.0,3000.0,1000.0000000000002,3000.0,3000.0,3000.0,3000.0,3000.0,3000.0,3000.0,1000.0000000000002,3000.0,3000.0,3000.0,3000.0,3000.0,3000.0,3000.0,1000.0000000000002,3000.0,3000.0,3000.0,3000.0,3000.0,3000.0,3000.0,1000.0000000000002,3000.0,3000.0,3000.0,3000.0,3000.0,3000.0,3000.0,1000.0000000000002,3000.0,3000.0,3000.0,3000.0,3000.0,3000.0,3000.0,1000.0000000000002,3000.0,3000.0,3000.0,3000.0,3000.0,3000.0,3000.0,1000.0000000000002,3000.0,3000.0,3000.0,3000.0,3000.0,3000.0,3000.0,3000.0,3000.0,3000.0,3000.0,3000.0,3000.0,3000.0,3000.0,3000.0,3000.0,3000.0,3000.0,3000.0,3000.0,3000.0,3000.0,3000.0,3000.0,3000.0,3000.0,3000.0,3000.0,3000.0,3000.0,3000.0,3000.0,3000.0,3000.0,3000.0,3000.0,3000.0,3000.0,3000.0,3000.0,3000.0,3000.0,3000.0,3000.0,3000.0,3000.0,3000.0,3000.0,3000.0,3000.0,3000.0,3000.0,3000.0,3000.0,3000.0,3000.0,3000.0,3000.0,3000.0,3000.0,3000.0,3000.0,3000.0,3000.0,3000.0,3000.0,3000.0,3000.0,3000.0,3000.0,3000.0,3000.0,3000.0,3000.0,3000.0,3000.0,3000.0,3000.0,3000.0,3000.0,3000.0,3000.0,3000.0,3000.0,3000.0,3000.0,3000.0,3000.0,3000.0,3000.0,3000.0,3000.0,3000.0,3000.0,3000.0,3000.0,3000.0,3000.0,3000.0,3000.0,3000.0,3000.0,3000.0,3000.0,3000.0,3000.0,3000.0,3000.0,3000.0,3000.0,3000.0,3000.0,3000.0,3000.0,3000.0,3000.0,3000.0,3000.0,3000.0,3000.0,3000.0,3000.0,3000.0,3000.0,3000.0,3000.0,3000.0,1000.0000000000002,3000.0,3000.0,3000.0,3000.0,3000.0,3000.0,3000.0,1000.0000000000002,3000.0,3000.0,3000.0,3000.0,3000.0,3000.0,3000.0,1000.0000000000002,3000.0,3000.0,3000.0,3000.0,3000.0,3000.0,3000.0,1000.0000000000002,3000.0,3000.0,3000.0,3000.0,3000.0,3000.0,3000.0,1000.0000000000002,3000.0,3000.0,3000.0,3000.0,3000.0,3000.0,3000.0,1000.0000000000002,3000.0,3000.0,3000.0,3000.0,3000.0,3000.0,3000.0,1000.0000000000002,3000.0,3000.0,3000.0,3000.0,3000.0,3000.0,3000.0,1000.0000000000002,3000.0,3000.0,3000.0,3000.0,3000.0,3000.0,3000.0
67,516.6666666666666,522.502588879684,540.6879136138767,573.4567364902834,625.3236748594754,704.8159707674926,828.6689936649993,1033.333333333333,516.6666666666666,522.502588879684,540.6879136138767,573.4567364902834,625.3236748594754,704.8159707674926,828.6689936649993,1033.333333333333,516.6666666666666,522.502588879684,540.6879136138767,573.4567364902834,625.3236748594754,704.8159707674926,828.6689936649993,1033.333333333333,516.6666666666666,522.502588879684,540.6879136138767,573.4567364902834,625.3236748594754,704.8159707674926,828.6689936649993,1033.333333333333,516.6666666666666,522.502588879684,540.6879136138767,573.4567364902834,625.3236748594754,704.8159707674926,828.6689936649993,1033.333333333333,516.6666666666666,522.502588879684,540.6879136138767,573.4567364902834,625.3236748594754,704.8159707674926,828.6689936649993,1033.333333333333,516.6666666666666,522.502588879684,540.6879136138767,573.4567364902834,625.3236748594754,704.8159707674926,828.6689936649993,1033.333333333333,516.6666666666666,522.502588879684,540.6879136138767,573.4567364902834,625.3236748594754,704.8159707674926,828.6689936649993,1033.333333333333,1033.333333333333,828.6689936649993,704.8159707674926,625.3236748594754,573.4567364902834,540.6879136138767,522.502588879684,516.6666666666666,1033.333333333333,828.6689936649993,704.8159707674926,625.3236748594754,573.4567364902834,540.6879136138767,522.502588879684,516.6666666666666,1033.333333333333,828.6689936649993,704.8159707674926,625.3236748594754,573.4567364902834,540.6879136138767,522.502588879684,516.6666666666666,1033.333333333333,828.6689936649993,704.8159707674926,625.3236748594754,573.4567364902834,540.6879136138767,522.502588879684,516.6666666666666,1033.333333333333,828.6689936649993,704.8159707674926,625.3236748594754,573.4567364902834,540.6879136138767,522.502588879684,516.6666666666666,1033.333333333333,828.6689936649993,704.8159707674926,625.3236748594754,573.4567364902834,540.6879136138767,522.502588879684,516.6666666666666,1033.333333333333,828.6689936649993,704.8159707674926,625.3236748594754,573.4567364902834,540.6879136138767,522.502588879684,516.6666666666666,1033.333333333333,828.6689936649993,704.8159707674926,625.3236748594754,573.4567364902834,540.6879136138767,522.502588879684,516.6666666666666,3000.0,3000.0,3000.0,3000.0,3000.0,3000.0,3000.0,1033.3333333333335,3000.0,3000.0,3000.0,3000.0,3000.0,3000.0,3000.0,1033.3333333333335,3000.0,3000.0,3000.0,3000.0,3000.0,3000.0,3000.0,1033.3333333333335,3000.0,3000.0,3000.0,3000.0,3000.0,3000.0,3000.0,1033.3333333333335,3000.0,3000.0,3000.0,3000.0,3000.0,3000.0,3000.0,1033.3333333333335,3000.0,3000.0,3000.0,3000.0,3000.0,3000.0,3000.0,1033.3333333333335,3000.0,3000.0,3000.0,3000.0,3000.0,3000.0,3000.0,1033.3333333333335,3000.0,3000.0,3000.0,3000.0,3000.0,3000.0,3000.0,1033.3333333333335,3000.0,3000.0,3000.0,3000.0,3000.0,3000.0,3000.0,3000.0,3000.0,3000.0,3000.0,3000.0,3000.0,3000.0,3000.0,3000.0,3000.0,3000.0,3000.0,3000.0,3000.0,3000.0,3000.0,3000.0,3000.0,3000.0,3000.0,3000.0,3000.0,3000.0,3000.0,3000.0,3000.0,3000.0,3000.0,3000.0,3000.0,3000.0,3000.0,3000.0,3000.0,3000.0,3000.0,3000.0,3000.0,3000.0,3000.0,3000.0,3000.0,3000.0,3000.0,3000.0,3000.0,3000.0,3000.0,3000.0,3000.0,3000.0,3000.0,3000.0,3000.0,3000.0,3000.0,3000.0,3000.0,3000.0,3000.0,3000.0,3000.0,3000.0,3000.0,3000.0,3000.0,3000.0,3000.0,3000.0,3000.0,3000.0,3000.0,3000.0,3000.0,3000.0,3000.0,3000.0,3000.0,3000.0,3000.0,3000.0,3000.0,3000.0,3000.0,3000.0,3000.0,3000.0,3000.0,3000.0,3000.0,3000.0,3000.0,3000.0,3000.0,3000.0,3000.0,3000.0,3000.0,3000.0,3000.0,3000.0,3000.0,3000.0,3000.0,3000.0,3000.0,3000.0,3000.0,3000.0,3000.0,3000.0,3000.0,3000.0,3000.0,3000.0,3000.0,3000.0,3000.0,3000.0,3000.0,3000.0,1033.3333333333335,3000.0,3000.0,3000.0,3000.0,3000.0,3000.0,3000.0,1033.3333333333335,3000.0,3000.0,3000.0,3000.0,3000.0,3000.0,3000.0,1033.3333333333335,3000.0,3000.0,3000.0,3000.0,3000.0,3000.0,3000.0,1033.3333333333335,3000.0,3000.0,3000.0,3000.0,3000.0,3000.0,3000.0,1033.3333333333335,3000.0,3000.0,3000.0,3000.0,3000.0,3000.0,3000.0,1033.3333333333335,3000.0,3000.0,3000.0,3000.0,3000.0,3000.0,3000.0,1033.3333333333335,3000.0,3000.0,3000.0,3000.0,3000.0,3000.0,3000.0,1033.3333333333335,3000.0,3000.0,3000.0,3000.0,3000.0,3000.0,3000.0
133,533.3333333333334,539.3575111016094,558.1294592143244,591.9553408931959,645.4954063065552,727.5519698245085,855.4002515251608,1066.6666666666665,533.3333333333334,539.3575111016094,558.1294592143244,591.9553408931959,645.4954063065552,727.5519698245085,855.4002515251608,1066.6666666666665,533.3333333333334,539.3575111016094,558.1294592143244,591.9553408931959,645.4954063065552,727.5519698245085,855.4002515251608,1066.6666666666665,533.3333333333334,539.3575111016094,558.1294592143244,591.9553408931959,645.4954063065552,727.5519698245085,855.4002515251608,1066.6666666666665,533.3333333333334,539.3575111016094,558.1294592143244,591.9553408931959,645.4954063065552,727.5519698245085,855.4002515251608,1066.6666666666665,533.3333333333334,539.3575111016094,558.1294592143244,591.9553408931959,645.4954063065552,727.5519698245085,855.4002515251608,1066.6666666666665,533.3333333333334,539.3575111016094,558.1294592143244,591.9553408931959,645.4954063065552,727.5519698245085,855.4002515251608,1066.6666666666665,533.3333333333334,539.3575111016094,558.1294592143244,591.9553408931959,645.4954063065552,727.5519698245085,855.4002515251608,1066.6666666666665,1066.6666666666665,855.4002515251608,727.5519698245085,645.4954063065552,591.9553408931959,558.1294592143244,539.3575111016094,533.3333333333334,1066.6666666666665,855.4002515251608,727.5519698245085,645.4954063065552,591.9553408931959,558.1294592143244,539.3575111016094,533.3333333333334,1066.6666666666665,855.4002515251608,727.5519698245085,645.4954063065552,591.9553408931959,558.1294592143244,539.3575111016094,533.3333333333334,1066.6666666666665,855.4002515251608,727.5519698245085,645.4954063065552,591.9553408931959,558.1294592143244,539.3575111016094,533.3333333333334,1066.6666666666665,855.4002515251608,727.5519698245085,645.4954063065552,591.9553408931959,558.1294592143244,539.3575111016094,533.3333333333334,1066.6666666666665,855.4002515251608,727.5519698245085,645.4954063065552,591.9553408931959,558.1294592143244,539.3575111016094,533.3333333333334,1066.6666666666665,855.4002515251608,727.5519698245085,645.4954063065552,591.9553408931959,558.1294592143244,539.3575111016094,533.3333333333334,1066.6666666666665,855.4002515251608,727.5519698245085,645.4954063065552,591.9553408931959,558.1294592143244,539.3575111016094,533.3333333333334,3000.0,3000.0,3000.0,3000.0,3000.0,3000.0,3000.0,1066.666666666667,3000.0,3000.0,3000.0,3000.0,3000.0,3000.0,3000.0,1066.666666666667,3000.0,3000.0,3000.0,3000.0,3000.0,3000.0,3000.0,1066.666666666667,3000.0,3000.0,3000.0,3000.0,3000.0,3000.0,3000.0,1066.666666666667,3000.0,3000.0,3000.0,3000.0,3000.0,3000.0,3000.0,1066.666666666667,3000.0,3000.0,3000.0,3000.0,3000.0,3000.0,3000.0,1066.666666666667,3000.0,3000.0,3000.0,3000.0,3000.0,3000.0,3000.0,1066.666666666667,3000.0,3000.0,3000.0,3000.0,3000.0,3000.0,3000.0,1066.666666666667,3000.0,3000.0,3000.0,3000.0,3000.0,3000.0,3000.0,3000.0,3000.0,3000.0,3000.0,3000.0,3000.0,3000.0,3000.0,3000.0,3000.0,3000.0,3000.0,3000.0,3000.0,3000.0,3000.0,3000.0,3000.0,3000.0,3000.0,3000.0,3000.0,3000.0,3000.0,3000.0,3000.0,3000.0,3000.0,3000.0,3000.0,3000.0,3000.0,3000.0,3000.0,3000.0,3000.0,3000.0,3000.0,3000.0,3000.0,3000.0,3000.0,3000.0,3000.0,3000.0,3000.0,3000.0,3000.0,3000.0,3000.0,3000.0,3000.0,3000.0,3000.0,3000.0,3000.0,3000.0,3000.0,3000.0,3000.0,3000.0,3000.0,3000.0,3000.0,3000.0,3000.0,3000.0,3000.0,3000.0,3000.0,3000.0,3000.0,3000.0,3000.0,3000.0,3000.0,3000.0,3000.0,3000.0,3000.0,3000.0,3000.0,3000.0,3000.0,3000.0,3000.0,3000.0,3000.0,3000.0,3000.0,3000.0,3000.0,3000.0,3000.0,3000.0,3000.0,3000.0,3000.0,3000.0,3000.0,3000.0,3000.0,3000.0,3000.0,3000.0,3000.0,3000.0,3000.0,3000.0,3000.0,3000.0,3000.0,3000.0,3000.0,3000.0,3000.0,3000.0,3000.0,3000.0,3000.0,3000.0,1066.666666666667,3000.0,3000.0,3000.0,3000.0,3000.0,3000.0,3000.0,1066.666666666667,3000.0,3000.0,3000.0,3000.0,3000.0,3000.0,3000.0,1066.666666666667,3000.0,3000.0,3000.0,3000.0,3000.0,3000.0,3000.0,1066.666666666667,3000.0,3000.0,3000.0,3000.0,3000.0,3000.0,3000.0,1066.666666666667,3000.0,3000.0,3000.0,3000.0,3000.0,3000.0,3000.0,1066.666666666667,3000.0,3000.0,3000.0,3000.0,3000.0,3000.0,3000.0,1066.666666666667,3000.0,3000.0,3000.0,3000.0,3000.0,3000.0,3000.0,1066.666666666667,3000.0,3000.0,3000.0,3000.0,3000.0,3000.0,3000.0
200,550.0,556.2124333235348,575.571004814772,610.4539452961083,665.6671377536352,750.2879688815245,882.131509385322,1099.9999999999998,550.0,556.2124333235348,575.571004814772,610.4539452961083,665.6671377536352,750.2879688815245,882.131509385322,1099.9999999999998,550.0,556.2124333235348,575.571004814772,610.4539452961083,665.6671377536352,750.2879688815245,882.131509385322,1099.9999999999998,550.0,556.2124333235348,575.571004814772,610.4539452961083,665.6671377536352,750.2879688815245,882.131509385322,1099.9999999999998,550.0,556.2124333235348,575.571004814772,610.4539452961083,665.6671377536352,750.2879688815245,882.131509385322,1099.9999999999998,550.0,556.2124333235348,575.571004814772,610.4539452961083,665.6671377536352,750.2879688815245,882.131509385322,1099.9999999999998,550.0,556.2124333235348,575.571004814772,610.4539452961083,665.6671377536352,750.2879688815245,882.131509385322,1099.9999999999998,550.0,556.2124333235348,575.571004814772,610.4539452961083,665.6671377536352,750.2879688815245,882.131509385322,1099.9999999999998,1099.9999999999998,882.131509385322,750.2879688815245,665.6671377536352,610.4539452961083,575.571004814772,556.2124333235348,550.0,1099.9999999999998,882.131509385322,750.2879688815245,665.6671377536352,610.4539452961083,575.571004814772,556.2124333235348,550.0,1099.9999999999998,882.131509385322,750.2879688815245,665.6671377536352,610.4539452961083,575.571004814772,556.2124333235348,550.0,1099.9999999999998,882.131509385322,750.2879688815245,665.6671377536352,610.4539452961083,575.571004814772,556.2124333235348,550.0,1099.9999999999998,882.131509385322,750.2879688815245,665.6671377536352,610.4539452961083,575.571004814772,556.2124333235348,550.0,1099.9999999999998,882.131509385322,750.2879688815245,665.6671377536352,610.4539452961083,575.571004814772,556.2124333235348,550.0,1099.9999999999998,882.131509385322,750.2879688815245,665.6671377536352,610.4539452961083,575.571004814772,556.2124333235348,550.0,1099.9999999999998,882.131509385322,750.2879688815245,665.6671377536352,610.4539452961083,575.571004814772,556.2124333235348,550.0,3000.0,3000.0,3000.0,3000.0,3000.0,3000.0,3000.0,1100.0000000000002,3000.0,3000.0,3000.0,3000.0,3000.0,3000.0,3000.0,1100.0000000000002,3000.0,3000.0,3000.0,3000.0,3000.0,3000.0,3000.0,1100.0000000000002,3000.0,3000.0,3000.0,3000.0,3000.0,3000.0,3000.0,1100.0000000000002,3000.0,3000.0,3000.0,3000.0,3000.0,3000.0,3000.0,1100.0000000000002,3000.0,3000.0,3000.0,3000.0,3000.0,3000.0,3000.0,1100.0000000000002,3000.0,3000.0,3000.0,3000.0,3000.0,3000.0,3000.0,1100.0000000000002,3000.0,3000.0,3000.0,3000.0,3000.0,3000.0,3000.0,1100.0000000000002,3000.0,3000.0,3000.0,3000.0,3000.0,3000.0,3000.0,3000.0,3000.0,3000.0,3000.0,3000.0,3000.0,3000.0,3000.0,3000.0,3000.0,3000.0,3000.0,3000.0,3000.0,3000.0,3000.0,3000.0,3000.0,3000.0,3000.0,3000.0,3000.0,3000.0,3000.0,3000.0,3000.0,3000.0,3000.0,3000.0,3000.0,3000.0,3000.0,3000.0,3000.0,3000.0,3000.0,3000.0,3000.0,3000.0,3000.0,3000.0,3000.0,3000.0,3000.0,3000.0,3000.0,3000.0,3000.0,3000.0,3000.0,3000.0,3000.0,3000.0,3000.0,3000.0,3000.0,3000.0,3000.0,3000.0,3000.0,3000.0,3000.0,3000.0,3000.0,3000.0,3000.0,3000.0,3000.0,3000.0,3000.0,3000.0,3000.0,3000.0,3000.0,3000.0,3000.0,3000.0,3000.0,3000.0,3000.0,3000.0,3000.0,3000.0,3000.0,3000.0,3000.0,3000.0,3000.0,3000.0,3000.0,3000.0,3000.0,3000.0,3000.0,3000.0,3000.0,3000.0,3000.0,3000.0,3000.0,3000.0,3000.0,3000.0,3000.0,3000.0,3000.0,3000.0,3000.0,3000.0,3000.0,3000.0,3000.0,3000.0,3000.0,3000.0,3000.0,3000.0,3000.0,3000.0,3000.0,3000.0,1100.0000000000002,3000.0,3000.0,3000.0,3000.0,3000.0,3000.0,3000.0,1100.0000000000002,3000.0,3000.0,3000.0,3000.0,3000.0,3000.0,3000.0,1100.0000000000002,3000.0,3000.0,3000.0,3000.0,3000.0,3000.0,3000.0,1100.0000000000002,3000.0,3000.0,3000.0,3000.0,3000.0,3000.0,3000.0,1100.0000000000002,3000.0,3000.0,3000.0,3000.0,3000.0,3000.0,3000.0,1100.0000000000002,3000.0,3000.0,3000.0,3000.0,3000.0,3000.0,3000.0,1100.0000000000002,3000.0,3000.0,3000.0,3000.0,3000.0,3000.0,3000.0,1100.0000000000002,3000.0,3000.0,3000.0,3000.0,3000.0,3000.0,3000.0
267,566.6666666666666,573.0673555454599,593.0125504152196,628.9525496990207,685.838869200715,773.0239679385403,908.8627672454832,1133.333333333333,566.6666666666666,573.0673555454599,593.0125504152196,628.9525496990207,685.838869200715,773.0239679385403,908.8627672454832,1133.333333333333,566.6666666666666,573.0673555454599,593.0125504152196,628.9525496990207,685.838869200715,773.0239679385403,908.8627672454832,1133.333333333333,566.6666666666666,573.0673555454599,593.0125504152196,628.9525496990207,685.838869200715,773.0239679385403,908.8627672454832,1133.333333333333,566.6666666666666,573.0673555454599,593.0125504152196,628.9525496990207,685.838869200715,773.0239679385403,908.8627672454832,1133.333333333333,566.6666666666666,573.0673555454599,593.0125504152196,628.9525496990207,685.838869200715,773.0239679385403,908.8627672454832,1133.333333333333,566.6666666666666,573.0673555454599,593.0125504152196,628.9525496990207,685.838869200715,773.0239679385403,908.8627672454832,1133.333333333333,566.6666666666666,573.0673555454599,593.0125504152196,628.9525496990207,685.838869200715,773.0239679385403,908.8627672454832,1133.333333333333,1133.333333333333,908.8627672454832,773.0239679385403,685.838869200715,628.9525496990207,593.0125504152196,573.0673555454599,566.6666666666666,1133.333333333333,908.8627672454832,773.0239679385403,685.838869200715,628.9525496990207,593.0125504152196,573.0673555454599,566.6666666666666,1133.333333333333,908.8627672454832,773.0239679385403,685.838869200715,628.9525496990207,593.0125504152196,573.0673555454599,566.6666666666666,1133.333333333333,908.8627672454832,773.0239679385403,685.838869200715,628.9525496990207,593.0125504152196,573.0673555454599,566.6666666666666,1133.333333333333,908.8627672454832,773.0239679385403,685.838869200715,628.9525496990207,593.0125504152196,573.0673555454599,566.6666666666666,1133.333333333333,908.8627672454832,773.0239679385403,685.838869200715,628.9525496990207,593.0125504152196,573.0673555454599,566.6666666666666,1133.333333333333,908.8627672454832,773.0239679385403,685.838869200715,628.9525496990207,593.0125504152196,573.0673555454599,566.6666666666666,1133.333333333333,908.8627672454832,773.0239679385403,685.838869200715,628.9525496990207,593.0125504152196,573.0673555454599,566.6666666666666,3000.0,3000.0,3000.0,3000.0,3000.0,3000.0,3000.0,1133.3333333333335,3000.0,3000.0,3000.0,3000.0,3000.0,3000.0,3000.0,1133.3333333333335,3000.0,3000.0,3000.0,3000.0,3000.0,3000.0,3000.0,1133.3333333333335,3000.0,3000.0,3000.0,3000.0,3000.0,3000.0,3000.0,1133.3333333333335,3000.0,3000.0,3000.0,3000.0,3000.0,3000.0,3000.0,1133.3333333333335,3000.0,3000.0,3000.0,3000.0,3000.0,3000.0,3000.0,1133.3333333333335,3000.0,3000.0,3000.0,3000.0,3000.0,3000.0,3000.0,1133.3333333333335,3000.0,3000.0,3000.0,3000.0,3000.0,3000.0,3000.0,1133.3333333333335,3000.0,3000.0,3000.0,3000.0,3000.0,3000.0,3000.0,3000.0,3000.0,3000.0,3000.0,3000.0,3000.0,3000.0,3000.0,3000.0,3000.0,3000.0,3000.0,3000.0,3000.0,3000.0,3000.0,3000.0,3000.0,3000.0,3000.0,3000.0,3000.0,3000.0,3000.0,3000.0,3000.0,3000.0,3000.0,3000.0,3000.0,3000.0,3000.0,3000.0,3000.0,3000.0,3000.0,3000.0,3000.0,3000.0,3000.0,3000.0,3000.0,3000.0,3000.0,3000.0,3000.0,3000.0,3000.0,3000.0,3000.0,3000.0,3000.0,3000.0,3000.0,3000.0,3000.0,3000.0,3000.0,3000.0,3000.0,3000.0,3000.0,3000.0,3000.0,3000.0,3000.0,3000.0,3000.0,3000.0,3000.0,3000.0,3000.0,3000.0,3000.0,3000.0,3000.0,3000.0,3000.0,3000.0,3000.0,3000.0,3000.0,3000.0,3000.0,3000.0,3000.0,3000.0,3000.0,3000.0,3000.0,3000.0,3000.0,3000.0,3000.0,3000.0,3000.0,3000.0,3000.0,3000.0,3000.0,3000.0,3000.0,3000.0,3000.0,3000.0,3000.0,3000.0,3000.0,3000.0,3000.0,3000.0,3000.0,3000.0,3000.0,3000.0,3000.0,3000.0,3000.0,3000.0,3000.0,3000.0,1133.3333333333335,3000.0,3000.0,3000.0,3000.0,3000.0,3000.0,3000.0,1133.3333333333335,3000.0,3000.0,3000.0,3000.0,3000.0,3000.0,3000.0,1133.3333333333335,3000.0,3000.0,3000.0,3000.0,3000.0,3000.0,3000.0,1133.3333333333335,3000.0,3000.0,3000.0,3000.0,3000.0,3000.0,3000.0,1133.3333333333335,3000.0,3000.0,3000.0,3000.0,3000.0,3000.0,3000.0,1133.3333333333335,3000.0,3000.0,3000.0,3000.0,3000.0,3000.0,3000.0,1133.3333333333335,3000.0,3000.0,3000.0,3000.0,3000.0,3000.0,3000.0,1133.3333333333335,3000.0,3000.0,3000.0,3000.0,3000.0,3000.0,3000.0
333,583.3333333333333,589.9222777673851,610.4540960156671,647.451154101933,706.0106006477947,795.7599669955562,935.5940251056444,3000.0,583.3333333333333,589.9222777673851,610.4540960156671,647.451154101933,706.0106006477947,795.7599669955562,935.5940251056444,3000.0,583.3333333333333,589.9222777673851,610.4540960156671,647.451154101933,706.0106006477947,795.7599669955562,935.5940251056444,3000.0,583.3333333333333,589.9222777673851,610.4540960156671,647.451154101933,706.0106006477947,795.7599669955562,935.5940251056444,3000.0,583.3333333333333,589.9222777673851,610.4540960156671,647.451154101933,706.0106006477947,795.7599669955562,935.5940251056444,3000.0,583.3333333333333,589.9222777673851,610.4540960156671,647.451154101933,706.0106006477947,795.7599669955562,935.5940251056444,3000.0,583.3333333333333,589.9222777673851,610.4540960156671,647.451154101933,706.0106006477947,795.7599669955562,935.5940251056444,3000.0,583.3333333333333,589.9222777673851,610.4540960156671,647.451154101933,706.0106006477947,795.7599669955562,935.5940251056444,3000.0,3000.0,935.5940251056444,795.7599669955562,706.0106006477947,647.451154101933,610.4540960156671,589.9222777673851,583.3333333333333,3000.0,935.5940251056444,795.7599669955562,706.0106006477947,647.451154101933,610.4540960156671,589.9222777673851,583.3333333333333,3000.0,935.5940251056444,795.7599669955562,706.0106006477947,647.451154101933,610.4540960156671,589.9222777673851,583.3333333333333,3000.0,935.5940251056444,795.7599669955562,706.0106006477947,647.451154101933,610.4540960156671,589.9222777673851,583.3333333333333,3000.0,935.5940251056444,795.7599669955562,706.0106006477947,647.451154101933,610.4540960156671,589.9222777673851,583.3333333333333,3000.0,935.5940251056444,795.7599669955562,706.0106006477947,647.451154101933,610.4540960156671,589.9222777673851,583.3333333333333,3000.0,935.5940251056444,795.7599669955562,706.0106006477947,647.451154101933,610.4540960156671,589.9222777673851,583.3333333333333,3000.0,935.5940251056444,795.7599669955562,706.0106006477947,647.451154101933,610.4540960156671,589.9222777673851,583.3333333333333,3000.0,3000.0,3000.0,3000.0,3000.0,3000.0,3000.0,3000.0,3000.0,3000.0,3000.0,3000.0,3000.0,3000.0,3000.0,3000.0,3000.0,3000.0,3000.0,3000.0,3000.0,3000.0,3000.0,3000.0,3000.0,3000.0,3000.0,3000.0,3000.0,3000.0,3000.0,3000.0,3000.0,3000.0,3000.0,3000.0,3000.0,3000.0,3000.0,3000.0,3000.0,3000.0,3000.0,3000.0,3000.0,3000.0,3000.0,3000.0,3000.0,3000.0,3000.0,3000.0,3000.0,3000.0,3000.0,3000.0,3000.0,3000.0,3000.0,3000.0,3000.0,3000.0,3000.0,3000.0,3000.0,3000.0,3000.0,3000.0,3000.0,3000.0,3000.0,3000.0,3000.0,3000.0,3000.0,3000.0,3000.0,3000.0,3000.0,3000.0,3000.0,3000.0,3000.0,3000.0,3000.0,3000.0,3000.0,3000.0,3000.0,3000.0,3000.0,3000.0,3000.0,3000.0,3000.0,3000.0,3000.0,3000.0,3000.0,3000.0,3000.0,3000.0,3000.0,3000.0,3000.0,3000.0,3000.0,3000.0,3000.0,3000.0,3000.0,3000.0,3000.0,3000.0,3000.0,3000.0,3000.0,3000.0,3000.0,3000.0,3000.0,3000.0,3000.0,3000.0,3000.0,3000.0,3000.0,3000.0,3000.0,3000.0,3000.0,3000.0,3000.0,3000.0,3000.0,3000.0,3000.0,3000.0,3000.0,3000.0,3000.0,3000.0,3000.0,3000.0,3000.0,3000.0,3000.0,3000.0,3000.0,3000.0,3000.0,3000.0,3000.0,3000.0,3000.0,3000.0,3000.0,3000.0,3000.0,3000.0,3000.0,3000.0,3000.0,3000.0,3000.0,3000.0,3000.0,3000.0,3000.0,3000.0,3000.0,3000.0,3000.0,3000.0,3000.0,3000.0,3000.0,3000.0,3000.0,3000.0,3000.0,3000.0,3000.0,3000.0,3000.0,3000.0,3000.0,3000.0,3000.0,3000.0,3000.0,3000.0,3000.0,3000.0,3000.0,3000.0,3000.0,3000.0,3000.0,3000.0,3000.0,3000.0,3000.0,3000.0,3000.0,3000.0,3000.0,3000.0,3000.0,3000.0,3000.0,3000.0,3000.0,3000.0,3000.0,3000.0,3000.0,3000.0,3000.0,3000.0,3000.0,3000.0,3000.0,3000.0,3000.0,3000.0,3000.0,3000.0,3000.0,3000.0,3000.0,3000.0,3000.0,3000.0,3000.0,3000.0,3000.0,3000.0,3000.0,3000.0,3000.0,3000.0,3000.0,3000.0,3000.0,3000.0,3000.0,3000.0,3000.0,3000.0,3000.0,3000.0,3000.0,3000.0,3000.0,3000.0
400,600.0,606.7771999893106,627.8956416161149,665.9497585048454,726.1823320948746,818.4959660525722,962.3252829658057,3000.0,600.0,606.7771999893106,627.8956416161149,665.9497585048454,726.1823320948746,818.4959660525722,962.3252829658057,3000.0,600.0,606.7771999893106,627.8956416161149,665.9497585048454,726.1823320948746,818.4959660525722,962.3252829658057,3000.0,600.0,606.7771999893106,627.8956416161149,665.9497585048454,726.1823320948746,818.4959660525722,962.3252829658057,3000.0,600.0,606.7771999893106,627.8956416161149,665.9497585048454,726.1823320948746,818.4959660525722,962.3252829658057,3000.0,600.0,606.7771999893106,627.8956416161149,665.9497585048454,726.1823320948746,818.4959660525722,962.3252829658057,3000.0,600.0,606.7771999893106,627.8956416161149,665.9497585048454,726.1823320948746,818.4959660525722,962.3252829658057,3000.0,600.0,606.7771999893106,627.8956416161149,665.9497585048454,726.1823320948746,818.4959660525722,962.3252829658057,3000.0,3000.0,962.3252829658057,818.4959660525722,726.1823320948746,665.9497585048454,627.8956416161149,606.7771999893106,600.0,3000.0,962.3252829658057,818.4959660525722,726.1823320948746,665.9497585048454,627.8956416161149,606.7771999893106,600.0,3000.0,962.3252829658057,818.4959660525722,726.1823320948746,665.9497585048454,627.8956416161149,606.7771999893106,600.0,3000.0,962.3252829658057,818.4959660525722,726.1823320948746,665.9497585048454,627.8956416161149,606.7771999893106,600.0,3000.0,962.3252829658057,818.4959660525722,726.1823320948746,665.9497585048454,627.8956416161149,606.7771999893106,600.0,3000.0,962.3252829658057,818.4959660525722,726.1823320948746,665.9497585048454,627.8956416161149,606.7771999893106,600.0,3000.0,962.3252829658057,818.4959660525722,726.1823320948746,665.9497585048454,627.8956416161149,606.7771999893106,600.0,3000.0,962.3252829658057,818.4959660525722,726.1823320948746,665.9497585048454,627.8956416161149,606.7771999893106,600.0,3000.0,3000.0,3000.0,3000.0,3000.0,3000.0,3000.0,3000.0,3000.0,3000.0,3000.0,3000.0,3000.0,3000.0,3000.0,3000.0,3000.0,3000.0,3000.0,3000.0,3000.0,3000.0,3000.0,3000.0,3000.0,3000.0,3000.0,3000.0,3000.0,3000.0,3000.0,3000.0,3000.0,3000.0,3000.0,3000.0,3000.0,3000.0,3000.0,3000.0,3000.0,3000.0,3000.0,3000.0,3000.0,3000.0,3000.0,3000.0,3000.0,3000.0,3000.0,3000.0,3000.0,3000.0,3000.0,3000.0,3000.0,3000.0,3000.0,3000.0,3000.0,3000.0,3000.0,3000.0,3000.0,3000.0,3000.0,3000.0,3000.0,3000.0,3000.0,3000.0,3000.0,3000.0,3000.0,3000.0,3000.0,3000.0,3000.0,3000.0,3000.0,3000.0,3000.0,3000.0,3000.0,3000.0,3000.0,3000.0,3000.0,3000.0,3000.0,3000.0,3000.0,3000.0,3000.0,3000.0,3000.0,3000.0,3000.0,3000.0,3000.0,3000.0,3000.0,3000.0,3000.0,3000.0,3000.0,3000.0,3000.0,3000.0,3000.0,3000.0,3000.0,3000.0,3000.0,3000.0,3000.0,3000.0,3000.0,3000.0,3000.0,3000.0,3000.0,3000.0,3000.0,3000.0,3000.0,3000.0,3000.0,3000.0,3000.0,3000.0,3000.0,3000.0,3000.0,3000.0,3000.0,3000.0,3000.0,3000.0,3000.0,3000.0,3000.0,3000.0,3000.0,3000.0,3000.0,3000.0,3000.0,3000.0,3000.0,3000.0,3000.0,3000.0,3000.0,3000.0,3000.0,3000.0,3000.0,3000.0,3000.0,3000.0,3000.0,3000.0,3000.0,3000.0,3000.0,3000.0,3000.0,3000.0,3000.0,3000.0,3000.0,3000.0,3000.0,3000.0,3000.0,3000.0,3000.0,3000.0,3000.0,3000.0,3000.0,3000.0,3000.0,3000.0,3000.0,3000.0,3000.0,3000.0,3000.0,3000.0,3000.0,3000.0,3000.0,3000.0,3000.0,3000.0,3000.0,3000.0,3000.0,3000.0,3000.0,3000.0,3000.0,3000.0,3000.0,3000.0,3000.0,3000.0,3000.0,3000.0,3000.0,3000.0,3000.0,3000.0,3000.0,3000.0,3000.0,3000.0,3000.0,3000.0,3000.0,3000.0,3000.0,3000.0,3000.0,3000.0,3000.0,3000.0,3000.0,3000.0,3000.0,3000.0,3000.0,3000.0,3000.0,3000.0,3000.0,3000.0,3000.0,3000.0,3000.0,3000.0,3000.0,3000.0,3000.0,3000.0,3000.0,3000.0,3000.0,3000.0,3000.0,3000.0,3000.0,3000.0
467,616.6666666666667,623.6321222112359,645.3371872165625,684.4483629077578,746.3540635419546,841.231965109588,989.0565408259672,3000.0,616.6666666666667,623.6321222112359,645.3371872165625,684.4483629077578,746.3540635419546,841.231965109588,989.0565408259672,3000.0,616.6666666666667,623.6321222112359,645.3371872165625,684.4483629077578,746.3540635419546,841.231965109588,989.0565408259672,3000.0,616.6666666666667,623.6321222112359,645.3371872165625,684.4483629077578,746.3540635419546,841.231965109588,989.0565408259672,3000.0,616.6666666666667,623.6321222112359,645.3371872165625,684.4483629077578,746.3540635419546,841.231965109588,989.0565408259672,3000.0,616.6666666666667,623.6321222112359,645.3371872165625,684.4483629077578,746.3540635419546,841.231965109588,989.0565408259672,3000.0,616.6666666666667,623.6321222112359,645.3371872165625,684.4483629077578,746.3540635419546,841.231965109588,989.0565408259672,3000.0,616.6666666666667,623.6321222112359,645.3371872165625,684.4483629077578,746.3540635419546,841.231965109588,989.0565408259672,3000.0,3000.0,989.0565408259672,841.231965109588,746.3540635419546,684.4483629077578,645.3371872165625,623.6321222112359,616.6666666666667,3000.0,989.0565408259672,841.231965109588,746.3540635419546,684.4483629077578,645.3371872165625,623.6321222112359,616.6666666666667,3000.0,989.0565408259672,841.231965109588,746.3540635419546,684.4483629077578,645.3371872165625,623.6321222112359,616.6666666666667,3000.0,989.0565408259672,841.231965109588,746.3540635419546,684.4483629077578,645.3371872165625,623.6321222112359,616.6666666666667,3000.0,989.0565408259672,841.231965109588,746.3540635419546,684.4483629077578,645.3371872165625,623.6321222112359,616.6666666666667,3000.0,989.0565408259672,841.231965109588,746.3540635419546,684.4483629077578,645.3371872165625,623.6321222112359,616.6666666666667,3000.0,989.0565408259672,841.231965109588,746.3540635419546,684.4483629077578,645.3371872165625,623.6321222112359,616.6666666666667,3000.0,989.0565408259672,841.231965109588,746.3540635419546,684.4483629077578,645.3371872165625,623.6321222112359,616.6666666666667,3000.0,3000.0,3000.0,3000.0,3000.0,3000.0,3000.0,3000.0,3000.0,3000.0,3000.0,3000.0,3000.0,3000.0,3000.0,3000.0,3000.0,3000.0,3000.0,3000.0,3000.0,3000.0,3000.0,3000.0,3000.0,3000.0,3000.0,3000.0,3000.0,3000.0,3000.0,3000.0,3000.0,3000.0,3000.0,3000.0,3000.0,3000.0,3000.0,3000.0,3000.0,3000.0,3000.0,3000.0,3000.0,3000.0,3000.0,3000.0,3000.0,3000.0,3000.0,3000.0,3000.0,3000.0,3000.0,3000.0,3000.0,3000.0,3000.0,3000.0,3000.0,3000.0,3000.0,3000.0,3000.0,3000.0,3000.0,3000.0,3000.0,3000.0,3000.0,3000.0,3000.0,3000.0,3000.0,3000.0,3000.0,3000.0,3000.0,3000.0,3000.0,3000.0,3000.0,3000.0,3000.0,3000.0,3000.0,3000.0,3000.0,3000.0,3000.0,3000.0,3000.0,3000.0,3000.0,3000.0,3000.0,3000.0,3000.0,3000.0,3000.0,3000.0,3000.0,3000.0,3000.0,3000.0,3000.0,3000.0,3000.0,3000.0,3000.0,3000.0,3000.0,3000.0,3000.0,3000.0,3000.0,3000.0,3000.0,3000.0,3000.0,3000.0,3000.0,3000.0,3000.0,3000.0,3000.0,3000.0,3000.0,3000.0,3000.0,3000.0,3000.0,3000.0,3000.0,3000.0,3000.0,3000.0,3000.0,3000.0,3000.0,3000.0,3000.0,3000.0,3000.0,3000.0,3000.0,3000.0,3000.0,3000.0,3000.0,3000.0,3000.0,3000.0,3000.0,3000.0,3000.0,3000.0,3000.0,3000.0,3000.0,3000.0,3000.0,3000.0,3000.0,3000.0,3000.0,3000.0,3000.0,3000.0,3000.0,3000.0,3000.0,3000.0,3000.0,3000.0,3000.0,3000.0,3000.0,3000.0,3000.0,3000.0,3000.0,3000.0,3000.0,3000.0,3000.0,3000.0,3000.0,3000.0,3000.0,3000.0,3000.0,3000.0,3000.0,3000.0,3000.0,3000.0,3000.0,3000.0,3000.0,3000.0,3000.0,3000.0,3000.0,3000.0,3000.0,3000.0,3000.0,3000.0,3000.0,3000.0,3000.0,3000.0,3000.0,3000.0,3000.0,3000.0,3000.0,3000.0,3000.0,3000.0,3000.0,3000.0,3000.0,3000.0,3000.0,3000.0,3000.0,3000.0,3000.0,3000.0,3000.0,3000.0,3000.0,3000.0,3000.0,3000.0,3000.0,3000.0,3000.0,3000.0,3000.0,3000.0,3000.0,3000.0,3000.0,3000.0,3000.0,3000.0,3000.0,3000.0,3000.0,3000.0,3000.0,3000.0
533,633.3333333333333,640.487044433161,662.7787328170101,702.9469673106701,766.5257949890342,863.9679641666039,1015.7877986861283,3000.0,633.3333333333333,640.487044433161,662.7787328170101,702.9469673106701,766.5257949890342,863.9679641666039,1015.7877986861283,3000.0,633.3333333333333,640.487044433161,662.7787328170101,702.9469673106701,766.5257949890342,863.9679641666039,1015.7877986861283,3000.0,633.3333333333333,640.487044433161,662.7787328170101,702.9469673106701,766.5257949890342,863.9679641666039,1015.7877986861283,3000.0,633.3333333333333,640.487044433161,662.7787328170101,702.9469673106701,766.5257949890342,863.9679641666039,1015.7877986861283,3000.0,633.3333333333333,640.487044433161,662.7787328170101,702.9469673106701,766.5257949890342,863.9679641666039,1015.7877986861283,3000.0,633.3333333333333,640.487044433161,662.7787328170101,702.9469673106701,766.5257949890342,863.9679641666039,1015.7877986861283,3000.0,633.3333333333333,640.487044433161,662.7787328170101,702.9469673106701,766.5257949890342,863.9679641666039,1015.7877986861283,3000.0,3000.0,1015.7877986861283,863.9679641666039,766.5257949890342,702.9469673106701,662.7787328170101,640.487044433161,633.3333333333333,3000.0,1015.7877986861283,863.9679641666039,766.5257949890342,702.9469673106701,662.7787328170101,640.487044433161,633.3333333333333,3000.0,1015.7877986861283,863.9679641666039,766.5257949890342,702.9469673106701,662.7787328170101,640.487044433161,633.3333333333333,3000.0,1015.7877986861283,863.9679641666039,766.5257949890342,702.9469673106701,662.7787328170101,640.487044433161,633.3333333333333,3000.0,1015.7877986861283,863.9679641666039,766.5257949890342,702.9469673106701,662.7787328170101,640.487044433161,633.3333333333333,3000.0,1015.7877986861283,863.9679641666039,766.5257949890342,702.9469673106701,662.7787328170101,640.487044433161,633.3333333333333,3000.0,1015.7877986861283,863.9679641666039,766.5257949890342,702.9469673106701,662.7787328170101,640.487044433161,633.3333333333333,3000.0,1015.7877986861283,863.9679641666039,766.5257949890342,702.9469673106701,662.7787328170101,640.487044433161,633.3333333333333,3000.0,3000.0,3000.0,3000.0,3000.0,3000.0,3000.0,3000.0,3000.0,3000.0,3000.0,3000.0,3000.0,3000.0,3000.0,3000.0,3000.0,3000.0,3000.0,3000.0,3000.0,3000.0,3000.0,3000.0,3000.0,3000.0,3000.0,3000.0,3000.0,3000.0,3000.0,3000.0,3000.0,3000.0,3000.0,3000.0,3000.0,3000.0,3000.0,3000.0,3000.0,3000.0,3000.0,3000.0,3000.0,3000.0,3000.0,3000.0,3000.0,3000.0,3000.0,3000.0,3000.0,3000.0,3000.0,3000.0,3000.0,3000.0,3000.0,3000.0,3000.0,3000.0,3000.0,3000.0,3000.0,3000.0,3000.0,3000.0,3000.0,3000.0,3000.0,3000.0,3000.0,3000.0,3000.0,3000.0,3000.0,3000.0,3000.0,3000.0,3000.0,3000.0,3000.0,3000.0,3000.0,3000.0,3000.0,3000.0,3000.0,3000.0,3000.0,3000.0,3000.0,3000.0,3000.0,3000.0,3000.0,3000.0,3000.0,3000.0,3000.0,3000.0,3000.0,3000.0,3000.0,3000.0,3000.0,3000.0,3000.0,3000.0,3000.0,3000.0,3000.0,3000.0,3000.0,3000.0,3000.0,3000.0,3000.0,3000.0,3000.0,3000.0,3000.0,3000.0,3000.0,3000.0,3000.0,3000.0,3000.0,3000.0,3000.0,3000.0,3000.0,3000.0,3000.0,3000.0,3000.0,3000.0,3000.0,3000.0,3000.0,3000.0,3000.0,3000.0,3000.0,3000.0,3000.0,3000.0,3000.0,3000.0,3000.0,3000.0,3000.0,3000.0,3000.0,3000.0,3000.0,3000.0,3000.0,3000.0,3000.0,3000.0,3000.0,3000.0,3000.0,3000.0,3000.0,3000.0,3000.0,3000.0,3000.0,3000.0,3000.0,3000.0,3000.0,3000.0,3000.0,3000.0,3000.0,3000.0,3000.0,3000.0,3000.0,3000.0,3000.0,3000.0,3000.0,3000.0,3000.0,3000.0,3000.0,3000.0,3000.0,3000.0,3000.0,3000.0,3000.0,3000.0,3000.0,3000.0,3000.0,3000.0,3000.0,3000.0,3000.0,3000.0,3000.0,3000.0,3000.0,3000.0,3000.0,3000.0,3000.0,3000.0,3000.0,3000.0,3000.0,3000.0,3000.0,3000.0,3000.0,3000.0,3000.0,3000.0,3000.0,3000.0,3000.0,3000.0,3000.0,3000.0,3000.0,3000.0,3000.0,3000.0,3000.0,3000.0,3000.0,3000.0,3000.0,3000.0,3000.0,3000.0,3000.0,3000.0,3000.0,3000.0,3000.0,3000.0,3000.0,3000.0,3000.0,3000.0,3000.0,3000.0,3000.0,3000.0
600,650.0,657.3419666550865,680.2202784174578,721.4455717135826,786.6975264361142,886.7039632236199,1042.5190565462897,3000.0,650.0,657.3419666550865,680.2202784174578,721.4455717135826,786.6975264361142,886.7039632236199,1042.5190565462897,3000.0,650.0,657.3419666550865,680.2202784174578,721.4455717135826,786.6975264361142,886.7039632236199,1042.5190565462897,3000.0,650.0,657.3419666550865,680.2202784174578,721.4455717135826,786.6975264361142,886.7039632236199,1042.5190565462897,3000.0,650.0,657.3419666550865,680.2202784174578,721.4455717135826,786.6975264361142,886.7039632236199,1042.5190565462897,3000.0,650.0,657.3419666550865,680.2202784174578,721.4455717135826,786.6975264361142,886.7039632236199,1042.5190565462897,3000.0,650.0,657.3419666550865,680.2202784174578,721.4455717135826,786.6975264361142,886.7039632236199,1042.5190565462897,3000.0,650.0,657.3419666550865,680.2202784174578,721.4455717135826,786.6975264361142,886.7039632236199,1042.5190565462897,3000.0,3000.0,1042.5190565462897,886.7039632236199,786.6975264361142,721.4455717135826,680.2202784174578,657.3419666550865,650.0,3000.0,1042.5190565462897,886.7039632236199,786.6975264361142,721.4455717135826,680.2202784174578,657.3419666550865,650.0,3000.0,1042.5190565462897,886.7039632236199,786.6975264361142,721.4455717135826,680.2202784174578,657.3419666550865,650.0,3000.0,1042.5190565462897,886.7039632236199,786.6975264361142,721.4455717135826,680.2202784174578,657.3419666550865,650.0,3000.0,1042.5190565462897,886.7039632236199,786.6975264361142,721.4455717135826,680.2202784174578,657.3419666550865,650.0,3000.0,1042.5190565462897,886.7039632236199,786.6975264361142,721.4455717135826,680.2202784174578,657.3419666550865,650.0,3000.0,1042.5190565462897,886.7039632236199,786.6975264361142,721.4455717135826,680.2202784174578,657.3419666550865,650.0,3000.0,1042.5190565462897,886.7039632236199,786.6975264361142,721.4455717135826,680.2202784174578,657.3419666550865,650.0,3000.0,3000.0,3000.0,3000.0,3000.0,3000.0,3000.0,3000.0,3000.0,3000.0,3000.0,3000.0,3000.0,3000.0,3000.0,3000.0,3000.0,3000.0,3000.0,3000.0,3000.0,3000.0,3000.0,3000.0,3000.0,3000.0,3000.0,3000.0,3000.0,3000.0,3000.0,3000.0,3000.0,3000.0,3000.0,3000.0,3000.0,3000.0,3000.0,3000.0,3000.0,3000.0,3000.0,3000.0,3000.0,3000.0,3000.0,3000.0,3000.0,3000.0,3000.0,3000.0,3000.0,3000.0,3000.0,3000.0,3000.0,3000.0,3000.0,3000.0,3000.0,3000.0,3000.0,3000.0,3000.0,3000.0,3000.0,3000.0,3000.0,3000.0,3000.0,3000.0,3000.0,3000.0,3000.0,3000.0,3000.0,3000.0,3000.0,3000.0,3000.0,3000.0,3000.0,3000.0,3000.0,3000.0,3000.0,3000.0,3000.0,3000.0,3000.0,3000.0,3000.0,3000.0,3000.0,3000.0,3000.0,3000.0,3000.0,3000.0,3000.0,3000.0,3000.0,3000.0,3000.0,3000.0,3000.0,3000.0,3000.0,3000.0,3000.0,3000.0,3000.0,3000.0,3000.0,3000.0,3000.0,3000.0,3000.0,3000.0,3000.0,3000.0,3000.0,3000.0,3000.0,3000.0,3000.0,3000.0,3000.0,3000.0,3000.0,3000.0,3000.0,3000.0,3000.0,3000.0,3000.0,3000.0,3000.0,3000.0,3000.0,3000.0,3000.0,3000.0,3000.0,3000.0,3000.0,3000.0,3000.0,3000.0,3000.0,3000.0,3000.0,3000.0,3000.0,3000.0,3000.0,3000.0,3000.0,3000.0,3000.0,3000.0,3000.0,3000.0,3000.0,3000.0,3000.0,3000.0,3000.0,3000.0,3000.0,3000.0,3000.0,3000.0,3000.0,3000.0,3000.0,3000.0,3000.0,3000.0,3000.0,3000.0,3000.0,3000.0,3000.0,3000.0,3000.0,3000.0,3000.0,3000.0,3000.0,3000.0,3000.0,3000.0,3000.0,3000.0,3000.0,3000.0,3000.0,3000.0,3000.0,3000.0,3000.0,3000.0,3000.0,3000.0,3000.0,3000.0,3000.0,3000.0,3000.0,3000.0,3000.0,3000.0,3000.0,3000.0,3000.0,3000.0,3000.0,3000.0,3000.0,3000.0,3000.0,3000.0,3000.0,3000.0,3000.0,3000.0,3000.0,3000.0,3000.0,3000.0,3000.0,3000.0,3000.0,3000.0,3000.0,3000.0,3000.0,3000.0,3000.0,3000.0,3000.0,3000.0,3000.0,3000.0,3000.0,3000.0,3000.0,3000.0,3000.0,3000.0,3000.0,3000.0,3000.0,3000.0
667,666.6666666666666,674.1968888770117,697.6618240179054,739.9441761164949,806.869257883194,909.4399622806357,1069.2503144064508,3000.0,666.6666666666666,674.1968888770117,697.6618240179054,739.9441761164949,806.869257883194,909.4399622806357,1069.2503144064508,3000.0,666.6666666666666,674.1968888770117,697.6618240179054,739.9441761164949,806.869257883194,909.4399622806357,1069.2503144064508,3000.0,666.6666666666666,674.1968888770117,697.6618240179054,739.9441761164949,806.869257883194,909.4399622806357,1069.2503144064508,3000.0,666.6666666666666,674.1968888770117,697.6618240179054,739.9441761164949,806.869257883194,909.4399622806357,1069.2503144064508,3000.0,666.6666666666666,674.1968888770117,697.6618240179054,739.9441761164949,806.869257883194,909.4399622806357,1069.2503144064508,3000.0,666.6666666666666,674.1968888770117,697.6618240179054,739.9441761164949,806.869257883194,909.4399622806357,1069.2503144064508,3000.0,666.6666666666666,674.1968888770117,697.6618240179054,739.9441761164949,806.869257883194,909.4399622806357,1069.2503144064508,3000.0,3000.0,1069.2503144064508,909.4399622806357,806.869257883194,739.9441761164949,697.6618240179054,674.1968888770117,666.6666666666666,3000.0,1069.2503144064508,909.4399622806357,806.869257883194,739.9441761164949,697.6618240179054,674.1968888770117,666.6666666666666,3000.0,1069.2503144064508,909.4399622806357,806.869257883194,739.9441761164949,697.6618240179054,674.1968888770117,666.6666666666666,3000.0,1069.2503144064508,909.4399622806357,806.869257883194,739.9441761164949,697.6618240179054,674.1968888770117,666.6666666666666,3000.0,1069.2503144064508,909.4399622806357,806.869257883194,739.9441761164949,697.6618240179054,674.1968888770117,666.6666666666666,3000.0,1069.2503144064508,909.4399622806357,806.869257883194,739.9441761164949,697.6618240179054,674.1968888770117,666.6666666666666,3000.0,1069.2503144064508,909.4399622806357,806.869257883194,739.9441761164949,697.6618240179054,674.1968888770117,666.6666666666666,3000.0,1069.2503144064508,909.4399622806357,806.869257883194,739.9441761164949,697.6618240179054,674.1968888770117,666.6666666666666,3000.0,3000.0,3000.0,3000.0,3000.0,3000.0,3000.0,3000.0,3000.0,3000.0,3000.0,3000.0,3000.0,3000.0,3000.0,3000.0,3000.0,3000.0,3000.0,3000.0,3000.0,3000.0,3000.0,3000.0,3000.0,3000.0,3000.0,3000.0,3000.0,3000.0,3000.0,3000.0,3000.0,3000.0,3000.0,3000.0,3000.0,3000.0,3000.0,3000.0,3000.0,3000.0,3000.0,3000.0,3000.0,3000.0,3000.0,3000.0,3000.0,3000.0,3000.0,3000.0,3000.0,3000.0,3000.0,3000.0,3000.0,3000.0,3000.0,3000.0,3000.0,3000.0,3000.0,3000.0,3000.0,3000.0,3000.0,3000.0,3000.0,3000.0,3000.0,3000.0,3000.0,3000.0,3000.0,3000.0,3000.0,3000.0,3000.0,3000.0,3000.0,3000.0,3000.0,3000.0,3000.0,3000.0,3000.0,3000.0,3000.0,3000.0,3000.0,3000.0,3000.0,3000.0,3000.0,3000.0,3000.0,3000.0,3000.0,3000.0,3000.0,3000.0,3000.0,3000.0,3000.0,3000.0,3000.0,3000.0,3000.0,3000.0,3000.0,3000.0,3000.0,3000.0,3000.0,3000.0,3000.0,3000.0,3000.0,3000.0,3000.0,3000.0,3000.0,3000.0,3000.0,3000.0,3000.0,3000.0,3000.0,3000.0,3000.0,3000.0,3000.0,3000.0,3000.0,3000.0,3000.0,3000.0,3000.0,3000.0,3000.0,3000.0,3000.0,3000.0,3000.0,3000.0,3000.0,3000.0,3000.0,3000.0,3000.0,3000.0,3000.0,3000.0,3000.0,3000.0,3000.0,3000.0,3000.0,3000.0,3000.0,3000.0,3000.0,3000.0,3000.0,3000.0,3000.0,3000.0,3000.0,3000.0,3000.0,3000.0,3000.0,3000.0,3000.0,3000.0,3000.0,3000.0,3000.0,3000.0,3000.0,3000.0,3000.0,3000.0,3000.0,3000.0,3000.0,3000.0,3000.0,3000.0,3000.0,3000.0,3000.0,3000.0,3000.0,3000.0,3000.0,3000.0,3000.0,3000.0,3000.0,3000.0,3000.0,3000.0,3000.0,3000.0,3000.0,3000.0,3000.0,3000.0,3000.0,3000.0,3000.0,3000.0,3000.0,3000.0,3000.0,3000.0,3000.0,3000.0,3000.0,3000.0,3000.0,3000.0,3000.0,3000.0,3000.0,3000.0,3000.0,3000.0,3000.0,3000.0,3000.0,3000.0,3000.0,3000.0,3000.0,3000.0,3000.0,3000.0,3000.0,3000.0,3000.0,3000.0,3000.0,3000.0,3000.0,3000.0,3000.0,3000.0,3000.0,3000.0,3000.0,3000.0,3000.0,3000.0
733,683.3333333333334,691.051811098937,715.1033696183531,758.4427805194073,827.0409893302739,932.1759613376515,1095.9815722666121,3000.0,683.3333333333334,691.051811098937,715.1033696183531,758.4427805194073,827.0409893302739,932.1759613376515,1095.9815722666121,3000.0,683.3333333333334,691.051811098937,715.1033696183531,758.4427805194073,827.0409893302739,932.1759613376515,1095.9815722666121,3000.0,683.3333333333334,691.051811098937,715.1033696183531,758.4427805194073,827.0409893302739,932.1759613376515,1095.9815722666121,3000.0,683.3333333333334,691.051811098937,715.1033696183531,758.4427805194073,827.0409893302739,932.1759613376515,1095.9815722666121,3000.0,683.3333333333334,691.051811098937,715.1033696183531,758.4427805194073,827.0409893302739,932.1759613376515,1095.9815722666121,3000.0,683.3333333333334,691.051811098937,715.1033696183531,758.4427805194073,827.0409893302739,932.1759613376515,1095.9815722666121,3000.0,683.3333333333334,691.051811098937,715.1033696183531,758.4427805194073,827.0409893302739,932.1759613376515,1095.9815722666121,3000.0,3000.0,1095.9815722666121,932.1759613376515,827.0409893302739,758.4427805194073,715.1033696183531,691.051811098937,683.3333333333334,3000.0,1095.9815722666121,932.1759613376515,827.0409893302739,758.4427805194073,715.1033696183531,691.051811098937,683.3333333333334,3000.0,1095.9815722666121,932.1759613376515,827.0409893302739,758.4427805194073,715.1033696183531,691.051811098937,683.3333333333334,3000.0,1095.9815722666121,932.1759613376515,827.0409893302739,758.4427805194073,715.1033696183531,691.051811098937,683.3333333333334,3000.0,1095.9815722666121,932.1759613376515,827.0409893302739,758.4427805194073,715.1033696183531,691.051811098937,683.3333333333334,3000.0,1095.9815722666121,932.1759613376515,827.0409893302739,758.4427805194073,715.1033696183531,691.051811098937,683.3333333333334,3000.0,1095.9815722666121,932.1759613376515,827.0409893302739,758.4427805194073,715.1033696183531,691.051811098937,683.3333333333334,3000.0,1095.9815722666121,932.1759613376515,827.0409893302739,758.4427805194073,715.1033696183531,691.051811098937,683.3333333333334,3000.0,3000.0,3000.0,3000.0,3000.0,3000.0,3000.0,3000.0,3000.0,3000.0,3000.0,3000.0,3000.0,3000.0,3000.0,3000.0,3000.0,3000.0,3000.0,3000.0,3000.0,3000.0,3000.0,3000.0,3000.0,3000.0,3000.0,3000.0,3000.0,3000.0,3000.0,3000.0,3000.0,3000.0,3000.0,3000.0,3000.0,3000.0,3000.0,3000.0,3000.0,3000.0,3000.0,3000.0,3000.0,3000.0,3000.0,3000.0,3000.0,3000.0,3000.0,3000.0,3000.0,3000.0,3000.0,3000.0,3000.0,3000.0,3000.0,3000.0,3000.0,3000.0,3000.0,3000.0,3000.0,3000.0,3000.0,3000.0,3000.0,3000.0,3000.0,3000.0,3000.0,3000.0,3000.0,3000.0,3000.0,3000.0,3000.0,3000.0,3000.0,3000.0,3000.0,3000.0,3000.0,3000.0,3000.0,3000.0,3000.0,3000.0,3000.0,3000.0,3000.0,3000.0,3000.0,3000.0,3000.0,3000.0,3000.0,3000.0,3000.0,3000.0,3000.0,3000.0,3000.0,3000.0,3000.0,3000.0,3000.0,3000.0,3000.0,3000.0,3000.0,3000.0,3000.0,3000.0,3000.0,3000.0,3000.0,3000.0,3000.0,3000.0,3000.0,3000.0,3000.0,3000.0,3000.0,3000.0,3000.0,3000.0,3000.0,3000.0,3000.0,3000.0,3000.0,3000.0,3000.0,3000.0,3000.0,3000.0,3000.0,3000.0,3000.0,3000.0,3000.0,3000.0,3000.0,3000.0,3000.0,3000.0,3000.0,3000.0,3000.0,3000.0,3000.0,3000.0,3000.0,3000.0,3000.0,3000.0,3000.0,3000.0,3000.0,3000.0,3000.0,3000.0,3000.0,3000.0,3000.0,3000.0,3000.0,3000.0,3000.0,3000.0,3000.0,3000.0,3000.0,3000.0,3000.0,3000.0,3000.0,3000.0,3000.0,3000.0,3000.0,3000.0,3000.0,3000.0,3000.0,3000.0,3000.0,3000.0,3000.0,3000.0,3000.0,3000.0,3000.0,3000.0,3000.0,3000.0,3000.0,3000.0,3000.0,3000.0,3000.0,3000.0,3000.0,3000.0,3000.0,3000.0,3000.0,3000.0,3000.0,3000.0,3000.0,3000.0,3000.0,3000.0,3000.0,3000.0,3000.0,3000.0,3000.0,3000.0,3000.0,3000.0,3000.0,3000.0,3000.0,3000.0,3000.0,3000.0,3000.0,3000.0,3000.0,3000.0,3000.0,3000.0,3000.0,3000.0,3000.0,3000.0,3000.0,3000.0,3000.0,3000.0,3000.0,3000.0,3000.0,3000.0,3000.0,3000.0,3000.0,3000.0,3000.0,3000.0
800,700.0,707.9067333208623,732.5449152188006,776.9413849223196,847.2127207773536,954.9119603946674,1122.7128301267735,3000.0,700.0,707.9067333208623,732.5449152188006,776.9413849223196,847.2127207773536,954.9119603946674,1122.7128301267735,3000.0,700.0,707.9067333208623,732.5449152188006,776.9413849223196,847.2127207773536,954.9119603946674,1122.7128301267735,3000.0,700.0,707.9067333208623,732.5449152188006,776.9413849223196,847.2127207773536,954.9119603946674,1122.7128301267735,3000.0,700.0,707.9067333208623,732.5449152188006,776.9413849223196,847.2127207773536,954.9119603946674,1122.7128301267735,3000.0,700.0,707.9067333208623,732.5449152188006,776.9413849223196,847.2127207773536,954.9119603946674,1122.7128301267735,3000.0,700.0,707.9067333208623,732.5449152188006,776.9413849223196,847.2127207773536,954.9119603946674,1122.7128301267735,3000.0,700.0,707.9067333208623,732.5449152188006,776.9413849223196,847.2127207773536,954.9119603946674,1122.7128301267735,3000.0,3000.0,1122.7128301267735,954.9119603946674,847.2127207773536,776.9413849223196,732.5449152188006,707.9067333208623,700.0,3000.0,1122.7128301267735,954.9119603946674,847.2127207773536,776.9413849223196,732.5449152188006,707.9067333208623,700.0,3000.0,1122.7128301267735,954.9119603946674,847.2127207773536,776.9413849223196,732.5449152188006,707.9067333208623,700.0,3000.0,1122.7128301267735,954.9119603946674,847.2127207773536,776.9413849223196,732.5449152188006,707.9067333208623,700.0,3000.0,1122.7128301267735,954.9119603946674,847.2127207773536,776.9413849223196,732.5449152188006,707.9067333208623,700.0,3000.0,1122.7128301267735,954.9119603946674,847.2127207773536,776.9413849223196,732.5449152188006,707.9067333208623,700.0,3000.0,1122.7128301267735,954.9119603946674,847.2127207773536,776.9413849223196,732.5449152188006,707.9067333208623,700.0,3000.0,1122.7128301267735,954.9119603946674,847.2127207773536,776.9413849223196,732.5449152188006,707.9067333208623,700.0,3000.0,3000.0,3000.0,3000.0,3000.0,3000.0,3000.0,3000.0,3000.0,3000.0,3000.0,3000.0,3000.0,3000.0,3000.0,3000.0,3000.0,3000.0,3000.0,3000.0,3000.0,3000.0,3000.0,3000.0,3000.0,3000.0,3000.0,3000.0,3000.0,3000.0,3000.0,3000.0,3000.0,3000.0,3000.0,3000.0,3000.0,3000.0,3000.0,3000.0,3000.0,3000.0,3000.0,3000.0,3000.0,3000.0,3000.0,3000.0,3000.0,3000.0,3000.0,3000.0,3000.0,3000.0,3000.0,3000.0,3000.0,3000.0,3000.0,3000.0,3000.0,3000.0,3000.0,3000.0,3000.0,3000.0,3000.0,3000.0,3000.0,3000.0,3000.0,3000.0,3000.0,3000.0,3000.0,3000.0,3000.0,3000.0,3000.0,3000.0,3000.0,3000.0,3000.0,3000.0,3000.0,3000.0,3000.0,3000.0,3000.0,3000.0,3000.0,3000.0,3000.0,3000.0,3000.0,3000.0,3000.0,3000.0,3000.0,3000.0,3000.0,3000.0,3000.0,3000.0,3000.0,3000.0,3000.0,3000.0,3000.0,3000.0,3000.0,3000.0,3000.0,3000.0,3000.0,3000.0,3000.0,3000.0,3000.0,3000.0,3000.0,3000.0,3000.0,3000.0,3000.0,3000.0,3000.0,3000.0,3000.0,3000.0,3000.0,3000.0,3000.0,3000.0,3000.0,3000.0,3000.0,3000.0,3000.0,3000.0,3000.0,3000.0,3000.0,3000.0,3000.0,3000.0,3000.0,3000.0,3000.0,3000.0,3000.0,3000.0,3000.0,3000.0,3000.0,3000.0,3000.0,3000.0,3000.0,3000.0,3000.0,3000.0,3000.0,3000.0,3000.0,3000.0,3000.0,3000.0,3000.0,3000.0,3000.0,3000.0,3000.0,3000.0,3000.0,3000.0,3000.0,3000.0,3000.0,3000.0,3000.0,3000.0,3000.0,3000.0,3000.0,3000.0,3000.0,3000.0,3000.0,3000.0,3000.0,3000.0,3000.0,3000.0,3000.0,3000.0,3000.0,3000.0,3000.0,3000.0,3000.0,3000.0,3000.0,3000.0,3000.0,3000.0,3000.0,3000.0,3000.0,3000.0,3000.0,3000.0,3000.0,3000.0,3000.0,3000.0,3000.0,3000.0,3000.0,3000.0,3000.0,3000.0,3000.0,3000.0,3000.0,3000.0,3000.0,3000.0,3000.0,3000.0,3000.0,3000.0,3000.0,3000.0,3000.0,3000.0,3000.0,3000.0,3000.0,3000.0,3000.0,3000.0,3000.0,3000.0,3000.0,3000.0,3000.0,3000.0,3000.0,3000.0,3000.0,3000.0,3000.0,3000.0,3000.0,3000.0
867,716.6666666666666,724.7616555427876,749.9864608192484,795.4399893252321,867.3844522244336,977.6479594516834,1149.4440879869348,3000.0,716.6666666666666,724.7616555427876,749.9864608192484,795.4399893252321,867.3844522244336,977.6479594516834,1149.4440879869348,3000.0,716.6666666666666,724.7616555427876,749.9864608192484,795.4399893252321,867.3844522244336,977.6479594516834,1149.4440879869348,3000.0,716.6666666666666,724.7616555427876,749.9864608192484,795.4399893252321,867.3844522244336,977.6479594516834,1149.4440879869348,3000.0,716.6666666666666,724.7616555427876,749.9864608192484,795.4399893252321,867.3844522244336,977.6479594516834,1149.4440879869348,3000.0,716.6666666666666,724.7616555427876,749.9864608192484,795.4399893252321,867.3844522244336,977.6479594516834,1149.4440879869348,3000.0,716.6666666666666,724.7616555427876,749.9864608192484,795.4399893252321,867.3844522244336,977.6479594516834,1149.4440879869348,3000.0,716.6666666666666,724.7616555427876,749.9864608192484,795.4399893252321,867.3844522244336,977.6479594516834,1149.4440879869348,3000.0,3000.0,1149.4440879869348,977.6479594516834,867.3844522244336,795.4399893252321,749.9864608192484,724.7616555427876,716.6666666666666,3000.0,1149.4440879869348,977.6479594516834,867.3844522244336,795.4399893252321,749.9864608192484,724.7616555427876,716.6666666666666,3000.0,1149.4440879869348,977.6479594516834,867.3844522244336,795.4399893252321,749.9864608192484,724.7616555427876,716.6666666666666,3000.0,1149.4440879869348,977.6479594516834,867.3844522244336,795.4399893252321,749.9864608192484,724.7616555427876,716.6666666666666,3000.0,1149.4440879869348,977.6479594516834,867.3844522244336,795.4399893252321,749.9864608192484,724.7616555427876,716.6666666666666,3000.0,1149.4440879869348,977.6479594516834,867.3844522244336,795.4399893252321,749.9864608192484,724.7616555427876,716.6666666666666,3000.0,1149.4440879869348,977.6479594516834,867.3844522244336,795.4399893252321,749.9864608192484,724.7616555427876,716.6666666666666,3000.0,1149.4440879869348,977.6479594516834,867.3844522244336,795.4399893252321,749.9864608192484,724.7616555427876,716.6666666666666,3000.0,3000.0,3000.0,3000.0,3000.0,3000.0,3000.0,3000.0,3000.0,3000.0,3000.0,3000.0,3000.0,3000.0,3000.0,3000.0,3000.0,3000.0,3000.0,3000.0,3000.0,3000.0,3000.0,3000.0,3000.0,3000.0,3000.0,3000.0,3000.0,3000.0,3000.0,3000.0,3000.0,3000.0,3000.0,3000.0,3000.0,3000.0,3000.0,3000.0,3000.0,3000.0,3000.0,3000.0,3000.0,3000.0,3000.0,3000.0,3000.0,3000.0,3000.0,3000.0,3000.0,3000.0,3000.0,3000.0,3000.0,3000.0,3000.0,3000.0,3000.0,3000.0,3000.0,3000.0,3000.0,3000.0,3000.0,3000.0,3000.0,3000.0,3000.0,3000.0,3000.0,3000.0,3000.0,3000.0,3000.0,3000.0,3000.0,3000.0,3000.0,3000.0,3000.0,3000.0,3000.0,3000.0,3000.0,3000.0,3000.0,3000.0,3000.0,3000.0,3000.0,3000.0,3000.0,3000.0,3000.0,3000.0,3000.0,3000.0,3000.0,3000.0,3000.0,3000.0,3000.0,3000.0,3000.0,3000.0,3000.0,3000.0,3000.0,3000.0,3000.0,3000.0,3000.0,3000.0,3000.0,3000.0,3000.0,3000.0,3000.0,3000.0,3000.0,3000.0,3000.0,3000.0,3000.0,3000.0,3000.0,3000.0,3000.0,3000.0,3000.0,3000.0,3000.0,3000.0,3000.0,3000.0,3000.0,3000.0,3000.0,3000.0,3000.0,3000.0,3000.0,3000.0,3000.0,3000.0,3000.0,3000.0,3000.0,3000.0,3000.0,3000.0,3000.0,3000.0,3000.0,3000.0,3000.0,3000.0,3000.0,3000.0,3000.0,3000.0,3000.0,3000.0,3000.0,3000.0,3000.0,3000.0,3000.0,3000.0,3000.0,3000.0,3000.0,3000.0,3000.0,3000.0,3000.0,3000.0,3000.0,3000.0,3000.0,3000.0,3000.0,3000.0,3000.0,3000.0,3000.0,3000.0,3000.0,3000.0,3000.0,3000.0,3000.0,3000.0,3000.0,3000.0,3000.0,3000.0,3000.0,3000.0,3000.0,3000.0,3000.0,3000.0,3000.0,3000.0,3000.0,3000.0,3000.0,3000.0,3000.0,3000.0,3000.0,3000.0,3000.0,3000.0,3000.0,3000.0,3000.0,3000.0,3000.0,3000.0,3000.0,3000.0,3000.0,3000.0,3000.0,3000.0,3000.0,3000.0,3000.0,3000.0,3000.0,3000.0,3000.0,3000.0,3000.0,3000.0,3000.0,3000.0,3000.0,3000.0,3000.0,3000.0,3000.0,3000.0,3000.0,3000.0,3000.0,3000.0,3000.0,3000.0,3000.0,3000.0
933,733.3333333333334,741.6165777647129,767.428006419696,813.9385937281445,887.5561836715135,1000.3839585086994,1176.175345847096,3000.0,733.3333333333334,741.6165777647129,767.428006419696,813.9385937281445,887.5561836715135,1000.3839585086994,1176.175345847096,3000.0,733.3333333333334,741.6165777647129,767.428006419696,813.9385937281445,887.5561836715135,1000.3839585086994,1176.175345847096,3000.0,733.3333333333334,741.6165777647129,767.428006419696,813.9385937281445,887.5561836715135,1000.3839585086994,1176.175345847096,3000.0,733.3333333333334,741.6165777647129,767.428006419696,813.9385937281445,887.5561836715135,1000.3839585086994,1176.175345847096,3000.0,733.3333333333334,741.6165777647129,767.428006419696,813.9385937281445,887.5561836715135,1000.3839585086994,1176.175345847096,3000.0,733.3333333333334,741.6165777647129,767.428006419696,813.9385937281445,887.5561836715135,1000.3839585086994,1176.175345847096,3000.0,733.3333333333334,741.6165777647129,767.428006419696,813.9385937281445,887.5561836715135,1000.3839585086994,1176.175345847096,3000.0,3000.0,1176.175345847096,1000.3839585086994,887.5561836715135,813.9385937281445,767.428006419696,741.6165777647129,733.3333333333334,3000.0,1176.175345847096,1000.3839585086994,887.5561836715135,813.9385937281445,767.428006419696,741.6165777647129,733.3333333333334,3000.0,1176.175345847096,1000.3839585086994,887.5561836715135,813.9385937281445,767.428006419696,741.6165777647129,733.3333333333334,3000.0,1176.175345847096,1000.3839585086994,887.5561836715135,813.9385937281445,767.428006419696,741.6165777647129,733.3333333333334,3000.0,1176.175345847096,1000.3839585086994,887.5561836715135,813.9385937281445,767.428006419696,741.6165777647129,733.3333333333334,3000.0,1176.175345847096,1000.3839585086994,887.5561836715135,813.9385937281445,767.428006419696,741.6165777647129,733.3333333333334,3000.0,1176.175345847096,1000.3839585086994,887.5561836715135,813.9385937281445,767.428006419696,741.6165777647129,733.3333333333334,3000.0,1176.175345847096,1000.3839585086994,887.5561836715135,813.9385937281445,767.428006419696,741.6165777647129,733.3333333333334,3000.0,3000.0,3000.0,3000.0,3000.0,3000.0,3000.0,3000.0,3000.0,3000.0,3000.0,3000.0,3000.0,3000.0,3000.0,3000.0,3000.0,3000.0,3000.0,3000.0,3000.0,3000.0,3000.0,3000.0,3000.0,3000.0,3000.0,3000.0,3000.0,3000.0,3000.0,3000.0,3000.0,3000.0,3000.0,3000.0,3000.0,3000.0,3000.0,3000.0,3000.0,3000.0,3000.0,3000.0,3000.0,3000.0,3000.0,3000.0,3000.0,3000.0,3000.0,3000.0,3000.0,3000.0,3000.0,3000.0,3000.0,3000.0,3000.0,3000.0,3000.0,3000.0,3000.0,3000.0,3000.0,3000.0,3000.0,3000.0,3000.0,3000.0,3000.0,3000.0,3000.0,3000.0,3000.0,3000.0,3000.0,3000.0,3000.0,3000.0,3000.0,3000.0,3000.0,3000.0,3000.0,3000.0,3000.0,3000.0,3000.0,3000.0,3000.0,3000.0,3000.0,3000.0,3000.0,3000.0,3000.0,3000.0,3000.0,3000.0,3000.0,3000.0,3000.0,3000.0,3000.0,3000.0,3000.0,3000.0,3000.0,3000.0,3000.0,3000.0,3000.0,3000.0,3000.0,3000.0,3000.0,3000.0,3000.0,3000.0,3000.0,3000.0,3000.0,3000.0,3000.0,3000.0,3000.0,3000.0,3000.0,3000.0,3000.0,3000.0,3000.0,3000.0,3000.0,3000.0,3000.0,3000.0,3000.0,3000.0,3000.0,3000.0,3000.0,3000.0,3000.0,3000.0,3000.0,3000.0,3000.0,3000.0,3000.0,3000.0,3000.0,3000.0,3000.0,3000.0,3000.0,3000.0,3000.0,3000.0,3000.0,3000.0,3000.0,3000.0,3000.0,3000.0,3000.0,3000.0,3000.0,3000.0,3000.0,3000.0,3000.0,3000.0,3000.0,3000.0,3000.0,3000.0,3000.0,3000.0,3000.0,3000.0,3000.0,3000.0,3000.0,3000.0,3000.0,3000.0,3000.0,3000.0,3000.0,3000.0,3000.0,3000.0,3000.0,3000.0,3000.0,3000.0,3000.0,3000.0,3000.0,3000.0,3000.0,3000.0,3000.0,3000.0,3000.0,3000.0,3000.0,3000.0,3000.0,3000.0,3000.0,3000.0,3000.0,3000.0,3000.0,3000.0,3000.0,3000.0,3000.0,3000.0,3000.0,3000.0,3000.0,3000.0,3000.0,3000.0,3000.0,3000.0,3000.0,3000.0,3000.0,3000.0,3000.0,3000.0,3000.0,3000.0,3000.0,3000.0,3000.0,3000.0,3000.0,3000.0,3000.0,3000.0,3000.0,3000.0,3000.0,3000.0,3000.0,3000.0,3000.0,3000.0,3000.0,3000.0
1000,750.0,758.4714999866383,784.8695520201436,832.4371981310568,907.7279151185933,1023.1199575657153,1202.9066037072573,3000.0,750.0,758.4714999866383,784.8695520201436,832.4371981310568,907.7279151185933,1023.1199575657153,1202.9066037072573,3000.0,750.0,758.4714999866383,784.8695520201436,832.4371981310568,907.7279151185933,1023.1199575657153,1202.9066037072573,3000.0,750.0,758.4714999866383,784.8695520201436,832.4371981310568,907.7279151185933,1023.1199575657153,1202.9066037072573,3000.0,750.0,758.4714999866383,784.8695520201436,832.4371981310568,907.7279151185933,1023.1199575657153,1202.9066037072573,3000.0,750.0,758.4714999866383,784.8695520201436,832.4371981310568,907.7279151185933,1023.1199575657153,1202.9066037072573,3000.0,750.0,758.4714999866383,784.8695520201436,832.4371981310568,907.7279151185933,1023.1199575657153,1202.9066037072573,3000.0,750.0,758.4714999866383,784.8695520201436,832.4371981310568,907.7279151185933,1023.1199575657153,1202.9066037072573,3000.0,3000.0,1202.9066037072573,1023.1199575657153,907.7279151185933,832.4371981310568,784.8695520201436,758.4714999866383,750.0,3000.0,1202.9066037072573,1023.1199575657153,907.7279151185933,832.4371981310568,784.8695520201436,758.4714999866383,750.0,3000.0,1202.9066037072573,1023.1199575657153,907.7279151185933,832.4371981310568,784.8695520201436,758.4714999866383,750.0,3000.0,1202.9066037072573,1023.1199575657153,907.7279151185933,832.4371981310568,784.8695520201436,758.4714999866383,750.0,3000.0,1202.9066037072573,1023.1199575657153,907.7279151185933,832.4371981310568,784.8695520201436,758.4714999866383,750.0,3000.0,1202.9066037072573,1023.1199575657153,907.7279151185933,832.4371981310568,784.8695520201436,758.4714999866383,750.0,3000.0,1202.9066037072573,1023.1199575657153,907.7279151185933,832.4371981310568,784.8695520201436,758.4714999866383,750.0,3000.0,1202.9066037072573,1023.1199575657153,907.7279151185933,832.4371981310568,784.8695520201436,758.4714999866383,750.0,3000.0,3000.0,3000.0,3000.0,3000.0,3000.0,3000.0,3000.0,3000.0,3000.0,3000.0,3000.0,3000.0,3000.0,3000.0,3000.0,3000.0,3000.0,3000.0,3000.0,3000.0,3000.0,3000.0,3000.0,3000.0,3000.0,3000.0,3000.0,3000.0,3000.0,3000.0,3000.0,3000.0,3000.0,3000.0,3000.0,3000.0,3000.0,3000.0,3000.0,3000.0,3000.0,3000.0,3000.0,3000.0,3000.0,3000.0,3000.0,3000.0,3000.0,3000.0,3000.0,3000.0,3000.0,3000.0,3000.0,3000.0,3000.0,3000.0,3000.0,3000.0,3000.0,3000.0,3000.0,3000.0,3000.0,3000.0,3000.0,3000.0,3000.0,3000.0,3000.0,3000.0,3000.0,3000.0,3000.0,3000.0,3000.0,3000.0,3000.0,3000.0,3000.0,3000.0,3000.0,3000.0,3000.0,3000.0,3000.0,3000.0,3000.0,3000.0,3000.0,3000.0,3000.0,3000.0,3000.0,3000.0,3000.0,3000.0,3000.0,3000.0,3000.0,3000.0,3000.0,3000.0,3000.0,3000.0,3000.0,3000.0,3000.0,3000.0,3000.0,3000.0,3000.0,3000.0,3000.0,3000.0,3000.0,3000.0,3000.0,3000.0,3000.0,3000.0,3000.0,3000.0,3000.0,3000.0,3000.0,3000.0,3000.0,3000.0,3000.0,3000.0,3000.0,3000.0,3000.0,3000.0,3000.0,3000.0,3000.0,3000.0,3000.0,3000.0,3000.0,3000.0,3000.0,3000.0,3000.0,3000.0,3000.0,3000.0,3000.0,3000.0,3000.0,3000.0,3000.0,3000.0,3000.0,3000.0,3000.0,3000.0,3000.0,3000.0,3000.0,3000.0,3000.0,3000.0,3000.0,3000.0,3000.0,3000.0,3000.0,3000.0,3000.0,3000.0,3000.0,3000.0,3000.0,3000.0,3000.0,3000.0,3000.0,3000.0,3000.0,3000.0,3000.0,3000.0,3000.0,3000.0,3000.0,3000.0,3000.0,3000.0,3000.0,3000.0,3000.0,3000.0,3000.0,3000.0,3000.0,3000.0,3000.0,3000.0,3000.0,3000.0,3000.0,3000.0,3000.0,3000.0,3000.0,3000.0,3000.0,3000.0,3000.0,3000.0,3000.0,3000.0,3000.0,3000.0,3000.0,3000.0,3000.0,3000.0,3000.0,3000.0,3000.0,3000.0,3000.0,3000.0,3000.0,3000.0,3000.0,3000.0,3000.0,3000.0,3000.0,3000.0,3000.0,3000.0,3000.0,3000.0,3000.0,3000.0,3000.0,3000.0,3000.0,3000.0,3000.0,3000.0,3000.0,3000.0,3000.0,3000.0,3000.0,3000.0,3000.0
1067,766.6666666666666,775.3264222085634,802.3110976205911,850.9358025339691,927.8996465656732,1045.855956622731,1229.6378615674184,3000.0,766.6666666666666,775.3264222085634,802.3110976205911,850.9358025339691,927.8996465656732,1045.855956622731,1229.6378615674184,3000.0,766.6666666666666,775.3264222085634,802.3110976205911,850.9358025339691,927.8996465656732,1045.855956622731,1229.6378615674184,3000.0,766.6666666666666,775.3264222085634,802.3110976205911,850.9358025339691,927.8996465656732,1045.855956622731,1229.6378615674184,3000.0,766.6666666666666,775.3264222085634,802.3110976205911,850.9358025339691,927.8996465656732,1045.855956622731,1229.6378615674184,3000.0,766.6666666666666,775.3264222085634,802.3110976205911,850.9358025339691,927.8996465656732,1045.855956622731,1229.6378615674184,3000.0,766.6666666666666,775.3264222085634,802.3110976205911,850.9358025339691,927.8996465656732,1045.855956622731,1229.6378615674184,3000.0,766.6666666666666,775.3264222085634,802.3110976205911,850.9358025339691,927.8996465656732,1045.855956622731,1229.6378615674184,3000.0,3000.0,1229.6378615674184,1045.855956622731,927.8996465656732,850.9358025339691,802.3110976205911,775.3264222085634,766.6666666666666,3000.0,1229.6378615674184,1045.855956622731,927.8996465656732,850.9358025339691,802.3110976205911,775.3264222085634,766.6666666666666,3000.0,1229.6378615674184,1045.855956622731,927.8996465656732,850.9358025339691,802.3110976205911,775.3264222085634,766.6666666666666,3000.0,1229.6378615674184,1045.855956622731,927.8996465656732,850.9358025339691,802.3110976205911,775.3264222085634,766.6666666666666,3000.0,1229.6378615674184,1045.855956622731,927.8996465656732,850.9358025339691,802.3110976205911,775.3264222085634,766.6666666666666,3000.0,1229.6378615674184,1045.855956622731,927.8996465656732,850.9358025339691,802.3110976205911,775.3264222085634,766.6666666666666,3000.0,1229.6378615674184,1045.855956622731,927.8996465656732,850.9358025339691,802.3110976205911,775.3264222085634,766.6666666666666,3000.0,1229.6378615674184,1045.855956622731,927.8996465656732,850.9358025339691,802.3110976205911,775.3264222085634,766.6666666666666,3000.0,3000.0,3000.0,3000.0,3000.0,3000.0,3000.0,3000.0,3000.0,3000.0,3000.0,3000.0,3000.0,3000.0,3000.0,3000.0,3000.0,3000.0,3000.0,3000.0,3000.0,3000.0,3000.0,3000.0,3000.0,3000.0,3000.0,3000.0,3000.0,3000.0,3000.0,3000.0,3000.0,3000.0,3000.0,3000.0,3000.0,3000.0,3000.0,3000.0,3000.0,3000.0,3000.0,3000.0,3000.0,3000.0,3000.0,3000.0,3000.0,3000.0,3000.0,3000.0,3000.0,3000.0,3000.0,3000.0,3000.0,3000.0,3000.0,3000.0,3000.0,3000.0,3000.0,3000.0,3000.0,3000.0,3000.0,3000.0,3000.0,3000.0,3000.0,3000.0,3000.0,3000.0,3000.0,3000.0,3000.0,3000.0,3000.0,3000.0,3000.0,3000.0,3000.0,3000.0,3000.0,3000.0,3000.0,3000.0,3000.0,3000.0,3000.0,3000.0,3000.0,3000.0,3000.0,3000.0,3000.0,3000.0,3000.0,3000.0,3000.0,3000.0,3000.0,3000.0,3000.0,3000.0,3000.0,3000.0,3000.0,3000.0,3000.0,3000.0,3000.0,3000.0,3000.0,3000.0,3000.0,3000.0,3000.0,3000.0,3000.0,3000.0,3000.0,3000.0,3000.0,3000.0,3000.0,3000.0,3000.0,3000.0,3000.0,3000.0,3000.0,3000.0,3000.0,3000.0,3000.0,3000.0,3000.0,3000.0,3000.0,3000.0,3000.0,3000.0,3000.0,3000.0,3000.0,3000.0,3000.0,3000.0,3000.0,3000.0,3000.0,3000.0,3000.0,3000.0,3000.0,3000.0,3000.0,3000.0,3000.0,3000.0,3000.0,3000.0,3000.0,3000.0,3000.0,3000.0,3000.0,3000.0,3000.0,3000.0,3000.0,3000.0,3000.0,3000.0,3000.0,3000.0,3000.0,3000.0,3000.0,3000.0,3000.0,3000.0,3000.0,3000.0,3000.0,3000.0,3000.0,3000.0,3000.0,3000.0,3000.0,3000.0,3000.0,3000.0,3000.0,3000.0,3000.0,3000.0,3000.0,3000.0,3000.0,3000.0,3000.0,3000.0,3000.0,3000.0,3000.0,3000.0,3000.0,3000.0,3000.0,3000.0,3000.0,3000.0,3000.0,3000.0,3000.0,3000.0,3000.0,3000.0,3000.0,3000.0,3000.0,3000.0,3000.0,3000.0,3000.0,3000.0,3000.0,3000.0,3000.0,3000.0,3000.0,3000.0,3000.0,3000.0,3000.0,3000.0,3000.0,3000.0,3000.0,3000.0,3000.0,3000.0,3000.0,3000.0,3000.0,3000.0,3000.0,3000.0,3000.0,3000.0,3000.0,3000.0
1133,783.3333333333334,792.1813444304888,819.752643221039,869.4344069368815,948.071378012753,1068.591955679747,1256.3691194275798,3000.0,783.3333333333334,792.1813444304888,819.752643221039,869.4344069368815,948.071378012753,1068.591955679747,1256.3691194275798,3000.0,783.3333333333334,792.1813444304888,819.752643221039,869.4344069368815,948.071378012753,1068.591955679747,1256.3691194275798,3000.0,783.3333333333334,792.1813444304888,819.752643221039,869.4344069368815,948.071378012753,1068.591955679747,1256.3691194275798,3000.0,783.3333333333334,792.1813444304888,819.752643221039,869.4344069368815,948.071378012753,1068.591955679747,1256.3691194275798,3000.0,783.3333333333334,792.1813444304888,819.752643221039,869.4344069368815,948.071378012753,1068.591955679747,1256.3691194275798,3000.0,783.3333333333334,792.1813444304888,819.752643221039,869.4344069368815,948.071378012753,1068.591955679747,1256.3691194275798,3000.0,783.3333333333334,792.1813444304888,819.752643221039,869.4344069368815,948.071378012753,1068.591955679747,1256.3691194275798,3000.0,3000.0,1256.3691194275798,1068.591955679747,948.071378012753,869.4344069368815,819.752643221039,792.1813444304888,783.3333333333334,3000.0,1256.3691194275798,1068.591955679747,948.071378012753,869.4344069368815,819.752643221039,792.1813444304888,783.3333333333334,3000.0,1256.3691194275798,1068.591955679747,948.071378012753,869.4344069368815,819.752643221039,792.1813444304888,783.3333333333334,3000.0,1256.3691194275798,1068.591955679747,948.071378012753,869.4344069368815,819.752643221039,792.1813444304888,783.3333333333334,3000.0,1256.3691194275798,1068.591955679747,948.071378012753,869.4344069368815,819.752643221039,792.1813444304888,783.3333333333334,3000.0,1256.3691194275798,1068.591955679747,948.071378012753,869.4344069368815,819.752643221039,792.1813444304888,783.3333333333334,3000.0,1256.3691194275798,1068.591955679747,948.071378012753,869.4344069368815,819.752643221039,792.1813444304888,783.3333333333334,3000.0,1256.3691194275798,1068.591955679747,948.071378012753,869.4344069368815,819.752643221039,792.1813444304888,783.3333333333334,3000.0,3000.0,3000.0,3000.0,3000.0,3000.0,3000.0,3000.0,3000.0,3000.0,3000.0,3000.0,3000.0,3000.0,3000.0,3000.0,3000.0,3000.0,3000.0,3000.0,3000.0,3000.0,3000.0,3000.0,3000.0,3000.0,3000.0,3000.0,3000.0,3000.0,3000.0,3000.0,3000.0,3000.0,3000.0,3000.0,3000.0,3000.0,3000.0,3000.0,3000.0,3000.0,3000.0,3000.0,3000.0,3000.0,3000.0,3000.0,3000.0,3000.0,3000.0,3000.0,3000.0,3000.0,3000.0,3000.0,3000.0,3000.0,3000.0,3000.0,3000.0,3000.0,3000.0,3000.0,3000.0,3000.0,3000.0,3000.0,3000.0,3000.0,3000.0,3000.0,3000.0,3000.0,3000.0,3000.0,3000.0,3000.0,3000.0,3000.0,3000.0,3000.0,3000.0,3000.0,3000.0,3000.0,3000.0,3000.0,3000.0,3000.0,3000.0,3000.0,3000.0,3000.0,3000.0,3000.0,3000.0,3000.0,3000.0,3000.0,3000.0,3000.0,3000.0,3000.0,3000.0,3000.0,3000.0,3000.0,3000.0,3000.0,3000.0,3000.0,3000.0,3000.0,3000.0,3000.0,3000.0,3000.0,3000.0,3000.0,3000.0,3000.0,3000.0,3000.0,3000.0,3000.0,3000.0,3000.0,3000.0,3000.0,3000.0,3000.0,3000.0,3000.0,3000.0,3000.0,3000.0,3000.0,3000.0,3000.0,3000.0,3000.0,3000.0,3000.0,3000.0,3000.0,3000.0,3000.0,3000.0,3000.0,3000.0,3000.0,3000.0,3000.0,3000.0,3000.0,3000.0,3000.0,3000.0,3000.0,3000.0,3000.0,3000.0,3000.0,3000.0,3000.0,3000.0,3000.0,3000.0,3000.0,3000.0,3000.0,3000.0,3000.0,3000.0,3000.0,3000.0,3000.0,3000.0,3000.0,3000.0,3000.0,3000.0,3000.0,3000.0,3000.0,3000.0,3000.0,3000.0,3000.0,3000.0,3000.0,3000.0,3000.0,3000.0,3000.0,3000.0,3000.0,3000.0,3000.0,3000.0,3000.0,3000.0,3000.0,3000.0,3000.0,3000.0,3000.0,3000.0,3000.0,3000.0,3000.0,3000.0,3000.0,3000.0,3000.0,3000.0,3000.0,3000.0,3000.0,3000.0,3000.0,3000.0,3000.0,3000.0,3000.0,3000.0,3000.0,3000.0,3000.0,3000.0,3000.0,3000.0,3000.0,3000.0,3000.0,3000.0,3000.0,3000.0,3000.0,3000.0,3000.0,3000.0,3000.0,3000.0,3000.0,3000.0,3000.0,3000.0,3000.0,3000.0,3000.0,3000.0,3000.0,3000.0,3000.0
1200,800.0,809.0362666524142,837.1941888214866,887.933011339794,968.2431094598329,1091.3279547367629,3000.0,3000.0,800.0,809.0362666524142,837.1941888214866,887.933011339794,968.2431094598329,1091.3279547367629,3000.0,3000.0,800.0,809.0362666524142,837.1941888214866,887.933011339794,968.2431094598329,1091.3279547367629,3000.0,3000.0,800.0,809.0362666524142,837.1941888214866,887.933011339794,968.2431094598329,1091.3279547367629,3000.0,3000.0,800.0,809.0362666524142,837.1941888214866,887.933011339794,968.2431094598329,1091.3279547367629,3000.0,3000.0,800.0,809.0362666524142,837.1941888214866,887.933011339794,968.2431094598329,1091.3279547367629,3000.0,3000.0,800.0,809.0362666524142,837.1941888214866,887.933011339794,968.2431094598329,1091.3279547367629,3000.0,3000.0,800.0,809.0362666524142,837.1941888214866,887.933011339794,968.2431094598329,1091.3279547367629,3000.0,3000.0,3000.0,3000.0,1091.3279547367629,968.2431094598329,887.933011339794,837.1941888214866,809.0362666524142,800.0,3000.0,3000.0,1091.3279547367629,968.2431094598329,887.933011339794,837.1941888214866,809.0362666524142,800.0,3000.0,3000.0,1091.3279547367629,968.2431094598329,887.933011339794,837.1941888214866,809.0362666524142,800.0,3000.0,3000.0,1091.3279547367629,968.2431094598329,887.933011339794,837.1941888214866,809.0362666524142,800.0,3000.0,3000.0,1091.3279547367629,968.2431094598329,887.933011339794,837.1941888214866,809.0362666524142,800.0,3000.0,3000.0,1091.3279547367629,968.2431094598329,887.933011339794,837.1941888214866,809.0362666524142,800.0,3000.0,3000.0,1091.3279547367629,968.2431094598329,887.933011339794,837.1941888214866,809.0362666524142,800.0,3000.0,3000.0,1091.3279547367629,968.2431094598329,887.933011339794,837.1941888214866,809.0362666524142,800.0,3000.0,3000.0,3000.0,3000.0,3000.0,3000.0,3000.0,3000.0,3000.0,3000.0,3000.0,3000.0,3000.0,3000.0,3000.0,3000.0,3000.0,3000.0,3000.0,3000.0,3000.0,3000.0,3000.0,3000.0,3000.0,3000.0,3000.0,3000.0,3000.0,3000.0,3000.0,3000.0,3000.0,3000.0,3000.0,3000.0,3000.0,3000.0,3000.0,3000.0,3000.0,3000.0,3000.0,3000.0,3000.0,3000.0,3000.0,3000.0,3000.0,3000.0,3000.0,3000.0,3000.0,3000.0,3000.0,3000.0,3000.0,3000.0,3000.0,3000.0,3000.0,3000.0,3000.0,3000.0,3000.0,3000.0,3000.0,3000.0,3000.0,3000.0,3000.0,3000.0,3000.0,3000.0,3000.0,3000.0,3000.0,3000.0,3000.0,3000.0,3000.0,3000.0,3000.0,3000.0,3000.0,3000.0,3000.0,3000.0,3000.0,3000.0,3000.0,3000.0,3000.0,3000.0,3000.0,3000.0,3000.0,3000.0,3000.0,3000.0,3000.0,3000.0,3000.0,3000.0,3000.0,3000.0,3000.0,3000.0,3000.0,3000.0,3000.0,3000.0,3000.0,3000.0,3000.0,3000.0,3000.0,3000.0,3000.0,3000.0,3000.0,3000.0,3000.0,3000.0,3000.0,3000.0,3000.0,3000.0,3000.0,3000.0,3000.0,3000.0,3000.0,3000.0,3000.0,3000.0,3000.0,3000.0,3000.0,3000.0,3000.0,3000.0,3000.0,3000.0,3000.0,3000.0,3000.0,3000.0,3000.0,3000.0,3000.0,3000.0,3000.0,3000.0,3000.0,3000.0,3000.0,3000.0,3000.0,3000.0,3000.0,3000.0,3000.0,3000.0,3000.0,3000.0,3000.0,3000.0,3000.0,3000.0,3000.0,3000.0,3000.0,3000.0,3000.0,3000.0,3000.0,3000.0,3000.0,3000.0,3000.0,3000.0,3000.0,3000.0,3000.0,3000.0,3000.0,3000.0,3000.0,3000.0,3000.0,3000.0,3000.0,3000.0,3000.0,3000.0,3000.0,3000.0,3000.0,3000.0,3000.0,3000.0,3000.0,3000.0,3000.0,3000.0,3000.0,3000.0,3000.0,3000.0,3000.0,3000.0,3000.0,3000.0,3000.0,3000.0,3000.0,3000.0,3000.0,3000.0,3000.0,3000.0,3000.0,3000.0,3000.0,3000.0,3000.0,3000.0,3000.0,3000.0,3000.0,3000.0,3000.0,3000.0,3000.0,3000.0,3000.0,3000.0,3000.0,3000.0,3000.0,3000.0,3000.0,3000.0,3000.0,3000.0,3000.0,3000.0,3000.0,3000.0,3000.0,3000.0,3000.0,3000.0,3000.0,3000.0
1267,816.6666666666666,825.8911888743394,854.6357344219341,906.4316157427063,988.4148409069127,1114.0639537937786,3000.0,3000.0,816.6666666666666,825.8911888743394,854.6357344219341,906.4316157427063,988.4148409069127,1114.0639537937786,3000.0,3000.0,816.6666666666666,825.8911888743394,854.6357344219341,906.4316157427063,988.4148409069127,1114.0639537937786,3000.0,3000.0,816.6666666666666,825.8911888743394,854.6357344219341,906.4316157427063,988.4148409069127,1114.0639537937786,3000.0,3000.0,816.6666666666666,825.8911888743394,854.6357344219341,906.4316157427063,988.4148409069127,1114.0639537937786,3000.0,3000.0,816.6666666666666,825.8911888743394,854.6357344219341,906.4316157427063,988.4148409069127,1114.0639537937786,3000.0,3000.0,816.6666666666666,825.8911888743394,854.6357344219341,906.4316157427063,988.4148409069127,1114.0639537937786,3000.0,3000.0,816.6666666666666,825.8911888743394,854.6357344219341,906.4316157427063,988.4148409069127,1114.0639537937786,3000.0,3000.0,3000.0,3000.0,1114.0639537937786,988.4148409069127,906.4316157427063,854.6357344219341,825.8911888743394,816.6666666666666,3000.0,3000.0,1114.0639537937786,988.4148409069127,906.4316157427063,854.6357344219341,825.8911888743394,816.6666666666666,3000.0,3000.0,1114.0639537937786,988.4148409069127,906.4316157427063,854.6357344219341,825.8911888743394,816.6666666666666,3000.0,3000.0,1114.0639537937786,988.4148409069127,906.4316157427063,854.6357344219341,825.8911888743394,816.6666666666666,3000.0,3000.0,1114.0639537937786,988.4148409069127,906.4316157427063,854.6357344219341,825.8911888743394,816.6666666666666,3000.0,3000.0,1114.0639537937786,988.4148409069127,906.4316157427063,854.6357344219341,825.8911888743394,816.6666666666666,3000.0,3000.0,1114.0639537937786,988.4148409069127,906.4316157427063,854.6357344219341,825.8911888743394,816.6666666666666,3000.0,3000.0,1114.0639537937786,988.4148409069127,906.4316157427063,854.6357344219341,825.8911888743394,816.6666666666666,3000.0,3000.0,3000.0,3000.0,3000.0,3000.0,3000.0,3000.0,3000.0,3000.0,3000.0,3000.0,3000.0,3000.0,3000.0,3000.0,3000.0,3000.0,3000.0,3000.0,3000.0,3000.0,3000.0,3000.0,3000.0,3000.0,3000.0,3000.0,3000.0,3000.0,3000.0,3000.0,3000.0,3000.0,3000.0,3000.0,3000.0,3000.0,3000.0,3000.0,3000.0,3000.0,3000.0,3000.0,3000.0,3000.0,3000.0,3000.0,3000.0,3000.0,3000.0,3000.0,3000.0,3000.0,3000.0,3000.0,3000.0,3000.0,3000.0,3000.0,3000.0,3000.0,3000.0,3000.0,3000.0,3000.0,3000.0,3000.0,3000.0,3000.0,3000.0,3000.0,3000.0,3000.0,3000.0,3000.0,3000.0,3000.0,3000.0,3000.0,3000.0,3000.0,3000.0,3000.0,3000.0,3000.0,3000.0,3000.0,3000.0,3000.0,3000.0,3000.0,3000.0,3000.0,3000.0,3000.0,3000.0,3000.0,3000.0,3000.0,3000.0,3000.0,3000.0,3000.0,3000.0,3000.0,3000.0,3000.0,3000.0,3000.0,3000.0,3000.0,3000.0,3000.0,3000.0,3000.0,3000.0,3000.0,3000.0,3000.0,3000.0,3000.0,3000.0,3000.0,3000.0,3000.0,3000.0,3000.0,3000.0,3000.0,3000.0,3000.0,3000.0,3000.0,3000.0,3000.0,3000.0,3000.0,3000.0,3000.0,3000.0,3000.0,3000.0,3000.0,3000.0,3000.0,3000.0,3000.0,3000.0,3000.0,3000.0,3000.0,3000.0,3000.0,3000.0,3000.0,3000.0,3000.0,3000.0,3000.0,3000.0,3000.0,3000.0,3000.0,3000.0,3000.0,3000.0,3000.0,3000.0,3000.0,3000.0,3000.0,3000.0,3000.0,3000.0,3000.0,3000.0,3000.0,3000.0,3000.0,3000.0,3000.0,3000.0,3000.0,3000.0,3000.0,3000.0,3000.0,3000.0,3000.0,3000.0,3000.0,3000.0,3000.0,3000.0,3000.0,3000.0,3000.0,3000.0,3000.0,3000.0,3000.0,3000.0,3000.0,3000.0,3000.0,3000.0,3000.0,3000.0,3000.0,3000.0,3000.0,3000.0,3000.0,3000.0,3000.0,3000.0,3000.0,3000.0,3000.0,3000.0,3000.0,3000.0,3000.0,3000.0,3000.0,3000.0,3000.0,3000.0,3000.0,3000.0,3000.0,3000.0,3000.0,3000.0,3000.0,3000.0,3000.0,3000.0,3000.0,3000.0,3000.0,3000.0,3000.0,3000.0,3000.0,3000.0,3000.0,3000.0,3000.0,3000.0,3000.0,3000.0,3000.0,3000.0,3000.0
1333,833.3333333333333,842.7461110962646,872.0772800223817,924.9302201456186,1008.5865723539924,1136.7999528507946,3000.0,3000.0,833.3333333333333,842.7461110962646,872.0772800223817,924.9302201456186,1008.5865723539924,1136.7999528507946,3000.0,3000.0,833.3333333333333,842.7461110962646,872.0772800223817,924.9302201456186,1008.5865723539924,1136.7999528507946,3000.0,3000.0,833.3333333333333,842.7461110962646,872.0772800223817,924.9302201456186,1008.5865723539924,1136.7999528507946,3000.0,3000.0,833.3333333333333,842.7461110962646,872.0772800223817,924.9302201456186,1008.5865723539924,1136.7999528507946,3000.0,3000.0,833.3333333333333,842.7461110962646,872.0772800223817,924.9302201456186,1008.5865723539924,1136.7999528507946,3000.0,3000.0,833.3333333333333,842.7461110962646,872.0772800223817,924.9302201456186,1008.5865723539924,1136.7999528507946,3000.0,3000.0,833.3333333333333,842.7461110962646,872.0772800223817,924.9302201456186,1008.5865723539924,1136.7999528507946,3000.0,3000.0,3000.0,3000.0,1136.7999528507946,1008.5865723539924,924.9302201456186,872.0772800223817,842.7461110962646,833.3333333333333,3000.0,3000.0,1136.7999528507946,1008.5865723539924,924.9302201456186,872.0772800223817,842.7461110962646,833.3333333333333,3000.0,3000.0,1136.7999528507946,1008.5865723539924,924.9302201456186,872.0772800223817,842.7461110962646,833.3333333333333,3000.0,3000.0,1136.7999528507946,1008.5865723539924,924.9302201456186,872.0772800223817,842.7461110962646,833.3333333333333,3000.0,3000.0,1136.7999528507946,1008.5865723539924,924.9302201456186,872.0772800223817,842.7461110962646,833.3333333333333,3000.0,3000.0,1136.7999528507946,1008.5865723539924,924.9302201456186,872.0772800223817,842.7461110962646,833.3333333333333,3000.0,3000.0,1136.7999528507946,1008.5865723539924,924.9302201456186,872.0772800223817,842.7461110962646,833.3333333333333,3000.0,3000.0,1136.7999528507946,1008.5865723539924,924.9302201456186,872.0772800223817,842.7461110962646,833.3333333333333,3000.0,3000.0,3000.0,3000.0,3000.0,3000.0,3000.0,3000.0,3000.0,3000.0,3000.0,3000.0,3000.0,3000.0,3000.0,3000.0,3000.0,3000.0,3000.0,3000.0,3000.0,3000.0,3000.0,3000.0,3000.0,3000.0,3000.0,3000.0,3000.0,3000.0,3000.0,3000.0,3000.0,3000.0,3000.0,3000.0,3000.0,3000.0,3000.0,3000.0,3000.0,3000.0,3000.0,3000.0,3000.0,3000.0,3000.0,3000.0,3000.0,3000.0,3000.0,3000.0,3000.0,3000.0,3000.0,3000.0,3000.0,3000.0,3000.0,3000.0,3000.0,3000.0,3000.0,3000.0,3000.0,3000.0,3000.0,3000.0,3000.0,3000.0,3000.0,3000.0,3000.0,3000.0,3000.0,3000.0,3000.0,3000.0,3000.0,3000.0,3000.0,3000.0,3000.0,3000.0,3000.0,3000.0,3000.0,3000.0,3000.0,3000.0,3000.0,3000.0,3000.0,3000.0,3000.0,3000.0,3000.0,3000.0,3000.0,3000.0,3000.0,3000.0,3000.0,3000.0,3000.0,3000.0,3000.0,3000.0,3000.0,3000.0,3000.0,3000.0,3000.0,3000.0,3000.0,3000.0,3000.0,3000.0,3000.0,3000.0,3000.0,3000.0,3000.0,3000.0,3000.0,3000.0,3000.0,3000.0,3000.0,3000.0,3000.0,3000.0,3000.0,3000.0,3000.0,3000.0,3000.0,3000.0,3000.0,3000.0,3000.0,3000.0,3000.0,3000.0,3000.0,3000.0,3000.0,3000.0,3000.0,3000.0,3000.0,3000.0,3000.0,3000.0,3000.0,3000.0,3000.0,3000.0,3000.0,3000.0,3000.0,3000.0,3000.0,3000.0,3000.0,3000.0,3000.0,3000.0,3000.0,3000.0,3000.0,3000.0,3000.0,3000.0,3000.0,3000.0,3000.0,3000.0,3000.0,3000.0,3000.0,3000.0,3000.0,3000.0,3000.0,3000.0,3000.0,3000.0,3000.0,3000.0,3000.0,3000.0,3000.0,3000.0,3000.0,3000.0,3000.0,3000.0,3000.0,3000.0,3000.0,3000.0,3000.0,3000.0,3000.0,3000.0,3000.0,3000.0,3000.0,3000.0,3000.0,3000.0,3000.0,3000.0,3000.0,3000.0,3000.0,3000.0,3000.0,3000.0,3000.0,3000.0,3000.0,3000.0,3000.0,3000.0,3000.0,3000.0,3000.0,3000.0,3000.0,3000.0,3000.0,3000.0,3000.0,3000.0,3000.0,3000.0,3000.0,3000.0,3000.0,3000.0,3000.0,3000.0,3000.0,3000.0,3000.0,3000.0,3000.0,3000.0,3000.0,3000.0,3000.0,3000.0,3000.0,3000.0
1400,850.0,859.6010333181899,889.5188256228294,943.428824548531,1028.7583038010723,1159.5359519078106,3000.0,3000.0,850.0,859.6010333181899,889.5188256228294,943.428824548531,1028.7583038010723,1159.5359519078106,3000.0,3000.0,850.0,859.6010333181899,889.5188256228294,943.428824548531,1028.7583038010723,1159.5359519078106,3000.0,3000.0,850.0,859.6010333181899,889.5188256228294,943.428824548531,1028.7583038010723,1159.5359519078106,3000.0,3000.0,850.0,859.6010333181899,889.5188256228294,943.428824548531,1028.7583038010723,1159.5359519078106,3000.0,3000.0,850.0,859.6010333181899,889.5188256228294,943.428824548531,1028.7583038010723,1159.5359519078106,3000.0,3000.0,850.0,859.6010333181899,889.5188256228294,943.428824548531,1028.7583038010723,1159.5359519078106,3000.0,3000.0,850.0,859.6010333181899,889.5188256228294,943.428824548531,1028.7583038010723,1159.5359519078106,3000.0,3000.0,3000.0,3000.0,1159.5359519078106,1028.7583038010723,943.428824548531,889.5188256228294,859.6010333181899,850.0,3000.0,3000.0,1159.5359519078106,1028.7583038010723,943.428824548531,889.5188256228294,859.6010333181899,850.0,3000.0,3000.0,1159.5359519078106,1028.7583038010723,943.428824548531,889.5188256228294,859.6010333181899,850.0,3000.0,3000.0,1159.5359519078106,1028.7583038010723,943.428824548531,889.5188256228294,859.6010333181899,850.0,3000.0,3000.0,1159.5359519078106,1028.7583038010723,943.428824548531,889.5188256228294,859.6010333181899,850.0,3000.0,3000.0,1159.5359519078106,1028.7583038010723,943.428824548531,889.5188256228294,859.6010333181899,850.0,3000.0,3000.0,1159.5359519078106,1028.7583038010723,943.428824548531,889.5188256228294,859.6010333181899,850.0,3000.0,3000.0,1159.5359519078106,1028.7583038010723,943.428824548531,889.5188256228294,859.6010333181899,850.0,3000.0,3000.0,3000.0,3000.0,3000.0,3000.0,3000.0,3000.0,3000.0,3000.0,3000.0,3000.0,3000.0,3000.0,3000.0,3000.0,3000.0,3000.0,3000.0,3000.0,3000.0,3000.0,3000.0,3000.0,3000.0,3000.0,3000.0,3000.0,3000.0,3000.0,3000.0,3000.0,3000.0,3000.0,3000.0,3000.0,3000.0,3000.0,3000.0,3000.0,3000.0,3000.0,3000.0,3000.0,3000.0,3000.0,3000.0,3000.0,3000.0,3000.0,3000.0,3000.0,3000.0,3000.0,3000.0,3000.0,3000.0,3000.0,3000.0,3000.0,3000.0,3000.0,3000.0,3000.0,3000.0,3000.0,3000.0,3000.0,3000.0,3000.0,3000.0,3000.0,3000.0,3000.0,3000.0,3000.0,3000.0,3000.0,3000.0,3000.0,3000.0,3000.0,3000.0,3000.0,3000.0,3000.0,3000.0,3000.0,3000.0,3000.0,3000.0,3000.0,3000.0,3000.0,3000.0,3000.0,3000.0,3000.0,3000.0,3000.0,3000.0,3000.0,3000.0,3000.0,3000.0,3000.0,3000.0,3000.0,3000.0,3000.0,3000.0,3000.0,3000.0,3000.0,3000.0,3000.0,3000.0,3000.0,3000.0,3000.0,3000.0,3000.0,3000.0,3000.0,3000.0,3000.0,3000.0,3000.0,3000.0,3000.0,3000.0,3000.0,3000.0,3000.0,3000.0,3000.0,3000.0,3000.0,3000.0,3000.0,3000.0,3000.0,3000.0,3000.0,3000.0,3000.0,3000.0,3000.0,3000.0,3000.0,3000.0,3000.0,3000.0,3000.0,3000.0,3000.0,3000.0,3000.0,3000.0,3000.0,3000.0,3000.0,3000.0,3000.0,3000.0,3000.0,3000.0,3000.0,3000.0,3000.0,3000.0,3000.0,3000.0,3000.0,3000.0,3000.0,3000.0,3000.0,3000.0,3000.0,3000.0,3000.0,3000.0,3000.0,3000.0,3000.0,3000.0,3000.0,3000.0,3000.0,3000.0,3000.0,3000.0,3000.0,3000.0,3000.0,3000.0,3000.0,3000.0,3000.0,3000.0,3000.0,3000.0,3000.0,3000.0,3000.0,3000.0,3000.0,3000.0,3000.0,3000.0,3000.0,3000.0,3000.0,3000.0,3000.0,3000.0,3000.0,3000.0,3000.0,3000.0,3000.0,3000.0,3000.0,3000.0,3000.0,3000.0,3000.0,3000.0,3000.0,3000.0,3000.0,3000.0,3000.0,3000.0,3000.0,3000.0,3000.0,3000.0,3000.0,3000.0,3000.0,3000.0,3000.0,3000.0,3000.0,3000.0,3000.0,3000.0,3000.0,3000.0,3000.0,3000.0,3000.0,3000.0,3000.0
1467,866.6666666666667,876.4559555401153,906.9603712232771,961.9274289514434,1048.9300352481523,1182.2719509648266,3000.0,3000.0,866.6666666666667,876.4559555401153,906.9603712232771,961.9274289514434,1048.9300352481523,1182.2719509648266,3000.0,3000.0,866.6666666666667,876.4559555401153,906.9603712232771,961.9274289514434,1048.9300352481523,1182.2719509648266,3000.0,3000.0,866.6666666666667,876.4559555401153,906.9603712232771,961.9274289514434,1048.9300352481523,1182.2719509648266,3000.0,3000.0,866.6666666666667,876.4559555401153,906.9603712232771,961.9274289514434,1048.9300352481523,1182.2719509648266,3000.0,3000.0,866.6666666666667,876.4559555401153,906.9603712232771,961.9274289514434,1048.9300352481523,1182.2719509648266,3000.0,3000.0,866.6666666666667,876.4559555401153,906.9603712232771,961.9274289514434,1048.9300352481523,1182.2719509648266,3000.0,3000.0,866.6666666666667,876.4559555401153,906.9603712232771,961.9274289514434,1048.9300352481523,1182.2719509648266,3000.0,3000.0,3000.0,3000.0,1182.2719509648266,1048.9300352481523,961.9274289514434,906.9603712232771,876.4559555401153,866.6666666666667,3000.0,3000.0,1182.2719509648266,1048.9300352481523,961.9274289514434,906.9603712232771,876.4559555401153,866.6666666666667,3000.0,3000.0,1182.2719509648266,1048.9300352481523,961.9274289514434,906.9603712232771,876.4559555401153,866.6666666666667,3000.0,3000.0,1182.2719509648266,1048.9300352481523,961.9274289514434,906.9603712232771,876.4559555401153,866.6666666666667,3000.0,3000.0,1182.2719509648266,1048.9300352481523,961.9274289514434,906.9603712232771,876.4559555401153,866.6666666666667,3000.0,3000.0,1182.2719509648266,1048.9300352481523,961.9274289514434,906.9603712232771,876.4559555401153,866.6666666666667,3000.0,3000.0,1182.2719509648266,1048.9300352481523,961.9274289514434,906.9603712232771,876.4559555401153,866.6666666666667,3000.0,3000.0,1182.2719509648266,1048.9300352481523,961.9274289514434,906.9603712232771,876.4559555401153,866.6666666666667,3000.0,3000.0,3000.0,3000.0,3000.0,3000.0,3000.0,3000.0,3000.0,3000.0,3000.0,3000.0,3000.0,3000.0,3000.0,3000.0,3000.0,3000.0,3000.0,3000.0,3000.0,3000.0,3000.0,3000.0,3000.0,3000.0,3000.0,3000.0,3000.0,3000.0,3000.0,3000.0,3000.0,3000.0,3000.0,3000.0,3000.0,3000.0,3000.0,3000.0,3000.0,3000.0,3000.0,3000.0,3000.0,3000.0,3000.0,3000.0,3000.0,3000.0,3000.0,3000.0,3000.0,3000.0,3000.0,3000.0,3000.0,3000.0,3000.0,3000.0,3000.0,3000.0,3000.0,3000.0,3000.0,3000.0,3000.0,3000.0,3000.0,3000.0,3000.0,3000.0,3000.0,3000.0,3000.0,3000.0,3000.0,3000.0,3000.0,3000.0,3000.0,3000.0,3000.0,3000.0,3000.0,3000.0,3000.0,3000.0,3000.0,3000.0,3000.0,3000.0,3000.0,3000.0,3000.0,3000.0,3000.0,3000.0,3000.0,3000.0,3000.0,3000.0,3000.0,3000.0,3000.0,3000.0,3000.0,3000.0,3000.0,3000.0,3000.0,3000.0,3000.0,3000.0,3000.0,3000.0,3000.0,3000.0,3000.0,3000.0,3000.0,3000.0,3000.0,3000.0,3000.0,3000.0,3000.0,3000.0,3000.0,3000.0,3000.0,3000.0,3000.0,3000.0,3000.0,3000.0,3000.0,3000.0,3000.0,3000.0,3000.0,3000.0,3000.0,3000.0,3000.0,3000.0,3000.0,3000.0,3000.0,3000.0,3000.0,3000.0,3000.0,3000.0,3000.0,3000.0,3000.0,3000.0,3000.0,3000.0,3000.0,3000.0,3000.0,3000.0,3000.0,3000.0,3000.0,3000.0,3000.0,3000.0,3000.0,3000.0,3000.0,3000.0,3000.0,3000.0,3000.0,3000.0,3000.0,3000.0,3000.0,3000.0,3000.0,3000.0,3000.0,3000.0,3000.0,3000.0,3000.0,3000.0,3000.0,3000.0,3000.0,3000.0,3000.0,3000.0,3000.0,3000.0,3000.0,3000.0,3000.0,3000.0,3000.0,3000.0,3000.0,3000.0,3000.0,3000.0,3000.0,3000.0,3000.0,3000.0,3000.0,3000.0,3000.0,3000.0,3000.0,3000.0,3000.0,3000.0,3000.0,3000.0,3000.0,3000.0,3000.0,3000.0,3000.0,3000.0,3000.0,3000.0,3000.0,3000.0,3000.0,3000.0,3000.0,3000.0,3000.0,3000.0,3000.0,3000.0,3000.0,3000.0,3000.0,3000.0,3000.0,3000.0,3000.0,3000.0,3000.0,3000.0,3000.0,3000.0,3000.0,3000.0,3000.0,3000.0
1533,883.3333333333333,893.3108777620405,924.4019168237246,980.4260333543557,1069.101766695232,1205.0079500218421,3000.0,3000.0,883.3333333333333,893.3108777620405,924.4019168237246,980.4260333543557,1069.101766695232,1205.0079500218421,3000.0,3000.0,883.3333333333333,893.3108777620405,924.4019168237246,980.4260333543557,1069.101766695232,1205.0079500218421,3000.0,3000.0,883.3333333333333,893.3108777620405,924.4019168237246,980.4260333543557,1069.101766695232,1205.0079500218421,3000.0,3000.0,883.3333333333333,893.3108777620405,924.4019168237246,980.4260333543557,1069.101766695232,1205.0079500218421,3000.0,3000.0,883.3333333333333,893.3108777620405,924.4019168237246,980.4260333543557,1069.101766695232,1205.0079500218421,3000.0,3000.0,883.3333333333333,893.3108777620405,924.4019168237246,980.4260333543557,1069.101766695232,1205.0079500218421,3000.0,3000.0,883.3333333333333,893.3108777620405,924.4019168237246,980.4260333543557,1069.101766695232,1205.0079500218421,3000.0,3000.0,3000.0,3000.0,1205.0079500218421,1069.101766695232,980.4260333543557,924.4019168237246,893.3108777620405,883.3333333333333,3000.0,3000.0,1205.0079500218421,1069.101766695232,980.4260333543557,924.4019168237246,893.3108777620405,883.3333333333333,3000.0,3000.0,1205.0079500218421,1069.101766695232,980.4260333543557,924.4019168237246,893.3108777620405,883.3333333333333,3000.0,3000.0,1205.0079500218421,1069.101766695232,980.4260333543557,924.4019168237246,893.3108777620405,883.3333333333333,3000.0,3000.0,1205.0079500218421,1069.101766695232,980.4260333543557,924.4019168237246,893.3108777620405,883.3333333333333,3000.0,3000.0,1205.0079500218421,1069.101766695232,980.4260333543557,924.4019168237246,893.3108777620405,883.3333333333333,3000.0,3000.0,1205.0079500218421,1069.101766695232,980.4260333543557,924.4019168237246,893.3108777620405,883.3333333333333,3000.0,3000.0,1205.0079500218421,1069.101766695232,980.4260333543557,924.4019168237246,893.3108777620405,883.3333333333333,3000.0,3000.0,3000.0,3000.0,3000.0,3000.0,3000.0,3000.0,3000.0,3000.0,3000.0,3000.0,3000.0,3000.0,3000.0,3000.0,3000.0,3000.0,3000.0,3000.0,3000.0,3000.0,3000.0,3000.0,3000.0,3000.0,3000.0,3000.0,3000.0,3000.0,3000.0,3000.0,3000.0,3000.0,3000.0,3000.0,3000.0,3000.0,3000.0,3000.0,3000.0,3000.0,3000.0,3000.0,3000.0,3000.0,3000.0,3000.0,3000.0,3000.0,3000.0,3000.0,3000.0,3000.0,3000.0,3000.0,3000.0,3000.0,3000.0,3000.0,3000.0,3000.0,3000.0,3000.0,3000.0,3000.0,3000.0,3000.0,3000.0,3000.0,3000.0,3000.0,3000.0,3000.0,3000.0,3000.0,3000.0,3000.0,3000.0,3000.0,3000.0,3000.0,3000.0,3000.0,3000.0,3000.0,3000.0,3000.0,3000.0,3000.0,3000.0,3000.0,3000.0,3000.0,3000.0,3000.0,3000.0,3000.0,3000.0,3000.0,3000.0,3000.0,3000.0,3000.0,3000.0,3000.0,3000.0,3000.0,3000.0,3000.0,3000.0,3000.0,3000.0,3000.0,3000.0,3000.0,3000.0,3000.0,3000.0,3000.0,3000.0,3000.0,3000.0,3000.0,3000.0,3000.0,3000.0,3000.0,3000.0,3000.0,3000.0,3000.0,3000.0,3000.0,3000.0,3000.0,3000.0,3000.0,3000.0,3000.0,3000.0,3000.0,3000.0,3000.0,3000.0,3000.0,3000.0,3000.0,3000.0,3000.0,3000.0,3000.0,3000.0,3000.0,3000.0,3000.0,3000.0,3000.0,3000.0,3000.0,3000.0,3000.0,3000.0,3000.0,3000.0,3000.0,3000.0,3000.0,3000.0,3000.0,3000.0,3000.0,3000.0,3000.0,3000.0,3000.0,3000.0,3000.0,3000.0,3000.0,3000.0,3000.0,3000.0,3000.0,3000.0,3000.0,3000.0,3000.0,3000.0,3000.0,3000.0,3000.0,3000.0,3000.0,3000.0,3000.0,3000.0,3000.0,3000.0,3000.0,3000.0,3000.0,3000.0,3000.0,3000.0,3000.0,3000.0,3000.0,3000.0,3000.0,3000.0,3000.0,3000.0,3000.0,3000.0,3000.0,3000.0,3000.0,3000.0,3000.0,3000.0,3000.0,3000.0,3000.0,3000.0,3000.0,3000.0,3000.0,3000.0,3000.0,3000.0,3000.0,3000.0,3000.0,3000.0,3000.0,3000.0,3000.0,3000.0,3000.0,3000.0,3000.0,3000.0,3000.0,3000.0,3000.0,3000.0,3000.0,3000.0,3000.0,3000.0,3000.0,3000.0,3000.0,3000.0,3000.0
1600,900.0,910.1657999839658,941.8434624241723,998.9246377572681,1089.273498142312,1227.7439490788581,3000.0,3000.0,900.0,910.1657999839658,941.8434624241723,998.9246377572681,1089.273498142312,1227.7439490788581,3000.0,3000.0,900.0,910.1657999839658,941.8434624241723,998.9246377572681,1089.273498142312,1227.7439490788581,3000.0,3000.0,900.0,910.1657999839658,941.8434624241723,998.9246377572681,1089.273498142312,1227.7439490788581,3000.0,3000.0,900.0,910.1657999839658,941.8434624241723,998.9246377572681,1089.273498142312,1227.7439490788581,3000.0,3000.0,900.0,910.1657999839658,941.8434624241723,998.9246377572681,1089.273498142312,1227.7439490788581,3000.0,3000.0,900.0,910.1657999839658,941.8434624241723,998.9246377572681,1089.273498142312,1227.7439490788581,3000.0,3000.0,900.0,910.1657999839658,941.8434624241723,998.9246377572681,1089.273498142312,1227.7439490788581,3000.0,3000.0,3000.0,3000.0,1227.7439490788581,1089.273498142312,998.9246377572681,941.8434624241723,910.1657999839658,900.0,3000.0,3000.0,1227.7439490788581,1089.273498142312,998.9246377572681,941.8434624241723,910.1657999839658,900.0,3000.0,3000.0,1227.7439490788581,1089.273498142312,998.9246377572681,941.8434624241723,910.1657999839658,900.0,3000.0,3000.0,1227.7439490788581,1089.273498142312,998.9246377572681,941.8434624241723,910.1657999839658,900.0,3000.0,3000.0,1227.7439490788581,1089.273498142312,998.9246377572681,941.8434624241723,910.1657999839658,900.0,3000.0,3000.0,1227.7439490788581,1089.273498142312,998.9246377572681,941.8434624241723,910.1657999839658,900.0,3000.0,3000.0,1227.7439490788581,1089.273498142312,998.9246377572681,941.8434624241723,910.1657999839658,900.0,3000.0,3000.0,1227.7439490788581,1089.273498142312,998.9246377572681,941.8434624241723,910.1657999839658,900.0,3000.0,3000.0,3000.0,3000.0,3000.0,3000.0,3000.0,3000.0,3000.0,3000.0,3000.0,3000.0,3000.0,3000.0,3000.0,3000.0,3000.0,3000.0,3000.0,3000.0,3000.0,3000.0,3000.0,3000.0,3000.0,3000.0,3000.0,3000.0,3000.0,3000.0,3000.0,3000.0,3000.0,3000.0,3000.0,3000.0,3000.0,3000.0,3000.0,3000.0,3000.0,3000.0,3000.0,3000.0,3000.0,3000.0,3000.0,3000.0,3000.0,3000.0,3000.0,3000.0,3000.0,3000.0,3000.0,3000.0,3000.0,3000.0,3000.0,3000.0,3000.0,3000.0,3000.0,3000.0,3000.0,3000.0,3000.0,3000.0,3000.0,3000.0,3000.0,3000.0,3000.0,3000.0,3000.0,3000.0,3000.0,3000.0,3000.0,3000.0,3000.0,3000.0,3000.0,3000.0,3000.0,3000.0,3000.0,3000.0,3000.0,3000.0,3000.0,3000.0,3000.0,3000.0,3000.0,3000.0,3000.0,3000.0,3000.0,3000.0,3000.0,3000.0,3000.0,3000.0,3000.0,3000.0,3000.0,3000.0,3000.0,3000.0,3000.0,3000.0,3000.0,3000.0,3000.0,3000.0,3000.0,3000.0,3000.0,3000.0,3000.0,3000.0,3000.0,3000.0,3000.0,3000.0,3000.0,3000.0,3000.0,3000.0,3000.0,3000.0,3000.0,3000.0,3000.0,3000.0,3000.0,3000.0,3000.0,3000.0,3000.0,3000.0,3000.0,3000.0,3000.0,3000.0,3000.0,3000.0,3000.0,3000.0,3000.0,3000.0,3000.0,3000.0,3000.0,3000.0,3000.0,3000.0,3000.0,3000.0,3000.0,3000.0,3000.0,3000.0,3000.0,3000.0,3000.0,3000.0,3000.0,3000.0,3000.0,3000.0,3000.0,3000.0,3000.0,3000.0,3000.0,3000.0,3000.0,3000.0,3000.0,3000.0,3000.0,3000.0,3000.0,3000.0,3000.0,3000.0,3000.0,3000.0,3000.0,3000.0,3000.0,3000.0,3000.0,3000.0,3000.0,3000.0,3000.0,3000.0,3000.0,3000.0,3000.0,3000.0,3000.0,3000.0,3000.0,3000.0,3000.0,3000.0,3000.0,3000.0,3000.0,3000.0,3000.0,3000.0,3000.0,3000.0,3000.0,3000.0,3000.0,3000.0,3000.0,3000.0,3000.0,3000.0,3000.0,3000.0,3000.0,3000.0,3000.0,3000.0,3000.0,3000.0,3000.0,3000.0,3000.0,3000.0,3000.0,3000.0,3000.0,3000.0,3000.0,3000.0,3000.0,3000.0,3000.0,3000.0,3000.0,3000.0,3000.0,3000.0,3000.0,3000.0,3000.0,3000.0
1667,916.6666666666667,927.0207222058912,959.28500802462,1017.4232421601805,1109.445229589392,1250.479948135874,3000.0,3000.0,916.6666666666667,927.0207222058912,959.28500802462,1017.4232421601805,1109.445229589392,1250.479948135874,3000.0,3000.0,916.6666666666667,927.0207222058912,959.28500802462,1017.4232421601805,1109.445229589392,1250.479948135874,3000.0,3000.0,916.6666666666667,927.0207222058912,959.28500802462,1017.4232421601805,1109.445229589392,1250.479948135874,3000.0,3000.0,916.6666666666667,927.0207222058912,959.28500802462,1017.4232421601805,1109.445229589392,1250.479948135874,3000.0,3000.0,916.6666666666667,927.0207222058912,959.28500802462,1017.4232421601805,1109.445229589392,1250.479948135874,3000.0,3000.0,916.6666666666667,927.0207222058912,959.28500802462,1017.4232421601805,1109.445229589392,1250.479948135874,3000.0,3000.0,916.6666666666667,927.0207222058912,959.28500802462,1017.4232421601805,1109.445229589392,1250.479948135874,3000.0,3000.0,3000.0,3000.0,1250.479948135874,1109.445229589392,1017.4232421601805,959.28500802462,927.0207222058912,916.6666666666667,3000.0,3000.0,1250.479948135874,1109.445229589392,1017.4232421601805,959.28500802462,927.0207222058912,916.6666666666667,3000.0,3000.0,1250.479948135874,1109.445229589392,1017.4232421601805,959.28500802462,927.0207222058912,916.6666666666667,3000.0,3000.0,1250.479948135874,1109.445229589392,1017.4232421601805,959.28500802462,927.0207222058912,916.6666666666667,3000.0,3000.0,1250.479948135874,1109.445229589392,1017.4232421601805,959.28500802462,927.0207222058912,916.6666666666667,3000.0,3000.0,1250.479948135874,1109.445229589392,1017.4232421601805,959.28500802462,927.0207222058912,916.6666666666667,3000.0,3000.0,1250.479948135874,1109.445229589392,1017.4232421601805,959.28500802462,927.0207222058912,916.6666666666667,3000.0,3000.0,1250.479948135874,1109.445229589392,1017.4232421601805,959.28500802462,927.0207222058912,916.6666666666667,3000.0,3000.0,3000.0,3000.0,3000.0,3000.0,3000.0,3000.0,3000.0,3000.0,3000.0,3000.0,3000.0,3000.0,3000.0,3000.0,3000.0,3000.0,3000.0,3000.0,3000.0,3000.0,3000.0,3000.0,3000.0,3000.0,3000.0,3000.0,3000.0,3000.0,3000.0,3000.0,3000.0,3000.0,3000.0,3000.0,3000.0,3000.0,3000.0,3000.0,3000.0,3000.0,3000.0,3000.0,3000.0,3000.0,3000.0,3000.0,3000.0,3000.0,3000.0,3000.0,3000.0,3000.0,3000.0,3000.0,3000.0,3000.0,3000.0,3000.0,3000.0,3000.0,3000.0,3000.0,3000.0,3000.0,3000.0,3000.0,3000.0,3000.0,3000.0,3000.0,3000.0,3000.0,3000.0,3000.0,3000.0,3000.0,3000.0,3000.0,3000.0,3000.0,3000.0,3000.0,3000.0,3000.0,3000.0,3000.0,3000.0,3000.0,3000.0,3000.0,3000.0,3000.0,3000.0,3000.0,3000.0,3000.0,3000.0,3000.0,3000.0,3000.0,3000.0,3000.0,3000.0,3000.0,3000.0,3000.0,3000.0,3000.0,3000.0,3000.0,3000.0,3000.0,3000.0,3000.0,3000.0,3000.0,3000.0,3000.0,3000.0,3000.0,3000.0,3000.0,3000.0,3000.0,3000.0,3000.0,3000.0,3000.0,3000.0,3000.0,3000.0,3000.0,3000.0,3000.0,3000.0,3000.0,3000.0,3000.0,3000.0,3000.0,3000.0,3000.0,3000.0,3000.0,3000.0,3000.0,3000.0,3000.0,3000.0,3000.0,3000.0,3000.0,3000.0,3000.0,3000.0,3000.0,3000.0,3000.0,3000.0,3000.0,3000.0,3000.0,3000.0,3000.0,3000.0,3000.0,3000.0,3000.0,3000.0,3000.0,3000.0,3000.0,3000.0,3000.0,3000.0,3000.0,3000.0,3000.0,3000.0,3000.0,3000.0,3000.0,3000.0,3000.0,3000.0,3000.0,3000.0,3000.0,3000.0,3000.0,3000.0,3000.0,3000.0,3000.0,3000.0,3000.0,3000.0,3000.0,3000.0,3000.0,3000.0,3000.0,3000.0,3000.0,3000.0,3000.0,3000.0,3000.0,3000.0,3000.0,3000.0,3000.0,3000.0,3000.0,3000.0,3000.0,3000.0,3000.0,3000.0,3000.0,3000.0,3000.0,3000.0,3000.0,3000.0,3000.0,3000.0,3000.0,3000.0,3000.0,3000.0,3000.0,3000.0,3000.0,3000.0,3000.0,3000.0,3000.0,3000.0,3000.0,3000.0,3000.0,3000.0,3000.0,3000.0,3000.0,3000.0,3000.0,3000.0,3000.0,3000.0,3000.0,3000.0,3000.0
1733,933.3333333333334,943.8756444278165,976.7265536250676,1035.921846563093,1129.6169610364716,1273.21594719289,3000.0,3000.0,933.3333333333334,943.8756444278165,976.7265536250676,1035.921846563093,1129.6169610364716,1273.21594719289,3000.0,3000.0,933.3333333333334,943.8756444278165,976.7265536250676,1035.921846563093,1129.6169610364716,1273.21594719289,3000.0,3000.0,933.3333333333334,943.8756444278165,976.7265536250676,1035.921846563093,1129.6169610364716,1273.21594719289,3000.0,3000.0,933.3333333333334,943.8756444278165,976.7265536250676,1035.921846563093,1129.6169610364716,1273.21594719289,3000.0,3000.0,933.3333333333334,943.8756444278165,976.7265536250676,1035.921846563093,1129.6169610364716,1273.21594719289,3000.0,3000.0,933.3333333333334,943.8756444278165,976.7265536250676,1035.921846563093,1129.6169610364716,1273.21594719289,3000.0,3000.0,933.3333333333334,943.8756444278165,976.7265536250676,1035.921846563093,1129.6169610364716,1273.21594719289,3000.0,3000.0,3000.0,3000.0,1273.21594719289,1129.6169610364716,1035.921846563093,976.7265536250676,943.8756444278165,933.3333333333334,3000.0,3000.0,1273.21594719289,1129.6169610364716,1035.921846563093,976.7265536250676,943.8756444278165,933.3333333333334,3000.0,3000.0,1273.21594719289,1129.6169610364716,1035.921846563093,976.7265536250676,943.8756444278165,933.3333333333334,3000.0,3000.0,1273.21594719289,1129.6169610364716,1035.921846563093,976.7265536250676,943.8756444278165,933.3333333333334,3000.0,3000.0,1273.21594719289,1129.6169610364716,1035.921846563093,976.7265536250676,943.8756444278165,933.3333333333334,3000.0,3000.0,1273.21594719289,1129.6169610364716,1035.921846563093,976.7265536250676,943.8756444278165,933.3333333333334,3000.0,3000.0,1273.21594719289,1129.6169610364716,1035.921846563093,976.7265536250676,943.8756444278165,933.3333333333334,3000.0,3000.0,1273.21594719289,1129.6169610364716,1035.921846563093,976.7265536250676,943.8756444278165,933.3333333333334,3000.0,3000.0,3000.0,3000.0,3000.0,3000.0,3000.0,3000.0,3000.0,3000.0,3000.0,3000.0,3000.0,3000.0,3000.0,3000.0,3000.0,3000.0,3000.0,3000.0,3000.0,3000.0,3000.0,3000.0,3000.0,3000.0,3000.0,3000.0,3000.0,3000.0,3000.0,3000.0,3000.0,3000.0,3000.0,3000.0,3000.0,3000.0,3000.0,3000.0,3000.0,3000.0,3000.0,3000.0,3000.0,3000.0,3000.0,3000.0,3000.0,3000.0,3000.0,3000.0,3000.0,3000.0,3000.0,3000.0,3000.0,3000.0,3000.0,3000.0,3000.0,3000.0,3000.0,3000.0,3000.0,3000.0,3000.0,3000.0,3000.0,3000.0,3000.0,3000.0,3000.0,3000.0,3000.0,3000.0,3000.0,3000.0,3000.0,3000.0,3000.0,3000.0,3000.0,3000.0,3000.0,3000.0,3000.0,3000.0,3000.0,3000.0,3000.0,3000.0,3000.0,3000.0,3000.0,3000.0,3000.0,3000.0,3000.0,3000.0,3000.0,3000.0,3000.0,3000.0,3000.0,3000.0,3000.0,3000.0,3000.0,3000.0,3000.0,3000.0,3000.0,3000.0,3000.0,3000.0,3000.0,3000.0,3000.0,3000.0,3000.0,3000.0,3000.0,3000.0,3000.0,3000.0,3000.0,3000.0,3000.0,3000.0,3000.0,3000.0,3000.0,3000.0,3000.0,3000.0,3000.0,3000.0,3000.0,3000.0,3000.0,3000.0,3000.0,3000.0,3000.0,3000.0,3000.0,3000.0,3000.0,3000.0,3000.0,3000.0,3000.0,3000.0,3000.0,3000.0,3000.0,3000.0,3000.0,3000.0,3000.0,3000.0,3000.0,3000.0,3000.0,3000.0,3000.0,3000.0,3000.0,3000.0,3000.0,3000.0,3000.0,3000.0,3000.0,3000.0,3000.0,3000.0,3000.0,3000.0,3000.0,3000.0,3000.0,3000.0,3000.0,3000.0,3000.0,3000.0,3000.0,3000.0,3000.0,3000.0,3000.0,3000.0,3000.0,3000.0,3000.0,3000.0,3000.0,3000.0,3000.0,3000.0,3000.0,3000.0,3000.0,3000.0,3000.0,3000.0,3000.0,3000.0,3000.0,3000.0,3000.0,3000.0,3000.0,3000.0,3000.0,3000.0,3000.0,3000.0,3000.0,3000.0,3000.0,3000.0,3000.0,3000.0,3000.0,3000.0,3000.0,3000.0,3000.0,3000.0,3000.0,3000.0,3000.0,3000.0,3000.0,3000.0,3000.0,3000.0,3000.0,3000.0,3000.0,3000.0,3000.0,3000.0,3000.0,3000.0,3000.0,3000.0,3000.0,3000.0,3000.0,3000.0,3000.0,3000.0
1800,950.0,960.7305666497416,994.1680992255152,1054.420450966005,1149.7886924835514,1295.9519462499059,3000.0,3000.0,950.0,960.7305666497416,994.1680992255152,1054.420450966005,1149.7886924835514,1295.9519462499059,3000.0,3000.0,950.0,960.7305666497416,994.1680992255152,1054.420450966005,1149.7886924835514,1295.9519462499059,3000.0,3000.0,950.0,960.7305666497416,994.1680992255152,1054.420450966005,1149.7886924835514,1295.9519462499059,3000.0,3000.0,950.0,960.7305666497416,994.1680992255152,1054.420450966005,1149.7886924835514,1295.9519462499059,3000.0,3000.0,950.0,960.7305666497416,994.1680992255152,1054.420450966005,1149.7886924835514,1295.9519462499059,3000.0,3000.0,950.0,960.7305666497416,994.1680992255152,1054.420450966005,1149.7886924835514,1295.9519462499059,3000.0,3000.0,950.0,960.7305666497416,994.1680992255152,1054.420450966005,1149.7886924835514,1295.9519462499059,3000.0,3000.0,3000.0,3000.0,1295.9519462499059,1149.7886924835514,1054.420450966005,994.1680992255152,960.7305666497416,950.0,3000.0,3000.0,1295.9519462499059,1149.7886924835514,1054.420450966005,994.1680992255152,960.7305666497416,950.0,3000.0,3000.0,1295.9519462499059,1149.7886924835514,1054.420450966005,994.1680992255152,960.7305666497416,950.0,3000.0,3000.0,1295.9519462499059,1149.7886924835514,1054.420450966005,994.1680992255152,960.7305666497416,950.0,3000.0,3000.0,1295.9519462499059,1149.7886924835514,1054.420450966005,994.1680992255152,960.7305666497416,950.0,3000.0,3000.0,1295.9519462499059,1149.7886924835514,1054.420450966005,994.1680992255152,960.7305666497416,950.0,3000.0,3000.0,1295.9519462499059,1149.7886924835514,1054.420450966005,994.1680992255152,960.7305666497416,950.0,3000.0,3000.0,1295.9519462499059,1149.7886924835514,1054.420450966005,994.1680992255152,960.7305666497416,950.0,3000.0,3000.0,3000.0,3000.0,3000.0,3000.0,3000.0,3000.0,3000.0,3000.0,3000.0,3000.0,3000.0,3000.0,3000.0,3000.0,3000.0,3000.0,3000.0,3000.0,3000.0,3000.0,3000.0,3000.0,3000.0,3000.0,3000.0,3000.0,3000.0,3000.0,3000.0,3000.0,3000.0,3000.0,3000.0,3000.0,3000.0,3000.0,3000.0,3000.0,3000.0,3000.0,3000.0,3000.0,3000.0,3000.0,3000.0,3000.0,3000.0,3000.0,3000.0,3000.0,3000.0,3000.0,3000.0,3000.0,3000.0,3000.0,3000.0,3000.0,3000.0,3000.0,3000.0,3000.0,3000.0,3000.0,3000.0,3000.0,3000.0,3000.0,3000.0,3000.0,3000.0,3000.0,3000.0,3000.0,3000.0,3000.0,3000.0,3000.0,3000.0,3000.0,3000.0,3000.0,3000.0,3000.0,3000.0,3000.0,3000.0,3000.0,3000.0,3000.0,3000.0,3000.0,3000.0,3000.0,3000.0,3000.0,3000.0,3000.0,3000.0,3000.0,3000.0,3000.0,3000.0,3000.0,3000.0,3000.0,3000.0,3000.0,3000.0,3000.0,3000.0,3000.0,3000.0,3000.0,3000.0,3000.0,3000.0,3000.0,3000.0,3000.0,3000.0,3000.0,3000.0,3000.0,3000.0,3000.0,3000.0,3000.0,3000.0,3000.0,3000.0,3000.0,3000.0,3000.0,3000.0,3000.0,3000.0,3000.0,3000.0,3000.0,3000.0,3000.0,3000.0,3000.0,3000.0,3000.0,3000.0,3000.0,3000.0,3000.0,3000.0,3000.0,3000.0,3000.0,3000.0,3000.0,3000.0,3000.0,3000.0,3000.0,3000.0,3000.0,3000.0,3000.0,3000.0,3000.0,3000.0,3000.0,3000.0,3000.0,3000.0,3000.0,3000.0,3000.0,3000.0,3000.0,3000.0,3000.0,3000.0,3000.0,3000.0,3000.0,3000.0,3000.0,3000.0,3000.0,3000.0,3000.0,3000.0,3000.0,3000.0,3000.0,3000.0,3000.0,3000.0,3000.0,3000.0,3000.0,3000.0,3000.0,3000.0,3000.0,3000.0,3000.0,3000.0,3000.0,3000.0,3000.0,3000.0,3000.0,3000.0,3000.0,3000.0,3000.0,3000.0,3000.0,3000.0,3000.0,3000.0,3000.0,3000.0,3000.0,3000.0,3000.0,3000.0,3000.0,3000.0,3000.0,3000.0,3000.0,3000.0,3000.0,3000.0,3000.0,3000.0,3000.0,3000.0,3000.0,3000.0,3000.0,3000.0,3000.0,3000.0,3000.0,3000.0,3000.0,3000.0,3000.0,3000.0,3000.0,3000.0,3000.0,3000.0,3000.0
1867,966.6666666666666,977.5854888716669,1011.6096448259628,1072.9190553689177,1169.9604239306314,1318.6879453069218,3000.0,3000.0,966.6666666666666,977.5854888716669,1011.6096448259628,1072.9190553689177,1169.9604239306314,1318.6879453069218,3000.0,3000.0,966.6666666666666,977.5854888716669,1011.6096448259628,1072.9190553689177,1169.9604239306314,1318.6879453069218,3000.0,3000.0,966.6666666666666,977.5854888716669,1011.6096448259628,1072.9190553689177,1169.9604239306314,1318.6879453069218,3000.0,3000.0,966.6666666666666,977.5854888716669,1011.6096448259628,1072.9190553689177,1169.9604239306314,1318.6879453069218,3000.0,3000.0,966.6666666666666,977.5854888716669,1011.6096448259628,1072.9190553689177,1169.9604239306314,1318.6879453069218,3000.0,3000.0,966.6666666666666,977.5854888716669,1011.6096448259628,1072.9190553689177,1169.9604239306314,1318.6879453069218,3000.0,3000.0,966.6666666666666,977.5854888716669,1011.6096448259628,1072.9190553689177,1169.9604239306314,1318.6879453069218,3000.0,3000.0,3000.0,3000.0,1318.6879453069218,1169.9604239306314,1072.9190553689177,1011.6096448259628,977.5854888716669,966.6666666666666,3000.0,3000.0,1318.6879453069218,1169.9604239306314,1072.9190553689177,1011.6096448259628,977.5854888716669,966.6666666666666,3000.0,3000.0,1318.6879453069218,1169.9604239306314,1072.9190553689177,1011.6096448259628,977.5854888716669,966.6666666666666,3000.0,3000.0,1318.6879453069218,1169.9604239306314,1072.9190553689177,1011.6096448259628,977.5854888716669,966.6666666666666,3000.0,3000.0,1318.6879453069218,1169.9604239306314,1072.9190553689177,1011.6096448259628,977.5854888716669,966.6666666666666,3000.0,3000.0,1318.6879453069218,1169.9604239306314,1072.9190553689177,1011.6096448259628,977.5854888716669,966.6666666666666,3000.0,3000.0,1318.6879453069218,1169.9604239306314,1072.9190553689177,1011.6096448259628,977.5854888716669,966.6666666666666,3000.0,3000.0,1318.6879453069218,1169.9604239306314,1072.9190553689177,1011.6096448259628,977.5854888716669,966.6666666666666,3000.0,3000.0,3000.0,3000.0,3000.0,3000.0,3000.0,3000.0,3000.0,3000.0,3000.0,3000.0,3000.0,3000.0,3000.0,3000.0,3000.0,3000.0,3000.0,3000.0,3000.0,3000.0,3000.0,3000.0,3000.0,3000.0,3000.0,3000.0,3000.0,3000.0,3000.0,3000.0,3000.0,3000.0,3000.0,3000.0,3000.0,3000.0,3000.0,3000.0,3000.0,3000.0,3000.0,3000.0,3000.0,3000.0,3000.0,3000.0,3000.0,3000.0,3000.0,3000.0,3000.0,3000.0,3000.0,3000.0,3000.0,3000.0,3000.0,3000.0,3000.0,3000.0,3000.0,3000.0,3000.0,3000.0,3000.0,3000.0,3000.0,3000.0,3000.0,3000.0,3000.0,3000.0,3000.0,3000.0,3000.0,3000.0,3000.0,3000.0,3000.0,3000.0,3000.0,3000.0,3000.0,3000.0,3000.0,3000.0,3000.0,3000.0,3000.0,3000.0,3000.0,3000.0,3000.0,3000.0,3000.0,3000.0,3000.0,3000.0,3000.0,3000.0,3000.0,3000.0,3000.0,3000.0,3000.0,3000.0,3000.0,3000.0,3000.0,3000.0,3000.0,3000.0,3000.0,3000.0,3000.0,3000.0,3000.0,3000.0,3000.0,3000.0,3000.0,3000.0,3000.0,3000.0,3000.0,3000.0,3000.0,3000.0,3000.0,3000.0,3000.0,3000.0,3000.0,3000.0,3000.0,3000.0,3000.0,3000.0,3000.0,3000.0,3000.0,3000.0,3000.0,3000.0,3000.0,3000.0,3000.0,3000.0,3000.0,3000.0,3000.0,3000.0,3000.0,3000.0,3000.0,3000.0,3000.0,3000.0,3000.0,3000.0,3000.0,3000.0,3000.0,3000.0,3000.0,3000.0,3000.0,3000.0,3000.0,3000.0,3000.0,3000.0,3000.0,3000.0,3000.0,3000.0,3000.0,3000.0,3000.0,3000.0,3000.0,3000.0,3000.0,3000.0,3000.0,3000.0,3000.0,3000.0,3000.0,3000.0,3000.0,3000.0,3000.0,3000.0,3000.0,3000.0,3000.0,3000.0,3000.0,3000.0,3000.0,3000.0,3000.0,3000.0,3000.0,3000.0,3000.0,3000.0,3000.0,3000.0,3000.0,3000.0,3000.0,3000.0,3000.0,3000.0,3000.0,3000.0,3000.0,3000.0,3000.0,3000.0,3000.0,3000.0,3000.0,3000.0,3000.0,3000.0,3000.0,3000.0,3000.0,3000.0,3000.0,3000.0,3000.0,3000.0,3000.0,3000.0,3000.0,3000.0,3000.0,3000.0,3000.0,3000.0,3000.0,3000.0,3000.0,3000.0,3000.0,3000.0,3000.0,3000.0,3000.0,3000.0
1933,983.3333333333334,994.4404110935924,1029.0511904264106,1091.4176597718301,1190.1321553777113,1341.4239443639378,3000.0,3000.0,983.3333333333334,994.4404110935924,1029.0511904264106,1091.4176597718301,1190.1321553777113,1341.4239443639378,3000.0,3000.0,983.3333333333334,994.4404110935924,1029.0511904264106,1091.4176597718301,1190.1321553777113,1341.4239443639378,3000.0,3000.0,983.3333333333334,994.4404110935924,1029.0511904264106,1091.4176597718301,1190.1321553777113,1341.4239443639378,3000.0,3000.0,983.3333333333334,994.4404110935924,1029.0511904264106,1091.4176597718301,1190.1321553777113,1341.4239443639378,3000.0,3000.0,983.3333333333334,994.4404110935924,1029.0511904264106,1091.4176597718301,1190.1321553777113,1341.4239443639378,3000.0,3000.0,983.3333333333334,994.4404110935924,1029.0511904264106,1091.4176597718301,1190.1321553777113,1341.4239443639378,3000.0,3000.0,983.3333333333334,994.4404110935924,1029.0511904264106,1091.4176597718301,1190.1321553777113,1341.4239443639378,3000.0,3000.0,3000.0,3000.0,1341.4239443639378,1190.1321553777113,1091.4176597718301,1029.0511904264106,994.4404110935924,983.3333333333334,3000.0,3000.0,1341.4239443639378,1190.1321553777113,1091.4176597718301,1029.0511904264106,994.4404110935924,983.3333333333334,3000.0,3000.0,1341.4239443639378,1190.1321553777113,1091.4176597718301,1029.0511904264106,994.4404110935924,983.3333333333334,3000.0,3000.0,1341.4239443639378,1190.1321553777113,1091.4176597718301,1029.0511904264106,994.4404110935924,983.3333333333334,3000.0,3000.0,1341.4239443639378,1190.1321553777113,1091.4176597718301,1029.0511904264106,994.4404110935924,983.3333333333334,3000.0,3000.0,1341.4239443639378,1190.1321553777113,1091.4176597718301,1029.0511904264106,994.4404110935924,983.3333333333334,3000.0,3000.0,1341.4239443639378,1190.1321553777113,1091.4176597718301,1029.0511904264106,994.4404110935924,983.3333333333334,3000.0,3000.0,1341.4239443639378,1190.1321553777113,1091.4176597718301,1029.0511904264106,994.4404110935924,983.3333333333334,3000.0,3000.0,3000.0,3000.0,3000.0,3000.0,3000.0,3000.0,3000.0,3000.0,3000.0,3000.0,3000.0,3000.0,3000.0,3000.0,3000.0,3000.0,3000.0,3000.0,3000.0,3000.0,3000.0,3000.0,3000.0,3000.0,3000.0,3000.0,3000.0,3000.0,3000.0,3000.0,3000.0,3000.0,3000.0,3000.0,3000.0,3000.0,3000.0,3000.0,3000.0,3000.0,3000.0,3000.0,3000.0,3000.0,3000.0,3000.0,3000.0,3000.0,3000.0,3000.0,3000.0,3000.0,3000.0,3000.0,3000.0,3000.0,3000.0,3000.0,3000.0,3000.0,3000.0,3000.0,3000.0,3000.0,3000.0,3000.0,3000.0,3000.0,3000.0,3000.0,3000.0,3000.0,3000.0,3000.0,3000.0,3000.0,3000.0,3000.0,3000.0,3000.0,3000.0,3000.0,3000.0,3000.0,3000.0,3000.0,3000.0,3000.0,3000.0,3000.0,3000.0,3000.0,3000.0,3000.0,3000.0,3000.0,3000.0,3000.0,3000.0,3000.0,3000.0,3000.0,3000.0,3000.0,3000.0,3000.0,3000.0,3000.0,3000.0,3000.0,3000.0,3000.0,3000.0,3000.0,3000.0,3000.0,3000.0,3000.0,3000.0,3000.0,3000.0,3000.0,3000.0,3000.0,3000.0,3000.0,3000.0,3000.0,3000.0,3000.0,3000.0,3000.0,3000.0,3000.0,3000.0,3000.0,3000.0,3000.0,3000.0,3000.0,3000.0,3000.0,3000.0,3000.0,3000.0,3000.0,3000.0,3000.0,3000.0,3000.0,3000.0,3000.0,3000.0,3000.0,3000.0,3000.0,3000.0,3000.0,3000.0,3000.0,3000.0,3000.0,3000.0,3000.0,3000.0,3000.0,3000.0,3000.0,3000.0,3000.0,3000.0,3000.0,3000.0,3000.0,3000.0,3000.0,3000.0,3000.0,3000.0,3000.0,3000.0,3000.0,3000.0,3000.0,3000.0,3000.0,3000.0,3000.0,3000.0,3000.0,3000.0,3000.0,3000.0,3000.0,3000.0,3000.0,3000.0,3000.0,3000.0,3000.0,3000.0,3000.0,3000.0,3000.0,3000.0,3000.0,3000.0,3000.0,3000.0,3000.0,3000.0,3000.0,3000.0,3000.0,3000.0,3000.0,3000.0,3000.0,3000.0,3000.0,3000.0,3000.0,3000.0,3000.0,3000.0,3000.0,3000.0,3000.0,3000.0,3000.0,3000.0,3000.0,3000.0,3000.0,3000.0,3000.0,3000.0,3000.0,3000.0,3000.0,3000.0,3000.0,3000.0,3000.0,3000.0,3000.0,3000.0,3000.0,3000.0,3000.0,3000.0,3000.0,3000.0,3000.0
2000,1000.0,1011.2953333155177,1046.4927360268582,1109.9162641747425,1210.303886824791,1364.1599434209534,3000.0,3000.0,1000.0,1011.2953333155177,1046.4927360268582,1109.9162641747425,1210.303886824791,1364.1599434209534,3000.0,3000.0,1000.0,1011.2953333155177,1046.4927360268582,1109.9162641747425,1210.303886824791,1364.1599434209534,3000.0,3000.0,1000.0,1011.2953333155177,1046.4927360268582,1109.9162641747425,1210.303886824791,1364.1599434209534,3000.0,3000.0,1000.0,1011.2953333155177,1046.4927360268582,1109.9162641747425,1210.303886824791,1364.1599434209534,3000.0,3000.0,1000.0,1011.2953333155177,1046.4927360268582,1109.9162641747425,1210.303886824791,1364.1599434209534,3000.0,3000.0,1000.0,1011.2953333155177,1046.4927360268582,1109.9162641747425,1210.303886824791,1364.1599434209534,3000.0,3000.0,1000.0,1011.2953333155177,1046.4927360268582,1109.9162641747425,1210.303886824791,1364.1599434209534,3000.0,3000.0,3000.0,3000.0,1364.1599434209534,1210.303886824791,1109.9162641747425,1046.4927360268582,1011.2953333155177,1000.0,3000.0,3000.0,1364.1599434209534,1210.303886824791,1109.9162641747425,1046.4927360268582,1011.2953333155177,1000.0,3000.0,3000.0,1364.1599434209534,1210.303886824791,1109.9162641747425,1046.4927360268582,1011.2953333155177,1000.0,3000.0,3000.0,1364.1599434209534,1210.303886824791,1109.9162641747425,1046.4927360268582,1011.2953333155177,1000.0,3000.0,3000.0,1364.1599434209534,1210.303886824791,1109.9162641747425,1046.4927360268582,1011.2953333155177,1000.0,3000.0,3000.0,1364.1599434209534,1210.303886824791,1109.9162641747425,1046.4927360268582,1011.2953333155177,1000.0,3000.0,3000.0,1364.1599434209534,1210.303886824791,1109.9162641747425,1046.4927360268582,1011.2953333155177,1000.0,3000.0,3000.0,1364.1599434209534,1210.303886824791,1109.9162641747425,1046.4927360268582,1011.2953333155177,1000.0,3000.0,3000.0,3000.0,3000.0,3000.0,3000.0,3000.0,3000.0,3000.0,3000.0,3000.0,3000.0,3000.0,3000.0,3000.0,3000.0,3000.0,3000.0,3000.0,3000.0,3000.0,3000.0,3000.0,3000.0,3000.0,3000.0,3000.0,3000.0,3000.0,3000.0,3000.0,3000.0,3000.0,3000.0,3000.0,3000.0,3000.0,3000.0,3000.0,3000.0,3000.0,3000.0,3000.0,3000.0,3000.0,3000.0,3000.0,3000.0,3000.0,3000.0,3000.0,3000.0,3000.0,3000.0,3000.0,3000.0,3000.0,3000.0,3000.0,3000.0,3000.0,3000.0,3000.0,3000.0,3000.0,3000.0,3000.0,3000.0,3000.0,3000.0,3000.0,3000.0,3000.0,3000.0,3000.0,3000.0,3000.0,3000.0,3000.0,3000.0,3000.0,3000.0,3000.0,3000.0,3000.0,3000.0,3000.0,3000.0,3000.0,3000.0,3000.0,3000.0,3000.0,3000.0,3000.0,3000.0,3000.0,3000.0,3000.0,3000.0,3000.0,3000.0,3000.0,3000.0,3000.0,3000.0,3000.0,3000.0,3000.0,3000.0,3000.0,3000.0,3000.0,3000.0,3000.0,3000.0,3000.0,3000.0,3000.0,3000.0,3000.0,3000.0,3000.0,3000.0,3000.0,3000.0,3000.0,3000.0,3000.0,3000.0,3000.0,3000.0,3000.0,3000.0,3000.0,3000.0,3000.0,3000.0,3000.0,3000.0,3000.0,3000.0,3000.0,3000.0,3000.0,3000.0,3000.0,3000.0,3000.0,3000.0,3000.0,3000.0,3000.0,3000.0,3000.0,3000.0,3000.0,3000.0,3000.0,3000.0,3000.0,3000.0,3000.0,3000.0,3000.0,3000.0,3000.0,3000.0,3000.0,3000.0,3000.0,3000.0,3000.0,3000.0,3000.0,3000.0,3000.0,3000.0,3000.0,3000.0,3000.0,3000.0,3000.0,3000.0,3000.0,3000.0,3000.0,3000.0,3000.0,3000.0,3000.0,3000.0,3000.0,3000.0,3000.0,3000.0,3000.0,3000.0,3000.0,3000.0,3000.0,3000.0,3000.0,3000.0,3000.0,3000.0,3000.0,3000.0,3000.0,3000.0,3000.0,3000.0,3000.0,3000.0,3000.0,3000.0,3000.0,3000.0,3000.0,3000.0,3000.0,3000.0,3000.0,3000.0,3000.0,3000.0,3000.0,3000.0,3000.0,3000.0,3000.0,3000.0,3000.0,3000.0,3000.0,3000.0,3000.0,3000.0,3000.0,3000.0,3000.0,3000.0,3000.0,3000.0,3000.0,3000.0,3000.0,3000.0,3000.0,3000.0,3000.0,3000.0,3000.0,3000.0,3000.0,3000.0
2067,1016.6666666666666,1028.150255537443,1063.9342816273056,1128.4148685776547,1230.4756182718709,1386.8959424779694,3000.0,3000.0,1016.6666666666666,1028.150255537443,1063.9342816273056,1128.4148685776547,1230.4756182718709,1386.8959424779694,3000.0,3000.0,1016.6666666666666,1028.150255537443,1063.9342816273056,1128.4148685776547,1230.4756182718709,1386.8959424779694,3000.0,3000.0,1016.6666666666666,1028.150255537443,1063.9342816273056,1128.4148685776547,1230.4756182718709,1386.8959424779694,3000.0,3000.0,1016.6666666666666,1028.150255537443,1063.9342816273056,1128.4148685776547,1230.4756182718709,1386.8959424779694,3000.0,3000.0,1016.6666666666666,1028.150255537443,1063.9342816273056,1128.4148685776547,1230.4756182718709,1386.8959424779694,3000.0,3000.0,1016.6666666666666,1028.150255537443,1063.9342816273056,1128.4148685776547,1230.4756182718709,1386.8959424779694,3000.0,3000.0,1016.6666666666666,1028.150255537443,1063.9342816273056,1128.4148685776547,1230.4756182718709,1386.8959424779694,3000.0,3000.0,3000.0,3000.0,1386.8959424779694,1230.4756182718709,1128.4148685776547,1063.9342816273056,1028.150255537443,1016.6666666666666,3000.0,3000.0,1386.8959424779694,1230.4756182718709,1128.4148685776547,1063.9342816273056,1028.150255537443,1016.6666666666666,3000.0,3000.0,1386.8959424779694,1230.4756182718709,1128.4148685776547,1063.9342816273056,1028.150255537443,1016.6666666666666,3000.0,3000.0,1386.8959424779694,1230.4756182718709,1128.4148685776547,1063.9342816273056,1028.150255537443,1016.6666666666666,3000.0,3000.0,1386.8959424779694,1230.4756182718709,1128.4148685776547,1063.9342816273056,1028.150255537443,1016.6666666666666,3000.0,3000.0,1386.8959424779694,1230.4756182718709,1128.4148685776547,1063.9342816273056,1028.150255537443,1016.6666666666666,3000.0,3000.0,1386.8959424779694,1230.4756182718709,1128.4148685776547,1063.9342816273056,1028.150255537443,1016.6666666666666,3000.0,3000.0,1386.8959424779694,1230.4756182718709,1128.4148685776547,1063.9342816273056,1028.150255537443,1016.6666666666666,3000.0,3000.0,3000.0,3000.0,3000.0,3000.0,3000.0,3000.0,3000.0,3000.0,3000.0,3000.0,3000.0,3000.0,3000.0,3000.0,3000.0,3000.0,3000.0,3000.0,3000.0,3000.0,3000.0,3000.0,3000.0,3000.0,3000.0,3000.0,3000.0,3000.0,3000.0,3000.0,3000.0,3000.0,3000.0,3000.0,3000.0,3000.0,3000.0,3000.0,3000.0,3000.0,3000.0,3000.0,3000.0,3000.0,3000.0,3000.0,3000.0,3000.0,3000.0,3000.0,3000.0,3000.0,3000.0,3000.0,3000.0,3000.0,3000.0,3000.0,3000.0,3000.0,3000.0,3000.0,3000.0,3000.0,3000.0,3000.0,3000.0,3000.0,3000.0,3000.0,3000.0,3000.0,3000.0,3000.0,3000.0,3000.0,3000.0,3000.0,3000.0,3000.0,3000.0,3000.0,3000.0,3000.0,3000.0,3000.0,3000.0,3000.0,3000.0,3000.0,3000.0,3000.0,3000.0,3000.0,3000.0,3000.0,3000.0,3000.0,3000.0,3000.0,3000.0,3000.0,3000.0,3000.0,3000.0,3000.0,3000.0,3000.0,3000.0,3000.0,3000.0,3000.0,3000.0,3000.0,3000.0,3000.0,3000.0,3000.0,3000.0,3000.0,3000.0,3000.0,3000.0,3000.0,3000.0,3000.0,3000.0,3000.0,3000.0,3000.0,3000.0,3000.0,3000.0,3000.0,3000.0,3000.0,3000.0,3000.0,3000.0,3000.0,3000.0,3000.0,3000.0,3000.0,3000.0,3000.0,3000.0,3000.0,3000.0,3000.0,3000.0,3000.0,3000.0,3000.0,3000.0,3000.0,3000.0,3000.0,3000.0,3000.0,3000.0,3000.0,3000.0,3000.0,3000.0,3000.0,3000.0,3000.0,3000.0,3000.0,3000.0,3000.0,3000.0,3000.0,3000.0,3000.0,3000.0,3000.0,3000.0,3000.0,3000.0,3000.0,3000.0,3000.0,3000.0,3000.0,3000.0,3000.0,3000.0,3000.0,3000.0,3000.0,3000.0,3000.0,3000.0,3000.0,3000.0,3000.0,3000.0,3000.0,3000.0,3000.0,3000.0,3000.0,3000.0,3000.0,3000.0,3000.0,3000.0,3000.0,3000.0,3000.0,3000.0,3000.0,3000.0,3000.0,3000.0,3000.0,3000.0,3000.0,3000.0,3000.0,3000.0,3000.0,3000.0,3000.0,3000.0,3000.0,3000.0,3000.0,3000.0,3000.0,3000.0,3000.0,3000.0,3000.0,3000.0,3000.0,3000.0,3000.0,3000.0,3000.0,3000.0,3000.0,3000.0,3000.0,3000.0,3000.0,3000.0,3000.0,3000.0,3000.0,3000.0,3000.0
2133,1033.3333333333333,1045.005177759368,1081.3758272277535,1146.913472980567,1250.6473497189509,1409.6319415349851,3000.0,3000.0,1033.3333333333333,1045.005177759368,1081.3758272277535,1146.913472980567,1250.6473497189509,1409.6319415349851,3000.0,3000.0,1033.3333333333333,1045.005177759368,1081.3758272277535,1146.913472980567,1250.6473497189509,1409.6319415349851,3000.0,3000.0,1033.3333333333333,1045.005177759368,1081.3758272277535,1146.913472980567,1250.6473497189509,1409.6319415349851,3000.0,3000.0,1033.3333333333333,1045.005177759368,1081.3758272277535,1146.913472980567,1250.6473497189509,1409.6319415349851,3000.0,3000.0,1033.3333333333333,1045.005177759368,1081.3758272277535,1146.913472980567,1250.6473497189509,1409.6319415349851,3000.0,3000.0,1033.3333333333333,1045.005177759368,1081.3758272277535,1146.913472980567,1250.6473497189509,1409.6319415349851,3000.0,3000.0,1033.3333333333333,1045.005177759368,1081.3758272277535,1146.913472980567,1250.6473497189509,1409.6319415349851,3000.0,3000.0,3000.0,3000.0,1409.6319415349851,1250.6473497189509,1146.913472980567,1081.3758272277535,1045.005177759368,1033.3333333333333,3000.0,3000.0,1409.6319415349851,1250.6473497189509,1146.913472980567,1081.3758272277535,1045.005177759368,1033.3333333333333,3000.0,3000.0,1409.6319415349851,1250.6473497189509,1146.913472980567,1081.3758272277535,1045.005177759368,1033.3333333333333,3000.0,3000.0,1409.6319415349851,1250.6473497189509,1146.913472980567,1081.3758272277535,1045.005177759368,1033.3333333333333,3000.0,3000.0,1409.6319415349851,1250.6473497189509,1146.913472980567,1081.3758272277535,1045.005177759368,1033.3333333333333,3000.0,3000.0,1409.6319415349851,1250.6473497189509,1146.913472980567,1081.3758272277535,1045.005177759368,1033.3333333333333,3000.0,3000.0,1409.6319415349851,1250.6473497189509,1146.913472980567,1081.3758272277535,1045.005177759368,1033.3333333333333,3000.0,3000.0,1409.6319415349851,1250.6473497189509,1146.913472980567,1081.3758272277535,1045.005177759368,1033.3333333333333,3000.0,3000.0,3000.0,3000.0,3000.0,3000.0,3000.0,3000.0,3000.0,3000.0,3000.0,3000.0,3000.0,3000.0,3000.0,3000.0,3000.0,3000.0,3000.0,3000.0,3000.0,3000.0,3000.0,3000.0,3000.0,3000.0,3000.0,3000.0,3000.0,3000.0,3000.0,3000.0,3000.0,3000.0,3000.0,3000.0,3000.0,3000.0,3000.0,3000.0,3000.0,3000.0,3000.0,3000.0,3000.0,3000.0,3000.0,3000.0,3000.0,3000.0,3000.0,3000.0,3000.0,3000.0,3000.0,3000.0,3000.0,3000.0,3000.0,3000.0,3000.0,3000.0,3000.0,3000.0,3000.0,3000.0,3000.0,3000.0,3000.0,3000.0,3000.0,3000.0,3000.0,3000.0,3000.0,3000.0,3000.0,3000.0,3000.0,3000.0,3000.0,3000.0,3000.0,3000.0,3000.0,3000.0,3000.0,3000.0,3000.0,3000.0,3000.0,3000.0,3000.0,3000.0,3000.0,3000.0,3000.0,3000.0,3000.0,3000.0,3000.0,3000.0,3000.0,3000.0,3000.0,3000.0,3000.0,3000.0,3000.0,3000.0,3000.0,3000.0,3000.0,3000.0,3000.0,3000.0,3000.0,3000.0,3000.0,3000.0,3000.0,3000.0,3000.0,3000.0,3000.0,3000.0,3000.0,3000.0,3000.0,3000.0,3000.0,3000.0,3000.0,3000.0,3000.0,3000.0,3000.0,3000.0,3000.0,3000.0,3000.0,3000.0,3000.0,3000.0,3000.0,3000.0,3000.0,3000.0,3000.0,3000.0,3000.0,3000.0,3000.0,3000.0,3000.0,3000.0,3000.0,3000.0,3000.0,3000.0,3000.0,3000.0,3000.0,3000.0,3000.0,3000.0,3000.0,3000.0,3000.0,3000.0,3000.0,3000.0,3000.0,3000.0,3000.0,3000.0,3000.0,3000.0,3000.0,3000.0,3000.0,3000.0,3000.0,3000.0,3000.0,3000.0,3000.0,3000.0,3000.0,3000.0,3000.0,3000.0,3000.0,3000.0,3000.0,3000.0,3000.0,3000.0,3000.0,3000.0,3000.0,3000.0,3000.0,3000.0,3000.0,3000.0,3000.0,3000.0,3000.0,3000.0,3000.0,3000.0,3000.0,3000.0,3000.0,3000.0,3000.0,3000.0,3000.0,3000.0,3000.0,3000.0,3000.0,3000.0,3000.0,3000.0,3000.0,3000.0,3000.0,3000.0,3000.0,3000.0,3000.0,3000.0,3000.0,3000.0,3000.0,3000.0,3000.0,3000.0,3000.0,3000.0,3000.0,3000.0,3000.0,3000.0,3000.0,3000.0,3000.0,3000.0,3000.0,3000.0,3000.0,3000.0,3000.0,3000.0
2200,1050.0,1061.8600999812934,1098.817372828201,1165.4120773834795,1270.8190811660306,1432.3679405920013,3000.0,3000.0,1050.0,1061.8600999812934,1098.817372828201,1165.4120773834795,1270.8190811660306,1432.3679405920013,3000.0,3000.0,1050.0,1061.8600999812934,1098.817372828201,1165.4120773834795,1270.8190811660306,1432.3679405920013,3000.0,3000.0,1050.0,1061.8600999812934,1098.817372828201,1165.4120773834795,1270.8190811660306,1432.3679405920013,3000.0,3000.0,1050.0,1061.8600999812934,1098.817372828201,1165.4120773834795,1270.8190811660306,1432.3679405920013,3000.0,3000.0,1050.0,1061.8600999812934,1098.817372828201,1165.4120773834795,1270.8190811660306,1432.3679405920013,3000.0,3000.0,1050.0,1061.8600999812934,1098.817372828201,1165.4120773834795,1270.8190811660306,1432.3679405920013,3000.0,3000.0,1050.0,1061.8600999812934,1098.817372828201,1165.4120773834795,1270.8190811660306,1432.3679405920013,3000.0,3000.0,3000.0,3000.0,1432.3679405920013,1270.8190811660306,1165.4120773834795,1098.817372828201,1061.8600999812934,1050.0,3000.0,3000.0,1432.3679405920013,1270.8190811660306,1165.4120773834795,1098.817372828201,1061.8600999812934,1050.0,3000.0,3000.0,1432.3679405920013,1270.8190811660306,1165.4120773834795,1098.817372828201,1061.8600999812934,1050.0,3000.0,3000.0,1432.3679405920013,1270.8190811660306,1165.4120773834795,1098.817372828201,1061.8600999812934,1050.0,3000.0,3000.0,1432.3679405920013,1270.8190811660306,1165.4120773834795,1098.817372828201,1061.8600999812934,1050.0,3000.0,3000.0,1432.3679405920013,1270.8190811660306,1165.4120773834795,1098.817372828201,1061.8600999812934,1050.0,3000.0,3000.0,1432.3679405920013,1270.8190811660306,1165.4120773834795,1098.817372828201,1061.8600999812934,1050.0,3000.0,3000.0,1432.3679405920013,1270.8190811660306,1165.4120773834795,1098.817372828201,1061.8600999812934,1050.0,3000.0,3000.0,3000.0,3000.0,3000.0,3000.0,3000.0,3000.0,3000.0,3000.0,3000.0,3000.0,3000.0,3000.0,3000.0,3000.0,3000.0,3000.0,3000.0,3000.0,3000.0,3000.0,3000.0,3000.0,3000.0,3000.0,3000.0,3000.0,3000.0,3000.0,3000.0,3000.0,3000.0,3000.0,3000.0,3000.0,3000.0,3000.0,3000.0,3000.0,3000.0,3000.0,3000.0,3000.0,3000.0,3000.0,3000.0,3000.0,3000.0,3000.0,3000.0,3000.0,3000.0,3000.0,3000.0,3000.0,3000.0,3000.0,3000.0,3000.0,3000.0,3000.0,3000.0,3000.0,3000.0,3000.0,3000.0,3000.0,3000.0,3000.0,3000.0,3000.0,3000.0,3000.0,3000.0,3000.0,3000.0,3000.0,3000.0,3000.0,3000.0,3000.0,3000.0,3000.0,3000.0,3000.0,3000.0,3000.0,3000.0,3000.0,3000.0,3000.0,3000.0,3000.0,3000.0,3000.0,3000.0,3000.0,3000.0,3000.0,3000.0,3000.0,3000.0,3000.0,3000.0,3000.0,3000.0,3000.0,3000.0,3000.0,3000.0,3000.0,3000.0,3000.0,3000.0,3000.0,3000.0,3000.0,3000.0,3000.0,3000.0,3000.0,3000.0,3000.0,3000.0,3000.0,3000.0,3000.0,3000.0,3000.0,3000.0,3000.0,3000.0,3000.0,3000.0,3000.0,3000.0,3000.0,3000.0,3000.0,3000.0,3000.0,3000.0,3000.0,3000.0,3000.0,3000.0,3000.0,3000.0,3000.0,3000.0,3000.0,3000.0,3000.0,3000.0,3000.0,3000.0,3000.0,3000.0,3000.0,3000.0,3000.0,3000.0,3000.0,3000.0,3000.0,3000.0,3000.0,3000.0,3000.0,3000.0,3000.0,3000.0,3000.0,3000.0,3000.0,3000.0,3000.0,3000.0,3000.0,3000.0,3000.0,3000.0,3000.0,3000.0,3000.0,3000.0,3000.0,3000.0,3000.0,3000.0,3000.0,3000.0,3000.0,3000.0,3000.0,3000.0,3000.0,3000.0,3000.0,3000.0,3000.0,3000.0,3000.0,3000.0,3000.0,3000.0,3000.0,3000.0,3000.0,3000.0,3000.0,3000.0,3000.0,3000.0,3000.0,3000.0,3000.0,3000.0,3000.0,3000.0,3000.0,3000.0,3000.0,3000.0,3000.0,3000.0,3000.0,3000.0,3000.0,3000.0,3000.0,3000.0,3000.0,3000.0,3000.0,3000.0,3000.0,3000.0,3000.0,3000.0,3000.0,3000.0,3000.0,3000.0,3000.0,3000.0,3000.0,3000.0,3000.0,3000.0,3000.0,3000.0,3000.0,3000.0,3000.0
2267,1066.6666666666667,1078.7150222032187,1116.2589184286487,1183.9106817863917,1290.9908126131104,1455.103939649017,3000.0,3000.0,1066.6666666666667,1078.7150222032187,1116.2589184286487,1183.9106817863917,1290.9908126131104,1455.103939649017,3000.0,3000.0,1066.6666666666667,1078.7150222032187,1116.2589184286487,1183.9106817863917,1290.9908126131104,1455.103939649017,3000.0,3000.0,1066.6666666666667,1078.7150222032187,1116.2589184286487,1183.9106817863917,1290.9908126131104,1455.103939649017,3000.0,3000.0,1066.6666666666667,1078.7150222032187,1116.2589184286487,1183.9106817863917,1290.9908126131104,1455.103939649017,3000.0,3000.0,1066.6666666666667,1078.7150222032187,1116.2589184286487,1183.9106817863917,1290.9908126131104,1455.103939649017,3000.0,3000.0,1066.6666666666667,1078.7150222032187,1116.2589184286487,1183.9106817863917,1290.9908126131104,1455.103939649017,3000.0,3000.0,1066.6666666666667,1078.7150222032187,1116.2589184286487,1183.9106817863917,1290.9908126131104,1455.103939649017,3000.0,3000.0,3000.0,3000.0,1455.103939649017,1290.9908126131104,1183.9106817863917,1116.2589184286487,1078.7150222032187,1066.6666666666667,3000.0,3000.0,1455.103939649017,1290.9908126131104,1183.9106817863917,1116.2589184286487,1078.7150222032187,1066.6666666666667,3000.0,3000.0,1455.103939649017,1290.9908126131104,1183.9106817863917,1116.2589184286487,1078.7150222032187,1066.6666666666667,3000.0,3000.0,1455.103939649017,1290.9908126131104,1183.9106817863917,1116.2589184286487,1078.7150222032187,1066.6666666666667,3000.0,3000.0,1455.103939649017,1290.9908126131104,1183.9106817863917,1116.2589184286487,1078.7150222032187,1066.6666666666667,3000.0,3000.0,1455.103939649017,1290.9908126131104,1183.9106817863917,1116.2589184286487,1078.7150222032187,1066.6666666666667,3000.0,3000.0,1455.103939649017,1290.9908126131104,1183.9106817863917,1116.2589184286487,1078.7150222032187,1066.6666666666667,3000.0,3000.0,1455.103939649017,1290.9908126131104,1183.9106817863917,1116.2589184286487,1078.7150222032187,1066.6666666666667,3000.0,3000.0,3000.0,3000.0,3000.0,3000.0,3000.0,3000.0,3000.0,3000.0,3000.0,3000.0,3000.0,3000.0,3000.0,3000.0,3000.0,3000.0,3000.0,3000.0,3000.0,3000.0,3000.0,3000.0,3000.0,3000.0,3000.0,3000.0,3000.0,3000.0,3000.0,3000.0,3000.0,3000.0,3000.0,3000.0,3000.0,3000.0,3000.0,3000.0,3000.0,3000.0,3000.0,3000.0,3000.0,3000.0,3000.0,3000.0,3000.0,3000.0,3000.0,3000.0,3000.0,3000.0,3000.0,3000.0,3000.0,3000.0,3000.0,3000.0,3000.0,3000.0,3000.0,3000.0,3000.0,3000.0,3000.0,3000.0,3000.0,3000.0,3000.0,3000.0,3000.0,3000.0,3000.0,3000.0,3000.0,3000.0,3000.0,3000.0,3000.0,3000.0,3000.0,3000.0,3000.0,3000.0,3000.0,3000.0,3000.0,3000.0,3000.0,3000.0,3000.0,3000.0,3000.0,3000.0,3000.0,3000.0,3000.0,3000.0,3000.0,3000.0,3000.0,3000.0,3000.0,3000.0,3000.0,3000.0,3000.0,3000.0,3000.0,3000.0,3000.0,3000.0,3000.0,3000.0,3000.0,3000.0,3000.0,3000.0,3000.0,3000.0,3000.0,3000.0,3000.0,3000.0,3000.0,3000.0,3000.0,3000.0,3000.0,3000.0,3000.0,3000.0,3000.0,3000.0,3000.0,3000.0,3000.0,3000.0,3000.0,3000.0,3000.0,3000.0,3000.0,3000.0,3000.0,3000.0,3000.0,3000.0,3000.0,3000.0,3000.0,3000.0,3000.0,3000.0,3000.0,3000.0,3000.0,3000.0,3000.0,3000.0,3000.0,3000.0,3000.0,3000.0,3000.0,3000.0,3000.0,3000.0,3000.0,3000.0,3000.0,3000.0,3000.0,3000.0,3000.0,3000.0,3000.0,3000.0,3000.0,3000.0,3000.0,3000.0,3000.0,3000.0,3000.0,3000.0,3000.0,3000.0,3000.0,3000.0,3000.0,3000.0,3000.0,3000.0,3000.0,3000.0,3000.0,3000.0,3000.0,3000.0,3000.0,3000.0,3000.0,3000.0,3000.0,3000.0,3000.0,3000.0,3000.0,3000.0,3000.0,3000.0,3000.0,3000.0,3000.0,3000.0,3000.0,3000.0,3000.0,3000.0,3000.0,3000.0,3000.0,3000.0,3000.0,3000.0,3000.0,3000.0,3000.0,3000.0,3000.0,3000.0,3000.0,3000.0,3000.0,3000.0,3000.0,3000.0,3000.0,3000.0,3000.0,3000.0,3000.0,3000.0,3000.0,3000.0,3000.0,3000.0,3000.0,3000.0,3000.0,3000.0,3000.0,3000.0
2333,1083.3333333333335,1095.569944425144,1133.7004640290963,1202.4092861893043,1311.1625440601906,3000.0,3000.0,3000.0,1083.3333333333335,1095.569944425144,1133.7004640290963,1202.4092861893043,1311.1625440601906,3000.0,3000.0,3000.0,1083.3333333333335,1095.569944425144,1133.7004640290963,1202.4092861893043,1311.1625440601906,3000.0,3000.0,3000.0,1083.3333333333335,1095.569944425144,1133.7004640290963,1202.4092861893043,1311.1625440601906,3000.0,3000.0,3000.0,1083.3333333333335,1095.569944425144,1133.7004640290963,1202.4092861893043,1311.1625440601906,3000.0,3000.0,3000.0,1083.3333333333335,1095.569944425144,1133.7004640290963,1202.4092861893043,1311.1625440601906,3000.0,3000.0,3000.0,1083.3333333333335,1095.569944425144,1133.7004640290963,1202.4092861893043,1311.1625440601906,3000.0,3000.0,3000.0,1083.3333333333335,1095.569944425144,1133.7004640290963,1202.4092861893043,1311.1625440601906,3000.0,3000.0,3000.0,3000.0,3000.0,3000.0,1311.1625440601906,1202.4092861893043,1133.7004640290963,1095.569944425144,1083.3333333333335,3000.0,3000.0,3000.0,1311.1625440601906,1202.4092861893043,1133.7004640290963,1095.569944425144,1083.3333333333335,3000.0,3000.0,3000.0,1311.1625440601906,1202.4092861893043,1133.7004640290963,1095.569944425144,1083.3333333333335,3000.0,3000.0,3000.0,1311.1625440601906,1202.4092861893043,1133.7004640290963,1095.569944425144,1083.3333333333335,3000.0,3000.0,3000.0,1311.1625440601906,1202.4092861893043,1133.7004640290963,1095.569944425144,1083.3333333333335,3000.0,3000.0,3000.0,1311.1625440601906,1202.4092861893043,1133.7004640290963,1095.569944425144,1083.3333333333335,3000.0,3000.0,3000.0,1311.1625440601906,1202.4092861893043,1133.7004640290963,1095.569944425144,1083.3333333333335,3000.0,3000.0,3000.0,1311.1625440601906,1202.4092861893043,1133.7004640290963,1095.569944425144,1083.3333333333335,3000.0,3000.0,3000.0,3000.0,3000.0,3000.0,3000.0,3000.0,3000.0,3000.0,3000.0,3000.0,3000.0,3000.0,3000.0,3000.0,3000.0,3000.0,3000.0,3000.0,3000.0,3000.0,3000.0,3000.0,3000.0,3000.0,3000.0,3000.0,3000.0,3000.0,3000.0,3000.0,3000.0,3000.0,3000.0,3000.0,3000.0,3000.0,3000.0,3000.0,3000.0,3000.0,3000.0,3000.0,3000.0,3000.0,3000.0,3000.0,3000.0,3000.0,3000.0,3000.0,3000.0,3000.0,3000.0,3000.0,3000.0,3000.0,3000.0,3000.0,3000.0,3000.0,3000.0,3000.0,3000.0,3000.0,3000.0,3000.0,3000.0,3000.0,3000.0,3000.0,3000.0,3000.0,3000.0,3000.0,3000.0,3000.0,3000.0,3000.0,3000.0,3000.0,3000.0,3000.0,3000.0,3000.0,3000.0,3000.0,3000.0,3000.0,3000.0,3000.0,3000.0,3000.0,3000.0,3000.0,3000.0,3000.0,3000.0,3000.0,3000.0,3000.0,3000.0,3000.0,3000.0,3000.0,3000.0,3000.0,3000.0,3000.0,3000.0,3000.0,3000.0,3000.0,3000.0,3000.0,3000.0,3000.0,3000.0,3000.0,3000.0,3000.0,3000.0,3000.0,3000.0,3000.0,3000.0,3000.0,3000.0,3000.0,3000.0,3000.0,3000.0,3000.0,3000.0,3000.0,3000.0,3000.0,3000.0,3000.0,3000.0,3000.0,3000.0,3000.0,3000.0,3000.0,3000.0,3000.0,3000.0,3000.0,3000.0,3000.0,3000.0,3000.0,3000.0,3000.0,3000.0,3000.0,3000.0,3000.0,3000.0,3000.0,3000.0,3000.0,3000.0,3000.0,3000.0,3000.0,3000.0,3000.0,3000.0,3000.0,3000.0,3000.0,3000.0,3000.0,3000.0,3000.0,3000.0,3000.0,3000.0,3000.0,3000.0,3000.0,3000.0,3000.0,3000.0,3000.0,3000.0,3000.0,3000.0,3000.0,3000.0,3000.0,3000.0,3000.0,3000.0,3000.0,3000.0,3000.0,3000.0,3000.0,3000.0,3000.0,3000.0,3000.0,3000.0,3000.0,3000.0,3000.0,3000.0,3000.0,3000.0,3000.0,3000.0,3000.0,3000.0,3000.0,3000.0,3000.0,3000.0,3000.0,3000.0,3000.0,3000.0,3000.0,3000.0,3000.0,3000.0,3000.0,3000.0,3000.0,3000.0,3000.0,3000.0,3000.0,3000.0,3000.0,3000.0,3000.0,3000.0,3000.0,3000.0,3000.0,3000.0,3000.0,3000.0,3000.0,3000.0,3000.0,3000.0,3000.0,3000.0,3000.0,3000.0,3000.0
2400,1100.0,1112.4248666470696,1151.142009629544,1220.9078905922165,1331.3342755072704,3000.0,3000.0,3000.0,1100.0,1112.4248666470696,1151.142009629544,1220.9078905922165,1331.3342755072704,3000.0,3000.0,3000.0,1100.0,1112.4248666470696,1151.142009629544,1220.9078905922165,1331.3342755072704,3000.0,3000.0,3000.0,1100.0,1112.4248666470696,1151.142009629544,1220.9078905922165,1331.3342755072704,3000.0,3000.0,3000.0,1100.0,1112.4248666470696,1151.142009629544,1220.9078905922165,1331.3342755072704,3000.0,3000.0,3000.0,1100.0,1112.4248666470696,1151.142009629544,1220.9078905922165,1331.3342755072704,3000.0,3000.0,3000.0,1100.0,1112.4248666470696,1151.142009629544,1220.9078905922165,1331.3342755072704,3000.0,3000.0,3000.0,1100.0,1112.4248666470696,1151.142009629544,1220.9078905922165,1331.3342755072704,3000.0,3000.0,3000.0,3000.0,3000.0,3000.0,1331.3342755072704,1220.9078905922165,1151.142009629544,1112.4248666470696,1100.0,3000.0,3000.0,3000.0,1331.3342755072704,1220.9078905922165,1151.142009629544,1112.4248666470696,1100.0,3000.0,3000.0,3000.0,1331.3342755072704,1220.9078905922165,1151.142009629544,1112.4248666470696,1100.0,3000.0,3000.0,3000.0,1331.3342755072704,1220.9078905922165,1151.142009629544,1112.4248666470696,1100.0,3000.0,3000.0,3000.0,1331.3342755072704,1220.9078905922165,1151.142009629544,1112.4248666470696,1100.0,3000.0,3000.0,3000.0,1331.3342755072704,1220.9078905922165,1151.142009629544,1112.4248666470696,1100.0,3000.0,3000.0,3000.0,1331.3342755072704,1220.9078905922165,1151.142009629544,1112.4248666470696,1100.0,3000.0,3000.0,3000.0,1331.3342755072704,1220.9078905922165,1151.142009629544,1112.4248666470696,1100.0,3000.0,3000.0,3000.0,3000.0,3000.0,3000.0,3000.0,3000.0,3000.0,3000.0,3000.0,3000.0,3000.0,3000.0,3000.0,3000.0,3000.0,3000.0,3000.0,3000.0,3000.0,3000.0,3000.0,3000.0,3000.0,3000.0,3000.0,3000.0,3000.0,3000.0,3000.0,3000.0,3000.0,3000.0,3000.0,3000.0,3000.0,3000.0,3000.0,3000.0,3000.0,3000.0,3000.0,3000.0,3000.0,3000.0,3000.0,3000.0,3000.0,3000.0,3000.0,3000.0,3000.0,3000.0,3000.0,3000.0,3000.0,3000.0,3000.0,3000.0,3000.0,3000.0,3000.0,3000.0,3000.0,3000.0,3000.0,3000.0,3000.0,3000.0,3000.0,3000.0,3000.0,3000.0,3000.0,3000.0,3000.0,3000.0,3000.0,3000.0,3000.0,3000.0,3000.0,3000.0,3000.0,3000.0,3000.0,3000.0,3000.0,3000.0,3000.0,3000.0,3000.0,3000.0,3000.0,3000.0,3000.0,3000.0,3000.0,3000.0,3000.0,3000.0,3000.0,3000.0,3000.0,3000.0,3000.0,3000.0,3000.0,3000.0,3000.0,3000.0,3000.0,3000.0,3000.0,3000.0,3000.0,3000.0,3000.0,3000.0,3000.0,3000.0,3000.0,3000.0,3000.0,3000.0,3000.0,3000.0,3000.0,3000.0,3000.0,3000.0,3000.0,3000.0,3000.0,3000.0,3000.0,3000.0,3000.0,3000.0,3000.0,3000.0,3000.0,3000.0,3000.0,3000.0,3000.0,3000.0,3000.0,3000.0,3000.0,3000.0,3000.0,3000.0,3000.0,3000.0,3000.0,3000.0,3000.0,3000.0,3000.0,3000.0,3000.0,3000.0,3000.0,3000.0,3000.0,3000.0,3000.0,3000.0,3000.0,3000.0,3000.0,3000.0,3000.0,3000.0,3000.0,3000.0,3000.0,3000.0,3000.0,3000.0,3000.0,3000.0,3000.0,3000.0,3000.0,3000.0,3000.0,3000.0,3000.0,3000.0,3000.0,3000.0,3000.0,3000.0,3000.0,3000.0,3000.0,3000.0,3000.0,3000.0,3000.0,3000.0,3000.0,3000.0,3000.0,3000.0,3000.0,3000.0,3000.0,3000.0,3000.0,3000.0,3000.0,3000.0,3000.0,3000.0,3000.0,3000.0,3000.0,3000.0,3000.0,3000.0,3000.0,3000.0,3000.0,3000.0,3000.0,3000.0,3000.0,3000.0,3000.0,3000.0,3000.0,3000.0,3000.0,3000.0,3000.0,3000.0,3000.0,3000.0,3000.0,3000.0,3000.0,3000.0,3000.0,3000.0,3000.0,3000.0,3000.0,3000.0,3000.0,3000.0,3000.0,3000.0
2467,1116.6666666666667,1129.2797888689947,1168.5835552299916,1239.406494995129,1351.5060069543501,3000.0,3000.0,3000.0,1116.6666666666667,1129.2797888689947,1168.5835552299916,1239.406494995129,1351.5060069543501,3000.0,3000.0,3000.0,1116.6666666666667,1129.2797888689947,1168.5835552299916,1239.406494995129,1351.5060069543501,3000.0,3000.0,3000.0,1116.6666666666667,1129.2797888689947,1168.5835552299916,1239.406494995129,1351.5060069543501,3000.0,3000.0,3000.0,1116.6666666666667,1129.2797888689947,1168.5835552299916,1239.406494995129,1351.5060069543501,3000.0,3000.0,3000.0,1116.6666666666667,1129.2797888689947,1168.5835552299916,1239.406494995129,1351.5060069543501,3000.0,3000.0,3000.0,1116.6666666666667,1129.2797888689947,1168.5835552299916,1239.406494995129,1351.5060069543501,3000.0,3000.0,3000.0,1116.6666666666667,1129.2797888689947,1168.5835552299916,1239.406494995129,1351.5060069543501,3000.0,3000.0,3000.0,3000.0,3000.0,3000.0,1351.5060069543501,1239.406494995129,1168.5835552299916,1129.2797888689947,1116.6666666666667,3000.0,3000.0,3000.0,1351.5060069543501,1239.406494995129,1168.5835552299916,1129.2797888689947,1116.6666666666667,3000.0,3000.0,3000.0,1351.5060069543501,1239.406494995129,1168.5835552299916,1129.2797888689947,1116.6666666666667,3000.0,3000.0,3000.0,1351.5060069543501,1239.406494995129,1168.5835552299916,1129.2797888689947,1116.6666666666667,3000.0,3000.0,3000.0,1351.5060069543501,1239.406494995129,1168.5835552299916,1129.2797888689947,1116.6666666666667,3000.0,3000.0,3000.0,1351.5060069543501,1239.406494995129,1168.5835552299916,1129.2797888689947,1116.6666666666667,3000.0,3000.0,3000.0,1351.5060069543501,1239.406494995129,1168.5835552299916,1129.2797888689947,1116.6666666666667,3000.0,3000.0,3000.0,1351.5060069543501,1239.406494995129,1168.5835552299916,1129.2797888689947,1116.6666666666667,3000.0,3000.0,3000.0,3000.0,3000.0,3000.0,3000.0,3000.0,3000.0,3000.0,3000.0,3000.0,3000.0,3000.0,3000.0,3000.0,3000.0,3000.0,3000.0,3000.0,3000.0,3000.0,3000.0,3000.0,3000.0,3000.0,3000.0,3000.0,3000.0,3000.0,3000.0,3000.0,3000.0,3000.0,3000.0,3000.0,3000.0,3000.0,3000.0,3000.0,3000.0,3000.0,3000.0,3000.0,3000.0,3000.0,3000.0,3000.0,3000.0,3000.0,3000.0,3000.0,3000.0,3000.0,3000.0,3000.0,3000.0,3000.0,3000.0,3000.0,3000.0,3000.0,3000.0,3000.0,3000.0,3000.0,3000.0,3000.0,3000.0,3000.0,3000.0,3000.0,3000.0,3000.0,3000.0,3000.0,3000.0,3000.0,3000.0,3000.0,3000.0,3000.0,3000.0,3000.0,3000.0,3000.0,3000.0,3000.0,3000.0,3000.0,3000.0,3000.0,3000.0,3000.0,3000.0,3000.0,3000.0,3000.0,3000.0,3000.0,3000.0,3000.0,3000.0,3000.0,3000.0,3000.0,3000.0,3000.0,3000.0,3000.0,3000.0,3000.0,3000.0,3000.0,3000.0,3000.0,3000.0,3000.0,3000.0,3000.0,3000.0,3000.0,3000.0,3000.0,3000.0,3000.0,3000.0,3000.0,3000.0,3000.0,3000.0,3000.0,3000.0,3000.0,3000.0,3000.0,3000.0,3000.0,3000.0,3000.0,3000.0,3000.0,3000.0,3000.0,3000.0,3000.0,3000.0,3000.0,3000.0,3000.0,3000.0,3000.0,3000.0,3000.0,3000.0,3000.0,3000.0,3000.0,3000.0,3000.0,3000.0,3000.0,3000.0,3000.0,3000.0,3000.0,3000.0,3000.0,3000.0,3000.0,3000.0,3000.0,3000.0,3000.0,3000.0,3000.0,3000.0,3000.0,3000.0,3000.0,3000.0,3000.0,3000.0,3000.0,3000.0,3000.0,3000.0,3000.0,3000.0,3000.0,3000.0,3000.0,3000.0,3000.0,3000.0,3000.0,3000.0,3000.0,3000.0,3000.0,3000.0,3000.0,3000.0,3000.0,3000.0,3000.0,3000.0,3000.0,3000.0,3000.0,3000.0,3000.0,3000.0,3000.0,3000.0,3000.0,3000.0,3000.0,3000.0,3000.0,3000.0,3000.0,3000.0,3000.0,3000.0,3000.0,3000.0,3000.0,3000.0,3000.0,3000.0,3000.0,3000.0,3000.0,3000.0,3000.0,3000.0,3000.0,3000.0,3000.0,3000.0,3000.0,3000.0,3000.0,3000.0,3000.0,3000.0,3000.0,3000.0,3000.0,3000.0,3000.0,3000.0,3000.0,3000.0,3000.0
2533,1133.3333333333333,1146.1347110909198,1186.0251008304392,1257.9050993980413,1371.67773840143,3000.0,3000.0,3000.0,1133.3333333333333,1146.1347110909198,1186.0251008304392,1257.9050993980413,1371.67773840143,3000.0,3000.0,3000.0,1133.3333333333333,1146.1347110909198,1186.0251008304392,1257.9050993980413,1371.67773840143,3000.0,3000.0,3000.0,1133.3333333333333,1146.1347110909198,1186.0251008304392,1257.9050993980413,1371.67773840143,3000.0,3000.0,3000.0,1133.3333333333333,1146.1347110909198,1186.0251008304392,1257.9050993980413,1371.67773840143,3000.0,3000.0,3000.0,1133.3333333333333,1146.1347110909198,1186.0251008304392,1257.9050993980413,1371.67773840143,3000.0,3000.0,3000.0,1133.3333333333333,1146.1347110909198,1186.0251008304392,1257.9050993980413,1371.67773840143,3000.0,3000.0,3000.0,1133.3333333333333,1146.1347110909198,1186.0251008304392,1257.9050993980413,1371.67773840143,3000.0,3000.0,3000.0,3000.0,3000.0,3000.0,1371.67773840143,1257.9050993980413,1186.0251008304392,1146.1347110909198,1133.3333333333333,3000.0,3000.0,3000.0,1371.67773840143,1257.9050993980413,1186.0251008304392,1146.1347110909198,1133.3333333333333,3000.0,3000.0,3000.0,1371.67773840143,1257.9050993980413,1186.0251008304392,1146.1347110909198,1133.3333333333333,3000.0,3000.0,3000.0,1371.67773840143,1257.9050993980413,1186.0251008304392,1146.1347110909198,1133.3333333333333,3000.0,3000.0,3000.0,1371.67773840143,1257.9050993980413,1186.0251008304392,1146.1347110909198,1133.3333333333333,3000.0,3000.0,3000.0,1371.67773840143,1257.9050993980413,1186.0251008304392,1146.1347110909198,1133.3333333333333,3000.0,3000.0,3000.0,1371.67773840143,1257.9050993980413,1186.0251008304392,1146.1347110909198,1133.3333333333333,3000.0,3000.0,3000.0,1371.67773840143,1257.9050993980413,1186.0251008304392,1146.1347110909198,1133.3333333333333,3000.0,3000.0,3000.0,3000.0,3000.0,3000.0,3000.0,3000.0,3000.0,3000.0,3000.0,3000.0,3000.0,3000.0,3000.0,3000.0,3000.0,3000.0,3000.0,3000.0,3000.0,3000.0,3000.0,3000.0,3000.0,3000.0,3000.0,3000.0,3000.0,3000.0,3000.0,3000.0,3000.0,3000.0,3000.0,3000.0,3000.0,3000.0,3000.0,3000.0,3000.0,3000.0,3000.0,3000.0,3000.0,3000.0,3000.0,3000.0,3000.0,3000.0,3000.0,3000.0,3000.0,3000.0,3000.0,3000.0,3000.0,3000.0,3000.0,3000.0,3000.0,3000.0,3000.0,3000.0,3000.0,3000.0,3000.0,3000.0,3000.0,3000.0,3000.0,3000.0,3000.0,3000.0,3000.0,3000.0,3000.0,3000.0,3000.0,3000.0,3000.0,3000.0,3000.0,3000.0,3000.0,3000.0,3000.0,3000.0,3000.0,3000.0,3000.0,3000.0,3000.0,3000.0,3000.0,3000.0,3000.0,3000.0,3000.0,3000.0,3000.0,3000.0,3000.0,3000.0,3000.0,3000.0,3000.0,3000.0,3000.0,3000.0,3000.0,3000.0,3000.0,3000.0,3000.0,3000.0,3000.0,3000.0,3000.0,3000.0,3000.0,3000.0,3000.0,3000.0,3000.0,3000.0,3000.0,3000.0,3000.0,3000.0,3000.0,3000.0,3000.0,3000.0,3000.0,3000.0,3000.0,3000.0,3000.0,3000.0,3000.0,3000.0,3000.0,3000.0,3000.0,3000.0,3000.0,3000.0,3000.0,3000.0,3000.0,3000.0,3000.0,3000.0,3000.0,3000.0,3000.0,3000.0,3000.0,3000.0,3000.0,3000.0,3000.0,3000.0,3000.0,3000.0,3000.0,3000.0,3000.0,3000.0,3000.0,3000.0,3000.0,3000.0,3000.0,3000.0,3000.0,3000.0,3000.0,3000.0,3000.0,3000.0,3000.0,3000.0,3000.0,3000.0,3000.0,3000.0,3000.0,3000.0,3000.0,3000.0,3000.0,3000.0,3000.0,3000.0,3000.0,3000.0,3000.0,3000.0,3000.0,3000.0,3000.0,3000.0,3000.0,3000.0,3000.0,3000.0,3000.0,3000.0,3000.0,3000.0,3000.0,3000.0,3000.0,3000.0,3000.0,3000.0,3000.0,3000.0,3000.0,3000.0,3000.0,3000.0,3000.0,3000.0,3000.0,3000.0,3000.0,3000.0,3000.0,3000.0,3000.0,3000.0,3000.0,3000.0,3000.0,3000.0,3000.0,3000.0,3000.0,3000.0,3000.0,3000.0,3000.0,3000.0,3000.0,3000.0,3000.0,3000.0,3000.0,3000.0,3000.0,3000.0,3000.0,3000.0
2600,1150.0,1162.9896333128452,1203.4666464308868,1276.4037038009537,1391.8494698485094,3000.0,3000.0,3000.0,1150.0,1162.9896333128452,1203.4666464308868,1276.4037038009537,1391.8494698485094,3000.0,3000.0,3000.0,1150.0,1162.9896333128452,1203.4666464308868,1276.4037038009537,1391.8494698485094,3000.0,3000.0,3000.0,1150.0,1162.9896333128452,1203.4666464308868,1276.4037038009537,1391.8494698485094,3000.0,3000.0,3000.0,1150.0,1162.9896333128452,1203.4666464308868,1276.4037038009537,1391.8494698485094,3000.0,3000.0,3000.0,1150.0,1162.9896333128452,1203.4666464308868,1276.4037038009537,1391.8494698485094,3000.0,3000.0,3000.0,1150.0,1162.9896333128452,1203.4666464308868,1276.4037038009537,1391.8494698485094,3000.0,3000.0,3000.0,1150.0,1162.9896333128452,1203.4666464308868,1276.4037038009537,1391.8494698485094,3000.0,3000.0,3000.0,3000.0,3000.0,3000.0,1391.8494698485094,1276.4037038009537,1203.4666464308868,1162.9896333128452,1150.0,3000.0,3000.0,3000.0,1391.8494698485094,1276.4037038009537,1203.4666464308868,1162.9896333128452,1150.0,3000.0,3000.0,3000.0,1391.8494698485094,1276.4037038009537,1203.4666464308868,1162.9896333128452,1150.0,3000.0,3000.0,3000.0,1391.8494698485094,1276.4037038009537,1203.4666464308868,1162.9896333128452,1150.0,3000.0,3000.0,3000.0,1391.8494698485094,1276.4037038009537,1203.4666464308868,1162.9896333128452,1150.0,3000.0,3000.0,3000.0,1391.8494698485094,1276.4037038009537,1203.4666464308868,1162.9896333128452,1150.0,3000.0,3000.0,3000.0,1391.8494698485094,1276.4037038009537,1203.4666464308868,1162.9896333128452,1150.0,3000.0,3000.0,3000.0,1391.8494698485094,1276.4037038009537,1203.4666464308868,1162.9896333128452,1150.0,3000.0,3000.0,3000.0,3000.0,3000.0,3000.0,3000.0,3000.0,3000.0,3000.0,3000.0,3000.0,3000.0,3000.0,3000.0,3000.0,3000.0,3000.0,3000.0,3000.0,3000.0,3000.0,3000.0,3000.0,3000.0,3000.0,3000.0,3000.0,3000.0,3000.0,3000.0,3000.0,3000.0,3000.0,3000.0,3000.0,3000.0,3000.0,3000.0,3000.0,3000.0,3000.0,3000.0,3000.0,3000.0,3000.0,3000.0,3000.0,3000.0,3000.0,3000.0,3000.0,3000.0,3000.0,3000.0,3000.0,3000.0,3000.0,3000.0,3000.0,3000.0,3000.0,3000.0,3000.0,3000.0,3000.0,3000.0,3000.0,3000.0,3000.0,3000.0,3000.0,3000.0,3000.0,3000.0,3000.0,3000.0,3000.0,3000.0,3000.0,3000.0,3000.0,3000.0,3000.0,3000.0,3000.0,3000.0,3000.0,3000.0,3000.0,3000.0,3000.0,3000.0,3000.0,3000.0,3000.0,3000.0,3000.0,3000.0,3000.0,3000.0,3000.0,3000.0,3000.0,3000.0,3000.0,3000.0,3000.0,3000.0,3000.0,3000.0,3000.0,3000.0,3000.0,3000.0,3000.0,3000.0,3000.0,3000.0,3000.0,3000.0,3000.0,3000.0,3000.0,3000.0,3000.0,3000.0,3000.0,3000.0,3000.0,3000.0,3000.0,3000.0,3000.0,3000.0,3000.0,3000.0,3000.0,3000.0,3000.0,3000.0,3000.0,3000.0,3000.0,3000.0,3000.0,3000.0,3000.0,3000.0,3000.0,3000.0,3000.0,3000.0,3000.0,3000.0,3000.0,3000.0,3000.0,3000.0,3000.0,3000.0,3000.0,3000.0,3000.0,3000.0,3000.0,3000.0,3000.0,3000.0,3000.0,3000.0,3000.0,3000.0,3000.0,3000.0,3000.0,3000.0,3000.0,3000.0,3000.0,3000.0,3000.0,3000.0,3000.0,3000.0,3000.0,3000.0,3000.0,3000.0,3000.0,3000.0,3000.0,3000.0,3000.0,3000.0,3000.0,3000.0,3000.0,3000.0,3000.0,3000.0,3000.0,3000.0,3000.0,3000.0,3000.0,3000.0,3000.0,3000.0,3000.0,3000.0,3000.0,3000.0,3000.0,3000.0,3000.0,3000.0,3000.0,3000.0,3000.0,3000.0,3000.0,3000.0,3000.0,3000.0,3000.0,3000.0,3000.0,3000.0,3000.0,3000.0,3000.0,3000.0,3000.0,3000.0,3000.0,3000.0,3000.0,3000.0,3000.0,3000.0,3000.0,3000.0,3000.0,3000.0,3000.0,3000.0,3000.0,3000.0,3000.0,3000.0,3000.0,3000.0,3000.0,3000.0,3000.0
2667,1166.6666666666665,1179.8445555347703,1220.9081920313342,1294.902308203866,1412.0212012955894,3000.0,3000.0,3000.0,1166.6666666666665,1179.8445555347703,1220.9081920313342,1294.902308203866,1412.0212012955894,3000.0,3000.0,3000.0,1166.6666666666665,1179.8445555347703,1220.9081920313342,1294.902308203866,1412.0212012955894,3000.0,3000.0,3000.0,1166.6666666666665,1179.8445555347703,1220.9081920313342,1294.902308203866,1412.0212012955894,3000.0,3000.0,3000.0,1166.6666666666665,1179.8445555347703,1220.9081920313342,1294.902308203866,1412.0212012955894,3000.0,3000.0,3000.0,1166.6666666666665,1179.8445555347703,1220.9081920313342,1294.902308203866,1412.0212012955894,3000.0,3000.0,3000.0,1166.6666666666665,1179.8445555347703,1220.9081920313342,1294.902308203866,1412.0212012955894,3000.0,3000.0,3000.0,1166.6666666666665,1179.8445555347703,1220.9081920313342,1294.902308203866,1412.0212012955894,3000.0,3000.0,3000.0,3000.0,3000.0,3000.0,1412.0212012955894,1294.902308203866,1220.9081920313342,1179.8445555347703,1166.6666666666665,3000.0,3000.0,3000.0,1412.0212012955894,1294.902308203866,1220.9081920313342,1179.8445555347703,1166.6666666666665,3000.0,3000.0,3000.0,1412.0212012955894,1294.902308203866,1220.9081920313342,1179.8445555347703,1166.6666666666665,3000.0,3000.0,3000.0,1412.0212012955894,1294.902308203866,1220.9081920313342,1179.8445555347703,1166.6666666666665,3000.0,3000.0,3000.0,1412.0212012955894,1294.902308203866,1220.9081920313342,1179.8445555347703,1166.6666666666665,3000.0,3000.0,3000.0,1412.0212012955894,1294.902308203866,1220.9081920313342,1179.8445555347703,1166.6666666666665,3000.0,3000.0,3000.0,1412.0212012955894,1294.902308203866,1220.9081920313342,1179.8445555347703,1166.6666666666665,3000.0,3000.0,3000.0,1412.0212012955894,1294.902308203866,1220.9081920313342,1179.8445555347703,1166.6666666666665,3000.0,3000.0,3000.0,3000.0,3000.0,3000.0,3000.0,3000.0,3000.0,3000.0,3000.0,3000.0,3000.0,3000.0,3000.0,3000.0,3000.0,3000.0,3000.0,3000.0,3000.0,3000.0,3000.0,3000.0,3000.0,3000.0,3000.0,3000.0,3000.0,3000.0,3000.0,3000.0,3000.0,3000.0,3000.0,3000.0,3000.0,3000.0,3000.0,3000.0,3000.0,3000.0,3000.0,3000.0,3000.0,3000.0,3000.0,3000.0,3000.0,3000.0,3000.0,3000.0,3000.0,3000.0,3000.0,3000.0,3000.0,3000.0,3000.0,3000.0,3000.0,3000.0,3000.0,3000.0,3000.0,3000.0,3000.0,3000.0,3000.0,3000.0,3000.0,3000.0,3000.0,3000.0,3000.0,3000.0,3000.0,3000.0,3000.0,3000.0,3000.0,3000.0,3000.0,3000.0,3000.0,3000.0,3000.0,3000.0,3000.0,3000.0,3000.0,3000.0,3000.0,3000.0,3000.0,3000.0,3000.0,3000.0,3000.0,3000.0,3000.0,3000.0,3000.0,3000.0,3000.0,3000.0,3000.0,3000.0,3000.0,3000.0,3000.0,3000.0,3000.0,3000.0,3000.0,3000.0,3000.0,3000.0,3000.0,3000.0,3000.0,3000.0,3000.0,3000.0,3000.0,3000.0,3000.0,3000.0,3000.0,3000.0,3000.0,3000.0,3000.0,3000.0,3000.0,3000.0,3000.0,3000.0,3000.0,3000.0,3000.0,3000.0,3000.0,3000.0,3000.0,3000.0,3000.0,3000.0,3000.0,3000.0,3000.0,3000.0,3000.0,3000.0,3000.0,3000.0,3000.0,3000.0,3000.0,3000.0,3000.0,3000.0,3000.0,3000.0,3000.0,3000.0,3000.0,3000.0,3000.0,3000.0,3000.0,3000.0,3000.0,3000.0,3000.0,3000.0,3000.0,3000.0,3000.0,3000.0,3000.0,3000.0,3000.0,3000.0,3000.0,3000.0,3000.0,3000.0,3000.0,3000.0,3000.0,3000.0,3000.0,3000.0,3000.0,3000.0,3000.0,3000.0,3000.0,3000.0,3000.0,3000.0,3000.0,3000.0,3000.0,3000.0,3000.0,3000.0,3000.0,3000.0,3000.0,3000.0,3000.0,3000.0,3000.0,3000.0,3000.0,3000.0,3000.0,3000.0,3000.0,3000.0,3000.0,3000.0,3000.0,3000.0,3000.0,3000.0,3000.0,3000.0,3000.0,3000.0,3000.0,3000.0,3000.0,3000.0,3000.0,3000.0,3000.0,3000.0,3000.0,3000.0,3000.0,3000.0,3000.0,3000.0,3000.0,3000.0,3000.0,3000.0,3000.0,3000.0,3000.0,3000.0,3000.0,3000.0
2733,1183.3333333333333,1196.6994777566956,1238.349737631782,1313.4009126067785,1432.1929327426694,3000.0,3000.0,3000.0,1183.3333333333333,1196.6994777566956,1238.349737631782,1313.4009126067785,1432.1929327426694,3000.0,3000.0,3000.0,1183.3333333333333,1196.6994777566956,1238.349737631782,1313.4009126067785,1432.1929327426694,3000.0,3000.0,3000.0,1183.3333333333333,1196.6994777566956,1238.349737631782,1313.4009126067785,1432.1929327426694,3000.0,3000.0,3000.0,1183.3333333333333,1196.6994777566956,1238.349737631782,1313.4009126067785,1432.1929327426694,3000.0,3000.0,3000.0,1183.3333333333333,1196.6994777566956,1238.349737631782,1313.4009126067785,1432.1929327426694,3000.0,3000.0,3000.0,1183.3333333333333,1196.6994777566956,1238.349737631782,1313.4009126067785,1432.1929327426694,3000.0,3000.0,3000.0,1183.3333333333333,1196.6994777566956,1238.349737631782,1313.4009126067785,1432.1929327426694,3000.0,3000.0,3000.0,3000.0,3000.0,3000.0,1432.1929327426694,1313.4009126067785,1238.349737631782,1196.6994777566956,1183.3333333333333,3000.0,3000.0,3000.0,1432.1929327426694,1313.4009126067785,1238.349737631782,1196.6994777566956,1183.3333333333333,3000.0,3000.0,3000.0,1432.1929327426694,1313.4009126067785,1238.349737631782,1196.6994777566956,1183.3333333333333,3000.0,3000.0,3000.0,1432.1929327426694,1313.4009126067785,1238.349737631782,1196.6994777566956,1183.3333333333333,3000.0,3000.0,3000.0,1432.1929327426694,1313.4009126067785,1238.349737631782,1196.6994777566956,1183.3333333333333,3000.0,3000.0,3000.0,1432.1929327426694,1313.4009126067785,1238.349737631782,1196.6994777566956,1183.3333333333333,3000.0,3000.0,3000.0,1432.1929327426694,1313.4009126067785,1238.349737631782,1196.6994777566956,1183.3333333333333,3000.0,3000.0,3000.0,1432.1929327426694,1313.4009126067785,1238.349737631782,1196.6994777566956,1183.3333333333333,3000.0,3000.0,3000.0,3000.0,3000.0,3000.0,3000.0,3000.0,3000.0,3000.0,3000.0,3000.0,3000.0,3000.0,3000.0,3000.0,3000.0,3000.0,3000.0,3000.0,3000.0,3000.0,3000.0,3000.0,3000.0,3000.0,3000.0,3000.0,3000.0,3000.0,3000.0,3000.0,3000.0,3000.0,3000.0,3000.0,3000.0,3000.0,3000.0,3000.0,3000.0,3000.0,3000.0,3000.0,3000.0,3000.0,3000.0,3000.0,3000.0,3000.0,3000.0,3000.0,3000.0,3000.0,3000.0,3000.0,3000.0,3000.0,3000.0,3000.0,3000.0,3000.0,3000.0,3000.0,3000.0,3000.0,3000.0,3000.0,3000.0,3000.0,3000.0,3000.0,3000.0,3000.0,3000.0,3000.0,3000.0,3000.0,3000.0,3000.0,3000.0,3000.0,3000.0,3000.0,3000.0,3000.0,3000.0,3000.0,3000.0,3000.0,3000.0,3000.0,3000.0,3000.0,3000.0,3000.0,3000.0,3000.0,3000.0,3000.0,3000.0,3000.0,3000.0,3000.0,3000.0,3000.0,3000.0,3000.0,3000.0,3000.0,3000.0,3000.0,3000.0,3000.0,3000.0,3000.0,3000.0,3000.0,3000.0,3000.0,3000.0,3000.0,3000.0,3000.0,3000.0,3000.0,3000.0,3000.0,3000.0,3000.0,3000.0,3000.0,3000.0,3000.0,3000.0,3000.0,3000.0,3000.0,3000.0,3000.0,3000.0,3000.0,3000.0,3000.0,3000.0,3000.0,3000.0,3000.0,3000.0,3000.0,3000.0,3000.0,3000.0,3000.0,3000.0,3000.0,3000.0,3000.0,3000.0,3000.0,3000.0,3000.0,3000.0,3000.0,3000.0,3000.0,3000.0,3000.0,3000.0,3000.0,3000.0,3000.0,3000.0,3000.0,3000.0,3000.0,3000.0,3000.0,3000.0,3000.0,3000.0,3000.0,3000.0,3000.0,3000.0,3000.0,3000.0,3000.0,3000.0,3000.0,3000.0,3000.0,3000.0,3000.0,3000.0,3000.0,3000.0,3000.0,3000.0,3000.0,3000.0,3000.0,3000.0,3000.0,3000.0,3000.0,3000.0,3000.0,3000.0,3000.0,3000.0,3000.0,3000.0,3000.0,3000.0,3000.0,3000.0,3000.0,3000.0,3000.0,3000.0,3000.0,3000.0,3000.0,3000.0,3000.0,3000.0,3000.0,3000.0,3000.0,3000.0,3000.0,3000.0,3000.0,3000.0,3000.0,3000.0,3000.0,3000.0,3000.0,3000.0,3000.0,3000.0,3000.0,3000.0,3000.0,3000.0,3000.0,3000.0,3000.0,3000.0,3000.0,3000.0,3000.0,3000.0,3000.0
2800,1200.0,1213.5543999786212,1255.7912832322297,1331.8995170096907,1452.3646641897492,3000.0,3000.0,3000.0,1200.0,1213.5543999786212,1255.7912832322297,1331.8995170096907,1452.3646641897492,3000.0,3000.0,3000.0,1200.0,1213.5543999786212,1255.7912832322297,1331.8995170096907,1452.3646641897492,3000.0,3000.0,3000.0,1200.0,1213.5543999786212,1255.7912832322297,1331.8995170096907,1452.3646641897492,3000.0,3000.0,3000.0,1200.0,1213.5543999786212,1255.7912832322297,1331.8995170096907,1452.3646641897492,3000.0,3000.0,3000.0,1200.0,1213.5543999786212,1255.7912832322297,1331.8995170096907,1452.3646641897492,3000.0,3000.0,3000.0,1200.0,1213.5543999786212,1255.7912832322297,1331.8995170096907,1452.3646641897492,3000.0,3000.0,3000.0,1200.0,1213.5543999786212,1255.7912832322297,1331.8995170096907,1452.3646641897492,3000.0,3000.0,3000.0,3000.0,3000.0,3000.0,1452.3646641897492,1331.8995170096907,1255.7912832322297,1213.5543999786212,1200.0,3000.0,3000.0,3000.0,1452.3646641897492,1331.8995170096907,1255.7912832322297,1213.5543999786212,1200.0,3000.0,3000.0,3000.0,1452.3646641897492,1331.8995170096907,1255.7912832322297,1213.5543999786212,1200.0,3000.0,3000.0,3000.0,1452.3646641897492,1331.8995170096907,1255.7912832322297,1213.5543999786212,1200.0,3000.0,3000.0,3000.0,1452.3646641897492,1331.8995170096907,1255.7912832322297,1213.5543999786212,1200.0,3000.0,3000.0,3000.0,1452.3646641897492,1331.8995170096907,1255.7912832322297,1213.5543999786212,1200.0,3000.0,3000.0,3000.0,1452.3646641897492,1331.8995170096907,1255.7912832322297,1213.5543999786212,1200.0,3000.0,3000.0,3000.0,1452.3646641897492,1331.8995170096907,1255.7912832322297,1213.5543999786212,1200.0,3000.0,3000.0,3000.0,3000.0,3000.0,3000.0,3000.0,3000.0,3000.0,3000.0,3000.0,3000.0,3000.0,3000.0,3000.0,3000.0,3000.0,3000.0,3000.0,3000.0,3000.0,3000.0,3000.0,3000.0,3000.0,3000.0,3000.0,3000.0,3000.0,3000.0,3000.0,3000.0,3000.0,3000.0,3000.0,3000.0,3000.0,3000.0,3000.0,3000.0,3000.0,3000.0,3000.0,3000.0,3000.0,3000.0,3000.0,3000.0,3000.0,3000.0,3000.0,3000.0,3000.0,3000.0,3000.0,3000.0,3000.0,3000.0,3000.0,3000.0,3000.0,3000.0,3000.0,3000.0,3000.0,3000.0,3000.0,3000.0,3000.0,3000.0,3000.0,3000.0,3000.0,3000.0,3000.0,3000.0,3000.0,3000.0,3000.0,3000.0,3000.0,3000.0,3000.0,3000.0,3000.0,3000.0,3000.0,3000.0,3000.0,3000.0,3000.0,3000.0,3000.0,3000.0,3000.0,3000.0,3000.0,3000.0,3000.0,3000.0,3000.0,3000.0,3000.0,3000.0,3000.0,3000.0,3000.0,3000.0,3000.0,3000.0,3000.0,3000.0,3000.0,3000.0,3000.0,3000.0,3000.0,3000.0,3000.0,3000.0,3000.0,3000.0,3000.0,3000.0,3000.0,3000.0,3000.0,3000.0,3000.0,3000.0,3000.0,3000.0,3000.0,3000.0,3000.0,3000.0,3000.0,3000.0,3000.0,3000.0,3000.0,3000.0,3000.0,3000.0,3000.0,3000.0,3000.0,3000.0,3000.0,3000.0,3000.0,3000.0,3000.0,3000.0,3000.0,3000.0,3000.0,3000.0,3000.0,3000.0,3000.0,3000.0,3000.0,3000.0,3000.0,3000.0,3000.0,3000.0,3000.0,3000.0,3000.0,3000.0,3000.0,3000.0,3000.0,3000.0,3000.0,3000.0,3000.0,3000.0,3000.0,3000.0,3000.0,3000.0,3000.0,3000.0,3000.0,3000.0,3000.0,3000.0,3000.0,3000.0,3000.0,3000.0,3000.0,3000.0,3000.0,3000.0,3000.0,3000.0,3000.0,3000.0,3000.0,3000.0,3000.0,3000.0,3000.0,3000.0,3000.0,3000.0,3000.0,3000.0,3000.0,3000.0,3000.0,3000.0,3000.0,3000.0,3000.0,3000.0,3000.0,3000.0,3000.0,3000.0,3000.0,3000.0,3000.0,3000.0,3000.0,3000.0,3000.0,3000.0,3000.0,3000.0,3000.0,3000.0,3000.0,3000.0,3000.0,3000.0,3000.0,3000.0,3000.0,3000.0,3000.0,3000.0,3000.0,3000.0,3000.0,3000.0,3000.0,3000.0,3000.0,3000.0,3000.0,3000.0
2867,1216.6666666666667,1230.4093222005465,1273.2328288326776,1350.3981214126034,1472.5363956368294,3000.0,3000.0,3000.0,1216.6666666666667,1230.4093222005465,1273.2328288326776,1350.3981214126034,1472.5363956368294,3000.0,3000.0,3000.0,1216.6666666666667,1230.4093222005465,1273.2328288326776,1350.3981214126034,1472.5363956368294,3000.0,3000.0,3000.0,1216.6666666666667,1230.4093222005465,1273.2328288326776,1350.3981214126034,1472.5363956368294,3000.0,3000.0,3000.0,1216.6666666666667,1230.4093222005465,1273.2328288326776,1350.3981214126034,1472.5363956368294,3000.0,3000.0,3000.0,1216.6666666666667,1230.4093222005465,1273.2328288326776,1350.3981214126034,1472.5363956368294,3000.0,3000.0,3000.0,1216.6666666666667,1230.4093222005465,1273.2328288326776,1350.3981214126034,1472.5363956368294,3000.0,3000.0,3000.0,1216.6666666666667,1230.4093222005465,1273.2328288326776,1350.3981214126034,1472.5363956368294,3000.0,3000.0,3000.0,3000.0,3000.0,3000.0,1472.5363956368294,1350.3981214126034,1273.2328288326776,1230.4093222005465,1216.6666666666667,3000.0,3000.0,3000.0,1472.5363956368294,1350.3981214126034,1273.2328288326776,1230.4093222005465,1216.6666666666667,3000.0,3000.0,3000.0,1472.5363956368294,1350.3981214126034,1273.2328288326776,1230.4093222005465,1216.6666666666667,3000.0,3000.0,3000.0,1472.5363956368294,1350.3981214126034,1273.2328288326776,1230.4093222005465,1216.6666666666667,3000.0,3000.0,3000.0,1472.5363956368294,1350.3981214126034,1273.2328288326776,1230.4093222005465,1216.6666666666667,3000.0,3000.0,3000.0,1472.5363956368294,1350.3981214126034,1273.2328288326776,1230.4093222005465,1216.6666666666667,3000.0,3000.0,3000.0,1472.5363956368294,1350.3981214126034,1273.2328288326776,1230.4093222005465,1216.6666666666667,3000.0,3000.0,3000.0,1472.5363956368294,1350.3981214126034,1273.2328288326776,1230.4093222005465,1216.6666666666667,3000.0,3000.0,3000.0,3000.0,3000.0,3000.0,3000.0,3000.0,3000.0,3000.0,3000.0,3000.0,3000.0,3000.0,3000.0,3000.0,3000.0,3000.0,3000.0,3000.0,3000.0,3000.0,3000.0,3000.0,3000.0,3000.0,3000.0,3000.0,3000.0,3000.0,3000.0,3000.0,3000.0,3000.0,3000.0,3000.0,3000.0,3000.0,3000.0,3000.0,3000.0,3000.0,3000.0,3000.0,3000.0,3000.0,3000.0,3000.0,3000.0,3000.0,3000.0,3000.0,3000.0,3000.0,3000.0,3000.0,3000.0,3000.0,3000.0,3000.0,3000.0,3000.0,3000.0,3000.0,3000.0,3000.0,3000.0,3000.0,3000.0,3000.0,3000.0,3000.0,3000.0,3000.0,3000.0,3000.0,3000.0,3000.0,3000.0,3000.0,3000.0,3000.0,3000.0,3000.0,3000.0,3000.0,3000.0,3000.0,3000.0,3000.0,3000.0,3000.0,3000.0,3000.0,3000.0,3000.0,3000.0,3000.0,3000.0,3000.0,3000.0,3000.0,3000.0,3000.0,3000.0,3000.0,3000.0,3000.0,3000.0,3000.0,3000.0,3000.0,3000.0,3000.0,3000.0,3000.0,3000.0,3000.0,3000.0,3000.0,3000.0,3000.0,3000.0,3000.0,3000.0,3000.0,3000.0,3000.0,3000.0,3000.0,3000.0,3000.0,3000.0,3000.0,3000.0,3000.0,3000.0,3000.0,3000.0,3000.0,3000.0,3000.0,3000.0,3000.0,3000.0,3000.0,3000.0,3000.0,3000.0,3000.0,3000.0,3000.0,3000.0,3000.0,3000.0,3000.0,3000.0,3000.0,3000.0,3000.0,3000.0,3000.0,3000.0,3000.0,3000.0,3000.0,3000.0,3000.0,3000.0,3000.0,3000.0,3000.0,3000.0,3000.0,3000.0,3000.0,3000.0,3000.0,3000.0,3000.0,3000.0,3000.0,3000.0,3000.0,3000.0,3000.0,3000.0,3000.0,3000.0,3000.0,3000.0,3000.0,3000.0,3000.0,3000.0,3000.0,3000.0,3000.0,3000.0,3000.0,3000.0,3000.0,3000.0,3000.0,3000.0,3000.0,3000.0,3000.0,3000.0,3000.0,3000.0,3000.0,3000.0,3000.0,3000.0,3000.0,3000.0,3000.0,3000.0,3000.0,3000.0,3000.0,3000.0,3000.0,3000.0,3000.0,3000.0,3000.0,3000.0,3000.0,3000.0,3000.0,3000.0,3000.0,3000.0,3000.0,3000.0,3000.0,3000.0,3000.0,3000.0,3000.0,3000.0,3000.0,3000.0,3000.0,3000.0,3000.0,3000.0,3000.0,3000.0,3000.0,3000.0,3000.0,3000.0,3000.0
2933,1233.3333333333335,1247.2642444224718,1290.674374433125,1368.8967258155155,1492.7081270839092,3000.0,3000.0,3000.0,1233.3333333333335,1247.2642444224718,1290.674374433125,1368.8967258155155,1492.7081270839092,3000.0,3000.0,3000.0,1233.3333333333335,1247.2642444224718,1290.674374433125,1368.8967258155155,1492.7081270839092,3000.0,3000.0,3000.0,1233.3333333333335,1247.2642444224718,1290.674374433125,1368.8967258155155,1492.7081270839092,3000.0,3000.0,3000.0,1233.3333333333335,1247.2642444224718,1290.674374433125,1368.8967258155155,1492.7081270839092,3000.0,3000.0,3000.0,1233.3333333333335,1247.2642444224718,1290.674374433125,1368.8967258155155,1492.7081270839092,3000.0,3000.0,3000.0,1233.3333333333335,1247.2642444224718,1290.674374433125,1368.8967258155155,1492.7081270839092,3000.0,3000.0,3000.0,1233.3333333333335,1247.2642444224718,1290.674374433125,1368.8967258155155,1492.7081270839092,3000.0,3000.0,3000.0,3000.0,3000.0,3000.0,1492.7081270839092,1368.8967258155155,1290.674374433125,1247.2642444224718,1233.3333333333335,3000.0,3000.0,3000.0,1492.7081270839092,1368.8967258155155,1290.674374433125,1247.2642444224718,1233.3333333333335,3000.0,3000.0,3000.0,1492.7081270839092,1368.8967258155155,1290.674374433125,1247.2642444224718,1233.3333333333335,3000.0,3000.0,3000.0,1492.7081270839092,1368.8967258155155,1290.674374433125,1247.2642444224718,1233.3333333333335,3000.0,3000.0,3000.0,1492.7081270839092,1368.8967258155155,1290.674374433125,1247.2642444224718,1233.3333333333335,3000.0,3000.0,3000.0,1492.7081270839092,1368.8967258155155,1290.674374433125,1247.2642444224718,1233.3333333333335,3000.0,3000.0,3000.0,1492.7081270839092,1368.8967258155155,1290.674374433125,1247.2642444224718,1233.3333333333335,3000.0,3000.0,3000.0,1492.7081270839092,1368.8967258155155,1290.674374433125,1247.2642444224718,1233.3333333333335,3000.0,3000.0,3000.0,3000.0,3000.0,3000.0,3000.0,3000.0,3000.0,3000.0,3000.0,3000.0,3000.0,3000.0,3000.0,3000.0,3000.0,3000.0,3000.0,3000.0,3000.0,3000.0,3000.0,3000.0,3000.0,3000.0,3000.0,3000.0,3000.0,3000.0,3000.0,3000.0,3000.0,3000.0,3000.0,3000.0,3000.0,3000.0,3000.0,3000.0,3000.0,3000.0,3000.0,3000.0,3000.0,3000.0,3000.0,3000.0,3000.0,3000.0,3000.0,3000.0,3000.0,3000.0,3000.0,3000.0,3000.0,3000.0,3000.0,3000.0,3000.0,3000.0,3000.0,3000.0,3000.0,3000.0,3000.0,3000.0,3000.0,3000.0,3000.0,3000.0,3000.0,3000.0,3000.0,3000.0,3000.0,3000.0,3000.0,3000.0,3000.0,3000.0,3000.0,3000.0,3000.0,3000.0,3000.0,3000.0,3000.0,3000.0,3000.0,3000.0,3000.0,3000.0,3000.0,3000.0,3000.0,3000.0,3000.0,3000.0,3000.0,3000.0,3000.0,3000.0,3000.0,3000.0,3000.0,3000.0,3000.0,3000.0,3000.0,3000.0,3000.0,3000.0,3000.0,3000.0,3000.0,3000.0,3000.0,3000.0,3000.0,3000.0,3000.0,3000.0,3000.0,3000.0,3000.0,3000.0,3000.0,3000.0,3000.0,3000.0,3000.0,3000.0,3000.0,3000.0,3000.0,3000.0,3000.0,3000.0,3000.0,3000.0,3000.0,3000.0,3000.0,3000.0,3000.0,3000.0,3000.0,3000.0,3000.0,3000.0,3000.0,3000.0,3000.0,3000.0,3000.0,3000.0,3000.0,3000.0,3000.0,3000.0,3000.0,3000.0,3000.0,3000.0,3000.0,3000.0,3000.0,3000.0,3000.0,3000.0,3000.0,3000.0,3000.0,3000.0,3000.0,3000.0,3000.0,3000.0,3000.0,3000.0,3000.0,3000.0,3000.0,3000.0,3000.0,3000.0,3000.0,3000.0,3000.0,3000.0,3000.0,3000.0,3000.0,3000.0,3000.0,3000.0,3000.0,3000.0,3000.0,3000.0,3000.0,3000.0,3000.0,3000.0,3000.0,3000.0,3000.0,3000.0,3000.0,3000.0,3000.0,3000.0,3000.0,3000.0,3000.0,3000.0,3000.0,3000.0,3000.0,3000.0,3000.0,3000.0,3000.0,3000.0,3000.0,3000.0,3000.0,3000.0,3000.0,3000.0,3000.0,3000.0,3000.0,3000.0,3000.0,3000.0,3000.0,3000.0,3000.0,3000.0,3000.0,3000.0,3000.0,3000.0,3000.0,3000.0,3000.0,3000.0,3000.0,3000.0,3000.0,3000.0,3000.0,3000.0
3000,1250.0,1264.119166644397,1308.1159200335726,1387.395330218428,1512.879858530989,3000.0,3000.0,3000.0,1250.0,1264.119166644397,1308.1159200335726,1387.395330218428,1512.879858530989,3000.0,3000.0,3000.0,1250.0,1264.119166644397,1308.1159200335726,1387.395330218428,1512.879858530989,3000.0,3000.0,3000.0,1250.0,1264.119166644397,1308.1159200335726,1387.395330218428,1512.879858530989,3000.0,3000.0,3000.0,1250.0,1264.119166644397,1308.1159200335726,1387.395330218428,1512.879858530989,3000.0,3000.0,3000.0,1250.0,1264.119166644397,1308.1159200335726,1387.395330218428,1512.879858530989,3000.0,3000.0,3000.0,1250.0,1264.119166644397,1308.1159200335726,1387.395330218428,1512.879858530989,3000.0,3000.0,3000.0,1250.0,1264.119166644397,1308.1159200335726,1387.395330218428,1512.879858530989,3000.0,3000.0,3000.0,3000.0,3000.0,3000.0,1512.879858530989,1387.395330218428,1308.1159200335726,1264.119166644397,1250.0,3000.0,3000.0,3000.0,1512.879858530989,1387.395330218428,1308.1159200335726,1264.119166644397,1250.0,3000.0,3000.0,3000.0,1512.879858530989,1387.395330218428,1308.1159200335726,1264.119166644397,1250.0,3000.0,3000.0,3000.0,1512.879858530989,1387.395330218428,1308.1159200335726,1264.119166644397,1250.0,3000.0,3000.0,3000.0,1512.879858530989,1387.395330218428,1308.1159200335726,1264.119166644397,1250.0,3000.0,3000.0,3000.0,1512.879858530989,1387.395330218428,1308.1159200335726,1264.119166644397,1250.0,3000.0,3000.0,3000.0,1512.879858530989,1387.395330218428,1308.1159200335726,1264.119166644397,1250.0,3000.0,3000.0,3000.0,1512.879858530989,1387.395330218428,1308.1159200335726,1264.119166644397,1250.0,3000.0,3000.0,3000.0,3000.0,3000.0,3000.0,3000.0,3000.0,3000.0,3000.0,3000.0,3000.0,3000.0,3000.0,3000.0,3000.0,3000.0,3000.0,3000.0,3000.0,3000.0,3000.0,3000.0,3000.0,3000.0,3000.0,3000.0,3000.0,3000.0,3000.0,3000.0,3000.0,3000.0,3000.0,3000.0,3000.0,3000.0,3000.0,3000.0,3000.0,3000.0,3000.0,3000.0,3000.0,3000.0,3000.0,3000.0,3000.0,3000.0,3000.0,3000.0,3000.0,3000.0,3000.0,3000.0,3000.0,3000.0,3000.0,3000.0,3000.0,3000.0,3000.0,3000.0,3000.0,3000.0,3000.0,3000.0,3000.0,3000.0,3000.0,3000.0,3000.0,3000.0,3000.0,3000.0,3000.0,3000.0,3000.0,3000.0,3000.0,3000.0,3000.0,3000.0,3000.0,3000.0,3000.0,3000.0,3000.0,3000.0,3000.0,3000.0,3000.0,3000.0,3000.0,3000.0,3000.0,3000.0,3000.0,3000.0,3000.0,3000.0,3000.0,3000.0,3000.0,3000.0,3000.0,3000.0,3000.0,3000.0,3000.0,3000.0,3000.0,3000.0,3000.0,3000.0,3000.0,3000.0,3000.0,3000.0,3000.0,3000.0,3000.0,3000.0,3000.0,3000.0,3000.0,3000.0,3000.0,3000.0,3000.0,3000.0,3000.0,3000.0,3000.0,3000.0,3000.0,3000.0,3000.0,3000.0,3000.0,3000.0,3000.0,3000.0,3000.0,3000.0,3000.0,3000.0,3000.0,3000.0,3000.0,3000.0,3000.0,3000.0,3000.0,3000.0,3000.0,3000.0,3000.0,3000.0,3000.0,3000.0,3000.0,3000.0,3000.0,3000.0,3000.0,3000.0,3000.0,3000.0,3000.0,3000.0,3000.0,3000.0,3000.0,3000.0,3000.0,3000.0,3000.0,3000.0,3000.0,3000.0,3000.0,3000.0,3000.0,3000.0,3000.0,3000.0,3000.0,3000.0,3000.0,3000.0,3000.0,3000.0,3000.0,3000.0,3000.0,3000.0,3000.0,3000.0,3000.0,3000.0,3000.0,3000.0,3000.0,3000.0,3000.0,3000.0,3000.0,3000.0,3000.0,3000.0,3000.0,3000.0,3000.0,3000.0,3000.0,3000.0,3000.0,3000.0,3000.0,3000.0,3000.0,3000.0,3000.0,3000.0,3000.0,3000.0,3000.0,3000.0,3000.0,3000.0,3000.0,3000.0,3000.0,3000.0,3000.0,3000.0,3000.0,3000.0,3000.0,3000.0,3000.0,3000.0,3000.0,3000.0,3000.0,3000.0,3000.0,3000.0,3000.0,3000.0,3000.0,3000.0,3000.0,3000.0,3000.0
3067,1253.0523726014653,1280.7043474201555,1340.2181276727047,1439.2499172334133,1592.4969141518166,3000.0,3000.0,3000.0,1253.0523726014653,1280.7043474201555,1340.2181276727047,1439.2499172334133,1592.4969141518166,3000.0,3000.0,3000.0,1253.0523726014653,1280.7043474201555,1340.2181276727047,1439.2499172334133,1592.4969141518166,3000.0,3000.0,3000.0,1253.0523726014653,1280.7043474201555,1340.2181276727047,1439.2499172334133,1592.4969141518166,3000.0,3000.0,3000.0,1253.0523726014653,1280.7043474201555,1340.2181276727047,1439.2499172334133,1592.4969141518166,3000.0,3000.0,3000.0,1253.0523726014653,1280.7043474201555,1340.2181276727047,1439.2499172334133,1592.4969141518166,3000.0,3000.0,3000.0,1253.0523726014653,1280.7043474201555,1340.2181276727047,1439.2499172334133,1592.4969141518166,3000.0,3000.0,3000.0,1253.0523726014653,1280.7043474201555,1340.2181276727047,1439.2499172334133,1592.4969141518166,3000.0,3000.0,3000.0,3000.0,3000.0,3000.0,1447.56125002993,1345.474388056604,1283.623015842213,1253.989257138668,1253.0523726014653,3000.0,3000.0,3000.0,1447.56125002993,1345.474388056604,1283.623015842213,1253.989257138668,1253.0523726014653,3000.0,3000.0,3000.0,1447.56125002993,1345.474388056604,1283.623015842213,1253.989257138668,1253.0523726014653,3000.0,3000.0,3000.0,1447.56125002993,1345.474388056604,1283.623015842213,1253.989257138668,1253.0523726014653,3000.0,3000.0,3000.0,1447.56125002993,1345.474388056604,1283.623015842213,1253.989257138668,1253.0523726014653,3000.0,3000.0,3000.0,1447.56125002993,1345.474388056604,1283.623015842213,1253.989257138668,1253.0523726014653,3000.0,3000.0,3000.0,1447.56125002993,1345.474388056604,1283.623015842213,1253.989257138668,1253.0523726014653,3000.0,3000.0,3000.0,1447.56125002993,1345.474388056604,1283.623015842213,1253.989257138668,1253.0523726014653,3000.0,3000.0,3000.0,3000.0,3000.0,3000.0,3000.0,3000.0,3000.0,3000.0,3000.0,3000.0,3000.0,3000.0,3000.0,3000.0,3000.0,3000.0,3000.0,3000.0,3000.0,3000.0,3000.0,3000.0,3000.0,3000.0,3000.0,3000.0,3000.0,3000.0,3000.0,3000.0,3000.0,3000.0,3000.0,3000.0,3000.0,3000.0,3000.0,3000.0,3000.0,3000.0,3000.0,3000.0,3000.0,3000.0,3000.0,3000.0,3000.0,3000.0,3000.0,3000.0,3000.0,3000.0,3000.0,3000.0,3000.0,3000.0,3000.0,3000.0,3000.0,3000.0,3000.0,3000.0,3000.0,3000.0,3000.0,3000.0,3000.0,3000.0,3000.0,3000.0,3000.0,3000.0,3000.0,3000.0,3000.0,3000.0,3000.0,3000.0,3000.0,3000.0,3000.0,3000.0,3000.0,3000.0,3000.0,3000.0,3000.0,3000.0,3000.0,3000.0,3000.0,3000.0,3000.0,3000.0,3000.0,3000.0,3000.0,3000.0,3000.0,3000.0,3000.0,3000.0,3000.0,3000.0,3000.0,3000.0,3000.0,3000.0,3000.0,3000.0,3000.0,3000.0,3000.0,3000.0,3000.0,3000.0,3000.0,3000.0,3000.0,3000.0,3000.0,3000.0,3000.0,3000.0,3000.0,3000.0,3000.0,3000.0,3000.0,3000.0,3000.0,3000.0,3000.0,3000.0,3000.0,3000.0,3000.0,3000.0,3000.0,3000.0,3000.0,3000.0,3000.0,3000.0,3000.0,3000.0,3000.0,3000.0,3000.0,3000.0,3000.0,3000.0,3000.0,3000.0,3000.0,3000.0,3000.0,3000.0,3000.0,3000.0,3000.0,3000.0,3000.0,3000.0,3000.0,3000.0,3000.0,3000.0,3000.0,3000.0,3000.0,3000.0,3000.0,3000.0,3000.0,3000.0,3000.0,3000.0,3000.0,3000.0,3000.0,3000.0,3000.0,3000.0,3000.0,3000.0,3000.0,3000.0,3000.0,3000.0,3000.0,3000.0,3000.0,3000.0,3000.0,3000.0,3000.0,3000.0,3000.0,3000.0,3000.0,3000.0,3000.0,3000.0,3000.0,3000.0,3000.0,3000.0,3000.0,3000.0,3000.0,3000.0,3000.0,3000.0,3000.0,3000.0,3000.0,3000.0,3000.0,3000.0,3000.0,3000.0,3000.0,3000.0,3000.0,3000.0,3000.0,3000.0,3000.0,3000.0,3000.0,3000.0,3000.0,3000.0,3000.0,3000.0,3000.0,3000.0,3000.0,3000.0,3000.0,3000.0,3000.0,3000.0,3000.0,3000.0,3000.0,3000.0,3000.0,3000.0,3000.0,3000.0,3000.0,3000.0
3133,1262.2844656482725,1304.168755905046,1380.8321242485183,1502.7366239554374,3000.0,3000.0,3000.0,3000.0,1262.2844656482725,1304.168755905046,1380.8321242485183,1502.7366239554374,3000.0,3000.0,3000.0,3000.0,1262.2844656482725,1304.168755905046,1380.8321242485183,1502.7366239554374,3000.0,3000.0,3000.0,3000.0,1262.2844656482725,1304.168755905046,1380.8321242485183,1502.7366239554374,3000.0,3000.0,3000.0,3000.0,1262.2844656482725,1304.168755905046,1380.8321242485183,1502.7366239554374,3000.0,3000.0,3000.0,3000.0,1262.2844656482725,1304.168755905046,1380.8321242485183,1502.7366239554374,3000.0,3000.0,3000.0,3000.0,1262.2844656482725,1304.168755905046,1380.8321242485183,1502.7366239554374,3000.0,3000.0,3000.0,3000.0,1262.2844656482725,1304.168755905046,1380.8321242485183,1502.7366239554374,3000.0,3000.0,3000.0,3000.0,3000.0,3000.0,1523.3135018131395,1394.160559006045,1312.2179668881336,1266.0853246547981,1250.0621693969445,1262.2844656482725,3000.0,3000.0,1523.3135018131395,1394.160559006045,1312.2179668881336,1266.0853246547981,1250.0621693969445,1262.2844656482725,3000.0,3000.0,1523.3135018131395,1394.160559006045,1312.2179668881336,1266.0853246547981,1250.0621693969445,1262.2844656482725,3000.0,3000.0,1523.3135018131395,1394.160559006045,1312.2179668881336,1266.0853246547981,1250.0621693969445,1262.2844656482725,3000.0,3000.0,1523.3135018131395,1394.160559006045,1312.2179668881336,1266.0853246547981,1250.0621693969445,1262.2844656482725,3000.0,3000.0,1523.3135018131395,1394.160559006045,1312.2179668881336,1266.0853246547981,1250.0621693969445,1262.2844656482725,3000.0,3000.0,1523.3135018131395,1394.160559006045,1312.2179668881336,1266.0853246547981,1250.0621693969445,1262.2844656482725,3000.0,3000.0,1523.3135018131395,1394.160559006045,1312.2179668881336,1266.0853246547981,1250.0621693969445,1262.2844656482725,3000.0,3000.0,3000.0,3000.0,3000.0,3000.0,3000.0,3000.0,3000.0,3000.0,3000.0,3000.0,3000.0,3000.0,3000.0,3000.0,3000.0,3000.0,3000.0,3000.0,3000.0,3000.0,3000.0,3000.0,3000.0,3000.0,3000.0,3000.0,3000.0,3000.0,3000.0,3000.0,3000.0,3000.0,3000.0,3000.0,3000.0,3000.0,3000.0,3000.0,3000.0,3000.0,3000.0,3000.0,3000.0,3000.0,3000.0,3000.0,3000.0,3000.0,3000.0,3000.0,3000.0,3000.0,3000.0,3000.0,3000.0,3000.0,3000.0,3000.0,3000.0,3000.0,3000.0,3000.0,3000.0,3000.0,3000.0,3000.0,3000.0,3000.0,3000.0,3000.0,3000.0,3000.0,3000.0,3000.0,3000.0,3000.0,3000.0,3000.0,3000.0,3000.0,3000.0,3000.0,3000.0,3000.0,3000.0,3000.0,3000.0,3000.0,3000.0,3000.0,3000.0,3000.0,3000.0,3000.0,3000.0,3000.0,3000.0,3000.0,3000.0,3000.0,3000.0,3000.0,3000.0,3000.0,3000.0,3000.0,3000.0,3000.0,3000.0,3000.0,3000.0,3000.0,3000.0,3000.0,3000.0,3000.0,3000.0,3000.0,3000.0,3000.0,3000.0,3000.0,3000.0,3000.0,3000.0,3000.0,3000.0,3000.0,3000.0,3000.0,3000.0,3000.0,3000.0,3000.0,3000.0,3000.0,3000.0,3000.0,3000.0,3000.0,3000.0,3000.0,3000.0,3000.0,3000.0,3000.0,3000.0,3000.0,3000.0,3000.0,3000.0,3000.0,3000.0,3000.0,3000.0,3000.0,3000.0,3000.0,3000.0,3000.0,3000.0,3000.0,3000.0,3000.0,3000.0,3000.0,3000.0,3000.0,3000.0,3000.0,3000.0,3000.0,3000.0,3000.0,3000.0,3000.0,3000.0,3000.0,3000.0,3000.0,3000.0,3000.0,3000.0,3000.0,3000.0,3000.0,3000.0,3000.0,3000.0,3000.0,3000.0,3000.0,3000.0,3000.0,3000.0,3000.0,3000.0,3000.0,3000.0,3000.0,3000.0,3000.0,3000.0,3000.0,3000.0,3000.0,3000.0,3000.0,3000.0,3000.0,3000.0,3000.0,3000.0,3000.0,3000.0,3000.0,3000.0,3000.0,3000.0,3000.0,3000.0,3000.0,3000.0,3000.0,3000.0,3000.0,3000.0,3000.0,3000.0,3000.0,3000.0,3000.0,3000.0,3000.0,3000.0,3000.0,3000.0,3000.0,3000.0,3000.0,3000.0,3000.0,3000.0,3000.0,3000.0,3000.0,3000.0,3000.0,3000.0,3000.0,3000.0,3000.0,3000.0,3000.0
3200,1277.9257435812867,1335.135059801676,1431.175021160529,1580.1362270115576,3000.0,3000.0,3000.0,3000.0,1277.9257435812867,1335.135059801676,1431.175021160529,1580.1362270115576,3000.0,3000.0,3000.0,3000.0,1277.9257435812867,1335.135059801676,1431.175021160529,1580.1362270115576,3000.0,3000.0,3000.0,3000.0,1277.9257435812867,1335.135059801676,1431.175021160529,1580.1362270115576,3000.0,3000.0,3000.0,3000.0,1277.9257435812867,1335.135059801676,1431.175021160529,1580.1362270115576,3000.0,3000.0,3000.0,3000.0,1277.9257435812867,1335.135059801676,1431.175021160529,1580.1362270115576,3000.0,3000.0,3000.0,3000.0,1277.9257435812867,1335.135059801676,1431.175021160529,1580.1362270115576,3000.0,3000.0,3000.0,3000.0,1277.9257435812867,1335.135059801676,1431.175021160529,1580.1362270115576,3000.0,3000.0,3000.0,3000.0,3000.0,3000.0,1456.1148076815034,1350.9069387872448,1286.6832913660533,1255.052472273923,1252.2413495151084,1277.9257435812867,3000.0,3000.0,1456.1148076815034,1350.9069387872448,1286.6832913660533,1255.052472273923,1252.2413495151084,1277.9257435812867,3000.0,3000.0,1456.1148076815034,1350.9069387872448,1286.6832913660533,1255.052472273923,1252.2413495151084,1277.9257435812867,3000.0,3000.0,1456.1148076815034,1350.9069387872448,1286.6832913660533,1255.052472273923,1252.2413495151084,1277.9257435812867,3000.0,3000.0,1456.1148076815034,1350.9069387872448,1286.6832913660533,1255.052472273923,1252.2413495151084,1277.9257435812867,3000.0,3000.0,1456.1148076815034,1350.9069387872448,1286.6832913660533,1255.052472273923,1252.2413495151084,1277.9257435812867,3000.0,3000.0,1456.1148076815034,1350.9069387872448,1286.6832913660533,1255.052472273923,1252.2413495151084,1277.9257435812867,3000.0,3000.0,1456.1148076815034,1350.9069387872448,1286.6832913660533,1255.052472273923,1252.2413495151084,1277.9257435812867,3000.0,3000.0,3000.0,3000.0,3000.0,3000.0,3000.0,3000.0,3000.0,3000.0,3000.0,3000.0,3000.0,3000.0,3000.0,3000.0,3000.0,3000.0,3000.0,3000.0,3000.0,3000.0,3000.0,3000.0,3000.0,3000.0,3000.0,3000.0,3000.0,3000.0,3000.0,3000.0,3000.0,3000.0,3000.0,3000.0,3000.0,3000.0,3000.0,3000.0,3000.0,3000.0,3000.0,3000.0,3000.0,3000.0,3000.0,3000.0,3000.0,3000.0,3000.0,3000.0,3000.0,3000.0,3000.0,3000.0,3000.0,3000.0,3000.0,3000.0,3000.0,3000.0,3000.0,3000.0,3000.0,3000.0,3000.0,3000.0,3000.0,3000.0,3000.0,3000.0,3000.0,3000.0,3000.0,3000.0,3000.0,3000.0,3000.0,3000.0,3000.0,3000.0,3000.0,3000.0,3000.0,3000.0,3000.0,3000.0,3000.0,3000.0,3000.0,3000.0,3000.0,3000.0,3000.0,3000.0,3000.0,3000.0,3000.0,3000.0,3000.0,3000.0,3000.0,3000.0,3000.0,3000.0,3000.0,3000.0,3000.0,3000.0,3000.0,3000.0,3000.0,3000.0,3000.0,3000.0,3000.0,3000.0,3000.0,3000.0,3000.0,3000.0,3000.0,3000.0,3000.0,3000.0,3000.0,3000.0,3000.0,3000.0,3000.0,3000.0,3000.0,3000.0,3000.0,3000.0,3000.0,3000.0,3000.0,3000.0,3000.0,3000.0,3000.0,3000.0,3000.0,3000.0,3000.0,3000.0,3000.0,3000.0,3000.0,3000.0,3000.0,3000.0,3000.0,3000.0,3000.0,3000.0,3000.0,3000.0,3000.0,3000.0,3000.0,3000.0,3000.0,3000.0,3000.0,3000.0,3000.0,3000.0,3000.0,3000.0,3000.0,3000.0,3000.0,3000.0,3000.0,3000.0,3000.0,3000.0,3000.0,3000.0,3000.0,3000.0,3000.0,3000.0,3000.0,3000.0,3000.0,3000.0,3000.0,3000.0,3000.0,3000.0,3000.0,3000.0,3000.0,3000.0,3000.0,3000.0,3000.0,3000.0,3000.0,3000.0,3000.0,3000.0,3000.0,3000.0,3000.0,3000.0,3000.0,3000.0,3000.0,3000.0,3000.0,3000.0,3000.0,3000.0,3000.0,3000.0,3000.0,3000.0,3000.0,3000.0,3000.0,3000.0,3000.0,3000.0,3000.0,3000.0,3000.0,3000.0,3000.0,3000.0,3000.0,3000.0,3000.0,3000.0,3000.0,3000.0,3000.0,3000.0,3000.0,3000.0,3000.0,3000.0,3000.0,3000.0,3000.0,3000.0,3000.0,3000.0,3000.0,3000.0,3000.0,3000.0
3267,1300.3742948270026,1374.4667908026472,1492.8759975409967,3000.0,3000.0,3000.0,3000.0,3000.0,1300.3742948270026,1374.4667908026472,1492.8759975409967,3000.0,3000.0,3000.0,3000.0,3000.0,1300.3742948270026,1374.4667908026472,1492.8759975409967,3000.0,3000.0,3000.0,3000.0,3000.0,1300.3742948270026,1374.4667908026472,1492.8759975409967,3000.0,3000.0,3000.0,3000.0,3000.0,1300.3742948270026,1374.4667908026472,1492.8759975409967,3000.0,3000.0,3000.0,3000.0,3000.0,1300.3742948270026,1374.4667908026472,1492.8759975409967,3000.0,3000.0,3000.0,3000.0,3000.0,1300.3742948270026,1374.4667908026472,1492.8759975409967,3000.0,3000.0,3000.0,3000.0,3000.0,1300.3742948270026,1374.4667908026472,1492.8759975409967,3000.0,3000.0,3000.0,3000.0,3000.0,3000.0,1534.0457018004288,1401.1321364564137,1316.4771781750094,1268.1839461491397,1250.248708511741,1260.5802858571576,1300.3742948270026,3000.0,1534.0457018004288,1401.1321364564137,1316.4771781750094,1268.1839461491397,1250.248708511741,1260.5802858571576,1300.3742948270026,3000.0,1534.0457018004288,1401.1321364564137,1316.4771781750094,1268.1839461491397,1250.248708511741,1260.5802858571576,1300.3742948270026,3000.0,1534.0457018004288,1401.1321364564137,1316.4771781750094,1268.1839461491397,1250.248708511741,1260.5802858571576,1300.3742948270026,3000.0,1534.0457018004288,1401.1321364564137,1316.4771781750094,1268.1839461491397,1250.248708511741,1260.5802858571576,1300.3742948270026,3000.0,1534.0457018004288,1401.1321364564137,1316.4771781750094,1268.1839461491397,1250.248708511741,1260.5802858571576,1300.3742948270026,3000.0,1534.0457018004288,1401.1321364564137,1316.4771781750094,1268.1839461491397,1250.248708511741,1260.5802858571576,1300.3742948270026,3000.0,1534.0457018004288,1401.1321364564137,1316.4771781750094,1268.1839461491397,1250.248708511741,1260.5802858571576,1300.3742948270026,3000.0,3000.0,3000.0,3000.0,3000.0,3000.0,3000.0,3000.0,3000.0,3000.0,3000.0,3000.0,3000.0,3000.0,3000.0,3000.0,3000.0,3000.0,3000.0,3000.0,3000.0,3000.0,3000.0,3000.0,3000.0,3000.0,3000.0,3000.0,3000.0,3000.0,3000.0,3000.0,3000.0,3000.0,3000.0,3000.0,3000.0,3000.0,3000.0,3000.0,3000.0,3000.0,3000.0,3000.0,3000.0,3000.0,3000.0,3000.0,3000.0,3000.0,3000.0,3000.0,3000.0,3000.0,3000.0,3000.0,3000.0,3000.0,3000.0,3000.0,3000.0,3000.0,3000.0,3000.0,3000.0,3000.0,3000.0,3000.0,3000.0,3000.0,3000.0,3000.0,3000.0,3000.0,3000.0,3000.0,3000.0,3000.0,3000.0,3000.0,3000.0,3000.0,3000.0,3000.0,3000.0,3000.0,3000.0,3000.0,3000.0,3000.0,3000.0,3000.0,3000.0,3000.0,3000.0,3000.0,3000.0,3000.0,3000.0,3000.0,3000.0,3000.0,3000.0,3000.0,3000.0,3000.0,3000.0,3000.0,3000.0,3000.0,3000.0,3000.0,3000.0,3000.0,3000.0,3000.0,3000.0,3000.0,3000.0,3000.0,3000.0,3000.0,3000.0,3000.0,3000.0,3000.0,3000.0,3000.0,3000.0,3000.0,3000.0,3000.0,3000.0,3000.0,3000.0,3000.0,3000.0,3000.0,3000.0,3000.0,3000.0,3000.0,3000.0,3000.0,3000.0,3000.0,3000.0,3000.0,3000.0,3000.0,3000.0,3000.0,3000.0,3000.0,3000.0,3000.0,3000.0,3000.0,3000.0,3000.0,3000.0,3000.0,3000.0,3000.0,3000.0,3000.0,3000.0,3000.0,3000.0,3000.0,3000.0,3000.0,3000.0,3000.0,3000.0,3000.0,3000.0,3000.0,3000.0,3000.0,3000.0,3000.0,3000.0,3000.0,3000.0,3000.0,3000.0,3000.0,3000.0,3000.0,3000.0,3000.0,3000.0,3000.0,3000.0,3000.0,3000.0,3000.0,3000.0,3000.0,3000.0,3000.0,3000.0,3000.0,3000.0,3000.0,3000.0,3000.0,3000.0,3000.0,3000.0,3000.0,3000.0,3000.0,3000.0,3000.0,3000.0,3000.0,3000.0,3000.0,3000.0,3000.0,3000.0,3000.0,3000.0,3000.0,3000.0,3000.0,3000.0,3000.0,3000.0,3000.0,3000.0,3000.0,3000.0,3000.0,3000.0,3000.0,3000.0,3000.0,3000.0,3000.0,3000.0,3000.0,3000.0,3000.0,3000.0,3000.0,3000.0,3000.0,3000.0,3000.0,3000.0,3000.0,3000.0,3000.0
3333,1330.2222155948903,1423.3310111058297,1568.1207185425078,3000.0,3000.0,3000.0,3000.0,3000.0,1330.2222155948903,1423.3310111058297,1568.1207185425078,3000.0,3000.0,3000.0,3000.0,3000.0,1330.2222155948903,1423.3310111058297,1568.1207185425078,3000.0,3000.0,3000.0,3000.0,3000.0,1330.2222155948903,1423.3310111058297,1568.1207185425078,3000.0,3000.0,3000.0,3000.0,3000.0,1330.2222155948903,1423.3310111058297,1568.1207185425078,3000.0,3000.0,3000.0,3000.0,3000.0,1330.2222155948903,1423.3310111058297,1568.1207185425078,3000.0,3000.0,3000.0,3000.0,3000.0,1330.2222155948903,1423.3310111058297,1568.1207185425078,3000.0,3000.0,3000.0,3000.0,3000.0,1330.2222155948903,1423.3310111058297,1568.1207185425078,3000.0,3000.0,3000.0,3000.0,3000.0,3000.0,1464.916626800263,1356.5190114487668,1289.8868003232876,1256.2425514336148,1251.5557824364819,1275.2857435773587,1330.2222155948903,3000.0,1464.916626800263,1356.5190114487668,1289.8868003232876,1256.2425514336148,1251.5557824364819,1275.2857435773587,1330.2222155948903,3000.0,1464.916626800263,1356.5190114487668,1289.8868003232876,1256.2425514336148,1251.5557824364819,1275.2857435773587,1330.2222155948903,3000.0,1464.916626800263,1356.5190114487668,1289.8868003232876,1256.2425514336148,1251.5557824364819,1275.2857435773587,1330.2222155948903,3000.0,1464.916626800263,1356.5190114487668,1289.8868003232876,1256.2425514336148,1251.5557824364819,1275.2857435773587,1330.2222155948903,3000.0,1464.916626800263,1356.5190114487668,1289.8868003232876,1256.2425514336148,1251.5557824364819,1275.2857435773587,1330.2222155948903,3000.0,1464.916626800263,1356.5190114487668,1289.8868003232876,1256.2425514336148,1251.5557824364819,1275.2857435773587,1330.2222155948903,3000.0,1464.916626800263,1356.5190114487668,1289.8868003232876,1256.2425514336148,1251.5557824364819,1275.2857435773587,1330.2222155948903,3000.0,3000.0,3000.0,3000.0,3000.0,3000.0,3000.0,3000.0,3000.0,3000.0,3000.0,3000.0,3000.0,3000.0,3000.0,3000.0,3000.0,3000.0,3000.0,3000.0,3000.0,3000.0,3000.0,3000.0,3000.0,3000.0,3000.0,3000.0,3000.0,3000.0,3000.0,3000.0,3000.0,3000.0,3000.0,3000.0,3000.0,3000.0,3000.0,3000.0,3000.0,3000.0,3000.0,3000.0,3000.0,3000.0,3000.0,3000.0,3000.0,3000.0,3000.0,3000.0,3000.0,3000.0,3000.0,3000.0,3000.0,3000.0,3000.0,3000.0,3000.0,3000.0,3000.0,3000.0,3000.0,3000.0,3000.0,3000.0,3000.0,3000.0,3000.0,3000.0,3000.0,3000.0,3000.0,3000.0,3000.0,3000.0,3000.0,3000.0,3000.0,3000.0,3000.0,3000.0,3000.0,3000.0,3000.0,3000.0,3000.0,3000.0,3000.0,3000.0,3000.0,3000.0,3000.0,3000.0,3000.0,3000.0,3000.0,3000.0,3000.0,3000.0,3000.0,3000.0,3000.0,3000.0,3000.0,3000.0,3000.0,3000.0,3000.0,3000.0,3000.0,3000.0,3000.0,3000.0,3000.0,3000.0,3000.0,3000.0,3000.0,3000.0,3000.0,3000.0,3000.0,3000.0,3000.0,3000.0,3000.0,3000.0,3000.0,3000.0,3000.0,3000.0,3000.0,3000.0,3000.0,3000.0,3000.0,3000.0,3000.0,3000.0,3000.0,3000.0,3000.0,3000.0,3000.0,3000.0,3000.0,3000.0,3000.0,3000.0,3000.0,3000.0,3000.0,3000.0,3000.0,3000.0,3000.0,3000.0,3000.0,3000.0,3000.0,3000.0,3000.0,3000.0,3000.0,3000.0,3000.0,3000.0,3000.0,3000.0,3000.0,3000.0,3000.0,3000.0,3000.0,3000.0,3000.0,3000.0,3000.0,3000.0,3000.0,3000.0,3000.0,3000.0,3000.0,3000.0,3000.0,3000.0,3000.0,3000.0,3000.0,3000.0,3000.0,3000.0,3000.0,3000.0,3000.0,3000.0,3000.0,3000.0,3000.0,3000.0,3000.0,3000.0,3000.0,3000.0,3000.0,3000.0,3000.0,3000.0,3000.0,3000.0,3000.0,3000.0,3000.0,3000.0,3000.0,3000.0,3000.0,3000.0,3000.0,3000.0,3000.0,3000.0,3000.0,3000.0,3000.0,3000.0,3000.0,3000.0,3000.0,3000.0,3000.0,3000.0,3000.0,3000.0,3000.0,3000.0,3000.0,3000.0,3000.0,3000.0,3000.0,3000.0,3000.0,3000.0,3000.0,3000.0,3000.0,3000.0,3000.0,3000.0,3000.0,3000.0
3400,1368.2953481325583,1483.290509347781,3000.0,3000.0,3000.0,3000.0,3000.0,3000.0,1368.2953481325583,1483.290509347781,3000.0,3000.0,3000.0,3000.0,3000.0,3000.0,1368.2953481325583,1483.290509347781,3000.0,3000.0,3000.0,3000.0,3000.0,3000.0,1368.2953481325583,1483.290509347781,3000.0,3000.0,3000.0,3000.0,3000.0,3000.0,1368.2953481325583,1483.290509347781,3000.0,3000.0,3000.0,3000.0,3000.0,3000.0,1368.2953481325583,1483.290509347781,3000.0,3000.0,3000.0,3000.0,3000.0,3000.0,1368.2953481325583,1483.290509347781,3000.0,3000.0,3000.0,3000.0,3000.0,3000.0,1368.2953481325583,1483.290509347781,3000.0,3000.0,3000.0,3000.0,3000.0,3000.0,1545.084971874737,1408.3145713744482,1320.8959408758726,1270.416109531093,1250.5597101538165,1259.0057609440842,1296.730456085897,1368.2953481325583,1545.084971874737,1408.3145713744482,1320.8959408758726,1270.416109531093,1250.5597101538165,1259.0057609440842,1296.730456085897,1368.2953481325583,1545.084971874737,1408.3145713744482,1320.8959408758726,1270.416109531093,1250.5597101538165,1259.0057609440842,1296.730456085897,1368.2953481325583,1545.084971874737,1408.3145713744482,1320.8959408758726,1270.416109531093,1250.5597101538165,1259.0057609440842,1296.730456085897,1368.2953481325583,1545.084971874737,1408.3145713744482,1320.8959408758726,1270.416109531093,1250.5597101538165,1259.0057609440842,1296.730456085897,1368.2953481325583,1545.084971874737,1408.3145713744482,1320.8959408758726,1270.416109531093,1250.5597101538165,1259.0057609440842,1296.730456085897,1368.2953481325583,1545.084971874737,1408.3145713744482,1320.8959408758726,1270.416109531093,1250.5597101538165,1259.0057609440842,1296.730456085897,1368.2953481325583,1545.084971874737,1408.3145713744482,1320.8959408758726,1270.416109531093,1250.5597101538165,1259.0057609440842,1296.730456085897,1368.2953481325583,3000.0,3000.0,3000.0,3000.0,3000.0,3000.0,3000.0,1545.0849718747372,3000.0,3000.0,3000.0,3000.0,3000.0,3000.0,3000.0,1545.0849718747372,3000.0,3000.0,3000.0,3000.0,3000.0,3000.0,3000.0,1545.0849718747372,3000.0,3000.0,3000.0,3000.0,3000.0,3000.0,3000.0,1545.0849718747372,3000.0,3000.0,3000.0,3000.0,3000.0,3000.0,3000.0,1545.0849718747372,3000.0,3000.0,3000.0,3000.0,3000.0,3000.0,3000.0,1545.0849718747372,3000.0,3000.0,3000.0,3000.0,3000.0,3000.0,3000.0,1545.0849718747372,3000.0,3000.0,3000.0,3000.0,3000.0,3000.0,3000.0,1545.0849718747372,3000.0,3000.0,3000.0,3000.0,3000.0,3000.0,3000.0,3000.0,3000.0,3000.0,3000.0,3000.0,3000.0,3000.0,3000.0,3000.0,3000.0,3000.0,3000.0,3000.0,3000.0,3000.0,3000.0,3000.0,3000.0,3000.0,3000.0,3000.0,3000.0,3000.0,3000.0,3000.0,3000.0,3000.0,3000.0,3000.0,3000.0,3000.0,3000.0,3000.0,3000.0,3000.0,3000.0,3000.0,3000.0,3000.0,3000.0,3000.0,3000.0,3000.0,3000.0,3000.0,3000.0,3000.0,3000.0,3000.0,3000.0,3000.0,3000.0,3000.0,3000.0,3000.0,3000.0,3000.0,3000.0,3000.0,3000.0,3000.0,3000.0,3000.0,3000.0,3000.0,3000.0,3000.0,3000.0,3000.0,3000.0,3000.0,3000.0,3000.0,3000.0,3000.0,3000.0,3000.0,3000.0,3000.0,3000.0,3000.0,3000.0,3000.0,3000.0,3000.0,3000.0,3000.0,3000.0,3000.0,3000.0,3000.0,3000.0,3000.0,3000.0,3000.0,3000.0,3000.0,3000.0,3000.0,3000.0,3000.0,3000.0,3000.0,3000.0,3000.0,3000.0,3000.0,3000.0,3000.0,3000.0,3000.0,3000.0,3000.0,3000.0,3000.0,3000.0,3000.0,3000.0,3000.0,3000.0,3000.0,3000.0,3000.0,3000.0,3000.0,3000.0,3000.0,3000.0,3000.0,3000.0,3000.0,3000.0,3000.0,3000.0,3000.0,3000.0,3000.0,3000.0,3000.0,3000.0,3000.0,3000.0,3000.0,3000.0,3000.0,3000.0,3000.0,3000.0,3000.0,3000.0,3000.0,3000.0,3000.0,3000.0,3000.0,3000.0,3000.0,3000.0,3000.0,3000.0,3000.0,3000.0,3000.0,3000.0,3000.0,3000.0,3000.0,3000.0,3000.0,3000.0,3000.0,3000.0,3000.0,3000.0,3000.0,3000.0,3000.0,3000.0,3000.0,3000.0,3000.0,3000.0,3000.0,3000.0,3000.0
3467,1415.712563361299,1556.4402098950743,3000.0,3000.0,3000.0,3000.0,3000.0,3000.0,1415.712563361299,1556.4402098950743,3000.0,3000.0,3000.0,3000.0,3000.0,3000.0,1415.712563361299,1556.4402098950743,3000.0,3000.0,3000.0,3000.0,3000.0,3000.0,1415.712563361299,1556.4402098950743,3000.0,3000.0,3000.0,3000.0,3000.0,3000.0,1415.712563361299,1556.4402098950743,3000.0,3000.0,3000.0,3000.0,3000.0,3000.0,1415.712563361299,1556.4402098950743,3000.0,3000.0,3000.0,3000.0,3000.0,3000.0,1415.712563361299,1556.4402098950743,3000.0,3000.0,3000.0,3000.0,3000.0,3000.0,1415.712563361299,1556.4402098950743,3000.0,3000.0,3000.0,3000.0,3000.0,3000.0,1473.9730042026204,1362.3139764084056,1293.235255029051,1257.560092979011,1250.9953291307672,1272.7829665104955,1325.476750677326,1415.712563361299,1473.9730042026204,1362.3139764084056,1293.235255029051,1257.560092979011,1250.9953291307672,1272.7829665104955,1325.476750677326,1415.712563361299,1473.9730042026204,1362.3139764084056,1293.235255029051,1257.560092979011,1250.9953291307672,1272.7829665104955,1325.476750677326,1415.712563361299,1473.9730042026204,1362.3139764084056,1293.235255029051,1257.560092979011,1250.9953291307672,1272.7829665104955,1325.476750677326,1415.712563361299,1473.9730042026204,1362.3139764084056,1293.235255029051,1257.560092979011,1250.9953291307672,1272.7829665104955,1325.476750677326,1415.712563361299,1473.9730042026204,1362.3139764084056,1293.235255029051,1257.560092979011,1250.9953291307672,1272.7829665104955,1325.476750677326,1415.712563361299,1473.9730042026204,1362.3139764084056,1293.235255029051,1257.560092979011,1250.9953291307672,1272.7829665104955,1325.476750677326,1415.712563361299,1473.9730042026204,1362.3139764084056,1293.235255029051,1257.560092979011,1250.9953291307672,1272.7829665104955,1325.476750677326,1415.712563361299,3000.0,3000.0,3000.0,3000.0,3000.0,3000.0,3000.0,1473.9730042026204,3000.0,3000.0,3000.0,3000.0,3000.0,3000.0,3000.0,1473.9730042026204,3000.0,3000.0,3000.0,3000.0,3000.0,3000.0,3000.0,1473.9730042026204,3000.0,3000.0,3000.0,3000.0,3000.0,3000.0,3000.0,1473.9730042026204,3000.0,3000.0,3000.0,3000.0,3000.0,3000.0,3000.0,1473.9730042026204,3000.0,3000.0,3000.0,3000.0,3000.0,3000.0,3000.0,1473.9730042026204,3000.0,3000.0,3000.0,3000.0,3000.0,3000.0,3000.0,1473.9730042026204,3000.0,3000.0,3000.0,3000.0,3000.0,3000.0,3000.0,1473.9730042026204,3000.0,3000.0,3000.0,3000.0,3000.0,3000.0,3000.0,3000.0,3000.0,3000.0,3000.0,3000.0,3000.0,3000.0,3000.0,3000.0,3000.0,3000.0,3000.0,3000.0,3000.0,3000.0,3000.0,3000.0,3000.0,3000.0,3000.0,3000.0,3000.0,3000.0,3000.0,3000.0,3000.0,3000.0,3000.0,3000.0,3000.0,3000.0,3000.0,3000.0,3000.0,3000.0,3000.0,3000.0,3000.0,3000.0,3000.0,3000.0,3000.0,3000.0,3000.0,3000.0,3000.0,3000.0,3000.0,3000.0,3000.0,3000.0,3000.0,3000.0,3000.0,3000.0,3000.0,3000.0,3000.0,3000.0,3000.0,3000.0,3000.0,3000.0,3000.0,3000.0,3000.0,3000.0,3000.0,3000.0,3000.0,3000.0,3000.0,3000.0,3000.0,3000.0,3000.0,3000.0,3000.0,3000.0,3000.0,3000.0,3000.0,3000.0,3000.0,3000.0,3000.0,3000.0,3000.0,3000.0,3000.0,3000.0,3000.0,3000.0,3000.0,3000.0,3000.0,3000.0,3000.0,3000.0,3000.0,3000.0,3000.0,3000.0,3000.0,3000.0,3000.0,3000.0,3000.0,3000.0,3000.0,3000.0,3000.0,3000.0,3000.0,3000.0,3000.0,3000.0,3000.0,3000.0,3000.0,3000.0,3000.0,3000.0,3000.0,3000.0,3000.0,3000.0,3000.0,3000.0,3000.0,3000.0,3000.0,3000.0,3000.0,3000.0,3000.0,3000.0,3000.0,3000.0,3000.0,3000.0,3000.0,3000.0,3000.0,3000.0,3000.0,3000.0,3000.0,3000.0,3000.0,3000.0,3000.0,3000.0,3000.0,3000.0,3000.0,3000.0,3000.0,3000.0,3000.0,3000.0,3000.0,3000.0,3000.0,3000.0,3000.0,3000.0,3000.0,3000.0,3000.0,3000.0,3000.0,3000.0,3000.0,3000.0,3000.0,3000.0,3000.0,3000.0,3000.0,3000.0,3000.0,3000.0,3000.0,3000.0
3533,1473.9730042026204,3000.0,3000.0,3000.0,3000.0,3000.0,3000.0,3000.0,1473.9730042026204,3000.0,3000.0,3000.0,3000.0,3000.0,3000.0,3000.0,1473.9730042026204,3000.0,3000.0,3000.0,3000.0,3000.0,3000.0,3000.0,1473.9730042026204,3000.0,3000.0,3000.0,3000.0,3000.0,3000.0,3000.0,1473.9730042026204,3000.0,3000.0,3000.0,3000.0,3000.0,3000.0,3000.0,1473.9730042026204,3000.0,3000.0,3000.0,3000.0,3000.0,3000.0,3000.0,1473.9730042026204,3000.0,3000.0,3000.0,3000.0,3000.0,3000.0,3000.0,1473.9730042026204,3000.0,3000.0,3000.0,3000.0,3000.0,3000.0,3000.0,1415.7125633612989,1325.476750677326,1272.7829665104955,1250.9953291307672,1257.560092979011,1293.235255029051,1362.3139764084053,1473.9730042026204,1415.7125633612989,1325.476750677326,1272.7829665104955,1250.9953291307672,1257.560092979011,1293.235255029051,1362.3139764084053,1473.9730042026204,1415.7125633612989,1325.476750677326,1272.7829665104955,1250.9953291307672,1257.560092979011,1293.235255029051,1362.3139764084053,1473.9730042026204,1415.7125633612989,1325.476750677326,1272.7829665104955,1250.9953291307672,1257.560092979011,1293.235255029051,1362.3139764084053,1473.9730042026204,1415.7125633612989,1325.476750677326,1272.7829665104955,1250.9953291307672,1257.560092979011,1293.235255029051,1362.3139764084053,1473.9730042026204,1415.7125633612989,1325.476750677326,1272.7829665104955,1250.9953291307672,1257.560092979011,1293.235255029051,1362.3139764084053,1473.9730042026204,1415.7125633612989,1325.476750677326,1272.7829665104955,1250.9953291307672,1257.560092979011,1293.235255029051,1362.3139764084053,1473.9730042026204,1415.7125633612989,1325.476750677326,1272.7829665104955,1250.9953291307672,1257.560092979011,1293.235255029051,1362.3139764084053,1473.9730042026204,3000.0,3000.0,3000.0,3000.0,3000.0,3000.0,1556.4402098950745,1415.712563361299,3000.0,3000.0,3000.0,3000.0,3000.0,3000.0,1556.4402098950745,1415.712563361299,3000.0,3000.0,3000.0,3000.0,3000.0,3000.0,1556.4402098950745,1415.712563361299,3000.0,3000.0,3000.0,3000.0,3000.0,3000.0,1556.4402098950745,1415.712563361299,3000.0,3000.0,3000.0,3000.0,3000.0,3000.0,1556.4402098950745,1415.712563361299,3000.0,3000.0,3000.0,3000.0,3000.0,3000.0,1556.4402098950745,1415.712563361299,3000.0,3000.0,3000.0,3000.0,3000.0,3000.0,1556.4402098950745,1415.712563361299,3000.0,3000.0,3000.0,3000.0,3000.0,3000.0,1556.4402098950745,1415.712563361299,3000.0,3000.0,3000.0,3000.0,3000.0,3000.0,3000.0,3000.0,3000.0,3000.0,3000.0,3000.0,3000.0,3000.0,3000.0,3000.0,3000.0,3000.0,3000.0,3000.0,3000.0,3000.0,3000.0,3000.0,3000.0,3000.0,3000.0,3000.0,3000.0,3000.0,3000.0,3000.0,3000.0,3000.0,3000.0,3000.0,3000.0,3000.0,3000.0,3000.0,3000.0,3000.0,3000.0,3000.0,3000.0,3000.0,3000.0,3000.0,3000.0,3000.0,3000.0,3000.0,3000.0,3000.0,3000.0,3000.0,3000.0,3000.0,3000.0,3000.0,3000.0,3000.0,3000.0,3000.0,3000.0,3000.0,3000.0,3000.0,3000.0,3000.0,3000.0,3000.0,3000.0,3000.0,3000.0,3000.0,3000.0,3000.0,3000.0,3000.0,3000.0,3000.0,3000.0,3000.0,3000.0,3000.0,3000.0,3000.0,3000.0,3000.0,3000.0,3000.0,3000.0,3000.0,3000.0,3000.0,3000.0,3000.0,3000.0,3000.0,3000.0,3000.0,3000.0,3000.0,3000.0,3000.0,3000.0,3000.0,3000.0,3000.0,3000.0,3000.0,3000.0,3000.0,3000.0,3000.0,3000.0,3000.0,3000.0,3000.0,3000.0,3000.0,3000.0,3000.0,3000.0,3000.0,3000.0,3000.0,3000.0,3000.0,3000.0,3000.0,3000.0,3000.0,3000.0,3000.0,3000.0,3000.0,3000.0,3000.0,3000.0,3000.0,3000.0,3000.0,3000.0,3000.0,3000.0,3000.0,3000.0,3000.0,3000.0,3000.0,3000.0,3000.0,3000.0,3000.0,3000.0,3000.0,3000.0,3000.0,3000.0,3000.0,3000.0,3000.0,3000.0,3000.0,3000.0,3000.0,3000.0,3000.0,3000.0,3000.0,3000.0,3000.0,3000.0,3000.0,3000.0,3000.0,3000.0,3000.0,3000.0,3000.0,3000.0,3000.0,3000.0,3000.0,3000.0,3000.0,3000.0,3000.0,3000.0,3000.0
3600,1545.0849718747372,3000.0,3000.0,3000.0,3000.0,3000.0,3000.0,3000.0,1545.0849718747372,3000.0,3000.0,3000.0,3000.0,3000.0,3000.0,3000.0,1545.0849718747372,3000.0,3000.0,3000.0,3000.0,3000.0,3000.0,3000.0,1545.0849718747372,3000.0,3000.0,3000.0,3000.0,3000.0,3000.0,3000.0,1545.0849718747372,3000.0,3000.0,3000.0,3000.0,3000.0,3000.0,3000.0,1545.0849718747372,3000.0,3000.0,3000.0,3000.0,3000.0,3000.0,3000.0,1545.0849718747372,3000.0,3000.0,3000.0,3000.0,3000.0,3000.0,3000.0,1545.0849718747372,3000.0,3000.0,3000.0,3000.0,3000.0,3000.0,3000.0,1368.2953481325583,1296.730456085897,1259.0057609440842,1250.5597101538165,1270.416109531093,1320.8959408758726,1408.3145713744482,1545.0849718747372,1368.2953481325583,1296.730456085897,1259.0057609440842,1250.5597101538165,1270.416109531093,1320.8959408758726,1408.3145713744482,1545.0849718747372,1368.2953481325583,1296.730456085897,1259.0057609440842,1250.5597101538165,1270.416109531093,1320.8959408758726,1408.3145713744482,1545.0849718747372,1368.2953481325583,1296.730456085897,1259.0057609440842,1250.5597101538165,1270.416109531093,1320.8959408758726,1408.3145713744482,1545.0849718747372,1368.2953481325583,1296.730456085897,1259.0057609440842,1250.5597101538165,1270.416109531093,1320.8959408758726,1408.3145713744482,1545.0849718747372,1368.2953481325583,1296.730456085897,1259.0057609440842,1250.5597101538165,1270.416109531093,1320.8959408758726,1408.3145713744482,1545.0849718747372,1368.2953481325583,1296.730456085897,1259.0057609440842,1250.5597101538165,1270.416109531093,1320.8959408758726,1408.3145713744482,1545.0849718747372,1368.2953481325583,1296.730456085897,1259.0057609440842,1250.5597101538165,1270.416109531093,1320.8959408758726,1408.3145713744482,1545.0849718747372,3000.0,3000.0,3000.0,3000.0,3000.0,3000.0,1483.290509347781,1368.2953481325583,3000.0,3000.0,3000.0,3000.0,3000.0,3000.0,1483.290509347781,1368.2953481325583,3000.0,3000.0,3000.0,3000.0,3000.0,3000.0,1483.290509347781,1368.2953481325583,3000.0,3000.0,3000.0,3000.0,3000.0,3000.0,1483.290509347781,1368.2953481325583,3000.0,3000.0,3000.0,3000.0,3000.0,3000.0,1483.290509347781,1368.2953481325583,3000.0,3000.0,3000.0,3000.0,3000.0,3000.0,1483.290509347781,1368.2953481325583,3000.0,3000.0,3000.0,3000.0,3000.0,3000.0,1483.290509347781,1368.2953481325583,3000.0,3000.0,3000.0,3000.0,3000.0,3000.0,1483.290509347781,1368.2953481325583,3000.0,3000.0,3000.0,3000.0,3000.0,3000.0,3000.0,3000.0,3000.0,3000.0,3000.0,3000.0,3000.0,3000.0,3000.0,3000.0,3000.0,3000.0,3000.0,3000.0,3000.0,3000.0,3000.0,3000.0,3000.0,3000.0,3000.0,3000.0,3000.0,3000.0,3000.0,3000.0,3000.0,3000.0,3000.0,3000.0,3000.0,3000.0,3000.0,3000.0,3000.0,3000.0,3000.0,3000.0,3000.0,3000.0,3000.0,3000.0,3000.0,3000.0,3000.0,3000.0,3000.0,3000.0,3000.0,3000.0,3000.0,3000.0,3000.0,3000.0,3000.0,3000.0,3000.0,3000.0,3000.0,3000.0,3000.0,3000.0,3000.0,3000.0,3000.0,3000.0,3000.0,3000.0,3000.0,3000.0,3000.0,3000.0,3000.0,3000.0,3000.0,3000.0,3000.0,3000.0,3000.0,3000.0,3000.0,3000.0,3000.0,3000.0,3000.0,3000.0,3000.0,3000.0,3000.0,3000.0,3000.0,3000.0,3000.0,3000.0,3000.0,3000.0,3000.0,3000.0,3000.0,3000.0,3000.0,3000.0,3000.0,3000.0,3000.0,3000.0,3000.0,3000.0,3000.0,3000.0,3000.0,3000.0,3000.0,3000.0,3000.0,3000.0,3000.0,3000.0,3000.0,3000.0,3000.0,3000.0,3000.0,3000.0,3000.0,3000.0,3000.0,3000.0,3000.0,3000.0,3000.0,3000.0,3000.0,3000.0,3000.0,3000.0,3000.0,3000.0,3000.0,3000.0,3000.0,3000.0,3000.0,3000.0,3000.0,3000.0,3000.0,3000.0,3000.0,3000.0,3000.0,3000.0,3000.0,3000.0,3000.0,3000.0,3000.0,3000.0,3000.0,3000.0,3000.0,3000.0,3000.0,3000.0,3000.0,3000.0,3000.0,3000.0,3000.0,3000.0,3000.0,3000.0,3000.0,3000.0,3000.0,3000.0,3000.0,3000.0,3000.0,3000.0,3000.0,3000.0,3000.0,3000.0,3000.0,3000.0
3667,3000.0,3000.0,3000.0,3000.0,3000.0,3000.0,3000.0,3000.0,3000.0,3000.0,3000.0,3000.0,3000.0,3000.0,3000.0,3000.0,3000.0,3000.0,3000.0,3000.0,3000.0,3000.0,3000.0,3000.0,3000.0,3000.0,3000.0,3000.0,3000.0,3000.0,3000.0,3000.0,3000.0,3000.0,3000.0,3000.0,3000.0,3000.0,3000.0,3000.0,3000.0,3000.0,3000.0,3000.0,3000.0,3000.0,3000.0,3000.0,3000.0,3000.0,3000.0,3000.0,3000.0,3000.0,3000.0,3000.0,3000.0,3000.0,3000.0,3000.0,3000.0,3000.0,3000.0,3000.0,1330.2222155948903,1275.2857435773587,1251.5557824364819,1256.2425514336148,1289.8868003232876,1356.519011448767,1464.916626800263,3000.0,1330.2222155948903,1275.2857435773587,1251.5557824364819,1256.2425514336148,1289.8868003232876,1356.519011448767,1464.916626800263,3000.0,1330.2222155948903,1275.2857435773587,1251.5557824364819,1256.2425514336148,1289.8868003232876,1356.519011448767,1464.916626800263,3000.0,1330.2222155948903,1275.2857435773587,1251.5557824364819,1256.2425514336148,1289.8868003232876,1356.519011448767,1464.916626800263,3000.0,1330.2222155948903,1275.2857435773587,1251.5557824364819,1256.2425514336148,1289.8868003232876,1356.519011448767,1464.916626800263,3000.0,1330.2222155948903,1275.2857435773587,1251.5557824364819,1256.2425514336148,1289.8868003232876,1356.519011448767,1464.916626800263,3000.0,1330.2222155948903,1275.2857435773587,1251.5557824364819,1256.2425514336148,1289.8868003232876,1356.519011448767,1464.916626800263,3000.0,1330.2222155948903,1275.2857435773587,1251.5557824364819,1256.2425514336148,1289.8868003232876,1356.519011448767,1464.916626800263,3000.0,3000.0,3000.0,3000.0,3000.0,3000.0,1568.1207185425076,1423.33101110583,1330.2222155948903,3000.0,3000.0,3000.0,3000.0,3000.0,1568.1207185425076,1423.33101110583,1330.2222155948903,3000.0,3000.0,3000.0,3000.0,3000.0,1568.1207185425076,1423.33101110583,1330.2222155948903,3000.0,3000.0,3000.0,3000.0,3000.0,1568.1207185425076,1423.33101110583,1330.2222155948903,3000.0,3000.0,3000.0,3000.0,3000.0,1568.1207185425076,1423.33101110583,1330.2222155948903,3000.0,3000.0,3000.0,3000.0,3000.0,1568.1207185425076,1423.33101110583,1330.2222155948903,3000.0,3000.0,3000.0,3000.0,3000.0,1568.1207185425076,1423.33101110583,1330.2222155948903,3000.0,3000.0,3000.0,3000.0,3000.0,1568.1207185425076,1423.33101110583,1330.2222155948903,3000.0,3000.0,3000.0,3000.0,3000.0,3000.0,3000.0,3000.0,3000.0,3000.0,3000.0,3000.0,3000.0,3000.0,3000.0,3000.0,3000.0,3000.0,3000.0,3000.0,3000.0,3000.0,3000.0,3000.0,3000.0,3000.0,3000.0,3000.0,3000.0,3000.0,3000.0,3000.0,3000.0,3000.0,3000.0,3000.0,3000.0,3000.0,3000.0,3000.0,3000.0,3000.0,3000.0,3000.0,3000.0,3000.0,3000.0,3000.0,3000.0,3000.0,3000.0,3000.0,3000.0,3000.0,3000.0,3000.0,3000.0,3000.0,3000.0,3000.0,3000.0,3000.0,3000.0,3000.0,3000.0,3000.0,3000.0,3000.0,3000.0,3000.0,3000.0,3000.0,3000.0,3000.0,3000.0,3000.0,3000.0,3000.0,3000.0,3000.0,3000.0,3000.0,3000.0,3000.0,3000.0,3000.0,3000.0,3000.0,3000.0,3000.0,3000.0,3000.0,3000.0,3000.0,3000.0,3000.0,3000.0,3000.0,3000.0,3000.0,3000.0,3000.0,3000.0,3000.0,3000.0,3000.0,3000.0,3000.0,3000.0,3000.0,3000.0,3000.0,3000.0,3000.0,3000.0,3000.0,3000.0,3000.0,3000.0,3000.0,3000.0,3000.0,3000.0,3000.0,3000.0,3000.0,3000.0,3000.0,3000.0,3000.0,3000.0,3000.0,3000.0,3000.0,3000.0,3000.0,3000.0,3000.0,3000.0,3000.0,3000.0,3000.0,3000.0,3000.0,3000.0,3000.0,3000.0,3000.0,3000.0,3000.0,3000.0,3000.0,3000.0,3000.0,3000.0,3000.0,3000.0,3000.0,3000.0,3000.0,3000.0,3000.0,3000.0,3000.0,3000.0,3000.0,3000.0,3000.0,3000.0,3000.0,3000.0,3000.0,3000.0,3000.0,3000.0,3000.0,3000.0,3000.0,3000.0,3000.0,3000.0,3000.0,3000.0,3000.0,3000.0,3000.0,3000.0,3000.0,3000.0,3000.0,3000.0,3000.0
3733,3000.0,3000.0,3000.0,3000.0,3000.0,3000.0,3000.0,3000.0,3000.0,3000.0,3000.0,3000.0,3000.0,3000.0,3000.0,3000.0,3000.0,3000.0,3000.0,3000.0,3000.0,3000.0,3000.0,3000.0,3000.0,3000.0,3000.0,3000.0,3000.0,3000.0,3000.0,3000.0,3000.0,3000.0,3000.0,3000.0,3000.0,3000.0,3000.0,3000.0,3000.0,3000.0,3000.0,3000.0,3000.0,3000.0,3000.0,3000.0,3000.0,3000.0,3000.0,3000.0,3000.0,3000.0,3000.0,3000.0,3000.0,3000.0,3000.0,3000.0,3000.0,3000.0,3000.0,3000.0,1300.3742948270026,1260.5802858571576,1250.248708511741,1268.18394614914,1316.4771781750094,1401.1321364564137,1534.0457018004288,3000.0,1300.3742948270026,1260.5802858571576,1250.248708511741,1268.18394614914,1316.4771781750094,1401.1321364564137,1534.0457018004288,3000.0,1300.3742948270026,1260.5802858571576,1250.248708511741,1268.18394614914,1316.4771781750094,1401.1321364564137,1534.0457018004288,3000.0,1300.3742948270026,1260.5802858571576,1250.248708511741,1268.18394614914,1316.4771781750094,1401.1321364564137,1534.0457018004288,3000.0,1300.3742948270026,1260.5802858571576,1250.248708511741,1268.18394614914,1316.4771781750094,1401.1321364564137,1534.0457018004288,3000.0,1300.3742948270026,1260.5802858571576,1250.248708511741,1268.18394614914,1316.4771781750094,1401.1321364564137,1534.0457018004288,3000.0,1300.3742948270026,1260.5802858571576,1250.248708511741,1268.18394614914,1316.4771781750094,1401.1321364564137,1534.0457018004288,3000.0,1300.3742948270026,1260.5802858571576,1250.248708511741,1268.18394614914,1316.4771781750094,1401.1321364564137,1534.0457018004288,3000.0,3000.0,3000.0,3000.0,3000.0,3000.0,1492.8759975409964,1374.4667908026472,1300.3742948270026,3000.0,3000.0,3000.0,3000.0,3000.0,1492.8759975409964,1374.4667908026472,1300.3742948270026,3000.0,3000.0,3000.0,3000.0,3000.0,1492.8759975409964,1374.4667908026472,1300.3742948270026,3000.0,3000.0,3000.0,3000.0,3000.0,1492.8759975409964,1374.4667908026472,1300.3742948270026,3000.0,3000.0,3000.0,3000.0,3000.0,1492.8759975409964,1374.4667908026472,1300.3742948270026,3000.0,3000.0,3000.0,3000.0,3000.0,1492.8759975409964,1374.4667908026472,1300.3742948270026,3000.0,3000.0,3000.0,3000.0,3000.0,1492.8759975409964,1374.4667908026472,1300.3742948270026,3000.0,3000.0,3000.0,3000.0,3000.0,1492.8759975409964,1374.4667908026472,1300.3742948270026,3000.0,3000.0,3000.0,3000.0,3000.0,3000.0,3000.0,3000.0,3000.0,3000.0,3000.0,3000.0,3000.0,3000.0,3000.0,3000.0,3000.0,3000.0,3000.0,3000.0,3000.0,3000.0,3000.0,3000.0,3000.0,3000.0,3000.0,3000.0,3000.0,3000.0,3000.0,3000.0,3000.0,3000.0,3000.0,3000.0,3000.0,3000.0,3000.0,3000.0,3000.0,3000.0,3000.0,3000.0,3000.0,3000.0,3000.0,3000.0,3000.0,3000.0,3000.0,3000.0,3000.0,3000.0,3000.0,3000.0,3000.0,3000.0,3000.0,3000.0,3000.0,3000.0,3000.0,3000.0,3000.0,3000.0,3000.0,3000.0,3000.0,3000.0,3000.0,3000.0,3000.0,3000.0,3000.0,3000.0,3000.0,3000.0,3000.0,3000.0,3000.0,3000.0,3000.0,3000.0,3000.0,3000.0,3000.0,3000.0,3000.0,3000.0,3000.0,3000.0,3000.0,3000.0,3000.0,3000.0,3000.0,3000.0,3000.0,3000.0,3000.0,3000.0,3000.0,3000.0,3000.0,3000.0,3000.0,3000.0,3000.0,3000.0,3000.0,3000.0,3000.0,3000.0,3000.0,3000.0,3000.0,3000.0,3000.0,3000.0,3000.0,3000.0,3000.0,3000.0,3000.0,3000.0,3000.0,3000.0,3000.0,3000.0,3000.0,3000.0,3000.0,3000.0,3000.0,3000.0,3000.0,3000.0,3000.0,3000.0,3000.0,3000.0,3000.0,3000.0,3000.0,3000.0,3000.0,3000.0,3000.0,3000.0,3000.0,3000.0,3000.0,3000.0,3000.0,3000.0,3000.0,3000.0,3000.0,3000.0,3000.0,3000.0,3000.0,3000.0,3000.0,3000.0,3000.0,3000.0,3000.0,3000.0,3000.0,3000.0,3000.0,3000.0,3000.0,3000.0,3000.0,3000.0,3000.0,3000.0,3000.0,3000.0,3000.0,3000.0,3000.0,3000.0,3000.0,3000.0,3000.0,3000.0,3000.0,3000.0
3800,3000.0,3000.0,3000.0,3000.0,3000.0,3000.0,3000.0,3000.0,3000.0,3000.0,3000.0,3000.0,3000.0,3000.0,3000.0,3000.0,3000.0,3000.0,3000.0,3000.0,3000.0,3000.0,3000.0,3000.0,3000.0,3000.0,3000.0,3000.0,3000.0,3000.0,3000.0,3000.0,3000.0,3000.0,3000.0,3000.0,3000.0,3000.0,3000.0,3000.0,3000.0,3000.0,3000.0,3000.0,3000.0,3000.0,3000.0,3000.0,3000.0,3000.0,3000.0,3000.0,3000.0,3000.0,3000.0,3000.0,3000.0,3000.0,3000.0,3000.0,3000.0,3000.0,3000.0,3000.0,1277.9257435812867,1252.2413495151084,1255.052472273923,1286.6832913660533,1350.9069387872448,1456.1148076815036,3000.0,3000.0,1277.9257435812867,1252.2413495151084,1255.052472273923,1286.6832913660533,1350.9069387872448,1456.1148076815036,3000.0,3000.0,1277.9257435812867,1252.2413495151084,1255.052472273923,1286.6832913660533,1350.9069387872448,1456.1148076815036,3000.0,3000.0,1277.9257435812867,1252.2413495151084,1255.052472273923,1286.6832913660533,1350.9069387872448,1456.1148076815036,3000.0,3000.0,1277.9257435812867,1252.2413495151084,1255.052472273923,1286.6832913660533,1350.9069387872448,1456.1148076815036,3000.0,3000.0,1277.9257435812867,1252.2413495151084,1255.052472273923,1286.6832913660533,1350.9069387872448,1456.1148076815036,3000.0,3000.0,1277.9257435812867,1252.2413495151084,1255.052472273923,1286.6832913660533,1350.9069387872448,1456.1148076815036,3000.0,3000.0,1277.9257435812867,1252.2413495151084,1255.052472273923,1286.6832913660533,1350.9069387872448,1456.1148076815036,3000.0,3000.0,3000.0,3000.0,3000.0,3000.0,1580.1362270115578,1431.1750211605288,1335.1350598016763,1277.9257435812867,3000.0,3000.0,3000.0,3000.0,1580.1362270115578,1431.1750211605288,1335.1350598016763,1277.9257435812867,3000.0,3000.0,3000.0,3000.0,1580.1362270115578,1431.1750211605288,1335.1350598016763,1277.9257435812867,3000.0,3000.0,3000.0,3000.0,1580.1362270115578,1431.1750211605288,1335.1350598016763,1277.9257435812867,3000.0,3000.0,3000.0,3000.0,1580.1362270115578,1431.1750211605288,1335.1350598016763,1277.9257435812867,3000.0,3000.0,3000.0,3000.0,1580.1362270115578,1431.1750211605288,1335.1350598016763,1277.9257435812867,3000.0,3000.0,3000.0,3000.0,1580.1362270115578,1431.1750211605288,1335.1350598016763,1277.9257435812867,3000.0,3000.0,3000.0,3000.0,1580.1362270115578,1431.1750211605288,1335.1350598016763,1277.9257435812867,3000.0,3000.0,3000.0,3000.0,3000.0,3000.0,3000.0,3000.0,3000.0,3000.0,3000.0,3000.0,3000.0,3000.0,3000.0,3000.0,3000.0,3000.0,3000.0,3000.0,3000.0,3000.0,3000.0,3000.0,3000.0,3000.0,3000.0,3000.0,3000.0,3000.0,3000.0,3000.0,3000.0,3000.0,3000.0,3000.0,3000.0,3000.0,3000.0,3000.0,3000.0,3000.0,3000.0,3000.0,3000.0,3000.0,3000.0,3000.0,3000.0,3000.0,3000.0,3000.0,3000.0,3000.0,3000.0,3000.0,3000.0,3000.0,3000.0,3000.0,3000.0,3000.0,3000.0,3000.0,3000.0,3000.0,3000.0,3000.0,3000.0,3000.0,3000.0,3000.0,3000.0,3000.0,3000.0,3000.0,3000.0,3000.0,3000.0,3000.0,3000.0,3000.0,3000.0,3000.0,3000.0,3000.0,3000.0,3000.0,3000.0,3000.0,3000.0,3000.0,3000.0,3000.0,3000.0,3000.0,3000.0,3000.0,3000.0,3000.0,3000.0,3000.0,3000.0,3000.0,3000.0,3000.0,3000.0,3000.0,3000.0,3000.0,3000.0,3000.0,3000.0,3000.0,3000.0,3000.0,3000.0,3000.0,3000.0,3000.0,3000.0,3000.0,3000.0,3000.0,3000.0,3000.0,3000.0,3000.0,3000.0,3000.0,3000.0,3000.0,3000.0,3000.0,3000.0,3000.0,3000.0,3000.0,3000.0,3000.0,3000.0,3000.0,3000.0,3000.0,3000.0,3000.0,3000.0,3000.0,3000.0,3000.0,3000.0,3000.0,3000.0,3000.0,3000.0,3000.0,3000.0,3000.0,3000.0,3000.0,3000.0,3000.0,3000.0,3000.0,3000.0,3000.0,3000.0,3000.0,3000.0,3000.0,3000.0,3000.0,3000.0,3000.0,3000.0,3000.0,3000.0,3000.0,3000.0,3000.0,3000.0,3000.0,3000.0,3000.0,3000.0,3000.0,3000.0,3000.0,3000.0,3000.0,3000.0,3000.0
3867,3000.0,3000.0,3000.0,3000.0,3000.0,3000.0,3000.0,3000.0,3000.0,3000.0,3000.0,3000.0,3000.0,3000.0,3000.0,3000.0,3000.0,3000.0,3000.0,3000.0,3000.0,3000.0,3000.0,3000.0,3000.0,3000.0,3000.0,3000.0,3000.0,3000.0,3000.0,3000.0,3000.0,3000.0,3000.0,3000.0,3000.0,3000.0,3000.0,3000.0,3000.0,3000.0,3000.0,3000.0,3000.0,3000.0,3000.0,3000.0,3000.0,3000.0,3000.0,3000.0,3000.0,3000.0,3000.0,3000.0,3000.0,3000.0,3000.0,3000.0,3000.0,3000.0,3000.0,3000.0,1262.2844656482725,1250.0621693969445,1266.0853246547981,1312.2179668881336,1394.160559006045,1523.3135018131397,3000.0,3000.0,1262.2844656482725,1250.0621693969445,1266.0853246547981,1312.2179668881336,1394.160559006045,1523.3135018131397,3000.0,3000.0,1262.2844656482725,1250.0621693969445,1266.0853246547981,1312.2179668881336,1394.160559006045,1523.3135018131397,3000.0,3000.0,1262.2844656482725,1250.0621693969445,1266.0853246547981,1312.2179668881336,1394.160559006045,1523.3135018131397,3000.0,3000.0,1262.2844656482725,1250.0621693969445,1266.0853246547981,1312.2179668881336,1394.160559006045,1523.3135018131397,3000.0,3000.0,1262.2844656482725,1250.0621693969445,1266.0853246547981,1312.2179668881336,1394.160559006045,1523.3135018131397,3000.0,3000.0,1262.2844656482725,1250.0621693969445,1266.0853246547981,1312.2179668881336,1394.160559006045,1523.3135018131397,3000.0,3000.0,1262.2844656482725,1250.0621693969445,1266.0853246547981,1312.2179668881336,1394.160559006045,1523.3135018131397,3000.0,3000.0,3000.0,3000.0,3000.0,3000.0,1502.7366239554374,1380.832124248518,1304.168755905046,1262.2844656482725,3000.0,3000.0,3000.0,3000.0,1502.7366239554374,1380.832124248518,1304.168755905046,1262.2844656482725,3000.0,3000.0,3000.0,3000.0,1502.7366239554374,1380.832124248518,1304.168755905046,1262.2844656482725,3000.0,3000.0,3000.0,3000.0,1502.7366239554374,1380.832124248518,1304.168755905046,1262.2844656482725,3000.0,3000.0,3000.0,3000.0,1502.7366239554374,1380.832124248518,1304.168755905046,1262.2844656482725,3000.0,3000.0,3000.0,3000.0,1502.7366239554374,1380.832124248518,1304.168755905046,1262.2844656482725,3000.0,3000.0,3000.0,3000.0,1502.7366239554374,1380.832124248518,1304.168755905046,1262.2844656482725,3000.0,3000.0,3000.0,3000.0,1502.7366239554374,1380.832124248518,1304.168755905046,1262.2844656482725,3000.0,3000.0,3000.0,3000.0,3000.0,3000.0,3000.0,3000.0,3000.0,3000.0,3000.0,3000.0,3000.0,3000.0,3000.0,3000.0,3000.0,3000.0,3000.0,3000.0,3000.0,3000.0,3000.0,3000.0,3000.0,3000.0,3000.0,3000.0,3000.0,3000.0,3000.0,3000.0,3000.0,3000.0,3000.0,3000.0,3000.0,3000.0,3000.0,3000.0,3000.0,3000.0,3000.0,3000.0,3000.0,3000.0,3000.0,3000.0,3000.0,3000.0,3000.0,3000.0,3000.0,3000.0,3000.0,3000.0,3000.0,3000.0,3000.0,3000.0,3000.0,3000.0,3000.0,3000.0,3000.0,3000.0,3000.0,3000.0,3000.0,3000.0,3000.0,3000.0,3000.0,3000.0,3000.0,3000.0,3000.0,3000.0,3000.0,3000.0,3000.0,3000.0,3000.0,3000.0,3000.0,3000.0,3000.0,3000.0,3000.0,3000.0,3000.0,3000.0,3000.0,3000.0,3000.0,3000.0,3000.0,3000.0,3000.0,3000.0,3000.0,3000.0,3000.0,3000.0,3000.0,3000.0,3000.0,3000.0,3000.0,3000.0,3000.0,3000.0,3000.0,3000.0,3000.0,3000.0,3000.0,3000.0,3000.0,3000.0,3000.0,3000.0,3000.0,3000.0,3000.0,3000.0,3000.0,3000.0,3000.0,3000.0,3000.0,3000.0,3000.0,3000.0,3000.0,3000.0,3000.0,3000.0,3000.0,3000.0,3000.0,3000.0,3000.0,3000.0,3000.0,3000.0,3000.0,3000.0,3000.0,3000.0,3000.0,3000.0,3000.0,3000.0,3000.0,3000.0,3000.0,3000.0,3000.0,3000.0,3000.0,3000.0,3000.0,3000.0,3000.0,3000.0,3000.0,3000.0,3000.0,3000.0,3000.0,3000.0,3000.0,3000.0,3000.0,3000.0,3000.0,3000.0,3000.0,3000.0,3000.0,3000.0,3000.0,3000.0,3000.0,3000.0,3000.0,3000.0,3000.0,3000.0,3000.0,3000.0
3933,3000.0,3000.0,3000.0,3000.0,3000.0,3000.0,3000.0,3000.0,3000.0,3000.0,3000.0,3000.0,3000.0,3000.0,3000.0,3000.0,3000.0,3000.0,3000.0,3000.0,3000.0,3000.0,3000.0,3000.0,3000.0,3000.0,3000.0,3000.0,3000.0,3000.0,3000.0,3000.0,3000.0,3000.0,3000.0,3000.0,3000.0,3000.0,3000.0,3000.0,3000.0,3000.0,3000.0,3000.0,3000.0,3000.0,3000.0,3000.0,3000.0,3000.0,3000.0,3000.0,3000.0,3000.0,3000.0,3000.0,3000.0,3000.0,3000.0,3000.0,3000.0,3000.0,3000.0,3000.0,1253.0523726014653,1253.989257138668,1283.623015842213,1345.474388056604,1447.56125002993,3000.0,3000.0,3000.0,1253.0523726014653,1253.989257138668,1283.623015842213,1345.474388056604,1447.56125002993,3000.0,3000.0,3000.0,1253.0523726014653,1253.989257138668,1283.623015842213,1345.474388056604,1447.56125002993,3000.0,3000.0,3000.0,1253.0523726014653,1253.989257138668,1283.623015842213,1345.474388056604,1447.56125002993,3000.0,3000.0,3000.0,1253.0523726014653,1253.989257138668,1283.623015842213,1345.474388056604,1447.56125002993,3000.0,3000.0,3000.0,1253.0523726014653,1253.989257138668,1283.623015842213,1345.474388056604,1447.56125002993,3000.0,3000.0,3000.0,1253.0523726014653,1253.989257138668,1283.623015842213,1345.474388056604,1447.56125002993,3000.0,3000.0,3000.0,1253.0523726014653,1253.989257138668,1283.623015842213,1345.474388056604,1447.56125002993,3000.0,3000.0,3000.0,3000.0,3000.0,3000.0,1592.4969141518166,1439.2499172334135,1340.2181276727047,1280.7043474201557,1253.0523726014653,3000.0,3000.0,3000.0,1592.4969141518166,1439.2499172334135,1340.2181276727047,1280.7043474201557,1253.0523726014653,3000.0,3000.0,3000.0,1592.4969141518166,1439.2499172334135,1340.2181276727047,1280.7043474201557,1253.0523726014653,3000.0,3000.0,3000.0,1592.4969141518166,1439.2499172334135,1340.2181276727047,1280.7043474201557,1253.0523726014653,3000.0,3000.0,3000.0,1592.4969141518166,1439.2499172334135,1340.2181276727047,1280.7043474201557,1253.0523726014653,3000.0,3000.0,3000.0,1592.4969141518166,1439.2499172334135,1340.2181276727047,1280.7043474201557,1253.0523726014653,3000.0,3000.0,3000.0,1592.4969141518166,1439.2499172334135,1340.2181276727047,1280.7043474201557,1253.0523726014653,3000.0,3000.0,3000.0,1592.4969141518166,1439.2499172334135,1340.2181276727047,1280.7043474201557,1253.0523726014653,3000.0,3000.0,3000.0,3000.0,3000.0,3000.0,3000.0,3000.0,3000.0,3000.0,3000.0,3000.0,3000.0,3000.0,3000.0,3000.0,3000.0,3000.0,3000.0,3000.0,3000.0,3000.0,3000.0,3000.0,3000.0,3000.0,3000.0,3000.0,3000.0,3000.0,3000.0,3000.0,3000.0,3000.0,3000.0,3000.0,3000.0,3000.0,3000.0,3000.0,3000.0,3000.0,3000.0,3000.0,3000.0,3000.0,3000.0,3000.0,3000.0,3000.0,3000.0,3000.0,3000.0,3000.0,3000.0,3000.0,3000.0,3000.0,3000.0,3000.0,3000.0,3000.0,3000.0,3000.0,3000.0,3000.0,3000.0,3000.0,3000.0,3000.0,3000.0,3000.0,3000.0,3000.0,3000.0,3000.0,3000.0,3000.0,3000.0,3000.0,3000.0,3000.0,3000.0,3000.0,3000.0,3000.0,3000.0,3000.0,3000.0,3000.0,3000.0,3000.0,3000.0,3000.0,3000.0,3000.0,3000.0,3000.0,3000.0,3000.0,3000.0,3000.0,3000.0,3000.0,3000.0,3000.0,3000.0,3000.0,3000.0,3000.0,3000.0,3000.0,3000.0,3000.0,3000.0,3000.0,3000.0,3000.0,3000.0,3000.0,3000.0,3000.0,3000.0,3000.0,3000.0,3000.0,3000.0,3000.0,3000.0,3000.0,3000.0,3000.0,3000.0,3000.0,3000.0,3000.0,3000.0,3000.0,3000.0,3000.0,3000.0,3000.0,3000.0,3000.0,3000.0,3000.0,3000.0,3000.0,3000.0,3000.0,3000.0,3000.0,3000.0,3000.0,3000.0,3000.0,3000.0,3000.0,3000.0,3000.0,3000.0,3000.0,3000.0,3000.0,3000.0,3000.0,3000.0,3000.0,3000.0,3000.0,3000.0,3000.0,3000.0,3000.0,3000.0,3000.0,3000.0,3000.0,3000.0,3000.0,3000.0,3000.0,3000.0,3000.0,3000.0,3000.0,3000.0,3000.0,3000.0,3000.0,3000.0,3000.0
4000,3000.0,3000.0,3000.0,3000.0,3000.0,3000.0,3000.0,3000.0,3000.0,3000.0,3000.0,3000.0,3000.0,3000.0,3000.0,3000.0,3000.0,3000.0,3000.0,3000.0,3000.0,3000.0,3000.0,3000.0,3000.0,3000.0,3000.0,3000.0,3000.0,3000.0,3000.0,3000.0,3000.0,3000.0,3000.0,3000.0,3000.0,3000.0,3000.0,3000.0,3000.0,3000.0,3000.0,3000.0,3000.0,3000.0,3000.0,3000.0,3000.0,3000.0,3000.0,3000.0,3000.0,3000.0,3000.0,3000.0,3000.0,3000.0,3000.0,3000.0,3000.0,3000.0,3000.0,3000.0,1250.0,1264.119166644397,1308.1159200335726,1387.395330218428,1512.879858530989,3000.0,3000.0,3000.0,1250.0,1264.119166644397,1308.1159200335726,1387.395330218428,1512.879858530989,3000.0,3000.0,3000.0,1250.0,1264.119166644397,1308.1159200335726,1387.395330218428,1512.879858530989,3000.0,3000.0,3000.0,1250.0,1264.119166644397,1308.1159200335726,1387.395330218428,1512.879858530989,3000.0,3000.0,3000.0,1250.0,1264.119166644397,1308.1159200335726,1387.395330218428,1512.879858530989,3000.0,3000.0,3000.0,1250.0,1264.119166644397,1308.1159200335726,1387.395330218428,1512.879858530989,3000.0,3000.0,3000.0,1250.0,1264.119166644397,1308.1159200335726,1387.395330218428,1512.879858530989,3000.0,3000.0,3000.0,1250.0,1264.119166644397,1308.1159200335726,1387.395330218428,1512.879858530989,3000.0,3000.0,3000.0,3000.0,3000.0,3000.0,1512.879858530989,1387.3953302184282,1308.1159200335726,1264.119166644397,1250.0,3000.0,3000.0,3000.0,1512.879858530989,1387.3953302184282,1308.1159200335726,1264.119166644397,1250.0,3000.0,3000.0,3000.0,1512.879858530989,1387.3953302184282,1308.1159200335726,1264.119166644397,1250.0,3000.0,3000.0,3000.0,1512.879858530989,1387.3953302184282,1308.1159200335726,1264.119166644397,1250.0,3000.0,3000.0,3000.0,1512.879858530989,1387.3953302184282,1308.1159200335726,1264.119166644397,1250.0,3000.0,3000.0,3000.0,1512.879858530989,1387.3953302184282,1308.1159200335726,1264.119166644397,1250.0,3000.0,3000.0,3000.0,1512.879858530989,1387.3953302184282,1308.1159200335726,1264.119166644397,1250.0,3000.0,3000.0,3000.0,1512.879858530989,1387.3953302184282,1308.1159200335726,1264.119166644397,1250.0,3000.0,3000.0,3000.0,3000.0,3000.0,3000.0,3000.0,3000.0,3000.0,3000.0,3000.0,3000.0,3000.0,3000.0,3000.0,3000.0,3000.0,3000.0,3000.0,3000.0,3000.0,3000.0,3000.0,3000.0,3000.0,3000.0,3000.0,3000.0,3000.0,3000.0,3000.0,3000.0,3000.0,3000.0,3000.0,3000.0,3000.0,3000.0,3000.0,3000.0,3000.0,3000.0,3000.0,3000.0,3000.0,3000.0,3000.0,3000.0,3000.0,3000.0,3000.0,3000.0,3000.0,3000.0,3000.0,3000.0,3000.0,3000.0,3000.0,3000.0,3000.0,3000.0,3000.0,3000.0,3000.0,3000.0,3000.0,3000.0,3000.0,3000.0,3000.0,3000.0,3000.0,3000.0,3000.0,3000.0,3000.0,3000.0,3000.0,3000.0,3000.0,3000.0,3000.0,3000.0,3000.0,3000.0,3000.0,3000.0,3000.0,3000.0,3000.0,3000.0,3000.0,3000.0,3000.0,3000.0,3000.0,3000.0,3000.0,3000.0,3000.0,3000.0,3000.0,3000.0,3000.0,3000.0,3000.0,3000.0,3000.0,3000.0,3000.0,3000.0,3000.0,3000.0,3000.0,3000.0,3000.0,3000.0,3000.0,3000.0,3000.0,3000.0,3000.0,3000.0,3000.0,3000.0,3000.0,3000.0,3000.0,3000.0,3000.0,3000.0,3000.0,3000.0,3000.0,3000.0,3000.0,3000.0,3000.0,3000.0,3000.0,3000.0,3000.0,3000.0,3000.0,3000.0,3000.0,3000.0,3000.0,3000.0,3000.0,3000.0,3000.0,3000.0,3000.0,3000.0,3000.0,3000.0,3000.0,3000.0,3000.0,3000.0,3000.0,3000.0,3000.0,3000.0,3000.0,3000.0,3000.0,3000.0,3000.0,3000.0,3000.0,3000.0,3000.0,3000.0,3000.0,3000.0,3000.0,3000.0,3000.0,3000.0,3000.0,3000.0,3000.0,3000.0,3000.0,3000.0,3000.0,3000.0,3000.0,3000.0
4067,3000.0,3000.0,3000.0,3000.0,3000.0,3000.0,3000.0,3000.0,3000.0,3000.0,3000.0,3000.0,3000.0,3000.0,3000.0,3000.0,3000.0,3000.0,3000.0,3000.0,3000.0,3000.0,3000.0,3000.0,3000.0,3000.0,3000.0,3000.0,3000.0,3000.0,3000.0,3000.0,3000.0,3000.0,3000.0,3000.0,3000.0,3000.0,3000.0,3000.0,3000.0,3000.0,3000.0,3000.0,3000.0,3000.0,3000.0,3000.0,3000.0,3000.0,3000.0,3000.0,3000.0,3000.0,3000.0,3000.0,3000.0,3000.0,3000.0,3000.0,3000.0,3000.0,3000.0,3000.0,1253.052372601465,1280.7043474201555,1340.2181276727044,1439.249917233413,1592.496914151816,3000.0,3000.0,3000.0,1253.052372601465,1280.7043474201555,1340.2181276727044,1439.249917233413,1592.496914151816,3000.0,3000.0,3000.0,1253.052372601465,1280.7043474201555,1340.2181276727044,1439.249917233413,1592.496914151816,3000.0,3000.0,3000.0,1253.052372601465,1280.7043474201555,1340.2181276727044,1439.249917233413,1592.496914151816,3000.0,3000.0,3000.0,1253.052372601465,1280.7043474201555,1340.2181276727044,1439.249917233413,1592.496914151816,3000.0,3000.0,3000.0,1253.052372601465,1280.7043474201555,1340.2181276727044,1439.249917233413,1592.496914151816,3000.0,3000.0,3000.0,1253.052372601465,1280.7043474201555,1340.2181276727044,1439.249917233413,1592.496914151816,3000.0,3000.0,3000.0,1253.052372601465,1280.7043474201555,1340.2181276727044,1439.249917233413,1592.496914151816,3000.0,3000.0,3000.0,3000.0,3000.0,3000.0,1447.5612500299303,1345.4743880566043,1283.6230158422131,1253.989257138668,1253.052372601465,3000.0,3000.0,3000.0,1447.5612500299303,1345.4743880566043,1283.6230158422131,1253.989257138668,1253.052372601465,3000.0,3000.0,3000.0,1447.5612500299303,1345.4743880566043,1283.6230158422131,1253.989257138668,1253.052372601465,3000.0,3000.0,3000.0,1447.5612500299303,1345.4743880566043,1283.6230158422131,1253.989257138668,1253.052372601465,3000.0,3000.0,3000.0,1447.5612500299303,1345.4743880566043,1283.6230158422131,1253.989257138668,1253.052372601465,3000.0,3000.0,3000.0,1447.5612500299303,1345.4743880566043,1283.6230158422131,1253.989257138668,1253.052372601465,3000.0,3000.0,3000.0,1447.5612500299303,1345.4743880566043,1283.6230158422131,1253.989257138668,1253.052372601465,3000.0,3000.0,3000.0,1447.5612500299303,1345.4743880566043,1283.6230158422131,1253.989257138668,1253.052372601465,3000.0,3000.0,3000.0,3000.0,3000.0,3000.0,3000.0,3000.0,3000.0,3000.0,3000.0,3000.0,3000.0,3000.0,3000.0,3000.0,3000.0,3000.0,3000.0,3000.0,3000.0,3000.0,3000.0,3000.0,3000.0,3000.0,3000.0,3000.0,3000.0,3000.0,3000.0,3000.0,3000.0,3000.0,3000.0,3000.0,3000.0,3000.0,3000.0,3000.0,3000.0,3000.0,3000.0,3000.0,3000.0,3000.0,3000.0,3000.0,3000.0,3000.0,3000.0,3000.0,3000.0,3000.0,3000.0,3000.0,3000.0,3000.0,3000.0,3000.0,3000.0,3000.0,3000.0,3000.0,3000.0,3000.0,3000.0,3000.0,3000.0,3000.0,3000.0,3000.0,3000.0,3000.0,3000.0,3000.0,3000.0,3000.0,3000.0,3000.0,3000.0,3000.0,3000.0,3000.0,3000.0,3000.0,3000.0,3000.0,3000.0,3000.0,3000.0,3000.0,3000.0,3000.0,3000.0,3000.0,3000.0,3000.0,3000.0,3000.0,3000.0,3000.0,3000.0,3000.0,3000.0,3000.0,3000.0,3000.0,3000.0,3000.0,3000.0,3000.0,3000.0,3000.0,3000.0,3000.0,3000.0,3000.0,3000.0,3000.0,3000.0,3000.0,3000.0,3000.0,3000.0,3000.0,3000.0,3000.0,3000.0,3000.0,3000.0,3000.0,3000.0,3000.0,3000.0,3000.0,3000.0,3000.0,3000.0,3000.0,3000.0,3000.0,3000.0,3000.0,3000.0,3000.0,3000.0,3000.0,3000.0,3000.0,3000.0,3000.0,3000.0,3000.0,3000.0,3000.0,3000.0,3000.0,3000.0,3000.0,3000.0,3000.0,3000.0,3000.0,3000.0,3000.0,3000.0,3000.0,3000.0,3000.0,3000.0,3000.0,3000.0,3000.0,3000.0,3000.0,3000.0,3000.0,3000.0,3000.0,3000.0,3000.0,3000.0,3000.0,3000.0,3000.0,3000.0,3000.0,3000.0,3000.0,3000.0,3000.0
4133,3000.0,3000.0,3000.0,3000.0,3000.0,3000.0,3000.0,3000.0,3000.0,3000.0,3000.0,3000.0,3000.0,3000.0,3000.0,3000.0,3000.0,3000.0,3000.0,3000.0,3000.0,3000.0,3000.0,3000.0,3000.0,3000.0,3000.0,3000.0,3000.0,3000.0,3000.0,3000.0,3000.0,3000.0,3000.0,3000.0,3000.0,3000.0,3000.0,3000.0,3000.0,3000.0,3000.0,3000.0,3000.0,3000.0,3000.0,3000.0,3000.0,3000.0,3000.0,3000.0,3000.0,3000.0,3000.0,3000.0,3000.0,3000.0,3000.0,3000.0,3000.0,3000.0,3000.0,3000.0,1262.2844656482728,1304.1687559050465,1380.8321242485185,1502.736623955438,3000.0,3000.0,3000.0,3000.0,1262.2844656482728,1304.1687559050465,1380.8321242485185,1502.736623955438,3000.0,3000.0,3000.0,3000.0,1262.2844656482728,1304.1687559050465,1380.8321242485185,1502.736623955438,3000.0,3000.0,3000.0,3000.0,1262.2844656482728,1304.1687559050465,1380.8321242485185,1502.736623955438,3000.0,3000.0,3000.0,3000.0,1262.2844656482728,1304.1687559050465,1380.8321242485185,1502.736623955438,3000.0,3000.0,3000.0,3000.0,1262.2844656482728,1304.1687559050465,1380.8321242485185,1502.736623955438,3000.0,3000.0,3000.0,3000.0,1262.2844656482728,1304.1687559050465,1380.8321242485185,1502.736623955438,3000.0,3000.0,3000.0,3000.0,1262.2844656482728,1304.1687559050465,1380.8321242485185,1502.736623955438,3000.0,3000.0,3000.0,3000.0,3000.0,3000.0,1523.3135018131388,1394.1605590060449,1312.2179668881333,1266.085324654798,1250.0621693969445,1262.2844656482728,3000.0,3000.0,1523.3135018131388,1394.1605590060449,1312.2179668881333,1266.085324654798,1250.0621693969445,1262.2844656482728,3000.0,3000.0,1523.3135018131388,1394.1605590060449,1312.2179668881333,1266.085324654798,1250.0621693969445,1262.2844656482728,3000.0,3000.0,1523.3135018131388,1394.1605590060449,1312.2179668881333,1266.085324654798,1250.0621693969445,1262.2844656482728,3000.0,3000.0,1523.3135018131388,1394.1605590060449,1312.2179668881333,1266.085324654798,1250.0621693969445,1262.2844656482728,3000.0,3000.0,1523.3135018131388,1394.1605590060449,1312.2179668881333,1266.085324654798,1250.0621693969445,1262.2844656482728,3000.0,3000.0,1523.3135018131388,1394.1605590060449,1312.2179668881333,1266.085324654798,1250.0621693969445,1262.2844656482728,3000.0,3000.0,1523.3135018131388,1394.1605590060449,1312.2179668881333,1266.085324654798,1250.0621693969445,1262.2844656482728,3000.0,3000.0,3000.0,3000.0,3000.0,3000.0,3000.0,3000.0,3000.0,3000.0,3000.0,3000.0,3000.0,3000.0,3000.0,3000.0,3000.0,3000.0,3000.0,3000.0,3000.0,3000.0,3000.0,3000.0,3000.0,3000.0,3000.0,3000.0,3000.0,3000.0,3000.0,3000.0,3000.0,3000.0,3000.0,3000.0,3000.0,3000.0,3000.0,3000.0,3000.0,3000.0,3000.0,3000.0,3000.0,3000.0,3000.0,3000.0,3000.0,3000.0,3000.0,3000.0,3000.0,3000.0,3000.0,3000.0,3000.0,3000.0,3000.0,3000.0,3000.0,3000.0,3000.0,3000.0,3000.0,3000.0,3000.0,3000.0,3000.0,3000.0,3000.0,3000.0,3000.0,3000.0,3000.0,3000.0,3000.0,3000.0,3000.0,3000.0,3000.0,3000.0,3000.0,3000.0,3000.0,3000.0,3000.0,3000.0,3000.0,3000.0,3000.0,3000.0,3000.0,3000.0,3000.0,3000.0,3000.0,3000.0,3000.0,3000.0,3000.0,3000.0,3000.0,3000.0,3000.0,3000.0,3000.0,3000.0,3000.0,3000.0,3000.0,3000.0,3000.0,3000.0,3000.0,3000.0,3000.0,3000.0,3000.0,3000.0,3000.0,3000.0,3000.0,3000.0,3000.0,3000.0,3000.0,3000.0,3000.0,3000.0,3000.0,3000.0,3000.0,3000.0,3000.0,3000.0,3000.0,3000.0,3000.0,3000.0,3000.0,3000.0,3000.0,3000.0,3000.0,3000.0,3000.0,3000.0,3000.0,3000.0,3000.0,3000.0,3000.0,3000.0,3000.0,3000.0,3000.0,3000.0,3000.0,3000.0,3000.0,3000.0,3000.0,3000.0,3000.0,3000.0,3000.0,3000.0,3000.0,3000.0,3000.0,3000.0,3000.0,3000.0,3000.0,3000.0,3000.0,3000.0,3000.0,3000.0,3000.0,3000.0,3000.0,3000.0,3000.0,3000.0,3000.0,3000.0,3000.0,3000.0,3000.0,3000.0
4200,3000.0,3000.0,3000.0,3000.0,3000.0,3000.0,3000.0,3000.0,3000.0,3000.0,3000.0,3000.0,3000.0,3000.0,3000.0,3000.0,3000.0,3000.0,3000.0,3000.0,3000.0,3000.0,3000.0,3000.0,3000.0,3000.0,3000.0,3000.0,3000.0,3000.0,3000.0,3000.0,3000.0,3000.0,3000.0,3000.0,3000.0,3000.0,3000.0,3000.0,3000.0,3000.0,3000.0,3000.0,3000.0,3000.0,3000.0,3000.0,3000.0,3000.0,3000.0,3000.0,3000.0,3000.0,3000.0,3000.0,3000.0,3000.0,3000.0,3000.0,3000.0,3000.0,3000.0,3000.0,1277.9257435812867,1335.1350598016763,1431.175021160529,1580.1362270115578,3000.0,3000.0,3000.0,3000.0,1277.9257435812867,1335.1350598016763,1431.175021160529,1580.1362270115578,3000.0,3000.0,3000.0,3000.0,1277.9257435812867,1335.1350598016763,1431.175021160529,1580.1362270115578,3000.0,3000.0,3000.0,3000.0,1277.9257435812867,1335.1350598016763,1431.175021160529,1580.1362270115578,3000.0,3000.0,3000.0,3000.0,1277.9257435812867,1335.1350598016763,1431.175021160529,1580.1362270115578,3000.0,3000.0,3000.0,3000.0,1277.9257435812867,1335.1350598016763,1431.175021160529,1580.1362270115578,3000.0,3000.0,3000.0,3000.0,1277.9257435812867,1335.1350598016763,1431.175021160529,1580.1362270115578,3000.0,3000.0,3000.0,3000.0,1277.9257435812867,1335.1350598016763,1431.175021160529,1580.1362270115578,3000.0,3000.0,3000.0,3000.0,3000.0,3000.0,1456.1148076815034,1350.9069387872448,1286.6832913660533,1255.052472273923,1252.2413495151084,1277.9257435812867,3000.0,3000.0,1456.1148076815034,1350.9069387872448,1286.6832913660533,1255.052472273923,1252.2413495151084,1277.9257435812867,3000.0,3000.0,1456.1148076815034,1350.9069387872448,1286.6832913660533,1255.052472273923,1252.2413495151084,1277.9257435812867,3000.0,3000.0,1456.1148076815034,1350.9069387872448,1286.6832913660533,1255.052472273923,1252.2413495151084,1277.9257435812867,3000.0,3000.0,1456.1148076815034,1350.9069387872448,1286.6832913660533,1255.052472273923,1252.2413495151084,1277.9257435812867,3000.0,3000.0,1456.1148076815034,1350.9069387872448,1286.6832913660533,1255.052472273923,1252.2413495151084,1277.9257435812867,3000.0,3000.0,1456.1148076815034,1350.9069387872448,1286.6832913660533,1255.052472273923,1252.2413495151084,1277.9257435812867,3000.0,3000.0,1456.1148076815034,1350.9069387872448,1286.6832913660533,1255.052472273923,1252.2413495151084,1277.9257435812867,3000.0,3000.0,3000.0,3000.0,3000.0,3000.0,3000.0,3000.0,3000.0,3000.0,3000.0,3000.0,3000.0,3000.0,3000.0,3000.0,3000.0,3000.0,3000.0,3000.0,3000.0,3000.0,3000.0,3000.0,3000.0,3000.0,3000.0,3000.0,3000.0,3000.0,3000.0,3000.0,3000.0,3000.0,3000.0,3000.0,3000.0,3000.0,3000.0,3000.0,3000.0,3000.0,3000.0,3000.0,3000.0,3000.0,3000.0,3000.0,3000.0,3000.0,3000.0,3000.0,3000.0,3000.0,3000.0,3000.0,3000.0,3000.0,3000.0,3000.0,3000.0,3000.0,3000.0,3000.0,3000.0,3000.0,3000.0,3000.0,3000.0,3000.0,3000.0,3000.0,3000.0,3000.0,3000.0,3000.0,3000.0,3000.0,3000.0,3000.0,3000.0,3000.0,3000.0,3000.0,3000.0,3000.0,3000.0,3000.0,3000.0,3000.0,3000.0,3000.0,3000.0,3000.0,3000.0,3000.0,3000.0,3000.0,3000.0,3000.0,3000.0,3000.0,3000.0,3000.0,3000.0,3000.0,3000.0,3000.0,3000.0,3000.0,3000.0,3000.0,3000.0,3000.0,3000.0,3000.0,3000.0,3000.0,3000.0,3000.0,3000.0,3000.0,3000.0,3000.0,3000.0,3000.0,3000.0,3000.0,3000.0,3000.0,3000.0,3000.0,3000.0,3000.0,3000.0,3000.0,3000.0,3000.0,3000.0,3000.0,3000.0,3000.0,3000.0,3000.0,3000.0,3000.0,3000.0,3000.0,3000.0,3000.0,3000.0,3000.0,3000.0,3000.0,3000.0,3000.0,3000.0,3000.0,3000.0,3000.0,3000.0,3000.0,3000.0,3000.0,3000.0,3000.0,3000.0,3000.0,3000.0,3000.0,3000.0,3000.0,3000.0,3000.0,3000.0,3000.0,3000.0,3000.0,3000.0,3000.0,3000.0,3000.0,3000.0,3000.0,3000.0,3000.0,3000.0,3000.0,3000.0,3000.0,3000.0,3000.0
4267,3000.0,3000.0,3000.0,3000.0,3000.0,3000.0,3000.0,3000.0,3000.0,3000.0,3000.0,3000.0,3000.0,3000.0,3000.0,3000.0,3000.0,3000.0,3000.0,3000.0,3000.0,3000.0,3000.0,3000.0,3000.0,3000.0,3000.0,3000.0,3000.0,3000.0,3000.0,3000.0,3000.0,3000.0,3000.0,3000.0,3000.0,3000.0,3000.0,3000.0,3000.0,3000.0,3000.0,3000.0,3000.0,3000.0,3000.0,3000.0,3000.0,3000.0,3000.0,3000.0,3000.0,3000.0,3000.0,3000.0,3000.0,3000.0,3000.0,3000.0,3000.0,3000.0,3000.0,3000.0,1300.3742948270028,1374.4667908026474,1492.8759975409969,3000.0,3000.0,3000.0,3000.0,3000.0,1300.3742948270028,1374.4667908026474,1492.8759975409969,3000.0,3000.0,3000.0,3000.0,3000.0,1300.3742948270028,1374.4667908026474,1492.8759975409969,3000.0,3000.0,3000.0,3000.0,3000.0,1300.3742948270028,1374.4667908026474,1492.8759975409969,3000.0,3000.0,3000.0,3000.0,3000.0,1300.3742948270028,1374.4667908026474,1492.8759975409969,3000.0,3000.0,3000.0,3000.0,3000.0,1300.3742948270028,1374.4667908026474,1492.8759975409969,3000.0,3000.0,3000.0,3000.0,3000.0,1300.3742948270028,1374.4667908026474,1492.8759975409969,3000.0,3000.0,3000.0,3000.0,3000.0,1300.3742948270028,1374.4667908026474,1492.8759975409969,3000.0,3000.0,3000.0,3000.0,3000.0,3000.0,1534.0457018004286,1401.1321364564135,1316.4771781750094,1268.1839461491397,1250.248708511741,1260.5802858571576,1300.3742948270026,3000.0,1534.0457018004286,1401.1321364564135,1316.4771781750094,1268.1839461491397,1250.248708511741,1260.5802858571576,1300.3742948270026,3000.0,1534.0457018004286,1401.1321364564135,1316.4771781750094,1268.1839461491397,1250.248708511741,1260.5802858571576,1300.3742948270026,3000.0,1534.0457018004286,1401.1321364564135,1316.4771781750094,1268.1839461491397,1250.248708511741,1260.5802858571576,1300.3742948270026,3000.0,1534.0457018004286,1401.1321364564135,1316.4771781750094,1268.1839461491397,1250.248708511741,1260.5802858571576,1300.3742948270026,3000.0,1534.0457018004286,1401.1321364564135,1316.4771781750094,1268.1839461491397,1250.248708511741,1260.5802858571576,1300.3742948270026,3000.0,1534.0457018004286,1401.1321364564135,1316.4771781750094,1268.1839461491397,1250.248708511741,1260.5802858571576,1300.3742948270026,3000.0,1534.0457018004286,1401.1321364564135,1316.4771781750094,1268.1839461491397,1250.248708511741,1260.5802858571576,1300.3742948270026,3000.0,3000.0,3000.0,3000.0,3000.0,3000.0,3000.0,3000.0,3000.0,3000.0,3000.0,3000.0,3000.0,3000.0,3000.0,3000.0,3000.0,3000.0,3000.0,3000.0,3000.0,3000.0,3000.0,3000.0,3000.0,3000.0,3000.0,3000.0,3000.0,3000.0,3000.0,3000.0,3000.0,3000.0,3000.0,3000.0,3000.0,3000.0,3000.0,3000.0,3000.0,3000.0,3000.0,3000.0,3000.0,3000.0,3000.0,3000.0,3000.0,3000.0,3000.0,3000.0,3000.0,3000.0,3000.0,3000.0,3000.0,3000.0,3000.0,3000.0,3000.0,3000.0,3000.0,3000.0,3000.0,3000.0,3000.0,3000.0,3000.0,3000.0,3000.0,3000.0,3000.0,3000.0,3000.0,3000.0,3000.0,3000.0,3000.0,3000.0,3000.0,3000.0,3000.0,3000.0,3000.0,3000.0,3000.0,3000.0,3000.0,3000.0,3000.0,3000.0,3000.0,3000.0,3000.0,3000.0,3000.0,3000.0,3000.0,3000.0,3000.0,3000.0,3000.0,3000.0,3000.0,3000.0,3000.0,3000.0,3000.0,3000.0,3000.0,3000.0,3000.0,3000.0,3000.0,3000.0,3000.0,3000.0,3000.0,3000.0,3000.0,3000.0,3000.0,3000.0,3000.0,3000.0,3000.0,3000.0,3000.0,3000.0,3000.0,3000.0,3000.0,3000.0,3000.0,3000.0,3000.0,3000.0,3000.0,3000.0,3000.0,3000.0,3000.0,3000.0,3000.0,3000.0,3000.0,3000.0,3000.0,3000.0,3000.0,3000.0,3000.0,3000.0,3000.0,3000.0,3000.0,3000.0,3000.0,3000.0,3000.0,3000.0,3000.0,3000.0,3000.0,3000.0,3000.0,3000.0,3000.0,3000.0,3000.0,3000.0,3000.0,3000.0,3000.0,3000.0,3000.0,3000.0,3000.0,3000.0,3000.0,3000.0,3000.0,3000.0,3000.0,3000.0,3000.0,3000.0,3000.0,3000.0,3000.0,3000.0
4333,3000.0,3000.0,3000.0,3000.0,3000.0,3000.0,3000.0,3000.0,3000.0,3000.0,3000.0,3000.0,3000.0,3000.0,3000.0,3000.0,3000.0,3000.0,3000.0,3000.0,3000.0,3000.0,3000.0,3000.0,3000.0,3000.0,3000.0,3000.0,3000.0,3000.0,3000.0,3000.0,3000.0,3000.0,3000.0,3000.0,3000.0,3000.0,3000.0,3000.0,3000.0,3000.0,3000.0,3000.0,3000.0,3000.0,3000.0,3000.0,3000.0,3000.0,3000.0,3000.0,3000.0,3000.0,3000.0,3000.0,3000.0,3000.0,3000.0,3000.0,3000.0,3000.0,3000.0,3000.0,1330.2222155948903,1423.3310111058295,1568.1207185425073,3000.0,3000.0,3000.0,3000.0,3000.0,1330.2222155948903,1423.3310111058295,1568.1207185425073,3000.0,3000.0,3000.0,3000.0,3000.0,1330.2222155948903,1423.3310111058295,1568.1207185425073,3000.0,3000.0,3000.0,3000.0,3000.0,1330.2222155948903,1423.3310111058295,1568.1207185425073,3000.0,3000.0,3000.0,3000.0,3000.0,1330.2222155948903,1423.3310111058295,1568.1207185425073,3000.0,3000.0,3000.0,3000.0,3000.0,1330.2222155948903,1423.3310111058295,1568.1207185425073,3000.0,3000.0,3000.0,3000.0,3000.0,1330.2222155948903,1423.3310111058295,1568.1207185425073,3000.0,3000.0,3000.0,3000.0,3000.0,1330.2222155948903,1423.3310111058295,1568.1207185425073,3000.0,3000.0,3000.0,3000.0,3000.0,3000.0,1464.9166268002634,1356.5190114487673,1289.8868003232878,1256.2425514336148,1251.5557824364819,1275.2857435773587,1330.22221559489,3000.0,1464.9166268002634,1356.5190114487673,1289.8868003232878,1256.2425514336148,1251.5557824364819,1275.2857435773587,1330.22221559489,3000.0,1464.9166268002634,1356.5190114487673,1289.8868003232878,1256.2425514336148,1251.5557824364819,1275.2857435773587,1330.22221559489,3000.0,1464.9166268002634,1356.5190114487673,1289.8868003232878,1256.2425514336148,1251.5557824364819,1275.2857435773587,1330.22221559489,3000.0,1464.9166268002634,1356.5190114487673,1289.8868003232878,1256.2425514336148,1251.5557824364819,1275.2857435773587,1330.22221559489,3000.0,1464.9166268002634,1356.5190114487673,1289.8868003232878,1256.2425514336148,1251.5557824364819,1275.2857435773587,1330.22221559489,3000.0,1464.9166268002634,1356.5190114487673,1289.8868003232878,1256.2425514336148,1251.5557824364819,1275.2857435773587,1330.22221559489,3000.0,1464.9166268002634,1356.5190114487673,1289.8868003232878,1256.2425514336148,1251.5557824364819,1275.2857435773587,1330.22221559489,3000.0,3000.0,3000.0,3000.0,3000.0,3000.0,3000.0,3000.0,3000.0,3000.0,3000.0,3000.0,3000.0,3000.0,3000.0,3000.0,3000.0,3000.0,3000.0,3000.0,3000.0,3000.0,3000.0,3000.0,3000.0,3000.0,3000.0,3000.0,3000.0,3000.0,3000.0,3000.0,3000.0,3000.0,3000.0,3000.0,3000.0,3000.0,3000.0,3000.0,3000.0,3000.0,3000.0,3000.0,3000.0,3000.0,3000.0,3000.0,3000.0,3000.0,3000.0,3000.0,3000.0,3000.0,3000.0,3000.0,3000.0,3000.0,3000.0,3000.0,3000.0,3000.0,3000.0,3000.0,3000.0,3000.0,3000.0,3000.0,3000.0,3000.0,3000.0,3000.0,3000.0,3000.0,3000.0,3000.0,3000.0,3000.0,3000.0,3000.0,3000.0,3000.0,3000.0,3000.0,3000.0,3000.0,3000.0,3000.0,3000.0,3000.0,3000.0,3000.0,3000.0,3000.0,3000.0,3000.0,3000.0,3000.0,3000.0,3000.0,3000.0,3000.0,3000.0,3000.0,3000.0,3000.0,3000.0,3000.0,3000.0,3000.0,3000.0,3000.0,3000.0,3000.0,3000.0,3000.0,3000.0,3000.0,3000.0,3000.0,3000.0,3000.0,3000.0,3000.0,3000.0,3000.0,3000.0,3000.0,3000.0,3000.0,3000.0,3000.0,3000.0,3000.0,3000.0,3000.0,3000.0,3000.0,3000.0,3000.0,3000.0,3000.0,3000.0,3000.0,3000.0,3000.0,3000.0,3000.0,3000.0,3000.0,3000.0,3000.0,3000.0,3000.0,3000.0,3000.0,3000.0,3000.0,3000.0,3000.0,3000.0,3000.0,3000.0,3000.0,3000.0,3000.0,3000.0,3000.0,3000.0,3000.0,3000.0,3000.0,3000.0,3000.0,3000.0,3000.0,3000.0,3000.0,3000.0,3000.0,3000.0,3000.0,3000.0,3000.0,3000.0,3000.0,3000.0,3000.0,3000.0,3000.0,3000.0,3000.0
4400,3000.0,3000.0,3000.0,3000.0,3000.0,3000.0,3000.0,3000.0,3000.0,3000.0,3000.0,3000.0,3000.0,3000.0,3000.0,3000.0,3000.0,3000.0,3000.0,3000.0,3000.0,3000.0,3000.0,3000.0,3000.0,3000.0,3000.0,3000.0,3000.0,3000.0,3000.0,3000.0,3000.0,3000.0,3000.0,3000.0,3000.0,3000.0,3000.0,3000.0,3000.0,3000.0,3000.0,3000.0,3000.0,3000.0,3000.0,3000.0,3000.0,3000.0,3000.0,3000.0,3000.0,3000.0,3000.0,3000.0,3000.0,3000.0,3000.0,3000.0,3000.0,3000.0,3000.0,3000.0,1368.2953481325585,1483.2905093477814,3000.0,3000.0,3000.0,3000.0,3000.0,3000.0,1368.2953481325585,1483.2905093477814,3000.0,3000.0,3000.0,3000.0,3000.0,3000.0,1368.2953481325585,1483.2905093477814,3000.0,3000.0,3000.0,3000.0,3000.0,3000.0,1368.2953481325585,1483.2905093477814,3000.0,3000.0,3000.0,3000.0,3000.0,3000.0,1368.2953481325585,1483.2905093477814,3000.0,3000.0,3000.0,3000.0,3000.0,3000.0,1368.2953481325585,1483.2905093477814,3000.0,3000.0,3000.0,3000.0,3000.0,3000.0,1368.2953481325585,1483.2905093477814,3000.0,3000.0,3000.0,3000.0,3000.0,3000.0,1368.2953481325585,1483.2905093477814,3000.0,3000.0,3000.0,3000.0,3000.0,3000.0,1545.0849718747365,1408.314571374448,1320.8959408758724,1270.416109531093,1250.5597101538165,1259.0057609440844,1296.7304560858972,1368.2953481325585,1545.0849718747365,1408.314571374448,1320.8959408758724,1270.416109531093,1250.5597101538165,1259.0057609440844,1296.7304560858972,1368.2953481325585,1545.0849718747365,1408.314571374448,1320.8959408758724,1270.416109531093,1250.5597101538165,1259.0057609440844,1296.7304560858972,1368.2953481325585,1545.0849718747365,1408.314571374448,1320.8959408758724,1270.416109531093,1250.5597101538165,1259.0057609440844,1296.7304560858972,1368.2953481325585,1545.0849718747365,1408.314571374448,1320.8959408758724,1270.416109531093,1250.5597101538165,1259.0057609440844,1296.7304560858972,1368.2953481325585,1545.0849718747365,1408.314571374448,1320.8959408758724,1270.416109531093,1250.5597101538165,1259.0057609440844,1296.7304560858972,1368.2953481325585,1545.0849718747365,1408.314571374448,1320.8959408758724,1270.416109531093,1250.5597101538165,1259.0057609440844,1296.7304560858972,1368.2953481325585,1545.0849718747365,1408.314571374448,1320.8959408758724,1270.416109531093,1250.5597101538165,1259.0057609440844,1296.7304560858972,1368.2953481325585,3000.0,3000.0,3000.0,3000.0,3000.0,3000.0,3000.0,3000.0,3000.0,3000.0,3000.0,3000.0,3000.0,3000.0,3000.0,3000.0,3000.0,3000.0,3000.0,3000.0,3000.0,3000.0,3000.0,3000.0,3000.0,3000.0,3000.0,3000.0,3000.0,3000.0,3000.0,3000.0,3000.0,3000.0,3000.0,3000.0,3000.0,3000.0,3000.0,3000.0,3000.0,3000.0,3000.0,3000.0,3000.0,3000.0,3000.0,3000.0,3000.0,3000.0,3000.0,3000.0,3000.0,3000.0,3000.0,3000.0,3000.0,3000.0,3000.0,3000.0,3000.0,3000.0,3000.0,3000.0,3000.0,3000.0,3000.0,3000.0,3000.0,3000.0,3000.0,1545.084971874737,3000.0,3000.0,3000.0,3000.0,3000.0,3000.0,3000.0,1545.084971874737,3000.0,3000.0,3000.0,3000.0,3000.0,3000.0,3000.0,1545.084971874737,3000.0,3000.0,3000.0,3000.0,3000.0,3000.0,3000.0,1545.084971874737,3000.0,3000.0,3000.0,3000.0,3000.0,3000.0,3000.0,1545.084971874737,3000.0,3000.0,3000.0,3000.0,3000.0,3000.0,3000.0,1545.084971874737,3000.0,3000.0,3000.0,3000.0,3000.0,3000.0,3000.0,1545.084971874737,3000.0,3000.0,3000.0,3000.0,3000.0,3000.0,3000.0,1545.084971874737,3000.0,3000.0,3000.0,3000.0,3000.0,3000.0,3000.0,3000.0,3000.0,3000.0,3000.0,3000.0,3000.0,3000.0,3000.0,3000.0,3000.0,3000.0,3000.0,3000.0,3000.0,3000.0,3000.0,3000.0,3000.0,3000.0,3000.0,3000.0,3000.0,3000.0,3000.0,3000.0,3000.0,3000.0,3000.0,3000.0,3000.0,3000.0,3000.0,3000.0,3000.0,3000.0,3000.0,3000.0,3000.0,3000.0,3000.0,3000.0,3000.0,3000.0,3000.0,3000.0,3000.0,3000.0,3000.0,3000.0,3000.0,3000.0,3000.0,3000.0,3000.0,3000.0,3000.0,3000.0
4467,3000.0,3000.0,3000.0,3000.0,3000.0,3000.0,3000.0,3000.0,3000.0,3000.0,3000.0,3000.0,3000.0,3000.0,3000.0,3000.0,3000.0,3000.0,3000.0,3000.0,3000.0,3000.0,3000.0,3000.0,3000.0,3000.0,3000.0,3000.0,3000.0,3000.0,3000.0,3000.0,3000.0,3000.0,3000.0,3000.0,3000.0,3000.0,3000.0,3000.0,3000.0,3000.0,3000.0,3000.0,3000.0,3000.0,3000.0,3000.0,3000.0,3000.0,3000.0,3000.0,3000.0,3000.0,3000.0,3000.0,3000.0,3000.0,3000.0,3000.0,3000.0,3000.0,3000.0,3000.0,1415.712563361299,1556.4402098950743,3000.0,3000.0,3000.0,3000.0,3000.0,3000.0,1415.712563361299,1556.4402098950743,3000.0,3000.0,3000.0,3000.0,3000.0,3000.0,1415.712563361299,1556.4402098950743,3000.0,3000.0,3000.0,3000.0,3000.0,3000.0,1415.712563361299,1556.4402098950743,3000.0,3000.0,3000.0,3000.0,3000.0,3000.0,1415.712563361299,1556.4402098950743,3000.0,3000.0,3000.0,3000.0,3000.0,3000.0,1415.712563361299,1556.4402098950743,3000.0,3000.0,3000.0,3000.0,3000.0,3000.0,1415.712563361299,1556.4402098950743,3000.0,3000.0,3000.0,3000.0,3000.0,3000.0,1415.712563361299,1556.4402098950743,3000.0,3000.0,3000.0,3000.0,3000.0,3000.0,1473.9730042026204,1362.3139764084053,1293.235255029051,1257.560092979011,1250.9953291307672,1272.7829665104955,1325.476750677326,1415.712563361299,1473.9730042026204,1362.3139764084053,1293.235255029051,1257.560092979011,1250.9953291307672,1272.7829665104955,1325.476750677326,1415.712563361299,1473.9730042026204,1362.3139764084053,1293.235255029051,1257.560092979011,1250.9953291307672,1272.7829665104955,1325.476750677326,1415.712563361299,1473.9730042026204,1362.3139764084053,1293.235255029051,1257.560092979011,1250.9953291307672,1272.7829665104955,1325.476750677326,1415.712563361299,1473.9730042026204,1362.3139764084053,1293.235255029051,1257.560092979011,1250.9953291307672,1272.7829665104955,1325.476750677326,1415.712563361299,1473.9730042026204,1362.3139764084053,1293.235255029051,1257.560092979011,1250.9953291307672,1272.7829665104955,1325.476750677326,1415.712563361299,1473.9730042026204,1362.3139764084053,1293.235255029051,1257.560092979011,1250.9953291307672,1272.7829665104955,1325.476750677326,1415.712563361299,1473.9730042026204,1362.3139764084053,1293.235255029051,1257.560092979011,1250.9953291307672,1272.7829665104955,1325.476750677326,1415.712563361299,3000.0,3000.0,3000.0,3000.0,3000.0,3000.0,3000.0,3000.0,3000.0,3000.0,3000.0,3000.0,3000.0,3000.0,3000.0,3000.0,3000.0,3000.0,3000.0,3000.0,3000.0,3000.0,3000.0,3000.0,3000.0,3000.0,3000.0,3000.0,3000.0,3000.0,3000.0,3000.0,3000.0,3000.0,3000.0,3000.0,3000.0,3000.0,3000.0,3000.0,3000.0,3000.0,3000.0,3000.0,3000.0,3000.0,3000.0,3000.0,3000.0,3000.0,3000.0,3000.0,3000.0,3000.0,3000.0,3000.0,3000.0,3000.0,3000.0,3000.0,3000.0,3000.0,3000.0,3000.0,3000.0,3000.0,3000.0,3000.0,3000.0,3000.0,3000.0,1473.9730042026204,3000.0,3000.0,3000.0,3000.0,3000.0,3000.0,3000.0,1473.9730042026204,3000.0,3000.0,3000.0,3000.0,3000.0,3000.0,3000.0,1473.9730042026204,3000.0,3000.0,3000.0,3000.0,3000.0,3000.0,3000.0,1473.9730042026204,3000.0,3000.0,3000.0,3000.0,3000.0,3000.0,3000.0,1473.9730042026204,3000.0,3000.0,3000.0,3000.0,3000.0,3000.0,3000.0,1473.9730042026204,3000.0,3000.0,3000.0,3000.0,3000.0,3000.0,3000.0,1473.9730042026204,3000.0,3000.0,3000.0,3000.0,3000.0,3000.0,3000.0,1473.9730042026204,3000.0,3000.0,3000.0,3000.0,3000.0,3000.0,3000.0,3000.0,3000.0,3000.0,3000.0,3000.0,3000.0,3000.0,3000.0,3000.0,3000.0,3000.0,3000.0,3000.0,3000.0,3000.0,3000.0,3000.0,3000.0,3000.0,3000.0,3000.0,3000.0,3000.0,3000.0,3000.0,3000.0,3000.0,3000.0,3000.0,3000.0,3000.0,3000.0,3000.0,3000.0,3000.0,3000.0,3000.0,3000.0,3000.0,3000.0,3000.0,3000.0,3000.0,3000.0,3000.0,3000.0,3000.0,3000.0,3000.0,3000.0,3000.0,3000.0,3000.0,3000.0,3000.0,3000.0,3000.0
4533,3000.0,3000.0,3000.0,3000.0,3000.0,3000.0,3000.0,3000.0,3000.0,3000.0,3000.0,3000.0,3000.0,3000.0,3000.0,3000.0,3000.0,3000.0,3000.0,3000.0,3000.0,3000.0,3000.0,3000.0,3000.0,3000.0,3000.0,3000.0,3000.0,3000.0,3000.0,3000.0,3000.0,3000.0,3000.0,3000.0,3000.0,3000.0,3000.0,3000.0,3000.0,3000.0,3000.0,3000.0,3000.0,3000.0,3000.0,3000.0,3000.0,3000.0,3000.0,3000.0,3000.0,3000.0,3000.0,3000.0,3000.0,3000.0,3000.0,3000.0,3000.0,3000.0,3000.0,3000.0,1473.9730042026204,3000.0,3000.0,3000.0,3000.0,3000.0,3000.0,3000.0,1473.9730042026204,3000.0,3000.0,3000.0,3000.0,3000.0,3000.0,3000.0,1473.9730042026204,3000.0,3000.0,3000.0,3000.0,3000.0,3000.0,3000.0,1473.9730042026204,3000.0,3000.0,3000.0,3000.0,3000.0,3000.0,3000.0,1473.9730042026204,3000.0,3000.0,3000.0,3000.0,3000.0,3000.0,3000.0,1473.9730042026204,3000.0,3000.0,3000.0,3000.0,3000.0,3000.0,3000.0,1473.9730042026204,3000.0,3000.0,3000.0,3000.0,3000.0,3000.0,3000.0,1473.9730042026204,3000.0,3000.0,3000.0,3000.0,3000.0,3000.0,3000.0,1415.712563361299,1325.4767506773262,1272.7829665104955,1250.9953291307672,1257.560092979011,1293.235255029051,1362.3139764084053,1473.9730042026204,1415.712563361299,1325.4767506773262,1272.7829665104955,1250.9953291307672,1257.560092979011,1293.235255029051,1362.3139764084053,1473.9730042026204,1415.712563361299,1325.4767506773262,1272.7829665104955,1250.9953291307672,1257.560092979011,1293.235255029051,1362.3139764084053,1473.9730042026204,1415.712563361299,1325.4767506773262,1272.7829665104955,1250.9953291307672,1257.560092979011,1293.235255029051,1362.3139764084053,1473.9730042026204,1415.712563361299,1325.4767506773262,1272.7829665104955,1250.9953291307672,1257.560092979011,1293.235255029051,1362.3139764084053,1473.9730042026204,1415.712563361299,1325.4767506773262,1272.7829665104955,1250.9953291307672,1257.560092979011,1293.235255029051,1362.3139764084053,1473.9730042026204,1415.712563361299,1325.4767506773262,1272.7829665104955,1250.9953291307672,1257.560092979011,1293.235255029051,1362.3139764084053,1473.9730042026204,1415.712563361299,1325.4767506773262,1272.7829665104955,1250.9953291307672,1257.560092979011,1293.235255029051,1362.3139764084053,1473.9730042026204,3000.0,3000.0,3000.0,3000.0,3000.0,3000.0,3000.0,3000.0,3000.0,3000.0,3000.0,3000.0,3000.0,3000.0,3000.0,3000.0,3000.0,3000.0,3000.0,3000.0,3000.0,3000.0,3000.0,3000.0,3000.0,3000.0,3000.0,3000.0,3000.0,3000.0,3000.0,3000.0,3000.0,3000.0,3000.0,3000.0,3000.0,3000.0,3000.0,3000.0,3000.0,3000.0,3000.0,3000.0,3000.0,3000.0,3000.0,3000.0,3000.0,3000.0,3000.0,3000.0,3000.0,3000.0,3000.0,3000.0,3000.0,3000.0,3000.0,3000.0,3000.0,3000.0,3000.0,3000.0,3000.0,3000.0,3000.0,3000.0,3000.0,3000.0,1556.4402098950748,1415.7125633612993,3000.0,3000.0,3000.0,3000.0,3000.0,3000.0,1556.4402098950748,1415.7125633612993,3000.0,3000.0,3000.0,3000.0,3000.0,3000.0,1556.4402098950748,1415.7125633612993,3000.0,3000.0,3000.0,3000.0,3000.0,3000.0,1556.4402098950748,1415.7125633612993,3000.0,3000.0,3000.0,3000.0,3000.0,3000.0,1556.4402098950748,1415.7125633612993,3000.0,3000.0,3000.0,3000.0,3000.0,3000.0,1556.4402098950748,1415.7125633612993,3000.0,3000.0,3000.0,3000.0,3000.0,3000.0,1556.4402098950748,1415.7125633612993,3000.0,3000.0,3000.0,3000.0,3000.0,3000.0,1556.4402098950748,1415.7125633612993,3000.0,3000.0,3000.0,3000.0,3000.0,3000.0,3000.0,3000.0,3000.0,3000.0,3000.0,3000.0,3000.0,3000.0,3000.0,3000.0,3000.0,3000.0,3000.0,3000.0,3000.0,3000.0,3000.0,3000.0,3000.0,3000.0,3000.0,3000.0,3000.0,3000.0,3000.0,3000.0,3000.0,3000.0,3000.0,3000.0,3000.0,3000.0,3000.0,3000.0,3000.0,3000.0,3000.0,3000.0,3000.0,3000.0,3000.0,3000.0,3000.0,3000.0,3000.0,3000.0,3000.0,3000.0,3000.0,3000.0,3000.0,3000.0,3000.0,3000.0,3000.0,3000.0,3000.0,3000.0
4600,3000.0,3000.0,3000.0,3000.0,3000.0,3000.0,3000.0,3000.0,3000.0,3000.0,3000.0,3000.0,3000.0,3000.0,3000.0,3000.0,3000.0,3000.0,3000.0,3000.0,3000.0,3000.0,3000.0,3000.0,3000.0,3000.0,3000.0,3000.0,3000.0,3000.0,3000.0,3000.0,3000.0,3000.0,3000.0,3000.0,3000.0,3000.0,3000.0,3000.0,3000.0,3000.0,3000.0,3000.0,3000.0,3000.0,3000.0,3000.0,3000.0,3000.0,3000.0,3000.0,3000.0,3000.0,3000.0,3000.0,3000.0,3000.0,3000.0,3000.0,3000.0,3000.0,3000.0,3000.0,1545.084971874737,3000.0,3000.0,3000.0,3000.0,3000.0,3000.0,3000.0,1545.084971874737,3000.0,3000.0,3000.0,3000.0,3000.0,3000.0,3000.0,1545.084971874737,3000.0,3000.0,3000.0,3000.0,3000.0,3000.0,3000.0,1545.084971874737,3000.0,3000.0,3000.0,3000.0,3000.0,3000.0,3000.0,1545.084971874737,3000.0,3000.0,3000.0,3000.0,3000.0,3000.0,3000.0,1545.084971874737,3000.0,3000.0,3000.0,3000.0,3000.0,3000.0,3000.0,1545.084971874737,3000.0,3000.0,3000.0,3000.0,3000.0,3000.0,3000.0,1545.084971874737,3000.0,3000.0,3000.0,3000.0,3000.0,3000.0,3000.0,1368.2953481325585,1296.7304560858972,1259.0057609440844,1250.5597101538165,1270.416109531093,1320.8959408758724,1408.314571374448,1545.0849718747365,1368.2953481325585,1296.7304560858972,1259.0057609440844,1250.5597101538165,1270.416109531093,1320.8959408758724,1408.314571374448,1545.0849718747365,1368.2953481325585,1296.7304560858972,1259.0057609440844,1250.5597101538165,1270.416109531093,1320.8959408758724,1408.314571374448,1545.0849718747365,1368.2953481325585,1296.7304560858972,1259.0057609440844,1250.5597101538165,1270.416109531093,1320.8959408758724,1408.314571374448,1545.0849718747365,1368.2953481325585,1296.7304560858972,1259.0057609440844,1250.5597101538165,1270.416109531093,1320.8959408758724,1408.314571374448,1545.0849718747365,1368.2953481325585,1296.7304560858972,1259.0057609440844,1250.5597101538165,1270.416109531093,1320.8959408758724,1408.314571374448,1545.0849718747365,1368.2953481325585,1296.7304560858972,1259.0057609440844,1250.5597101538165,1270.416109531093,1320.8959408758724,1408.314571374448,1545.0849718747365,1368.2953481325585,1296.7304560858972,1259.0057609440844,1250.5597101538165,1270.416109531093,1320.8959408758724,1408.314571374448,1545.0849718747365,3000.0,3000.0,3000.0,3000.0,3000.0,3000.0,3000.0,3000.0,3000.0,3000.0,3000.0,3000.0,3000.0,3000.0,3000.0,3000.0,3000.0,3000.0,3000.0,3000.0,3000.0,3000.0,3000.0,3000.0,3000.0,3000.0,3000.0,3000.0,3000.0,3000.0,3000.0,3000.0,3000.0,3000.0,3000.0,3000.0,3000.0,3000.0,3000.0,3000.0,3000.0,3000.0,3000.0,3000.0,3000.0,3000.0,3000.0,3000.0,3000.0,3000.0,3000.0,3000.0,3000.0,3000.0,3000.0,3000.0,3000.0,3000.0,3000.0,3000.0,3000.0,3000.0,3000.0,3000.0,3000.0,3000.0,3000.0,3000.0,3000.0,3000.0,1483.2905093477816,1368.2953481325585,3000.0,3000.0,3000.0,3000.0,3000.0,3000.0,1483.2905093477816,1368.2953481325585,3000.0,3000.0,3000.0,3000.0,3000.0,3000.0,1483.2905093477816,1368.2953481325585,3000.0,3000.0,3000.0,3000.0,3000.0,3000.0,1483.2905093477816,1368.2953481325585,3000.0,3000.0,3000.0,3000.0,3000.0,3000.0,1483.2905093477816,1368.2953481325585,3000.0,3000.0,3000.0,3000.0,3000.0,3000.0,1483.2905093477816,1368.2953481325585,3000.0,3000.0,3000.0,3000.0,3000.0,3000.0,1483.2905093477816,1368.2953481325585,3000.0,3000.0,3000.0,3000.0,3000.0,3000.0,1483.2905093477816,1368.2953481325585,3000.0,3000.0,3000.0,3000.0,3000.0,3000.0,3000.0,3000.0,3000.0,3000.0,3000.0,3000.0,3000.0,3000.0,3000.0,3000.0,3000.0,3000.0,3000.0,3000.0,3000.0,3000.0,3000.0,3000.0,3000.0,3000.0,3000.0,3000.0,3000.0,3000.0,3000.0,3000.0,3000.0,3000.0,3000.0,3000.0,3000.0,3000.0,3000.0,3000.0,3000.0,3000.0,3000.0,3000.0,3000.0,3000.0,3000.0,3000.0,3000.0,3000.0,3000.0,3000.0,3000.0,3000.0,3000.0,3000.0,3000.0,3000.0,3000.0,3000.0,3000.0,3000.0,3000.0,3000.0
4667,3000.0,3000.0,3000.0,3000.0,3000.0,3000.0,3000.0,3000.0,3000.0,3000.0,3000.0,3000.0,3000.0,3000.0,3000.0,3000.0,3000.0,3000.0,3000.0,3000.0,3000.0,3000.0,3000.0,3000.0,3000.0,3000.0,3000.0,3000.0,3000.0,3000.0,3000.0,3000.0,3000.0,3000.0,3000.0,3000.0,3000.0,3000.0,3000.0,3000.0,3000.0,3000.0,3000.0,3000.0,3000.0,3000.0,3000.0,3000.0,3000.0,3000.0,3000.0,3000.0,3000.0,3000.0,3000.0,3000.0,3000.0,3000.0,3000.0,3000.0,3000.0,3000.0,3000.0,3000.0,3000.0,3000.0,3000.0,3000.0,3000.0,3000.0,3000.0,3000.0,3000.0,3000.0,3000.0,3000.0,3000.0,3000.0,3000.0,3000.0,3000.0,3000.0,3000.0,3000.0,3000.0,3000.0,3000.0,3000.0,3000.0,3000.0,3000.0,3000.0,3000.0,3000.0,3000.0,3000.0,3000.0,3000.0,3000.0,3000.0,3000.0,3000.0,3000.0,3000.0,3000.0,3000.0,3000.0,3000.0,3000.0,3000.0,3000.0,3000.0,3000.0,3000.0,3000.0,3000.0,3000.0,3000.0,3000.0,3000.0,3000.0,3000.0,3000.0,3000.0,3000.0,3000.0,3000.0,3000.0,1330.22221559489,1275.2857435773587,1251.5557824364819,1256.2425514336148,1289.8868003232878,1356.5190114487673,1464.9166268002634,3000.0,1330.22221559489,1275.2857435773587,1251.5557824364819,1256.2425514336148,1289.8868003232878,1356.5190114487673,1464.9166268002634,3000.0,1330.22221559489,1275.2857435773587,1251.5557824364819,1256.2425514336148,1289.8868003232878,1356.5190114487673,1464.9166268002634,3000.0,1330.22221559489,1275.2857435773587,1251.5557824364819,1256.2425514336148,1289.8868003232878,1356.5190114487673,1464.9166268002634,3000.0,1330.22221559489,1275.2857435773587,1251.5557824364819,1256.2425514336148,1289.8868003232878,1356.5190114487673,1464.9166268002634,3000.0,1330.22221559489,1275.2857435773587,1251.5557824364819,1256.2425514336148,1289.8868003232878,1356.5190114487673,1464.9166268002634,3000.0,1330.22221559489,1275.2857435773587,1251.5557824364819,1256.2425514336148,1289.8868003232878,1356.5190114487673,1464.9166268002634,3000.0,1330.22221559489,1275.2857435773587,1251.5557824364819,1256.2425514336148,1289.8868003232878,1356.5190114487673,1464.9166268002634,3000.0,3000.0,3000.0,3000.0,3000.0,3000.0,3000.0,3000.0,3000.0,3000.0,3000.0,3000.0,3000.0,3000.0,3000.0,3000.0,3000.0,3000.0,3000.0,3000.0,3000.0,3000.0,3000.0,3000.0,3000.0,3000.0,3000.0,3000.0,3000.0,3000.0,3000.0,3000.0,3000.0,3000.0,3000.0,3000.0,3000.0,3000.0,3000.0,3000.0,3000.0,3000.0,3000.0,3000.0,3000.0,3000.0,3000.0,3000.0,3000.0,3000.0,3000.0,3000.0,3000.0,3000.0,3000.0,3000.0,3000.0,3000.0,3000.0,3000.0,3000.0,3000.0,3000.0,3000.0,3000.0,3000.0,3000.0,3000.0,3000.0,3000.0,1568.1207185425071,1423.3310111058295,1330.22221559489,3000.0,3000.0,3000.0,3000.0,3000.0,1568.1207185425071,1423.3310111058295,1330.22221559489,3000.0,3000.0,3000.0,3000.0,3000.0,1568.1207185425071,1423.3310111058295,1330.22221559489,3000.0,3000.0,3000.0,3000.0,3000.0,1568.1207185425071,1423.3310111058295,1330.22221559489,3000.0,3000.0,3000.0,3000.0,3000.0,1568.1207185425071,1423.3310111058295,1330.22221559489,3000.0,3000.0,3000.0,3000.0,3000.0,1568.1207185425071,1423.3310111058295,1330.22221559489,3000.0,3000.0,3000.0,3000.0,3000.0,1568.1207185425071,1423.3310111058295,1330.22221559489,3000.0,3000.0,3000.0,3000.0,3000.0,1568.1207185425071,1423.3310111058295,1330.22221559489,3000.0,3000.0,3000.0,3000.0,3000.0,3000.0,3000.0,3000.0,3000.0,3000.0,3000.0,3000.0,3000.0,3000.0,3000.0,3000.0,3000.0,3000.0,3000.0,3000.0,3000.0,3000.0,3000.0,3000.0,3000.0,3000.0,3000.0,3000.0,3000.0,3000.0,3000.0,3000.0,3000.0,3000.0,3000.0,3000.0,3000.0,3000.0,3000.0,3000.0,3000.0,3000.0,3000.0,3000.0,3000.0,3000.0,3000.0,3000.0,3000.0,3000.0,3000.0,3000.0,3000.0,3000.0,3000.0,3000.0,3000.0,3000.0,3000.0,3000.0,3000.0,3000.0,3000.0,3000.0
4733,3000.0,3000.0,3000.0,3000.0,3000.0,3000.0,3000.0,3000.0,3000.0,3000.0,3000.0,3000.0,3000.0,3000.0,3000.0,3000.0,3000.0,3000.0,3000.0,3000.0,3000.0,3000.0,3000.0,3000.0,3000.0,3000.0,3000.0,3000.0,3000.0,3000.0,3000.0,3000.0,3000.0,3000.0,3000.0,3000.0,3000.0,3000.0,3000.0,3000.0,3000.0,3000.0,3000.0,3000.0,3000.0,3000.0,3000.0,3000.0,3000.0,3000.0,3000.0,3000.0,3000.0,3000.0,3000.0,3000.0,3000.0,3000.0,3000.0,3000.0,3000.0,3000.0,3000.0,3000.0,3000.0,3000.0,3000.0,3000.0,3000.0,3000.0,3000.0,3000.0,3000.0,3000.0,3000.0,3000.0,3000.0,3000.0,3000.0,3000.0,3000.0,3000.0,3000.0,3000.0,3000.0,3000.0,3000.0,3000.0,3000.0,3000.0,3000.0,3000.0,3000.0,3000.0,3000.0,3000.0,3000.0,3000.0,3000.0,3000.0,3000.0,3000.0,3000.0,3000.0,3000.0,3000.0,3000.0,3000.0,3000.0,3000.0,3000.0,3000.0,3000.0,3000.0,3000.0,3000.0,3000.0,3000.0,3000.0,3000.0,3000.0,3000.0,3000.0,3000.0,3000.0,3000.0,3000.0,3000.0,1300.3742948270026,1260.5802858571576,1250.248708511741,1268.18394614914,1316.4771781750094,1401.1321364564137,1534.0457018004288,3000.0,1300.3742948270026,1260.5802858571576,1250.248708511741,1268.18394614914,1316.4771781750094,1401.1321364564137,1534.0457018004288,3000.0,1300.3742948270026,1260.5802858571576,1250.248708511741,1268.18394614914,1316.4771781750094,1401.1321364564137,1534.0457018004288,3000.0,1300.3742948270026,1260.5802858571576,1250.248708511741,1268.18394614914,1316.4771781750094,1401.1321364564137,1534.0457018004288,3000.0,1300.3742948270026,1260.5802858571576,1250.248708511741,1268.18394614914,1316.4771781750094,1401.1321364564137,1534.0457018004288,3000.0,1300.3742948270026,1260.5802858571576,1250.248708511741,1268.18394614914,1316.4771781750094,1401.1321364564137,1534.0457018004288,3000.0,1300.3742948270026,1260.5802858571576,1250.248708511741,1268.18394614914,1316.4771781750094,1401.1321364564137,1534.0457018004288,3000.0,1300.3742948270026,1260.5802858571576,1250.248708511741,1268.18394614914,1316.4771781750094,1401.1321364564137,1534.0457018004288,3000.0,3000.0,3000.0,3000.0,3000.0,3000.0,3000.0,3000.0,3000.0,3000.0,3000.0,3000.0,3000.0,3000.0,3000.0,3000.0,3000.0,3000.0,3000.0,3000.0,3000.0,3000.0,3000.0,3000.0,3000.0,3000.0,3000.0,3000.0,3000.0,3000.0,3000.0,3000.0,3000.0,3000.0,3000.0,3000.0,3000.0,3000.0,3000.0,3000.0,3000.0,3000.0,3000.0,3000.0,3000.0,3000.0,3000.0,3000.0,3000.0,3000.0,3000.0,3000.0,3000.0,3000.0,3000.0,3000.0,3000.0,3000.0,3000.0,3000.0,3000.0,3000.0,3000.0,3000.0,3000.0,3000.0,3000.0,3000.0,3000.0,3000.0,1492.8759975409967,1374.4667908026474,1300.3742948270026,3000.0,3000.0,3000.0,3000.0,3000.0,1492.8759975409967,1374.4667908026474,1300.3742948270026,3000.0,3000.0,3000.0,3000.0,3000.0,1492.8759975409967,1374.4667908026474,1300.3742948270026,3000.0,3000.0,3000.0,3000.0,3000.0,1492.8759975409967,1374.4667908026474,1300.3742948270026,3000.0,3000.0,3000.0,3000.0,3000.0,1492.8759975409967,1374.4667908026474,1300.3742948270026,3000.0,3000.0,3000.0,3000.0,3000.0,1492.8759975409967,1374.4667908026474,1300.3742948270026,3000.0,3000.0,3000.0,3000.0,3000.0,1492.8759975409967,1374.4667908026474,1300.3742948270026,3000.0,3000.0,3000.0,3000.0,3000.0,1492.8759975409967,1374.4667908026474,1300.3742948270026,3000.0,3000.0,3000.0,3000.0,3000.0,3000.0,3000.0,3000.0,3000.0,3000.0,3000.0,3000.0,3000.0,3000.0,3000.0,3000.0,3000.0,3000.0,3000.0,3000.0,3000.0,3000.0,3000.0,3000.0,3000.0,3000.0,3000.0,3000.0,3000.0,3000.0,3000.0,3000.0,3000.0,3000.0,3000.0,3000.0,3000.0,3000.0,3000.0,3000.0,3000.0,3000.0,3000.0,3000.0,3000.0,3000.0,3000.0,3000.0,3000.0,3000.0,3000.0,3000.0,3000.0,3000.0,3000.0,3000.0,3000.0,3000.0,3000.0,3000.0,3000.0,3000.0,3000.0,3000.0
4800,3000.0,3000.0,3000.0,3000.0,3000.0,3000.0,3000.0,3000.0,3000.0,3000.0,3000.0,3000.0,3000.0,3000.0,3000.0,3000.0,3000.0,3000.0,3000.0,3000.0,3000.0,3000.0,3000.0,3000.0,3000.0,3000.0,3000.0,3000.0,3000.0,3000.0,3000.0,3000.0,3000.0,3000.0,3000.0,3000.0,3000.0,3000.0,3000.0,3000.0,3000.0,3000.0,3000.0,3000.0,3000.0,3000.0,3000.0,3000.0,3000.0,3000.0,3000.0,3000.0,3000.0,3000.0,3000.0,3000.0,3000.0,3000.0,3000.0,3000.0,3000.0,3000.0,3000.0,3000.0,3000.0,3000.0,3000.0,3000.0,3000.0,3000.0,3000.0,3000.0,3000.0,3000.0,3000.0,3000.0,3000.0,3000.0,3000.0,3000.0,3000.0,3000.0,3000.0,3000.0,3000.0,3000.0,3000.0,3000.0,3000.0,3000.0,3000.0,3000.0,3000.0,3000.0,3000.0,3000.0,3000.0,3000.0,3000.0,3000.0,3000.0,3000.0,3000.0,3000.0,3000.0,3000.0,3000.0,3000.0,3000.0,3000.0,3000.0,3000.0,3000.0,3000.0,3000.0,3000.0,3000.0,3000.0,3000.0,3000.0,3000.0,3000.0,3000.0,3000.0,3000.0,3000.0,3000.0,3000.0,1277.9257435812865,1252.2413495151084,1255.052472273923,1286.6832913660535,1350.906938787245,1456.1148076815036,3000.0,3000.0,1277.9257435812865,1252.2413495151084,1255.052472273923,1286.6832913660535,1350.906938787245,1456.1148076815036,3000.0,3000.0,1277.9257435812865,1252.2413495151084,1255.052472273923,1286.6832913660535,1350.906938787245,1456.1148076815036,3000.0,3000.0,1277.9257435812865,1252.2413495151084,1255.052472273923,1286.6832913660535,1350.906938787245,1456.1148076815036,3000.0,3000.0,1277.9257435812865,1252.2413495151084,1255.052472273923,1286.6832913660535,1350.906938787245,1456.1148076815036,3000.0,3000.0,1277.9257435812865,1252.2413495151084,1255.052472273923,1286.6832913660535,1350.906938787245,1456.1148076815036,3000.0,3000.0,1277.9257435812865,1252.2413495151084,1255.052472273923,1286.6832913660535,1350.906938787245,1456.1148076815036,3000.0,3000.0,1277.9257435812865,1252.2413495151084,1255.052472273923,1286.6832913660535,1350.906938787245,1456.1148076815036,3000.0,3000.0,3000.0,3000.0,3000.0,3000.0,3000.0,3000.0,3000.0,3000.0,3000.0,3000.0,3000.0,3000.0,3000.0,3000.0,3000.0,3000.0,3000.0,3000.0,3000.0,3000.0,3000.0,3000.0,3000.0,3000.0,3000.0,3000.0,3000.0,3000.0,3000.0,3000.0,3000.0,3000.0,3000.0,3000.0,3000.0,3000.0,3000.0,3000.0,3000.0,3000.0,3000.0,3000.0,3000.0,3000.0,3000.0,3000.0,3000.0,3000.0,3000.0,3000.0,3000.0,3000.0,3000.0,3000.0,3000.0,3000.0,3000.0,3000.0,3000.0,3000.0,3000.0,3000.0,3000.0,3000.0,3000.0,3000.0,3000.0,3000.0,1580.1362270115578,1431.1750211605288,1335.1350598016763,1277.9257435812867,3000.0,3000.0,3000.0,3000.0,1580.1362270115578,1431.1750211605288,1335.1350598016763,1277.9257435812867,3000.0,3000.0,3000.0,3000.0,1580.1362270115578,1431.1750211605288,1335.1350598016763,1277.9257435812867,3000.0,3000.0,3000.0,3000.0,1580.1362270115578,1431.1750211605288,1335.1350598016763,1277.9257435812867,3000.0,3000.0,3000.0,3000.0,1580.1362270115578,1431.1750211605288,1335.1350598016763,1277.9257435812867,3000.0,3000.0,3000.0,3000.0,1580.1362270115578,1431.1750211605288,1335.1350598016763,1277.9257435812867,3000.0,3000.0,3000.0,3000.0,1580.1362270115578,1431.1750211605288,1335.1350598016763,1277.9257435812867,3000.0,3000.0,3000.0,3000.0,1580.1362270115578,1431.1750211605288,1335.1350598016763,1277.9257435812867,3000.0,3000.0,3000.0,3000.0,3000.0,3000.0,3000.0,3000.0,3000.0,3000.0,3000.0,3000.0,3000.0,3000.0,3000.0,3000.0,3000.0,3000.0,3000.0,3000.0,3000.0,3000.0,3000.0,3000.0,3000.0,3000.0,3000.0,3000.0,3000.0,3000.0,3000.0,3000.0,3000.0,3000.0,3000.0,3000.0,3000.0,3000.0,3000.0,3000.0,3000.0,3000.0,3000.0,3000.0,3000.0,3000.0,3000.0,3000.0,3000.0,3000.0,3000.0,3000.0,3000.0,3000.0,3000.0,3000.0,3000.0,3000.0,3000.0,3000.0,3000.0,3000.0,3000.0,3000.0
4867,3000.0,3000.0,3000.0,3000.0,3000.0,3000.0,3000.0,3000.0,3000.0,3000.0,3000.0,3000.0,3000.0,3000.0,3000.0,3000.0,3000.0,3000.0,3000.0,3000.0,3000.0,3000.0,3000.0,3000.0,3000.0,3000.0,3000.0,3000.0,3000.0,3000.0,3000.0,3000.0,3000.0,3000.0,3000.0,3000.0,3000.0,3000.0,3000.0,3000.0,3000.0,3000.0,3000.0,3000.0,3000.0,3000.0,3000.0,3000.0,3000.0,3000.0,3000.0,3000.0,3000.0,3000.0,3000.0,3000.0,3000.0,3000.0,3000.0,3000.0,3000.0,3000.0,3000.0,3000.0,3000.0,3000.0,3000.0,3000.0,3000.0,3000.0,3000.0,3000.0,3000.0,3000.0,3000.0,3000.0,3000.0,3000.0,3000.0,3000.0,3000.0,3000.0,3000.0,3000.0,3000.0,3000.0,3000.0,3000.0,3000.0,3000.0,3000.0,3000.0,3000.0,3000.0,3000.0,3000.0,3000.0,3000.0,3000.0,3000.0,3000.0,3000.0,3000.0,3000.0,3000.0,3000.0,3000.0,3000.0,3000.0,3000.0,3000.0,3000.0,3000.0,3000.0,3000.0,3000.0,3000.0,3000.0,3000.0,3000.0,3000.0,3000.0,3000.0,3000.0,3000.0,3000.0,3000.0,3000.0,1262.2844656482728,1250.0621693969445,1266.0853246547981,1312.2179668881333,1394.1605590060449,1523.3135018131393,3000.0,3000.0,1262.2844656482728,1250.0621693969445,1266.0853246547981,1312.2179668881333,1394.1605590060449,1523.3135018131393,3000.0,3000.0,1262.2844656482728,1250.0621693969445,1266.0853246547981,1312.2179668881333,1394.1605590060449,1523.3135018131393,3000.0,3000.0,1262.2844656482728,1250.0621693969445,1266.0853246547981,1312.2179668881333,1394.1605590060449,1523.3135018131393,3000.0,3000.0,1262.2844656482728,1250.0621693969445,1266.0853246547981,1312.2179668881333,1394.1605590060449,1523.3135018131393,3000.0,3000.0,1262.2844656482728,1250.0621693969445,1266.0853246547981,1312.2179668881333,1394.1605590060449,1523.3135018131393,3000.0,3000.0,1262.2844656482728,1250.0621693969445,1266.0853246547981,1312.2179668881333,1394.1605590060449,1523.3135018131393,3000.0,3000.0,1262.2844656482728,1250.0621693969445,1266.0853246547981,1312.2179668881333,1394.1605590060449,1523.3135018131393,3000.0,3000.0,3000.0,3000.0,3000.0,3000.0,3000.0,3000.0,3000.0,3000.0,3000.0,3000.0,3000.0,3000.0,3000.0,3000.0,3000.0,3000.0,3000.0,3000.0,3000.0,3000.0,3000.0,3000.0,3000.0,3000.0,3000.0,3000.0,3000.0,3000.0,3000.0,3000.0,3000.0,3000.0,3000.0,3000.0,3000.0,3000.0,3000.0,3000.0,3000.0,3000.0,3000.0,3000.0,3000.0,3000.0,3000.0,3000.0,3000.0,3000.0,3000.0,3000.0,3000.0,3000.0,3000.0,3000.0,3000.0,3000.0,3000.0,3000.0,3000.0,3000.0,3000.0,3000.0,3000.0,3000.0,3000.0,3000.0,3000.0,3000.0,1502.736623955438,1380.8321242485183,1304.1687559050465,1262.2844656482728,3000.0,3000.0,3000.0,3000.0,1502.736623955438,1380.8321242485183,1304.1687559050465,1262.2844656482728,3000.0,3000.0,3000.0,3000.0,1502.736623955438,1380.8321242485183,1304.1687559050465,1262.2844656482728,3000.0,3000.0,3000.0,3000.0,1502.736623955438,1380.8321242485183,1304.1687559050465,1262.2844656482728,3000.0,3000.0,3000.0,3000.0,1502.736623955438,1380.8321242485183,1304.1687559050465,1262.2844656482728,3000.0,3000.0,3000.0,3000.0,1502.736623955438,1380.8321242485183,1304.1687559050465,1262.2844656482728,3000.0,3000.0,3000.0,3000.0,1502.736623955438,1380.8321242485183,1304.1687559050465,1262.2844656482728,3000.0,3000.0,3000.0,3000.0,1502.736623955438,1380.8321242485183,1304.1687559050465,1262.2844656482728,3000.0,3000.0,3000.0,3000.0,3000.0,3000.0,3000.0,3000.0,3000.0,3000.0,3000.0,3000.0,3000.0,3000.0,3000.0,3000.0,3000.0,3000.0,3000.0,3000.0,3000.0,3000.0,3000.0,3000.0,3000.0,3000.0,3000.0,3000.0,3000.0,3000.0,3000.0,3000.0,3000.0,3000.0,3000.0,3000.0,3000.0,3000.0,3000.0,3000.0,3000.0,3000.0,3000.0,3000.0,3000.0,3000.0,3000.0,3000.0,3000.0,3000.0,3000.0,3000.0,3000.0,3000.0,3000.0,3000.0,3000.0,3000.0,3000.0,3000.0,3000.0,3000.0,3000.0,3000.0
4933,3000.0,3000.0,3000.0,3000.0,3000.0,3000.0,3000.0,3000.0,3000.0,3000.0,3000.0,3000.0,3000.0,3000.0,3000.0,3000.0,3000.0,3000.0,3000.0,3000.0,3000.0,3000.0,3000.0,3000.0,3000.0,3000.0,3000.0,3000.0,3000.0,3000.0,3000.0,3000.0,3000.0,3000.0,3000.0,3000.0,3000.0,3000.0,3000.0,3000.0,3000.0,3000.0,3000.0,3000.0,3000.0,3000.0,3000.0,3000.0,3000.0,3000.0,3000.0,3000.0,3000.0,3000.0,3000.0,3000.0,3000.0,3000.0,3000.0,3000.0,3000.0,3000.0,3000.0,3000.0,3000.0,3000.0,3000.0,3000.0,3000.0,3000.0,3000.0,3000.0,3000.0,3000.0,3000.0,3000.0,3000.0,3000.0,3000.0,3000.0,3000.0,3000.0,3000.0,3000.0,3000.0,3000.0,3000.0,3000.0,3000.0,3000.0,3000.0,3000.0,3000.0,3000.0,3000.0,3000.0,3000.0,3000.0,3000.0,3000.0,3000.0,3000.0,3000.0,3000.0,3000.0,3000.0,3000.0,3000.0,3000.0,3000.0,3000.0,3000.0,3000.0,3000.0,3000.0,3000.0,3000.0,3000.0,3000.0,3000.0,3000.0,3000.0,3000.0,3000.0,3000.0,3000.0,3000.0,3000.0,1253.052372601465,1253.989257138668,1283.6230158422131,1345.4743880566043,1447.56125002993,3000.0,3000.0,3000.0,1253.052372601465,1253.989257138668,1283.6230158422131,1345.4743880566043,1447.56125002993,3000.0,3000.0,3000.0,1253.052372601465,1253.989257138668,1283.6230158422131,1345.4743880566043,1447.56125002993,3000.0,3000.0,3000.0,1253.052372601465,1253.989257138668,1283.6230158422131,1345.4743880566043,1447.56125002993,3000.0,3000.0,3000.0,1253.052372601465,1253.989257138668,1283.6230158422131,1345.4743880566043,1447.56125002993,3000.0,3000.0,3000.0,1253.052372601465,1253.989257138668,1283.6230158422131,1345.4743880566043,1447.56125002993,3000.0,3000.0,3000.0,1253.052372601465,1253.989257138668,1283.6230158422131,1345.4743880566043,1447.56125002993,3000.0,3000.0,3000.0,1253.052372601465,1253.989257138668,1283.6230158422131,1345.4743880566043,1447.56125002993,3000.0,3000.0,3000.0,3000.0,3000.0,3000.0,3000.0,3000.0,3000.0,3000.0,3000.0,3000.0,3000.0,3000.0,3000.0,3000.0,3000.0,3000.0,3000.0,3000.0,3000.0,3000.0,3000.0,3000.0,3000.0,3000.0,3000.0,3000.0,3000.0,3000.0,3000.0,3000.0,3000.0,3000.0,3000.0,3000.0,3000.0,3000.0,3000.0,3000.0,3000.0,3000.0,3000.0,3000.0,3000.0,3000.0,3000.0,3000.0,3000.0,3000.0,3000.0,3000.0,3000.0,3000.0,3000.0,3000.0,3000.0,3000.0,3000.0,3000.0,3000.0,3000.0,3000.0,3000.0,3000.0,3000.0,3000.0,3000.0,3000.0,3000.0,1592.4969141518163,1439.2499172334133,1340.2181276727044,1280.7043474201555,1253.0523726014653,3000.0,3000.0,3000.0,1592.4969141518163,1439.2499172334133,1340.2181276727044,1280.7043474201555,1253.0523726014653,3000.0,3000.0,3000.0,1592.4969141518163,1439.2499172334133,1340.2181276727044,1280.7043474201555,1253.0523726014653,3000.0,3000.0,3000.0,1592.4969141518163,1439.2499172334133,1340.2181276727044,1280.7043474201555,1253.0523726014653,3000.0,3000.0,3000.0,1592.4969141518163,1439.2499172334133,1340.2181276727044,1280.7043474201555,1253.0523726014653,3000.0,3000.0,3000.0,1592.4969141518163,1439.2499172334133,1340.2181276727044,1280.7043474201555,1253.0523726014653,3000.0,3000.0,3000.0,1592.4969141518163,1439.2499172334133,1340.2181276727044,1280.7043474201555,1253.0523726014653,3000.0,3000.0,3000.0,1592.4969141518163,1439.2499172334133,1340.2181276727044,1280.7043474201555,1253.0523726014653,3000.0,3000.0,3000.0,3000.0,3000.0,3000.0,3000.0,3000.0,3000.0,3000.0,3000.0,3000.0,3000.0,3000.0,3000.0,3000.0,3000.0,3000.0,3000.0,3000.0,3000.0,3000.0,3000.0,3000.0,3000.0,3000.0,3000.0,3000.0,3000.0,3000.0,3000.0,3000.0,3000.0,3000.0,3000.0,3000.0,3000.0,3000.0,3000.0,3000.0,3000.0,3000.0,3000.0,3000.0,3000.0,3000.0,3000.0,3000.0,3000.0,3000.0,3000.0,3000.0,3000.0,3000.0,3000.0,3000.0,3000.0,3000.0,3000.0,3000.0,3000.0,3000.0,3000.0,3000.0
5000,3000.0,3000.0,3000.0,3000.0,3000.0,3000.0,3000.0,3000.0,3000.0,3000.0,3000.0,3000.0,3000.0,3000.0,3000.0,3000.0,3000.0,3000.0,3000.0,3000.0,3000.0,3000.0,3000.0,3000.0,3000.0,3000.0,3000.0,3000.0,3000.0,3000.0,3000.0,3000.0,3000.0,3000.0,3000.0,3000.0,3000.0,3000.0,3000.0,3000.0,3000.0,3000.0,3000.0,3000.0,3000.0,3000.0,3000.0,3000.0,3000.0,3000.0,3000.0,3000.0,3000.0,3000.0,3000.0,3000.0,3000.0,3000.0,3000.0,3000.0,3000.0,3000.0,3000.0,3000.0,3000.0,3000.0,3000.0,3000.0,3000.0,3000.0,3000.0,3000.0,3000.0,3000.0,3000.0,3000.0,3000.0,3000.0,3000.0,3000.0,3000.0,3000.0,3000.0,3000.0,3000.0,3000.0,3000.0,3000.0,3000.0,3000.0,3000.0,3000.0,3000.0,3000.0,3000.0,3000.0,3000.0,3000.0,3000.0,3000.0,3000.0,3000.0,3000.0,3000.0,3000.0,3000.0,3000.0,3000.0,3000.0,3000.0,3000.0,3000.0,3000.0,3000.0,3000.0,3000.0,3000.0,3000.0,3000.0,3000.0,3000.0,3000.0,3000.0,3000.0,3000.0,3000.0,3000.0,3000.0,1250.0,1264.119166644397,1308.1159200335726,1387.395330218428,1512.8798585309887,3000.0,3000.0,3000.0,1250.0,1264.119166644397,1308.1159200335726,1387.395330218428,1512.8798585309887,3000.0,3000.0,3000.0,1250.0,1264.119166644397,1308.1159200335726,1387.395330218428,1512.8798585309887,3000.0,3000.0,3000.0,1250.0,1264.119166644397,1308.1159200335726,1387.395330218428,1512.8798585309887,3000.0,3000.0,3000.0,1250.0,1264.119166644397,1308.1159200335726,1387.395330218428,1512.8798585309887,3000.0,3000.0,3000.0,1250.0,1264.119166644397,1308.1159200335726,1387.395330218428,1512.8798585309887,3000.0,3000.0,3000.0,1250.0,1264.119166644397,1308.1159200335726,1387.395330218428,1512.8798585309887,3000.0,3000.0,3000.0,1250.0,1264.119166644397,1308.1159200335726,1387.395330218428,1512.8798585309887,3000.0,3000.0,3000.0,3000.0,3000.0,3000.0,3000.0,3000.0,3000.0,3000.0,3000.0,3000.0,3000.0,3000.0,3000.0,3000.0,3000.0,3000.0,3000.0,3000.0,3000.0,3000.0,3000.0,3000.0,3000.0,3000.0,3000.0,3000.0,3000.0,3000.0,3000.0,3000.0,3000.0,3000.0,3000.0,3000.0,3000.0,3000.0,3000.0,3000.0,3000.0,3000.0,3000.0,3000.0,3000.0,3000.0,3000.0,3000.0,3000.0,3000.0,3000.0,3000.0,3000.0,3000.0,3000.0,3000.0,3000.0,3000.0,3000.0,3000.0,3000.0,3000.0,3000.0,3000.0,3000.0,3000.0,3000.0,3000.0,3000.0,3000.0,1512.8798585309892,1387.3953302184282,1308.1159200335728,1264.119166644397,1250.0,3000.0,3000.0,3000.0,1512.8798585309892,1387.3953302184282,1308.1159200335728,1264.119166644397,1250.0,3000.0,3000.0,3000.0,1512.8798585309892,1387.3953302184282,1308.1159200335728,1264.119166644397,1250.0,3000.0,3000.0,3000.0,1512.8798585309892,1387.3953302184282,1308.1159200335728,1264.119166644397,1250.0,3000.0,3000.0,3000.0,1512.8798585309892,1387.3953302184282,1308.1159200335728,1264.119166644397,1250.0,3000.0,3000.0,3000.0,1512.8798585309892,1387.3953302184282,1308.1159200335728,1264.119166644397,1250.0,3000.0,3000.0,3000.0,1512.8798585309892,1387.3953302184282,1308.1159200335728,1264.119166644397,1250.0,3000.0,3000.0,3000.0,1512.8798585309892,1387.3953302184282,1308.1159200335728,1264.119166644397,1250.0,3000.0,3000.0,3000.0,3000.0,3000.0,3000.0,3000.0,3000.0,3000.0,3000.0,3000.0,3000.0,3000.0,3000.0,3000.0,3000.0,3000.0,3000.0,3000.0,3000.0,3000.0,3000.0,3000.0,3000.0,3000.0,3000.0,3000.0,3000.0,3000.0,3000.0,3000.0,3000.0,3000.0,3000.0,3000.0,3000.0,3000.0,3000.0,3000.0,3000.0,3000.0,3000.0,3000.0,3000.0,3000.0,3000.0,3000.0,3000.0,3000.0,3000.0,3000.0,3000.0,3000.0,3000.0,3000.0,3000.0,3000.0,3000.0,3000.0,3000.0,3000.0,3000.0,3000.0,3000.0
5067,3000.0,3000.0,3000.0,3000.0,3000.0,3000.0,3000.0,3000.0,3000.0,3000.0,3000.0,3000.0,3000.0,3000.0,3000.0,3000.0,3000.0,3000.0,3000.0,3000.0,3000.0,3000.0,3000.0,3000.0,3000.0,3000.0,3000.0,3000.0,3000.0,3000.0,3000.0,3000.0,3000.0,3000.0,3000.0,3000.0,3000.0,3000.0,3000.0,3000.0,3000.0,3000.0,3000.0,3000.0,3000.0,3000.0,3000.0,3000.0,3000.0,3000.0,3000.0,3000.0,3000.0,3000.0,3000.0,3000.0,3000.0,3000.0,3000.0,3000.0,3000.0,3000.0,3000.0,3000.0,3000.0,3000.0,3000.0,3000.0,3000.0,3000.0,3000.0,3000.0,3000.0,3000.0,3000.0,3000.0,3000.0,3000.0,3000.0,3000.0,3000.0,3000.0,3000.0,3000.0,3000.0,3000.0,3000.0,3000.0,3000.0,3000.0,3000.0,3000.0,3000.0,3000.0,3000.0,3000.0,3000.0,3000.0,3000.0,3000.0,3000.0,3000.0,3000.0,3000.0,3000.0,3000.0,3000.0,3000.0,3000.0,3000.0,3000.0,3000.0,3000.0,3000.0,3000.0,3000.0,3000.0,3000.0,3000.0,3000.0,3000.0,3000.0,3000.0,3000.0,3000.0,3000.0,3000.0,3000.0,1253.052372601465,1280.7043474201555,1340.2181276727044,1439.2499172334128,1592.4969141518156,3000.0,3000.0,3000.0,1253.052372601465,1280.7043474201555,1340.2181276727044,1439.2499172334128,1592.4969141518156,3000.0,3000.0,3000.0,1253.052372601465,1280.7043474201555,1340.2181276727044,1439.2499172334128,1592.4969141518156,3000.0,3000.0,3000.0,1253.052372601465,1280.7043474201555,1340.2181276727044,1439.2499172334128,1592.4969141518156,3000.0,3000.0,3000.0,1253.052372601465,1280.7043474201555,1340.2181276727044,1439.2499172334128,1592.4969141518156,3000.0,3000.0,3000.0,1253.052372601465,1280.7043474201555,1340.2181276727044,1439.2499172334128,1592.4969141518156,3000.0,3000.0,3000.0,1253.052372601465,1280.7043474201555,1340.2181276727044,1439.2499172334128,1592.4969141518156,3000.0,3000.0,3000.0,1253.052372601465,1280.7043474201555,1340.2181276727044,1439.2499172334128,1592.4969141518156,3000.0,3000.0,3000.0,3000.0,3000.0,3000.0,3000.0,3000.0,3000.0,3000.0,3000.0,3000.0,3000.0,3000.0,3000.0,3000.0,3000.0,3000.0,3000.0,3000.0,3000.0,3000.0,3000.0,3000.0,3000.0,3000.0,3000.0,3000.0,3000.0,3000.0,3000.0,3000.0,3000.0,3000.0,3000.0,3000.0,3000.0,3000.0,3000.0,3000.0,3000.0,3000.0,3000.0,3000.0,3000.0,3000.0,3000.0,3000.0,3000.0,3000.0,3000.0,3000.0,3000.0,3000.0,3000.0,3000.0,3000.0,3000.0,3000.0,3000.0,3000.0,3000.0,3000.0,3000.0,3000.0,3000.0,3000.0,3000.0,3000.0,3000.0,1447.5612500299308,1345.4743880566045,1283.6230158422131,1253.9892571386683,1253.052372601465,3000.0,3000.0,3000.0,1447.5612500299308,1345.4743880566045,1283.6230158422131,1253.9892571386683,1253.052372601465,3000.0,3000.0,3000.0,1447.5612500299308,1345.4743880566045,1283.6230158422131,1253.9892571386683,1253.052372601465,3000.0,3000.0,3000.0,1447.5612500299308,1345.4743880566045,1283.6230158422131,1253.9892571386683,1253.052372601465,3000.0,3000.0,3000.0,1447.5612500299308,1345.4743880566045,1283.6230158422131,1253.9892571386683,1253.052372601465,3000.0,3000.0,3000.0,1447.5612500299308,1345.4743880566045,1283.6230158422131,1253.9892571386683,1253.052372601465,3000.0,3000.0,3000.0,1447.5612500299308,1345.4743880566045,1283.6230158422131,1253.9892571386683,1253.052372601465,3000.0,3000.0,3000.0,1447.5612500299308,1345.4743880566045,1283.6230158422131,1253.9892571386683,1253.052372601465,3000.0,3000.0,3000.0,3000.0,3000.0,3000.0,3000.0,3000.0,3000.0,3000.0,3000.0,3000.0,3000.0,3000.0,3000.0,3000.0,3000.0,3000.0,3000.0,3000.0,3000.0,3000.0,3000.0,3000.0,3000.0,3000.0,3000.0,3000.0,3000.0,3000.0,3000.0,3000.0,3000.0,3000.0,3000.0,3000.0,3000.0,3000.0,3000.0,3000.0,3000.0,3000.0,3000.0,3000.0,3000.0,3000.0,3000.0,3000.0,3000.0,3000.0,3000.0,3000.0,3000.0,3000.0,3000.0,3000.0,3000.0,3000.0,3000.0,3000.0,3000.0,3000.0,3000.0,3000.0
5133,3000.0,3000.0,3000.0,3000.0,3000.0,3000.0,3000.0,3000.0,3000.0,3000.0,3000.0,3000.0,3000.0,3000.0,3000.0,3000.0,3000.0,3000.0,3000.0,3000.0,3000.0,3000.0,3000.0,3000.0,3000.0,3000.0,3000.0,3000.0,3000.0,3000.0,3000.0,3000.0,3000.0,3000.0,3000.0,3000.0,3000.0,3000.0,3000.0,3000.0,3000.0,3000.0,3000.0,3000.0,3000.0,3000.0,3000.0,3000.0,3000.0,3000.0,3000.0,3000.0,3000.0,3000.0,3000.0,3000.0,3000.0,3000.0,3000.0,3000.0,3000.0,3000.0,3000.0,3000.0,3000.0,3000.0,3000.0,3000.0,3000.0,3000.0,3000.0,3000.0,3000.0,3000.0,3000.0,3000.0,3000.0,3000.0,3000.0,3000.0,3000.0,3000.0,3000.0,3000.0,3000.0,3000.0,3000.0,3000.0,3000.0,3000.0,3000.0,3000.0,3000.0,3000.0,3000.0,3000.0,3000.0,3000.0,3000.0,3000.0,3000.0,3000.0,3000.0,3000.0,3000.0,3000.0,3000.0,3000.0,3000.0,3000.0,3000.0,3000.0,3000.0,3000.0,3000.0,3000.0,3000.0,3000.0,3000.0,3000.0,3000.0,3000.0,3000.0,3000.0,3000.0,3000.0,3000.0,3000.0,1262.2844656482728,1304.1687559050463,1380.8321242485185,1502.7366239554378,3000.0,3000.0,3000.0,3000.0,1262.2844656482728,1304.1687559050463,1380.8321242485185,1502.7366239554378,3000.0,3000.0,3000.0,3000.0,1262.2844656482728,1304.1687559050463,1380.8321242485185,1502.7366239554378,3000.0,3000.0,3000.0,3000.0,1262.2844656482728,1304.1687559050463,1380.8321242485185,1502.7366239554378,3000.0,3000.0,3000.0,3000.0,1262.2844656482728,1304.1687559050463,1380.8321242485185,1502.7366239554378,3000.0,3000.0,3000.0,3000.0,1262.2844656482728,1304.1687559050463,1380.8321242485185,1502.7366239554378,3000.0,3000.0,3000.0,3000.0,1262.2844656482728,1304.1687559050463,1380.8321242485185,1502.7366239554378,3000.0,3000.0,3000.0,3000.0,1262.2844656482728,1304.1687559050463,1380.8321242485185,1502.7366239554378,3000.0,3000.0,3000.0,3000.0,3000.0,3000.0,3000.0,3000.0,3000.0,3000.0,3000.0,3000.0,3000.0,3000.0,3000.0,3000.0,3000.0,3000.0,3000.0,3000.0,3000.0,3000.0,3000.0,3000.0,3000.0,3000.0,3000.0,3000.0,3000.0,3000.0,3000.0,3000.0,3000.0,3000.0,3000.0,3000.0,3000.0,3000.0,3000.0,3000.0,3000.0,3000.0,3000.0,3000.0,3000.0,3000.0,3000.0,3000.0,3000.0,3000.0,3000.0,3000.0,3000.0,3000.0,3000.0,3000.0,3000.0,3000.0,3000.0,3000.0,3000.0,3000.0,3000.0,3000.0,3000.0,3000.0,3000.0,3000.0,3000.0,3000.0,1523.313501813139,1394.160559006045,1312.2179668881333,1266.0853246547981,1250.0621693969445,1262.2844656482728,3000.0,3000.0,1523.313501813139,1394.160559006045,1312.2179668881333,1266.0853246547981,1250.0621693969445,1262.2844656482728,3000.0,3000.0,1523.313501813139,1394.160559006045,1312.2179668881333,1266.0853246547981,1250.0621693969445,1262.2844656482728,3000.0,3000.0,1523.313501813139,1394.160559006045,1312.2179668881333,1266.0853246547981,1250.0621693969445,1262.2844656482728,3000.0,3000.0,1523.313501813139,1394.160559006045,1312.2179668881333,1266.0853246547981,1250.0621693969445,1262.2844656482728,3000.0,3000.0,1523.313501813139,1394.160559006045,1312.2179668881333,1266.0853246547981,1250.0621693969445,1262.2844656482728,3000.0,3000.0,1523.313501813139,1394.160559006045,1312.2179668881333,1266.0853246547981,1250.0621693969445,1262.2844656482728,3000.0,3000.0,1523.313501813139,1394.160559006045,1312.2179668881333,1266.0853246547981,1250.0621693969445,1262.2844656482728,3000.0,3000.0,3000.0,3000.0,3000.0,3000.0,3000.0,3000.0,3000.0,3000.0,3000.0,3000.0,3000.0,3000.0,3000.0,3000.0,3000.0,3000.0,3000.0,3000.0,3000.0,3000.0,3000.0,3000.0,3000.0,3000.0,3000.0,3000.0,3000.0,3000.0,3000.0,3000.0,3000.0,3000.0,3000.0,3000.0,3000.0,3000.0,3000.0,3000.0,3000.0,3000.0,3000.0,3000.0,3000.0,3000.0,3000.0,3000.0,3000.0,3000.0,3000.0,3000.0,3000.0,3000.0,3000.0,3000.0,3000.0,3000.0,3000.0,3000.0,3000.0,3000.0,3000.0,3000.0
5200,3000.0,3000.0,3000.0,3000.0,3000.0,3000.0,3000.0,3000.0,3000.0,3000.0,3000.0,3000.0,3000.0,3000.0,3000.0,3000.0,3000.0,3000.0,3000.0,3000.0,3000.0,3000.0,3000.0,3000.0,3000.0,3000.0,3000.0,3000.0,3000.0,3000.0,3000.0,3000.0,3000.0,3000.0,3000.0,3000.0,3000.0,3000.0,3000.0,3000.0,3000.0,3000.0,3000.0,3000.0,3000.0,3000.0,3000.0,3000.0,3000.0,3000.0,3000.0,3000.0,3000.0,3000.0,3000.0,3000.0,3000.0,3000.0,3000.0,3000.0,3000.0,3000.0,3000.0,3000.0,3000.0,3000.0,3000.0,3000.0,3000.0,3000.0,3000.0,3000.0,3000.0,3000.0,3000.0,3000.0,3000.0,3000.0,3000.0,3000.0,3000.0,3000.0,3000.0,3000.0,3000.0,3000.0,3000.0,3000.0,3000.0,3000.0,3000.0,3000.0,3000.0,3000.0,3000.0,3000.0,3000.0,3000.0,3000.0,3000.0,3000.0,3000.0,3000.0,3000.0,3000.0,3000.0,3000.0,3000.0,3000.0,3000.0,3000.0,3000.0,3000.0,3000.0,3000.0,3000.0,3000.0,3000.0,3000.0,3000.0,3000.0,3000.0,3000.0,3000.0,3000.0,3000.0,3000.0,3000.0,1277.9257435812867,1335.135059801676,1431.175021160529,1580.1362270115576,3000.0,3000.0,3000.0,3000.0,1277.9257435812867,1335.135059801676,1431.175021160529,1580.1362270115576,3000.0,3000.0,3000.0,3000.0,1277.9257435812867,1335.135059801676,1431.175021160529,1580.1362270115576,3000.0,3000.0,3000.0,3000.0,1277.9257435812867,1335.135059801676,1431.175021160529,1580.1362270115576,3000.0,3000.0,3000.0,3000.0,1277.9257435812867,1335.135059801676,1431.175021160529,1580.1362270115576,3000.0,3000.0,3000.0,3000.0,1277.9257435812867,1335.135059801676,1431.175021160529,1580.1362270115576,3000.0,3000.0,3000.0,3000.0,1277.9257435812867,1335.135059801676,1431.175021160529,1580.1362270115576,3000.0,3000.0,3000.0,3000.0,1277.9257435812867,1335.135059801676,1431.175021160529,1580.1362270115576,3000.0,3000.0,3000.0,3000.0,3000.0,3000.0,3000.0,3000.0,3000.0,3000.0,3000.0,3000.0,3000.0,3000.0,3000.0,3000.0,3000.0,3000.0,3000.0,3000.0,3000.0,3000.0,3000.0,3000.0,3000.0,3000.0,3000.0,3000.0,3000.0,3000.0,3000.0,3000.0,3000.0,3000.0,3000.0,3000.0,3000.0,3000.0,3000.0,3000.0,3000.0,3000.0,3000.0,3000.0,3000.0,3000.0,3000.0,3000.0,3000.0,3000.0,3000.0,3000.0,3000.0,3000.0,3000.0,3000.0,3000.0,3000.0,3000.0,3000.0,3000.0,3000.0,3000.0,3000.0,3000.0,3000.0,3000.0,3000.0,3000.0,3000.0,1456.1148076815036,1350.906938787245,1286.6832913660535,1255.052472273923,1252.2413495151084,1277.9257435812865,3000.0,3000.0,1456.1148076815036,1350.906938787245,1286.6832913660535,1255.052472273923,1252.2413495151084,1277.9257435812865,3000.0,3000.0,1456.1148076815036,1350.906938787245,1286.6832913660535,1255.052472273923,1252.2413495151084,1277.9257435812865,3000.0,3000.0,1456.1148076815036,1350.906938787245,1286.6832913660535,1255.052472273923,1252.2413495151084,1277.9257435812865,3000.0,3000.0,1456.1148076815036,1350.906938787245,1286.6832913660535,1255.052472273923,1252.2413495151084,1277.9257435812865,3000.0,3000.0,1456.1148076815036,1350.906938787245,1286.6832913660535,1255.052472273923,1252.2413495151084,1277.9257435812865,3000.0,3000.0,1456.1148076815036,1350.906938787245,1286.6832913660535,1255.052472273923,1252.2413495151084,1277.9257435812865,3000.0,3000.0,1456.1148076815036,1350.906938787245,1286.6832913660535,1255.052472273923,1252.2413495151084,1277.9257435812865,3000.0,3000.0,3000.0,3000.0,3000.0,3000.0,3000.0,3000.0,3000.0,3000.0,3000.0,3000.0,3000.0,3000.0,3000.0,3000.0,3000.0,3000.0,3000.0,3000.0,3000.0,3000.0,3000.0,3000.0,3000.0,3000.0,3000.0,3000.0,3000.0,3000.0,3000.0,3000.0,3000.0,3000.0,3000.0,3000.0,3000.0,3000.0,3000.0,3000.0,3000.0,3000.0,3000.0,3000.0,3000.0,3000.0,3000.0,3000.0,3000.0,3000.0,3000.0,3000.0,3000.0,3000.0,3000.0,3000.0,3000.0,3000.0,3000.0,3000.0,3000.0,3000.0,3000.0,3000.0
5267,3000.0,3000.0,3000.0,3000.0,3000.0,3000.0,3000.0,3000.0,3000.0,3000.0,3000.0,3000.0,3000.0,3000.0,3000.0,3000.0,3000.0,3000.0,3000.0,3000.0,3000.0,3000.0,3000.0,3000.0,3000.0,3000.0,3000.0,3000.0,3000.0,3000.0,3000.0,3000.0,3000.0,3000.0,3000.0,3000.0,3000.0,3000.0,3000.0,3000.0,3000.0,3000.0,3000.0,3000.0,3000.0,3000.0,3000.0,3000.0,3000.0,3000.0,3000.0,3000.0,3000.0,3000.0,3000.0,3000.0,3000.0,3000.0,3000.0,3000.0,3000.0,3000.0,3000.0,3000.0,3000.0,3000.0,3000.0,3000.0,3000.0,3000.0,3000.0,3000.0,3000.0,3000.0,3000.0,3000.0,3000.0,3000.0,3000.0,3000.0,3000.0,3000.0,3000.0,3000.0,3000.0,3000.0,3000.0,3000.0,3000.0,3000.0,3000.0,3000.0,3000.0,3000.0,3000.0,3000.0,3000.0,3000.0,3000.0,3000.0,3000.0,3000.0,3000.0,3000.0,3000.0,3000.0,3000.0,3000.0,3000.0,3000.0,3000.0,3000.0,3000.0,3000.0,3000.0,3000.0,3000.0,3000.0,3000.0,3000.0,3000.0,3000.0,3000.0,3000.0,3000.0,3000.0,3000.0,3000.0,1300.3742948270026,1374.466790802647,1492.8759975409964,3000.0,3000.0,3000.0,3000.0,3000.0,1300.3742948270026,1374.466790802647,1492.8759975409964,3000.0,3000.0,3000.0,3000.0,3000.0,1300.3742948270026,1374.466790802647,1492.8759975409964,3000.0,3000.0,3000.0,3000.0,3000.0,1300.3742948270026,1374.466790802647,1492.8759975409964,3000.0,3000.0,3000.0,3000.0,3000.0,1300.3742948270026,1374.466790802647,1492.8759975409964,3000.0,3000.0,3000.0,3000.0,3000.0,1300.3742948270026,1374.466790802647,1492.8759975409964,3000.0,3000.0,3000.0,3000.0,3000.0,1300.3742948270026,1374.466790802647,1492.8759975409964,3000.0,3000.0,3000.0,3000.0,3000.0,1300.3742948270026,1374.466790802647,1492.8759975409964,3000.0,3000.0,3000.0,3000.0,3000.0,3000.0,3000.0,3000.0,3000.0,3000.0,3000.0,3000.0,3000.0,3000.0,3000.0,3000.0,3000.0,3000.0,3000.0,3000.0,3000.0,3000.0,3000.0,3000.0,3000.0,3000.0,3000.0,3000.0,3000.0,3000.0,3000.0,3000.0,3000.0,3000.0,3000.0,3000.0,3000.0,3000.0,3000.0,3000.0,3000.0,3000.0,3000.0,3000.0,3000.0,3000.0,3000.0,3000.0,3000.0,3000.0,3000.0,3000.0,3000.0,3000.0,3000.0,3000.0,3000.0,3000.0,3000.0,3000.0,3000.0,3000.0,3000.0,3000.0,3000.0,3000.0,3000.0,3000.0,3000.0,3000.0,1534.0457018004292,1401.1321364564137,1316.4771781750096,1268.18394614914,1250.248708511741,1260.5802858571576,1300.3742948270026,3000.0,1534.0457018004292,1401.1321364564137,1316.4771781750096,1268.18394614914,1250.248708511741,1260.5802858571576,1300.3742948270026,3000.0,1534.0457018004292,1401.1321364564137,1316.4771781750096,1268.18394614914,1250.248708511741,1260.5802858571576,1300.3742948270026,3000.0,1534.0457018004292,1401.1321364564137,1316.4771781750096,1268.18394614914,1250.248708511741,1260.5802858571576,1300.3742948270026,3000.0,1534.0457018004292,1401.1321364564137,1316.4771781750096,1268.18394614914,1250.248708511741,1260.5802858571576,1300.3742948270026,3000.0,1534.0457018004292,1401.1321364564137,1316.4771781750096,1268.18394614914,1250.248708511741,1260.5802858571576,1300.3742948270026,3000.0,1534.0457018004292,1401.1321364564137,1316.4771781750096,1268.18394614914,1250.248708511741,1260.5802858571576,1300.3742948270026,3000.0,1534.0457018004292,1401.1321364564137,1316.4771781750096,1268.18394614914,1250.248708511741,1260.5802858571576,1300.3742948270026,3000.0,3000.0,3000.0,3000.0,3000.0,3000.0,3000.0,3000.0,3000.0,3000.0,3000.0,3000.0,3000.0,3000.0,3000.0,3000.0,3000.0,3000.0,3000.0,3000.0,3000.0,3000.0,3000.0,3000.0,3000.0,3000.0,3000.0,3000.0,3000.0,3000.0,3000.0,3000.0,3000.0,3000.0,3000.0,3000.0,3000.0,3000.0,3000.0,3000.0,3000.0,3000.0,3000.0,3000.0,3000.0,3000.0,3000.0,3000.0,3000.0,3000.0,3000.0,3000.0,3000.0,3000.0,3000.0,3000.0,3000.0,3000.0,3000.0,3000.0,3000.0,3000.0,3000.0,3000.0
5333,3000.0,3000.0,3000.0,3000.0,3000.0,3000.0,3000.0,3000.0,3000.0,3000.0,3000.0,3000.0,3000.0,3000.0,3000.0,3000.0,3000.0,3000.0,3000.0,3000.0,3000.0,3000.0,3000.0,3000.0,3000.0,3000.0,3000.0,3000.0,3000.0,3000.0,3000.0,3000.0,3000.0,3000.0,3000.0,3000.0,3000.0,3000.0,3000.0,3000.0,3000.0,3000.0,3000.0,3000.0,3000.0,3000.0,3000.0,3000.0,3000.0,3000.0,3000.0,3000.0,3000.0,3000.0,3000.0,3000.0,3000.0,3000.0,3000.0,3000.0,3000.0,3000.0,3000.0,3000.0,3000.0,3000.0,3000.0,3000.0,3000.0,3000.0,3000.0,3000.0,3000.0,3000.0,3000.0,3000.0,3000.0,3000.0,3000.0,3000.0,3000.0,3000.0,3000.0,3000.0,3000.0,3000.0,3000.0,3000.0,3000.0,3000.0,3000.0,3000.0,3000.0,3000.0,3000.0,3000.0,3000.0,3000.0,3000.0,3000.0,3000.0,3000.0,3000.0,3000.0,3000.0,3000.0,3000.0,3000.0,3000.0,3000.0,3000.0,3000.0,3000.0,3000.0,3000.0,3000.0,3000.0,3000.0,3000.0,3000.0,3000.0,3000.0,3000.0,3000.0,3000.0,3000.0,3000.0,3000.0,1330.2222155948903,1423.3310111058295,1568.1207185425076,3000.0,3000.0,3000.0,3000.0,3000.0,1330.2222155948903,1423.3310111058295,1568.1207185425076,3000.0,3000.0,3000.0,3000.0,3000.0,1330.2222155948903,1423.3310111058295,1568.1207185425076,3000.0,3000.0,3000.0,3000.0,3000.0,1330.2222155948903,1423.3310111058295,1568.1207185425076,3000.0,3000.0,3000.0,3000.0,3000.0,1330.2222155948903,1423.3310111058295,1568.1207185425076,3000.0,3000.0,3000.0,3000.0,3000.0,1330.2222155948903,1423.3310111058295,1568.1207185425076,3000.0,3000.0,3000.0,3000.0,3000.0,1330.2222155948903,1423.3310111058295,1568.1207185425076,3000.0,3000.0,3000.0,3000.0,3000.0,1330.2222155948903,1423.3310111058295,1568.1207185425076,3000.0,3000.0,3000.0,3000.0,3000.0,3000.0,3000.0,3000.0,3000.0,3000.0,3000.0,3000.0,3000.0,3000.0,3000.0,3000.0,3000.0,3000.0,3000.0,3000.0,3000.0,3000.0,3000.0,3000.0,3000.0,3000.0,3000.0,3000.0,3000.0,3000.0,3000.0,3000.0,3000.0,3000.0,3000.0,3000.0,3000.0,3000.0,3000.0,3000.0,3000.0,3000.0,3000.0,3000.0,3000.0,3000.0,3000.0,3000.0,3000.0,3000.0,3000.0,3000.0,3000.0,3000.0,3000.0,3000.0,3000.0,3000.0,3000.0,3000.0,3000.0,3000.0,3000.0,3000.0,3000.0,3000.0,3000.0,3000.0,3000.0,3000.0,1464.9166268002634,1356.5190114487673,1289.8868003232878,1256.2425514336148,1251.5557824364819,1275.2857435773587,1330.22221559489,3000.0,1464.9166268002634,1356.5190114487673,1289.8868003232878,1256.2425514336148,1251.5557824364819,1275.2857435773587,1330.22221559489,3000.0,1464.9166268002634,1356.5190114487673,1289.8868003232878,1256.2425514336148,1251.5557824364819,1275.2857435773587,1330.22221559489,3000.0,1464.9166268002634,1356.5190114487673,1289.8868003232878,1256.2425514336148,1251.5557824364819,1275.2857435773587,1330.22221559489,3000.0,1464.9166268002634,1356.5190114487673,1289.8868003232878,1256.2425514336148,1251.5557824364819,1275.2857435773587,1330.22221559489,3000.0,1464.9166268002634,1356.5190114487673,1289.8868003232878,1256.2425514336148,1251.5557824364819,1275.2857435773587,1330.22221559489,3000.0,1464.9166268002634,1356.5190114487673,1289.8868003232878,1256.2425514336148,1251.5557824364819,1275.2857435773587,1330.22221559489,3000.0,1464.9166268002634,1356.5190114487673,1289.8868003232878,1256.2425514336148,1251.5557824364819,1275.2857435773587,1330.22221559489,3000.0,3000.0,3000.0,3000.0,3000.0,3000.0,3000.0,3000.0,3000.0,3000.0,3000.0,3000.0,3000.0,3000.0,3000.0,3000.0,3000.0,3000.0,3000.0,3000.0,3000.0,3000.0,3000.0,3000.0,3000.0,3000.0,3000.0,3000.0,3000.0,3000.0,3000.0,3000.0,3000.0,3000.0,3000.0,3000.0,3000.0,3000.0,3000.0,3000.0,3000.0,3000.0,3000.0,3000.0,3000.0,3000.0,3000.0,3000.0,3000.0,3000.0,3000.0,3000.0,3000.0,3000.0,3000.0,3000.0,3000.0,3000.0,3000.0,3000.0,3000.0,3000.0,3000.0,3000.0
5400,3000.0,3000.0,3000.0,3000.0,3000.0,3000.0,3000.0,3000.0,3000.0,3000.0,3000.0,3000.0,3000.0,3000.0,3000.0,3000.0,3000.0,3000.0,3000.0,3000.0,3000.0,3000.0,3000.0,3000.0,3000.0,3000.0,3000.0,3000.0,3000.0,3000.0,3000.0,3000.0,3000.0,3000.0,3000.0,3000.0,3000.0,3000.0,3000.0,3000.0,3000.0,3000.0,3000.0,3000.0,3000.0,3000.0,3000.0,3000.0,3000.0,3000.0,3000.0,3000.0,3000.0,3000.0,3000.0,3000.0,3000.0,3000.0,3000.0,3000.0,3000.0,3000.0,3000.0,3000.0,3000.0,3000.0,3000.0,3000.0,3000.0,3000.0,3000.0,3000.0,3000.0,3000.0,3000.0,3000.0,3000.0,3000.0,3000.0,3000.0,3000.0,3000.0,3000.0,3000.0,3000.0,3000.0,3000.0,3000.0,3000.0,3000.0,3000.0,3000.0,3000.0,3000.0,3000.0,3000.0,3000.0,3000.0,3000.0,3000.0,3000.0,3000.0,3000.0,3000.0,3000.0,3000.0,3000.0,3000.0,3000.0,3000.0,3000.0,3000.0,3000.0,3000.0,3000.0,3000.0,3000.0,3000.0,3000.0,3000.0,3000.0,3000.0,3000.0,3000.0,3000.0,3000.0,3000.0,3000.0,1368.2953481325585,1483.2905093477814,3000.0,3000.0,3000.0,3000.0,3000.0,3000.0,1368.2953481325585,1483.2905093477814,3000.0,3000.0,3000.0,3000.0,3000.0,3000.0,1368.2953481325585,1483.2905093477814,3000.0,3000.0,3000.0,3000.0,3000.0,3000.0,1368.2953481325585,1483.2905093477814,3000.0,3000.0,3000.0,3000.0,3000.0,3000.0,1368.2953481325585,1483.2905093477814,3000.0,3000.0,3000.0,3000.0,3000.0,3000.0,1368.2953481325585,1483.2905093477814,3000.0,3000.0,3000.0,3000.0,3000.0,3000.0,1368.2953481325585,1483.2905093477814,3000.0,3000.0,3000.0,3000.0,3000.0,3000.0,1368.2953481325585,1483.2905093477814,3000.0,3000.0,3000.0,3000.0,3000.0,3000.0,3000.0,3000.0,3000.0,3000.0,3000.0,3000.0,3000.0,1545.0849718747363,3000.0,3000.0,3000.0,3000.0,3000.0,3000.0,3000.0,1545.0849718747363,3000.0,3000.0,3000.0,3000.0,3000.0,3000.0,3000.0,1545.0849718747363,3000.0,3000.0,3000.0,3000.0,3000.0,3000.0,3000.0,1545.0849718747363,3000.0,3000.0,3000.0,3000.0,3000.0,3000.0,3000.0,1545.0849718747363,3000.0,3000.0,3000.0,3000.0,3000.0,3000.0,3000.0,1545.0849718747363,3000.0,3000.0,3000.0,3000.0,3000.0,3000.0,3000.0,1545.0849718747363,3000.0,3000.0,3000.0,3000.0,3000.0,3000.0,3000.0,1545.0849718747363,1545.0849718747365,1408.314571374448,1320.8959408758724,1270.416109531093,1250.5597101538165,1259.0057609440844,1296.7304560858972,1368.2953481325585,1545.0849718747365,1408.314571374448,1320.8959408758724,1270.416109531093,1250.5597101538165,1259.0057609440844,1296.7304560858972,1368.2953481325585,1545.0849718747365,1408.314571374448,1320.8959408758724,1270.416109531093,1250.5597101538165,1259.0057609440844,1296.7304560858972,1368.2953481325585,1545.0849718747365,1408.314571374448,1320.8959408758724,1270.416109531093,1250.5597101538165,1259.0057609440844,1296.7304560858972,1368.2953481325585,1545.0849718747365,1408.314571374448,1320.8959408758724,1270.416109531093,1250.5597101538165,1259.0057609440844,1296.7304560858972,1368.2953481325585,1545.0849718747365,1408.314571374448,1320.8959408758724,1270.416109531093,1250.5597101538165,1259.0057609440844,1296.7304560858972,1368.2953481325585,1545.0849718747365,1408.314571374448,1320.8959408758724,1270.416109531093,1250.5597101538165,1259.0057609440844,1296.7304560858972,1368.2953481325585,1545.0849718747365,1408.314571374448,1320.8959408758724,1270.416109531093,1250.5597101538165,1259.0057609440844,1296.7304560858972,1368.2953481325585,3000.0,3000.0,3000.0,3000.0,3000.0,3000.0,3000.0,3000.0,3000.0,3000.0,3000.0,3000.0,3000.0,3000.0,3000.0,3000.0,3000.0,3000.0,3000.0,3000.0,3000.0,3000.0,3000.0,3000.0,3000.0,3000.0,3000.0,3000.0,3000.0,3000.0,3000.0,3000.0,3000.0,3000.0,3000.0,3000.0,3000.0,3000.0,3000.0,3000.0,3000.0,3000.0,3000.0,3000.0,3000.0,3000.0,3000.0,3000.0,3000.0,3000.0,3000.0,3000.0,3000.0,3000.0,3000.0,3000.0,3000.0,3000.0,3000.0,3000.0,3000.0,3000.0,3000.0,3000.0
5467,3000.0,3000.0,3000.0,3000.0,3000.0,3000.0,3000.0,3000.0,3000.0,3000.0,3000.0,3000.0,3000.0,3000.0,3000.0,3000.0,3000.0,3000.0,3000.0,3000.0,3000.0,3000.0,3000.0,3000.0,3000.0,3000.0,3000.0,3000.0,3000.0,3000.0,3000.0,3000.0,3000.0,3000.0,3000.0,3000.0,3000.0,3000.0,3000.0,3000.0,3000.0,3000.0,3000.0,3000.0,3000.0,3000.0,3000.0,3000.0,3000.0,3000.0,3000.0,3000.0,3000.0,3000.0,3000.0,3000.0,3000.0,3000.0,3000.0,3000.0,3000.0,3000.0,3000.0,3000.0,3000.0,3000.0,3000.0,3000.0,3000.0,3000.0,3000.0,3000.0,3000.0,3000.0,3000.0,3000.0,3000.0,3000.0,3000.0,3000.0,3000.0,3000.0,3000.0,3000.0,3000.0,3000.0,3000.0,3000.0,3000.0,3000.0,3000.0,3000.0,3000.0,3000.0,3000.0,3000.0,3000.0,3000.0,3000.0,3000.0,3000.0,3000.0,3000.0,3000.0,3000.0,3000.0,3000.0,3000.0,3000.0,3000.0,3000.0,3000.0,3000.0,3000.0,3000.0,3000.0,3000.0,3000.0,3000.0,3000.0,3000.0,3000.0,3000.0,3000.0,3000.0,3000.0,3000.0,3000.0,1415.712563361299,1556.4402098950743,3000.0,3000.0,3000.0,3000.0,3000.0,3000.0,1415.712563361299,1556.4402098950743,3000.0,3000.0,3000.0,3000.0,3000.0,3000.0,1415.712563361299,1556.4402098950743,3000.0,3000.0,3000.0,3000.0,3000.0,3000.0,1415.712563361299,1556.4402098950743,3000.0,3000.0,3000.0,3000.0,3000.0,3000.0,1415.712563361299,1556.4402098950743,3000.0,3000.0,3000.0,3000.0,3000.0,3000.0,1415.712563361299,1556.4402098950743,3000.0,3000.0,3000.0,3000.0,3000.0,3000.0,1415.712563361299,1556.4402098950743,3000.0,3000.0,3000.0,3000.0,3000.0,3000.0,1415.712563361299,1556.4402098950743,3000.0,3000.0,3000.0,3000.0,3000.0,3000.0,3000.0,3000.0,3000.0,3000.0,3000.0,3000.0,3000.0,1473.9730042026204,3000.0,3000.0,3000.0,3000.0,3000.0,3000.0,3000.0,1473.9730042026204,3000.0,3000.0,3000.0,3000.0,3000.0,3000.0,3000.0,1473.9730042026204,3000.0,3000.0,3000.0,3000.0,3000.0,3000.0,3000.0,1473.9730042026204,3000.0,3000.0,3000.0,3000.0,3000.0,3000.0,3000.0,1473.9730042026204,3000.0,3000.0,3000.0,3000.0,3000.0,3000.0,3000.0,1473.9730042026204,3000.0,3000.0,3000.0,3000.0,3000.0,3000.0,3000.0,1473.9730042026204,3000.0,3000.0,3000.0,3000.0,3000.0,3000.0,3000.0,1473.9730042026204,1473.9730042026204,1362.3139764084056,1293.235255029051,1257.560092979011,1250.9953291307672,1272.7829665104955,1325.476750677326,1415.7125633612989,1473.9730042026204,1362.3139764084056,1293.235255029051,1257.560092979011,1250.9953291307672,1272.7829665104955,1325.476750677326,1415.7125633612989,1473.9730042026204,1362.3139764084056,1293.235255029051,1257.560092979011,1250.9953291307672,1272.7829665104955,1325.476750677326,1415.7125633612989,1473.9730042026204,1362.3139764084056,1293.235255029051,1257.560092979011,1250.9953291307672,1272.7829665104955,1325.476750677326,1415.7125633612989,1473.9730042026204,1362.3139764084056,1293.235255029051,1257.560092979011,1250.9953291307672,1272.7829665104955,1325.476750677326,1415.7125633612989,1473.9730042026204,1362.3139764084056,1293.235255029051,1257.560092979011,1250.9953291307672,1272.7829665104955,1325.476750677326,1415.7125633612989,1473.9730042026204,1362.3139764084056,1293.235255029051,1257.560092979011,1250.9953291307672,1272.7829665104955,1325.476750677326,1415.7125633612989,1473.9730042026204,1362.3139764084056,1293.235255029051,1257.560092979011,1250.9953291307672,1272.7829665104955,1325.476750677326,1415.7125633612989,3000.0,3000.0,3000.0,3000.0,3000.0,3000.0,3000.0,3000.0,3000.0,3000.0,3000.0,3000.0,3000.0,3000.0,3000.0,3000.0,3000.0,3000.0,3000.0,3000.0,3000.0,3000.0,3000.0,3000.0,3000.0,3000.0,3000.0,3000.0,3000.0,3000.0,3000.0,3000.0,3000.0,3000.0,3000.0,3000.0,3000.0,3000.0,3000.0,3000.0,3000.0,3000.0,3000.0,3000.0,3000.0,3000.0,3000.0,3000.0,3000.0,3000.0,3000.0,3000.0,3000.0,3000.0,3000.0,3000.0,3000.0,3000.0,3000.0,3000.0,3000.0,3000.0,3000.0,3000.0
5533,3000.0,3000.0,3000.0,3000.0,3000.0,3000.0,3000.0,3000.0,3000.0,3000.0,3000.0,3000.0,3000.0,3000.0,3000.0,3000.0,3000.0,3000.0,3000.0,3000.0,3000.0,3000.0,3000.0,3000.0,3000.0,3000.0,3000.0,3000.0,3000.0,3000.0,3000.0,3000.0,3000.0,3000.0,3000.0,3000.0,3000.0,3000.0,3000.0,3000.0,3000.0,3000.0,3000.0,3000.0,3000.0,3000.0,3000.0,3000.0,3000.0,3000.0,3000.0,3000.0,3000.0,3000.0,3000.0,3000.0,3000.0,3000.0,3000.0,3000.0,3000.0,3000.0,3000.0,3000.0,3000.0,3000.0,3000.0,3000.0,3000.0,3000.0,3000.0,3000.0,3000.0,3000.0,3000.0,3000.0,3000.0,3000.0,3000.0,3000.0,3000.0,3000.0,3000.0,3000.0,3000.0,3000.0,3000.0,3000.0,3000.0,3000.0,3000.0,3000.0,3000.0,3000.0,3000.0,3000.0,3000.0,3000.0,3000.0,3000.0,3000.0,3000.0,3000.0,3000.0,3000.0,3000.0,3000.0,3000.0,3000.0,3000.0,3000.0,3000.0,3000.0,3000.0,3000.0,3000.0,3000.0,3000.0,3000.0,3000.0,3000.0,3000.0,3000.0,3000.0,3000.0,3000.0,3000.0,3000.0,1473.9730042026206,3000.0,3000.0,3000.0,3000.0,3000.0,3000.0,3000.0,1473.9730042026206,3000.0,3000.0,3000.0,3000.0,3000.0,3000.0,3000.0,1473.9730042026206,3000.0,3000.0,3000.0,3000.0,3000.0,3000.0,3000.0,1473.9730042026206,3000.0,3000.0,3000.0,3000.0,3000.0,3000.0,3000.0,1473.9730042026206,3000.0,3000.0,3000.0,3000.0,3000.0,3000.0,3000.0,1473.9730042026206,3000.0,3000.0,3000.0,3000.0,3000.0,3000.0,3000.0,1473.9730042026206,3000.0,3000.0,3000.0,3000.0,3000.0,3000.0,3000.0,1473.9730042026206,3000.0,3000.0,3000.0,3000.0,3000.0,3000.0,3000.0,3000.0,3000.0,3000.0,3000.0,3000.0,3000.0,1556.4402098950738,1415.7125633612984,3000.0,3000.0,3000.0,3000.0,3000.0,3000.0,1556.4402098950738,1415.7125633612984,3000.0,3000.0,3000.0,3000.0,3000.0,3000.0,1556.4402098950738,1415.7125633612984,3000.0,3000.0,3000.0,3000.0,3000.0,3000.0,1556.4402098950738,1415.7125633612984,3000.0,3000.0,3000.0,3000.0,3000.0,3000.0,1556.4402098950738,1415.7125633612984,3000.0,3000.0,3000.0,3000.0,3000.0,3000.0,1556.4402098950738,1415.7125633612984,3000.0,3000.0,3000.0,3000.0,3000.0,3000.0,1556.4402098950738,1415.7125633612984,3000.0,3000.0,3000.0,3000.0,3000.0,3000.0,1556.4402098950738,1415.7125633612984,1415.7125633612989,1325.476750677326,1272.7829665104955,1250.9953291307672,1257.560092979011,1293.235255029051,1362.3139764084056,1473.9730042026204,1415.7125633612989,1325.476750677326,1272.7829665104955,1250.9953291307672,1257.560092979011,1293.235255029051,1362.3139764084056,1473.9730042026204,1415.7125633612989,1325.476750677326,1272.7829665104955,1250.9953291307672,1257.560092979011,1293.235255029051,1362.3139764084056,1473.9730042026204,1415.7125633612989,1325.476750677326,1272.7829665104955,1250.9953291307672,1257.560092979011,1293.235255029051,1362.3139764084056,1473.9730042026204,1415.7125633612989,1325.476750677326,1272.7829665104955,1250.9953291307672,1257.560092979011,1293.235255029051,1362.3139764084056,1473.9730042026204,1415.7125633612989,1325.476750677326,1272.7829665104955,1250.9953291307672,1257.560092979011,1293.235255029051,1362.3139764084056,1473.9730042026204,1415.7125633612989,1325.476750677326,1272.7829665104955,1250.9953291307672,1257.560092979011,1293.235255029051,1362.3139764084056,1473.9730042026204,1415.7125633612989,1325.476750677326,1272.7829665104955,1250.9953291307672,1257.560092979011,1293.235255029051,1362.3139764084056,1473.9730042026204,3000.0,3000.0,3000.0,3000.0,3000.0,3000.0,3000.0,3000.0,3000.0,3000.0,3000.0,3000.0,3000.0,3000.0,3000.0,3000.0,3000.0,3000.0,3000.0,3000.0,3000.0,3000.0,3000.0,3000.0,3000.0,3000.0,3000.0,3000.0,3000.0,3000.0,3000.0,3000.0,3000.0,3000.0,3000.0,3000.0,3000.0,3000.0,3000.0,3000.0,3000.0,3000.0,3000.0,3000.0,3000.0,3000.0,3000.0,3000.0,3000.0,3000.0,3000.0,3000.0,3000.0,3000.0,3000.0,3000.0,3000.0,3000.0,3000.0,3000.0,3000.0,3000.0,3000.0,3000.0
5600,3000.0,3000.0,3000.0,3000.0,3000.0,3000.0,3000.0,3000.0,3000.0,3000.0,3000.0,3000.0,3000.0,3000.0,3000.0,3000.0,3000.0,3000.0,3000.0,3000.0,3000.0,3000.0,3000.0,3000.0,3000.0,3000.0,3000.0,3000.0,3000.0,3000.0,3000.0,3000.0,3000.0,3000.0,3000.0,3000.0,3000.0,3000.0,3000.0,3000.0,3000.0,3000.0,3000.0,3000.0,3000.0,3000.0,3000.0,3000.0,3000.0,3000.0,3000.0,3000.0,3000.0,3000.0,3000.0,3000.0,3000.0,3000.0,3000.0,3000.0,3000.0,3000.0,3000.0,3000.0,3000.0,3000.0,3000.0,3000.0,3000.0,3000.0,3000.0,3000.0,3000.0,3000.0,3000.0,3000.0,3000.0,3000.0,3000.0,3000.0,3000.0,3000.0,3000.0,3000.0,3000.0,3000.0,3000.0,3000.0,3000.0,3000.0,3000.0,3000.0,3000.0,3000.0,3000.0,3000.0,3000.0,3000.0,3000.0,3000.0,3000.0,3000.0,3000.0,3000.0,3000.0,3000.0,3000.0,3000.0,3000.0,3000.0,3000.0,3000.0,3000.0,3000.0,3000.0,3000.0,3000.0,3000.0,3000.0,3000.0,3000.0,3000.0,3000.0,3000.0,3000.0,3000.0,3000.0,3000.0,1545.084971874737,3000.0,3000.0,3000.0,3000.0,3000.0,3000.0,3000.0,1545.084971874737,3000.0,3000.0,3000.0,3000.0,3000.0,3000.0,3000.0,1545.084971874737,3000.0,3000.0,3000.0,3000.0,3000.0,3000.0,3000.0,1545.084971874737,3000.0,3000.0,3000.0,3000.0,3000.0,3000.0,3000.0,1545.084971874737,3000.0,3000.0,3000.0,3000.0,3000.0,3000.0,3000.0,1545.084971874737,3000.0,3000.0,3000.0,3000.0,3000.0,3000.0,3000.0,1545.084971874737,3000.0,3000.0,3000.0,3000.0,3000.0,3000.0,3000.0,1545.084971874737,3000.0,3000.0,3000.0,3000.0,3000.0,3000.0,3000.0,3000.0,3000.0,3000.0,3000.0,3000.0,3000.0,1483.2905093477816,1368.2953481325583,3000.0,3000.0,3000.0,3000.0,3000.0,3000.0,1483.2905093477816,1368.2953481325583,3000.0,3000.0,3000.0,3000.0,3000.0,3000.0,1483.2905093477816,1368.2953481325583,3000.0,3000.0,3000.0,3000.0,3000.0,3000.0,1483.2905093477816,1368.2953481325583,3000.0,3000.0,3000.0,3000.0,3000.0,3000.0,1483.2905093477816,1368.2953481325583,3000.0,3000.0,3000.0,3000.0,3000.0,3000.0,1483.2905093477816,1368.2953481325583,3000.0,3000.0,3000.0,3000.0,3000.0,3000.0,1483.2905093477816,1368.2953481325583,3000.0,3000.0,3000.0,3000.0,3000.0,3000.0,1483.2905093477816,1368.2953481325583,1368.2953481325585,1296.7304560858972,1259.0057609440844,1250.5597101538165,1270.416109531093,1320.8959408758724,1408.314571374448,1545.0849718747365,1368.2953481325585,1296.7304560858972,1259.0057609440844,1250.5597101538165,1270.416109531093,1320.8959408758724,1408.314571374448,1545.0849718747365,1368.2953481325585,1296.7304560858972,1259.0057609440844,1250.5597101538165,1270.416109531093,1320.8959408758724,1408.314571374448,1545.0849718747365,1368.2953481325585,1296.7304560858972,1259.0057609440844,1250.5597101538165,1270.416109531093,1320.8959408758724,1408.314571374448,1545.0849718747365,1368.2953481325585,1296.7304560858972,1259.0057609440844,1250.5597101538165,1270.416109531093,1320.8959408758724,1408.314571374448,1545.0849718747365,1368.2953481325585,1296.7304560858972,1259.0057609440844,1250.5597101538165,1270.416109531093,1320.8959408758724,1408.314571374448,1545.0849718747365,1368.2953481325585,1296.7304560858972,1259.0057609440844,1250.5597101538165,1270.416109531093,1320.8959408758724,1408.314571374448,1545.0849718747365,1368.2953481325585,1296.7304560858972,1259.0057609440844,1250.5597101538165,1270.416109531093,1320.8959408758724,1408.314571374448,1545.0849718747365,3000.0,3000.0,3000.0,3000.0,3000.0,3000.0,3000.0,3000.0,3000.0,3000.0,3000.0,3000.0,3000.0,3000.0,3000.0,3000.0,3000.0,3000.0,3000.0,3000.0,3000.0,3000.0,3000.0,3000.0,3000.0,3000.0,3000.0,3000.0,3000.0,3000.0,3000.0,3000.0,3000.0,3000.0,3000.0,3000.0,3000.0,3000.0,3000.0,3000.0,3000.0,3000.0,3000.0,3000.0,3000.0,3000.0,3000.0,3000.0,3000.0,3000.0,3000.0,3000.0,3000.0,3000.0,3000.0,3000.0,3000.0,3000.0,3000.0,3000.0,3000.0,3000.0,3000.0,3000.0
5667,3000.0,3000.0,3000.0,3000.0,3000.0,3000.0,3000.0,3000.0,3000.0,3000.0,3000.0,3000.0,3000.0,3000.0,3000.0,3000.0,3000.0,3000.0,3000.0,3000.0,3000.0,3000.0,3000.0,3000.0,3000.0,3000.0,3000.0,3000.0,3000.0,3000.0,3000.0,3000.0,3000.0,3000.0,3000.0,3000.0,3000.0,3000.0,3000.0,3000.0,3000.0,3000.0,3000.0,3000.0,3000.0,3000.0,3000.0,3000.0,3000.0,3000.0,3000.0,3000.0,3000.0,3000.0,3000.0,3000.0,3000.0,3000.0,3000.0,3000.0,3000.0,3000.0,3000.0,3000.0,3000.0,3000.0,3000.0,3000.0,3000.0,3000.0,3000.0,3000.0,3000.0,3000.0,3000.0,3000.0,3000.0,3000.0,3000.0,3000.0,3000.0,3000.0,3000.0,3000.0,3000.0,3000.0,3000.0,3000.0,3000.0,3000.0,3000.0,3000.0,3000.0,3000.0,3000.0,3000.0,3000.0,3000.0,3000.0,3000.0,3000.0,3000.0,3000.0,3000.0,3000.0,3000.0,3000.0,3000.0,3000.0,3000.0,3000.0,3000.0,3000.0,3000.0,3000.0,3000.0,3000.0,3000.0,3000.0,3000.0,3000.0,3000.0,3000.0,3000.0,3000.0,3000.0,3000.0,3000.0,3000.0,3000.0,3000.0,3000.0,3000.0,3000.0,3000.0,3000.0,3000.0,3000.0,3000.0,3000.0,3000.0,3000.0,3000.0,3000.0,3000.0,3000.0,3000.0,3000.0,3000.0,3000.0,3000.0,3000.0,3000.0,3000.0,3000.0,3000.0,3000.0,3000.0,3000.0,3000.0,3000.0,3000.0,3000.0,3000.0,3000.0,3000.0,3000.0,3000.0,3000.0,3000.0,3000.0,3000.0,3000.0,3000.0,3000.0,3000.0,3000.0,3000.0,3000.0,3000.0,3000.0,3000.0,3000.0,3000.0,3000.0,3000.0,3000.0,3000.0,3000.0,3000.0,3000.0,3000.0,3000.0,3000.0,3000.0,3000.0,3000.0,1568.120718542507,1423.3310111058292,1330.2222155948898,3000.0,3000.0,3000.0,3000.0,3000.0,1568.120718542507,1423.3310111058292,1330.2222155948898,3000.0,3000.0,3000.0,3000.0,3000.0,1568.120718542507,1423.3310111058292,1330.2222155948898,3000.0,3000.0,3000.0,3000.0,3000.0,1568.120718542507,1423.3310111058292,1330.2222155948898,3000.0,3000.0,3000.0,3000.0,3000.0,1568.120718542507,1423.3310111058292,1330.2222155948898,3000.0,3000.0,3000.0,3000.0,3000.0,1568.120718542507,1423.3310111058292,1330.2222155948898,3000.0,3000.0,3000.0,3000.0,3000.0,1568.120718542507,1423.3310111058292,1330.2222155948898,3000.0,3000.0,3000.0,3000.0,3000.0,1568.120718542507,1423.3310111058292,1330.2222155948898,1330.22221559489,1275.2857435773587,1251.5557824364819,1256.2425514336148,1289.8868003232878,1356.5190114487673,1464.9166268002632,3000.0,1330.22221559489,1275.2857435773587,1251.5557824364819,1256.2425514336148,1289.8868003232878,1356.5190114487673,1464.9166268002632,3000.0,1330.22221559489,1275.2857435773587,1251.5557824364819,1256.2425514336148,1289.8868003232878,1356.5190114487673,1464.9166268002632,3000.0,1330.22221559489,1275.2857435773587,1251.5557824364819,1256.2425514336148,1289.8868003232878,1356.5190114487673,1464.9166268002632,3000.0,1330.22221559489,1275.2857435773587,1251.5557824364819,1256.2425514336148,1289.8868003232878,1356.5190114487673,1464.9166268002632,3000.0,1330.22221559489,1275.2857435773587,1251.5557824364819,1256.2425514336148,1289.8868003232878,1356.5190114487673,1464.9166268002632,3000.0,1330.22221559489,1275.2857435773587,1251.5557824364819,1256.2425514336148,1289.8868003232878,1356.5190114487673,1464.9166268002632,3000.0,1330.22221559489,1275.2857435773587,1251.5557824364819,1256.2425514336148,1289.8868003232878,1356.5190114487673,1464.9166268002632,3000.0,3000.0,3000.0,3000.0,3000.0,3000.0,3000.0,3000.0,3000.0,3000.0,3000.0,3000.0,3000.0,3000.0,3000.0,3000.0,3000.0,3000.0,3000.0,3000.0,3000.0,3000.0,3000.0,3000.0,3000.0,3000.0,3000.0,3000.0,3000.0,3000.0,3000.0,3000.0,3000.0,3000.0,3000.0,3000.0,3000.0,3000.0,3000.0,3000.0,3000.0,3000.0,3000.0,3000.0,3000.0,3000.0,3000.0,3000.0,3000.0,3000.0,3000.0,3000.0,3000.0,3000.0,3000.0,3000.0,3000.0,3000.0,3000.0,3000.0,3000.0,3000.0,3000.0,3000.0,3000.0
5733,3000.0,3000.0,3000.0,3000.0,3000.0,3000.0,3000.0,3000.0,3000.0,3000.0,3000.0,3000.0,3000.0,3000.0,3000.0,3000.0,3000.0,3000.0,3000.0,3000.0,3000.0,3000.0,3000.0,3000.0,3000.0,3000.0,3000.0,3000.0,3000.0,3000.0,3000.0,3000.0,3000.0,3000.0,3000.0,3000.0,3000.0,3000.0,3000.0,3000.0,3000.0,3000.0,3000.0,3000.0,3000.0,3000.0,3000.0,3000.0,3000.0,3000.0,3000.0,3000.0,3000.0,3000.0,3000.0,3000.0,3000.0,3000.0,3000.0,3000.0,3000.0,3000.0,3000.0,3000.0,3000.0,3000.0,3000.0,3000.0,3000.0,3000.0,3000.0,3000.0,3000.0,3000.0,3000.0,3000.0,3000.0,3000.0,3000.0,3000.0,3000.0,3000.0,3000.0,3000.0,3000.0,3000.0,3000.0,3000.0,3000.0,3000.0,3000.0,3000.0,3000.0,3000.0,3000.0,3000.0,3000.0,3000.0,3000.0,3000.0,3000.0,3000.0,3000.0,3000.0,3000.0,3000.0,3000.0,3000.0,3000.0,3000.0,3000.0,3000.0,3000.0,3000.0,3000.0,3000.0,3000.0,3000.0,3000.0,3000.0,3000.0,3000.0,3000.0,3000.0,3000.0,3000.0,3000.0,3000.0,3000.0,3000.0,3000.0,3000.0,3000.0,3000.0,3000.0,3000.0,3000.0,3000.0,3000.0,3000.0,3000.0,3000.0,3000.0,3000.0,3000.0,3000.0,3000.0,3000.0,3000.0,3000.0,3000.0,3000.0,3000.0,3000.0,3000.0,3000.0,3000.0,3000.0,3000.0,3000.0,3000.0,3000.0,3000.0,3000.0,3000.0,3000.0,3000.0,3000.0,3000.0,3000.0,3000.0,3000.0,3000.0,3000.0,3000.0,3000.0,3000.0,3000.0,3000.0,3000.0,3000.0,3000.0,3000.0,3000.0,3000.0,3000.0,3000.0,3000.0,3000.0,3000.0,3000.0,3000.0,3000.0,3000.0,3000.0,3000.0,3000.0,1492.8759975409967,1374.4667908026474,1300.3742948270026,3000.0,3000.0,3000.0,3000.0,3000.0,1492.8759975409967,1374.4667908026474,1300.3742948270026,3000.0,3000.0,3000.0,3000.0,3000.0,1492.8759975409967,1374.4667908026474,1300.3742948270026,3000.0,3000.0,3000.0,3000.0,3000.0,1492.8759975409967,1374.4667908026474,1300.3742948270026,3000.0,3000.0,3000.0,3000.0,3000.0,1492.8759975409967,1374.4667908026474,1300.3742948270026,3000.0,3000.0,3000.0,3000.0,3000.0,1492.8759975409967,1374.4667908026474,1300.3742948270026,3000.0,3000.0,3000.0,3000.0,3000.0,1492.8759975409967,1374.4667908026474,1300.3742948270026,3000.0,3000.0,3000.0,3000.0,3000.0,1492.8759975409967,1374.4667908026474,1300.3742948270026,1300.3742948270026,1260.5802858571576,1250.248708511741,1268.1839461491397,1316.4771781750094,1401.1321364564137,1534.0457018004286,3000.0,1300.3742948270026,1260.5802858571576,1250.248708511741,1268.1839461491397,1316.4771781750094,1401.1321364564137,1534.0457018004286,3000.0,1300.3742948270026,1260.5802858571576,1250.248708511741,1268.1839461491397,1316.4771781750094,1401.1321364564137,1534.0457018004286,3000.0,1300.3742948270026,1260.5802858571576,1250.248708511741,1268.1839461491397,1316.4771781750094,1401.1321364564137,1534.0457018004286,3000.0,1300.3742948270026,1260.5802858571576,1250.248708511741,1268.1839461491397,1316.4771781750094,1401.1321364564137,1534.0457018004286,3000.0,1300.3742948270026,1260.5802858571576,1250.248708511741,1268.1839461491397,1316.4771781750094,1401.1321364564137,1534.0457018004286,3000.0,1300.3742948270026,1260.5802858571576,1250.248708511741,1268.1839461491397,1316.4771781750094,1401.1321364564137,1534.0457018004286,3000.0,1300.3742948270026,1260.5802858571576,1250.248708511741,1268.1839461491397,1316.4771781750094,1401.1321364564137,1534.0457018004286,3000.0,3000.0,3000.0,3000.0,3000.0,3000.0,3000.0,3000.0,3000.0,3000.0,3000.0,3000.0,3000.0,3000.0,3000.0,3000.0,3000.0,3000.0,3000.0,3000.0,3000.0,3000.0,3000.0,3000.0,3000.0,3000.0,3000.0,3000.0,3000.0,3000.0,3000.0,3000.0,3000.0,3000.0,3000.0,3000.0,3000.0,3000.0,3000.0,3000.0,3000.0,3000.0,3000.0,3000.0,3000.0,3000.0,3000.0,3000.0,3000.0,3000.0,3000.0,3000.0,3000.0,3000.0,3000.0,3000.0,3000.0,3000.0,3000.0,3000.0,3000.0,3000.0,3000.0,3000.0,3000.0
5800,3000.0,3000.0,3000.0,3000.0,3000.0,3000.0,3000.0,3000.0,3000.0,3000.0,3000.0,3000.0,3000.0,3000.0,3000.0,3000.0,3000.0,3000.0,3000.0,3000.0,3000.0,3000.0,3000.0,3000.0,3000.0,3000.0,3000.0,3000.0,3000.0,3000.0,3000.0,3000.0,3000.0,3000.0,3000.0,3000.0,3000.0,3000.0,3000.0,3000.0,3000.0,3000.0,3000.0,3000.0,3000.0,3000.0,3000.0,3000.0,3000.0,3000.0,3000.0,3000.0,3000.0,3000.0,3000.0,3000.0,3000.0,3000.0,3000.0,3000.0,3000.0,3000.0,3000.0,3000.0,3000.0,3000.0,3000.0,3000.0,3000.0,3000.0,3000.0,3000.0,3000.0,3000.0,3000.0,3000.0,3000.0,3000.0,3000.0,3000.0,3000.0,3000.0,3000.0,3000.0,3000.0,3000.0,3000.0,3000.0,3000.0,3000.0,3000.0,3000.0,3000.0,3000.0,3000.0,3000.0,3000.0,3000.0,3000.0,3000.0,3000.0,3000.0,3000.0,3000.0,3000.0,3000.0,3000.0,3000.0,3000.0,3000.0,3000.0,3000.0,3000.0,3000.0,3000.0,3000.0,3000.0,3000.0,3000.0,3000.0,3000.0,3000.0,3000.0,3000.0,3000.0,3000.0,3000.0,3000.0,3000.0,3000.0,3000.0,3000.0,3000.0,3000.0,3000.0,3000.0,3000.0,3000.0,3000.0,3000.0,3000.0,3000.0,3000.0,3000.0,3000.0,3000.0,3000.0,3000.0,3000.0,3000.0,3000.0,3000.0,3000.0,3000.0,3000.0,3000.0,3000.0,3000.0,3000.0,3000.0,3000.0,3000.0,3000.0,3000.0,3000.0,3000.0,3000.0,3000.0,3000.0,3000.0,3000.0,3000.0,3000.0,3000.0,3000.0,3000.0,3000.0,3000.0,3000.0,3000.0,3000.0,3000.0,3000.0,3000.0,3000.0,3000.0,3000.0,3000.0,3000.0,3000.0,3000.0,3000.0,3000.0,3000.0,3000.0,3000.0,1580.1362270115583,1431.1750211605295,1335.1350598016766,1277.9257435812867,3000.0,3000.0,3000.0,3000.0,1580.1362270115583,1431.1750211605295,1335.1350598016766,1277.9257435812867,3000.0,3000.0,3000.0,3000.0,1580.1362270115583,1431.1750211605295,1335.1350598016766,1277.9257435812867,3000.0,3000.0,3000.0,3000.0,1580.1362270115583,1431.1750211605295,1335.1350598016766,1277.9257435812867,3000.0,3000.0,3000.0,3000.0,1580.1362270115583,1431.1750211605295,1335.1350598016766,1277.9257435812867,3000.0,3000.0,3000.0,3000.0,1580.1362270115583,1431.1750211605295,1335.1350598016766,1277.9257435812867,3000.0,3000.0,3000.0,3000.0,1580.1362270115583,1431.1750211605295,1335.1350598016766,1277.9257435812867,3000.0,3000.0,3000.0,3000.0,1580.1362270115583,1431.1750211605295,1335.1350598016766,1277.9257435812867,1277.9257435812867,1252.2413495151084,1255.052472273923,1286.6832913660533,1350.9069387872448,1456.1148076815032,3000.0,3000.0,1277.9257435812867,1252.2413495151084,1255.052472273923,1286.6832913660533,1350.9069387872448,1456.1148076815032,3000.0,3000.0,1277.9257435812867,1252.2413495151084,1255.052472273923,1286.6832913660533,1350.9069387872448,1456.1148076815032,3000.0,3000.0,1277.9257435812867,1252.2413495151084,1255.052472273923,1286.6832913660533,1350.9069387872448,1456.1148076815032,3000.0,3000.0,1277.9257435812867,1252.2413495151084,1255.052472273923,1286.6832913660533,1350.9069387872448,1456.1148076815032,3000.0,3000.0,1277.9257435812867,1252.2413495151084,1255.052472273923,1286.6832913660533,1350.9069387872448,1456.1148076815032,3000.0,3000.0,1277.9257435812867,1252.2413495151084,1255.052472273923,1286.6832913660533,1350.9069387872448,1456.1148076815032,3000.0,3000.0,1277.9257435812867,1252.2413495151084,1255.052472273923,1286.6832913660533,1350.9069387872448,1456.1148076815032,3000.0,3000.0,3000.0,3000.0,3000.0,3000.0,3000.0,3000.0,3000.0,3000.0,3000.0,3000.0,3000.0,3000.0,3000.0,3000.0,3000.0,3000.0,3000.0,3000.0,3000.0,3000.0,3000.0,3000.0,3000.0,3000.0,3000.0,3000.0,3000.0,3000.0,3000.0,3000.0,3000.0,3000.0,3000.0,3000.0,3000.0,3000.0,3000.0,3000.0,3000.0,3000.0,3000.0,3000.0,3000.0,3000.0,3000.0,3000.0,3000.0,3000.0,3000.0,3000.0,3000.0,3000.0,3000.0,3000.0,3000.0,3000.0,3000.0,3000.0,3000.0,3000.0,3000.0,3000.0,3000.0,3000.0
5867,3000.0,3000.0,3000.0,3000.0,3000.0,3000.0,3000.0,3000.0,3000.0,3000.0,3000.0,3000.0,3000.0,3000.0,3000.0,3000.0,3000.0,3000.0,3000.0,3000.0,3000.0,3000.0,3000.0,3000.0,3000.0,3000.0,3000.0,3000.0,3000.0,3000.0,3000.0,3000.0,3000.0,3000.0,3000.0,3000.0,3000.0,3000.0,3000.0,3000.0,3000.0,3000.0,3000.0,3000.0,3000.0,3000.0,3000.0,3000.0,3000.0,3000.0,3000.0,3000.0,3000.0,3000.0,3000.0,3000.0,3000.0,3000.0,3000.0,3000.0,3000.0,3000.0,3000.0,3000.0,3000.0,3000.0,3000.0,3000.0,3000.0,3000.0,3000.0,3000.0,3000.0,3000.0,3000.0,3000.0,3000.0,3000.0,3000.0,3000.0,3000.0,3000.0,3000.0,3000.0,3000.0,3000.0,3000.0,3000.0,3000.0,3000.0,3000.0,3000.0,3000.0,3000.0,3000.0,3000.0,3000.0,3000.0,3000.0,3000.0,3000.0,3000.0,3000.0,3000.0,3000.0,3000.0,3000.0,3000.0,3000.0,3000.0,3000.0,3000.0,3000.0,3000.0,3000.0,3000.0,3000.0,3000.0,3000.0,3000.0,3000.0,3000.0,3000.0,3000.0,3000.0,3000.0,3000.0,3000.0,3000.0,3000.0,3000.0,3000.0,3000.0,3000.0,3000.0,3000.0,3000.0,3000.0,3000.0,3000.0,3000.0,3000.0,3000.0,3000.0,3000.0,3000.0,3000.0,3000.0,3000.0,3000.0,3000.0,3000.0,3000.0,3000.0,3000.0,3000.0,3000.0,3000.0,3000.0,3000.0,3000.0,3000.0,3000.0,3000.0,3000.0,3000.0,3000.0,3000.0,3000.0,3000.0,3000.0,3000.0,3000.0,3000.0,3000.0,3000.0,3000.0,3000.0,3000.0,3000.0,3000.0,3000.0,3000.0,3000.0,3000.0,3000.0,3000.0,3000.0,3000.0,3000.0,3000.0,3000.0,3000.0,3000.0,3000.0,3000.0,1502.7366239554378,1380.8321242485185,1304.1687559050465,1262.2844656482728,3000.0,3000.0,3000.0,3000.0,1502.7366239554378,1380.8321242485185,1304.1687559050465,1262.2844656482728,3000.0,3000.0,3000.0,3000.0,1502.7366239554378,1380.8321242485185,1304.1687559050465,1262.2844656482728,3000.0,3000.0,3000.0,3000.0,1502.7366239554378,1380.8321242485185,1304.1687559050465,1262.2844656482728,3000.0,3000.0,3000.0,3000.0,1502.7366239554378,1380.8321242485185,1304.1687559050465,1262.2844656482728,3000.0,3000.0,3000.0,3000.0,1502.7366239554378,1380.8321242485185,1304.1687559050465,1262.2844656482728,3000.0,3000.0,3000.0,3000.0,1502.7366239554378,1380.8321242485185,1304.1687559050465,1262.2844656482728,3000.0,3000.0,3000.0,3000.0,1502.7366239554378,1380.8321242485185,1304.1687559050465,1262.2844656482728,1262.2844656482728,1250.0621693969445,1266.085324654798,1312.217966888133,1394.1605590060447,1523.3135018131388,3000.0,3000.0,1262.2844656482728,1250.0621693969445,1266.085324654798,1312.217966888133,1394.1605590060447,1523.3135018131388,3000.0,3000.0,1262.2844656482728,1250.0621693969445,1266.085324654798,1312.217966888133,1394.1605590060447,1523.3135018131388,3000.0,3000.0,1262.2844656482728,1250.0621693969445,1266.085324654798,1312.217966888133,1394.1605590060447,1523.3135018131388,3000.0,3000.0,1262.2844656482728,1250.0621693969445,1266.085324654798,1312.217966888133,1394.1605590060447,1523.3135018131388,3000.0,3000.0,1262.2844656482728,1250.0621693969445,1266.085324654798,1312.217966888133,1394.1605590060447,1523.3135018131388,3000.0,3000.0,1262.2844656482728,1250.0621693969445,1266.085324654798,1312.217966888133,1394.1605590060447,1523.3135018131388,3000.0,3000.0,1262.2844656482728,1250.0621693969445,1266.085324654798,1312.217966888133,1394.1605590060447,1523.3135018131388,3000.0,3000.0,3000.0,3000.0,3000.0,3000.0,3000.0,3000.0,3000.0,3000.0,3000.0,3000.0,3000.0,3000.0,3000.0,3000.0,3000.0,3000.0,3000.0,3000.0,3000.0,3000.0,3000.0,3000.0,3000.0,3000.0,3000.0,3000.0,3000.0,3000.0,3000.0,3000.0,3000.0,3000.0,3000.0,3000.0,3000.0,3000.0,3000.0,3000.0,3000.0,3000.0,3000.0,3000.0,3000.0,3000.0,3000.0,3000.0,3000.0,3000.0,3000.0,3000.0,3000.0,3000.0,3000.0,3000.0,3000.0,3000.0,3000.0,3000.0,3000.0,3000.0,3000.0,3000.0,3000.0,3000.0
5933,3000.0,3000.0,3000.0,3000.0,3000.0,3000.0,3000.0,3000.0,3000.0,3000.0,3000.0,3000.0,3000.0,3000.0,3000.0,3000.0,3000.0,3000.0,3000.0,3000.0,3000.0,3000.0,3000.0,3000.0,3000.0,3000.0,3000.0,3000.0,3000.0,3000.0,3000.0,3000.0,3000.0,3000.0,3000.0,3000.0,3000.0,3000.0,3000.0,3000.0,3000.0,3000.0,3000.0,3000.0,3000.0,3000.0,3000.0,3000.0,3000.0,3000.0,3000.0,3000.0,3000.0,3000.0,3000.0,3000.0,3000.0,3000.0,3000.0,3000.0,3000.0,3000.0,3000.0,3000.0,3000.0,3000.0,3000.0,3000.0,3000.0,3000.0,3000.0,3000.0,3000.0,3000.0,3000.0,3000.0,3000.0,3000.0,3000.0,3000.0,3000.0,3000.0,3000.0,3000.0,3000.0,3000.0,3000.0,3000.0,3000.0,3000.0,3000.0,3000.0,3000.0,3000.0,3000.0,3000.0,3000.0,3000.0,3000.0,3000.0,3000.0,3000.0,3000.0,3000.0,3000.0,3000.0,3000.0,3000.0,3000.0,3000.0,3000.0,3000.0,3000.0,3000.0,3000.0,3000.0,3000.0,3000.0,3000.0,3000.0,3000.0,3000.0,3000.0,3000.0,3000.0,3000.0,3000.0,3000.0,3000.0,3000.0,3000.0,3000.0,3000.0,3000.0,3000.0,3000.0,3000.0,3000.0,3000.0,3000.0,3000.0,3000.0,3000.0,3000.0,3000.0,3000.0,3000.0,3000.0,3000.0,3000.0,3000.0,3000.0,3000.0,3000.0,3000.0,3000.0,3000.0,3000.0,3000.0,3000.0,3000.0,3000.0,3000.0,3000.0,3000.0,3000.0,3000.0,3000.0,3000.0,3000.0,3000.0,3000.0,3000.0,3000.0,3000.0,3000.0,3000.0,3000.0,3000.0,3000.0,3000.0,3000.0,3000.0,3000.0,3000.0,3000.0,3000.0,3000.0,3000.0,3000.0,3000.0,3000.0,3000.0,3000.0,3000.0,1592.4969141518163,1439.249917233413,1340.2181276727044,1280.7043474201555,1253.052372601465,3000.0,3000.0,3000.0,1592.4969141518163,1439.249917233413,1340.2181276727044,1280.7043474201555,1253.052372601465,3000.0,3000.0,3000.0,1592.4969141518163,1439.249917233413,1340.2181276727044,1280.7043474201555,1253.052372601465,3000.0,3000.0,3000.0,1592.4969141518163,1439.249917233413,1340.2181276727044,1280.7043474201555,1253.052372601465,3000.0,3000.0,3000.0,1592.4969141518163,1439.249917233413,1340.2181276727044,1280.7043474201555,1253.052372601465,3000.0,3000.0,3000.0,1592.4969141518163,1439.249917233413,1340.2181276727044,1280.7043474201555,1253.052372601465,3000.0,3000.0,3000.0,1592.4969141518163,1439.249917233413,1340.2181276727044,1280.7043474201555,1253.052372601465,3000.0,3000.0,3000.0,1592.4969141518163,1439.249917233413,1340.2181276727044,1280.7043474201555,1253.052372601465,1253.052372601465,1253.989257138668,1283.6230158422131,1345.4743880566043,1447.56125002993,3000.0,3000.0,3000.0,1253.052372601465,1253.989257138668,1283.6230158422131,1345.4743880566043,1447.56125002993,3000.0,3000.0,3000.0,1253.052372601465,1253.989257138668,1283.6230158422131,1345.4743880566043,1447.56125002993,3000.0,3000.0,3000.0,1253.052372601465,1253.989257138668,1283.6230158422131,1345.4743880566043,1447.56125002993,3000.0,3000.0,3000.0,1253.052372601465,1253.989257138668,1283.6230158422131,1345.4743880566043,1447.56125002993,3000.0,3000.0,3000.0,1253.052372601465,1253.989257138668,1283.6230158422131,1345.4743880566043,1447.56125002993,3000.0,3000.0,3000.0,1253.052372601465,1253.989257138668,1283.6230158422131,1345.4743880566043,1447.56125002993,3000.0,3000.0,3000.0,1253.052372601465,1253.989257138668,1283.6230158422131,1345.4743880566043,1447.56125002993,3000.0,3000.0,3000.0,3000.0,3000.0,3000.0,3000.0,3000.0,3000.0,3000.0,3000.0,3000.0,3000.0,3000.0,3000.0,3000.0,3000.0,3000.0,3000.0,3000.0,3000.0,3000.0,3000.0,3000.0,3000.0,3000.0,3000.0,3000.0,3000.0,3000.0,3000.0,3000.0,3000.0,3000.0,3000.0,3000.0,3000.0,3000.0,3000.0,3000.0,3000.0,3000.0,3000.0,3000.0,3000.0,3000.0,3000.0,3000.0,3000.0,3000.0,3000.0,3000.0,3000.0,3000.0,3000.0,3000.0,3000.0,3000.0,3000.0,3000.0,3000.0,3000.0,3000.0,3000.0,3000.0,3000.0,3000.0
6000,3000.0,3000.0,3000.0,3000.0,3000.0,3000.0,3000.0,3000.0,3000.0,3000.0,3000.0,3000.0,3000.0,3000.0,3000.0,3000.0,3000.0,3000.0,3000.0,3000.0,3000.0,3000.0,3000.0,3000.0,3000.0,3000.0,3000.0,3000.0,3000.0,3000.0,3000.0,3000.0,3000.0,3000.0,3000.0,3000.0,3000.0,3000.0,3000.0,3000.0,3000.0,3000.0,3000.0,3000.0,3000.0,3000.0,3000.0,3000.0,3000.0,3000.0,3000.0,3000.0,3000.0,3000.0,3000.0,3000.0,3000.0,3000.0,3000.0,3000.0,3000.0,3000.0,3000.0,3000.0,3000.0,3000.0,3000.0,3000.0,3000.0,3000.0,3000.0,3000.0,3000.0,3000.0,3000.0,3000.0,3000.0,3000.0,3000.0,3000.0,3000.0,3000.0,3000.0,3000.0,3000.0,3000.0,3000.0,3000.0,3000.0,3000.0,3000.0,3000.0,3000.0,3000.0,3000.0,3000.0,3000.0,3000.0,3000.0,3000.0,3000.0,3000.0,3000.0,3000.0,3000.0,3000.0,3000.0,3000.0,3000.0,3000.0,3000.0,3000.0,3000.0,3000.0,3000.0,3000.0,3000.0,3000.0,3000.0,3000.0,3000.0,3000.0,3000.0,3000.0,3000.0,3000.0,3000.0,3000.0,3000.0,3000.0,3000.0,3000.0,3000.0,3000.0,3000.0,3000.0,3000.0,3000.0,3000.0,3000.0,3000.0,3000.0,3000.0,3000.0,3000.0,3000.0,3000.0,3000.0,3000.0,3000.0,3000.0,3000.0,3000.0,3000.0,3000.0,3000.0,3000.0,3000.0,3000.0,3000.0,3000.0,3000.0,3000.0,3000.0,3000.0,3000.0,3000.0,3000.0,3000.0,3000.0,3000.0,3000.0,3000.0,3000.0,3000.0,3000.0,3000.0,3000.0,3000.0,3000.0,3000.0,3000.0,3000.0,3000.0,3000.0,3000.0,3000.0,3000.0,3000.0,3000.0,3000.0,3000.0,3000.0,3000.0,3000.0,1512.879858530989,1387.3953302184277,1308.1159200335726,1264.119166644397,1250.0,3000.0,3000.0,3000.0,1512.879858530989,1387.3953302184277,1308.1159200335726,1264.119166644397,1250.0,3000.0,3000.0,3000.0,1512.879858530989,1387.3953302184277,1308.1159200335726,1264.119166644397,1250.0,3000.0,3000.0,3000.0,1512.879858530989,1387.3953302184277,1308.1159200335726,1264.119166644397,1250.0,3000.0,3000.0,3000.0,1512.879858530989,1387.3953302184277,1308.1159200335726,1264.119166644397,1250.0,3000.0,3000.0,3000.0,1512.879858530989,1387.3953302184277,1308.1159200335726,1264.119166644397,1250.0,3000.0,3000.0,3000.0,1512.879858530989,1387.3953302184277,1308.1159200335726,1264.119166644397,1250.0,3000.0,3000.0,3000.0,1512.879858530989,1387.3953302184277,1308.1159200335726,1264.119166644397,1250.0,1250.0,1264.119166644397,1308.1159200335726,1387.395330218428,1512.8798585309887,3000.0,3000.0,3000.0,1250.0,1264.119166644397,1308.1159200335726,1387.395330218428,1512.8798585309887,3000.0,3000.0,3000.0,1250.0,1264.119166644397,1308.1159200335726,1387.395330218428,1512.8798585309887,3000.0,3000.0,3000.0,1250.0,1264.119166644397,1308.1159200335726,1387.395330218428,1512.8798585309887,3000.0,3000.0,3000.0,1250.0,1264.119166644397,1308.1159200335726,1387.395330218428,1512.8798585309887,3000.0,3000.0,3000.0,1250.0,1264.119166644397,1308.1159200335726,1387.395330218428,1512.8798585309887,3000.0,3000.0,3000.0,1250.0,1264.119166644397,1308.1159200335726,1387.395330218428,1512.8798585309887,3000.0,3000.0,3000.0,1250.0,1264.119166644397,1308.1159200335726,1387.395330218428,1512.8798585309887,3000.0,3000.0,3000.0,3000.0,3000.0,3000.0,3000.0,3000.0,3000.0,3000.0,3000.0,3000.0,3000.0,3000.0,3000.0,3000.0,3000.0,3000.0,3000.0,3000.0,3000.0,3000.0,3000.0,3000.0,3000.0,3000.0,3000.0,3000.0,3000.0,3000.0,3000.0,3000.0,3000.0,3000.0,3000.0,3000.0,3000.0,3000.0,3000.0,3000.0,3000.0,3000.0,3000.0,3000.0,3000.0,3000.0,3000.0,3000.0,3000.0,3000.0,3000.0,3000.0,3000.0,3000.0,3000.0,3000.0,3000.0,3000.0,3000.0,3000.0,3000.0,3000.0,3000.0,3000.0,3000.0,3000.0,3000.0
6067,3000.0,3000.0,3000.0,3000.0,3000.0,3000.0,3000.0,3000.0,3000.0,3000.0,3000.0,3000.0,3000.0,3000.0,3000.0,3000.0,3000.0,3000.0,3000.0,3000.0,3000.0,3000.0,3000.0,3000.0,3000.0,3000.0,3000.0,3000.0,3000.0,3000.0,3000.0,3000.0,3000.0,3000.0,3000.0,3000.0,3000.0,3000.0,3000.0,3000.0,3000.0,3000.0,3000.0,3000.0,3000.0,3000.0,3000.0,3000.0,3000.0,3000.0,3000.0,3000.0,3000.0,3000.0,3000.0,3000.0,3000.0,3000.0,3000.0,3000.0,3000.0,3000.0,3000.0,3000.0,3000.0,3000.0,3000.0,3000.0,3000.0,3000.0,3000.0,3000.0,3000.0,3000.0,3000.0,3000.0,3000.0,3000.0,3000.0,3000.0,3000.0,3000.0,3000.0,3000.0,3000.0,3000.0,3000.0,3000.0,3000.0,3000.0,3000.0,3000.0,3000.0,3000.0,3000.0,3000.0,3000.0,3000.0,3000.0,3000.0,3000.0,3000.0,3000.0,3000.0,3000.0,3000.0,3000.0,3000.0,3000.0,3000.0,3000.0,3000.0,3000.0,3000.0,3000.0,3000.0,3000.0,3000.0,3000.0,3000.0,3000.0,3000.0,3000.0,3000.0,3000.0,3000.0,3000.0,3000.0,3000.0,3000.0,3000.0,3000.0,3000.0,3000.0,3000.0,3000.0,3000.0,3000.0,3000.0,3000.0,3000.0,3000.0,3000.0,3000.0,3000.0,3000.0,3000.0,3000.0,3000.0,3000.0,3000.0,3000.0,3000.0,3000.0,3000.0,3000.0,3000.0,3000.0,3000.0,3000.0,3000.0,3000.0,3000.0,3000.0,3000.0,3000.0,3000.0,3000.0,3000.0,3000.0,3000.0,3000.0,3000.0,3000.0,3000.0,3000.0,3000.0,3000.0,3000.0,3000.0,3000.0,3000.0,3000.0,3000.0,3000.0,3000.0,3000.0,3000.0,3000.0,3000.0,3000.0,3000.0,3000.0,3000.0,3000.0,1447.5612500299308,1345.4743880566043,1283.6230158422131,1253.9892571386683,1253.052372601465,3000.0,3000.0,3000.0,1447.5612500299308,1345.4743880566043,1283.6230158422131,1253.9892571386683,1253.052372601465,3000.0,3000.0,3000.0,1447.5612500299308,1345.4743880566043,1283.6230158422131,1253.9892571386683,1253.052372601465,3000.0,3000.0,3000.0,1447.5612500299308,1345.4743880566043,1283.6230158422131,1253.9892571386683,1253.052372601465,3000.0,3000.0,3000.0,1447.5612500299308,1345.4743880566043,1283.6230158422131,1253.9892571386683,1253.052372601465,3000.0,3000.0,3000.0,1447.5612500299308,1345.4743880566043,1283.6230158422131,1253.9892571386683,1253.052372601465,3000.0,3000.0,3000.0,1447.5612500299308,1345.4743880566043,1283.6230158422131,1253.9892571386683,1253.052372601465,3000.0,3000.0,3000.0,1447.5612500299308,1345.4743880566043,1283.6230158422131,1253.9892571386683,1253.052372601465,1253.052372601465,1280.7043474201555,1340.2181276727044,1439.2499172334128,1592.4969141518156,3000.0,3000.0,3000.0,1253.052372601465,1280.7043474201555,1340.2181276727044,1439.2499172334128,1592.4969141518156,3000.0,3000.0,3000.0,1253.052372601465,1280.7043474201555,1340.2181276727044,1439.2499172334128,1592.4969141518156,3000.0,3000.0,3000.0,1253.052372601465,1280.7043474201555,1340.2181276727044,1439.2499172334128,1592.4969141518156,3000.0,3000.0,3000.0,1253.052372601465,1280.7043474201555,1340.2181276727044,1439.2499172334128,1592.4969141518156,3000.0,3000.0,3000.0,1253.052372601465,1280.7043474201555,1340.2181276727044,1439.2499172334128,1592.4969141518156,3000.0,3000.0,3000.0,1253.052372601465,1280.7043474201555,1340.2181276727044,1439.2499172334128,1592.4969141518156,3000.0,3000.0,3000.0,1253.052372601465,1280.7043474201555,1340.2181276727044,1439.2499172334128,1592.4969141518156,3000.0,3000.0,3000.0,3000.0,3000.0,3000.0,3000.0,3000.0,3000.0,3000.0,3000.0,3000.0,3000.0,3000.0,3000.0,3000.0,3000.0,3000.0,3000.0,3000.0,3000.0,3000.0,3000.0,3000.0,3000.0,3000.0,3000.0,3000.0,3000.0,3000.0,3000.0,3000.0,3000.0,3000.0,3000.0,3000.0,3000.0,3000.0,3000.0,3000.0,3000.0,3000.0,3000.0,3000.0,3000.0,3000.0,3000.0,3000.0,3000.0,3000.0,3000.0,3000.0,3000.0,3000.0,3000.0,3000.0,3000.0,3000.0,3000.0,3000.0,3000.0,3000.0,3000.0,3000.0,3000.0,3000.0,3000.0
6133,3000.0,3000.0,3000.0,3000.0,3000.0,3000.0,3000.0,3000.0,3000.0,3000.0,3000.0,3000.0,3000.0,3000.0,3000.0,3000.0,3000.0,3000.0,3000.0,3000.0,3000.0,3000.0,3000.0,3000.0,3000.0,3000.0,3000.0,3000.0,3000.0,3000.0,3000.0,3000.0,3000.0,3000.0,3000.0,3000.0,3000.0,3000.0,3000.0,3000.0,3000.0,3000.0,3000.0,3000.0,3000.0,3000.0,3000.0,3000.0,3000.0,3000.0,3000.0,3000.0,3000.0,3000.0,3000.0,3000.0,3000.0,3000.0,3000.0,3000.0,3000.0,3000.0,3000.0,3000.0,3000.0,3000.0,3000.0,3000.0,3000.0,3000.0,3000.0,3000.0,3000.0,3000.0,3000.0,3000.0,3000.0,3000.0,3000.0,3000.0,3000.0,3000.0,3000.0,3000.0,3000.0,3000.0,3000.0,3000.0,3000.0,3000.0,3000.0,3000.0,3000.0,3000.0,3000.0,3000.0,3000.0,3000.0,3000.0,3000.0,3000.0,3000.0,3000.0,3000.0,3000.0,3000.0,3000.0,3000.0,3000.0,3000.0,3000.0,3000.0,3000.0,3000.0,3000.0,3000.0,3000.0,3000.0,3000.0,3000.0,3000.0,3000.0,3000.0,3000.0,3000.0,3000.0,3000.0,3000.0,3000.0,3000.0,3000.0,3000.0,3000.0,3000.0,3000.0,3000.0,3000.0,3000.0,3000.0,3000.0,3000.0,3000.0,3000.0,3000.0,3000.0,3000.0,3000.0,3000.0,3000.0,3000.0,3000.0,3000.0,3000.0,3000.0,3000.0,3000.0,3000.0,3000.0,3000.0,3000.0,3000.0,3000.0,3000.0,3000.0,3000.0,3000.0,3000.0,3000.0,3000.0,3000.0,3000.0,3000.0,3000.0,3000.0,3000.0,3000.0,3000.0,3000.0,3000.0,3000.0,3000.0,3000.0,3000.0,3000.0,3000.0,3000.0,3000.0,3000.0,3000.0,3000.0,3000.0,3000.0,3000.0,3000.0,1523.3135018131388,1394.160559006045,1312.217966888133,1266.085324654798,1250.0621693969445,1262.2844656482728,3000.0,3000.0,1523.3135018131388,1394.160559006045,1312.217966888133,1266.085324654798,1250.0621693969445,1262.2844656482728,3000.0,3000.0,1523.3135018131388,1394.160559006045,1312.217966888133,1266.085324654798,1250.0621693969445,1262.2844656482728,3000.0,3000.0,1523.3135018131388,1394.160559006045,1312.217966888133,1266.085324654798,1250.0621693969445,1262.2844656482728,3000.0,3000.0,1523.3135018131388,1394.160559006045,1312.217966888133,1266.085324654798,1250.0621693969445,1262.2844656482728,3000.0,3000.0,1523.3135018131388,1394.160559006045,1312.217966888133,1266.085324654798,1250.0621693969445,1262.2844656482728,3000.0,3000.0,1523.3135018131388,1394.160559006045,1312.217966888133,1266.085324654798,1250.0621693969445,1262.2844656482728,3000.0,3000.0,1523.3135018131388,1394.160559006045,1312.217966888133,1266.085324654798,1250.0621693969445,1262.2844656482728,1262.2844656482728,1304.168755905046,1380.8321242485183,1502.7366239554374,3000.0,3000.0,3000.0,3000.0,1262.2844656482728,1304.168755905046,1380.8321242485183,1502.7366239554374,3000.0,3000.0,3000.0,3000.0,1262.2844656482728,1304.168755905046,1380.8321242485183,1502.7366239554374,3000.0,3000.0,3000.0,3000.0,1262.2844656482728,1304.168755905046,1380.8321242485183,1502.7366239554374,3000.0,3000.0,3000.0,3000.0,1262.2844656482728,1304.168755905046,1380.8321242485183,1502.7366239554374,3000.0,3000.0,3000.0,3000.0,1262.2844656482728,1304.168755905046,1380.8321242485183,1502.7366239554374,3000.0,3000.0,3000.0,3000.0,1262.2844656482728,1304.168755905046,1380.8321242485183,1502.7366239554374,3000.0,3000.0,3000.0,3000.0,1262.2844656482728,1304.168755905046,1380.8321242485183,1502.7366239554374,3000.0,3000.0,3000.0,3000.0,3000.0,3000.0,3000.0,3000.0,3000.0,3000.0,3000.0,3000.0,3000.0,3000.0,3000.0,3000.0,3000.0,3000.0,3000.0,3000.0,3000.0,3000.0,3000.0,3000.0,3000.0,3000.0,3000.0,3000.0,3000.0,3000.0,3000.0,3000.0,3000.0,3000.0,3000.0,3000.0,3000.0,3000.0,3000.0,3000.0,3000.0,3000.0,3000.0,3000.0,3000.0,3000.0,3000.0,3000.0,3000.0,3000.0,3000.0,3000.0,3000.0,3000.0,3000.0,3000.0,3000.0,3000.0,3000.0,3000.0,3000.0,3000.0,3000.0,3000.0,3000.0,3000.0,3000.0,3000.0
6200,3000.0,3000.0,3000.0,3000.0,3000.0,3000.0,3000.0,3000.0,3000.0,3000.0,3000.0,3000.0,3000.0,3000.0,3000.0,3000.0,3000.0,3000.0,3000.0,3000.0,3000.0,3000.0,3000.0,3000.0,3000.0,3000.0,3000.0,3000.0,3000.0,3000.0,3000.0,3000.0,3000.0,3000.0,3000.0,3000.0,3000.0,3000.0,3000.0,3000.0,3000.0,3000.0,3000.0,3000.0,3000.0,3000.0,3000.0,3000.0,3000.0,3000.0,3000.0,3000.0,3000.0,3000.0,3000.0,3000.0,3000.0,3000.0,3000.0,3000.0,3000.0,3000.0,3000.0,3000.0,3000.0,3000.0,3000.0,3000.0,3000.0,3000.0,3000.0,3000.0,3000.0,3000.0,3000.0,3000.0,3000.0,3000.0,3000.0,3000.0,3000.0,3000.0,3000.0,3000.0,3000.0,3000.0,3000.0,3000.0,3000.0,3000.0,3000.0,3000.0,3000.0,3000.0,3000.0,3000.0,3000.0,3000.0,3000.0,3000.0,3000.0,3000.0,3000.0,3000.0,3000.0,3000.0,3000.0,3000.0,3000.0,3000.0,3000.0,3000.0,3000.0,3000.0,3000.0,3000.0,3000.0,3000.0,3000.0,3000.0,3000.0,3000.0,3000.0,3000.0,3000.0,3000.0,3000.0,3000.0,3000.0,3000.0,3000.0,3000.0,3000.0,3000.0,3000.0,3000.0,3000.0,3000.0,3000.0,3000.0,3000.0,3000.0,3000.0,3000.0,3000.0,3000.0,3000.0,3000.0,3000.0,3000.0,3000.0,3000.0,3000.0,3000.0,3000.0,3000.0,3000.0,3000.0,3000.0,3000.0,3000.0,3000.0,3000.0,3000.0,3000.0,3000.0,3000.0,3000.0,3000.0,3000.0,3000.0,3000.0,3000.0,3000.0,3000.0,3000.0,3000.0,3000.0,3000.0,3000.0,3000.0,3000.0,3000.0,3000.0,3000.0,3000.0,3000.0,3000.0,3000.0,3000.0,3000.0,3000.0,3000.0,3000.0,1456.1148076815039,1350.9069387872453,1286.6832913660535,1255.0524722739233,1252.2413495151084,1277.9257435812867,3000.0,3000.0,1456.1148076815039,1350.9069387872453,1286.6832913660535,1255.0524722739233,1252.2413495151084,1277.9257435812867,3000.0,3000.0,1456.1148076815039,1350.9069387872453,1286.6832913660535,1255.0524722739233,1252.2413495151084,1277.9257435812867,3000.0,3000.0,1456.1148076815039,1350.9069387872453,1286.6832913660535,1255.0524722739233,1252.2413495151084,1277.9257435812867,3000.0,3000.0,1456.1148076815039,1350.9069387872453,1286.6832913660535,1255.0524722739233,1252.2413495151084,1277.9257435812867,3000.0,3000.0,1456.1148076815039,1350.9069387872453,1286.6832913660535,1255.0524722739233,1252.2413495151084,1277.9257435812867,3000.0,3000.0,1456.1148076815039,1350.9069387872453,1286.6832913660535,1255.0524722739233,1252.2413495151084,1277.9257435812867,3000.0,3000.0,1456.1148076815039,1350.9069387872453,1286.6832913660535,1255.0524722739233,1252.2413495151084,1277.9257435812867,1277.9257435812865,1335.135059801676,1431.1750211605286,1580.1362270115571,3000.0,3000.0,3000.0,3000.0,1277.9257435812865,1335.135059801676,1431.1750211605286,1580.1362270115571,3000.0,3000.0,3000.0,3000.0,1277.9257435812865,1335.135059801676,1431.1750211605286,1580.1362270115571,3000.0,3000.0,3000.0,3000.0,1277.9257435812865,1335.135059801676,1431.1750211605286,1580.1362270115571,3000.0,3000.0,3000.0,3000.0,1277.9257435812865,1335.135059801676,1431.1750211605286,1580.1362270115571,3000.0,3000.0,3000.0,3000.0,1277.9257435812865,1335.135059801676,1431.1750211605286,1580.1362270115571,3000.0,3000.0,3000.0,3000.0,1277.9257435812865,1335.135059801676,1431.1750211605286,1580.1362270115571,3000.0,3000.0,3000.0,3000.0,1277.9257435812865,1335.135059801676,1431.1750211605286,1580.1362270115571,3000.0,3000.0,3000.0,3000.0,3000.0,3000.0,3000.0,3000.0,3000.0,3000.0,3000.0,3000.0,3000.0,3000.0,3000.0,3000.0,3000.0,3000.0,3000.0,3000.0,3000.0,3000.0,3000.0,3000.0,3000.0,3000.0,3000.0,3000.0,3000.0,3000.0,3000.0,3000.0,3000.0,3000.0,3000.0,3000.0,3000.0,3000.0,3000.0,3000.0,3000.0,3000.0,3000.0,3000.0,3000.0,3000.0,3000.0,3000.0,3000.0,3000.0,3000.0,3000.0,3000.0,3000.0,3000.0,3000.0,3000.0,3000.0,3000.0,3000.0,3000.0,3000.0,3000.0,3000.0,3000.0,3000.0,3000.0,3000.0
6267,3000.0,3000.0,3000.0,3000.0,3000.0,3000.0,3000.0,3000.0,3000.0,3000.0,3000.0,3000.0,3000.0,3000.0,3000.0,3000.0,3000.0,3000.0,3000.0,3000.0,3000.0,3000.0,3000.0,3000.0,3000.0,3000.0,3000.0,3000.0,3000.0,3000.0,3000.0,3000.0,3000.0,3000.0,3000.0,3000.0,3000.0,3000.0,3000.0,3000.0,3000.0,3000.0,3000.0,3000.0,3000.0,3000.0,3000.0,3000.0,3000.0,3000.0,3000.0,3000.0,3000.0,3000.0,3000.0,3000.0,3000.0,3000.0,3000.0,3000.0,3000.0,3000.0,3000.0,3000.0,3000.0,3000.0,3000.0,3000.0,3000.0,3000.0,3000.0,3000.0,3000.0,3000.0,3000.0,3000.0,3000.0,3000.0,3000.0,3000.0,3000.0,3000.0,3000.0,3000.0,3000.0,3000.0,3000.0,3000.0,3000.0,3000.0,3000.0,3000.0,3000.0,3000.0,3000.0,3000.0,3000.0,3000.0,3000.0,3000.0,3000.0,3000.0,3000.0,3000.0,3000.0,3000.0,3000.0,3000.0,3000.0,3000.0,3000.0,3000.0,3000.0,3000.0,3000.0,3000.0,3000.0,3000.0,3000.0,3000.0,3000.0,3000.0,3000.0,3000.0,3000.0,3000.0,3000.0,3000.0,3000.0,3000.0,3000.0,3000.0,3000.0,3000.0,3000.0,3000.0,3000.0,3000.0,3000.0,3000.0,3000.0,3000.0,3000.0,3000.0,3000.0,3000.0,3000.0,3000.0,3000.0,3000.0,3000.0,3000.0,3000.0,3000.0,3000.0,3000.0,3000.0,3000.0,3000.0,3000.0,3000.0,3000.0,3000.0,3000.0,3000.0,3000.0,3000.0,3000.0,3000.0,3000.0,3000.0,3000.0,3000.0,3000.0,3000.0,3000.0,3000.0,3000.0,3000.0,3000.0,3000.0,3000.0,3000.0,3000.0,3000.0,3000.0,3000.0,3000.0,3000.0,3000.0,3000.0,3000.0,3000.0,1534.0457018004297,1401.1321364564144,1316.47717817501,1268.18394614914,1250.248708511741,1260.5802858571574,1300.3742948270024,3000.0,1534.0457018004297,1401.1321364564144,1316.47717817501,1268.18394614914,1250.248708511741,1260.5802858571574,1300.3742948270024,3000.0,1534.0457018004297,1401.1321364564144,1316.47717817501,1268.18394614914,1250.248708511741,1260.5802858571574,1300.3742948270024,3000.0,1534.0457018004297,1401.1321364564144,1316.47717817501,1268.18394614914,1250.248708511741,1260.5802858571574,1300.3742948270024,3000.0,1534.0457018004297,1401.1321364564144,1316.47717817501,1268.18394614914,1250.248708511741,1260.5802858571574,1300.3742948270024,3000.0,1534.0457018004297,1401.1321364564144,1316.47717817501,1268.18394614914,1250.248708511741,1260.5802858571574,1300.3742948270024,3000.0,1534.0457018004297,1401.1321364564144,1316.47717817501,1268.18394614914,1250.248708511741,1260.5802858571574,1300.3742948270024,3000.0,1534.0457018004297,1401.1321364564144,1316.47717817501,1268.18394614914,1250.248708511741,1260.5802858571574,1300.3742948270024,1300.3742948270026,1374.4667908026468,1492.875997540996,3000.0,3000.0,3000.0,3000.0,3000.0,1300.3742948270026,1374.4667908026468,1492.875997540996,3000.0,3000.0,3000.0,3000.0,3000.0,1300.3742948270026,1374.4667908026468,1492.875997540996,3000.0,3000.0,3000.0,3000.0,3000.0,1300.3742948270026,1374.4667908026468,1492.875997540996,3000.0,3000.0,3000.0,3000.0,3000.0,1300.3742948270026,1374.4667908026468,1492.875997540996,3000.0,3000.0,3000.0,3000.0,3000.0,1300.3742948270026,1374.4667908026468,1492.875997540996,3000.0,3000.0,3000.0,3000.0,3000.0,1300.3742948270026,1374.4667908026468,1492.875997540996,3000.0,3000.0,3000.0,3000.0,3000.0,1300.3742948270026,1374.4667908026468,1492.875997540996,3000.0,3000.0,3000.0,3000.0,3000.0,3000.0,3000.0,3000.0,3000.0,3000.0,3000.0,3000.0,3000.0,3000.0,3000.0,3000.0,3000.0,3000.0,3000.0,3000.0,3000.0,3000.0,3000.0,3000.0,3000.0,3000.0,3000.0,3000.0,3000.0,3000.0,3000.0,3000.0,3000.0,3000.0,3000.0,3000.0,3000.0,3000.0,3000.0,3000.0,3000.0,3000.0,3000.0,3000.0,3000.0,3000.0,3000.0,3000.0,3000.0,3000.0,3000.0,3000.0,3000.0,3000.0,3000.0,3000.0,3000.0,3000.0,3000.0,3000.0,3000.0,3000.0,3000.0,3000.0,3000.0,3000.0,3000.0,3000.0,3000.0
6333,3000.0,3000.0,3000.0,3000.0,3000.0,3000.0,3000.0,3000.0,3000.0,3000.0,3000.0,3000.0,3000.0,3000.0,3000.0,3000.0,3000.0,3000.0,3000.0,3000.0,3000.0,3000.0,3000.0,3000.0,3000.0,3000.0,3000.0,3000.0,3000.0,3000.0,3000.0,3000.0,3000.0,3000.0,3000.0,3000.0,3000.0,3000.0,3000.0,3000.0,3000.0,3000.0,3000.0,3000.0,3000.0,3000.0,3000.0,3000.0,3000.0,3000.0,3000.0,3000.0,3000.0,3000.0,3000.0,3000.0,3000.0,3000.0,3000.0,3000.0,3000.0,3000.0,3000.0,3000.0,3000.0,3000.0,3000.0,3000.0,3000.0,3000.0,3000.0,3000.0,3000.0,3000.0,3000.0,3000.0,3000.0,3000.0,3000.0,3000.0,3000.0,3000.0,3000.0,3000.0,3000.0,3000.0,3000.0,3000.0,3000.0,3000.0,3000.0,3000.0,3000.0,3000.0,3000.0,3000.0,3000.0,3000.0,3000.0,3000.0,3000.0,3000.0,3000.0,3000.0,3000.0,3000.0,3000.0,3000.0,3000.0,3000.0,3000.0,3000.0,3000.0,3000.0,3000.0,3000.0,3000.0,3000.0,3000.0,3000.0,3000.0,3000.0,3000.0,3000.0,3000.0,3000.0,3000.0,3000.0,3000.0,3000.0,3000.0,3000.0,3000.0,3000.0,3000.0,3000.0,3000.0,3000.0,3000.0,3000.0,3000.0,3000.0,3000.0,3000.0,3000.0,3000.0,3000.0,3000.0,3000.0,3000.0,3000.0,3000.0,3000.0,3000.0,3000.0,3000.0,3000.0,3000.0,3000.0,3000.0,3000.0,3000.0,3000.0,3000.0,3000.0,3000.0,3000.0,3000.0,3000.0,3000.0,3000.0,3000.0,3000.0,3000.0,3000.0,3000.0,3000.0,3000.0,3000.0,3000.0,3000.0,3000.0,3000.0,3000.0,3000.0,3000.0,3000.0,3000.0,3000.0,3000.0,3000.0,3000.0,3000.0,1464.9166268002627,1356.519011448767,1289.8868003232878,1256.2425514336148,1251.5557824364819,1275.2857435773587,1330.2222155948903,3000.0,1464.9166268002627,1356.519011448767,1289.8868003232878,1256.2425514336148,1251.5557824364819,1275.2857435773587,1330.2222155948903,3000.0,1464.9166268002627,1356.519011448767,1289.8868003232878,1256.2425514336148,1251.5557824364819,1275.2857435773587,1330.2222155948903,3000.0,1464.9166268002627,1356.519011448767,1289.8868003232878,1256.2425514336148,1251.5557824364819,1275.2857435773587,1330.2222155948903,3000.0,1464.9166268002627,1356.519011448767,1289.8868003232878,1256.2425514336148,1251.5557824364819,1275.2857435773587,1330.2222155948903,3000.0,1464.9166268002627,1356.519011448767,1289.8868003232878,1256.2425514336148,1251.5557824364819,1275.2857435773587,1330.2222155948903,3000.0,1464.9166268002627,1356.519011448767,1289.8868003232878,1256.2425514336148,1251.5557824364819,1275.2857435773587,1330.2222155948903,3000.0,1464.9166268002627,1356.519011448767,1289.8868003232878,1256.2425514336148,1251.5557824364819,1275.2857435773587,1330.2222155948903,1330.22221559489,1423.3310111058292,1568.1207185425071,3000.0,3000.0,3000.0,3000.0,3000.0,1330.22221559489,1423.3310111058292,1568.1207185425071,3000.0,3000.0,3000.0,3000.0,3000.0,1330.22221559489,1423.3310111058292,1568.1207185425071,3000.0,3000.0,3000.0,3000.0,3000.0,1330.22221559489,1423.3310111058292,1568.1207185425071,3000.0,3000.0,3000.0,3000.0,3000.0,1330.22221559489,1423.3310111058292,1568.1207185425071,3000.0,3000.0,3000.0,3000.0,3000.0,1330.22221559489,1423.3310111058292,1568.1207185425071,3000.0,3000.0,3000.0,3000.0,3000.0,1330.22221559489,1423.3310111058292,1568.1207185425071,3000.0,3000.0,3000.0,3000.0,3000.0,1330.22221559489,1423.3310111058292,1568.1207185425071,3000.0,3000.0,3000.0,3000.0,3000.0,3000.0,3000.0,3000.0,3000.0,3000.0,3000.0,3000.0,3000.0,3000.0,3000.0,3000.0,3000.0,3000.0,3000.0,3000.0,3000.0,3000.0,3000.0,3000.0,3000.0,3000.0,3000.0,3000.0,3000.0,3000.0,3000.0,3000.0,3000.0,3000.0,3000.0,3000.0,3000.0,3000.0,3000.0,3000.0,3000.0,3000.0,3000.0,3000.0,3000.0,3000.0,3000.0,3000.0,3000.0,3000.0,3000.0,3000.0,3000.0,3000.0,3000.0,3000.0,3000.0,3000.0,3000.0,3000.0,3000.0,3000.0,3000.0,3000.0,3000.0,3000.0,3000.0,3000.0,3000.0
6400,3000.0,3000.0,3000.0,3000.0,3000.0,3000.0,3000.0,3000.0,3000.0,3000.0,3000.0,3000.0,3000.0,3000.0,3000.0,3000.0,3000.0,3000.0,3000.0,3000.0,3000.0,3000.0,3000.0,3000.0,3000.0,3000.0,3000.0,3000.0,3000.0,3000.0,3000.0,3000.0,3000.0,3000.0,3000.0,3000.0,3000.0,3000.0,3000.0,3000.0,3000.0,3000.0,3000.0,3000.0,3000.0,3000.0,3000.0,3000.0,3000.0,3000.0,3000.0,3000.0,3000.0,3000.0,3000.0,3000.0,3000.0,3000.0,3000.0,3000.0,3000.0,3000.0,3000.0,3000.0,3000.0,3000.0,3000.0,3000.0,3000.0,3000.0,3000.0,3000.0,3000.0,3000.0,3000.0,3000.0,3000.0,3000.0,3000.0,3000.0,3000.0,3000.0,3000.0,3000.0,3000.0,3000.0,3000.0,3000.0,3000.0,3000.0,3000.0,3000.0,3000.0,3000.0,3000.0,3000.0,3000.0,3000.0,3000.0,3000.0,3000.0,3000.0,3000.0,3000.0,3000.0,3000.0,3000.0,3000.0,3000.0,3000.0,3000.0,3000.0,3000.0,3000.0,3000.0,3000.0,3000.0,3000.0,3000.0,3000.0,3000.0,3000.0,3000.0,3000.0,3000.0,3000.0,3000.0,3000.0,3000.0,3000.0,3000.0,3000.0,3000.0,3000.0,3000.0,3000.0,3000.0,3000.0,3000.0,3000.0,3000.0,3000.0,3000.0,3000.0,3000.0,3000.0,3000.0,3000.0,3000.0,3000.0,3000.0,3000.0,3000.0,3000.0,3000.0,3000.0,3000.0,3000.0,3000.0,3000.0,3000.0,3000.0,3000.0,3000.0,3000.0,3000.0,3000.0,3000.0,3000.0,3000.0,3000.0,3000.0,3000.0,3000.0,3000.0,3000.0,3000.0,3000.0,3000.0,3000.0,3000.0,3000.0,3000.0,3000.0,3000.0,3000.0,3000.0,3000.0,3000.0,3000.0,3000.0,3000.0,1545.0849718747363,1408.3145713744473,1320.8959408758722,1270.4161095310928,1250.5597101538162,1259.0057609440844,1296.7304560858975,1368.295348132559,1545.0849718747363,1408.3145713744473,1320.8959408758722,1270.4161095310928,1250.5597101538162,1259.0057609440844,1296.7304560858975,1368.295348132559,1545.0849718747363,1408.3145713744473,1320.8959408758722,1270.4161095310928,1250.5597101538162,1259.0057609440844,1296.7304560858975,1368.295348132559,1545.0849718747363,1408.3145713744473,1320.8959408758722,1270.4161095310928,1250.5597101538162,1259.0057609440844,1296.7304560858975,1368.295348132559,1545.0849718747363,1408.3145713744473,1320.8959408758722,1270.4161095310928,1250.5597101538162,1259.0057609440844,1296.7304560858975,1368.295348132559,1545.0849718747363,1408.3145713744473,1320.8959408758722,1270.4161095310928,1250.5597101538162,1259.0057609440844,1296.7304560858975,1368.295348132559,1545.0849718747363,1408.3145713744473,1320.8959408758722,1270.4161095310928,1250.5597101538162,1259.0057609440844,1296.7304560858975,1368.295348132559,1545.0849718747363,1408.3145713744473,1320.8959408758722,1270.4161095310928,1250.5597101538162,1259.0057609440844,1296.7304560858975,1368.295348132559,1368.2953481325585,1483.2905093477814,3000.0,3000.0,3000.0,3000.0,3000.0,3000.0,1368.2953481325585,1483.2905093477814,3000.0,3000.0,3000.0,3000.0,3000.0,3000.0,1368.2953481325585,1483.2905093477814,3000.0,3000.0,3000.0,3000.0,3000.0,3000.0,1368.2953481325585,1483.2905093477814,3000.0,3000.0,3000.0,3000.0,3000.0,3000.0,1368.2953481325585,1483.2905093477814,3000.0,3000.0,3000.0,3000.0,3000.0,3000.0,1368.2953481325585,1483.2905093477814,3000.0,3000.0,3000.0,3000.0,3000.0,3000.0,1368.2953481325585,1483.2905093477814,3000.0,3000.0,3000.0,3000.0,3000.0,3000.0,1368.2953481325585,1483.2905093477814,3000.0,3000.0,3000.0,3000.0,3000.0,3000.0,3000.0,3000.0,3000.0,3000.0,3000.0,3000.0,3000.0,1545.0849718747363,3000.0,3000.0,3000.0,3000.0,3000.0,3000.0,3000.0,1545.0849718747363,3000.0,3000.0,3000.0,3000.0,3000.0,3000.0,3000.0,1545.0849718747363,3000.0,3000.0,3000.0,3000.0,3000.0,3000.0,3000.0,1545.0849718747363,3000.0,3000.0,3000.0,3000.0,3000.0,3000.0,3000.0,1545.0849718747363,3000.0,3000.0,3000.0,3000.0,3000.0,3000.0,3000.0,1545.0849718747363,3000.0,3000.0,3000.0,3000.0,3000.0,3000.0,3000.0,1545.0849718747363,3000.0,3000.0,3000.0,3000.0,3000.0,3000.0,3000.0,1545.0849718747363
6467,3000.0,3000.0,3000.0,3000.0,3000.0,3000.0,3000.0,3000.0,3000.0,3000.0,3000.0,3000.0,3000.0,3000.0,3000.0,3000.0,3000.0,3000.0,3000.0,3000.0,3000.0,3000.0,3000.0,3000.0,3000.0,3000.0,3000.0,3000.0,3000.0,3000.0,3000.0,3000.0,3000.0,3000.0,3000.0,3000.0,3000.0,3000.0,3000.0,3000.0,3000.0,3000.0,3000.0,3000.0,3000.0,3000.0,3000.0,3000.0,3000.0,3000.0,3000.0,3000.0,3000.0,3000.0,3000.0,3000.0,3000.0,3000.0,3000.0,3000.0,3000.0,3000.0,3000.0,3000.0,3000.0,3000.0,3000.0,3000.0,3000.0,3000.0,3000.0,3000.0,3000.0,3000.0,3000.0,3000.0,3000.0,3000.0,3000.0,3000.0,3000.0,3000.0,3000.0,3000.0,3000.0,3000.0,3000.0,3000.0,3000.0,3000.0,3000.0,3000.0,3000.0,3000.0,3000.0,3000.0,3000.0,3000.0,3000.0,3000.0,3000.0,3000.0,3000.0,3000.0,3000.0,3000.0,3000.0,3000.0,3000.0,3000.0,3000.0,3000.0,3000.0,3000.0,3000.0,3000.0,3000.0,3000.0,3000.0,3000.0,3000.0,3000.0,3000.0,3000.0,3000.0,3000.0,3000.0,3000.0,3000.0,3000.0,3000.0,3000.0,3000.0,3000.0,3000.0,3000.0,3000.0,3000.0,3000.0,3000.0,3000.0,3000.0,3000.0,3000.0,3000.0,3000.0,3000.0,3000.0,3000.0,3000.0,3000.0,3000.0,3000.0,3000.0,3000.0,3000.0,3000.0,3000.0,3000.0,3000.0,3000.0,3000.0,3000.0,3000.0,3000.0,3000.0,3000.0,3000.0,3000.0,3000.0,3000.0,3000.0,3000.0,3000.0,3000.0,3000.0,3000.0,3000.0,3000.0,3000.0,3000.0,3000.0,3000.0,3000.0,3000.0,3000.0,3000.0,3000.0,3000.0,3000.0,3000.0,3000.0,1473.9730042026204,1362.313976408405,1293.235255029051,1257.560092979011,1250.9953291307672,1272.7829665104955,1325.476750677326,1415.7125633612993,1473.9730042026204,1362.313976408405,1293.235255029051,1257.560092979011,1250.9953291307672,1272.7829665104955,1325.476750677326,1415.7125633612993,1473.9730042026204,1362.313976408405,1293.235255029051,1257.560092979011,1250.9953291307672,1272.7829665104955,1325.476750677326,1415.7125633612993,1473.9730042026204,1362.313976408405,1293.235255029051,1257.560092979011,1250.9953291307672,1272.7829665104955,1325.476750677326,1415.7125633612993,1473.9730042026204,1362.313976408405,1293.235255029051,1257.560092979011,1250.9953291307672,1272.7829665104955,1325.476750677326,1415.7125633612993,1473.9730042026204,1362.313976408405,1293.235255029051,1257.560092979011,1250.9953291307672,1272.7829665104955,1325.476750677326,1415.7125633612993,1473.9730042026204,1362.313976408405,1293.235255029051,1257.560092979011,1250.9953291307672,1272.7829665104955,1325.476750677326,1415.7125633612993,1473.9730042026204,1362.313976408405,1293.235255029051,1257.560092979011,1250.9953291307672,1272.7829665104955,1325.476750677326,1415.7125633612993,1415.712563361299,1556.4402098950743,3000.0,3000.0,3000.0,3000.0,3000.0,3000.0,1415.712563361299,1556.4402098950743,3000.0,3000.0,3000.0,3000.0,3000.0,3000.0,1415.712563361299,1556.4402098950743,3000.0,3000.0,3000.0,3000.0,3000.0,3000.0,1415.712563361299,1556.4402098950743,3000.0,3000.0,3000.0,3000.0,3000.0,3000.0,1415.712563361299,1556.4402098950743,3000.0,3000.0,3000.0,3000.0,3000.0,3000.0,1415.712563361299,1556.4402098950743,3000.0,3000.0,3000.0,3000.0,3000.0,3000.0,1415.712563361299,1556.4402098950743,3000.0,3000.0,3000.0,3000.0,3000.0,3000.0,1415.712563361299,1556.4402098950743,3000.0,3000.0,3000.0,3000.0,3000.0,3000.0,3000.0,3000.0,3000.0,3000.0,3000.0,3000.0,3000.0,1473.9730042026204,3000.0,3000.0,3000.0,3000.0,3000.0,3000.0,3000.0,1473.9730042026204,3000.0,3000.0,3000.0,3000.0,3000.0,3000.0,3000.0,1473.9730042026204,3000.0,3000.0,3000.0,3000.0,3000.0,3000.0,3000.0,1473.9730042026204,3000.0,3000.0,3000.0,3000.0,3000.0,3000.0,3000.0,1473.9730042026204,3000.0,3000.0,3000.0,3000.0,3000.0,3000.0,3000.0,1473.9730042026204,3000.0,3000.0,3000.0,3000.0,3000.0,3000.0,3000.0,1473.9730042026204,3000.0,3000.0,3000.0,3000.0,3000.0,3000.0,3000.0,1473.9730042026204
6533,3000.0,3000.0,3000.0,3000.0,3000.0,3000.0,3000.0,3000.0,3000.0,3000.0,3000.0,3000.0,3000.0,3000.0,3000.0,3000.0,3000.0,3000.0,3000.0,3000.0,3000.0,3000.0,3000.0,3000.0,3000.0,3000.0,3000.0,3000.0,3000.0,3000.0,3000.0,3000.0,3000.0,3000.0,3000.0,3000.0,3000.0,3000.0,3000.0,3000.0,3000.0,3000.0,3000.0,3000.0,3000.0,3000.0,3000.0,3000.0,3000.0,3000.0,3000.0,3000.0,3000.0,3000.0,3000.0,3000.0,3000.0,3000.0,3000.0,3000.0,3000.0,3000.0,3000.0,3000.0,3000.0,3000.0,3000.0,3000.0,3000.0,3000.0,3000.0,3000.0,3000.0,3000.0,3000.0,3000.0,3000.0,3000.0,3000.0,3000.0,3000.0,3000.0,3000.0,3000.0,3000.0,3000.0,3000.0,3000.0,3000.0,3000.0,3000.0,3000.0,3000.0,3000.0,3000.0,3000.0,3000.0,3000.0,3000.0,3000.0,3000.0,3000.0,3000.0,3000.0,3000.0,3000.0,3000.0,3000.0,3000.0,3000.0,3000.0,3000.0,3000.0,3000.0,3000.0,3000.0,3000.0,3000.0,3000.0,3000.0,3000.0,3000.0,3000.0,3000.0,3000.0,3000.0,3000.0,3000.0,3000.0,3000.0,3000.0,3000.0,3000.0,3000.0,3000.0,3000.0,3000.0,3000.0,3000.0,3000.0,3000.0,3000.0,3000.0,3000.0,3000.0,3000.0,3000.0,3000.0,3000.0,3000.0,3000.0,3000.0,3000.0,3000.0,3000.0,3000.0,3000.0,3000.0,3000.0,3000.0,3000.0,3000.0,3000.0,3000.0,3000.0,3000.0,3000.0,3000.0,3000.0,3000.0,3000.0,3000.0,3000.0,3000.0,3000.0,3000.0,3000.0,3000.0,3000.0,3000.0,3000.0,3000.0,3000.0,3000.0,3000.0,3000.0,3000.0,3000.0,3000.0,3000.0,3000.0,3000.0,1415.7125633612998,1325.4767506773262,1272.7829665104957,1250.9953291307672,1257.560092979011,1293.2352550290507,1362.3139764084049,1473.9730042026201,1415.7125633612998,1325.4767506773262,1272.7829665104957,1250.9953291307672,1257.560092979011,1293.2352550290507,1362.3139764084049,1473.9730042026201,1415.7125633612998,1325.4767506773262,1272.7829665104957,1250.9953291307672,1257.560092979011,1293.2352550290507,1362.3139764084049,1473.9730042026201,1415.7125633612998,1325.4767506773262,1272.7829665104957,1250.9953291307672,1257.560092979011,1293.2352550290507,1362.3139764084049,1473.9730042026201,1415.7125633612998,1325.4767506773262,1272.7829665104957,1250.9953291307672,1257.560092979011,1293.2352550290507,1362.3139764084049,1473.9730042026201,1415.7125633612998,1325.4767506773262,1272.7829665104957,1250.9953291307672,1257.560092979011,1293.2352550290507,1362.3139764084049,1473.9730042026201,1415.7125633612998,1325.4767506773262,1272.7829665104957,1250.9953291307672,1257.560092979011,1293.2352550290507,1362.3139764084049,1473.9730042026201,1415.7125633612998,1325.4767506773262,1272.7829665104957,1250.9953291307672,1257.560092979011,1293.2352550290507,1362.3139764084049,1473.9730042026201,1473.9730042026204,3000.0,3000.0,3000.0,3000.0,3000.0,3000.0,3000.0,1473.9730042026204,3000.0,3000.0,3000.0,3000.0,3000.0,3000.0,3000.0,1473.9730042026204,3000.0,3000.0,3000.0,3000.0,3000.0,3000.0,3000.0,1473.9730042026204,3000.0,3000.0,3000.0,3000.0,3000.0,3000.0,3000.0,1473.9730042026204,3000.0,3000.0,3000.0,3000.0,3000.0,3000.0,3000.0,1473.9730042026204,3000.0,3000.0,3000.0,3000.0,3000.0,3000.0,3000.0,1473.9730042026204,3000.0,3000.0,3000.0,3000.0,3000.0,3000.0,3000.0,1473.9730042026204,3000.0,3000.0,3000.0,3000.0,3000.0,3000.0,3000.0,3000.0,3000.0,3000.0,3000.0,3000.0,3000.0,1556.440209895075,1415.712563361299,3000.0,3000.0,3000.0,3000.0,3000.0,3000.0,1556.440209895075,1415.712563361299,3000.0,3000.0,3000.0,3000.0,3000.0,3000.0,1556.440209895075,1415.712563361299,3000.0,3000.0,3000.0,3000.0,3000.0,3000.0,1556.440209895075,1415.712563361299,3000.0,3000.0,3000.0,3000.0,3000.0,3000.0,1556.440209895075,1415.712563361299,3000.0,3000.0,3000.0,3000.0,3000.0,3000.0,1556.440209895075,1415.712563361299,3000.0,3000.0,3000.0,3000.0,3000.0,3000.0,1556.440209895075,1415.712563361299,3000.0,3000.0,3000.0,3000.0,3000.0,3000.0,1556.440209895075,1415.712563361299
6600,3000.0,3000.0,3000.0,3000.0,3000.0,3000.0,3000.0,3000.0,3000.0,3000.0,3000.0,3000.0,3000.0,3000.0,3000.0,3000.0,3000.0,3000.0,3000.0,3000.0,3000.0,3000.0,3000.0,3000.0,3000.0,3000.0,3000.0,3000.0,3000.0,3000.0,3000.0,3000.0,3000.0,3000.0,3000.0,3000.0,3000.0,3000.0,3000.0,3000.0,3000.0,3000.0,3000.0,3000.0,3000.0,3000.0,3000.0,3000.0,3000.0,3000.0,3000.0,3000.0,3000.0,3000.0,3000.0,3000.0,3000.0,3000.0,3000.0,3000.0,3000.0,3000.0,3000.0,3000.0,3000.0,3000.0,3000.0,3000.0,3000.0,3000.0,3000.0,3000.0,3000.0,3000.0,3000.0,3000.0,3000.0,3000.0,3000.0,3000.0,3000.0,3000.0,3000.0,3000.0,3000.0,3000.0,3000.0,3000.0,3000.0,3000.0,3000.0,3000.0,3000.0,3000.0,3000.0,3000.0,3000.0,3000.0,3000.0,3000.0,3000.0,3000.0,3000.0,3000.0,3000.0,3000.0,3000.0,3000.0,3000.0,3000.0,3000.0,3000.0,3000.0,3000.0,3000.0,3000.0,3000.0,3000.0,3000.0,3000.0,3000.0,3000.0,3000.0,3000.0,3000.0,3000.0,3000.0,3000.0,3000.0,3000.0,3000.0,3000.0,3000.0,3000.0,3000.0,3000.0,3000.0,3000.0,3000.0,3000.0,3000.0,3000.0,3000.0,3000.0,3000.0,3000.0,3000.0,3000.0,3000.0,3000.0,3000.0,3000.0,3000.0,3000.0,3000.0,3000.0,3000.0,3000.0,3000.0,3000.0,3000.0,3000.0,3000.0,3000.0,3000.0,3000.0,3000.0,3000.0,3000.0,3000.0,3000.0,3000.0,3000.0,3000.0,3000.0,3000.0,3000.0,3000.0,3000.0,3000.0,3000.0,3000.0,3000.0,3000.0,3000.0,3000.0,3000.0,3000.0,3000.0,3000.0,3000.0,3000.0,1368.2953481325583,1296.730456085897,1259.0057609440842,1250.5597101538165,1270.416109531093,1320.8959408758726,1408.3145713744482,1545.084971874738,1368.2953481325583,1296.730456085897,1259.0057609440842,1250.5597101538165,1270.416109531093,1320.8959408758726,1408.3145713744482,1545.084971874738,1368.2953481325583,1296.730456085897,1259.0057609440842,1250.5597101538165,1270.416109531093,1320.8959408758726,1408.3145713744482,1545.084971874738,1368.2953481325583,1296.730456085897,1259.0057609440842,1250.5597101538165,1270.416109531093,1320.8959408758726,1408.3145713744482,1545.084971874738,1368.2953481325583,1296.730456085897,1259.0057609440842,1250.5597101538165,1270.416109531093,1320.8959408758726,1408.3145713744482,1545.084971874738,1368.2953481325583,1296.730456085897,1259.0057609440842,1250.5597101538165,1270.416109531093,1320.8959408758726,1408.3145713744482,1545.084971874738,1368.2953481325583,1296.730456085897,1259.0057609440842,1250.5597101538165,1270.416109531093,1320.8959408758726,1408.3145713744482,1545.084971874738,1368.2953481325583,1296.730456085897,1259.0057609440842,1250.5597101538165,1270.416109531093,1320.8959408758726,1408.3145713744482,1545.084971874738,1545.084971874737,3000.0,3000.0,3000.0,3000.0,3000.0,3000.0,3000.0,1545.084971874737,3000.0,3000.0,3000.0,3000.0,3000.0,3000.0,3000.0,1545.084971874737,3000.0,3000.0,3000.0,3000.0,3000.0,3000.0,3000.0,1545.084971874737,3000.0,3000.0,3000.0,3000.0,3000.0,3000.0,3000.0,1545.084971874737,3000.0,3000.0,3000.0,3000.0,3000.0,3000.0,3000.0,1545.084971874737,3000.0,3000.0,3000.0,3000.0,3000.0,3000.0,3000.0,1545.084971874737,3000.0,3000.0,3000.0,3000.0,3000.0,3000.0,3000.0,1545.084971874737,3000.0,3000.0,3000.0,3000.0,3000.0,3000.0,3000.0,3000.0,3000.0,3000.0,3000.0,3000.0,3000.0,1483.2905093477816,1368.2953481325583,3000.0,3000.0,3000.0,3000.0,3000.0,3000.0,1483.2905093477816,1368.2953481325583,3000.0,3000.0,3000.0,3000.0,3000.0,3000.0,1483.2905093477816,1368.2953481325583,3000.0,3000.0,3000.0,3000.0,3000.0,3000.0,1483.2905093477816,1368.2953481325583,3000.0,3000.0,3000.0,3000.0,3000.0,3000.0,1483.2905093477816,1368.2953481325583,3000.0,3000.0,3000.0,3000.0,3000.0,3000.0,1483.2905093477816,1368.2953481325583,3000.0,3000.0,3000.0,3000.0,3000.0,3000.0,1483.2905093477816,1368.2953481325583,3000.0,3000.0,3000.0,3000.0,3000.0,3000.0,1483.2905093477816,1368.2953481325583
6667,3000.0,3000.0,3000.0,3000.0,3000.0,3000.0,3000.0,3000.0,3000.0,3000.0,3000.0,3000.0,3000.0,3000.0,3000.0,3000.0,3000.0,3000.0,3000.0,3000.0,3000.0,3000.0,3000.0,3000.0,3000.0,3000.0,3000.0,3000.0,3000.0,3000.0,3000.0,3000.0,3000.0,3000.0,3000.0,3000.0,3000.0,3000.0,3000.0,3000.0,3000.0,3000.0,3000.0,3000.0,3000.0,3000.0,3000.0,3000.0,3000.0,3000.0,3000.0,3000.0,3000.0,3000.0,3000.0,3000.0,3000.0,3000.0,3000.0,3000.0,3000.0,3000.0,3000.0,3000.0,3000.0,3000.0,3000.0,3000.0,3000.0,3000.0,3000.0,3000.0,3000.0,3000.0,3000.0,3000.0,3000.0,3000.0,3000.0,3000.0,3000.0,3000.0,3000.0,3000.0,3000.0,3000.0,3000.0,3000.0,3000.0,3000.0,3000.0,3000.0,3000.0,3000.0,3000.0,3000.0,3000.0,3000.0,3000.0,3000.0,3000.0,3000.0,3000.0,3000.0,3000.0,3000.0,3000.0,3000.0,3000.0,3000.0,3000.0,3000.0,3000.0,3000.0,3000.0,3000.0,3000.0,3000.0,3000.0,3000.0,3000.0,3000.0,3000.0,3000.0,3000.0,3000.0,3000.0,3000.0,3000.0,3000.0,3000.0,3000.0,3000.0,3000.0,3000.0,3000.0,3000.0,3000.0,3000.0,3000.0,3000.0,3000.0,3000.0,3000.0,3000.0,3000.0,3000.0,3000.0,3000.0,3000.0,3000.0,3000.0,3000.0,3000.0,3000.0,3000.0,3000.0,3000.0,3000.0,3000.0,3000.0,3000.0,3000.0,3000.0,3000.0,3000.0,3000.0,3000.0,3000.0,3000.0,3000.0,3000.0,3000.0,3000.0,3000.0,3000.0,3000.0,3000.0,3000.0,3000.0,3000.0,3000.0,3000.0,3000.0,3000.0,3000.0,3000.0,3000.0,3000.0,3000.0,3000.0,3000.0,1330.2222155948907,1275.2857435773587,1251.5557824364819,1256.2425514336148,1289.8868003232876,1356.5190114487668,1464.9166268002625,3000.0,1330.2222155948907,1275.2857435773587,1251.5557824364819,1256.2425514336148,1289.8868003232876,1356.5190114487668,1464.9166268002625,3000.0,1330.2222155948907,1275.2857435773587,1251.5557824364819,1256.2425514336148,1289.8868003232876,1356.5190114487668,1464.9166268002625,3000.0,1330.2222155948907,1275.2857435773587,1251.5557824364819,1256.2425514336148,1289.8868003232876,1356.5190114487668,1464.9166268002625,3000.0,1330.2222155948907,1275.2857435773587,1251.5557824364819,1256.2425514336148,1289.8868003232876,1356.5190114487668,1464.9166268002625,3000.0,1330.2222155948907,1275.2857435773587,1251.5557824364819,1256.2425514336148,1289.8868003232876,1356.5190114487668,1464.9166268002625,3000.0,1330.2222155948907,1275.2857435773587,1251.5557824364819,1256.2425514336148,1289.8868003232876,1356.5190114487668,1464.9166268002625,3000.0,1330.2222155948907,1275.2857435773587,1251.5557824364819,1256.2425514336148,1289.8868003232876,1356.5190114487668,1464.9166268002625,3000.0,3000.0,3000.0,3000.0,3000.0,3000.0,3000.0,3000.0,3000.0,3000.0,3000.0,3000.0,3000.0,3000.0,3000.0,3000.0,3000.0,3000.0,3000.0,3000.0,3000.0,3000.0,3000.0,3000.0,3000.0,3000.0,3000.0,3000.0,3000.0,3000.0,3000.0,3000.0,3000.0,3000.0,3000.0,3000.0,3000.0,3000.0,3000.0,3000.0,3000.0,3000.0,3000.0,3000.0,3000.0,3000.0,3000.0,3000.0,3000.0,3000.0,3000.0,3000.0,3000.0,3000.0,3000.0,3000.0,3000.0,3000.0,3000.0,3000.0,3000.0,3000.0,3000.0,3000.0,3000.0,3000.0,3000.0,3000.0,3000.0,3000.0,1568.1207185425078,1423.3310111058302,1330.2222155948903,3000.0,3000.0,3000.0,3000.0,3000.0,1568.1207185425078,1423.3310111058302,1330.2222155948903,3000.0,3000.0,3000.0,3000.0,3000.0,1568.1207185425078,1423.3310111058302,1330.2222155948903,3000.0,3000.0,3000.0,3000.0,3000.0,1568.1207185425078,1423.3310111058302,1330.2222155948903,3000.0,3000.0,3000.0,3000.0,3000.0,1568.1207185425078,1423.3310111058302,1330.2222155948903,3000.0,3000.0,3000.0,3000.0,3000.0,1568.1207185425078,1423.3310111058302,1330.2222155948903,3000.0,3000.0,3000.0,3000.0,3000.0,1568.1207185425078,1423.3310111058302,1330.2222155948903,3000.0,3000.0,3000.0,3000.0,3000.0,1568.1207185425078,1423.3310111058302,1330.2222155948903
6733,3000.0,3000.0,3000.0,3000.0,3000.0,3000.0,3000.0,3000.0,3000.0,3000.0,3000.0,3000.0,3000.0,3000.0,3000.0,3000.0,3000.0,3000.0,3000.0,3000.0,3000.0,3000.0,3000.0,3000.0,3000.0,3000.0,3000.0,3000.0,3000.0,3000.0,3000.0,3000.0,3000.0,3000.0,3000.0,3000.0,3000.0,3000.0,3000.0,3000.0,3000.0,3000.0,3000.0,3000.0,3000.0,3000.0,3000.0,3000.0,3000.0,3000.0,3000.0,3000.0,3000.0,3000.0,3000.0,3000.0,3000.0,3000.0,3000.0,3000.0,3000.0,3000.0,3000.0,3000.0,3000.0,3000.0,3000.0,3000.0,3000.0,3000.0,3000.0,3000.0,3000.0,3000.0,3000.0,3000.0,3000.0,3000.0,3000.0,3000.0,3000.0,3000.0,3000.0,3000.0,3000.0,3000.0,3000.0,3000.0,3000.0,3000.0,3000.0,3000.0,3000.0,3000.0,3000.0,3000.0,3000.0,3000.0,3000.0,3000.0,3000.0,3000.0,3000.0,3000.0,3000.0,3000.0,3000.0,3000.0,3000.0,3000.0,3000.0,3000.0,3000.0,3000.0,3000.0,3000.0,3000.0,3000.0,3000.0,3000.0,3000.0,3000.0,3000.0,3000.0,3000.0,3000.0,3000.0,3000.0,3000.0,3000.0,3000.0,3000.0,3000.0,3000.0,3000.0,3000.0,3000.0,3000.0,3000.0,3000.0,3000.0,3000.0,3000.0,3000.0,3000.0,3000.0,3000.0,3000.0,3000.0,3000.0,3000.0,3000.0,3000.0,3000.0,3000.0,3000.0,3000.0,3000.0,3000.0,3000.0,3000.0,3000.0,3000.0,3000.0,3000.0,3000.0,3000.0,3000.0,3000.0,3000.0,3000.0,3000.0,3000.0,3000.0,3000.0,3000.0,3000.0,3000.0,3000.0,3000.0,3000.0,3000.0,3000.0,3000.0,3000.0,3000.0,3000.0,3000.0,3000.0,3000.0,3000.0,3000.0,1300.3742948270026,1260.5802858571574,1250.248708511741,1268.18394614914,1316.4771781750098,1401.132136456414,1534.045701800429,3000.0,1300.3742948270026,1260.5802858571574,1250.248708511741,1268.18394614914,1316.4771781750098,1401.132136456414,1534.045701800429,3000.0,1300.3742948270026,1260.5802858571574,1250.248708511741,1268.18394614914,1316.4771781750098,1401.132136456414,1534.045701800429,3000.0,1300.3742948270026,1260.5802858571574,1250.248708511741,1268.18394614914,1316.4771781750098,1401.132136456414,1534.045701800429,3000.0,1300.3742948270026,1260.5802858571574,1250.248708511741,1268.18394614914,1316.4771781750098,1401.132136456414,1534.045701800429,3000.0,1300.3742948270026,1260.5802858571574,1250.248708511741,1268.18394614914,1316.4771781750098,1401.132136456414,1534.045701800429,3000.0,1300.3742948270026,1260.5802858571574,1250.248708511741,1268.18394614914,1316.4771781750098,1401.132136456414,1534.045701800429,3000.0,1300.3742948270026,1260.5802858571574,1250.248708511741,1268.18394614914,1316.4771781750098,1401.132136456414,1534.045701800429,3000.0,3000.0,3000.0,3000.0,3000.0,3000.0,3000.0,3000.0,3000.0,3000.0,3000.0,3000.0,3000.0,3000.0,3000.0,3000.0,3000.0,3000.0,3000.0,3000.0,3000.0,3000.0,3000.0,3000.0,3000.0,3000.0,3000.0,3000.0,3000.0,3000.0,3000.0,3000.0,3000.0,3000.0,3000.0,3000.0,3000.0,3000.0,3000.0,3000.0,3000.0,3000.0,3000.0,3000.0,3000.0,3000.0,3000.0,3000.0,3000.0,3000.0,3000.0,3000.0,3000.0,3000.0,3000.0,3000.0,3000.0,3000.0,3000.0,3000.0,3000.0,3000.0,3000.0,3000.0,3000.0,3000.0,3000.0,3000.0,3000.0,3000.0,1492.8759975409967,1374.4667908026474,1300.3742948270026,3000.0,3000.0,3000.0,3000.0,3000.0,1492.8759975409967,1374.4667908026474,1300.3742948270026,3000.0,3000.0,3000.0,3000.0,3000.0,1492.8759975409967,1374.4667908026474,1300.3742948270026,3000.0,3000.0,3000.0,3000.0,3000.0,1492.8759975409967,1374.4667908026474,1300.3742948270026,3000.0,3000.0,3000.0,3000.0,3000.0,1492.8759975409967,1374.4667908026474,1300.3742948270026,3000.0,3000.0,3000.0,3000.0,3000.0,1492.8759975409967,1374.4667908026474,1300.3742948270026,3000.0,3000.0,3000.0,3000.0,3000.0,1492.8759975409967,1374.4667908026474,1300.3742948270026,3000.0,3000.0,3000.0,3000.0,3000.0,1492.8759975409967,1374.4667908026474,1300.3742948270026
6800,3000.0,3000.0,3000.0,3000.0,3000.0,3000.0,3000.0,3000.0,3000.0,3000.0,3000.0,3000.0,3000.0,3000.0,3000.0,3000.0,3000.0,3000.0,3000.0,3000.0,3000.0,3000.0,3000.0,3000.0,3000.0,3000.0,3000.0,3000.0,3000.0,3000.0,3000.0,3000.0,3000.0,3000.0,3000.0,3000.0,3000.0,3000.0,3000.0,3000.0,3000.0,3000.0,3000.0,3000.0,3000.0,3000.0,3000.0,3000.0,3000.0,3000.0,3000.0,3000.0,3000.0,3000.0,3000.0,3000.0,3000.0,3000.0,3000.0,3000.0,3000.0,3000.0,3000.0,3000.0,3000.0,3000.0,3000.0,3000.0,3000.0,3000.0,3000.0,3000.0,3000.0,3000.0,3000.0,3000.0,3000.0,3000.0,3000.0,3000.0,3000.0,3000.0,3000.0,3000.0,3000.0,3000.0,3000.0,3000.0,3000.0,3000.0,3000.0,3000.0,3000.0,3000.0,3000.0,3000.0,3000.0,3000.0,3000.0,3000.0,3000.0,3000.0,3000.0,3000.0,3000.0,3000.0,3000.0,3000.0,3000.0,3000.0,3000.0,3000.0,3000.0,3000.0,3000.0,3000.0,3000.0,3000.0,3000.0,3000.0,3000.0,3000.0,3000.0,3000.0,3000.0,3000.0,3000.0,3000.0,3000.0,3000.0,3000.0,3000.0,3000.0,3000.0,3000.0,3000.0,3000.0,3000.0,3000.0,3000.0,3000.0,3000.0,3000.0,3000.0,3000.0,3000.0,3000.0,3000.0,3000.0,3000.0,3000.0,3000.0,3000.0,3000.0,3000.0,3000.0,3000.0,3000.0,3000.0,3000.0,3000.0,3000.0,3000.0,3000.0,3000.0,3000.0,3000.0,3000.0,3000.0,3000.0,3000.0,3000.0,3000.0,3000.0,3000.0,3000.0,3000.0,3000.0,3000.0,3000.0,3000.0,3000.0,3000.0,3000.0,3000.0,3000.0,3000.0,3000.0,3000.0,3000.0,3000.0,3000.0,1277.9257435812867,1252.2413495151084,1255.052472273923,1286.6832913660533,1350.906938787245,1456.1148076815034,3000.0,3000.0,1277.9257435812867,1252.2413495151084,1255.052472273923,1286.6832913660533,1350.906938787245,1456.1148076815034,3000.0,3000.0,1277.9257435812867,1252.2413495151084,1255.052472273923,1286.6832913660533,1350.906938787245,1456.1148076815034,3000.0,3000.0,1277.9257435812867,1252.2413495151084,1255.052472273923,1286.6832913660533,1350.906938787245,1456.1148076815034,3000.0,3000.0,1277.9257435812867,1252.2413495151084,1255.052472273923,1286.6832913660533,1350.906938787245,1456.1148076815034,3000.0,3000.0,1277.9257435812867,1252.2413495151084,1255.052472273923,1286.6832913660533,1350.906938787245,1456.1148076815034,3000.0,3000.0,1277.9257435812867,1252.2413495151084,1255.052472273923,1286.6832913660533,1350.906938787245,1456.1148076815034,3000.0,3000.0,1277.9257435812867,1252.2413495151084,1255.052472273923,1286.6832913660533,1350.906938787245,1456.1148076815034,3000.0,3000.0,3000.0,3000.0,3000.0,3000.0,3000.0,3000.0,3000.0,3000.0,3000.0,3000.0,3000.0,3000.0,3000.0,3000.0,3000.0,3000.0,3000.0,3000.0,3000.0,3000.0,3000.0,3000.0,3000.0,3000.0,3000.0,3000.0,3000.0,3000.0,3000.0,3000.0,3000.0,3000.0,3000.0,3000.0,3000.0,3000.0,3000.0,3000.0,3000.0,3000.0,3000.0,3000.0,3000.0,3000.0,3000.0,3000.0,3000.0,3000.0,3000.0,3000.0,3000.0,3000.0,3000.0,3000.0,3000.0,3000.0,3000.0,3000.0,3000.0,3000.0,3000.0,3000.0,3000.0,3000.0,3000.0,3000.0,3000.0,3000.0,1580.1362270115583,1431.1750211605295,1335.1350598016766,1277.9257435812867,3000.0,3000.0,3000.0,3000.0,1580.1362270115583,1431.1750211605295,1335.1350598016766,1277.9257435812867,3000.0,3000.0,3000.0,3000.0,1580.1362270115583,1431.1750211605295,1335.1350598016766,1277.9257435812867,3000.0,3000.0,3000.0,3000.0,1580.1362270115583,1431.1750211605295,1335.1350598016766,1277.9257435812867,3000.0,3000.0,3000.0,3000.0,1580.1362270115583,1431.1750211605295,1335.1350598016766,1277.9257435812867,3000.0,3000.0,3000.0,3000.0,1580.1362270115583,1431.1750211605295,1335.1350598016766,1277.9257435812867,3000.0,3000.0,3000.0,3000.0,1580.1362270115583,1431.1750211605295,1335.1350598016766,1277.9257435812867,3000.0,3000.0,3000.0,3000.0,1580.1362270115583,1431.1750211605295,1335.1350598016766,1277.9257435812867
6867,3000.0,3000.0,3000.0,3000.0,3000.0,3000.0,3000.0,3000.0,3000.0,3000.0,3000.0,3000.0,3000.0,3000.0,3000.0,3000.0,3000.0,3000.0,3000.0,3000.0,3000.0,3000.0,3000.0,3000.0,3000.0,3000.0,3000.0,3000.0,3000.0,3000.0,3000.0,3000.0,3000.0,3000.0,3000.0,3000.0,3000.0,3000.0,3000.0,3000.0,3000.0,3000.0,3000.0,3000.0,3000.0,3000.0,3000.0,3000.0,3000.0,3000.0,3000.0,3000.0,3000.0,3000.0,3000.0,3000.0,3000.0,3000.0,3000.0,3000.0,3000.0,3000.0,3000.0,3000.0,3000.0,3000.0,3000.0,3000.0,3000.0,3000.0,3000.0,3000.0,3000.0,3000.0,3000.0,3000.0,3000.0,3000.0,3000.0,3000.0,3000.0,3000.0,3000.0,3000.0,3000.0,3000.0,3000.0,3000.0,3000.0,3000.0,3000.0,3000.0,3000.0,3000.0,3000.0,3000.0,3000.0,3000.0,3000.0,3000.0,3000.0,3000.0,3000.0,3000.0,3000.0,3000.0,3000.0,3000.0,3000.0,3000.0,3000.0,3000.0,3000.0,3000.0,3000.0,3000.0,3000.0,3000.0,3000.0,3000.0,3000.0,3000.0,3000.0,3000.0,3000.0,3000.0,3000.0,3000.0,3000.0,3000.0,3000.0,3000.0,3000.0,3000.0,3000.0,3000.0,3000.0,3000.0,3000.0,3000.0,3000.0,3000.0,3000.0,3000.0,3000.0,3000.0,3000.0,3000.0,3000.0,3000.0,3000.0,3000.0,3000.0,3000.0,3000.0,3000.0,3000.0,3000.0,3000.0,3000.0,3000.0,3000.0,3000.0,3000.0,3000.0,3000.0,3000.0,3000.0,3000.0,3000.0,3000.0,3000.0,3000.0,3000.0,3000.0,3000.0,3000.0,3000.0,3000.0,3000.0,3000.0,3000.0,3000.0,3000.0,3000.0,3000.0,3000.0,3000.0,3000.0,3000.0,3000.0,3000.0,1262.2844656482728,1250.0621693969445,1266.085324654798,1312.2179668881329,1394.1605590060447,1523.3135018131386,3000.0,3000.0,1262.2844656482728,1250.0621693969445,1266.085324654798,1312.2179668881329,1394.1605590060447,1523.3135018131386,3000.0,3000.0,1262.2844656482728,1250.0621693969445,1266.085324654798,1312.2179668881329,1394.1605590060447,1523.3135018131386,3000.0,3000.0,1262.2844656482728,1250.0621693969445,1266.085324654798,1312.2179668881329,1394.1605590060447,1523.3135018131386,3000.0,3000.0,1262.2844656482728,1250.0621693969445,1266.085324654798,1312.2179668881329,1394.1605590060447,1523.3135018131386,3000.0,3000.0,1262.2844656482728,1250.0621693969445,1266.085324654798,1312.2179668881329,1394.1605590060447,1523.3135018131386,3000.0,3000.0,1262.2844656482728,1250.0621693969445,1266.085324654798,1312.2179668881329,1394.1605590060447,1523.3135018131386,3000.0,3000.0,1262.2844656482728,1250.0621693969445,1266.085324654798,1312.2179668881329,1394.1605590060447,1523.3135018131386,3000.0,3000.0,3000.0,3000.0,3000.0,3000.0,3000.0,3000.0,3000.0,3000.0,3000.0,3000.0,3000.0,3000.0,3000.0,3000.0,3000.0,3000.0,3000.0,3000.0,3000.0,3000.0,3000.0,3000.0,3000.0,3000.0,3000.0,3000.0,3000.0,3000.0,3000.0,3000.0,3000.0,3000.0,3000.0,3000.0,3000.0,3000.0,3000.0,3000.0,3000.0,3000.0,3000.0,3000.0,3000.0,3000.0,3000.0,3000.0,3000.0,3000.0,3000.0,3000.0,3000.0,3000.0,3000.0,3000.0,3000.0,3000.0,3000.0,3000.0,3000.0,3000.0,3000.0,3000.0,3000.0,3000.0,3000.0,3000.0,3000.0,3000.0,1502.7366239554378,1380.8321242485185,1304.1687559050465,1262.2844656482728,3000.0,3000.0,3000.0,3000.0,1502.7366239554378,1380.8321242485185,1304.1687559050465,1262.2844656482728,3000.0,3000.0,3000.0,3000.0,1502.7366239554378,1380.8321242485185,1304.1687559050465,1262.2844656482728,3000.0,3000.0,3000.0,3000.0,1502.7366239554378,1380.8321242485185,1304.1687559050465,1262.2844656482728,3000.0,3000.0,3000.0,3000.0,1502.7366239554378,1380.8321242485185,1304.1687559050465,1262.2844656482728,3000.0,3000.0,3000.0,3000.0,1502.7366239554378,1380.8321242485185,1304.1687559050465,1262.2844656482728,3000.0,3000.0,3000.0,3000.0,1502.7366239554378,1380.8321242485185,1304.1687559050465,1262.2844656482728,3000.0,3000.0,3000.0,3000.0,1502.7366239554378,1380.8321242485185,1304.1687559050465,1262.2844656482728
6933,3000.0,3000.0,3000.0,3000.0,3000.0,3000.0,3000.0,3000.0,3000.0,3000.0,3000.0,3000.0,3000.0,3000.0,3000.0,3000.0,3000.0,3000.0,3000.0,3000.0,3000.0,3000.0,3000.0,3000.0,3000.0,3000.0,3000.0,3000.0,3000.0,3000.0,3000.0,3000.0,3000.0,3000.0,3000.0,3000.0,3000.0,3000.0,3000.0,3000.0,3000.0,3000.0,3000.0,3000.0,3000.0,3000.0,3000.0,3000.0,3000.0,3000.0,3000.0,3000.0,3000.0,3000.0,3000.0,3000.0,3000.0,3000.0,3000.0,3000.0,3000.0,3000.0,3000.0,3000.0,3000.0,3000.0,3000.0,3000.0,3000.0,3000.0,3000.0,3000.0,3000.0,3000.0,3000.0,3000.0,3000.0,3000.0,3000.0,3000.0,3000.0,3000.0,3000.0,3000.0,3000.0,3000.0,3000.0,3000.0,3000.0,3000.0,3000.0,3000.0,3000.0,3000.0,3000.0,3000.0,3000.0,3000.0,3000.0,3000.0,3000.0,3000.0,3000.0,3000.0,3000.0,3000.0,3000.0,3000.0,3000.0,3000.0,3000.0,3000.0,3000.0,3000.0,3000.0,3000.0,3000.0,3000.0,3000.0,3000.0,3000.0,3000.0,3000.0,3000.0,3000.0,3000.0,3000.0,3000.0,3000.0,3000.0,3000.0,3000.0,3000.0,3000.0,3000.0,3000.0,3000.0,3000.0,3000.0,3000.0,3000.0,3000.0,3000.0,3000.0,3000.0,3000.0,3000.0,3000.0,3000.0,3000.0,3000.0,3000.0,3000.0,3000.0,3000.0,3000.0,3000.0,3000.0,3000.0,3000.0,3000.0,3000.0,3000.0,3000.0,3000.0,3000.0,3000.0,3000.0,3000.0,3000.0,3000.0,3000.0,3000.0,3000.0,3000.0,3000.0,3000.0,3000.0,3000.0,3000.0,3000.0,3000.0,3000.0,3000.0,3000.0,3000.0,3000.0,3000.0,3000.0,3000.0,3000.0,3000.0,1253.0523726014653,1253.989257138668,1283.623015842213,1345.4743880566039,1447.56125002993,3000.0,3000.0,3000.0,1253.0523726014653,1253.989257138668,1283.623015842213,1345.4743880566039,1447.56125002993,3000.0,3000.0,3000.0,1253.0523726014653,1253.989257138668,1283.623015842213,1345.4743880566039,1447.56125002993,3000.0,3000.0,3000.0,1253.0523726014653,1253.989257138668,1283.623015842213,1345.4743880566039,1447.56125002993,3000.0,3000.0,3000.0,1253.0523726014653,1253.989257138668,1283.623015842213,1345.4743880566039,1447.56125002993,3000.0,3000.0,3000.0,1253.0523726014653,1253.989257138668,1283.623015842213,1345.4743880566039,1447.56125002993,3000.0,3000.0,3000.0,1253.0523726014653,1253.989257138668,1283.623015842213,1345.4743880566039,1447.56125002993,3000.0,3000.0,3000.0,1253.0523726014653,1253.989257138668,1283.623015842213,1345.4743880566039,1447.56125002993,3000.0,3000.0,3000.0,3000.0,3000.0,3000.0,3000.0,3000.0,3000.0,3000.0,3000.0,3000.0,3000.0,3000.0,3000.0,3000.0,3000.0,3000.0,3000.0,3000.0,3000.0,3000.0,3000.0,3000.0,3000.0,3000.0,3000.0,3000.0,3000.0,3000.0,3000.0,3000.0,3000.0,3000.0,3000.0,3000.0,3000.0,3000.0,3000.0,3000.0,3000.0,3000.0,3000.0,3000.0,3000.0,3000.0,3000.0,3000.0,3000.0,3000.0,3000.0,3000.0,3000.0,3000.0,3000.0,3000.0,3000.0,3000.0,3000.0,3000.0,3000.0,3000.0,3000.0,3000.0,3000.0,3000.0,3000.0,3000.0,3000.0,3000.0,1592.4969141518175,1439.2499172334137,1340.218127672705,1280.704347420156,1253.0523726014653,3000.0,3000.0,3000.0,1592.4969141518175,1439.2499172334137,1340.218127672705,1280.704347420156,1253.0523726014653,3000.0,3000.0,3000.0,1592.4969141518175,1439.2499172334137,1340.218127672705,1280.704347420156,1253.0523726014653,3000.0,3000.0,3000.0,1592.4969141518175,1439.2499172334137,1340.218127672705,1280.704347420156,1253.0523726014653,3000.0,3000.0,3000.0,1592.4969141518175,1439.2499172334137,1340.218127672705,1280.704347420156,1253.0523726014653,3000.0,3000.0,3000.0,1592.4969141518175,1439.2499172334137,1340.218127672705,1280.704347420156,1253.0523726014653,3000.0,3000.0,3000.0,1592.4969141518175,1439.2499172334137,1340.218127672705,1280.704347420156,1253.0523726014653,3000.0,3000.0,3000.0,1592.4969141518175,1439.2499172334137,1340.218127672705,1280.704347420156,1253.0523726014653
7000,3000.0,3000.0,3000.0,3000.0,3000.0,3000.0,3000.0,3000.0,3000.0,3000.0,3000.0,3000.0,3000.0,3000.0,3000.0,3000.0,3000.0,3000.0,3000.0,3000.0,3000.0,3000.0,3000.0,3000.0,3000.0,3000.0,3000.0,3000.0,3000.0,3000.0,3000.0,3000.0,3000.0,3000.0,3000.0,3000.0,3000.0,3000.0,3000.0,3000.0,3000.0,3000.0,3000.0,3000.0,3000.0,3000.0,3000.0,3000.0,3000.0,3000.0,3000.0,3000.0,3000.0,3000.0,3000.0,3000.0,3000.0,3000.0,3000.0,3000.0,3000.0,3000.0,3000.0,3000.0,3000.0,3000.0,3000.0,3000.0,3000.0,3000.0,3000.0,3000.0,3000.0,3000.0,3000.0,3000.0,3000.0,3000.0,3000.0,3000.0,3000.0,3000.0,3000.0,3000.0,3000.0,3000.0,3000.0,3000.0,3000.0,3000.0,3000.0,3000.0,3000.0,3000.0,3000.0,3000.0,3000.0,3000.0,3000.0,3000.0,3000.0,3000.0,3000.0,3000.0,3000.0,3000.0,3000.0,3000.0,3000.0,3000.0,3000.0,3000.0,3000.0,3000.0,3000.0,3000.0,3000.0,3000.0,3000.0,3000.0,3000.0,3000.0,3000.0,3000.0,3000.0,3000.0,3000.0,3000.0,3000.0,3000.0,3000.0,3000.0,3000.0,3000.0,3000.0,3000.0,3000.0,3000.0,3000.0,3000.0,3000.0,3000.0,3000.0,3000.0,3000.0,3000.0,3000.0,3000.0,3000.0,3000.0,3000.0,3000.0,3000.0,3000.0,3000.0,3000.0,3000.0,3000.0,3000.0,3000.0,3000.0,3000.0,3000.0,3000.0,3000.0,3000.0,3000.0,3000.0,3000.0,3000.0,3000.0,3000.0,3000.0,3000.0,3000.0,3000.0,3000.0,3000.0,3000.0,3000.0,3000.0,3000.0,3000.0,3000.0,3000.0,3000.0,3000.0,3000.0,3000.0,3000.0,3000.0,3000.0,1250.0,1264.119166644397,1308.1159200335724,1387.3953302184273,1512.8798585309883,3000.0,3000.0,3000.0,1250.0,1264.119166644397,1308.1159200335724,1387.3953302184273,1512.8798585309883,3000.0,3000.0,3000.0,1250.0,1264.119166644397,1308.1159200335724,1387.3953302184273,1512.8798585309883,3000.0,3000.0,3000.0,1250.0,1264.119166644397,1308.1159200335724,1387.3953302184273,1512.8798585309883,3000.0,3000.0,3000.0,1250.0,1264.119166644397,1308.1159200335724,1387.3953302184273,1512.8798585309883,3000.0,3000.0,3000.0,1250.0,1264.119166644397,1308.1159200335724,1387.3953302184273,1512.8798585309883,3000.0,3000.0,3000.0,1250.0,1264.119166644397,1308.1159200335724,1387.3953302184273,1512.8798585309883,3000.0,3000.0,3000.0,1250.0,1264.119166644397,1308.1159200335724,1387.3953302184273,1512.8798585309883,3000.0,3000.0,3000.0,3000.0,3000.0,3000.0,3000.0,3000.0,3000.0,3000.0,3000.0,3000.0,3000.0,3000.0,3000.0,3000.0,3000.0,3000.0,3000.0,3000.0,3000.0,3000.0,3000.0,3000.0,3000.0,3000.0,3000.0,3000.0,3000.0,3000.0,3000.0,3000.0,3000.0,3000.0,3000.0,3000.0,3000.0,3000.0,3000.0,3000.0,3000.0,3000.0,3000.0,3000.0,3000.0,3000.0,3000.0,3000.0,3000.0,3000.0,3000.0,3000.0,3000.0,3000.0,3000.0,3000.0,3000.0,3000.0,3000.0,3000.0,3000.0,3000.0,3000.0,3000.0,3000.0,3000.0,3000.0,3000.0,3000.0,3000.0,1512.8798585309896,1387.3953302184282,1308.115920033573,1264.1191666443972,1250.0,3000.0,3000.0,3000.0,1512.8798585309896,1387.3953302184282,1308.115920033573,1264.1191666443972,1250.0,3000.0,3000.0,3000.0,1512.8798585309896,1387.3953302184282,1308.115920033573,1264.1191666443972,1250.0,3000.0,3000.0,3000.0,1512.8798585309896,1387.3953302184282,1308.115920033573,1264.1191666443972,1250.0,3000.0,3000.0,3000.0,1512.8798585309896,1387.3953302184282,1308.115920033573,1264.1191666443972,1250.0,3000.0,3000.0,3000.0,1512.8798585309896,1387.3953302184282,1308.115920033573,1264.1191666443972,1250.0,3000.0,3000.0,3000.0,1512.8798585309896,1387.3953302184282,1308.115920033573,1264.1191666443972,1250.0,3000.0,3000.0,3000.0,1512.8798585309896,1387.3953302184282,1308.115920033573,1264.1191666443972,1250.0
7067,3000.0,3000.0,3000.0,3000.0,3000.0,3000.0,3000.0,3000.0,3000.0,3000.0,3000.0,3000.0,3000.0,3000.0,3000.0,3000.0,3000.0,3000.0,3000.0,3000.0,3000.0,3000.0,3000.0,3000.0,3000.0,3000.0,3000.0,3000.0,3000.0,3000.0,3000.0,3000.0,3000.0,3000.0,3000.0,3000.0,3000.0,3000.0,3000.0,3000.0,3000.0,3000.0,3000.0,3000.0,3000.0,3000.0,3000.0,3000.0,3000.0,3000.0,3000.0,3000.0,3000.0,3000.0,3000.0,3000.0,3000.0,3000.0,3000.0,3000.0,3000.0,3000.0,3000.0,3000.0,3000.0,3000.0,3000.0,3000.0,3000.0,3000.0,3000.0,3000.0,3000.0,3000.0,3000.0,3000.0,3000.0,3000.0,3000.0,3000.0,3000.0,3000.0,3000.0,3000.0,3000.0,3000.0,3000.0,3000.0,3000.0,3000.0,3000.0,3000.0,3000.0,3000.0,3000.0,3000.0,3000.0,3000.0,3000.0,3000.0,3000.0,3000.0,3000.0,3000.0,3000.0,3000.0,3000.0,3000.0,3000.0,3000.0,3000.0,3000.0,3000.0,3000.0,3000.0,3000.0,3000.0,3000.0,3000.0,3000.0,3000.0,3000.0,3000.0,3000.0,3000.0,3000.0,3000.0,3000.0,3000.0,3000.0,3000.0,3000.0,3000.0,3000.0,3000.0,3000.0,3000.0,3000.0,3000.0,3000.0,3000.0,3000.0,3000.0,3000.0,3000.0,3000.0,3000.0,3000.0,3000.0,3000.0,3000.0,3000.0,3000.0,3000.0,3000.0,3000.0,3000.0,3000.0,3000.0,3000.0,3000.0,3000.0,3000.0,3000.0,3000.0,3000.0,3000.0,3000.0,3000.0,3000.0,3000.0,3000.0,3000.0,3000.0,3000.0,3000.0,3000.0,3000.0,3000.0,3000.0,3000.0,3000.0,3000.0,3000.0,3000.0,3000.0,3000.0,3000.0,3000.0,3000.0,3000.0,3000.0,1253.052372601465,1280.7043474201557,1340.2181276727047,1439.249917233413,1592.4969141518168,3000.0,3000.0,3000.0,1253.052372601465,1280.7043474201557,1340.2181276727047,1439.249917233413,1592.4969141518168,3000.0,3000.0,3000.0,1253.052372601465,1280.7043474201557,1340.2181276727047,1439.249917233413,1592.4969141518168,3000.0,3000.0,3000.0,1253.052372601465,1280.7043474201557,1340.2181276727047,1439.249917233413,1592.4969141518168,3000.0,3000.0,3000.0,1253.052372601465,1280.7043474201557,1340.2181276727047,1439.249917233413,1592.4969141518168,3000.0,3000.0,3000.0,1253.052372601465,1280.7043474201557,1340.2181276727047,1439.249917233413,1592.4969141518168,3000.0,3000.0,3000.0,1253.052372601465,1280.7043474201557,1340.2181276727047,1439.249917233413,1592.4969141518168,3000.0,3000.0,3000.0,1253.052372601465,1280.7043474201557,1340.2181276727047,1439.249917233413,1592.4969141518168,3000.0,3000.0,3000.0,3000.0,3000.0,3000.0,3000.0,3000.0,3000.0,3000.0,3000.0,3000.0,3000.0,3000.0,3000.0,3000.0,3000.0,3000.0,3000.0,3000.0,3000.0,3000.0,3000.0,3000.0,3000.0,3000.0,3000.0,3000.0,3000.0,3000.0,3000.0,3000.0,3000.0,3000.0,3000.0,3000.0,3000.0,3000.0,3000.0,3000.0,3000.0,3000.0,3000.0,3000.0,3000.0,3000.0,3000.0,3000.0,3000.0,3000.0,3000.0,3000.0,3000.0,3000.0,3000.0,3000.0,3000.0,3000.0,3000.0,3000.0,3000.0,3000.0,3000.0,3000.0,3000.0,3000.0,3000.0,3000.0,3000.0,3000.0,1447.5612500299308,1345.4743880566043,1283.6230158422131,1253.9892571386683,1253.052372601465,3000.0,3000.0,3000.0,1447.5612500299308,1345.4743880566043,1283.6230158422131,1253.9892571386683,1253.052372601465,3000.0,3000.0,3000.0,1447.5612500299308,1345.4743880566043,1283.6230158422131,1253.9892571386683,1253.052372601465,3000.0,3000.0,3000.0,1447.5612500299308,1345.4743880566043,1283.6230158422131,1253.9892571386683,1253.052372601465,3000.0,3000.0,3000.0,1447.5612500299308,1345.4743880566043,1283.6230158422131,1253.9892571386683,1253.052372601465,3000.0,3000.0,3000.0,1447.5612500299308,1345.4743880566043,1283.6230158422131,1253.9892571386683,1253.052372601465,3000.0,3000.0,3000.0,1447.5612500299308,1345.4743880566043,1283.6230158422131,1253.9892571386683,1253.052372601465,3000.0,3000.0,3000.0,1447.5612500299308,1345.4743880566043,1283.6230158422131,1253.9892571386683,1253.052372601465
7133,3000.0,3000.0,3000.0,3000.0,3000.0,3000.0,3000.0,3000.0,3000.0,3000.0,3000.0,3000.0,3000.0,3000.0,3000.0,3000.0,3000.0,3000.0,3000.0,3000.0,3000.0,3000.0,3000.0,3000.0,3000.0,3000.0,3000.0,3000.0,3000.0,3000.0,3000.0,3000.0,3000.0,3000.0,3000.0,3000.0,3000.0,3000.0,3000.0,3000.0,3000.0,3000.0,3000.0,3000.0,3000.0,3000.0,3000.0,3000.0,3000.0,3000.0,3000.0,3000.0,3000.0,3000.0,3000.0,3000.0,3000.0,3000.0,3000.0,3000.0,3000.0,3000.0,3000.0,3000.0,3000.0,3000.0,3000.0,3000.0,3000.0,3000.0,3000.0,3000.0,3000.0,3000.0,3000.0,3000.0,3000.0,3000.0,3000.0,3000.0,3000.0,3000.0,3000.0,3000.0,3000.0,3000.0,3000.0,3000.0,3000.0,3000.0,3000.0,3000.0,3000.0,3000.0,3000.0,3000.0,3000.0,3000.0,3000.0,3000.0,3000.0,3000.0,3000.0,3000.0,3000.0,3000.0,3000.0,3000.0,3000.0,3000.0,3000.0,3000.0,3000.0,3000.0,3000.0,3000.0,3000.0,3000.0,3000.0,3000.0,3000.0,3000.0,3000.0,3000.0,3000.0,3000.0,3000.0,3000.0,3000.0,3000.0,3000.0,3000.0,3000.0,3000.0,3000.0,3000.0,3000.0,3000.0,3000.0,3000.0,3000.0,3000.0,3000.0,3000.0,3000.0,3000.0,3000.0,3000.0,3000.0,3000.0,3000.0,3000.0,3000.0,3000.0,3000.0,3000.0,3000.0,3000.0,3000.0,3000.0,3000.0,3000.0,3000.0,3000.0,3000.0,3000.0,3000.0,3000.0,3000.0,3000.0,3000.0,3000.0,3000.0,3000.0,3000.0,3000.0,3000.0,3000.0,3000.0,3000.0,3000.0,3000.0,3000.0,3000.0,3000.0,3000.0,3000.0,3000.0,3000.0,3000.0,3000.0,3000.0,1262.2844656482728,1304.1687559050467,1380.8321242485188,1502.7366239554383,3000.0,3000.0,3000.0,3000.0,1262.2844656482728,1304.1687559050467,1380.8321242485188,1502.7366239554383,3000.0,3000.0,3000.0,3000.0,1262.2844656482728,1304.1687559050467,1380.8321242485188,1502.7366239554383,3000.0,3000.0,3000.0,3000.0,1262.2844656482728,1304.1687559050467,1380.8321242485188,1502.7366239554383,3000.0,3000.0,3000.0,3000.0,1262.2844656482728,1304.1687559050467,1380.8321242485188,1502.7366239554383,3000.0,3000.0,3000.0,3000.0,1262.2844656482728,1304.1687559050467,1380.8321242485188,1502.7366239554383,3000.0,3000.0,3000.0,3000.0,1262.2844656482728,1304.1687559050467,1380.8321242485188,1502.7366239554383,3000.0,3000.0,3000.0,3000.0,1262.2844656482728,1304.1687559050467,1380.8321242485188,1502.7366239554383,3000.0,3000.0,3000.0,3000.0,3000.0,3000.0,3000.0,3000.0,3000.0,3000.0,3000.0,3000.0,3000.0,3000.0,3000.0,3000.0,3000.0,3000.0,3000.0,3000.0,3000.0,3000.0,3000.0,3000.0,3000.0,3000.0,3000.0,3000.0,3000.0,3000.0,3000.0,3000.0,3000.0,3000.0,3000.0,3000.0,3000.0,3000.0,3000.0,3000.0,3000.0,3000.0,3000.0,3000.0,3000.0,3000.0,3000.0,3000.0,3000.0,3000.0,3000.0,3000.0,3000.0,3000.0,3000.0,3000.0,3000.0,3000.0,3000.0,3000.0,3000.0,3000.0,3000.0,3000.0,3000.0,3000.0,3000.0,3000.0,3000.0,3000.0,1523.3135018131388,1394.160559006045,1312.217966888133,1266.085324654798,1250.0621693969445,1262.2844656482728,3000.0,3000.0,1523.3135018131388,1394.160559006045,1312.217966888133,1266.085324654798,1250.0621693969445,1262.2844656482728,3000.0,3000.0,1523.3135018131388,1394.160559006045,1312.217966888133,1266.085324654798,1250.0621693969445,1262.2844656482728,3000.0,3000.0,1523.3135018131388,1394.160559006045,1312.217966888133,1266.085324654798,1250.0621693969445,1262.2844656482728,3000.0,3000.0,1523.3135018131388,1394.160559006045,1312.217966888133,1266.085324654798,1250.0621693969445,1262.2844656482728,3000.0,3000.0,1523.3135018131388,1394.160559006045,1312.217966888133,1266.085324654798,1250.0621693969445,1262.2844656482728,3000.0,3000.0,1523.3135018131388,1394.160559006045,1312.217966888133,1266.085324654798,1250.0621693969445,1262.2844656482728,3000.0,3000.0,1523.3135018131388,1394.160559006045,1312.217966888133,1266.085324654798,1250.0621693969445,1262.2844656482728
7200,3000.0,3000.0,3000.0,3000.0,3000.0,3000.0,3000.0,3000.0,3000.0,3000.0,3000.0,3000.0,3000.0,3000.0,3000.0,3000.0,3000.0,3000.0,3000.0,3000.0,3000.0,3000.0,3000.0,3000.0,3000.0,3000.0,3000.0,3000.0,3000.0,3000.0,3000.0,3000.0,3000.0,3000.0,3000.0,3000.0,3000.0,3000.0,3000.0,3000.0,3000.0,3000.0,3000.0,3000.0,3000.0,3000.0,3000.0,3000.0,3000.0,3000.0,3000.0,3000.0,3000.0,3000.0,3000.0,3000.0,3000.0,3000.0,3000.0,3000.0,3000.0,3000.0,3000.0,3000.0,3000.0,3000.0,3000.0,3000.0,3000.0,3000.0,3000.0,3000.0,3000.0,3000.0,3000.0,3000.0,3000.0,3000.0,3000.0,3000.0,3000.0,3000.0,3000.0,3000.0,3000.0,3000.0,3000.0,3000.0,3000.0,3000.0,3000.0,3000.0,3000.0,3000.0,3000.0,3000.0,3000.0,3000.0,3000.0,3000.0,3000.0,3000.0,3000.0,3000.0,3000.0,3000.0,3000.0,3000.0,3000.0,3000.0,3000.0,3000.0,3000.0,3000.0,3000.0,3000.0,3000.0,3000.0,3000.0,3000.0,3000.0,3000.0,3000.0,3000.0,3000.0,3000.0,3000.0,3000.0,3000.0,3000.0,3000.0,3000.0,3000.0,3000.0,3000.0,3000.0,3000.0,3000.0,3000.0,3000.0,3000.0,3000.0,3000.0,3000.0,3000.0,3000.0,3000.0,3000.0,3000.0,3000.0,3000.0,3000.0,3000.0,3000.0,3000.0,3000.0,3000.0,3000.0,3000.0,3000.0,3000.0,3000.0,3000.0,3000.0,3000.0,3000.0,3000.0,3000.0,3000.0,3000.0,3000.0,3000.0,3000.0,3000.0,3000.0,3000.0,3000.0,3000.0,3000.0,3000.0,3000.0,3000.0,3000.0,3000.0,3000.0,3000.0,3000.0,3000.0,3000.0,3000.0,3000.0,3000.0,1277.9257435812867,1335.1350598016766,1431.1750211605292,1580.1362270115576,3000.0,3000.0,3000.0,3000.0,1277.9257435812867,1335.1350598016766,1431.1750211605292,1580.1362270115576,3000.0,3000.0,3000.0,3000.0,1277.9257435812867,1335.1350598016766,1431.1750211605292,1580.1362270115576,3000.0,3000.0,3000.0,3000.0,1277.9257435812867,1335.1350598016766,1431.1750211605292,1580.1362270115576,3000.0,3000.0,3000.0,3000.0,1277.9257435812867,1335.1350598016766,1431.1750211605292,1580.1362270115576,3000.0,3000.0,3000.0,3000.0,1277.9257435812867,1335.1350598016766,1431.1750211605292,1580.1362270115576,3000.0,3000.0,3000.0,3000.0,1277.9257435812867,1335.1350598016766,1431.1750211605292,1580.1362270115576,3000.0,3000.0,3000.0,3000.0,1277.9257435812867,1335.1350598016766,1431.1750211605292,1580.1362270115576,3000.0,3000.0,3000.0,3000.0,3000.0,3000.0,3000.0,3000.0,3000.0,3000.0,3000.0,3000.0,3000.0,3000.0,3000.0,3000.0,3000.0,3000.0,3000.0,3000.0,3000.0,3000.0,3000.0,3000.0,3000.0,3000.0,3000.0,3000.0,3000.0,3000.0,3000.0,3000.0,3000.0,3000.0,3000.0,3000.0,3000.0,3000.0,3000.0,3000.0,3000.0,3000.0,3000.0,3000.0,3000.0,3000.0,3000.0,3000.0,3000.0,3000.0,3000.0,3000.0,3000.0,3000.0,3000.0,3000.0,3000.0,3000.0,3000.0,3000.0,3000.0,3000.0,3000.0,3000.0,3000.0,3000.0,3000.0,3000.0,3000.0,3000.0,1456.1148076815039,1350.9069387872453,1286.6832913660535,1255.0524722739233,1252.2413495151084,1277.9257435812867,3000.0,3000.0,1456.1148076815039,1350.9069387872453,1286.6832913660535,1255.0524722739233,1252.2413495151084,1277.9257435812867,3000.0,3000.0,1456.1148076815039,1350.9069387872453,1286.6832913660535,1255.0524722739233,1252.2413495151084,1277.9257435812867,3000.0,3000.0,1456.1148076815039,1350.9069387872453,1286.6832913660535,1255.0524722739233,1252.2413495151084,1277.9257435812867,3000.0,3000.0,1456.1148076815039,1350.9069387872453,1286.6832913660535,1255.0524722739233,1252.2413495151084,1277.9257435812867,3000.0,3000.0,1456.1148076815039,1350.9069387872453,1286.6832913660535,1255.0524722739233,1252.2413495151084,1277.9257435812867,3000.0,3000.0,1456.1148076815039,1350.9069387872453,1286.6832913660535,1255.0524722739233,1252.2413495151084,1277.9257435812867,3000.0,3000.0,1456.1148076815039,1350.9069387872453,1286.6832913660535,1255.0524722739233,1252.2413495151084,1277.9257435812867
7267,3000.0,3000.0,3000.0,3000.0,3000.0,3000.0,3000.0,3000.0,3000.0,3000.0,3000.0,3000.0,3000.0,3000.0,3000.0,3000.0,3000.0,3000.0,3000.0,3000.0,3000.0,3000.0,3000.0,3000.0,3000.0,3000.0,3000.0,3000.0,3000.0,3000.0,3000.0,3000.0,3000.0,3000.0,3000.0,3000.0,3000.0,3000.0,3000.0,3000.0,3000.0,3000.0,3000.0,3000.0,3000.0,3000.0,3000.0,3000.0,3000.0,3000.0,3000.0,3000.0,3000.0,3000.0,3000.0,3000.0,3000.0,3000.0,3000.0,3000.0,3000.0,3000.0,3000.0,3000.0,3000.0,3000.0,3000.0,3000.0,3000.0,3000.0,3000.0,3000.0,3000.0,3000.0,3000.0,3000.0,3000.0,3000.0,3000.0,3000.0,3000.0,3000.0,3000.0,3000.0,3000.0,3000.0,3000.0,3000.0,3000.0,3000.0,3000.0,3000.0,3000.0,3000.0,3000.0,3000.0,3000.0,3000.0,3000.0,3000.0,3000.0,3000.0,3000.0,3000.0,3000.0,3000.0,3000.0,3000.0,3000.0,3000.0,3000.0,3000.0,3000.0,3000.0,3000.0,3000.0,3000.0,3000.0,3000.0,3000.0,3000.0,3000.0,3000.0,3000.0,3000.0,3000.0,3000.0,3000.0,3000.0,3000.0,3000.0,3000.0,3000.0,3000.0,3000.0,3000.0,3000.0,3000.0,3000.0,3000.0,3000.0,3000.0,3000.0,3000.0,3000.0,3000.0,3000.0,3000.0,3000.0,3000.0,3000.0,3000.0,3000.0,3000.0,3000.0,3000.0,3000.0,3000.0,3000.0,3000.0,3000.0,3000.0,3000.0,3000.0,3000.0,3000.0,3000.0,3000.0,3000.0,3000.0,3000.0,3000.0,3000.0,3000.0,3000.0,3000.0,3000.0,3000.0,3000.0,3000.0,3000.0,3000.0,3000.0,3000.0,3000.0,3000.0,3000.0,3000.0,3000.0,3000.0,3000.0,3000.0,1300.3742948270024,1374.4667908026472,1492.8759975409962,3000.0,3000.0,3000.0,3000.0,3000.0,1300.3742948270024,1374.4667908026472,1492.8759975409962,3000.0,3000.0,3000.0,3000.0,3000.0,1300.3742948270024,1374.4667908026472,1492.8759975409962,3000.0,3000.0,3000.0,3000.0,3000.0,1300.3742948270024,1374.4667908026472,1492.8759975409962,3000.0,3000.0,3000.0,3000.0,3000.0,1300.3742948270024,1374.4667908026472,1492.8759975409962,3000.0,3000.0,3000.0,3000.0,3000.0,1300.3742948270024,1374.4667908026472,1492.8759975409962,3000.0,3000.0,3000.0,3000.0,3000.0,1300.3742948270024,1374.4667908026472,1492.8759975409962,3000.0,3000.0,3000.0,3000.0,3000.0,1300.3742948270024,1374.4667908026472,1492.8759975409962,3000.0,3000.0,3000.0,3000.0,3000.0,3000.0,3000.0,3000.0,3000.0,3000.0,3000.0,3000.0,3000.0,3000.0,3000.0,3000.0,3000.0,3000.0,3000.0,3000.0,3000.0,3000.0,3000.0,3000.0,3000.0,3000.0,3000.0,3000.0,3000.0,3000.0,3000.0,3000.0,3000.0,3000.0,3000.0,3000.0,3000.0,3000.0,3000.0,3000.0,3000.0,3000.0,3000.0,3000.0,3000.0,3000.0,3000.0,3000.0,3000.0,3000.0,3000.0,3000.0,3000.0,3000.0,3000.0,3000.0,3000.0,3000.0,3000.0,3000.0,3000.0,3000.0,3000.0,3000.0,3000.0,3000.0,3000.0,3000.0,3000.0,3000.0,1534.0457018004286,1401.1321364564137,1316.4771781750096,1268.1839461491397,1250.248708511741,1260.5802858571576,1300.3742948270028,3000.0,1534.0457018004286,1401.1321364564137,1316.4771781750096,1268.1839461491397,1250.248708511741,1260.5802858571576,1300.3742948270028,3000.0,1534.0457018004286,1401.1321364564137,1316.4771781750096,1268.1839461491397,1250.248708511741,1260.5802858571576,1300.3742948270028,3000.0,1534.0457018004286,1401.1321364564137,1316.4771781750096,1268.1839461491397,1250.248708511741,1260.5802858571576,1300.3742948270028,3000.0,1534.0457018004286,1401.1321364564137,1316.4771781750096,1268.1839461491397,1250.248708511741,1260.5802858571576,1300.3742948270028,3000.0,1534.0457018004286,1401.1321364564137,1316.4771781750096,1268.1839461491397,1250.248708511741,1260.5802858571576,1300.3742948270028,3000.0,1534.0457018004286,1401.1321364564137,1316.4771781750096,1268.1839461491397,1250.248708511741,1260.5802858571576,1300.3742948270028,3000.0,1534.0457018004286,1401.1321364564137,1316.4771781750096,1268.1839461491397,1250.248708511741,1260.5802858571576,1300.3742948270028
7333,3000.0,3000.0,3000.0,3000.0,3000.0,3000.0,3000.0,3000.0,3000.0,3000.0,3000.0,3000.0,3000.0,3000.0,3000.0,3000.0,3000.0,3000.0,3000.0,3000.0,3000.0,3000.0,3000.0,3000.0,3000.0,3000.0,3000.0,3000.0,3000.0,3000.0,3000.0,3000.0,3000.0,3000.0,3000.0,3000.0,3000.0,3000.0,3000.0,3000.0,3000.0,3000.0,3000.0,3000.0,3000.0,3000.0,3000.0,3000.0,3000.0,3000.0,3000.0,3000.0,3000.0,3000.0,3000.0,3000.0,3000.0,3000.0,3000.0,3000.0,3000.0,3000.0,3000.0,3000.0,3000.0,3000.0,3000.0,3000.0,3000.0,3000.0,3000.0,3000.0,3000.0,3000.0,3000.0,3000.0,3000.0,3000.0,3000.0,3000.0,3000.0,3000.0,3000.0,3000.0,3000.0,3000.0,3000.0,3000.0,3000.0,3000.0,3000.0,3000.0,3000.0,3000.0,3000.0,3000.0,3000.0,3000.0,3000.0,3000.0,3000.0,3000.0,3000.0,3000.0,3000.0,3000.0,3000.0,3000.0,3000.0,3000.0,3000.0,3000.0,3000.0,3000.0,3000.0,3000.0,3000.0,3000.0,3000.0,3000.0,3000.0,3000.0,3000.0,3000.0,3000.0,3000.0,3000.0,3000.0,3000.0,3000.0,3000.0,3000.0,3000.0,3000.0,3000.0,3000.0,3000.0,3000.0,3000.0,3000.0,3000.0,3000.0,3000.0,3000.0,3000.0,3000.0,3000.0,3000.0,3000.0,3000.0,3000.0,3000.0,3000.0,3000.0,3000.0,3000.0,3000.0,3000.0,3000.0,3000.0,3000.0,3000.0,3000.0,3000.0,3000.0,3000.0,3000.0,3000.0,3000.0,3000.0,3000.0,3000.0,3000.0,3000.0,3000.0,3000.0,3000.0,3000.0,3000.0,3000.0,3000.0,3000.0,3000.0,3000.0,3000.0,3000.0,3000.0,3000.0,3000.0,3000.0,3000.0,3000.0,1330.2222155948903,1423.3310111058304,1568.1207185425083,3000.0,3000.0,3000.0,3000.0,3000.0,1330.2222155948903,1423.3310111058304,1568.1207185425083,3000.0,3000.0,3000.0,3000.0,3000.0,1330.2222155948903,1423.3310111058304,1568.1207185425083,3000.0,3000.0,3000.0,3000.0,3000.0,1330.2222155948903,1423.3310111058304,1568.1207185425083,3000.0,3000.0,3000.0,3000.0,3000.0,1330.2222155948903,1423.3310111058304,1568.1207185425083,3000.0,3000.0,3000.0,3000.0,3000.0,1330.2222155948903,1423.3310111058304,1568.1207185425083,3000.0,3000.0,3000.0,3000.0,3000.0,1330.2222155948903,1423.3310111058304,1568.1207185425083,3000.0,3000.0,3000.0,3000.0,3000.0,1330.2222155948903,1423.3310111058304,1568.1207185425083,3000.0,3000.0,3000.0,3000.0,3000.0,3000.0,3000.0,3000.0,3000.0,3000.0,3000.0,3000.0,3000.0,3000.0,3000.0,3000.0,3000.0,3000.0,3000.0,3000.0,3000.0,3000.0,3000.0,3000.0,3000.0,3000.0,3000.0,3000.0,3000.0,3000.0,3000.0,3000.0,3000.0,3000.0,3000.0,3000.0,3000.0,3000.0,3000.0,3000.0,3000.0,3000.0,3000.0,3000.0,3000.0,3000.0,3000.0,3000.0,3000.0,3000.0,3000.0,3000.0,3000.0,3000.0,3000.0,3000.0,3000.0,3000.0,3000.0,3000.0,3000.0,3000.0,3000.0,3000.0,3000.0,3000.0,3000.0,3000.0,3000.0,3000.0,1464.9166268002627,1356.519011448767,1289.8868003232878,1256.2425514336148,1251.5557824364819,1275.2857435773587,1330.2222155948903,3000.0,1464.9166268002627,1356.519011448767,1289.8868003232878,1256.2425514336148,1251.5557824364819,1275.2857435773587,1330.2222155948903,3000.0,1464.9166268002627,1356.519011448767,1289.8868003232878,1256.2425514336148,1251.5557824364819,1275.2857435773587,1330.2222155948903,3000.0,1464.9166268002627,1356.519011448767,1289.8868003232878,1256.2425514336148,1251.5557824364819,1275.2857435773587,1330.2222155948903,3000.0,1464.9166268002627,1356.519011448767,1289.8868003232878,1256.2425514336148,1251.5557824364819,1275.2857435773587,1330.2222155948903,3000.0,1464.9166268002627,1356.519011448767,1289.8868003232878,1256.2425514336148,1251.5557824364819,1275.2857435773587,1330.2222155948903,3000.0,1464.9166268002627,1356.519011448767,1289.8868003232878,1256.2425514336148,1251.5557824364819,1275.2857435773587,1330.2222155948903,3000.0,1464.9166268002627,1356.519011448767,1289.8868003232878,1256.2425514336148,1251.5557824364819,1275.2857435773587,1330.2222155948903
7400,3000.0,3000.0,3000.0,3000.0,3000.0,3000.0,3000.0,1545.0849718747363,3000.0,3000.0,3000.0,3000.0,3000.0,3000.0,3000.0,1545.0849718747363,3000.0,3000.0,3000.0,3000.0,3000.0,3000.0,3000.0,1545.0849718747363,3000.0,3000.0,3000.0,3000.0,3000.0,3000.0,3000.0,1545.0849718747363,3000.0,3000.0,3000.0,3000.0,3000.0,3000.0,3000.0,1545.0849718747363,3000.0,3000.0,3000.0,3000.0,3000.0,3000.0,3000.0,1545.0849718747363,3000.0,3000.0,3000.0,3000.0,3000.0,3000.0,3000.0,1545.0849718747363,3000.0,3000.0,3000.0,3000.0,3000.0,3000.0,3000.0,1545.0849718747363,3000.0,3000.0,3000.0,3000.0,3000.0,3000.0,3000.0,3000.0,3000.0,3000.0,3000.0,3000.0,3000.0,3000.0,3000.0,3000.0,3000.0,3000.0,3000.0,3000.0,3000.0,3000.0,3000.0,3000.0,3000.0,3000.0,3000.0,3000.0,3000.0,3000.0,3000.0,3000.0,3000.0,3000.0,3000.0,3000.0,3000.0,3000.0,3000.0,3000.0,3000.0,3000.0,3000.0,3000.0,3000.0,3000.0,3000.0,3000.0,3000.0,3000.0,3000.0,3000.0,3000.0,3000.0,3000.0,3000.0,3000.0,3000.0,3000.0,3000.0,3000.0,3000.0,3000.0,3000.0,3000.0,3000.0,3000.0,3000.0,3000.0,3000.0,3000.0,3000.0,3000.0,3000.0,3000.0,3000.0,3000.0,3000.0,3000.0,3000.0,3000.0,3000.0,3000.0,3000.0,3000.0,3000.0,3000.0,3000.0,3000.0,3000.0,3000.0,3000.0,3000.0,3000.0,3000.0,3000.0,3000.0,3000.0,3000.0,3000.0,3000.0,3000.0,3000.0,3000.0,3000.0,3000.0,3000.0,3000.0,3000.0,3000.0,3000.0,3000.0,3000.0,3000.0,3000.0,3000.0,3000.0,3000.0,3000.0,3000.0,3000.0,3000.0,3000.0,3000.0,3000.0,3000.0,3000.0,3000.0,1368.295348132558,1483.290509347781,3000.0,3000.0,3000.0,3000.0,3000.0,3000.0,1368.295348132558,1483.290509347781,3000.0,3000.0,3000.0,3000.0,3000.0,3000.0,1368.295348132558,1483.290509347781,3000.0,3000.0,3000.0,3000.0,3000.0,3000.0,1368.295348132558,1483.290509347781,3000.0,3000.0,3000.0,3000.0,3000.0,3000.0,1368.295348132558,1483.290509347781,3000.0,3000.0,3000.0,3000.0,3000.0,3000.0,1368.295348132558,1483.290509347781,3000.0,3000.0,3000.0,3000.0,3000.0,3000.0,1368.295348132558,1483.290509347781,3000.0,3000.0,3000.0,3000.0,3000.0,3000.0,1368.295348132558,1483.290509347781,3000.0,3000.0,3000.0,3000.0,3000.0,3000.0,3000.0,3000.0,3000.0,3000.0,3000.0,3000.0,3000.0,3000.0,3000.0,3000.0,3000.0,3000.0,3000.0,3000.0,3000.0,3000.0,3000.0,3000.0,3000.0,3000.0,3000.0,3000.0,3000.0,3000.0,3000.0,3000.0,3000.0,3000.0,3000.0,3000.0,3000.0,3000.0,3000.0,3000.0,3000.0,3000.0,3000.0,3000.0,3000.0,3000.0,3000.0,3000.0,3000.0,3000.0,3000.0,3000.0,3000.0,3000.0,3000.0,3000.0,3000.0,3000.0,3000.0,3000.0,3000.0,3000.0,3000.0,3000.0,3000.0,3000.0,3000.0,3000.0,3000.0,3000.0,1545.0849718747372,1408.314571374448,1320.8959408758724,1270.416109531093,1250.5597101538165,1259.0057609440842,1296.730456085897,1368.2953481325585,1545.0849718747372,1408.314571374448,1320.8959408758724,1270.416109531093,1250.5597101538165,1259.0057609440842,1296.730456085897,1368.2953481325585,1545.0849718747372,1408.314571374448,1320.8959408758724,1270.416109531093,1250.5597101538165,1259.0057609440842,1296.730456085897,1368.2953481325585,1545.0849718747372,1408.314571374448,1320.8959408758724,1270.416109531093,1250.5597101538165,1259.0057609440842,1296.730456085897,1368.2953481325585,1545.0849718747372,1408.314571374448,1320.8959408758724,1270.416109531093,1250.5597101538165,1259.0057609440842,1296.730456085897,1368.2953481325585,1545.0849718747372,1408.314571374448,1320.8959408758724,1270.416109531093,1250.5597101538165,1259.0057609440842,1296.730456085897,1368.2953481325585,1545.0849718747372,1408.314571374448,1320.8959408758724,1270.416109531093,1250.5597101538165,1259.0057609440842,1296.730456085897,1368.2953481325585,1545.0849718747372,1408.314571374448,1320.8959408758724,1270.416109531093,1250.5597101538165,1259.0057609440842,1296.730456085897,1368.2953481325585
7467,3000.0,3000.0,3000.0,3000.0,3000.0,3000.0,3000.0,1473.9730042026197,3000.0,3000.0,3000.0,3000.0,3000.0,3000.0,3000.0,1473.9730042026197,3000.0,3000.0,3000.0,3000.0,3000.0,3000.0,3000.0,1473.9730042026197,3000.0,3000.0,3000.0,3000.0,3000.0,3000.0,3000.0,1473.9730042026197,3000.0,3000.0,3000.0,3000.0,3000.0,3000.0,3000.0,1473.9730042026197,3000.0,3000.0,3000.0,3000.0,3000.0,3000.0,3000.0,1473.9730042026197,3000.0,3000.0,3000.0,3000.0,3000.0,3000.0,3000.0,1473.9730042026197,3000.0,3000.0,3000.0,3000.0,3000.0,3000.0,3000.0,1473.9730042026197,3000.0,3000.0,3000.0,3000.0,3000.0,3000.0,3000.0,3000.0,3000.0,3000.0,3000.0,3000.0,3000.0,3000.0,3000.0,3000.0,3000.0,3000.0,3000.0,3000.0,3000.0,3000.0,3000.0,3000.0,3000.0,3000.0,3000.0,3000.0,3000.0,3000.0,3000.0,3000.0,3000.0,3000.0,3000.0,3000.0,3000.0,3000.0,3000.0,3000.0,3000.0,3000.0,3000.0,3000.0,3000.0,3000.0,3000.0,3000.0,3000.0,3000.0,3000.0,3000.0,3000.0,3000.0,3000.0,3000.0,3000.0,3000.0,3000.0,3000.0,3000.0,3000.0,3000.0,3000.0,3000.0,3000.0,3000.0,3000.0,3000.0,3000.0,3000.0,3000.0,3000.0,3000.0,3000.0,3000.0,3000.0,3000.0,3000.0,3000.0,3000.0,3000.0,3000.0,3000.0,3000.0,3000.0,3000.0,3000.0,3000.0,3000.0,3000.0,3000.0,3000.0,3000.0,3000.0,3000.0,3000.0,3000.0,3000.0,3000.0,3000.0,3000.0,3000.0,3000.0,3000.0,3000.0,3000.0,3000.0,3000.0,3000.0,3000.0,3000.0,3000.0,3000.0,3000.0,3000.0,3000.0,3000.0,3000.0,3000.0,3000.0,3000.0,3000.0,3000.0,3000.0,3000.0,3000.0,3000.0,1415.7125633612993,1556.4402098950754,3000.0,3000.0,3000.0,3000.0,3000.0,3000.0,1415.7125633612993,1556.4402098950754,3000.0,3000.0,3000.0,3000.0,3000.0,3000.0,1415.7125633612993,1556.4402098950754,3000.0,3000.0,3000.0,3000.0,3000.0,3000.0,1415.7125633612993,1556.4402098950754,3000.0,3000.0,3000.0,3000.0,3000.0,3000.0,1415.7125633612993,1556.4402098950754,3000.0,3000.0,3000.0,3000.0,3000.0,3000.0,1415.7125633612993,1556.4402098950754,3000.0,3000.0,3000.0,3000.0,3000.0,3000.0,1415.7125633612993,1556.4402098950754,3000.0,3000.0,3000.0,3000.0,3000.0,3000.0,1415.7125633612993,1556.4402098950754,3000.0,3000.0,3000.0,3000.0,3000.0,3000.0,3000.0,3000.0,3000.0,3000.0,3000.0,3000.0,3000.0,3000.0,3000.0,3000.0,3000.0,3000.0,3000.0,3000.0,3000.0,3000.0,3000.0,3000.0,3000.0,3000.0,3000.0,3000.0,3000.0,3000.0,3000.0,3000.0,3000.0,3000.0,3000.0,3000.0,3000.0,3000.0,3000.0,3000.0,3000.0,3000.0,3000.0,3000.0,3000.0,3000.0,3000.0,3000.0,3000.0,3000.0,3000.0,3000.0,3000.0,3000.0,3000.0,3000.0,3000.0,3000.0,3000.0,3000.0,3000.0,3000.0,3000.0,3000.0,3000.0,3000.0,3000.0,3000.0,3000.0,3000.0,1473.9730042026204,1362.313976408405,1293.235255029051,1257.560092979011,1250.9953291307672,1272.7829665104955,1325.476750677326,1415.7125633612993,1473.9730042026204,1362.313976408405,1293.235255029051,1257.560092979011,1250.9953291307672,1272.7829665104955,1325.476750677326,1415.7125633612993,1473.9730042026204,1362.313976408405,1293.235255029051,1257.560092979011,1250.9953291307672,1272.7829665104955,1325.476750677326,1415.7125633612993,1473.9730042026204,1362.313976408405,1293.235255029051,1257.560092979011,1250.9953291307672,1272.7829665104955,1325.476750677326,1415.7125633612993,1473.9730042026204,1362.313976408405,1293.235255029051,1257.560092979011,1250.9953291307672,1272.7829665104955,1325.476750677326,1415.7125633612993,1473.9730042026204,1362.313976408405,1293.235255029051,1257.560092979011,1250.9953291307672,1272.7829665104955,1325.476750677326,1415.7125633612993,1473.9730042026204,1362.313976408405,1293.235255029051,1257.560092979011,1250.9953291307672,1272.7829665104955,1325.476750677326,1415.7125633612993,1473.9730042026204,1362.313976408405,1293.235255029051,1257.560092979011,1250.9953291307672,1272.7829665104955,1325.476750677326,1415.7125633612993
7533,3000.0,3000.0,3000.0,3000.0,3000.0,3000.0,1556.440209895075,1415.712563361299,3000.0,3000.0,3000.0,3000.0,3000.0,3000.0,1556.440209895075,1415.712563361299,3000.0,3000.0,3000.0,3000.0,3000.0,3000.0,1556.440209895075,1415.712563361299,3000.0,3000.0,3000.0,3000.0,3000.0,3000.0,1556.440209895075,1415.712563361299,3000.0,3000.0,3000.0,3000.0,3000.0,3000.0,1556.440209895075,1415.712563361299,3000.0,3000.0,3000.0,3000.0,3000.0,3000.0,1556.440209895075,1415.712563361299,3000.0,3000.0,3000.0,3000.0,3000.0,3000.0,1556.440209895075,1415.712563361299,3000.0,3000.0,3000.0,3000.0,3000.0,3000.0,1556.440209895075,1415.712563361299,3000.0,3000.0,3000.0,3000.0,3000.0,3000.0,3000.0,3000.0,3000.0,3000.0,3000.0,3000.0,3000.0,3000.0,3000.0,3000.0,3000.0,3000.0,3000.0,3000.0,3000.0,3000.0,3000.0,3000.0,3000.0,3000.0,3000.0,3000.0,3000.0,3000.0,3000.0,3000.0,3000.0,3000.0,3000.0,3000.0,3000.0,3000.0,3000.0,3000.0,3000.0,3000.0,3000.0,3000.0,3000.0,3000.0,3000.0,3000.0,3000.0,3000.0,3000.0,3000.0,3000.0,3000.0,3000.0,3000.0,3000.0,3000.0,3000.0,3000.0,3000.0,3000.0,3000.0,3000.0,3000.0,3000.0,3000.0,3000.0,3000.0,3000.0,3000.0,3000.0,3000.0,3000.0,3000.0,3000.0,3000.0,3000.0,3000.0,3000.0,3000.0,3000.0,3000.0,3000.0,3000.0,3000.0,3000.0,3000.0,3000.0,3000.0,3000.0,3000.0,3000.0,3000.0,3000.0,3000.0,3000.0,3000.0,3000.0,3000.0,3000.0,3000.0,3000.0,3000.0,3000.0,3000.0,3000.0,3000.0,3000.0,3000.0,3000.0,3000.0,3000.0,3000.0,3000.0,3000.0,3000.0,3000.0,3000.0,3000.0,3000.0,3000.0,3000.0,3000.0,3000.0,3000.0,3000.0,3000.0,1473.9730042026201,3000.0,3000.0,3000.0,3000.0,3000.0,3000.0,3000.0,1473.9730042026201,3000.0,3000.0,3000.0,3000.0,3000.0,3000.0,3000.0,1473.9730042026201,3000.0,3000.0,3000.0,3000.0,3000.0,3000.0,3000.0,1473.9730042026201,3000.0,3000.0,3000.0,3000.0,3000.0,3000.0,3000.0,1473.9730042026201,3000.0,3000.0,3000.0,3000.0,3000.0,3000.0,3000.0,1473.9730042026201,3000.0,3000.0,3000.0,3000.0,3000.0,3000.0,3000.0,1473.9730042026201,3000.0,3000.0,3000.0,3000.0,3000.0,3000.0,3000.0,1473.9730042026201,3000.0,3000.0,3000.0,3000.0,3000.0,3000.0,3000.0,3000.0,3000.0,3000.0,3000.0,3000.0,3000.0,3000.0,3000.0,3000.0,3000.0,3000.0,3000.0,3000.0,3000.0,3000.0,3000.0,3000.0,3000.0,3000.0,3000.0,3000.0,3000.0,3000.0,3000.0,3000.0,3000.0,3000.0,3000.0,3000.0,3000.0,3000.0,3000.0,3000.0,3000.0,3000.0,3000.0,3000.0,3000.0,3000.0,3000.0,3000.0,3000.0,3000.0,3000.0,3000.0,3000.0,3000.0,3000.0,3000.0,3000.0,3000.0,3000.0,3000.0,3000.0,3000.0,3000.0,3000.0,3000.0,3000.0,3000.0,3000.0,3000.0,3000.0,3000.0,1415.7125633612998,1325.4767506773262,1272.7829665104957,1250.9953291307672,1257.560092979011,1293.2352550290507,1362.3139764084049,1473.9730042026201,1415.7125633612998,1325.4767506773262,1272.7829665104957,1250.9953291307672,1257.560092979011,1293.2352550290507,1362.3139764084049,1473.9730042026201,1415.7125633612998,1325.4767506773262,1272.7829665104957,1250.9953291307672,1257.560092979011,1293.2352550290507,1362.3139764084049,1473.9730042026201,1415.7125633612998,1325.4767506773262,1272.7829665104957,1250.9953291307672,1257.560092979011,1293.2352550290507,1362.3139764084049,1473.9730042026201,1415.7125633612998,1325.4767506773262,1272.7829665104957,1250.9953291307672,1257.560092979011,1293.2352550290507,1362.3139764084049,1473.9730042026201,1415.7125633612998,1325.4767506773262,1272.7829665104957,1250.9953291307672,1257.560092979011,1293.2352550290507,1362.3139764084049,1473.9730042026201,1415.7125633612998,1325.4767506773262,1272.7829665104957,1250.9953291307672,1257.560092979011,1293.2352550290507,1362.3139764084049,1473.9730042026201,1415.7125633612998,1325.4767506773262,1272.7829665104957,1250.9953291307672,1257.560092979011,1293.2352550290507,1362.3139764084049,1473.9730042026201
7600,3000.0,3000.0,3000.0,3000.0,3000.0,3000.0,1483.2905093477816,1368.2953481325583,3000.0,3000.0,3000.0,3000.0,3000.0,3000.0,1483.2905093477816,1368.2953481325583,3000.0,3000.0,3000.0,3000.0,3000.0,3000.0,1483.2905093477816,1368.2953481325583,3000.0,3000.0,3000.0,3000.0,3000.0,3000.0,1483.2905093477816,1368.2953481325583,3000.0,3000.0,3000.0,3000.0,3000.0,3000.0,1483.2905093477816,1368.2953481325583,3000.0,3000.0,3000.0,3000.0,3000.0,3000.0,1483.2905093477816,1368.2953481325583,3000.0,3000.0,3000.0,3000.0,3000.0,3000.0,1483.2905093477816,1368.2953481325583,3000.0,3000.0,3000.0,3000.0,3000.0,3000.0,1483.2905093477816,1368.2953481325583,3000.0,3000.0,3000.0,3000.0,3000.0,3000.0,3000.0,3000.0,3000.0,3000.0,3000.0,3000.0,3000.0,3000.0,3000.0,3000.0,3000.0,3000.0,3000.0,3000.0,3000.0,3000.0,3000.0,3000.0,3000.0,3000.0,3000.0,3000.0,3000.0,3000.0,3000.0,3000.0,3000.0,3000.0,3000.0,3000.0,3000.0,3000.0,3000.0,3000.0,3000.0,3000.0,3000.0,3000.0,3000.0,3000.0,3000.0,3000.0,3000.0,3000.0,3000.0,3000.0,3000.0,3000.0,3000.0,3000.0,3000.0,3000.0,3000.0,3000.0,3000.0,3000.0,3000.0,3000.0,3000.0,3000.0,3000.0,3000.0,3000.0,3000.0,3000.0,3000.0,3000.0,3000.0,3000.0,3000.0,3000.0,3000.0,3000.0,3000.0,3000.0,3000.0,3000.0,3000.0,3000.0,3000.0,3000.0,3000.0,3000.0,3000.0,3000.0,3000.0,3000.0,3000.0,3000.0,3000.0,3000.0,3000.0,3000.0,3000.0,3000.0,3000.0,3000.0,3000.0,3000.0,3000.0,3000.0,3000.0,3000.0,3000.0,3000.0,3000.0,3000.0,3000.0,3000.0,3000.0,3000.0,3000.0,3000.0,3000.0,3000.0,3000.0,3000.0,3000.0,3000.0,3000.0,3000.0,3000.0,1545.0849718747356,3000.0,3000.0,3000.0,3000.0,3000.0,3000.0,3000.0,1545.0849718747356,3000.0,3000.0,3000.0,3000.0,3000.0,3000.0,3000.0,1545.0849718747356,3000.0,3000.0,3000.0,3000.0,3000.0,3000.0,3000.0,1545.0849718747356,3000.0,3000.0,3000.0,3000.0,3000.0,3000.0,3000.0,1545.0849718747356,3000.0,3000.0,3000.0,3000.0,3000.0,3000.0,3000.0,1545.0849718747356,3000.0,3000.0,3000.0,3000.0,3000.0,3000.0,3000.0,1545.0849718747356,3000.0,3000.0,3000.0,3000.0,3000.0,3000.0,3000.0,1545.0849718747356,3000.0,3000.0,3000.0,3000.0,3000.0,3000.0,3000.0,3000.0,3000.0,3000.0,3000.0,3000.0,3000.0,3000.0,3000.0,3000.0,3000.0,3000.0,3000.0,3000.0,3000.0,3000.0,3000.0,3000.0,3000.0,3000.0,3000.0,3000.0,3000.0,3000.0,3000.0,3000.0,3000.0,3000.0,3000.0,3000.0,3000.0,3000.0,3000.0,3000.0,3000.0,3000.0,3000.0,3000.0,3000.0,3000.0,3000.0,3000.0,3000.0,3000.0,3000.0,3000.0,3000.0,3000.0,3000.0,3000.0,3000.0,3000.0,3000.0,3000.0,3000.0,3000.0,3000.0,3000.0,3000.0,3000.0,3000.0,3000.0,3000.0,3000.0,3000.0,1368.295348132559,1296.7304560858972,1259.0057609440844,1250.5597101538162,1270.416109531093,1320.8959408758724,1408.3145713744475,1545.0849718747368,1368.295348132559,1296.7304560858972,1259.0057609440844,1250.5597101538162,1270.416109531093,1320.8959408758724,1408.3145713744475,1545.0849718747368,1368.295348132559,1296.7304560858972,1259.0057609440844,1250.5597101538162,1270.416109531093,1320.8959408758724,1408.3145713744475,1545.0849718747368,1368.295348132559,1296.7304560858972,1259.0057609440844,1250.5597101538162,1270.416109531093,1320.8959408758724,1408.3145713744475,1545.0849718747368,1368.295348132559,1296.7304560858972,1259.0057609440844,1250.5597101538162,1270.416109531093,1320.8959408758724,1408.3145713744475,1545.0849718747368,1368.295348132559,1296.7304560858972,1259.0057609440844,1250.5597101538162,1270.416109531093,1320.8959408758724,1408.3145713744475,1545.0849718747368,1368.295348132559,1296.7304560858972,1259.0057609440844,1250.5597101538162,1270.416109531093,1320.8959408758724,1408.3145713744475,1545.0849718747368,1368.295348132559,1296.7304560858972,1259.0057609440844,1250.5597101538162,1270.416109531093,1320.8959408758724,1408.3145713744475,1545.0849718747368
7667,3000.0,3000.0,3000.0,3000.0,3000.0,1568.1207185425078,1423.3310111058302,1330.2222155948903,3000.0,3000.0,3000.0,3000.0,3000.0,1568.1207185425078,1423.3310111058302,1330.2222155948903,3000.0,3000.0,3000.0,3000.0,3000.0,1568.1207185425078,1423.3310111058302,1330.2222155948903,3000.0,3000.0,3000.0,3000.0,3000.0,1568.1207185425078,1423.3310111058302,1330.2222155948903,3000.0,3000.0,3000.0,3000.0,3000.0,1568.1207185425078,1423.3310111058302,1330.2222155948903,3000.0,3000.0,3000.0,3000.0,3000.0,1568.1207185425078,1423.3310111058302,1330.2222155948903,3000.0,3000.0,3000.0,3000.0,3000.0,1568.1207185425078,1423.3310111058302,1330.2222155948903,3000.0,3000.0,3000.0,3000.0,3000.0,1568.1207185425078,1423.3310111058302,1330.2222155948903,3000.0,3000.0,3000.0,3000.0,3000.0,3000.0,3000.0,3000.0,3000.0,3000.0,3000.0,3000.0,3000.0,3000.0,3000.0,3000.0,3000.0,3000.0,3000.0,3000.0,3000.0,3000.0,3000.0,3000.0,3000.0,3000.0,3000.0,3000.0,3000.0,3000.0,3000.0,3000.0,3000.0,3000.0,3000.0,3000.0,3000.0,3000.0,3000.0,3000.0,3000.0,3000.0,3000.0,3000.0,3000.0,3000.0,3000.0,3000.0,3000.0,3000.0,3000.0,3000.0,3000.0,3000.0,3000.0,3000.0,3000.0,3000.0,3000.0,3000.0,3000.0,3000.0,3000.0,3000.0,3000.0,3000.0,3000.0,3000.0,3000.0,3000.0,3000.0,3000.0,3000.0,3000.0,3000.0,3000.0,3000.0,3000.0,3000.0,3000.0,3000.0,3000.0,3000.0,3000.0,3000.0,3000.0,3000.0,3000.0,3000.0,3000.0,3000.0,3000.0,3000.0,3000.0,3000.0,3000.0,3000.0,3000.0,3000.0,3000.0,3000.0,3000.0,3000.0,3000.0,3000.0,3000.0,3000.0,3000.0,3000.0,3000.0,3000.0,3000.0,3000.0,3000.0,3000.0,3000.0,3000.0,3000.0,3000.0,3000.0,3000.0,3000.0,3000.0,3000.0,3000.0,3000.0,3000.0,3000.0,3000.0,3000.0,3000.0,3000.0,3000.0,3000.0,3000.0,3000.0,3000.0,3000.0,3000.0,3000.0,3000.0,3000.0,3000.0,3000.0,3000.0,3000.0,3000.0,3000.0,3000.0,3000.0,3000.0,3000.0,3000.0,3000.0,3000.0,3000.0,3000.0,3000.0,3000.0,3000.0,3000.0,3000.0,3000.0,3000.0,3000.0,3000.0,3000.0,3000.0,3000.0,3000.0,3000.0,3000.0,3000.0,3000.0,3000.0,3000.0,3000.0,3000.0,3000.0,3000.0,3000.0,3000.0,3000.0,3000.0,3000.0,3000.0,3000.0,3000.0,3000.0,3000.0,3000.0,3000.0,3000.0,3000.0,3000.0,3000.0,3000.0,3000.0,3000.0,3000.0,3000.0,3000.0,3000.0,3000.0,3000.0,3000.0,3000.0,3000.0,3000.0,3000.0,3000.0,3000.0,3000.0,3000.0,3000.0,3000.0,3000.0,3000.0,3000.0,3000.0,3000.0,3000.0,3000.0,3000.0,3000.0,3000.0,3000.0,3000.0,3000.0,3000.0,3000.0,3000.0,3000.0,3000.0,3000.0,3000.0,3000.0,3000.0,3000.0,3000.0,3000.0,3000.0,3000.0,3000.0,3000.0,3000.0,3000.0,3000.0,3000.0,3000.0,3000.0,3000.0,3000.0,3000.0,3000.0,3000.0,1330.2222155948907,1275.2857435773587,1251.5557824364819,1256.2425514336148,1289.8868003232876,1356.5190114487668,1464.9166268002625,3000.0,1330.2222155948907,1275.2857435773587,1251.5557824364819,1256.2425514336148,1289.8868003232876,1356.5190114487668,1464.9166268002625,3000.0,1330.2222155948907,1275.2857435773587,1251.5557824364819,1256.2425514336148,1289.8868003232876,1356.5190114487668,1464.9166268002625,3000.0,1330.2222155948907,1275.2857435773587,1251.5557824364819,1256.2425514336148,1289.8868003232876,1356.5190114487668,1464.9166268002625,3000.0,1330.2222155948907,1275.2857435773587,1251.5557824364819,1256.2425514336148,1289.8868003232876,1356.5190114487668,1464.9166268002625,3000.0,1330.2222155948907,1275.2857435773587,1251.5557824364819,1256.2425514336148,1289.8868003232876,1356.5190114487668,1464.9166268002625,3000.0,1330.2222155948907,1275.2857435773587,1251.5557824364819,1256.2425514336148,1289.8868003232876,1356.5190114487668,1464.9166268002625,3000.0,1330.2222155948907,1275.2857435773587,1251.5557824364819,1256.2425514336148,1289.8868003232876,1356.5190114487668,1464.9166268002625,3000.0
7733,3000.0,3000.0,3000.0,3000.0,3000.0,1492.8759975409967,1374.4667908026474,1300.3742948270026,3000.0,3000.0,3000.0,3000.0,3000.0,1492.8759975409967,1374.4667908026474,1300.3742948270026,3000.0,3000.0,3000.0,3000.0,3000.0,1492.8759975409967,1374.4667908026474,1300.3742948270026,3000.0,3000.0,3000.0,3000.0,3000.0,1492.8759975409967,1374.4667908026474,1300.3742948270026,3000.0,3000.0,3000.0,3000.0,3000.0,1492.8759975409967,1374.4667908026474,1300.3742948270026,3000.0,3000.0,3000.0,3000.0,3000.0,1492.8759975409967,1374.4667908026474,1300.3742948270026,3000.0,3000.0,3000.0,3000.0,3000.0,1492.8759975409967,1374.4667908026474,1300.3742948270026,3000.0,3000.0,3000.0,3000.0,3000.0,1492.8759975409967,1374.4667908026474,1300.3742948270026,3000.0,3000.0,3000.0,3000.0,3000.0,3000.0,3000.0,3000.0,3000.0,3000.0,3000.0,3000.0,3000.0,3000.0,3000.0,3000.0,3000.0,3000.0,3000.0,3000.0,3000.0,3000.0,3000.0,3000.0,3000.0,3000.0,3000.0,3000.0,3000.0,3000.0,3000.0,3000.0,3000.0,3000.0,3000.0,3000.0,3000.0,3000.0,3000.0,3000.0,3000.0,3000.0,3000.0,3000.0,3000.0,3000.0,3000.0,3000.0,3000.0,3000.0,3000.0,3000.0,3000.0,3000.0,3000.0,3000.0,3000.0,3000.0,3000.0,3000.0,3000.0,3000.0,3000.0,3000.0,3000.0,3000.0,3000.0,3000.0,3000.0,3000.0,3000.0,3000.0,3000.0,3000.0,3000.0,3000.0,3000.0,3000.0,3000.0,3000.0,3000.0,3000.0,3000.0,3000.0,3000.0,3000.0,3000.0,3000.0,3000.0,3000.0,3000.0,3000.0,3000.0,3000.0,3000.0,3000.0,3000.0,3000.0,3000.0,3000.0,3000.0,3000.0,3000.0,3000.0,3000.0,3000.0,3000.0,3000.0,3000.0,3000.0,3000.0,3000.0,3000.0,3000.0,3000.0,3000.0,3000.0,3000.0,3000.0,3000.0,3000.0,3000.0,3000.0,3000.0,3000.0,3000.0,3000.0,3000.0,3000.0,3000.0,3000.0,3000.0,3000.0,3000.0,3000.0,3000.0,3000.0,3000.0,3000.0,3000.0,3000.0,3000.0,3000.0,3000.0,3000.0,3000.0,3000.0,3000.0,3000.0,3000.0,3000.0,3000.0,3000.0,3000.0,3000.0,3000.0,3000.0,3000.0,3000.0,3000.0,3000.0,3000.0,3000.0,3000.0,3000.0,3000.0,3000.0,3000.0,3000.0,3000.0,3000.0,3000.0,3000.0,3000.0,3000.0,3000.0,3000.0,3000.0,3000.0,3000.0,3000.0,3000.0,3000.0,3000.0,3000.0,3000.0,3000.0,3000.0,3000.0,3000.0,3000.0,3000.0,3000.0,3000.0,3000.0,3000.0,3000.0,3000.0,3000.0,3000.0,3000.0,3000.0,3000.0,3000.0,3000.0,3000.0,3000.0,3000.0,3000.0,3000.0,3000.0,3000.0,3000.0,3000.0,3000.0,3000.0,3000.0,3000.0,3000.0,3000.0,3000.0,3000.0,3000.0,3000.0,3000.0,3000.0,3000.0,3000.0,3000.0,3000.0,3000.0,3000.0,3000.0,3000.0,3000.0,3000.0,3000.0,3000.0,3000.0,3000.0,3000.0,3000.0,3000.0,3000.0,3000.0,3000.0,3000.0,3000.0,3000.0,3000.0,3000.0,3000.0,3000.0,3000.0,3000.0,3000.0,1300.374294827003,1260.5802858571576,1250.248708511741,1268.1839461491395,1316.4771781750094,1401.1321364564133,1534.0457018004279,3000.0,1300.374294827003,1260.5802858571576,1250.248708511741,1268.1839461491395,1316.4771781750094,1401.1321364564133,1534.0457018004279,3000.0,1300.374294827003,1260.5802858571576,1250.248708511741,1268.1839461491395,1316.4771781750094,1401.1321364564133,1534.0457018004279,3000.0,1300.374294827003,1260.5802858571576,1250.248708511741,1268.1839461491395,1316.4771781750094,1401.1321364564133,1534.0457018004279,3000.0,1300.374294827003,1260.5802858571576,1250.248708511741,1268.1839461491395,1316.4771781750094,1401.1321364564133,1534.0457018004279,3000.0,1300.374294827003,1260.5802858571576,1250.248708511741,1268.1839461491395,1316.4771781750094,1401.1321364564133,1534.0457018004279,3000.0,1300.374294827003,1260.5802858571576,1250.248708511741,1268.1839461491395,1316.4771781750094,1401.1321364564133,1534.0457018004279,3000.0,1300.374294827003,1260.5802858571576,1250.248708511741,1268.1839461491395,1316.4771781750094,1401.1321364564133,1534.0457018004279,3000.0
7800,3000.0,3000.0,3000.0,3000.0,1580.1362270115571,1431.1750211605288,1335.1350598016763,1277.9257435812865,3000.0,3000.0,3000.0,3000.0,1580.1362270115571,1431.1750211605288,1335.1350598016763,1277.9257435812865,3000.0,3000.0,3000.0,3000.0,1580.1362270115571,1431.1750211605288,1335.1350598016763,1277.9257435812865,3000.0,3000.0,3000.0,3000.0,1580.1362270115571,1431.1750211605288,1335.1350598016763,1277.9257435812865,3000.0,3000.0,3000.0,3000.0,1580.1362270115571,1431.1750211605288,1335.1350598016763,1277.9257435812865,3000.0,3000.0,3000.0,3000.0,1580.1362270115571,1431.1750211605288,1335.1350598016763,1277.9257435812865,3000.0,3000.0,3000.0,3000.0,1580.1362270115571,1431.1750211605288,1335.1350598016763,1277.9257435812865,3000.0,3000.0,3000.0,3000.0,1580.1362270115571,1431.1750211605288,1335.1350598016763,1277.9257435812865,3000.0,3000.0,3000.0,3000.0,3000.0,3000.0,3000.0,3000.0,3000.0,3000.0,3000.0,3000.0,3000.0,3000.0,3000.0,3000.0,3000.0,3000.0,3000.0,3000.0,3000.0,3000.0,3000.0,3000.0,3000.0,3000.0,3000.0,3000.0,3000.0,3000.0,3000.0,3000.0,3000.0,3000.0,3000.0,3000.0,3000.0,3000.0,3000.0,3000.0,3000.0,3000.0,3000.0,3000.0,3000.0,3000.0,3000.0,3000.0,3000.0,3000.0,3000.0,3000.0,3000.0,3000.0,3000.0,3000.0,3000.0,3000.0,3000.0,3000.0,3000.0,3000.0,3000.0,3000.0,3000.0,3000.0,3000.0,3000.0,3000.0,3000.0,3000.0,3000.0,3000.0,3000.0,3000.0,3000.0,3000.0,3000.0,3000.0,3000.0,3000.0,3000.0,3000.0,3000.0,3000.0,3000.0,3000.0,3000.0,3000.0,3000.0,3000.0,3000.0,3000.0,3000.0,3000.0,3000.0,3000.0,3000.0,3000.0,3000.0,3000.0,3000.0,3000.0,3000.0,3000.0,3000.0,3000.0,3000.0,3000.0,3000.0,3000.0,3000.0,3000.0,3000.0,3000.0,3000.0,3000.0,3000.0,3000.0,3000.0,3000.0,3000.0,3000.0,3000.0,3000.0,3000.0,3000.0,3000.0,3000.0,3000.0,3000.0,3000.0,3000.0,3000.0,3000.0,3000.0,3000.0,3000.0,3000.0,3000.0,3000.0,3000.0,3000.0,3000.0,3000.0,3000.0,3000.0,3000.0,3000.0,3000.0,3000.0,3000.0,3000.0,3000.0,3000.0,3000.0,3000.0,3000.0,3000.0,3000.0,3000.0,3000.0,3000.0,3000.0,3000.0,3000.0,3000.0,3000.0,3000.0,3000.0,3000.0,3000.0,3000.0,3000.0,3000.0,3000.0,3000.0,3000.0,3000.0,3000.0,3000.0,3000.0,3000.0,3000.0,3000.0,3000.0,3000.0,3000.0,3000.0,3000.0,3000.0,3000.0,3000.0,3000.0,3000.0,3000.0,3000.0,3000.0,3000.0,3000.0,3000.0,3000.0,3000.0,3000.0,3000.0,3000.0,3000.0,3000.0,3000.0,3000.0,3000.0,3000.0,3000.0,3000.0,3000.0,3000.0,3000.0,3000.0,3000.0,3000.0,3000.0,3000.0,3000.0,3000.0,3000.0,3000.0,3000.0,3000.0,3000.0,3000.0,3000.0,3000.0,3000.0,3000.0,3000.0,3000.0,3000.0,3000.0,3000.0,3000.0,3000.0,3000.0,3000.0,3000.0,3000.0,3000.0,3000.0,3000.0,3000.0,3000.0,3000.0,3000.0,3000.0,3000.0,3000.0,3000.0,1277.9257435812867,1252.2413495151084,1255.052472273923,1286.6832913660533,1350.906938787245,1456.1148076815034,3000.0,3000.0,1277.9257435812867,1252.2413495151084,1255.052472273923,1286.6832913660533,1350.906938787245,1456.1148076815034,3000.0,3000.0,1277.9257435812867,1252.2413495151084,1255.052472273923,1286.6832913660533,1350.906938787245,1456.1148076815034,3000.0,3000.0,1277.9257435812867,1252.2413495151084,1255.052472273923,1286.6832913660533,1350.906938787245,1456.1148076815034,3000.0,3000.0,1277.9257435812867,1252.2413495151084,1255.052472273923,1286.6832913660533,1350.906938787245,1456.1148076815034,3000.0,3000.0,1277.9257435812867,1252.2413495151084,1255.052472273923,1286.6832913660533,1350.906938787245,1456.1148076815034,3000.0,3000.0,1277.9257435812867,1252.2413495151084,1255.052472273923,1286.6832913660533,1350.906938787245,1456.1148076815034,3000.0,3000.0,1277.9257435812867,1252.2413495151084,1255.052472273923,1286.6832913660533,1350.906938787245,1456.1148076815034,3000.0,3000.0
7867,3000.0,3000.0,3000.0,3000.0,1502.7366239554378,1380.8321242485185,1304.1687559050465,1262.2844656482728,3000.0,3000.0,3000.0,3000.0,1502.7366239554378,1380.8321242485185,1304.1687559050465,1262.2844656482728,3000.0,3000.0,3000.0,3000.0,1502.7366239554378,1380.8321242485185,1304.1687559050465,1262.2844656482728,3000.0,3000.0,3000.0,3000.0,1502.7366239554378,1380.8321242485185,1304.1687559050465,1262.2844656482728,3000.0,3000.0,3000.0,3000.0,1502.7366239554378,1380.8321242485185,1304.1687559050465,1262.2844656482728,3000.0,3000.0,3000.0,3000.0,1502.7366239554378,1380.8321242485185,1304.1687559050465,1262.2844656482728,3000.0,3000.0,3000.0,3000.0,1502.7366239554378,1380.8321242485185,1304.1687559050465,1262.2844656482728,3000.0,3000.0,3000.0,3000.0,1502.7366239554378,1380.8321242485185,1304.1687559050465,1262.2844656482728,3000.0,3000.0,3000.0,3000.0,3000.0,3000.0,3000.0,3000.0,3000.0,3000.0,3000.0,3000.0,3000.0,3000.0,3000.0,3000.0,3000.0,3000.0,3000.0,3000.0,3000.0,3000.0,3000.0,3000.0,3000.0,3000.0,3000.0,3000.0,3000.0,3000.0,3000.0,3000.0,3000.0,3000.0,3000.0,3000.0,3000.0,3000.0,3000.0,3000.0,3000.0,3000.0,3000.0,3000.0,3000.0,3000.0,3000.0,3000.0,3000.0,3000.0,3000.0,3000.0,3000.0,3000.0,3000.0,3000.0,3000.0,3000.0,3000.0,3000.0,3000.0,3000.0,3000.0,3000.0,3000.0,3000.0,3000.0,3000.0,3000.0,3000.0,3000.0,3000.0,3000.0,3000.0,3000.0,3000.0,3000.0,3000.0,3000.0,3000.0,3000.0,3000.0,3000.0,3000.0,3000.0,3000.0,3000.0,3000.0,3000.0,3000.0,3000.0,3000.0,3000.0,3000.0,3000.0,3000.0,3000.0,3000.0,3000.0,3000.0,3000.0,3000.0,3000.0,3000.0,3000.0,3000.0,3000.0,3000.0,3000.0,3000.0,3000.0,3000.0,3000.0,3000.0,3000.0,3000.0,3000.0,3000.0,3000.0,3000.0,3000.0,3000.0,3000.0,3000.0,3000.0,3000.0,3000.0,3000.0,3000.0,3000.0,3000.0,3000.0,3000.0,3000.0,3000.0,3000.0,3000.0,3000.0,3000.0,3000.0,3000.0,3000.0,3000.0,3000.0,3000.0,3000.0,3000.0,3000.0,3000.0,3000.0,3000.0,3000.0,3000.0,3000.0,3000.0,3000.0,3000.0,3000.0,3000.0,3000.0,3000.0,3000.0,3000.0,3000.0,3000.0,3000.0,3000.0,3000.0,3000.0,3000.0,3000.0,3000.0,3000.0,3000.0,3000.0,3000.0,3000.0,3000.0,3000.0,3000.0,3000.0,3000.0,3000.0,3000.0,3000.0,3000.0,3000.0,3000.0,3000.0,3000.0,3000.0,3000.0,3000.0,3000.0,3000.0,3000.0,3000.0,3000.0,3000.0,3000.0,3000.0,3000.0,3000.0,3000.0,3000.0,3000.0,3000.0,3000.0,3000.0,3000.0,3000.0,3000.0,3000.0,3000.0,3000.0,3000.0,3000.0,3000.0,3000.0,3000.0,3000.0,3000.0,3000.0,3000.0,3000.0,3000.0,3000.0,3000.0,3000.0,3000.0,3000.0,3000.0,3000.0,3000.0,3000.0,3000.0,3000.0,3000.0,3000.0,3000.0,3000.0,3000.0,3000.0,3000.0,3000.0,3000.0,3000.0,3000.0,3000.0,3000.0,3000.0,3000.0,3000.0,3000.0,3000.0,3000.0,1262.2844656482728,1250.0621693969445,1266.085324654798,1312.2179668881329,1394.1605590060447,1523.3135018131386,3000.0,3000.0,1262.2844656482728,1250.0621693969445,1266.085324654798,1312.2179668881329,1394.1605590060447,1523.3135018131386,3000.0,3000.0,1262.2844656482728,1250.0621693969445,1266.085324654798,1312.2179668881329,1394.1605590060447,1523.3135018131386,3000.0,3000.0,1262.2844656482728,1250.0621693969445,1266.085324654798,1312.2179668881329,1394.1605590060447,1523.3135018131386,3000.0,3000.0,1262.2844656482728,1250.0621693969445,1266.085324654798,1312.2179668881329,1394.1605590060447,1523.3135018131386,3000.0,3000.0,1262.2844656482728,1250.0621693969445,1266.085324654798,1312.2179668881329,1394.1605590060447,1523.3135018131386,3000.0,3000.0,1262.2844656482728,1250.0621693969445,1266.085324654798,1312.2179668881329,1394.1605590060447,1523.3135018131386,3000.0,3000.0,1262.2844656482728,1250.0621693969445,1266.085324654798,1312.2179668881329,1394.1605590060447,1523.3135018131386,3000.0,3000.0
7933,3000.0,3000.0,3000.0,1592.4969141518163,1439.249917233413,1340.2181276727044,1280.7043474201555,1253.052372601465,3000.0,3000.0,3000.0,1592.4969141518163,1439.249917233413,1340.2181276727044,1280.7043474201555,1253.052372601465,3000.0,3000.0,3000.0,1592.4969141518163,1439.249917233413,1340.2181276727044,1280.7043474201555,1253.052372601465,3000.0,3000.0,3000.0,1592.4969141518163,1439.249917233413,1340.2181276727044,1280.7043474201555,1253.052372601465,3000.0,3000.0,3000.0,1592.4969141518163,1439.249917233413,1340.2181276727044,1280.7043474201555,1253.052372601465,3000.0,3000.0,3000.0,1592.4969141518163,1439.249917233413,1340.2181276727044,1280.7043474201555,1253.052372601465,3000.0,3000.0,3000.0,1592.4969141518163,1439.249917233413,1340.2181276727044,1280.7043474201555,1253.052372601465,3000.0,3000.0,3000.0,1592.4969141518163,1439.249917233413,1340.2181276727044,1280.7043474201555,1253.052372601465,3000.0,3000.0,3000.0,3000.0,3000.0,3000.0,3000.0,3000.0,3000.0,3000.0,3000.0,3000.0,3000.0,3000.0,3000.0,3000.0,3000.0,3000.0,3000.0,3000.0,3000.0,3000.0,3000.0,3000.0,3000.0,3000.0,3000.0,3000.0,3000.0,3000.0,3000.0,3000.0,3000.0,3000.0,3000.0,3000.0,3000.0,3000.0,3000.0,3000.0,3000.0,3000.0,3000.0,3000.0,3000.0,3000.0,3000.0,3000.0,3000.0,3000.0,3000.0,3000.0,3000.0,3000.0,3000.0,3000.0,3000.0,3000.0,3000.0,3000.0,3000.0,3000.0,3000.0,3000.0,3000.0,3000.0,3000.0,3000.0,3000.0,3000.0,3000.0,3000.0,3000.0,3000.0,3000.0,3000.0,3000.0,3000.0,3000.0,3000.0,3000.0,3000.0,3000.0,3000.0,3000.0,3000.0,3000.0,3000.0,3000.0,3000.0,3000.0,3000.0,3000.0,3000.0,3000.0,3000.0,3000.0,3000.0,3000.0,3000.0,3000.0,3000.0,3000.0,3000.0,3000.0,3000.0,3000.0,3000.0,3000.0,3000.0,3000.0,3000.0,3000.0,3000.0,3000.0,3000.0,3000.0,3000.0,3000.0,3000.0,3000.0,3000.0,3000.0,3000.0,3000.0,3000.0,3000.0,3000.0,3000.0,3000.0,3000.0,3000.0,3000.0,3000.0,3000.0,3000.0,3000.0,3000.0,3000.0,3000.0,3000.0,3000.0,3000.0,3000.0,3000.0,3000.0,3000.0,3000.0,3000.0,3000.0,3000.0,3000.0,3000.0,3000.0,3000.0,3000.0,3000.0,3000.0,3000.0,3000.0,3000.0,3000.0,3000.0,3000.0,3000.0,3000.0,3000.0,3000.0,3000.0,3000.0,3000.0,3000.0,3000.0,3000.0,3000.0,3000.0,3000.0,3000.0,3000.0,3000.0,3000.0,3000.0,3000.0,3000.0,3000.0,3000.0,3000.0,3000.0,3000.0,3000.0,3000.0,3000.0,3000.0,3000.0,3000.0,3000.0,3000.0,3000.0,3000.0,3000.0,3000.0,3000.0,3000.0,3000.0,3000.0,3000.0,3000.0,3000.0,3000.0,3000.0,3000.0,3000.0,3000.0,3000.0,3000.0,3000.0,3000.0,3000.0,3000.0,3000.0,3000.0,3000.0,3000.0,3000.0,3000.0,3000.0,3000.0,3000.0,3000.0,3000.0,3000.0,3000.0,3000.0,3000.0,3000.0,3000.0,3000.0,3000.0,3000.0,3000.0,3000.0,3000.0,3000.0,3000.0,3000.0,3000.0,3000.0,3000.0,3000.0,3000.0,3000.0,3000.0,3000.0,3000.0,3000.0,3000.0,1253.0523726014653,1253.989257138668,1283.623015842213,1345.4743880566039,1447.56125002993,3000.0,3000.0,3000.0,1253.0523726014653,1253.989257138668,1283.623015842213,1345.4743880566039,1447.56125002993,3000.0,3000.0,3000.0,1253.0523726014653,1253.989257138668,1283.623015842213,1345.4743880566039,1447.56125002993,3000.0,3000.0,3000.0,1253.0523726014653,1253.989257138668,1283.623015842213,1345.4743880566039,1447.56125002993,3000.0,3000.0,3000.0,1253.0523726014653,1253.989257138668,1283.623015842213,1345.4743880566039,1447.56125002993,3000.0,3000.0,3000.0,1253.0523726014653,1253.989257138668,1283.623015842213,1345.4743880566039,1447.56125002993,3000.0,3000.0,3000.0,1253.0523726014653,1253.989257138668,1283.623015842213,1345.4743880566039,1447.56125002993,3000.0,3000.0,3000.0,1253.0523726014653,1253.989257138668,1283.623015842213,1345.4743880566039,1447.56125002993,3000.0,3000.0,3000.0
8000,3000.0,3000.0,3000.0,1512.879858530989,1387.3953302184277,1308.1159200335726,1264.119166644397,1250.0,3000.0,3000.0,3000.0,1512.879858530989,1387.3953302184277,1308.1159200335726,1264.119166644397,1250.0,3000.0,3000.0,3000.0,1512.879858530989,1387.3953302184277,1308.1159200335726,1264.119166644397,1250.0,3000.0,3000.0,3000.0,1512.879858530989,1387.3953302184277,1308.1159200335726,1264.119166644397,1250.0,3000.0,3000.0,3000.0,1512.879858530989,1387.3953302184277,1308.1159200335726,1264.119166644397,1250.0,3000.0,3000.0,3000.0,1512.879858530989,1387.3953302184277,1308.1159200335726,1264.119166644397,1250.0,3000.0,3000.0,3000.0,1512.879858530989,1387.3953302184277,1308.1159200335726,1264.119166644397,1250.0,3000.0,3000.0,3000.0,1512.879858530989,1387.3953302184277,1308.1159200335726,1264.119166644397,1250.0,3000.0,3000.0,3000.0,3000.0,3000.0,3000.0,3000.0,3000.0,3000.0,3000.0,3000.0,3000.0,3000.0,3000.0,3000.0,3000.0,3000.0,3000.0,3000.0,3000.0,3000.0,3000.0,3000.0,3000.0,3000.0,3000.0,3000.0,3000.0,3000.0,3000.0,3000.0,3000.0,3000.0,3000.0,3000.0,3000.0,3000.0,3000.0,3000.0,3000.0,3000.0,3000.0,3000.0,3000.0,3000.0,3000.0,3000.0,3000.0,3000.0,3000.0,3000.0,3000.0,3000.0,3000.0,3000.0,3000.0,3000.0,3000.0,3000.0,3000.0,3000.0,3000.0,3000.0,3000.0,3000.0,3000.0,3000.0,3000.0,3000.0,3000.0,3000.0,3000.0,3000.0,3000.0,3000.0,3000.0,3000.0,3000.0,3000.0,3000.0,3000.0,3000.0,3000.0,3000.0,3000.0,3000.0,3000.0,3000.0,3000.0,3000.0,3000.0,3000.0,3000.0,3000.0,3000.0,3000.0,3000.0,3000.0,3000.0,3000.0,3000.0,3000.0,3000.0,3000.0,3000.0,3000.0,3000.0,3000.0,3000.0,3000.0,3000.0,3000.0,3000.0,3000.0,3000.0,3000.0,3000.0,3000.0,3000.0,3000.0,3000.0,3000.0,3000.0,3000.0,3000.0,3000.0,3000.0,3000.0,3000.0,3000.0,3000.0,3000.0,3000.0,3000.0,3000.0,3000.0,3000.0,3000.0,3000.0,3000.0,3000.0,3000.0,3000.0,3000.0,3000.0,3000.0,3000.0,3000.0,3000.0,3000.0,3000.0,3000.0,3000.0,3000.0,3000.0,3000.0,3000.0,3000.0,3000.0,3000.0,3000.0,3000.0,3000.0,3000.0,3000.0,3000.0,3000.0,3000.0,3000.0,3000.0,3000.0,3000.0,3000.0,3000.0,3000.0,3000.0,3000.0,3000.0,3000.0,3000.0,3000.0,3000.0,3000.0,3000.0,3000.0,3000.0,3000.0,3000.0,3000.0,3000.0,3000.0,3000.0,3000.0,3000.0,3000.0,3000.0,3000.0,3000.0,3000.0,3000.0,3000.0,3000.0,3000.0,3000.0,3000.0,3000.0,3000.0,3000.0,3000.0,3000.0,3000.0,3000.0,3000.0,3000.0,3000.0,3000.0,3000.0,3000.0,3000.0,3000.0,3000.0,3000.0,3000.0,3000.0,3000.0,3000.0,3000.0,3000.0,3000.0,3000.0,3000.0,3000.0,3000.0,3000.0,3000.0,3000.0,3000.0,3000.0,3000.0,3000.0,3000.0,3000.0,3000.0,3000.0,3000.0,3000.0,3000.0,3000.0,3000.0,3000.0,3000.0,3000.0,3000.0,3000.0,3000.0,3000.0,1250.0,1264.119166644397,1308.1159200335728,1387.395330218428,1512.8798585309892,3000.0,3000.0,3000.0,1250.0,1264.119166644397,1308.1159200335728,1387.395330218428,1512.8798585309892,3000.0,3000.0,3000.0,1250.0,1264.119166644397,1308.1159200335728,1387.395330218428,1512.8798585309892,3000.0,3000.0,3000.0,1250.0,1264.119166644397,1308.1159200335728,1387.395330218428,1512.8798585309892,3000.0,3000.0,3000.0,1250.0,1264.119166644397,1308.1159200335728,1387.395330218428,1512.8798585309892,3000.0,3000.0,3000.0,1250.0,1264.119166644397,1308.1159200335728,1387.395330218428,1512.8798585309892,3000.0,3000.0,3000.0,1250.0,1264.119166644397,1308.1159200335728,1387.395330218428,1512.8798585309892,3000.0,3000.0,3000.0,1250.0,1264.119166644397,1308.1159200335728,1387.395330218428,1512.8798585309892,3000.0,3000.0,3000.0
8067,3000.0,3000.0,3000.0,1447.56125002993,1345.4743880566036,1283.6230158422127,1253.989257138668,1253.0523726014653,3000.0,3000.0,3000.0,1447.56125002993,1345.4743880566036,1283.6230158422127,1253.989257138668,1253.0523726014653,3000.0,3000.0,3000.0,1447.56125002993,1345.4743880566036,1283.6230158422127,1253.989257138668,1253.0523726014653,3000.0,3000.0,3000.0,1447.56125002993,1345.4743880566036,1283.6230158422127,1253.989257138668,1253.0523726014653,3000.0,3000.0,3000.0,1447.56125002993,1345.4743880566036,1283.6230158422127,1253.989257138668,1253.0523726014653,3000.0,3000.0,3000.0,1447.56125002993,1345.4743880566036,1283.6230158422127,1253.989257138668,1253.0523726014653,3000.0,3000.0,3000.0,1447.56125002993,1345.4743880566036,1283.6230158422127,1253.989257138668,1253.0523726014653,3000.0,3000.0,3000.0,1447.56125002993,1345.4743880566036,1283.6230158422127,1253.989257138668,1253.0523726014653,3000.0,3000.0,3000.0,3000.0,3000.0,3000.0,3000.0,3000.0,3000.0,3000.0,3000.0,3000.0,3000.0,3000.0,3000.0,3000.0,3000.0,3000.0,3000.0,3000.0,3000.0,3000.0,3000.0,3000.0,3000.0,3000.0,3000.0,3000.0,3000.0,3000.0,3000.0,3000.0,3000.0,3000.0,3000.0,3000.0,3000.0,3000.0,3000.0,3000.0,3000.0,3000.0,3000.0,3000.0,3000.0,3000.0,3000.0,3000.0,3000.0,3000.0,3000.0,3000.0,3000.0,3000.0,3000.0,3000.0,3000.0,3000.0,3000.0,3000.0,3000.0,3000.0,3000.0,3000.0,3000.0,3000.0,3000.0,3000.0,3000.0,3000.0,3000.0,3000.0,3000.0,3000.0,3000.0,3000.0,3000.0,3000.0,3000.0,3000.0,3000.0,3000.0,3000.0,3000.0,3000.0,3000.0,3000.0,3000.0,3000.0,3000.0,3000.0,3000.0,3000.0,3000.0,3000.0,3000.0,3000.0,3000.0,3000.0,3000.0,3000.0,3000.0,3000.0,3000.0,3000.0,3000.0,3000.0,3000.0,3000.0,3000.0,3000.0,3000.0,3000.0,3000.0,3000.0,3000.0,3000.0,3000.0,3000.0,3000.0,3000.0,3000.0,3000.0,3000.0,3000.0,3000.0,3000.0,3000.0,3000.0,3000.0,3000.0,3000.0,3000.0,3000.0,3000.0,3000.0,3000.0,3000.0,3000.0,3000.0,3000.0,3000.0,3000.0,3000.0,3000.0,3000.0,3000.0,3000.0,3000.0,3000.0,3000.0,3000.0,3000.0,3000.0,3000.0,3000.0,3000.0,3000.0,3000.0,3000.0,3000.0,3000.0,3000.0,3000.0,3000.0,3000.0,3000.0,3000.0,3000.0,3000.0,3000.0,3000.0,3000.0,3000.0,3000.0,3000.0,3000.0,3000.0,3000.0,3000.0,3000.0,3000.0,3000.0,3000.0,3000.0,3000.0,3000.0,3000.0,3000.0,3000.0,3000.0,3000.0,3000.0,3000.0,3000.0,3000.0,3000.0,3000.0,3000.0,3000.0,3000.0,3000.0,3000.0,3000.0,3000.0,3000.0,3000.0,3000.0,3000.0,3000.0,3000.0,3000.0,3000.0,3000.0,3000.0,3000.0,3000.0,3000.0,3000.0,3000.0,3000.0,3000.0,3000.0,3000.0,3000.0,3000.0,3000.0,3000.0,3000.0,3000.0,3000.0,3000.0,3000.0,3000.0,3000.0,3000.0,3000.0,3000.0,3000.0,3000.0,3000.0,3000.0,3000.0,3000.0,3000.0,3000.0,3000.0,3000.0,3000.0,3000.0,3000.0,3000.0,3000.0,3000.0,3000.0,3000.0,1253.052372601465,1280.7043474201557,1340.2181276727047,1439.249917233413,1592.4969141518168,3000.0,3000.0,3000.0,1253.052372601465,1280.7043474201557,1340.2181276727047,1439.249917233413,1592.4969141518168,3000.0,3000.0,3000.0,1253.052372601465,1280.7043474201557,1340.2181276727047,1439.249917233413,1592.4969141518168,3000.0,3000.0,3000.0,1253.052372601465,1280.7043474201557,1340.2181276727047,1439.249917233413,1592.4969141518168,3000.0,3000.0,3000.0,1253.052372601465,1280.7043474201557,1340.2181276727047,1439.249917233413,1592.4969141518168,3000.0,3000.0,3000.0,1253.052372601465,1280.7043474201557,1340.2181276727047,1439.249917233413,1592.4969141518168,3000.0,3000.0,3000.0,1253.052372601465,1280.7043474201557,1340.2181276727047,1439.249917233413,1592.4969141518168,3000.0,3000.0,3000.0,1253.052372601465,1280.7043474201557,1340.2181276727047,1439.249917233413,1592.4969141518168,3000.0,3000.0,3000.0
8133,3000.0,3000.0,1523.3135018131397,1394.1605590060456,1312.2179668881336,1266.0853246547981,1250.0621693969445,1262.2844656482725,3000.0,3000.0,1523.3135018131397,1394.1605590060456,1312.2179668881336,1266.0853246547981,1250.0621693969445,1262.2844656482725,3000.0,3000.0,1523.3135018131397,1394.1605590060456,1312.2179668881336,1266.0853246547981,1250.0621693969445,1262.2844656482725,3000.0,3000.0,1523.3135018131397,1394.1605590060456,1312.2179668881336,1266.0853246547981,1250.0621693969445,1262.2844656482725,3000.0,3000.0,1523.3135018131397,1394.1605590060456,1312.2179668881336,1266.0853246547981,1250.0621693969445,1262.2844656482725,3000.0,3000.0,1523.3135018131397,1394.1605590060456,1312.2179668881336,1266.0853246547981,1250.0621693969445,1262.2844656482725,3000.0,3000.0,1523.3135018131397,1394.1605590060456,1312.2179668881336,1266.0853246547981,1250.0621693969445,1262.2844656482725,3000.0,3000.0,1523.3135018131397,1394.1605590060456,1312.2179668881336,1266.0853246547981,1250.0621693969445,1262.2844656482725,3000.0,3000.0,3000.0,3000.0,3000.0,3000.0,3000.0,3000.0,3000.0,3000.0,3000.0,3000.0,3000.0,3000.0,3000.0,3000.0,3000.0,3000.0,3000.0,3000.0,3000.0,3000.0,3000.0,3000.0,3000.0,3000.0,3000.0,3000.0,3000.0,3000.0,3000.0,3000.0,3000.0,3000.0,3000.0,3000.0,3000.0,3000.0,3000.0,3000.0,3000.0,3000.0,3000.0,3000.0,3000.0,3000.0,3000.0,3000.0,3000.0,3000.0,3000.0,3000.0,3000.0,3000.0,3000.0,3000.0,3000.0,3000.0,3000.0,3000.0,3000.0,3000.0,3000.0,3000.0,3000.0,3000.0,3000.0,3000.0,3000.0,3000.0,3000.0,3000.0,3000.0,3000.0,3000.0,3000.0,3000.0,3000.0,3000.0,3000.0,3000.0,3000.0,3000.0,3000.0,3000.0,3000.0,3000.0,3000.0,3000.0,3000.0,3000.0,3000.0,3000.0,3000.0,3000.0,3000.0,3000.0,3000.0,3000.0,3000.0,3000.0,3000.0,3000.0,3000.0,3000.0,3000.0,3000.0,3000.0,3000.0,3000.0,3000.0,3000.0,3000.0,3000.0,3000.0,3000.0,3000.0,3000.0,3000.0,3000.0,3000.0,3000.0,3000.0,3000.0,3000.0,3000.0,3000.0,3000.0,3000.0,3000.0,3000.0,3000.0,3000.0,3000.0,3000.0,3000.0,3000.0,3000.0,3000.0,3000.0,3000.0,3000.0,3000.0,3000.0,3000.0,3000.0,3000.0,3000.0,3000.0,3000.0,3000.0,3000.0,3000.0,3000.0,3000.0,3000.0,3000.0,3000.0,3000.0,3000.0,3000.0,3000.0,3000.0,3000.0,3000.0,3000.0,3000.0,3000.0,3000.0,3000.0,3000.0,3000.0,3000.0,3000.0,3000.0,3000.0,3000.0,3000.0,3000.0,3000.0,3000.0,3000.0,3000.0,3000.0,3000.0,3000.0,3000.0,3000.0,3000.0,3000.0,3000.0,3000.0,3000.0,3000.0,3000.0,3000.0,3000.0,3000.0,3000.0,3000.0,3000.0,3000.0,3000.0,3000.0,3000.0,3000.0,3000.0,3000.0,3000.0,3000.0,3000.0,3000.0,3000.0,3000.0,3000.0,3000.0,3000.0,3000.0,3000.0,3000.0,3000.0,3000.0,3000.0,3000.0,3000.0,3000.0,3000.0,3000.0,3000.0,3000.0,3000.0,3000.0,3000.0,3000.0,3000.0,3000.0,3000.0,3000.0,3000.0,3000.0,3000.0,3000.0,3000.0,3000.0,3000.0,3000.0,3000.0,3000.0,3000.0,3000.0,3000.0,3000.0,3000.0,3000.0,3000.0,3000.0,1262.2844656482723,1304.168755905046,1380.8321242485179,1502.7366239554365,3000.0,3000.0,3000.0,3000.0,1262.2844656482723,1304.168755905046,1380.8321242485179,1502.7366239554365,3000.0,3000.0,3000.0,3000.0,1262.2844656482723,1304.168755905046,1380.8321242485179,1502.7366239554365,3000.0,3000.0,3000.0,3000.0,1262.2844656482723,1304.168755905046,1380.8321242485179,1502.7366239554365,3000.0,3000.0,3000.0,3000.0,1262.2844656482723,1304.168755905046,1380.8321242485179,1502.7366239554365,3000.0,3000.0,3000.0,3000.0,1262.2844656482723,1304.168755905046,1380.8321242485179,1502.7366239554365,3000.0,3000.0,3000.0,3000.0,1262.2844656482723,1304.168755905046,1380.8321242485179,1502.7366239554365,3000.0,3000.0,3000.0,3000.0,1262.2844656482723,1304.168755905046,1380.8321242485179,1502.7366239554365,3000.0,3000.0,3000.0,3000.0
8200,3000.0,3000.0,1456.1148076815039,1350.9069387872453,1286.6832913660535,1255.0524722739233,1252.2413495151084,1277.9257435812867,3000.0,3000.0,1456.1148076815039,1350.9069387872453,1286.6832913660535,1255.0524722739233,1252.2413495151084,1277.9257435812867,3000.0,3000.0,1456.1148076815039,1350.9069387872453,1286.6832913660535,1255.0524722739233,1252.2413495151084,1277.9257435812867,3000.0,3000.0,1456.1148076815039,1350.9069387872453,1286.6832913660535,1255.0524722739233,1252.2413495151084,1277.9257435812867,3000.0,3000.0,1456.1148076815039,1350.9069387872453,1286.6832913660535,1255.0524722739233,1252.2413495151084,1277.9257435812867,3000.0,3000.0,1456.1148076815039,1350.9069387872453,1286.6832913660535,1255.0524722739233,1252.2413495151084,1277.9257435812867,3000.0,3000.0,1456.1148076815039,1350.9069387872453,1286.6832913660535,1255.0524722739233,1252.2413495151084,1277.9257435812867,3000.0,3000.0,1456.1148076815039,1350.9069387872453,1286.6832913660535,1255.0524722739233,1252.2413495151084,1277.9257435812867,3000.0,3000.0,3000.0,3000.0,3000.0,3000.0,3000.0,3000.0,3000.0,3000.0,3000.0,3000.0,3000.0,3000.0,3000.0,3000.0,3000.0,3000.0,3000.0,3000.0,3000.0,3000.0,3000.0,3000.0,3000.0,3000.0,3000.0,3000.0,3000.0,3000.0,3000.0,3000.0,3000.0,3000.0,3000.0,3000.0,3000.0,3000.0,3000.0,3000.0,3000.0,3000.0,3000.0,3000.0,3000.0,3000.0,3000.0,3000.0,3000.0,3000.0,3000.0,3000.0,3000.0,3000.0,3000.0,3000.0,3000.0,3000.0,3000.0,3000.0,3000.0,3000.0,3000.0,3000.0,3000.0,3000.0,3000.0,3000.0,3000.0,3000.0,3000.0,3000.0,3000.0,3000.0,3000.0,3000.0,3000.0,3000.0,3000.0,3000.0,3000.0,3000.0,3000.0,3000.0,3000.0,3000.0,3000.0,3000.0,3000.0,3000.0,3000.0,3000.0,3000.0,3000.0,3000.0,3000.0,3000.0,3000.0,3000.0,3000.0,3000.0,3000.0,3000.0,3000.0,3000.0,3000.0,3000.0,3000.0,3000.0,3000.0,3000.0,3000.0,3000.0,3000.0,3000.0,3000.0,3000.0,3000.0,3000.0,3000.0,3000.0,3000.0,3000.0,3000.0,3000.0,3000.0,3000.0,3000.0,3000.0,3000.0,3000.0,3000.0,3000.0,3000.0,3000.0,3000.0,3000.0,3000.0,3000.0,3000.0,3000.0,3000.0,3000.0,3000.0,3000.0,3000.0,3000.0,3000.0,3000.0,3000.0,3000.0,3000.0,3000.0,3000.0,3000.0,3000.0,3000.0,3000.0,3000.0,3000.0,3000.0,3000.0,3000.0,3000.0,3000.0,3000.0,3000.0,3000.0,3000.0,3000.0,3000.0,3000.0,3000.0,3000.0,3000.0,3000.0,3000.0,3000.0,3000.0,3000.0,3000.0,3000.0,3000.0,3000.0,3000.0,3000.0,3000.0,3000.0,3000.0,3000.0,3000.0,3000.0,3000.0,3000.0,3000.0,3000.0,3000.0,3000.0,3000.0,3000.0,3000.0,3000.0,3000.0,3000.0,3000.0,3000.0,3000.0,3000.0,3000.0,3000.0,3000.0,3000.0,3000.0,3000.0,3000.0,3000.0,3000.0,3000.0,3000.0,3000.0,3000.0,3000.0,3000.0,3000.0,3000.0,3000.0,3000.0,3000.0,3000.0,3000.0,3000.0,3000.0,3000.0,3000.0,3000.0,3000.0,3000.0,3000.0,3000.0,3000.0,3000.0,3000.0,3000.0,3000.0,3000.0,3000.0,3000.0,3000.0,3000.0,3000.0,3000.0,3000.0,3000.0,3000.0,3000.0,3000.0,1277.9257435812863,1335.135059801676,1431.1750211605283,1580.1362270115565,3000.0,3000.0,3000.0,3000.0,1277.9257435812863,1335.135059801676,1431.1750211605283,1580.1362270115565,3000.0,3000.0,3000.0,3000.0,1277.9257435812863,1335.135059801676,1431.1750211605283,1580.1362270115565,3000.0,3000.0,3000.0,3000.0,1277.9257435812863,1335.135059801676,1431.1750211605283,1580.1362270115565,3000.0,3000.0,3000.0,3000.0,1277.9257435812863,1335.135059801676,1431.1750211605283,1580.1362270115565,3000.0,3000.0,3000.0,3000.0,1277.9257435812863,1335.135059801676,1431.1750211605283,1580.1362270115565,3000.0,3000.0,3000.0,3000.0,1277.9257435812863,1335.135059801676,1431.1750211605283,1580.1362270115565,3000.0,3000.0,3000.0,3000.0,1277.9257435812863,1335.135059801676,1431.1750211605283,1580.1362270115565,3000.0,3000.0,3000.0,3000.0
8267,3000.0,1534.0457018004274,1401.132136456413,1316.4771781750094,1268.1839461491395,1250.248708511741,1260.5802858571578,1300.374294827003,3000.0,1534.0457018004274,1401.132136456413,1316.4771781750094,1268.1839461491395,1250.248708511741,1260.5802858571578,1300.374294827003,3000.0,1534.0457018004274,1401.132136456413,1316.4771781750094,1268.1839461491395,1250.248708511741,1260.5802858571578,1300.374294827003,3000.0,1534.0457018004274,1401.132136456413,1316.4771781750094,1268.1839461491395,1250.248708511741,1260.5802858571578,1300.374294827003,3000.0,1534.0457018004274,1401.132136456413,1316.4771781750094,1268.1839461491395,1250.248708511741,1260.5802858571578,1300.374294827003,3000.0,1534.0457018004274,1401.132136456413,1316.4771781750094,1268.1839461491395,1250.248708511741,1260.5802858571578,1300.374294827003,3000.0,1534.0457018004274,1401.132136456413,1316.4771781750094,1268.1839461491395,1250.248708511741,1260.5802858571578,1300.374294827003,3000.0,1534.0457018004274,1401.132136456413,1316.4771781750094,1268.1839461491395,1250.248708511741,1260.5802858571578,1300.374294827003,3000.0,3000.0,3000.0,3000.0,3000.0,3000.0,3000.0,3000.0,3000.0,3000.0,3000.0,3000.0,3000.0,3000.0,3000.0,3000.0,3000.0,3000.0,3000.0,3000.0,3000.0,3000.0,3000.0,3000.0,3000.0,3000.0,3000.0,3000.0,3000.0,3000.0,3000.0,3000.0,3000.0,3000.0,3000.0,3000.0,3000.0,3000.0,3000.0,3000.0,3000.0,3000.0,3000.0,3000.0,3000.0,3000.0,3000.0,3000.0,3000.0,3000.0,3000.0,3000.0,3000.0,3000.0,3000.0,3000.0,3000.0,3000.0,3000.0,3000.0,3000.0,3000.0,3000.0,3000.0,3000.0,3000.0,3000.0,3000.0,3000.0,3000.0,3000.0,3000.0,3000.0,3000.0,3000.0,3000.0,3000.0,3000.0,3000.0,3000.0,3000.0,3000.0,3000.0,3000.0,3000.0,3000.0,3000.0,3000.0,3000.0,3000.0,3000.0,3000.0,3000.0,3000.0,3000.0,3000.0,3000.0,3000.0,3000.0,3000.0,3000.0,3000.0,3000.0,3000.0,3000.0,3000.0,3000.0,3000.0,3000.0,3000.0,3000.0,3000.0,3000.0,3000.0,3000.0,3000.0,3000.0,3000.0,3000.0,3000.0,3000.0,3000.0,3000.0,3000.0,3000.0,3000.0,3000.0,3000.0,3000.0,3000.0,3000.0,3000.0,3000.0,3000.0,3000.0,3000.0,3000.0,3000.0,3000.0,3000.0,3000.0,3000.0,3000.0,3000.0,3000.0,3000.0,3000.0,3000.0,3000.0,3000.0,3000.0,3000.0,3000.0,3000.0,3000.0,3000.0,3000.0,3000.0,3000.0,3000.0,3000.0,3000.0,3000.0,3000.0,3000.0,3000.0,3000.0,3000.0,3000.0,3000.0,3000.0,3000.0,3000.0,3000.0,3000.0,3000.0,3000.0,3000.0,3000.0,3000.0,3000.0,3000.0,3000.0,3000.0,3000.0,3000.0,3000.0,3000.0,3000.0,3000.0,3000.0,3000.0,3000.0,3000.0,3000.0,3000.0,3000.0,3000.0,3000.0,3000.0,3000.0,3000.0,3000.0,3000.0,3000.0,3000.0,3000.0,3000.0,3000.0,3000.0,3000.0,3000.0,3000.0,3000.0,3000.0,3000.0,3000.0,3000.0,3000.0,3000.0,3000.0,3000.0,3000.0,3000.0,3000.0,3000.0,3000.0,3000.0,3000.0,3000.0,3000.0,3000.0,3000.0,3000.0,3000.0,3000.0,3000.0,3000.0,3000.0,3000.0,3000.0,3000.0,3000.0,3000.0,3000.0,3000.0,3000.0,3000.0,3000.0,3000.0,3000.0,3000.0,3000.0,3000.0,3000.0,3000.0,1300.3742948270028,1374.4667908026477,1492.875997540997,3000.0,3000.0,3000.0,3000.0,3000.0,1300.3742948270028,1374.4667908026477,1492.875997540997,3000.0,3000.0,3000.0,3000.0,3000.0,1300.3742948270028,1374.4667908026477,1492.875997540997,3000.0,3000.0,3000.0,3000.0,3000.0,1300.3742948270028,1374.4667908026477,1492.875997540997,3000.0,3000.0,3000.0,3000.0,3000.0,1300.3742948270028,1374.4667908026477,1492.875997540997,3000.0,3000.0,3000.0,3000.0,3000.0,1300.3742948270028,1374.4667908026477,1492.875997540997,3000.0,3000.0,3000.0,3000.0,3000.0,1300.3742948270028,1374.4667908026477,1492.875997540997,3000.0,3000.0,3000.0,3000.0,3000.0,1300.3742948270028,1374.4667908026477,1492.875997540997,3000.0,3000.0,3000.0,3000.0,3000.0
8333,3000.0,1464.916626800262,1356.5190114487666,1289.8868003232874,1256.2425514336148,1251.5557824364819,1275.285743577359,1330.222215594891,3000.0,1464.916626800262,1356.5190114487666,1289.8868003232874,1256.2425514336148,1251.5557824364819,1275.285743577359,1330.222215594891,3000.0,1464.916626800262,1356.5190114487666,1289.8868003232874,1256.2425514336148,1251.5557824364819,1275.285743577359,1330.222215594891,3000.0,1464.916626800262,1356.5190114487666,1289.8868003232874,1256.2425514336148,1251.5557824364819,1275.285743577359,1330.222215594891,3000.0,1464.916626800262,1356.5190114487666,1289.8868003232874,1256.2425514336148,1251.5557824364819,1275.285743577359,1330.222215594891,3000.0,1464.916626800262,1356.5190114487666,1289.8868003232874,1256.2425514336148,1251.5557824364819,1275.285743577359,1330.222215594891,3000.0,1464.916626800262,1356.5190114487666,1289.8868003232874,1256.2425514336148,1251.5557824364819,1275.285743577359,1330.222215594891,3000.0,1464.916626800262,1356.5190114487666,1289.8868003232874,1256.2425514336148,1251.5557824364819,1275.285743577359,1330.222215594891,3000.0,3000.0,3000.0,3000.0,3000.0,3000.0,3000.0,3000.0,3000.0,3000.0,3000.0,3000.0,3000.0,3000.0,3000.0,3000.0,3000.0,3000.0,3000.0,3000.0,3000.0,3000.0,3000.0,3000.0,3000.0,3000.0,3000.0,3000.0,3000.0,3000.0,3000.0,3000.0,3000.0,3000.0,3000.0,3000.0,3000.0,3000.0,3000.0,3000.0,3000.0,3000.0,3000.0,3000.0,3000.0,3000.0,3000.0,3000.0,3000.0,3000.0,3000.0,3000.0,3000.0,3000.0,3000.0,3000.0,3000.0,3000.0,3000.0,3000.0,3000.0,3000.0,3000.0,3000.0,3000.0,3000.0,3000.0,3000.0,3000.0,3000.0,3000.0,3000.0,3000.0,3000.0,3000.0,3000.0,3000.0,3000.0,3000.0,3000.0,3000.0,3000.0,3000.0,3000.0,3000.0,3000.0,3000.0,3000.0,3000.0,3000.0,3000.0,3000.0,3000.0,3000.0,3000.0,3000.0,3000.0,3000.0,3000.0,3000.0,3000.0,3000.0,3000.0,3000.0,3000.0,3000.0,3000.0,3000.0,3000.0,3000.0,3000.0,3000.0,3000.0,3000.0,3000.0,3000.0,3000.0,3000.0,3000.0,3000.0,3000.0,3000.0,3000.0,3000.0,3000.0,3000.0,3000.0,3000.0,3000.0,3000.0,3000.0,3000.0,3000.0,3000.0,3000.0,3000.0,3000.0,3000.0,3000.0,3000.0,3000.0,3000.0,3000.0,3000.0,3000.0,3000.0,3000.0,3000.0,3000.0,3000.0,3000.0,3000.0,3000.0,3000.0,3000.0,3000.0,3000.0,3000.0,3000.0,3000.0,3000.0,3000.0,3000.0,3000.0,3000.0,3000.0,3000.0,3000.0,3000.0,3000.0,3000.0,3000.0,3000.0,3000.0,3000.0,3000.0,3000.0,3000.0,3000.0,3000.0,3000.0,3000.0,3000.0,3000.0,3000.0,3000.0,3000.0,3000.0,3000.0,3000.0,3000.0,3000.0,3000.0,3000.0,3000.0,3000.0,3000.0,3000.0,3000.0,3000.0,3000.0,3000.0,3000.0,3000.0,3000.0,3000.0,3000.0,3000.0,3000.0,3000.0,3000.0,3000.0,3000.0,3000.0,3000.0,3000.0,3000.0,3000.0,3000.0,3000.0,3000.0,3000.0,3000.0,3000.0,3000.0,3000.0,3000.0,3000.0,3000.0,3000.0,3000.0,3000.0,3000.0,3000.0,3000.0,3000.0,3000.0,3000.0,3000.0,3000.0,3000.0,3000.0,3000.0,3000.0,3000.0,3000.0,3000.0,3000.0,3000.0,3000.0,3000.0,3000.0,3000.0,3000.0,3000.0,3000.0,1330.2222155948903,1423.3310111058304,1568.1207185425083,3000.0,3000.0,3000.0,3000.0,3000.0,1330.2222155948903,1423.3310111058304,1568.1207185425083,3000.0,3000.0,3000.0,3000.0,3000.0,1330.2222155948903,1423.3310111058304,1568.1207185425083,3000.0,3000.0,3000.0,3000.0,3000.0,1330.2222155948903,1423.3310111058304,1568.1207185425083,3000.0,3000.0,3000.0,3000.0,3000.0,1330.2222155948903,1423.3310111058304,1568.1207185425083,3000.0,3000.0,3000.0,3000.0,3000.0,1330.2222155948903,1423.3310111058304,1568.1207185425083,3000.0,3000.0,3000.0,3000.0,3000.0,1330.2222155948903,1423.3310111058304,1568.1207185425083,3000.0,3000.0,3000.0,3000.0,3000.0,1330.2222155948903,1423.3310111058304,1568.1207185425083,3000.0,3000.0,3000.0,3000.0,3000.0
8400,1545.0849718747372,1408.314571374448,1320.8959408758724,1270.416109531093,1250.5597101538165,1259.0057609440842,1296.730456085897,1368.2953481325585,1545.0849718747372,1408.314571374448,1320.8959408758724,1270.416109531093,1250.5597101538165,1259.0057609440842,1296.730456085897,1368.2953481325585,1545.0849718747372,1408.314571374448,1320.8959408758724,1270.416109531093,1250.5597101538165,1259.0057609440842,1296.730456085897,1368.2953481325585,1545.0849718747372,1408.314571374448,1320.8959408758724,1270.416109531093,1250.5597101538165,1259.0057609440842,1296.730456085897,1368.2953481325585,1545.0849718747372,1408.314571374448,1320.8959408758724,1270.416109531093,1250.5597101538165,1259.0057609440842,1296.730456085897,1368.2953481325585,1545.0849718747372,1408.314571374448,1320.8959408758724,1270.416109531093,1250.5597101538165,1259.0057609440842,1296.730456085897,1368.2953481325585,1545.0849718747372,1408.314571374448,1320.8959408758724,1270.416109531093,1250.5597101538165,1259.0057609440842,1296.730456085897,1368.2953481325585,1545.0849718747372,1408.314571374448,1320.8959408758724,1270.416109531093,1250.5597101538165,1259.0057609440842,1296.730456085897,1368.2953481325585,3000.0,3000.0,3000.0,3000.0,3000.0,3000.0,3000.0,1545.0849718747372,3000.0,3000.0,3000.0,3000.0,3000.0,3000.0,3000.0,1545.0849718747372,3000.0,3000.0,3000.0,3000.0,3000.0,3000.0,3000.0,1545.0849718747372,3000.0,3000.0,3000.0,3000.0,3000.0,3000.0,3000.0,1545.0849718747372,3000.0,3000.0,3000.0,3000.0,3000.0,3000.0,3000.0,1545.0849718747372,3000.0,3000.0,3000.0,3000.0,3000.0,3000.0,3000.0,1545.0849718747372,3000.0,3000.0,3000.0,3000.0,3000.0,3000.0,3000.0,1545.0849718747372,3000.0,3000.0,3000.0,3000.0,3000.0,3000.0,3000.0,1545.0849718747372,3000.0,3000.0,3000.0,3000.0,3000.0,3000.0,3000.0,3000.0,3000.0,3000.0,3000.0,3000.0,3000.0,3000.0,3000.0,3000.0,3000.0,3000.0,3000.0,3000.0,3000.0,3000.0,3000.0,3000.0,3000.0,3000.0,3000.0,3000.0,3000.0,3000.0,3000.0,3000.0,3000.0,3000.0,3000.0,3000.0,3000.0,3000.0,3000.0,3000.0,3000.0,3000.0,3000.0,3000.0,3000.0,3000.0,3000.0,3000.0,3000.0,3000.0,3000.0,3000.0,3000.0,3000.0,3000.0,3000.0,3000.0,3000.0,3000.0,3000.0,3000.0,3000.0,3000.0,3000.0,3000.0,3000.0,3000.0,3000.0,3000.0,3000.0,3000.0,3000.0,3000.0,3000.0,3000.0,3000.0,3000.0,3000.0,3000.0,3000.0,3000.0,3000.0,3000.0,3000.0,3000.0,3000.0,3000.0,3000.0,3000.0,3000.0,3000.0,3000.0,3000.0,3000.0,3000.0,3000.0,3000.0,3000.0,3000.0,3000.0,3000.0,3000.0,3000.0,3000.0,3000.0,3000.0,3000.0,3000.0,3000.0,3000.0,3000.0,3000.0,3000.0,3000.0,3000.0,3000.0,3000.0,3000.0,3000.0,3000.0,3000.0,3000.0,3000.0,3000.0,3000.0,3000.0,3000.0,3000.0,3000.0,3000.0,3000.0,3000.0,3000.0,3000.0,3000.0,3000.0,3000.0,3000.0,3000.0,3000.0,3000.0,3000.0,3000.0,3000.0,3000.0,3000.0,3000.0,3000.0,3000.0,3000.0,3000.0,3000.0,3000.0,3000.0,3000.0,3000.0,3000.0,3000.0,3000.0,3000.0,3000.0,3000.0,3000.0,3000.0,3000.0,3000.0,3000.0,3000.0,3000.0,3000.0,3000.0,3000.0,3000.0,3000.0,3000.0,3000.0,3000.0,3000.0,3000.0,3000.0,3000.0,3000.0,3000.0,3000.0,3000.0,3000.0,3000.0,3000.0,3000.0,3000.0,3000.0,3000.0,1368.295348132558,1483.290509347781,3000.0,3000.0,3000.0,3000.0,3000.0,3000.0,1368.295348132558,1483.290509347781,3000.0,3000.0,3000.0,3000.0,3000.0,3000.0,1368.295348132558,1483.290509347781,3000.0,3000.0,3000.0,3000.0,3000.0,3000.0,1368.295348132558,1483.290509347781,3000.0,3000.0,3000.0,3000.0,3000.0,3000.0,1368.295348132558,1483.290509347781,3000.0,3000.0,3000.0,3000.0,3000.0,3000.0,1368.295348132558,1483.290509347781,3000.0,3000.0,3000.0,3000.0,3000.0,3000.0,1368.295348132558,1483.290509347781,3000.0,3000.0,3000.0,3000.0,3000.0,3000.0,1368.295348132558,1483.290509347781,3000.0,3000.0,3000.0,3000.0,3000.0,3000.0
8467,1473.9730042026204,1362.313976408405,1293.235255029051,1257.560092979011,1250.9953291307672,1272.7829665104955,1325.476750677326,1415.7125633612993,1473.9730042026204,1362.313976408405,1293.235255029051,1257.560092979011,1250.9953291307672,1272.7829665104955,1325.476750677326,1415.7125633612993,1473.9730042026204,1362.313976408405,1293.235255029051,1257.560092979011,1250.9953291307672,1272.7829665104955,1325.476750677326,1415.7125633612993,1473.9730042026204,1362.313976408405,1293.235255029051,1257.560092979011,1250.9953291307672,1272.7829665104955,1325.476750677326,1415.7125633612993,1473.9730042026204,1362.313976408405,1293.235255029051,1257.560092979011,1250.9953291307672,1272.7829665104955,1325.476750677326,1415.7125633612993,1473.9730042026204,1362.313976408405,1293.235255029051,1257.560092979011,1250.9953291307672,1272.7829665104955,1325.476750677326,1415.7125633612993,1473.9730042026204,1362.313976408405,1293.235255029051,1257.560092979011,1250.9953291307672,1272.7829665104955,1325.476750677326,1415.7125633612993,1473.9730042026204,1362.313976408405,1293.235255029051,1257.560092979011,1250.9953291307672,1272.7829665104955,1325.476750677326,1415.7125633612993,3000.0,3000.0,3000.0,3000.0,3000.0,3000.0,3000.0,1473.9730042026204,3000.0,3000.0,3000.0,3000.0,3000.0,3000.0,3000.0,1473.9730042026204,3000.0,3000.0,3000.0,3000.0,3000.0,3000.0,3000.0,1473.9730042026204,3000.0,3000.0,3000.0,3000.0,3000.0,3000.0,3000.0,1473.9730042026204,3000.0,3000.0,3000.0,3000.0,3000.0,3000.0,3000.0,1473.9730042026204,3000.0,3000.0,3000.0,3000.0,3000.0,3000.0,3000.0,1473.9730042026204,3000.0,3000.0,3000.0,3000.0,3000.0,3000.0,3000.0,1473.9730042026204,3000.0,3000.0,3000.0,3000.0,3000.0,3000.0,3000.0,1473.9730042026204,3000.0,3000.0,3000.0,3000.0,3000.0,3000.0,3000.0,3000.0,3000.0,3000.0,3000.0,3000.0,3000.0,3000.0,3000.0,3000.0,3000.0,3000.0,3000.0,3000.0,3000.0,3000.0,3000.0,3000.0,3000.0,3000.0,3000.0,3000.0,3000.0,3000.0,3000.0,3000.0,3000.0,3000.0,3000.0,3000.0,3000.0,3000.0,3000.0,3000.0,3000.0,3000.0,3000.0,3000.0,3000.0,3000.0,3000.0,3000.0,3000.0,3000.0,3000.0,3000.0,3000.0,3000.0,3000.0,3000.0,3000.0,3000.0,3000.0,3000.0,3000.0,3000.0,3000.0,3000.0,3000.0,3000.0,3000.0,3000.0,3000.0,3000.0,3000.0,3000.0,3000.0,3000.0,3000.0,3000.0,3000.0,3000.0,3000.0,3000.0,3000.0,3000.0,3000.0,3000.0,3000.0,3000.0,3000.0,3000.0,3000.0,3000.0,3000.0,3000.0,3000.0,3000.0,3000.0,3000.0,3000.0,3000.0,3000.0,3000.0,3000.0,3000.0,3000.0,3000.0,3000.0,3000.0,3000.0,3000.0,3000.0,3000.0,3000.0,3000.0,3000.0,3000.0,3000.0,3000.0,3000.0,3000.0,3000.0,3000.0,3000.0,3000.0,3000.0,3000.0,3000.0,3000.0,3000.0,3000.0,3000.0,3000.0,3000.0,3000.0,3000.0,3000.0,3000.0,3000.0,3000.0,3000.0,3000.0,3000.0,3000.0,3000.0,3000.0,3000.0,3000.0,3000.0,3000.0,3000.0,3000.0,3000.0,3000.0,3000.0,3000.0,3000.0,3000.0,3000.0,3000.0,3000.0,3000.0,3000.0,3000.0,3000.0,3000.0,3000.0,3000.0,3000.0,3000.0,3000.0,3000.0,3000.0,3000.0,3000.0,3000.0,3000.0,3000.0,3000.0,3000.0,3000.0,3000.0,3000.0,3000.0,3000.0,3000.0,3000.0,3000.0,3000.0,3000.0,3000.0,3000.0,3000.0,3000.0,3000.0,1415.7125633612986,1556.4402098950745,3000.0,3000.0,3000.0,3000.0,3000.0,3000.0,1415.7125633612986,1556.4402098950745,3000.0,3000.0,3000.0,3000.0,3000.0,3000.0,1415.7125633612986,1556.4402098950745,3000.0,3000.0,3000.0,3000.0,3000.0,3000.0,1415.7125633612986,1556.4402098950745,3000.0,3000.0,3000.0,3000.0,3000.0,3000.0,1415.7125633612986,1556.4402098950745,3000.0,3000.0,3000.0,3000.0,3000.0,3000.0,1415.7125633612986,1556.4402098950745,3000.0,3000.0,3000.0,3000.0,3000.0,3000.0,1415.7125633612986,1556.4402098950745,3000.0,3000.0,3000.0,3000.0,3000.0,3000.0,1415.7125633612986,1556.4402098950745,3000.0,3000.0,3000.0,3000.0,3000.0,3000.0
8533,1415.7125633612998,1325.4767506773262,1272.7829665104957,1250.9953291307672,1257.560092979011,1293.2352550290507,1362.3139764084049,1473.9730042026201,1415.7125633612998,1325.4767506773262,1272.7829665104957,1250.9953291307672,1257.560092979011,1293.2352550290507,1362.3139764084049,1473.9730042026201,1415.7125633612998,1325.4767506773262,1272.7829665104957,1250.9953291307672,1257.560092979011,1293.2352550290507,1362.3139764084049,1473.9730042026201,1415.7125633612998,1325.4767506773262,1272.7829665104957,1250.9953291307672,1257.560092979011,1293.2352550290507,1362.3139764084049,1473.9730042026201,1415.7125633612998,1325.4767506773262,1272.7829665104957,1250.9953291307672,1257.560092979011,1293.2352550290507,1362.3139764084049,1473.9730042026201,1415.7125633612998,1325.4767506773262,1272.7829665104957,1250.9953291307672,1257.560092979011,1293.2352550290507,1362.3139764084049,1473.9730042026201,1415.7125633612998,1325.4767506773262,1272.7829665104957,1250.9953291307672,1257.560092979011,1293.2352550290507,1362.3139764084049,1473.9730042026201,1415.7125633612998,1325.4767506773262,1272.7829665104957,1250.9953291307672,1257.560092979011,1293.2352550290507,1362.3139764084049,1473.9730042026201,3000.0,3000.0,3000.0,3000.0,3000.0,3000.0,1556.4402098950761,1415.7125633612998,3000.0,3000.0,3000.0,3000.0,3000.0,3000.0,1556.4402098950761,1415.7125633612998,3000.0,3000.0,3000.0,3000.0,3000.0,3000.0,1556.4402098950761,1415.7125633612998,3000.0,3000.0,3000.0,3000.0,3000.0,3000.0,1556.4402098950761,1415.7125633612998,3000.0,3000.0,3000.0,3000.0,3000.0,3000.0,1556.4402098950761,1415.7125633612998,3000.0,3000.0,3000.0,3000.0,3000.0,3000.0,1556.4402098950761,1415.7125633612998,3000.0,3000.0,3000.0,3000.0,3000.0,3000.0,1556.4402098950761,1415.7125633612998,3000.0,3000.0,3000.0,3000.0,3000.0,3000.0,1556.4402098950761,1415.7125633612998,3000.0,3000.0,3000.0,3000.0,3000.0,3000.0,3000.0,3000.0,3000.0,3000.0,3000.0,3000.0,3000.0,3000.0,3000.0,3000.0,3000.0,3000.0,3000.0,3000.0,3000.0,3000.0,3000.0,3000.0,3000.0,3000.0,3000.0,3000.0,3000.0,3000.0,3000.0,3000.0,3000.0,3000.0,3000.0,3000.0,3000.0,3000.0,3000.0,3000.0,3000.0,3000.0,3000.0,3000.0,3000.0,3000.0,3000.0,3000.0,3000.0,3000.0,3000.0,3000.0,3000.0,3000.0,3000.0,3000.0,3000.0,3000.0,3000.0,3000.0,3000.0,3000.0,3000.0,3000.0,3000.0,3000.0,3000.0,3000.0,3000.0,3000.0,3000.0,3000.0,3000.0,3000.0,3000.0,3000.0,3000.0,3000.0,3000.0,3000.0,3000.0,3000.0,3000.0,3000.0,3000.0,3000.0,3000.0,3000.0,3000.0,3000.0,3000.0,3000.0,3000.0,3000.0,3000.0,3000.0,3000.0,3000.0,3000.0,3000.0,3000.0,3000.0,3000.0,3000.0,3000.0,3000.0,3000.0,3000.0,3000.0,3000.0,3000.0,3000.0,3000.0,3000.0,3000.0,3000.0,3000.0,3000.0,3000.0,3000.0,3000.0,3000.0,3000.0,3000.0,3000.0,3000.0,3000.0,3000.0,3000.0,3000.0,3000.0,3000.0,3000.0,3000.0,3000.0,3000.0,3000.0,3000.0,3000.0,3000.0,3000.0,3000.0,3000.0,3000.0,3000.0,3000.0,3000.0,3000.0,3000.0,3000.0,3000.0,3000.0,3000.0,3000.0,3000.0,3000.0,3000.0,3000.0,3000.0,3000.0,3000.0,3000.0,3000.0,3000.0,3000.0,3000.0,3000.0,3000.0,3000.0,3000.0,3000.0,3000.0,3000.0,3000.0,3000.0,3000.0,3000.0,3000.0,3000.0,3000.0,3000.0,3000.0,3000.0,3000.0,3000.0,3000.0,3000.0,3000.0,3000.0,3000.0,3000.0,3000.0,1473.9730042026194,3000.0,3000.0,3000.0,3000.0,3000.0,3000.0,3000.0,1473.9730042026194,3000.0,3000.0,3000.0,3000.0,3000.0,3000.0,3000.0,1473.9730042026194,3000.0,3000.0,3000.0,3000.0,3000.0,3000.0,3000.0,1473.9730042026194,3000.0,3000.0,3000.0,3000.0,3000.0,3000.0,3000.0,1473.9730042026194,3000.0,3000.0,3000.0,3000.0,3000.0,3000.0,3000.0,1473.9730042026194,3000.0,3000.0,3000.0,3000.0,3000.0,3000.0,3000.0,1473.9730042026194,3000.0,3000.0,3000.0,3000.0,3000.0,3000.0,3000.0,1473.9730042026194,3000.0,3000.0,3000.0,3000.0,3000.0,3000.0,3000.0
8600,1368.295348132559,1296.7304560858972,1259.0057609440844,1250.5597101538162,1270.416109531093,1320.8959408758724,1408.3145713744475,1545.0849718747368,1368.295348132559,1296.7304560858972,1259.0057609440844,1250.5597101538162,1270.416109531093,1320.8959408758724,1408.3145713744475,1545.0849718747368,1368.295348132559,1296.7304560858972,1259.0057609440844,1250.5597101538162,1270.416109531093,1320.8959408758724,1408.3145713744475,1545.0849718747368,1368.295348132559,1296.7304560858972,1259.0057609440844,1250.5597101538162,1270.416109531093,1320.8959408758724,1408.3145713744475,1545.0849718747368,1368.295348132559,1296.7304560858972,1259.0057609440844,1250.5597101538162,1270.416109531093,1320.8959408758724,1408.3145713744475,1545.0849718747368,1368.295348132559,1296.7304560858972,1259.0057609440844,1250.5597101538162,1270.416109531093,1320.8959408758724,1408.3145713744475,1545.0849718747368,1368.295348132559,1296.7304560858972,1259.0057609440844,1250.5597101538162,1270.416109531093,1320.8959408758724,1408.3145713744475,1545.0849718747368,1368.295348132559,1296.7304560858972,1259.0057609440844,1250.5597101538162,1270.416109531093,1320.8959408758724,1408.3145713744475,1545.0849718747368,3000.0,3000.0,3000.0,3000.0,3000.0,3000.0,1483.2905093477823,1368.295348132559,3000.0,3000.0,3000.0,3000.0,3000.0,3000.0,1483.2905093477823,1368.295348132559,3000.0,3000.0,3000.0,3000.0,3000.0,3000.0,1483.2905093477823,1368.295348132559,3000.0,3000.0,3000.0,3000.0,3000.0,3000.0,1483.2905093477823,1368.295348132559,3000.0,3000.0,3000.0,3000.0,3000.0,3000.0,1483.2905093477823,1368.295348132559,3000.0,3000.0,3000.0,3000.0,3000.0,3000.0,1483.2905093477823,1368.295348132559,3000.0,3000.0,3000.0,3000.0,3000.0,3000.0,1483.2905093477823,1368.295348132559,3000.0,3000.0,3000.0,3000.0,3000.0,3000.0,1483.2905093477823,1368.295348132559,3000.0,3000.0,3000.0,3000.0,3000.0,3000.0,3000.0,3000.0,3000.0,3000.0,3000.0,3000.0,3000.0,3000.0,3000.0,3000.0,3000.0,3000.0,3000.0,3000.0,3000.0,3000.0,3000.0,3000.0,3000.0,3000.0,3000.0,3000.0,3000.0,3000.0,3000.0,3000.0,3000.0,3000.0,3000.0,3000.0,3000.0,3000.0,3000.0,3000.0,3000.0,3000.0,3000.0,3000.0,3000.0,3000.0,3000.0,3000.0,3000.0,3000.0,3000.0,3000.0,3000.0,3000.0,3000.0,3000.0,3000.0,3000.0,3000.0,3000.0,3000.0,3000.0,3000.0,3000.0,3000.0,3000.0,3000.0,3000.0,3000.0,3000.0,3000.0,3000.0,3000.0,3000.0,3000.0,3000.0,3000.0,3000.0,3000.0,3000.0,3000.0,3000.0,3000.0,3000.0,3000.0,3000.0,3000.0,3000.0,3000.0,3000.0,3000.0,3000.0,3000.0,3000.0,3000.0,3000.0,3000.0,3000.0,3000.0,3000.0,3000.0,3000.0,3000.0,3000.0,3000.0,3000.0,3000.0,3000.0,3000.0,3000.0,3000.0,3000.0,3000.0,3000.0,3000.0,3000.0,3000.0,3000.0,3000.0,3000.0,3000.0,3000.0,3000.0,3000.0,3000.0,3000.0,3000.0,3000.0,3000.0,3000.0,3000.0,3000.0,3000.0,3000.0,3000.0,3000.0,3000.0,3000.0,3000.0,3000.0,3000.0,3000.0,3000.0,3000.0,3000.0,3000.0,3000.0,3000.0,3000.0,3000.0,3000.0,3000.0,3000.0,3000.0,3000.0,3000.0,3000.0,3000.0,3000.0,3000.0,3000.0,3000.0,3000.0,3000.0,3000.0,3000.0,3000.0,3000.0,3000.0,3000.0,3000.0,3000.0,3000.0,3000.0,3000.0,3000.0,3000.0,3000.0,3000.0,3000.0,3000.0,3000.0,3000.0,3000.0,3000.0,3000.0,3000.0,3000.0,3000.0,3000.0,3000.0,3000.0,1545.0849718747356,3000.0,3000.0,3000.0,3000.0,3000.0,3000.0,3000.0,1545.0849718747356,3000.0,3000.0,3000.0,3000.0,3000.0,3000.0,3000.0,1545.0849718747356,3000.0,3000.0,3000.0,3000.0,3000.0,3000.0,3000.0,1545.0849718747356,3000.0,3000.0,3000.0,3000.0,3000.0,3000.0,3000.0,1545.0849718747356,3000.0,3000.0,3000.0,3000.0,3000.0,3000.0,3000.0,1545.0849718747356,3000.0,3000.0,3000.0,3000.0,3000.0,3000.0,3000.0,1545.0849718747356,3000.0,3000.0,3000.0,3000.0,3000.0,3000.0,3000.0,1545.0849718747356,3000.0,3000.0,3000.0,3000.0,3000.0,3000.0,3000.0
8667,1330.2222155948907,1275.2857435773587,1251.5557824364819,1256.2425514336148,1289.8868003232876,1356.5190114487668,1464.9166268002625,3000.0,1330.2222155948907,1275.2857435773587,1251.5557824364819,1256.2425514336148,1289.8868003232876,1356.5190114487668,1464.9166268002625,3000.0,1330.2222155948907,1275.2857435773587,1251.5557824364819,1256.2425514336148,1289.8868003232876,1356.5190114487668,1464.9166268002625,3000.0,1330.2222155948907,1275.2857435773587,1251.5557824364819,1256.2425514336148,1289.8868003232876,1356.5190114487668,1464.9166268002625,3000.0,1330.2222155948907,1275.2857435773587,1251.5557824364819,1256.2425514336148,1289.8868003232876,1356.5190114487668,1464.9166268002625,3000.0,1330.2222155948907,1275.2857435773587,1251.5557824364819,1256.2425514336148,1289.8868003232876,1356.5190114487668,1464.9166268002625,3000.0,1330.2222155948907,1275.2857435773587,1251.5557824364819,1256.2425514336148,1289.8868003232876,1356.5190114487668,1464.9166268002625,3000.0,1330.2222155948907,1275.2857435773587,1251.5557824364819,1256.2425514336148,1289.8868003232876,1356.5190114487668,1464.9166268002625,3000.0,3000.0,3000.0,3000.0,3000.0,3000.0,1568.120718542509,1423.3310111058308,1330.2222155948907,3000.0,3000.0,3000.0,3000.0,3000.0,1568.120718542509,1423.3310111058308,1330.2222155948907,3000.0,3000.0,3000.0,3000.0,3000.0,1568.120718542509,1423.3310111058308,1330.2222155948907,3000.0,3000.0,3000.0,3000.0,3000.0,1568.120718542509,1423.3310111058308,1330.2222155948907,3000.0,3000.0,3000.0,3000.0,3000.0,1568.120718542509,1423.3310111058308,1330.2222155948907,3000.0,3000.0,3000.0,3000.0,3000.0,1568.120718542509,1423.3310111058308,1330.2222155948907,3000.0,3000.0,3000.0,3000.0,3000.0,1568.120718542509,1423.3310111058308,1330.2222155948907,3000.0,3000.0,3000.0,3000.0,3000.0,1568.120718542509,1423.3310111058308,1330.2222155948907,3000.0,3000.0,3000.0,3000.0,3000.0,3000.0,3000.0,3000.0,3000.0,3000.0,3000.0,3000.0,3000.0,3000.0,3000.0,3000.0,3000.0,3000.0,3000.0,3000.0,3000.0,3000.0,3000.0,3000.0,3000.0,3000.0,3000.0,3000.0,3000.0,3000.0,3000.0,3000.0,3000.0,3000.0,3000.0,3000.0,3000.0,3000.0,3000.0,3000.0,3000.0,3000.0,3000.0,3000.0,3000.0,3000.0,3000.0,3000.0,3000.0,3000.0,3000.0,3000.0,3000.0,3000.0,3000.0,3000.0,3000.0,3000.0,3000.0,3000.0,3000.0,3000.0,3000.0,3000.0,3000.0,3000.0,3000.0,3000.0,3000.0,3000.0,3000.0,3000.0,3000.0,3000.0,3000.0,3000.0,3000.0,3000.0,3000.0,3000.0,3000.0,3000.0,3000.0,3000.0,3000.0,3000.0,3000.0,3000.0,3000.0,3000.0,3000.0,3000.0,3000.0,3000.0,3000.0,3000.0,3000.0,3000.0,3000.0,3000.0,3000.0,3000.0,3000.0,3000.0,3000.0,3000.0,3000.0,3000.0,3000.0,3000.0,3000.0,3000.0,3000.0,3000.0,3000.0,3000.0,3000.0,3000.0,3000.0,3000.0,3000.0,3000.0,3000.0,3000.0,3000.0,3000.0,3000.0,3000.0,3000.0,3000.0,3000.0,3000.0,3000.0,3000.0,3000.0,3000.0,3000.0,3000.0,3000.0,3000.0,3000.0,3000.0,3000.0,3000.0,3000.0,3000.0,3000.0,3000.0,3000.0,3000.0,3000.0,3000.0,3000.0,3000.0,3000.0,3000.0,3000.0,3000.0,3000.0,3000.0,3000.0,3000.0,3000.0,3000.0,3000.0,3000.0,3000.0,3000.0,3000.0,3000.0,3000.0,3000.0,3000.0,3000.0,3000.0,3000.0,3000.0,3000.0,3000.0,3000.0,3000.0,3000.0,3000.0,3000.0,3000.0,3000.0,3000.0,3000.0,3000.0,3000.0,3000.0,3000.0,3000.0,3000.0,3000.0,3000.0,3000.0,3000.0,3000.0,3000.0,3000.0,3000.0,3000.0,3000.0,3000.0,3000.0,3000.0,3000.0,3000.0,3000.0,3000.0,3000.0,3000.0,3000.0,3000.0,3000.0,3000.0,3000.0,3000.0,3000.0,3000.0,3000.0,3000.0,3000.0,3000.0,3000.0,3000.0,3000.0,3000.0,3000.0,3000.0,3000.0,3000.0,3000.0,3000.0,3000.0,3000.0,3000.0,3000.0,3000.0,3000.0,3000.0,3000.0,3000.0,3000.0,3000.0,3000.0,3000.0,3000.0,3000.0,3000.0,3000.0,3000.0,3000.0,3000.0,3000.0
8733,1300.3742948270033,1260.5802858571578,1250.248708511741,1268.1839461491395,1316.477178175009,1401.1321364564128,1534.045701800427,3000.0,1300.3742948270033,1260.5802858571578,1250.248708511741,1268.1839461491395,1316.477178175009,1401.1321364564128,1534.045701800427,3000.0,1300.3742948270033,1260.5802858571578,1250.248708511741,1268.1839461491395,1316.477178175009,1401.1321364564128,1534.045701800427,3000.0,1300.3742948270033,1260.5802858571578,1250.248708511741,1268.1839461491395,1316.477178175009,1401.1321364564128,1534.045701800427,3000.0,1300.3742948270033,1260.5802858571578,1250.248708511741,1268.1839461491395,1316.477178175009,1401.1321364564128,1534.045701800427,3000.0,1300.3742948270033,1260.5802858571578,1250.248708511741,1268.1839461491395,1316.477178175009,1401.1321364564128,1534.045701800427,3000.0,1300.3742948270033,1260.5802858571578,1250.248708511741,1268.1839461491395,1316.477178175009,1401.1321364564128,1534.045701800427,3000.0,1300.3742948270033,1260.5802858571578,1250.248708511741,1268.1839461491395,1316.477178175009,1401.1321364564128,1534.045701800427,3000.0,3000.0,3000.0,3000.0,3000.0,3000.0,1492.8759975409985,1374.4667908026483,1300.3742948270033,3000.0,3000.0,3000.0,3000.0,3000.0,1492.8759975409985,1374.4667908026483,1300.3742948270033,3000.0,3000.0,3000.0,3000.0,3000.0,1492.8759975409985,1374.4667908026483,1300.3742948270033,3000.0,3000.0,3000.0,3000.0,3000.0,1492.8759975409985,1374.4667908026483,1300.3742948270033,3000.0,3000.0,3000.0,3000.0,3000.0,1492.8759975409985,1374.4667908026483,1300.3742948270033,3000.0,3000.0,3000.0,3000.0,3000.0,1492.8759975409985,1374.4667908026483,1300.3742948270033,3000.0,3000.0,3000.0,3000.0,3000.0,1492.8759975409985,1374.4667908026483,1300.3742948270033,3000.0,3000.0,3000.0,3000.0,3000.0,1492.8759975409985,1374.4667908026483,1300.3742948270033,3000.0,3000.0,3000.0,3000.0,3000.0,3000.0,3000.0,3000.0,3000.0,3000.0,3000.0,3000.0,3000.0,3000.0,3000.0,3000.0,3000.0,3000.0,3000.0,3000.0,3000.0,3000.0,3000.0,3000.0,3000.0,3000.0,3000.0,3000.0,3000.0,3000.0,3000.0,3000.0,3000.0,3000.0,3000.0,3000.0,3000.0,3000.0,3000.0,3000.0,3000.0,3000.0,3000.0,3000.0,3000.0,3000.0,3000.0,3000.0,3000.0,3000.0,3000.0,3000.0,3000.0,3000.0,3000.0,3000.0,3000.0,3000.0,3000.0,3000.0,3000.0,3000.0,3000.0,3000.0,3000.0,3000.0,3000.0,3000.0,3000.0,3000.0,3000.0,3000.0,3000.0,3000.0,3000.0,3000.0,3000.0,3000.0,3000.0,3000.0,3000.0,3000.0,3000.0,3000.0,3000.0,3000.0,3000.0,3000.0,3000.0,3000.0,3000.0,3000.0,3000.0,3000.0,3000.0,3000.0,3000.0,3000.0,3000.0,3000.0,3000.0,3000.0,3000.0,3000.0,3000.0,3000.0,3000.0,3000.0,3000.0,3000.0,3000.0,3000.0,3000.0,3000.0,3000.0,3000.0,3000.0,3000.0,3000.0,3000.0,3000.0,3000.0,3000.0,3000.0,3000.0,3000.0,3000.0,3000.0,3000.0,3000.0,3000.0,3000.0,3000.0,3000.0,3000.0,3000.0,3000.0,3000.0,3000.0,3000.0,3000.0,3000.0,3000.0,3000.0,3000.0,3000.0,3000.0,3000.0,3000.0,3000.0,3000.0,3000.0,3000.0,3000.0,3000.0,3000.0,3000.0,3000.0,3000.0,3000.0,3000.0,3000.0,3000.0,3000.0,3000.0,3000.0,3000.0,3000.0,3000.0,3000.0,3000.0,3000.0,3000.0,3000.0,3000.0,3000.0,3000.0,3000.0,3000.0,3000.0,3000.0,3000.0,3000.0,3000.0,3000.0,3000.0,3000.0,3000.0,3000.0,3000.0,3000.0,3000.0,3000.0,3000.0,3000.0,3000.0,3000.0,3000.0,3000.0,3000.0,3000.0,3000.0,3000.0,3000.0,3000.0,3000.0,3000.0,3000.0,3000.0,3000.0,3000.0,3000.0,3000.0,3000.0,3000.0,3000.0,3000.0,3000.0,3000.0,3000.0,3000.0,3000.0,3000.0,3000.0,3000.0,3000.0,3000.0,3000.0,3000.0,3000.0,3000.0,3000.0,3000.0,3000.0,3000.0,3000.0,3000.0,3000.0,3000.0,3000.0,3000.0,3000.0,3000.0,3000.0,3000.0,3000.0,3000.0,3000.0,3000.0,3000.0,3000.0,3000.0,3000.0,3000.0,3000.0,3000.0
8800,1277.9257435812865,1252.2413495151084,1255.0524722739233,1286.6832913660535,1350.9069387872455,1456.114807681504,3000.0,3000.0,1277.9257435812865,1252.2413495151084,1255.0524722739233,1286.6832913660535,1350.9069387872455,1456.114807681504,3000.0,3000.0,1277.9257435812865,1252.2413495151084,1255.0524722739233,1286.6832913660535,1350.9069387872455,1456.114807681504,3000.0,3000.0,1277.9257435812865,1252.2413495151084,1255.0524722739233,1286.6832913660535,1350.9069387872455,1456.114807681504,3000.0,3000.0,1277.9257435812865,1252.2413495151084,1255.0524722739233,1286.6832913660535,1350.9069387872455,1456.114807681504,3000.0,3000.0,1277.9257435812865,1252.2413495151084,1255.0524722739233,1286.6832913660535,1350.9069387872455,1456.114807681504,3000.0,3000.0,1277.9257435812865,1252.2413495151084,1255.0524722739233,1286.6832913660535,1350.9069387872455,1456.114807681504,3000.0,3000.0,1277.9257435812865,1252.2413495151084,1255.0524722739233,1286.6832913660535,1350.9069387872455,1456.114807681504,3000.0,3000.0,3000.0,3000.0,3000.0,3000.0,1580.1362270115571,1431.1750211605288,1335.1350598016763,1277.9257435812865,3000.0,3000.0,3000.0,3000.0,1580.1362270115571,1431.1750211605288,1335.1350598016763,1277.9257435812865,3000.0,3000.0,3000.0,3000.0,1580.1362270115571,1431.1750211605288,1335.1350598016763,1277.9257435812865,3000.0,3000.0,3000.0,3000.0,1580.1362270115571,1431.1750211605288,1335.1350598016763,1277.9257435812865,3000.0,3000.0,3000.0,3000.0,1580.1362270115571,1431.1750211605288,1335.1350598016763,1277.9257435812865,3000.0,3000.0,3000.0,3000.0,1580.1362270115571,1431.1750211605288,1335.1350598016763,1277.9257435812865,3000.0,3000.0,3000.0,3000.0,1580.1362270115571,1431.1750211605288,1335.1350598016763,1277.9257435812865,3000.0,3000.0,3000.0,3000.0,1580.1362270115571,1431.1750211605288,1335.1350598016763,1277.9257435812865,3000.0,3000.0,3000.0,3000.0,3000.0,3000.0,3000.0,3000.0,3000.0,3000.0,3000.0,3000.0,3000.0,3000.0,3000.0,3000.0,3000.0,3000.0,3000.0,3000.0,3000.0,3000.0,3000.0,3000.0,3000.0,3000.0,3000.0,3000.0,3000.0,3000.0,3000.0,3000.0,3000.0,3000.0,3000.0,3000.0,3000.0,3000.0,3000.0,3000.0,3000.0,3000.0,3000.0,3000.0,3000.0,3000.0,3000.0,3000.0,3000.0,3000.0,3000.0,3000.0,3000.0,3000.0,3000.0,3000.0,3000.0,3000.0,3000.0,3000.0,3000.0,3000.0,3000.0,3000.0,3000.0,3000.0,3000.0,3000.0,3000.0,3000.0,3000.0,3000.0,3000.0,3000.0,3000.0,3000.0,3000.0,3000.0,3000.0,3000.0,3000.0,3000.0,3000.0,3000.0,3000.0,3000.0,3000.0,3000.0,3000.0,3000.0,3000.0,3000.0,3000.0,3000.0,3000.0,3000.0,3000.0,3000.0,3000.0,3000.0,3000.0,3000.0,3000.0,3000.0,3000.0,3000.0,3000.0,3000.0,3000.0,3000.0,3000.0,3000.0,3000.0,3000.0,3000.0,3000.0,3000.0,3000.0,3000.0,3000.0,3000.0,3000.0,3000.0,3000.0,3000.0,3000.0,3000.0,3000.0,3000.0,3000.0,3000.0,3000.0,3000.0,3000.0,3000.0,3000.0,3000.0,3000.0,3000.0,3000.0,3000.0,3000.0,3000.0,3000.0,3000.0,3000.0,3000.0,3000.0,3000.0,3000.0,3000.0,3000.0,3000.0,3000.0,3000.0,3000.0,3000.0,3000.0,3000.0,3000.0,3000.0,3000.0,3000.0,3000.0,3000.0,3000.0,3000.0,3000.0,3000.0,3000.0,3000.0,3000.0,3000.0,3000.0,3000.0,3000.0,3000.0,3000.0,3000.0,3000.0,3000.0,3000.0,3000.0,3000.0,3000.0,3000.0,3000.0,3000.0,3000.0,3000.0,3000.0,3000.0,3000.0,3000.0,3000.0,3000.0,3000.0,3000.0,3000.0,3000.0,3000.0,3000.0,3000.0,3000.0,3000.0,3000.0,3000.0,3000.0,3000.0,3000.0,3000.0,3000.0,3000.0,3000.0,3000.0,3000.0,3000.0,3000.0,3000.0,3000.0,3000.0,3000.0,3000.0,3000.0,3000.0,3000.0,3000.0,3000.0,3000.0,3000.0,3000.0,3000.0,3000.0,3000.0,3000.0,3000.0,3000.0,3000.0,3000.0,3000.0,3000.0,3000.0,3000.0,3000.0,3000.0,3000.0,3000.0,3000.0,3000.0,3000.0,3000.0,3000.0,3000.0,3000.0,3000.0,3000.0
8867,1262.2844656482725,1250.0621693969445,1266.0853246547981,1312.2179668881338,1394.1605590060458,1523.3135018131402,3000.0,3000.0,1262.2844656482725,1250.0621693969445,1266.0853246547981,1312.2179668881338,1394.1605590060458,1523.3135018131402,3000.0,3000.0,1262.2844656482725,1250.0621693969445,1266.0853246547981,1312.2179668881338,1394.1605590060458,1523.3135018131402,3000.0,3000.0,1262.2844656482725,1250.0621693969445,1266.0853246547981,1312.2179668881338,1394.1605590060458,1523.3135018131402,3000.0,3000.0,1262.2844656482725,1250.0621693969445,1266.0853246547981,1312.2179668881338,1394.1605590060458,1523.3135018131402,3000.0,3000.0,1262.2844656482725,1250.0621693969445,1266.0853246547981,1312.2179668881338,1394.1605590060458,1523.3135018131402,3000.0,3000.0,1262.2844656482725,1250.0621693969445,1266.0853246547981,1312.2179668881338,1394.1605590060458,1523.3135018131402,3000.0,3000.0,1262.2844656482725,1250.0621693969445,1266.0853246547981,1312.2179668881338,1394.1605590060458,1523.3135018131402,3000.0,3000.0,3000.0,3000.0,3000.0,3000.0,1502.7366239554372,1380.832124248518,1304.1687559050463,1262.2844656482725,3000.0,3000.0,3000.0,3000.0,1502.7366239554372,1380.832124248518,1304.1687559050463,1262.2844656482725,3000.0,3000.0,3000.0,3000.0,1502.7366239554372,1380.832124248518,1304.1687559050463,1262.2844656482725,3000.0,3000.0,3000.0,3000.0,1502.7366239554372,1380.832124248518,1304.1687559050463,1262.2844656482725,3000.0,3000.0,3000.0,3000.0,1502.7366239554372,1380.832124248518,1304.1687559050463,1262.2844656482725,3000.0,3000.0,3000.0,3000.0,1502.7366239554372,1380.832124248518,1304.1687559050463,1262.2844656482725,3000.0,3000.0,3000.0,3000.0,1502.7366239554372,1380.832124248518,1304.1687559050463,1262.2844656482725,3000.0,3000.0,3000.0,3000.0,1502.7366239554372,1380.832124248518,1304.1687559050463,1262.2844656482725,3000.0,3000.0,3000.0,3000.0,3000.0,3000.0,3000.0,3000.0,3000.0,3000.0,3000.0,3000.0,3000.0,3000.0,3000.0,3000.0,3000.0,3000.0,3000.0,3000.0,3000.0,3000.0,3000.0,3000.0,3000.0,3000.0,3000.0,3000.0,3000.0,3000.0,3000.0,3000.0,3000.0,3000.0,3000.0,3000.0,3000.0,3000.0,3000.0,3000.0,3000.0,3000.0,3000.0,3000.0,3000.0,3000.0,3000.0,3000.0,3000.0,3000.0,3000.0,3000.0,3000.0,3000.0,3000.0,3000.0,3000.0,3000.0,3000.0,3000.0,3000.0,3000.0,3000.0,3000.0,3000.0,3000.0,3000.0,3000.0,3000.0,3000.0,3000.0,3000.0,3000.0,3000.0,3000.0,3000.0,3000.0,3000.0,3000.0,3000.0,3000.0,3000.0,3000.0,3000.0,3000.0,3000.0,3000.0,3000.0,3000.0,3000.0,3000.0,3000.0,3000.0,3000.0,3000.0,3000.0,3000.0,3000.0,3000.0,3000.0,3000.0,3000.0,3000.0,3000.0,3000.0,3000.0,3000.0,3000.0,3000.0,3000.0,3000.0,3000.0,3000.0,3000.0,3000.0,3000.0,3000.0,3000.0,3000.0,3000.0,3000.0,3000.0,3000.0,3000.0,3000.0,3000.0,3000.0,3000.0,3000.0,3000.0,3000.0,3000.0,3000.0,3000.0,3000.0,3000.0,3000.0,3000.0,3000.0,3000.0,3000.0,3000.0,3000.0,3000.0,3000.0,3000.0,3000.0,3000.0,3000.0,3000.0,3000.0,3000.0,3000.0,3000.0,3000.0,3000.0,3000.0,3000.0,3000.0,3000.0,3000.0,3000.0,3000.0,3000.0,3000.0,3000.0,3000.0,3000.0,3000.0,3000.0,3000.0,3000.0,3000.0,3000.0,3000.0,3000.0,3000.0,3000.0,3000.0,3000.0,3000.0,3000.0,3000.0,3000.0,3000.0,3000.0,3000.0,3000.0,3000.0,3000.0,3000.0,3000.0,3000.0,3000.0,3000.0,3000.0,3000.0,3000.0,3000.0,3000.0,3000.0,3000.0,3000.0,3000.0,3000.0,3000.0,3000.0,3000.0,3000.0,3000.0,3000.0,3000.0,3000.0,3000.0,3000.0,3000.0,3000.0,3000.0,3000.0,3000.0,3000.0,3000.0,3000.0,3000.0,3000.0,3000.0,3000.0,3000.0,3000.0,3000.0,3000.0,3000.0,3000.0,3000.0,3000.0,3000.0,3000.0,3000.0,3000.0,3000.0,3000.0,3000.0,3000.0,3000.0,3000.0,3000.0,3000.0,3000.0,3000.0,3000.0,3000.0,3000.0,3000.0,3000.0,3000.0,3000.0
8933,1253.0523726014653,1253.989257138668,1283.623015842213,1345.4743880566039,1447.56125002993,3000.0,3000.0,3000.0,1253.0523726014653,1253.989257138668,1283.623015842213,1345.4743880566039,1447.56125002993,3000.0,3000.0,3000.0,1253.0523726014653,1253.989257138668,1283.623015842213,1345.4743880566039,1447.56125002993,3000.0,3000.0,3000.0,1253.0523726014653,1253.989257138668,1283.623015842213,1345.4743880566039,1447.56125002993,3000.0,3000.0,3000.0,1253.0523726014653,1253.989257138668,1283.623015842213,1345.4743880566039,1447.56125002993,3000.0,3000.0,3000.0,1253.0523726014653,1253.989257138668,1283.623015842213,1345.4743880566039,1447.56125002993,3000.0,3000.0,3000.0,1253.0523726014653,1253.989257138668,1283.623015842213,1345.4743880566039,1447.56125002993,3000.0,3000.0,3000.0,1253.0523726014653,1253.989257138668,1283.623015842213,1345.4743880566039,1447.56125002993,3000.0,3000.0,3000.0,3000.0,3000.0,3000.0,1592.4969141518175,1439.2499172334137,1340.218127672705,1280.704347420156,1253.0523726014653,3000.0,3000.0,3000.0,1592.4969141518175,1439.2499172334137,1340.218127672705,1280.704347420156,1253.0523726014653,3000.0,3000.0,3000.0,1592.4969141518175,1439.2499172334137,1340.218127672705,1280.704347420156,1253.0523726014653,3000.0,3000.0,3000.0,1592.4969141518175,1439.2499172334137,1340.218127672705,1280.704347420156,1253.0523726014653,3000.0,3000.0,3000.0,1592.4969141518175,1439.2499172334137,1340.218127672705,1280.704347420156,1253.0523726014653,3000.0,3000.0,3000.0,1592.4969141518175,1439.2499172334137,1340.218127672705,1280.704347420156,1253.0523726014653,3000.0,3000.0,3000.0,1592.4969141518175,1439.2499172334137,1340.218127672705,1280.704347420156,1253.0523726014653,3000.0,3000.0,3000.0,1592.4969141518175,1439.2499172334137,1340.218127672705,1280.704347420156,1253.0523726014653,3000.0,3000.0,3000.0,3000.0,3000.0,3000.0,3000.0,3000.0,3000.0,3000.0,3000.0,3000.0,3000.0,3000.0,3000.0,3000.0,3000.0,3000.0,3000.0,3000.0,3000.0,3000.0,3000.0,3000.0,3000.0,3000.0,3000.0,3000.0,3000.0,3000.0,3000.0,3000.0,3000.0,3000.0,3000.0,3000.0,3000.0,3000.0,3000.0,3000.0,3000.0,3000.0,3000.0,3000.0,3000.0,3000.0,3000.0,3000.0,3000.0,3000.0,3000.0,3000.0,3000.0,3000.0,3000.0,3000.0,3000.0,3000.0,3000.0,3000.0,3000.0,3000.0,3000.0,3000.0,3000.0,3000.0,3000.0,3000.0,3000.0,3000.0,3000.0,3000.0,3000.0,3000.0,3000.0,3000.0,3000.0,3000.0,3000.0,3000.0,3000.0,3000.0,3000.0,3000.0,3000.0,3000.0,3000.0,3000.0,3000.0,3000.0,3000.0,3000.0,3000.0,3000.0,3000.0,3000.0,3000.0,3000.0,3000.0,3000.0,3000.0,3000.0,3000.0,3000.0,3000.0,3000.0,3000.0,3000.0,3000.0,3000.0,3000.0,3000.0,3000.0,3000.0,3000.0,3000.0,3000.0,3000.0,3000.0,3000.0,3000.0,3000.0,3000.0,3000.0,3000.0,3000.0,3000.0,3000.0,3000.0,3000.0,3000.0,3000.0,3000.0,3000.0,3000.0,3000.0,3000.0,3000.0,3000.0,3000.0,3000.0,3000.0,3000.0,3000.0,3000.0,3000.0,3000.0,3000.0,3000.0,3000.0,3000.0,3000.0,3000.0,3000.0,3000.0,3000.0,3000.0,3000.0,3000.0,3000.0,3000.0,3000.0,3000.0,3000.0,3000.0,3000.0,3000.0,3000.0,3000.0,3000.0,3000.0,3000.0,3000.0,3000.0,3000.0,3000.0,3000.0,3000.0,3000.0,3000.0,3000.0,3000.0,3000.0,3000.0,3000.0,3000.0,3000.0,3000.0,3000.0,3000.0,3000.0,3000.0,3000.0,3000.0,3000.0,3000.0,3000.0,3000.0,3000.0,3000.0,3000.0,3000.0,3000.0,3000.0,3000.0,3000.0,3000.0,3000.0,3000.0,3000.0,3000.0,3000.0,3000.0,3000.0,3000.0,3000.0,3000.0,3000.0,3000.0,3000.0,3000.0,3000.0,3000.0,3000.0,3000.0,3000.0,3000.0,3000.0,3000.0,3000.0,3000.0,3000.0,3000.0,3000.0,3000.0,3000.0,3000.0,3000.0,3000.0,3000.0,3000.0,3000.0,3000.0,3000.0,3000.0,3000.0,3000.0,3000.0,3000.0,3000.0,3000.0,3000.0,3000.0,3000.0,3000.0,3000.0
9000,1250.0,1264.119166644397,1308.1159200335728,1387.395330218428,1512.8798585309892,3000.0,3000.0,3000.0,1250.0,1264.119166644397,1308.1159200335728,1387.395330218428,1512.8798585309892,3000.0,3000.0,3000.0,1250.0,1264.119166644397,1308.1159200335728,1387.395330218428,1512.8798585309892,3000.0,3000.0,3000.0,1250.0,1264.119166644397,1308.1159200335728,1387.395330218428,1512.8798585309892,3000.0,3000.0,3000.0,1250.0,1264.119166644397,1308.1159200335728,1387.395330218428,1512.8798585309892,3000.0,3000.0,3000.0,1250.0,1264.119166644397,1308.1159200335728,1387.395330218428,1512.8798585309892,3000.0,3000.0,3000.0,1250.0,1264.119166644397,1308.1159200335728,1387.395330218428,1512.8798585309892,3000.0,3000.0,3000.0,1250.0,1264.119166644397,1308.1159200335728,1387.395330218428,1512.8798585309892,3000.0,3000.0,3000.0,3000.0,3000.0,3000.0,1512.8798585309896,1387.3953302184282,1308.115920033573,1264.1191666443972,1250.0,3000.0,3000.0,3000.0,1512.8798585309896,1387.3953302184282,1308.115920033573,1264.1191666443972,1250.0,3000.0,3000.0,3000.0,1512.8798585309896,1387.3953302184282,1308.115920033573,1264.1191666443972,1250.0,3000.0,3000.0,3000.0,1512.8798585309896,1387.3953302184282,1308.115920033573,1264.1191666443972,1250.0,3000.0,3000.0,3000.0,1512.8798585309896,1387.3953302184282,1308.115920033573,1264.1191666443972,1250.0,3000.0,3000.0,3000.0,1512.8798585309896,1387.3953302184282,1308.115920033573,1264.1191666443972,1250.0,3000.0,3000.0,3000.0,1512.8798585309896,1387.3953302184282,1308.115920033573,1264.1191666443972,1250.0,3000.0,3000.0,3000.0,1512.8798585309896,1387.3953302184282,1308.115920033573,1264.1191666443972,1250.0,3000.0,3000.0,3000.0,3000.0,3000.0,3000.0,3000.0,3000.0,3000.0,3000.0,3000.0,3000.0,3000.0,3000.0,3000.0,3000.0,3000.0,3000.0,3000.0,3000.0,3000.0,3000.0,3000.0,3000.0,3000.0,3000.0,3000.0,3000.0,3000.0,3000.0,3000.0,3000.0,3000.0,3000.0,3000.0,3000.0,3000.0,3000.0,3000.0,3000.0,3000.0,3000.0,3000.0,3000.0,3000.0,3000.0,3000.0,3000.0,3000.0,3000.0,3000.0,3000.0,3000.0,3000.0,3000.0,3000.0,3000.0,3000.0,3000.0,3000.0,3000.0,3000.0,3000.0,3000.0,3000.0,3000.0,3000.0,3000.0,3000.0,3000.0,3000.0,3000.0,3000.0,3000.0,3000.0,3000.0,3000.0,3000.0,3000.0,3000.0,3000.0,3000.0,3000.0,3000.0,3000.0,3000.0,3000.0,3000.0,3000.0,3000.0,3000.0,3000.0,3000.0,3000.0,3000.0,3000.0,3000.0,3000.0,3000.0,3000.0,3000.0,3000.0,3000.0,3000.0,3000.0,3000.0,3000.0,3000.0,3000.0,3000.0,3000.0,3000.0,3000.0,3000.0,3000.0,3000.0,3000.0,3000.0,3000.0,3000.0,3000.0,3000.0,3000.0,3000.0,3000.0,3000.0,3000.0,3000.0,3000.0,3000.0,3000.0,3000.0,3000.0,3000.0,3000.0,3000.0,3000.0,3000.0,3000.0,3000.0,3000.0,3000.0,3000.0,3000.0,3000.0,3000.0,3000.0,3000.0,3000.0,3000.0,3000.0,3000.0,3000.0,3000.0,3000.0,3000.0,3000.0,3000.0,3000.0,3000.0,3000.0,3000.0,3000.0,3000.0,3000.0,3000.0,3000.0,3000.0,3000.0,3000.0,3000.0,3000.0,3000.0,3000.0,3000.0,3000.0,3000.0,3000.0,3000.0,3000.0,3000.0,3000.0,3000.0,3000.0,3000.0,3000.0,3000.0,3000.0,3000.0,3000.0,3000.0,3000.0,3000.0,3000.0,3000.0,3000.0,3000.0,3000.0,3000.0,3000.0,3000.0,3000.0,3000.0,3000.0,3000.0,3000.0,3000.0,3000.0,3000.0,3000.0,3000.0,3000.0,3000.0,3000.0,3000.0,3000.0,3000.0,3000.0,3000.0,3000.0,3000.0,3000.0,3000.0,3000.0,3000.0,3000.0,3000.0,3000.0,3000.0,3000.0,3000.0,3000.0,3000.0,3000.0,3000.0,3000.0,3000.0,3000.0,3000.0,3000.0,3000.0,3000.0,3000.0,3000.0,3000.0,3000.0,3000.0,3000.0,3000.0,3000.0,3000.0,3000.0,3000.0,3000.0,3000.0,3000.0
9067,1253.052372601465,1280.7043474201557,1340.2181276727047,1439.249917233413,1592.4969141518168,3000.0,3000.0,3000.0,1253.052372601465,1280.7043474201557,1340.2181276727047,1439.249917233413,1592.4969141518168,3000.0,3000.0,3000.0,1253.052372601465,1280.7043474201557,1340.2181276727047,1439.249917233413,1592.4969141518168,3000.0,3000.0,3000.0,1253.052372601465,1280.7043474201557,1340.2181276727047,1439.249917233413,1592.4969141518168,3000.0,3000.0,3000.0,1253.052372601465,1280.7043474201557,1340.2181276727047,1439.249917233413,1592.4969141518168,3000.0,3000.0,3000.0,1253.052372601465,1280.7043474201557,1340.2181276727047,1439.249917233413,1592.4969141518168,3000.0,3000.0,3000.0,1253.052372601465,1280.7043474201557,1340.2181276727047,1439.249917233413,1592.4969141518168,3000.0,3000.0,3000.0,1253.052372601465,1280.7043474201557,1340.2181276727047,1439.249917233413,1592.4969141518168,3000.0,3000.0,3000.0,3000.0,3000.0,3000.0,1447.5612500299308,1345.4743880566043,1283.6230158422131,1253.9892571386683,1253.052372601465,3000.0,3000.0,3000.0,1447.5612500299308,1345.4743880566043,1283.6230158422131,1253.9892571386683,1253.052372601465,3000.0,3000.0,3000.0,1447.5612500299308,1345.4743880566043,1283.6230158422131,1253.9892571386683,1253.052372601465,3000.0,3000.0,3000.0,1447.5612500299308,1345.4743880566043,1283.6230158422131,1253.9892571386683,1253.052372601465,3000.0,3000.0,3000.0,1447.5612500299308,1345.4743880566043,1283.6230158422131,1253.9892571386683,1253.052372601465,3000.0,3000.0,3000.0,1447.5612500299308,1345.4743880566043,1283.6230158422131,1253.9892571386683,1253.052372601465,3000.0,3000.0,3000.0,1447.5612500299308,1345.4743880566043,1283.6230158422131,1253.9892571386683,1253.052372601465,3000.0,3000.0,3000.0,1447.5612500299308,1345.4743880566043,1283.6230158422131,1253.9892571386683,1253.052372601465,3000.0,3000.0,3000.0,3000.0,3000.0,3000.0,3000.0,3000.0,3000.0,3000.0,3000.0,3000.0,3000.0,3000.0,3000.0,3000.0,3000.0,3000.0,3000.0,3000.0,3000.0,3000.0,3000.0,3000.0,3000.0,3000.0,3000.0,3000.0,3000.0,3000.0,3000.0,3000.0,3000.0,3000.0,3000.0,3000.0,3000.0,3000.0,3000.0,3000.0,3000.0,3000.0,3000.0,3000.0,3000.0,3000.0,3000.0,3000.0,3000.0,3000.0,3000.0,3000.0,3000.0,3000.0,3000.0,3000.0,3000.0,3000.0,3000.0,3000.0,3000.0,3000.0,3000.0,3000.0,3000.0,3000.0,3000.0,3000.0,3000.0,3000.0,3000.0,3000.0,3000.0,3000.0,3000.0,3000.0,3000.0,3000.0,3000.0,3000.0,3000.0,3000.0,3000.0,3000.0,3000.0,3000.0,3000.0,3000.0,3000.0,3000.0,3000.0,3000.0,3000.0,3000.0,3000.0,3000.0,3000.0,3000.0,3000.0,3000.0,3000.0,3000.0,3000.0,3000.0,3000.0,3000.0,3000.0,3000.0,3000.0,3000.0,3000.0,3000.0,3000.0,3000.0,3000.0,3000.0,3000.0,3000.0,3000.0,3000.0,3000.0,3000.0,3000.0,3000.0,3000.0,3000.0,3000.0,3000.0,3000.0,3000.0,3000.0,3000.0,3000.0,3000.0,3000.0,3000.0,3000.0,3000.0,3000.0,3000.0,3000.0,3000.0,3000.0,3000.0,3000.0,3000.0,3000.0,3000.0,3000.0,3000.0,3000.0,3000.0,3000.0,3000.0,3000.0,3000.0,3000.0,3000.0,3000.0,3000.0,3000.0,3000.0,3000.0,3000.0,3000.0,3000.0,3000.0,3000.0,3000.0,3000.0,3000.0,3000.0,3000.0,3000.0,3000.0,3000.0,3000.0,3000.0,3000.0,3000.0,3000.0,3000.0,3000.0,3000.0,3000.0,3000.0,3000.0,3000.0,3000.0,3000.0,3000.0,3000.0,3000.0,3000.0,3000.0,3000.0,3000.0,3000.0,3000.0,3000.0,3000.0,3000.0,3000.0,3000.0,3000.0,3000.0,3000.0,3000.0,3000.0,3000.0,3000.0,3000.0,3000.0,3000.0,3000.0,3000.0,3000.0,3000.0,3000.0,3000.0,3000.0,3000.0,3000.0,3000.0,3000.0,3000.0,3000.0,3000.0,3000.0,3000.0,3000.0,3000.0,3000.0,3000.0,3000.0,3000.0,3000.0,3000.0,3000.0,3000.0,3000.0,3000.0,3000.0,3000.0,3000.0,3000.0,3000.0,3000.0,3000.0,3000.0,3000.0,3000.0,3000.0,3000.0,3000.0,3000.0
9133,1262.2844656482723,1304.168755905046,1380.8321242485179,1502.7366239554365,3000.0,3000.0,3000.0,3000.0,1262.2844656482723,1304.168755905046,1380.8321242485179,1502.7366239554365,3000.0,3000.0,3000.0,3000.0,1262.2844656482723,1304.168755905046,1380.8321242485179,1502.7366239554365,3000.0,3000.0,3000.0,3000.0,1262.2844656482723,1304.168755905046,1380.8321242485179,1502.7366239554365,3000.0,3000.0,3000.0,3000.0,1262.2844656482723,1304.168755905046,1380.8321242485179,1502.7366239554365,3000.0,3000.0,3000.0,3000.0,1262.2844656482723,1304.168755905046,1380.8321242485179,1502.7366239554365,3000.0,3000.0,3000.0,3000.0,1262.2844656482723,1304.168755905046,1380.8321242485179,1502.7366239554365,3000.0,3000.0,3000.0,3000.0,1262.2844656482723,1304.168755905046,1380.8321242485179,1502.7366239554365,3000.0,3000.0,3000.0,3000.0,3000.0,3000.0,1523.3135018131409,1394.1605590060462,1312.2179668881338,1266.0853246547983,1250.0621693969445,1262.2844656482723,3000.0,3000.0,1523.3135018131409,1394.1605590060462,1312.2179668881338,1266.0853246547983,1250.0621693969445,1262.2844656482723,3000.0,3000.0,1523.3135018131409,1394.1605590060462,1312.2179668881338,1266.0853246547983,1250.0621693969445,1262.2844656482723,3000.0,3000.0,1523.3135018131409,1394.1605590060462,1312.2179668881338,1266.0853246547983,1250.0621693969445,1262.2844656482723,3000.0,3000.0,1523.3135018131409,1394.1605590060462,1312.2179668881338,1266.0853246547983,1250.0621693969445,1262.2844656482723,3000.0,3000.0,1523.3135018131409,1394.1605590060462,1312.2179668881338,1266.0853246547983,1250.0621693969445,1262.2844656482723,3000.0,3000.0,1523.3135018131409,1394.1605590060462,1312.2179668881338,1266.0853246547983,1250.0621693969445,1262.2844656482723,3000.0,3000.0,1523.3135018131409,1394.1605590060462,1312.2179668881338,1266.0853246547983,1250.0621693969445,1262.2844656482723,3000.0,3000.0,3000.0,3000.0,3000.0,3000.0,3000.0,3000.0,3000.0,3000.0,3000.0,3000.0,3000.0,3000.0,3000.0,3000.0,3000.0,3000.0,3000.0,3000.0,3000.0,3000.0,3000.0,3000.0,3000.0,3000.0,3000.0,3000.0,3000.0,3000.0,3000.0,3000.0,3000.0,3000.0,3000.0,3000.0,3000.0,3000.0,3000.0,3000.0,3000.0,3000.0,3000.0,3000.0,3000.0,3000.0,3000.0,3000.0,3000.0,3000.0,3000.0,3000.0,3000.0,3000.0,3000.0,3000.0,3000.0,3000.0,3000.0,3000.0,3000.0,3000.0,3000.0,3000.0,3000.0,3000.0,3000.0,3000.0,3000.0,3000.0,3000.0,3000.0,3000.0,3000.0,3000.0,3000.0,3000.0,3000.0,3000.0,3000.0,3000.0,3000.0,3000.0,3000.0,3000.0,3000.0,3000.0,3000.0,3000.0,3000.0,3000.0,3000.0,3000.0,3000.0,3000.0,3000.0,3000.0,3000.0,3000.0,3000.0,3000.0,3000.0,3000.0,3000.0,3000.0,3000.0,3000.0,3000.0,3000.0,3000.0,3000.0,3000.0,3000.0,3000.0,3000.0,3000.0,3000.0,3000.0,3000.0,3000.0,3000.0,3000.0,3000.0,3000.0,3000.0,3000.0,3000.0,3000.0,3000.0,3000.0,3000.0,3000.0,3000.0,3000.0,3000.0,3000.0,3000.0,3000.0,3000.0,3000.0,3000.0,3000.0,3000.0,3000.0,3000.0,3000.0,3000.0,3000.0,3000.0,3000.0,3000.0,3000.0,3000.0,3000.0,3000.0,3000.0,3000.0,3000.0,3000.0,3000.0,3000.0,3000.0,3000.0,3000.0,3000.0,3000.0,3000.0,3000.0,3000.0,3000.0,3000.0,3000.0,3000.0,3000.0,3000.0,3000.0,3000.0,3000.0,3000.0,3000.0,3000.0,3000.0,3000.0,3000.0,3000.0,3000.0,3000.0,3000.0,3000.0,3000.0,3000.0,3000.0,3000.0,3000.0,3000.0,3000.0,3000.0,3000.0,3000.0,3000.0,3000.0,3000.0,3000.0,3000.0,3000.0,3000.0,3000.0,3000.0,3000.0,3000.0,3000.0,3000.0,3000.0,3000.0,3000.0,3000.0,3000.0,3000.0,3000.0,3000.0,3000.0,3000.0,3000.0,3000.0,3000.0,3000.0,3000.0,3000.0,3000.0,3000.0,3000.0,3000.0,3000.0,3000.0,3000.0,3000.0,3000.0,3000.0,3000.0,3000.0,3000.0,3000.0,3000.0,3000.0,3000.0,3000.0,3000.0,3000.0,3000.0,3000.0,3000.0,3000.0,3000.0,3000.0,3000.0,3000.0
9200,1277.9257435812863,1335.135059801676,1431.1750211605283,1580.1362270115565,3000.0,3000.0,3000.0,3000.0,1277.9257435812863,1335.135059801676,1431.1750211605283,1580.1362270115565,3000.0,3000.0,3000.0,3000.0,1277.9257435812863,1335.135059801676,1431.1750211605283,1580.1362270115565,3000.0,3000.0,3000.0,3000.0,1277.9257435812863,1335.135059801676,1431.1750211605283,1580.1362270115565,3000.0,3000.0,3000.0,3000.0,1277.9257435812863,1335.135059801676,1431.1750211605283,1580.1362270115565,3000.0,3000.0,3000.0,3000.0,1277.9257435812863,1335.135059801676,1431.1750211605283,1580.1362270115565,3000.0,3000.0,3000.0,3000.0,1277.9257435812863,1335.135059801676,1431.1750211605283,1580.1362270115565,3000.0,3000.0,3000.0,3000.0,1277.9257435812863,1335.135059801676,1431.1750211605283,1580.1362270115565,3000.0,3000.0,3000.0,3000.0,3000.0,3000.0,1456.1148076815045,1350.906938787246,1286.6832913660537,1255.0524722739233,1252.2413495151081,1277.9257435812863,3000.0,3000.0,1456.1148076815045,1350.906938787246,1286.6832913660537,1255.0524722739233,1252.2413495151081,1277.9257435812863,3000.0,3000.0,1456.1148076815045,1350.906938787246,1286.6832913660537,1255.0524722739233,1252.2413495151081,1277.9257435812863,3000.0,3000.0,1456.1148076815045,1350.906938787246,1286.6832913660537,1255.0524722739233,1252.2413495151081,1277.9257435812863,3000.0,3000.0,1456.1148076815045,1350.906938787246,1286.6832913660537,1255.0524722739233,1252.2413495151081,1277.9257435812863,3000.0,3000.0,1456.1148076815045,1350.906938787246,1286.6832913660537,1255.0524722739233,1252.2413495151081,1277.9257435812863,3000.0,3000.0,1456.1148076815045,1350.906938787246,1286.6832913660537,1255.0524722739233,1252.2413495151081,1277.9257435812863,3000.0,3000.0,1456.1148076815045,1350.906938787246,1286.6832913660537,1255.0524722739233,1252.2413495151081,1277.9257435812863,3000.0,3000.0,3000.0,3000.0,3000.0,3000.0,3000.0,3000.0,3000.0,3000.0,3000.0,3000.0,3000.0,3000.0,3000.0,3000.0,3000.0,3000.0,3000.0,3000.0,3000.0,3000.0,3000.0,3000.0,3000.0,3000.0,3000.0,3000.0,3000.0,3000.0,3000.0,3000.0,3000.0,3000.0,3000.0,3000.0,3000.0,3000.0,3000.0,3000.0,3000.0,3000.0,3000.0,3000.0,3000.0,3000.0,3000.0,3000.0,3000.0,3000.0,3000.0,3000.0,3000.0,3000.0,3000.0,3000.0,3000.0,3000.0,3000.0,3000.0,3000.0,3000.0,3000.0,3000.0,3000.0,3000.0,3000.0,3000.0,3000.0,3000.0,3000.0,3000.0,3000.0,3000.0,3000.0,3000.0,3000.0,3000.0,3000.0,3000.0,3000.0,3000.0,3000.0,3000.0,3000.0,3000.0,3000.0,3000.0,3000.0,3000.0,3000.0,3000.0,3000.0,3000.0,3000.0,3000.0,3000.0,3000.0,3000.0,3000.0,3000.0,3000.0,3000.0,3000.0,3000.0,3000.0,3000.0,3000.0,3000.0,3000.0,3000.0,3000.0,3000.0,3000.0,3000.0,3000.0,3000.0,3000.0,3000.0,3000.0,3000.0,3000.0,3000.0,3000.0,3000.0,3000.0,3000.0,3000.0,3000.0,3000.0,3000.0,3000.0,3000.0,3000.0,3000.0,3000.0,3000.0,3000.0,3000.0,3000.0,3000.0,3000.0,3000.0,3000.0,3000.0,3000.0,3000.0,3000.0,3000.0,3000.0,3000.0,3000.0,3000.0,3000.0,3000.0,3000.0,3000.0,3000.0,3000.0,3000.0,3000.0,3000.0,3000.0,3000.0,3000.0,3000.0,3000.0,3000.0,3000.0,3000.0,3000.0,3000.0,3000.0,3000.0,3000.0,3000.0,3000.0,3000.0,3000.0,3000.0,3000.0,3000.0,3000.0,3000.0,3000.0,3000.0,3000.0,3000.0,3000.0,3000.0,3000.0,3000.0,3000.0,3000.0,3000.0,3000.0,3000.0,3000.0,3000.0,3000.0,3000.0,3000.0,3000.0,3000.0,3000.0,3000.0,3000.0,3000.0,3000.0,3000.0,3000.0,3000.0,3000.0,3000.0,3000.0,3000.0,3000.0,3000.0,3000.0,3000.0,3000.0,3000.0,3000.0,3000.0,3000.0,3000.0,3000.0,3000.0,3000.0,3000.0,3000.0,3000.0,3000.0,3000.0,3000.0,3000.0,3000.0,3000.0,3000.0,3000.0,3000.0,3000.0,3000.0,3000.0,3000.0,3000.0,3000.0,3000.0,3000.0,3000.0,3000.0,3000.0,3000.0,3000.0,3000.0,3000.0
9267,1300.3742948270028,1374.4667908026477,1492.875997540997,3000.0,3000.0,3000.0,3000.0,3000.0,1300.3742948270028,1374.4667908026477,1492.875997540997,3000.0,3000.0,3000.0,3000.0,3000.0,1300.3742948270028,1374.4667908026477,1492.875997540997,3000.0,3000.0,3000.0,3000.0,3000.0,1300.3742948270028,1374.4667908026477,1492.875997540997,3000.0,3000.0,3000.0,3000.0,3000.0,1300.3742948270028,1374.4667908026477,1492.875997540997,3000.0,3000.0,3000.0,3000.0,3000.0,1300.3742948270028,1374.4667908026477,1492.875997540997,3000.0,3000.0,3000.0,3000.0,3000.0,1300.3742948270028,1374.4667908026477,1492.875997540997,3000.0,3000.0,3000.0,3000.0,3000.0,1300.3742948270028,1374.4667908026477,1492.875997540997,3000.0,3000.0,3000.0,3000.0,3000.0,3000.0,1534.0457018004286,1401.1321364564137,1316.4771781750096,1268.1839461491397,1250.248708511741,1260.5802858571576,1300.3742948270028,3000.0,1534.0457018004286,1401.1321364564137,1316.4771781750096,1268.1839461491397,1250.248708511741,1260.5802858571576,1300.3742948270028,3000.0,1534.0457018004286,1401.1321364564137,1316.4771781750096,1268.1839461491397,1250.248708511741,1260.5802858571576,1300.3742948270028,3000.0,1534.0457018004286,1401.1321364564137,1316.4771781750096,1268.1839461491397,1250.248708511741,1260.5802858571576,1300.3742948270028,3000.0,1534.0457018004286,1401.1321364564137,1316.4771781750096,1268.1839461491397,1250.248708511741,1260.5802858571576,1300.3742948270028,3000.0,1534.0457018004286,1401.1321364564137,1316.4771781750096,1268.1839461491397,1250.248708511741,1260.5802858571576,1300.3742948270028,3000.0,1534.0457018004286,1401.1321364564137,1316.4771781750096,1268.1839461491397,1250.248708511741,1260.5802858571576,1300.3742948270028,3000.0,1534.0457018004286,1401.1321364564137,1316.4771781750096,1268.1839461491397,1250.248708511741,1260.5802858571576,1300.3742948270028,3000.0,3000.0,3000.0,3000.0,3000.0,3000.0,3000.0,3000.0,3000.0,3000.0,3000.0,3000.0,3000.0,3000.0,3000.0,3000.0,3000.0,3000.0,3000.0,3000.0,3000.0,3000.0,3000.0,3000.0,3000.0,3000.0,3000.0,3000.0,3000.0,3000.0,3000.0,3000.0,3000.0,3000.0,3000.0,3000.0,3000.0,3000.0,3000.0,3000.0,3000.0,3000.0,3000.0,3000.0,3000.0,3000.0,3000.0,3000.0,3000.0,3000.0,3000.0,3000.0,3000.0,3000.0,3000.0,3000.0,3000.0,3000.0,3000.0,3000.0,3000.0,3000.0,3000.0,3000.0,3000.0,3000.0,3000.0,3000.0,3000.0,3000.0,3000.0,3000.0,3000.0,3000.0,3000.0,3000.0,3000.0,3000.0,3000.0,3000.0,3000.0,3000.0,3000.0,3000.0,3000.0,3000.0,3000.0,3000.0,3000.0,3000.0,3000.0,3000.0,3000.0,3000.0,3000.0,3000.0,3000.0,3000.0,3000.0,3000.0,3000.0,3000.0,3000.0,3000.0,3000.0,3000.0,3000.0,3000.0,3000.0,3000.0,3000.0,3000.0,3000.0,3000.0,3000.0,3000.0,3000.0,3000.0,3000.0,3000.0,3000.0,3000.0,3000.0,3000.0,3000.0,3000.0,3000.0,3000.0,3000.0,3000.0,3000.0,3000.0,3000.0,3000.0,3000.0,3000.0,3000.0,3000.0,3000.0,3000.0,3000.0,3000.0,3000.0,3000.0,3000.0,3000.0,3000.0,3000.0,3000.0,3000.0,3000.0,3000.0,3000.0,3000.0,3000.0,3000.0,3000.0,3000.0,3000.0,3000.0,3000.0,3000.0,3000.0,3000.0,3000.0,3000.0,3000.0,3000.0,3000.0,3000.0,3000.0,3000.0,3000.0,3000.0,3000.0,3000.0,3000.0,3000.0,3000.0,3000.0,3000.0,3000.0,3000.0,3000.0,3000.0,3000.0,3000.0,3000.0,3000.0,3000.0,3000.0,3000.0,3000.0,3000.0,3000.0,3000.0,3000.0,3000.0,3000.0,3000.0,3000.0,3000.0,3000.0,3000.0,3000.0,3000.0,3000.0,3000.0,3000.0,3000.0,3000.0,3000.0,3000.0,3000.0,3000.0,3000.0,3000.0,3000.0,3000.0,3000.0,3000.0,3000.0,3000.0,3000.0,3000.0,3000.0,3000.0,3000.0,3000.0,3000.0,3000.0,3000.0,3000.0,3000.0,3000.0,3000.0,3000.0,3000.0,3000.0,3000.0,3000.0,3000.0,3000.0,3000.0,3000.0,3000.0,3000.0,3000.0,3000.0,3000.0,3000.0,3000.0,3000.0,3000.0,3000.0,3000.0
9333,1330.2222155948903,1423.3310111058304,1568.1207185425083,3000.0,3000.0,3000.0,3000.0,3000.0,1330.2222155948903,1423.3310111058304,1568.1207185425083,3000.0,3000.0,3000.0,3000.0,3000.0,1330.2222155948903,1423.3310111058304,1568.1207185425083,3000.0,3000.0,3000.0,3000.0,3000.0,1330.2222155948903,1423.3310111058304,1568.1207185425083,3000.0,3000.0,3000.0,3000.0,3000.0,1330.2222155948903,1423.3310111058304,1568.1207185425083,3000.0,3000.0,3000.0,3000.0,3000.0,1330.2222155948903,1423.3310111058304,1568.1207185425083,3000.0,3000.0,3000.0,3000.0,3000.0,1330.2222155948903,1423.3310111058304,1568.1207185425083,3000.0,3000.0,3000.0,3000.0,3000.0,1330.2222155948903,1423.3310111058304,1568.1207185425083,3000.0,3000.0,3000.0,3000.0,3000.0,3000.0,1464.9166268002627,1356.519011448767,1289.8868003232878,1256.2425514336148,1251.5557824364819,1275.2857435773587,1330.2222155948903,3000.0,1464.9166268002627,1356.519011448767,1289.8868003232878,1256.2425514336148,1251.5557824364819,1275.2857435773587,1330.2222155948903,3000.0,1464.9166268002627,1356.519011448767,1289.8868003232878,1256.2425514336148,1251.5557824364819,1275.2857435773587,1330.2222155948903,3000.0,1464.9166268002627,1356.519011448767,1289.8868003232878,1256.2425514336148,1251.5557824364819,1275.2857435773587,1330.2222155948903,3000.0,1464.9166268002627,1356.519011448767,1289.8868003232878,1256.2425514336148,1251.5557824364819,1275.2857435773587,1330.2222155948903,3000.0,1464.9166268002627,1356.519011448767,1289.8868003232878,1256.2425514336148,1251.5557824364819,1275.2857435773587,1330.2222155948903,3000.0,1464.9166268002627,1356.519011448767,1289.8868003232878,1256.2425514336148,1251.5557824364819,1275.2857435773587,1330.2222155948903,3000.0,1464.9166268002627,1356.519011448767,1289.8868003232878,1256.2425514336148,1251.5557824364819,1275.2857435773587,1330.2222155948903,3000.0,3000.0,3000.0,3000.0,3000.0,3000.0,3000.0,3000.0,3000.0,3000.0,3000.0,3000.0,3000.0,3000.0,3000.0,3000.0,3000.0,3000.0,3000.0,3000.0,3000.0,3000.0,3000.0,3000.0,3000.0,3000.0,3000.0,3000.0,3000.0,3000.0,3000.0,3000.0,3000.0,3000.0,3000.0,3000.0,3000.0,3000.0,3000.0,3000.0,3000.0,3000.0,3000.0,3000.0,3000.0,3000.0,3000.0,3000.0,3000.0,3000.0,3000.0,3000.0,3000.0,3000.0,3000.0,3000.0,3000.0,3000.0,3000.0,3000.0,3000.0,3000.0,3000.0,3000.0,3000.0,3000.0,3000.0,3000.0,3000.0,3000.0,3000.0,3000.0,3000.0,3000.0,3000.0,3000.0,3000.0,3000.0,3000.0,3000.0,3000.0,3000.0,3000.0,3000.0,3000.0,3000.0,3000.0,3000.0,3000.0,3000.0,3000.0,3000.0,3000.0,3000.0,3000.0,3000.0,3000.0,3000.0,3000.0,3000.0,3000.0,3000.0,3000.0,3000.0,3000.0,3000.0,3000.0,3000.0,3000.0,3000.0,3000.0,3000.0,3000.0,3000.0,3000.0,3000.0,3000.0,3000.0,3000.0,3000.0,3000.0,3000.0,3000.0,3000.0,3000.0,3000.0,3000.0,3000.0,3000.0,3000.0,3000.0,3000.0,3000.0,3000.0,3000.0,3000.0,3000.0,3000.0,3000.0,3000.0,3000.0,3000.0,3000.0,3000.0,3000.0,3000.0,3000.0,3000.0,3000.0,3000.0,3000.0,3000.0,3000.0,3000.0,3000.0,3000.0,3000.0,3000.0,3000.0,3000.0,3000.0,3000.0,3000.0,3000.0,3000.0,3000.0,3000.0,3000.0,3000.0,3000.0,3000.0,3000.0,3000.0,3000.0,3000.0,3000.0,3000.0,3000.0,3000.0,3000.0,3000.0,3000.0,3000.0,3000.0,3000.0,3000.0,3000.0,3000.0,3000.0,3000.0,3000.0,3000.0,3000.0,3000.0,3000.0,3000.0,3000.0,3000.0,3000.0,3000.0,3000.0,3000.0,3000.0,3000.0,3000.0,3000.0,3000.0,3000.0,3000.0,3000.0,3000.0,3000.0,3000.0,3000.0,3000.0,3000.0,3000.0,3000.0,3000.0,3000.0,3000.0,3000.0,3000.0,3000.0,3000.0,3000.0,3000.0,3000.0,3000.0,3000.0,3000.0,3000.0,3000.0,3000.0,3000.0,3000.0,3000.0,3000.0,3000.0,3000.0,3000.0,3000.0,3000.0,3000.0,3000.0,3000.0,3000.0,3000.0,3000.0,3000.0,3000.0,3000.0,3000.0,3000.0,3000.0,3000.0
9400,1368.295348132558,1483.290509347781,3000.0,3000.0,3000.0,3000.0,3000.0,3000.0,1368.295348132558,1483.290509347781,3000.0,3000.0,3000.0,3000.0,3000.0,3000.0,1368.295348132558,1483.290509347781,3000.0,3000.0,3000.0,3000.0,3000.0,3000.0,1368.295348132558,1483.290509347781,3000.0,3000.0,3000.0,3000.0,3000.0,3000.0,1368.295348132558,1483.290509347781,3000.0,3000.0,3000.0,3000.0,3000.0,3000.0,1368.295348132558,1483.290509347781,3000.0,3000.0,3000.0,3000.0,3000.0,3000.0,1368.295348132558,1483.290509347781,3000.0,3000.0,3000.0,3000.0,3000.0,3000.0,1368.295348132558,1483.290509347781,3000.0,3000.0,3000.0,3000.0,3000.0,3000.0,1545.0849718747384,1408.3145713744484,1320.8959408758728,1270.4161095310933,1250.5597101538165,1259.0057609440842,1296.7304560858968,1368.295348132558,1545.0849718747384,1408.3145713744484,1320.8959408758728,1270.4161095310933,1250.5597101538165,1259.0057609440842,1296.7304560858968,1368.295348132558,1545.0849718747384,1408.3145713744484,1320.8959408758728,1270.4161095310933,1250.5597101538165,1259.0057609440842,1296.7304560858968,1368.295348132558,1545.0849718747384,1408.3145713744484,1320.8959408758728,1270.4161095310933,1250.5597101538165,1259.0057609440842,1296.7304560858968,1368.295348132558,1545.0849718747384,1408.3145713744484,1320.8959408758728,1270.4161095310933,1250.5597101538165,1259.0057609440842,1296.7304560858968,1368.295348132558,1545.0849718747384,1408.3145713744484,1320.8959408758728,1270.4161095310933,1250.5597101538165,1259.0057609440842,1296.7304560858968,1368.295348132558,1545.0849718747384,1408.3145713744484,1320.8959408758728,1270.4161095310933,1250.5597101538165,1259.0057609440842,1296.7304560858968,1368.295348132558,1545.0849718747384,1408.3145713744484,1320.8959408758728,1270.4161095310933,1250.5597101538165,1259.0057609440842,1296.7304560858968,1368.295348132558,3000.0,3000.0,3000.0,3000.0,3000.0,3000.0,3000.0,1545.0849718747372,3000.0,3000.0,3000.0,3000.0,3000.0,3000.0,3000.0,1545.0849718747372,3000.0,3000.0,3000.0,3000.0,3000.0,3000.0,3000.0,1545.0849718747372,3000.0,3000.0,3000.0,3000.0,3000.0,3000.0,3000.0,1545.0849718747372,3000.0,3000.0,3000.0,3000.0,3000.0,3000.0,3000.0,1545.0849718747372,3000.0,3000.0,3000.0,3000.0,3000.0,3000.0,3000.0,1545.0849718747372,3000.0,3000.0,3000.0,3000.0,3000.0,3000.0,3000.0,1545.0849718747372,3000.0,3000.0,3000.0,3000.0,3000.0,3000.0,3000.0,1545.0849718747372,3000.0,3000.0,3000.0,3000.0,3000.0,3000.0,3000.0,3000.0,3000.0,3000.0,3000.0,3000.0,3000.0,3000.0,3000.0,3000.0,3000.0,3000.0,3000.0,3000.0,3000.0,3000.0,3000.0,3000.0,3000.0,3000.0,3000.0,3000.0,3000.0,3000.0,3000.0,3000.0,3000.0,3000.0,3000.0,3000.0,3000.0,3000.0,3000.0,3000.0,3000.0,3000.0,3000.0,3000.0,3000.0,3000.0,3000.0,3000.0,3000.0,3000.0,3000.0,3000.0,3000.0,3000.0,3000.0,3000.0,3000.0,3000.0,3000.0,3000.0,3000.0,3000.0,3000.0,3000.0,3000.0,3000.0,3000.0,3000.0,3000.0,3000.0,3000.0,3000.0,3000.0,3000.0,3000.0,3000.0,3000.0,3000.0,3000.0,3000.0,3000.0,3000.0,3000.0,3000.0,3000.0,3000.0,3000.0,3000.0,3000.0,3000.0,3000.0,3000.0,3000.0,3000.0,3000.0,3000.0,3000.0,3000.0,3000.0,3000.0,3000.0,3000.0,3000.0,3000.0,3000.0,3000.0,3000.0,3000.0,3000.0,3000.0,3000.0,3000.0,3000.0,3000.0,3000.0,3000.0,3000.0,3000.0,3000.0,3000.0,3000.0,3000.0,3000.0,3000.0,3000.0,3000.0,3000.0,3000.0,3000.0,3000.0,3000.0,3000.0,3000.0,3000.0,3000.0,3000.0,3000.0,3000.0,3000.0,3000.0,3000.0,3000.0,3000.0,3000.0,3000.0,3000.0,3000.0,3000.0,3000.0,3000.0,3000.0,3000.0,3000.0,3000.0,3000.0,3000.0,3000.0,3000.0,3000.0,3000.0,3000.0,3000.0,3000.0,3000.0,3000.0,3000.0,3000.0,3000.0,3000.0,3000.0,3000.0,3000.0,3000.0,3000.0,3000.0,3000.0,3000.0,3000.0,3000.0,3000.0,3000.0,3000.0,3000.0,3000.0,3000.0,3000.0,3000.0,3000.0,3000.0,3000.0,3000.0,3000.0
9467,1415.7125633612986,1556.4402098950745,3000.0,3000.0,3000.0,3000.0,3000.0,3000.0,1415.7125633612986,1556.4402098950745,3000.0,3000.0,3000.0,3000.0,3000.0,3000.0,1415.7125633612986,1556.4402098950745,3000.0,3000.0,3000.0,3000.0,3000.0,3000.0,1415.7125633612986,1556.4402098950745,3000.0,3000.0,3000.0,3000.0,3000.0,3000.0,1415.7125633612986,1556.4402098950745,3000.0,3000.0,3000.0,3000.0,3000.0,3000.0,1415.7125633612986,1556.4402098950745,3000.0,3000.0,3000.0,3000.0,3000.0,3000.0,1415.7125633612986,1556.4402098950745,3000.0,3000.0,3000.0,3000.0,3000.0,3000.0,1415.7125633612986,1556.4402098950745,3000.0,3000.0,3000.0,3000.0,3000.0,3000.0,1473.9730042026215,1362.3139764084056,1293.2352550290511,1257.560092979011,1250.9953291307672,1272.7829665104953,1325.4767506773255,1415.7125633612986,1473.9730042026215,1362.3139764084056,1293.2352550290511,1257.560092979011,1250.9953291307672,1272.7829665104953,1325.4767506773255,1415.7125633612986,1473.9730042026215,1362.3139764084056,1293.2352550290511,1257.560092979011,1250.9953291307672,1272.7829665104953,1325.4767506773255,1415.7125633612986,1473.9730042026215,1362.3139764084056,1293.2352550290511,1257.560092979011,1250.9953291307672,1272.7829665104953,1325.4767506773255,1415.7125633612986,1473.9730042026215,1362.3139764084056,1293.2352550290511,1257.560092979011,1250.9953291307672,1272.7829665104953,1325.4767506773255,1415.7125633612986,1473.9730042026215,1362.3139764084056,1293.2352550290511,1257.560092979011,1250.9953291307672,1272.7829665104953,1325.4767506773255,1415.7125633612986,1473.9730042026215,1362.3139764084056,1293.2352550290511,1257.560092979011,1250.9953291307672,1272.7829665104953,1325.4767506773255,1415.7125633612986,1473.9730042026215,1362.3139764084056,1293.2352550290511,1257.560092979011,1250.9953291307672,1272.7829665104953,1325.4767506773255,1415.7125633612986,3000.0,3000.0,3000.0,3000.0,3000.0,3000.0,3000.0,1473.9730042026204,3000.0,3000.0,3000.0,3000.0,3000.0,3000.0,3000.0,1473.9730042026204,3000.0,3000.0,3000.0,3000.0,3000.0,3000.0,3000.0,1473.9730042026204,3000.0,3000.0,3000.0,3000.0,3000.0,3000.0,3000.0,1473.9730042026204,3000.0,3000.0,3000.0,3000.0,3000.0,3000.0,3000.0,1473.9730042026204,3000.0,3000.0,3000.0,3000.0,3000.0,3000.0,3000.0,1473.9730042026204,3000.0,3000.0,3000.0,3000.0,3000.0,3000.0,3000.0,1473.9730042026204,3000.0,3000.0,3000.0,3000.0,3000.0,3000.0,3000.0,1473.9730042026204,3000.0,3000.0,3000.0,3000.0,3000.0,3000.0,3000.0,3000.0,3000.0,3000.0,3000.0,3000.0,3000.0,3000.0,3000.0,3000.0,3000.0,3000.0,3000.0,3000.0,3000.0,3000.0,3000.0,3000.0,3000.0,3000.0,3000.0,3000.0,3000.0,3000.0,3000.0,3000.0,3000.0,3000.0,3000.0,3000.0,3000.0,3000.0,3000.0,3000.0,3000.0,3000.0,3000.0,3000.0,3000.0,3000.0,3000.0,3000.0,3000.0,3000.0,3000.0,3000.0,3000.0,3000.0,3000.0,3000.0,3000.0,3000.0,3000.0,3000.0,3000.0,3000.0,3000.0,3000.0,3000.0,3000.0,3000.0,3000.0,3000.0,3000.0,3000.0,3000.0,3000.0,3000.0,3000.0,3000.0,3000.0,3000.0,3000.0,3000.0,3000.0,3000.0,3000.0,3000.0,3000.0,3000.0,3000.0,3000.0,3000.0,3000.0,3000.0,3000.0,3000.0,3000.0,3000.0,3000.0,3000.0,3000.0,3000.0,3000.0,3000.0,3000.0,3000.0,3000.0,3000.0,3000.0,3000.0,3000.0,3000.0,3000.0,3000.0,3000.0,3000.0,3000.0,3000.0,3000.0,3000.0,3000.0,3000.0,3000.0,3000.0,3000.0,3000.0,3000.0,3000.0,3000.0,3000.0,3000.0,3000.0,3000.0,3000.0,3000.0,3000.0,3000.0,3000.0,3000.0,3000.0,3000.0,3000.0,3000.0,3000.0,3000.0,3000.0,3000.0,3000.0,3000.0,3000.0,3000.0,3000.0,3000.0,3000.0,3000.0,3000.0,3000.0,3000.0,3000.0,3000.0,3000.0,3000.0,3000.0,3000.0,3000.0,3000.0,3000.0,3000.0,3000.0,3000.0,3000.0,3000.0,3000.0,3000.0,3000.0,3000.0,3000.0,3000.0,3000.0,3000.0,3000.0,3000.0,3000.0,3000.0,3000.0,3000.0,3000.0,3000.0,3000.0,3000.0,3000.0,3000.0,3000.0,3000.0,3000.0
9533,1473.9730042026194,3000.0,3000.0,3000.0,3000.0,3000.0,3000.0,3000.0,1473.9730042026194,3000.0,3000.0,3000.0,3000.0,3000.0,3000.0,3000.0,1473.9730042026194,3000.0,3000.0,3000.0,3000.0,3000.0,3000.0,3000.0,1473.9730042026194,3000.0,3000.0,3000.0,3000.0,3000.0,3000.0,3000.0,1473.9730042026194,3000.0,3000.0,3000.0,3000.0,3000.0,3000.0,3000.0,1473.9730042026194,3000.0,3000.0,3000.0,3000.0,3000.0,3000.0,3000.0,1473.9730042026194,3000.0,3000.0,3000.0,3000.0,3000.0,3000.0,3000.0,1473.9730042026194,3000.0,3000.0,3000.0,3000.0,3000.0,3000.0,3000.0,1415.7125633613005,1325.4767506773267,1272.782966510496,1250.9953291307672,1257.5600929790107,1293.2352550290504,1362.3139764084044,1473.9730042026194,1415.7125633613005,1325.4767506773267,1272.782966510496,1250.9953291307672,1257.5600929790107,1293.2352550290504,1362.3139764084044,1473.9730042026194,1415.7125633613005,1325.4767506773267,1272.782966510496,1250.9953291307672,1257.5600929790107,1293.2352550290504,1362.3139764084044,1473.9730042026194,1415.7125633613005,1325.4767506773267,1272.782966510496,1250.9953291307672,1257.5600929790107,1293.2352550290504,1362.3139764084044,1473.9730042026194,1415.7125633613005,1325.4767506773267,1272.782966510496,1250.9953291307672,1257.5600929790107,1293.2352550290504,1362.3139764084044,1473.9730042026194,1415.7125633613005,1325.4767506773267,1272.782966510496,1250.9953291307672,1257.5600929790107,1293.2352550290504,1362.3139764084044,1473.9730042026194,1415.7125633613005,1325.4767506773267,1272.782966510496,1250.9953291307672,1257.5600929790107,1293.2352550290504,1362.3139764084044,1473.9730042026194,1415.7125633613005,1325.4767506773267,1272.782966510496,1250.9953291307672,1257.5600929790107,1293.2352550290504,1362.3139764084044,1473.9730042026194,3000.0,3000.0,3000.0,3000.0,3000.0,3000.0,1556.4402098950761,1415.7125633612998,3000.0,3000.0,3000.0,3000.0,3000.0,3000.0,1556.4402098950761,1415.7125633612998,3000.0,3000.0,3000.0,3000.0,3000.0,3000.0,1556.4402098950761,1415.7125633612998,3000.0,3000.0,3000.0,3000.0,3000.0,3000.0,1556.4402098950761,1415.7125633612998,3000.0,3000.0,3000.0,3000.0,3000.0,3000.0,1556.4402098950761,1415.7125633612998,3000.0,3000.0,3000.0,3000.0,3000.0,3000.0,1556.4402098950761,1415.7125633612998,3000.0,3000.0,3000.0,3000.0,3000.0,3000.0,1556.4402098950761,1415.7125633612998,3000.0,3000.0,3000.0,3000.0,3000.0,3000.0,1556.4402098950761,1415.7125633612998,3000.0,3000.0,3000.0,3000.0,3000.0,3000.0,3000.0,3000.0,3000.0,3000.0,3000.0,3000.0,3000.0,3000.0,3000.0,3000.0,3000.0,3000.0,3000.0,3000.0,3000.0,3000.0,3000.0,3000.0,3000.0,3000.0,3000.0,3000.0,3000.0,3000.0,3000.0,3000.0,3000.0,3000.0,3000.0,3000.0,3000.0,3000.0,3000.0,3000.0,3000.0,3000.0,3000.0,3000.0,3000.0,3000.0,3000.0,3000.0,3000.0,3000.0,3000.0,3000.0,3000.0,3000.0,3000.0,3000.0,3000.0,3000.0,3000.0,3000.0,3000.0,3000.0,3000.0,3000.0,3000.0,3000.0,3000.0,3000.0,3000.0,3000.0,3000.0,3000.0,3000.0,3000.0,3000.0,3000.0,3000.0,3000.0,3000.0,3000.0,3000.0,3000.0,3000.0,3000.0,3000.0,3000.0,3000.0,3000.0,3000.0,3000.0,3000.0,3000.0,3000.0,3000.0,3000.0,3000.0,3000.0,3000.0,3000.0,3000.0,3000.0,3000.0,3000.0,3000.0,3000.0,3000.0,3000.0,3000.0,3000.0,3000.0,3000.0,3000.0,3000.0,3000.0,3000.0,3000.0,3000.0,3000.0,3000.0,3000.0,3000.0,3000.0,3000.0,3000.0,3000.0,3000.0,3000.0,3000.0,3000.0,3000.0,3000.0,3000.0,3000.0,3000.0,3000.0,3000.0,3000.0,3000.0,3000.0,3000.0,3000.0,3000.0,3000.0,3000.0,3000.0,3000.0,3000.0,3000.0,3000.0,3000.0,3000.0,3000.0,3000.0,3000.0,3000.0,3000.0,3000.0,3000.0,3000.0,3000.0,3000.0,3000.0,3000.0,3000.0,3000.0,3000.0,3000.0,3000.0,3000.0,3000.0,3000.0,3000.0,3000.0,3000.0,3000.0,3000.0,3000.0,3000.0,3000.0,3000.0,3000.0,3000.0,3000.0,3000.0,3000.0,3000.0,3000.0,3000.0,3000.0,3000.0,3000.0,3000.0
9600,1545.0849718747356,3000.0,3000.0,3000.0,3000.0,3000.0,3000.0,3000.0,1545.0849718747356,3000.0,3000.0,3000.0,3000.0,3000.0,3000.0,3000.0,1545.0849718747356,3000.0,3000.0,3000.0,3000.0,3000.0,3000.0,3000.0,1545.0849718747356,3000.0,3000.0,3000.0,3000.0,3000.0,3000.0,3000.0,1545.0849718747356,3000.0,3000.0,3000.0,3000.0,3000.0,3000.0,3000.0,1545.0849718747356,3000.0,3000.0,3000.0,3000.0,3000.0,3000.0,3000.0,1545.0849718747356,3000.0,3000.0,3000.0,3000.0,3000.0,3000.0,3000.0,1545.0849718747356,3000.0,3000.0,3000.0,3000.0,3000.0,3000.0,3000.0,1368.2953481325594,1296.7304560858975,1259.0057609440844,1250.5597101538162,1270.4161095310926,1320.8959408758717,1408.314571374447,1545.0849718747356,1368.2953481325594,1296.7304560858975,1259.0057609440844,1250.5597101538162,1270.4161095310926,1320.8959408758717,1408.314571374447,1545.0849718747356,1368.2953481325594,1296.7304560858975,1259.0057609440844,1250.5597101538162,1270.4161095310926,1320.8959408758717,1408.314571374447,1545.0849718747356,1368.2953481325594,1296.7304560858975,1259.0057609440844,1250.5597101538162,1270.4161095310926,1320.8959408758717,1408.314571374447,1545.0849718747356,1368.2953481325594,1296.7304560858975,1259.0057609440844,1250.5597101538162,1270.4161095310926,1320.8959408758717,1408.314571374447,1545.0849718747356,1368.2953481325594,1296.7304560858975,1259.0057609440844,1250.5597101538162,1270.4161095310926,1320.8959408758717,1408.314571374447,1545.0849718747356,1368.2953481325594,1296.7304560858975,1259.0057609440844,1250.5597101538162,1270.4161095310926,1320.8959408758717,1408.314571374447,1545.0849718747356,1368.2953481325594,1296.7304560858975,1259.0057609440844,1250.5597101538162,1270.4161095310926,1320.8959408758717,1408.314571374447,1545.0849718747356,3000.0,3000.0,3000.0,3000.0,3000.0,3000.0,1483.2905093477823,1368.295348132559,3000.0,3000.0,3000.0,3000.0,3000.0,3000.0,1483.2905093477823,1368.295348132559,3000.0,3000.0,3000.0,3000.0,3000.0,3000.0,1483.2905093477823,1368.295348132559,3000.0,3000.0,3000.0,3000.0,3000.0,3000.0,1483.2905093477823,1368.295348132559,3000.0,3000.0,3000.0,3000.0,3000.0,3000.0,1483.2905093477823,1368.295348132559,3000.0,3000.0,3000.0,3000.0,3000.0,3000.0,1483.2905093477823,1368.295348132559,3000.0,3000.0,3000.0,3000.0,3000.0,3000.0,1483.2905093477823,1368.295348132559,3000.0,3000.0,3000.0,3000.0,3000.0,3000.0,1483.2905093477823,1368.295348132559,3000.0,3000.0,3000.0,3000.0,3000.0,3000.0,3000.0,3000.0,3000.0,3000.0,3000.0,3000.0,3000.0,3000.0,3000.0,3000.0,3000.0,3000.0,3000.0,3000.0,3000.0,3000.0,3000.0,3000.0,3000.0,3000.0,3000.0,3000.0,3000.0,3000.0,3000.0,3000.0,3000.0,3000.0,3000.0,3000.0,3000.0,3000.0,3000.0,3000.0,3000.0,3000.0,3000.0,3000.0,3000.0,3000.0,3000.0,3000.0,3000.0,3000.0,3000.0,3000.0,3000.0,3000.0,3000.0,3000.0,3000.0,3000.0,3000.0,3000.0,3000.0,3000.0,3000.0,3000.0,3000.0,3000.0,3000.0,3000.0,3000.0,3000.0,3000.0,3000.0,3000.0,3000.0,3000.0,3000.0,3000.0,3000.0,3000.0,3000.0,3000.0,3000.0,3000.0,3000.0,3000.0,3000.0,3000.0,3000.0,3000.0,3000.0,3000.0,3000.0,3000.0,3000.0,3000.0,3000.0,3000.0,3000.0,3000.0,3000.0,3000.0,3000.0,3000.0,3000.0,3000.0,3000.0,3000.0,3000.0,3000.0,3000.0,3000.0,3000.0,3000.0,3000.0,3000.0,3000.0,3000.0,3000.0,3000.0,3000.0,3000.0,3000.0,3000.0,3000.0,3000.0,3000.0,3000.0,3000.0,3000.0,3000.0,3000.0,3000.0,3000.0,3000.0,3000.0,3000.0,3000.0,3000.0,3000.0,3000.0,3000.0,3000.0,3000.0,3000.0,3000.0,3000.0,3000.0,3000.0,3000.0,3000.0,3000.0,3000.0,3000.0,3000.0,3000.0,3000.0,3000.0,3000.0,3000.0,3000.0,3000.0,3000.0,3000.0,3000.0,3000.0,3000.0,3000.0,3000.0,3000.0,3000.0,3000.0,3000.0,3000.0,3000.0,3000.0,3000.0,3000.0,3000.0,3000.0,3000.0,3000.0,3000.0,3000.0,3000.0,3000.0,3000.0,3000.0,3000.0,3000.0,3000.0,3000.0,3000.0
9667,3000.0,3000.0,3000.0,3000.0,3000.0,3000.0,3000.0,3000.0,3000.0,3000.0,3000.0,3000.0,3000.0,3000.0,3000.0,3000.0,3000.0,3000.0,3000.0,3000.0,3000.0,3000.0,3000.0,3000.0,3000.0,3000.0,3000.0,3000.0,3000.0,3000.0,3000.0,3000.0,3000.0,3000.0,3000.0,3000.0,3000.0,3000.0,3000.0,3000.0,3000.0,3000.0,3000.0,3000.0,3000.0,3000.0,3000.0,3000.0,3000.0,3000.0,3000.0,3000.0,3000.0,3000.0,3000.0,3000.0,3000.0,3000.0,3000.0,3000.0,3000.0,3000.0,3000.0,3000.0,1330.222215594891,1275.2857435773592,1251.5557824364819,1256.2425514336148,1289.8868003232874,1356.5190114487662,1464.9166268002616,3000.0,1330.222215594891,1275.2857435773592,1251.5557824364819,1256.2425514336148,1289.8868003232874,1356.5190114487662,1464.9166268002616,3000.0,1330.222215594891,1275.2857435773592,1251.5557824364819,1256.2425514336148,1289.8868003232874,1356.5190114487662,1464.9166268002616,3000.0,1330.222215594891,1275.2857435773592,1251.5557824364819,1256.2425514336148,1289.8868003232874,1356.5190114487662,1464.9166268002616,3000.0,1330.222215594891,1275.2857435773592,1251.5557824364819,1256.2425514336148,1289.8868003232874,1356.5190114487662,1464.9166268002616,3000.0,1330.222215594891,1275.2857435773592,1251.5557824364819,1256.2425514336148,1289.8868003232874,1356.5190114487662,1464.9166268002616,3000.0,1330.222215594891,1275.2857435773592,1251.5557824364819,1256.2425514336148,1289.8868003232874,1356.5190114487662,1464.9166268002616,3000.0,1330.222215594891,1275.2857435773592,1251.5557824364819,1256.2425514336148,1289.8868003232874,1356.5190114487662,1464.9166268002616,3000.0,3000.0,3000.0,3000.0,3000.0,3000.0,1568.120718542509,1423.3310111058308,1330.2222155948907,3000.0,3000.0,3000.0,3000.0,3000.0,1568.120718542509,1423.3310111058308,1330.2222155948907,3000.0,3000.0,3000.0,3000.0,3000.0,1568.120718542509,1423.3310111058308,1330.2222155948907,3000.0,3000.0,3000.0,3000.0,3000.0,1568.120718542509,1423.3310111058308,1330.2222155948907,3000.0,3000.0,3000.0,3000.0,3000.0,1568.120718542509,1423.3310111058308,1330.2222155948907,3000.0,3000.0,3000.0,3000.0,3000.0,1568.120718542509,1423.3310111058308,1330.2222155948907,3000.0,3000.0,3000.0,3000.0,3000.0,1568.120718542509,1423.3310111058308,1330.2222155948907,3000.0,3000.0,3000.0,3000.0,3000.0,1568.120718542509,1423.3310111058308,1330.2222155948907,3000.0,3000.0,3000.0,3000.0,3000.0,3000.0,3000.0,3000.0,3000.0,3000.0,3000.0,3000.0,3000.0,3000.0,3000.0,3000.0,3000.0,3000.0,3000.0,3000.0,3000.0,3000.0,3000.0,3000.0,3000.0,3000.0,3000.0,3000.0,3000.0,3000.0,3000.0,3000.0,3000.0,3000.0,3000.0,3000.0,3000.0,3000.0,3000.0,3000.0,3000.0,3000.0,3000.0,3000.0,3000.0,3000.0,3000.0,3000.0,3000.0,3000.0,3000.0,3000.0,3000.0,3000.0,3000.0,3000.0,3000.0,3000.0,3000.0,3000.0,3000.0,3000.0,3000.0,3000.0,3000.0,3000.0,3000.0,3000.0,3000.0,3000.0,3000.0,3000.0,3000.0,3000.0,3000.0,3000.0,3000.0,3000.0,3000.0,3000.0,3000.0,3000.0,3000.0,3000.0,3000.0,3000.0,3000.0,3000.0,3000.0,3000.0,3000.0,3000.0,3000.0,3000.0,3000.0,3000.0,3000.0,3000.0,3000.0,3000.0,3000.0,3000.0,3000.0,3000.0,3000.0,3000.0,3000.0,3000.0,3000.0,3000.0,3000.0,3000.0,3000.0,3000.0,3000.0,3000.0,3000.0,3000.0,3000.0,3000.0,3000.0,3000.0,3000.0,3000.0,3000.0,3000.0,3000.0,3000.0,3000.0,3000.0,3000.0,3000.0,3000.0,3000.0,3000.0,3000.0,3000.0,3000.0,3000.0,3000.0,3000.0,3000.0,3000.0,3000.0,3000.0,3000.0,3000.0,3000.0,3000.0,3000.0,3000.0,3000.0,3000.0,3000.0,3000.0,3000.0,3000.0,3000.0,3000.0,3000.0,3000.0,3000.0,3000.0,3000.0,3000.0,3000.0,3000.0,3000.0,3000.0,3000.0,3000.0,3000.0,3000.0,3000.0,3000.0,3000.0,3000.0,3000.0,3000.0,3000.0,3000.0,3000.0,3000.0,3000.0,3000.0,3000.0,3000.0,3000.0,3000.0,3000.0,3000.0,3000.0
9733,3000.0,3000.0,3000.0,3000.0,3000.0,3000.0,3000.0,3000.0,3000.0,3000.0,3000.0,3000.0,3000.0,3000.0,3000.0,3000.0,3000.0,3000.0,3000.0,3000.0,3000.0,3000.0,3000.0,3000.0,3000.0,3000.0,3000.0,3000.0,3000.0,3000.0,3000.0,3000.0,3000.0,3000.0,3000.0,3000.0,3000.0,3000.0,3000.0,3000.0,3000.0,3000.0,3000.0,3000.0,3000.0,3000.0,3000.0,3000.0,3000.0,3000.0,3000.0,3000.0,3000.0,3000.0,3000.0,3000.0,3000.0,3000.0,3000.0,3000.0,3000.0,3000.0,3000.0,3000.0,1300.3742948270035,1260.5802858571578,1250.248708511741,1268.1839461491393,1316.4771781750087,1401.132136456412,1534.045701800426,3000.0,1300.3742948270035,1260.5802858571578,1250.248708511741,1268.1839461491393,1316.4771781750087,1401.132136456412,1534.045701800426,3000.0,1300.3742948270035,1260.5802858571578,1250.248708511741,1268.1839461491393,1316.4771781750087,1401.132136456412,1534.045701800426,3000.0,1300.3742948270035,1260.5802858571578,1250.248708511741,1268.1839461491393,1316.4771781750087,1401.132136456412,1534.045701800426,3000.0,1300.3742948270035,1260.5802858571578,1250.248708511741,1268.1839461491393,1316.4771781750087,1401.132136456412,1534.045701800426,3000.0,1300.3742948270035,1260.5802858571578,1250.248708511741,1268.1839461491393,1316.4771781750087,1401.132136456412,1534.045701800426,3000.0,1300.3742948270035,1260.5802858571578,1250.248708511741,1268.1839461491393,1316.4771781750087,1401.132136456412,1534.045701800426,3000.0,1300.3742948270035,1260.5802858571578,1250.248708511741,1268.1839461491393,1316.4771781750087,1401.132136456412,1534.045701800426,3000.0,3000.0,3000.0,3000.0,3000.0,3000.0,1492.8759975409985,1374.4667908026483,1300.3742948270033,3000.0,3000.0,3000.0,3000.0,3000.0,1492.8759975409985,1374.4667908026483,1300.3742948270033,3000.0,3000.0,3000.0,3000.0,3000.0,1492.8759975409985,1374.4667908026483,1300.3742948270033,3000.0,3000.0,3000.0,3000.0,3000.0,1492.8759975409985,1374.4667908026483,1300.3742948270033,3000.0,3000.0,3000.0,3000.0,3000.0,1492.8759975409985,1374.4667908026483,1300.3742948270033,3000.0,3000.0,3000.0,3000.0,3000.0,1492.8759975409985,1374.4667908026483,1300.3742948270033,3000.0,3000.0,3000.0,3000.0,3000.0,1492.8759975409985,1374.4667908026483,1300.3742948270033,3000.0,3000.0,3000.0,3000.0,3000.0,1492.8759975409985,1374.4667908026483,1300.3742948270033,3000.0,3000.0,3000.0,3000.0,3000.0,3000.0,3000.0,3000.0,3000.0,3000.0,3000.0,3000.0,3000.0,3000.0,3000.0,3000.0,3000.0,3000.0,3000.0,3000.0,3000.0,3000.0,3000.0,3000.0,3000.0,3000.0,3000.0,3000.0,3000.0,3000.0,3000.0,3000.0,3000.0,3000.0,3000.0,3000.0,3000.0,3000.0,3000.0,3000.0,3000.0,3000.0,3000.0,3000.0,3000.0,3000.0,3000.0,3000.0,3000.0,3000.0,3000.0,3000.0,3000.0,3000.0,3000.0,3000.0,3000.0,3000.0,3000.0,3000.0,3000.0,3000.0,3000.0,3000.0,3000.0,3000.0,3000.0,3000.0,3000.0,3000.0,3000.0,3000.0,3000.0,3000.0,3000.0,3000.0,3000.0,3000.0,3000.0,3000.0,3000.0,3000.0,3000.0,3000.0,3000.0,3000.0,3000.0,3000.0,3000.0,3000.0,3000.0,3000.0,3000.0,3000.0,3000.0,3000.0,3000.0,3000.0,3000.0,3000.0,3000.0,3000.0,3000.0,3000.0,3000.0,3000.0,3000.0,3000.0,3000.0,3000.0,3000.0,3000.0,3000.0,3000.0,3000.0,3000.0,3000.0,3000.0,3000.0,3000.0,3000.0,3000.0,3000.0,3000.0,3000.0,3000.0,3000.0,3000.0,3000.0,3000.0,3000.0,3000.0,3000.0,3000.0,3000.0,3000.0,3000.0,3000.0,3000.0,3000.0,3000.0,3000.0,3000.0,3000.0,3000.0,3000.0,3000.0,3000.0,3000.0,3000.0,3000.0,3000.0,3000.0,3000.0,3000.0,3000.0,3000.0,3000.0,3000.0,3000.0,3000.0,3000.0,3000.0,3000.0,3000.0,3000.0,3000.0,3000.0,3000.0,3000.0,3000.0,3000.0,3000.0,3000.0,3000.0,3000.0,3000.0,3000.0,3000.0,3000.0,3000.0,3000.0,3000.0,3000.0,3000.0,3000.0,3000.0,3000.0,3000.0,3000.0,3000.0,3000.0
9800,3000.0,3000.0,3000.0,3000.0,3000.0,3000.0,3000.0,3000.0,3000.0,3000.0,3000.0,3000.0,3000.0,3000.0,3000.0,3000.0,3000.0,3000.0,3000.0,3000.0,3000.0,3000.0,3000.0,3000.0,3000.0,3000.0,3000.0,3000.0,3000.0,3000.0,3000.0,3000.0,3000.0,3000.0,3000.0,3000.0,3000.0,3000.0,3000.0,3000.0,3000.0,3000.0,3000.0,3000.0,3000.0,3000.0,3000.0,3000.0,3000.0,3000.0,3000.0,3000.0,3000.0,3000.0,3000.0,3000.0,3000.0,3000.0,3000.0,3000.0,3000.0,3000.0,3000.0,3000.0,1277.9257435812865,1252.2413495151084,1255.0524722739233,1286.6832913660535,1350.9069387872455,1456.114807681504,3000.0,3000.0,1277.9257435812865,1252.2413495151084,1255.0524722739233,1286.6832913660535,1350.9069387872455,1456.114807681504,3000.0,3000.0,1277.9257435812865,1252.2413495151084,1255.0524722739233,1286.6832913660535,1350.9069387872455,1456.114807681504,3000.0,3000.0,1277.9257435812865,1252.2413495151084,1255.0524722739233,1286.6832913660535,1350.9069387872455,1456.114807681504,3000.0,3000.0,1277.9257435812865,1252.2413495151084,1255.0524722739233,1286.6832913660535,1350.9069387872455,1456.114807681504,3000.0,3000.0,1277.9257435812865,1252.2413495151084,1255.0524722739233,1286.6832913660535,1350.9069387872455,1456.114807681504,3000.0,3000.0,1277.9257435812865,1252.2413495151084,1255.0524722739233,1286.6832913660535,1350.9069387872455,1456.114807681504,3000.0,3000.0,1277.9257435812865,1252.2413495151084,1255.0524722739233,1286.6832913660535,1350.9069387872455,1456.114807681504,3000.0,3000.0,3000.0,3000.0,3000.0,3000.0,1580.136227011556,1431.175021160528,1335.1350598016759,1277.9257435812863,3000.0,3000.0,3000.0,3000.0,1580.136227011556,1431.175021160528,1335.1350598016759,1277.9257435812863,3000.0,3000.0,3000.0,3000.0,1580.136227011556,1431.175021160528,1335.1350598016759,1277.9257435812863,3000.0,3000.0,3000.0,3000.0,1580.136227011556,1431.175021160528,1335.1350598016759,1277.9257435812863,3000.0,3000.0,3000.0,3000.0,1580.136227011556,1431.175021160528,1335.1350598016759,1277.9257435812863,3000.0,3000.0,3000.0,3000.0,1580.136227011556,1431.175021160528,1335.1350598016759,1277.9257435812863,3000.0,3000.0,3000.0,3000.0,1580.136227011556,1431.175021160528,1335.1350598016759,1277.9257435812863,3000.0,3000.0,3000.0,3000.0,1580.136227011556,1431.175021160528,1335.1350598016759,1277.9257435812863,3000.0,3000.0,3000.0,3000.0,3000.0,3000.0,3000.0,3000.0,3000.0,3000.0,3000.0,3000.0,3000.0,3000.0,3000.0,3000.0,3000.0,3000.0,3000.0,3000.0,3000.0,3000.0,3000.0,3000.0,3000.0,3000.0,3000.0,3000.0,3000.0,3000.0,3000.0,3000.0,3000.0,3000.0,3000.0,3000.0,3000.0,3000.0,3000.0,3000.0,3000.0,3000.0,3000.0,3000.0,3000.0,3000.0,3000.0,3000.0,3000.0,3000.0,3000.0,3000.0,3000.0,3000.0,3000.0,3000.0,3000.0,3000.0,3000.0,3000.0,3000.0,3000.0,3000.0,3000.0,3000.0,3000.0,3000.0,3000.0,3000.0,3000.0,3000.0,3000.0,3000.0,3000.0,3000.0,3000.0,3000.0,3000.0,3000.0,3000.0,3000.0,3000.0,3000.0,3000.0,3000.0,3000.0,3000.0,3000.0,3000.0,3000.0,3000.0,3000.0,3000.0,3000.0,3000.0,3000.0,3000.0,3000.0,3000.0,3000.0,3000.0,3000.0,3000.0,3000.0,3000.0,3000.0,3000.0,3000.0,3000.0,3000.0,3000.0,3000.0,3000.0,3000.0,3000.0,3000.0,3000.0,3000.0,3000.0,3000.0,3000.0,3000.0,3000.0,3000.0,3000.0,3000.0,3000.0,3000.0,3000.0,3000.0,3000.0,3000.0,3000.0,3000.0,3000.0,3000.0,3000.0,3000.0,3000.0,3000.0,3000.0,3000.0,3000.0,3000.0,3000.0,3000.0,3000.0,3000.0,3000.0,3000.0,3000.0,3000.0,3000.0,3000.0,3000.0,3000.0,3000.0,3000.0,3000.0,3000.0,3000.0,3000.0,3000.0,3000.0,3000.0,3000.0,3000.0,3000.0,3000.0,3000.0,3000.0,3000.0,3000.0,3000.0,3000.0,3000.0,3000.0,3000.0,3000.0,3000.0,3000.0,3000.0,3000.0,3000.0,3000.0,3000.0,3000.0,3000.0,3000.0,3000.0,3000.0,3000.0
9867,3000.0,3000.0,3000.0,3000.0,3000.0,3000.0,3000.0,3000.0,3000.0,3000.0,3000.0,3000.0,3000.0,3000.0,3000.0,3000.0,3000.0,3000.0,3000.0,3000.0,3000.0,3000.0,3000.0,3000.0,3000.0,3000.0,3000.0,3000.0,3000.0,3000.0,3000.0,3000.0,3000.0,3000.0,3000.0,3000.0,3000.0,3000.0,3000.0,3000.0,3000.0,3000.0,3000.0,3000.0,3000.0,3000.0,3000.0,3000.0,3000.0,3000.0,3000.0,3000.0,3000.0,3000.0,3000.0,3000.0,3000.0,3000.0,3000.0,3000.0,3000.0,3000.0,3000.0,3000.0,1262.2844656482725,1250.0621693969445,1266.0853246547981,1312.2179668881338,1394.1605590060458,1523.3135018131402,3000.0,3000.0,1262.2844656482725,1250.0621693969445,1266.0853246547981,1312.2179668881338,1394.1605590060458,1523.3135018131402,3000.0,3000.0,1262.2844656482725,1250.0621693969445,1266.0853246547981,1312.2179668881338,1394.1605590060458,1523.3135018131402,3000.0,3000.0,1262.2844656482725,1250.0621693969445,1266.0853246547981,1312.2179668881338,1394.1605590060458,1523.3135018131402,3000.0,3000.0,1262.2844656482725,1250.0621693969445,1266.0853246547981,1312.2179668881338,1394.1605590060458,1523.3135018131402,3000.0,3000.0,1262.2844656482725,1250.0621693969445,1266.0853246547981,1312.2179668881338,1394.1605590060458,1523.3135018131402,3000.0,3000.0,1262.2844656482725,1250.0621693969445,1266.0853246547981,1312.2179668881338,1394.1605590060458,1523.3135018131402,3000.0,3000.0,1262.2844656482725,1250.0621693969445,1266.0853246547981,1312.2179668881338,1394.1605590060458,1523.3135018131402,3000.0,3000.0,3000.0,3000.0,3000.0,3000.0,1502.736623955436,1380.8321242485176,1304.1687559050458,1262.2844656482723,3000.0,3000.0,3000.0,3000.0,1502.736623955436,1380.8321242485176,1304.1687559050458,1262.2844656482723,3000.0,3000.0,3000.0,3000.0,1502.736623955436,1380.8321242485176,1304.1687559050458,1262.2844656482723,3000.0,3000.0,3000.0,3000.0,1502.736623955436,1380.8321242485176,1304.1687559050458,1262.2844656482723,3000.0,3000.0,3000.0,3000.0,1502.736623955436,1380.8321242485176,1304.1687559050458,1262.2844656482723,3000.0,3000.0,3000.0,3000.0,1502.736623955436,1380.8321242485176,1304.1687559050458,1262.2844656482723,3000.0,3000.0,3000.0,3000.0,1502.736623955436,1380.8321242485176,1304.1687559050458,1262.2844656482723,3000.0,3000.0,3000.0,3000.0,1502.736623955436,1380.8321242485176,1304.1687559050458,1262.2844656482723,3000.0,3000.0,3000.0,3000.0,3000.0,3000.0,3000.0,3000.0,3000.0,3000.0,3000.0,3000.0,3000.0,3000.0,3000.0,3000.0,3000.0,3000.0,3000.0,3000.0,3000.0,3000.0,3000.0,3000.0,3000.0,3000.0,3000.0,3000.0,3000.0,3000.0,3000.0,3000.0,3000.0,3000.0,3000.0,3000.0,3000.0,3000.0,3000.0,3000.0,3000.0,3000.0,3000.0,3000.0,3000.0,3000.0,3000.0,3000.0,3000.0,3000.0,3000.0,3000.0,3000.0,3000.0,3000.0,3000.0,3000.0,3000.0,3000.0,3000.0,3000.0,3000.0,3000.0,3000.0,3000.0,3000.0,3000.0,3000.0,3000.0,3000.0,3000.0,3000.0,3000.0,3000.0,3000.0,3000.0,3000.0,3000.0,3000.0,3000.0,3000.0,3000.0,3000.0,3000.0,3000.0,3000.0,3000.0,3000.0,3000.0,3000.0,3000.0,3000.0,3000.0,3000.0,3000.0,3000.0,3000.0,3000.0,3000.0,3000.0,3000.0,3000.0,3000.0,3000.0,3000.0,3000.0,3000.0,3000.0,3000.0,3000.0,3000.0,3000.0,3000.0,3000.0,3000.0,3000.0,3000.0,3000.0,3000.0,3000.0,3000.0,3000.0,3000.0,3000.0,3000.0,3000.0,3000.0,3000.0,3000.0,3000.0,3000.0,3000.0,3000.0,3000.0,3000.0,3000.0,3000.0,3000.0,3000.0,3000.0,3000.0,3000.0,3000.0,3000.0,3000.0,3000.0,3000.0,3000.0,3000.0,3000.0,3000.0,3000.0,3000.0,3000.0,3000.0,3000.0,3000.0,3000.0,3000.0,3000.0,3000.0,3000.0,3000.0,3000.0,3000.0,3000.0,3000.0,3000.0,3000.0,3000.0,3000.0,3000.0,3000.0,3000.0,3000.0,3000.0,3000.0,3000.0,3000.0,3000.0,3000.0,3000.0,3000.0,3000.0,3000.0,3000.0,3000.0,3000.0,3000.0,3000.0,3000.0,3000.0
9933,3000.0,3000.0,3000.0,3000.0,3000.0,3000.0,3000.0,3000.0,3000.0,3000.0,3000.0,3000.0,3000.0,3000.0,3000.0,3000.0,3000.0,3000.0,3000.0,3000.0,3000.0,3000.0,3000.0,3000.0,3000.0,3000.0,3000.0,3000.0,3000.0,3000.0,3000.0,3000.0,3000.0,3000.0,3000.0,3000.0,3000.0,3000.0,3000.0,3000.0,3000.0,3000.0,3000.0,3000.0,3000.0,3000.0,3000.0,3000.0,3000.0,3000.0,3000.0,3000.0,3000.0,3000.0,3000.0,3000.0,3000.0,3000.0,3000.0,3000.0,3000.0,3000.0,3000.0,3000.0,1253.0523726014653,1253.989257138668,1283.623015842213,1345.4743880566039,1447.56125002993,3000.0,3000.0,3000.0,1253.0523726014653,1253.989257138668,1283.623015842213,1345.4743880566039,1447.56125002993,3000.0,3000.0,3000.0,1253.0523726014653,1253.989257138668,1283.623015842213,1345.4743880566039,1447.56125002993,3000.0,3000.0,3000.0,1253.0523726014653,1253.989257138668,1283.623015842213,1345.4743880566039,1447.56125002993,3000.0,3000.0,3000.0,1253.0523726014653,1253.989257138668,1283.623015842213,1345.4743880566039,1447.56125002993,3000.0,3000.0,3000.0,1253.0523726014653,1253.989257138668,1283.623015842213,1345.4743880566039,1447.56125002993,3000.0,3000.0,3000.0,1253.0523726014653,1253.989257138668,1283.623015842213,1345.4743880566039,1447.56125002993,3000.0,3000.0,3000.0,1253.0523726014653,1253.989257138668,1283.623015842213,1345.4743880566039,1447.56125002993,3000.0,3000.0,3000.0,3000.0,3000.0,3000.0,1592.4969141518163,1439.249917233413,1340.2181276727044,1280.7043474201555,1253.052372601465,3000.0,3000.0,3000.0,1592.4969141518163,1439.249917233413,1340.2181276727044,1280.7043474201555,1253.052372601465,3000.0,3000.0,3000.0,1592.4969141518163,1439.249917233413,1340.2181276727044,1280.7043474201555,1253.052372601465,3000.0,3000.0,3000.0,1592.4969141518163,1439.249917233413,1340.2181276727044,1280.7043474201555,1253.052372601465,3000.0,3000.0,3000.0,1592.4969141518163,1439.249917233413,1340.2181276727044,1280.7043474201555,1253.052372601465,3000.0,3000.0,3000.0,1592.4969141518163,1439.249917233413,1340.2181276727044,1280.7043474201555,1253.052372601465,3000.0,3000.0,3000.0,1592.4969141518163,1439.249917233413,1340.2181276727044,1280.7043474201555,1253.052372601465,3000.0,3000.0,3000.0,1592.4969141518163,1439.249917233413,1340.2181276727044,1280.7043474201555,1253.052372601465,3000.0,3000.0,3000.0,3000.0,3000.0,3000.0,3000.0,3000.0,3000.0,3000.0,3000.0,3000.0,3000.0,3000.0,3000.0,3000.0,3000.0,3000.0,3000.0,3000.0,3000.0,3000.0,3000.0,3000.0,3000.0,3000.0,3000.0,3000.0,3000.0,3000.0,3000.0,3000.0,3000.0,3000.0,3000.0,3000.0,3000.0,3000.0,3000.0,3000.0,3000.0,3000.0,3000.0,3000.0,3000.0,3000.0,3000.0,3000.0,3000.0,3000.0,3000.0,3000.0,3000.0,3000.0,3000.0,3000.0,3000.0,3000.0,3000.0,3000.0,3000.0,3000.0,3000.0,3000.0,3000.0,3000.0,3000.0,3000.0,3000.0,3000.0,3000.0,3000.0,3000.0,3000.0,3000.0,3000.0,3000.0,3000.0,3000.0,3000.0,3000.0,3000.0,3000.0,3000.0,3000.0,3000.0,3000.0,3000.0,3000.0,3000.0,3000.0,3000.0,3000.0,3000.0,3000.0,3000.0,3000.0,3000.0,3000.0,3000.0,3000.0,3000.0,3000.0,3000.0,3000.0,3000.0,3000.0,3000.0,3000.0,3000.0,3000.0,3000.0,3000.0,3000.0,3000.0,3000.0,3000.0,3000.0,3000.0,3000.0,3000.0,3000.0,3000.0,3000.0,3000.0,3000.0,3000.0,3000.0,3000.0,3000.0,3000.0,3000.0,3000.0,3000.0,3000.0,3000.0,3000.0,3000.0,3000.0,3000.0,3000.0,3000.0,3000.0,3000.0,3000.0,3000.0,3000.0,3000.0,3000.0,3000.0,3000.0,3000.0,3000.0,3000.0,3000.0,3000.0,3000.0,3000.0,3000.0,3000.0,3000.0,3000.0,3000.0,3000.0,3000.0,3000.0,3000.0,3000.0,3000.0,3000.0,3000.0,3000.0,3000.0,3000.0,3000.0,3000.0,3000.0,3000.0,3000.0,3000.0,3000.0,3000.0,3000.0,3000.0,3000.0,3000.0,3000.0,3000.0,3000.0,3000.0,3000.0,3000.0
10000,3000.0,3000.0,3000.0,3000.0,3000.0,3000.0,3000.0,3000.0,3000.0,3000.0,3000.0,3000.0,3000.0,3000.0,3000.0,3000.0,3000.0,3000.0,3000.0,3000.0,3000.0,3000.0,3000.0,3000.0,3000.0,3000.0,3000.0,3000.0,3000.0,3000.0,3000.0,3000.0,3000.0,3000.0,3000.0,3000.0,3000.0,3000.0,3000.0,3000.0,3000.0,3000.0,3000.0,3000.0,3000.0,3000.0,3000.0,3000.0,3000.0,3000.0,3000.0,3000.0,3000.0,3000.0,3000.0,3000.0,3000.0,3000.0,3000.0,3000.0,3000.0,3000.0,3000.0,3000.0,1250.0,1264.119166644397,1308.1159200335728,1387.395330218428,1512.8798585309892,3000.0,3000.0,3000.0,1250.0,1264.119166644397,1308.1159200335728,1387.395330218428,1512.8798585309892,3000.0,3000.0,3000.0,1250.0,1264.119166644397,1308.1159200335728,1387.395330218428,1512.8798585309892,3000.0,3000.0,3000.0,1250.0,1264.119166644397,1308.1159200335728,1387.395330218428,1512.8798585309892,3000.0,3000.0,3000.0,1250.0,1264.119166644397,1308.1159200335728,1387.395330218428,1512.8798585309892,3000.0,3000.0,3000.0,1250.0,1264.119166644397,1308.1159200335728,1387.395330218428,1512.8798585309892,3000.0,3000.0,3000.0,1250.0,1264.119166644397,1308.1159200335728,1387.395330218428,1512.8798585309892,3000.0,3000.0,3000.0,1250.0,1264.119166644397,1308.1159200335728,1387.395330218428,1512.8798585309892,3000.0,3000.0,3000.0,3000.0,3000.0,3000.0,1512.879858530989,1387.3953302184277,1308.1159200335726,1264.119166644397,1250.0,3000.0,3000.0,3000.0,1512.879858530989,1387.3953302184277,1308.1159200335726,1264.119166644397,1250.0,3000.0,3000.0,3000.0,1512.879858530989,1387.3953302184277,1308.1159200335726,1264.119166644397,1250.0,3000.0,3000.0,3000.0,1512.879858530989,1387.3953302184277,1308.1159200335726,1264.119166644397,1250.0,3000.0,3000.0,3000.0,1512.879858530989,1387.3953302184277,1308.1159200335726,1264.119166644397,1250.0,3000.0,3000.0,3000.0,1512.879858530989,1387.3953302184277,1308.1159200335726,1264.119166644397,1250.0,3000.0,3000.0,3000.0,1512.879858530989,1387.3953302184277,1308.1159200335726,1264.119166644397,1250.0,3000.0,3000.0,3000.0,1512.879858530989,1387.3953302184277,1308.1159200335726,1264.119166644397,1250.0,3000.0,3000.0,3000.0,3000.0,3000.0,3000.0,3000.0,3000.0,3000.0,3000.0,3000.0,3000.0,3000.0,3000.0,3000.0,3000.0,3000.0,3000.0,3000.0,3000.0,3000.0,3000.0,3000.0,3000.0,3000.0,3000.0,3000.0,3000.0,3000.0,3000.0,3000.0,3000.0,3000.0,3000.0,3000.0,3000.0,3000.0,3000.0,3000.0,3000.0,3000.0,3000.0,3000.0,3000.0,3000.0,3000.0,3000.0,3000.0,3000.0,3000.0,3000.0,3000.0,3000.0,3000.0,3000.0,3000.0,3000.0,3000.0,3000.0,3000.0,3000.0,3000.0,3000.0,3000.0,3000.0,3000.0,3000.0,3000.0,3000.0,3000.0,3000.0,3000.0,3000.0,3000.0,3000.0,3000.0,3000.0,3000.0,3000.0,3000.0,3000.0,3000.0,3000.0,3000.0,3000.0,3000.0,3000.0,3000.0,3000.0,3000.0,3000.0,3000.0,3000.0,3000.0,3000.0,3000.0,3000.0,3000.0,3000.0,3000.0,3000.0,3000.0,3000.0,3000.0,3000.0,3000.0,3000.0,3000.0,3000.0,3000.0,3000.0,3000.0,3000.0,3000.0,3000.0,3000.0,3000.0,3000.0,3000.0,3000.0,3000.0,3000.0,3000.0,3000.0,3000.0,3000.0,3000.0,3000.0,3000.0,3000.0,3000.0,3000.0,3000.0,3000.0,3000.0,3000.0,3000.0,3000.0,3000.0,3000.0,3000.0,3000.0,3000.0,3000.0,3000.0,3000.0,3000.0,3000.0,3000.0,3000.0,3000.0,3000.0,3000.0,3000.0,3000.0,3000.0,3000.0,3000.0,3000.0,3000.0,3000.0,3000.0,3000.0,3000.0,3000.0,3000.0,3000.0,3000.0,3000.0,3000.0,3000.0,3000.0,3000.0,3000.0,3000.0,3000.0,3000.0,3000.0,3000.0,3000.0,3000.0,3000.0,3000.0,3000.0,3000.0,3000.0,3000.0,3000.0,3000.0,3000.0,3000.0,3000.0
10067,3000.0,3000.0,3000.0,3000.0,3000.0,3000.0,3000.0,3000.0,3000.0,3000.0,3000.0,3000.0,3000.0,3000.0,3000.0,3000.0,3000.0,3000.0,3000.0,3000.0,3000.0,3000.0,3000.0,3000.0,3000.0,3000.0,3000.0,3000.0,3000.0,3000.0,3000.0,3000.0,3000.0,3000.0,3000.0,3000.0,3000.0,3000.0,3000.0,3000.0,3000.0,3000.0,3000.0,3000.0,3000.0,3000.0,3000.0,3000.0,3000.0,3000.0,3000.0,3000.0,3000.0,3000.0,3000.0,3000.0,3000.0,3000.0,3000.0,3000.0,3000.0,3000.0,3000.0,3000.0,1253.052372601465,1280.7043474201555,1340.2181276727042,1439.2499172334124,1592.4969141518159,3000.0,3000.0,3000.0,1253.052372601465,1280.7043474201555,1340.2181276727042,1439.2499172334124,1592.4969141518159,3000.0,3000.0,3000.0,1253.052372601465,1280.7043474201555,1340.2181276727042,1439.2499172334124,1592.4969141518159,3000.0,3000.0,3000.0,1253.052372601465,1280.7043474201555,1340.2181276727042,1439.2499172334124,1592.4969141518159,3000.0,3000.0,3000.0,1253.052372601465,1280.7043474201555,1340.2181276727042,1439.2499172334124,1592.4969141518159,3000.0,3000.0,3000.0,1253.052372601465,1280.7043474201555,1340.2181276727042,1439.2499172334124,1592.4969141518159,3000.0,3000.0,3000.0,1253.052372601465,1280.7043474201555,1340.2181276727042,1439.2499172334124,1592.4969141518159,3000.0,3000.0,3000.0,1253.052372601465,1280.7043474201555,1340.2181276727042,1439.2499172334124,1592.4969141518159,3000.0,3000.0,3000.0,3000.0,3000.0,3000.0,1447.5612500299308,1345.4743880566043,1283.6230158422131,1253.9892571386683,1253.052372601465,3000.0,3000.0,3000.0,1447.5612500299308,1345.4743880566043,1283.6230158422131,1253.9892571386683,1253.052372601465,3000.0,3000.0,3000.0,1447.5612500299308,1345.4743880566043,1283.6230158422131,1253.9892571386683,1253.052372601465,3000.0,3000.0,3000.0,1447.5612500299308,1345.4743880566043,1283.6230158422131,1253.9892571386683,1253.052372601465,3000.0,3000.0,3000.0,1447.5612500299308,1345.4743880566043,1283.6230158422131,1253.9892571386683,1253.052372601465,3000.0,3000.0,3000.0,1447.5612500299308,1345.4743880566043,1283.6230158422131,1253.9892571386683,1253.052372601465,3000.0,3000.0,3000.0,1447.5612500299308,1345.4743880566043,1283.6230158422131,1253.9892571386683,1253.052372601465,3000.0,3000.0,3000.0,1447.5612500299308,1345.4743880566043,1283.6230158422131,1253.9892571386683,1253.052372601465,3000.0,3000.0,3000.0,3000.0,3000.0,3000.0,3000.0,3000.0,3000.0,3000.0,3000.0,3000.0,3000.0,3000.0,3000.0,3000.0,3000.0,3000.0,3000.0,3000.0,3000.0,3000.0,3000.0,3000.0,3000.0,3000.0,3000.0,3000.0,3000.0,3000.0,3000.0,3000.0,3000.0,3000.0,3000.0,3000.0,3000.0,3000.0,3000.0,3000.0,3000.0,3000.0,3000.0,3000.0,3000.0,3000.0,3000.0,3000.0,3000.0,3000.0,3000.0,3000.0,3000.0,3000.0,3000.0,3000.0,3000.0,3000.0,3000.0,3000.0,3000.0,3000.0,3000.0,3000.0,3000.0,3000.0,3000.0,3000.0,3000.0,3000.0,3000.0,3000.0,3000.0,3000.0,3000.0,3000.0,3000.0,3000.0,3000.0,3000.0,3000.0,3000.0,3000.0,3000.0,3000.0,3000.0,3000.0,3000.0,3000.0,3000.0,3000.0,3000.0,3000.0,3000.0,3000.0,3000.0,3000.0,3000.0,3000.0,3000.0,3000.0,3000.0,3000.0,3000.0,3000.0,3000.0,3000.0,3000.0,3000.0,3000.0,3000.0,3000.0,3000.0,3000.0,3000.0,3000.0,3000.0,3000.0,3000.0,3000.0,3000.0,3000.0,3000.0,3000.0,3000.0,3000.0,3000.0,3000.0,3000.0,3000.0,3000.0,3000.0,3000.0,3000.0,3000.0,3000.0,3000.0,3000.0,3000.0,3000.0,3000.0,3000.0,3000.0,3000.0,3000.0,3000.0,3000.0,3000.0,3000.0,3000.0,3000.0,3000.0,3000.0,3000.0,3000.0,3000.0,3000.0,3000.0,3000.0,3000.0,3000.0,3000.0,3000.0,3000.0,3000.0,3000.0,3000.0,3000.0,3000.0,3000.0,3000.0,3000.0,3000.0,3000.0,3000.0,3000.0,3000.0,3000.0,3000.0,3000.0,3000.0,3000.0,3000.0,3000.0,3000.0,3000.0,3000.0,3000.0,3000.0,3000.0,3000.0,3000.0
10133,3000.0,3000.0,3000.0,3000.0,3000.0,3000.0,3000.0,3000.0,3000.0,3000.0,3000.0,3000.0,3000.0,3000.0,3000.0,3000.0,3000.0,3000.0,3000.0,3000.0,3000.0,3000.0,3000.0,3000.0,3000.0,3000.0,3000.0,3000.0,3000.0,3000.0,3000.0,3000.0,3000.0,3000.0,3000.0,3000.0,3000.0,3000.0,3000.0,3000.0,3000.0,3000.0,3000.0,3000.0,3000.0,3000.0,3000.0,3000.0,3000.0,3000.0,3000.0,3000.0,3000.0,3000.0,3000.0,3000.0,3000.0,3000.0,3000.0,3000.0,3000.0,3000.0,3000.0,3000.0,1262.2844656482723,1304.168755905046,1380.8321242485179,1502.7366239554365,3000.0,3000.0,3000.0,3000.0,1262.2844656482723,1304.168755905046,1380.8321242485179,1502.7366239554365,3000.0,3000.0,3000.0,3000.0,1262.2844656482723,1304.168755905046,1380.8321242485179,1502.7366239554365,3000.0,3000.0,3000.0,3000.0,1262.2844656482723,1304.168755905046,1380.8321242485179,1502.7366239554365,3000.0,3000.0,3000.0,3000.0,1262.2844656482723,1304.168755905046,1380.8321242485179,1502.7366239554365,3000.0,3000.0,3000.0,3000.0,1262.2844656482723,1304.168755905046,1380.8321242485179,1502.7366239554365,3000.0,3000.0,3000.0,3000.0,1262.2844656482723,1304.168755905046,1380.8321242485179,1502.7366239554365,3000.0,3000.0,3000.0,3000.0,1262.2844656482723,1304.168755905046,1380.8321242485179,1502.7366239554365,3000.0,3000.0,3000.0,3000.0,3000.0,3000.0,1523.3135018131397,1394.1605590060456,1312.2179668881336,1266.0853246547981,1250.0621693969445,1262.2844656482725,3000.0,3000.0,1523.3135018131397,1394.1605590060456,1312.2179668881336,1266.0853246547981,1250.0621693969445,1262.2844656482725,3000.0,3000.0,1523.3135018131397,1394.1605590060456,1312.2179668881336,1266.0853246547981,1250.0621693969445,1262.2844656482725,3000.0,3000.0,1523.3135018131397,1394.1605590060456,1312.2179668881336,1266.0853246547981,1250.0621693969445,1262.2844656482725,3000.0,3000.0,1523.3135018131397,1394.1605590060456,1312.2179668881336,1266.0853246547981,1250.0621693969445,1262.2844656482725,3000.0,3000.0,1523.3135018131397,1394.1605590060456,1312.2179668881336,1266.0853246547981,1250.0621693969445,1262.2844656482725,3000.0,3000.0,1523.3135018131397,1394.1605590060456,1312.2179668881336,1266.0853246547981,1250.0621693969445,1262.2844656482725,3000.0,3000.0,1523.3135018131397,1394.1605590060456,1312.2179668881336,1266.0853246547981,1250.0621693969445,1262.2844656482725,3000.0,3000.0,3000.0,3000.0,3000.0,3000.0,3000.0,3000.0,3000.0,3000.0,3000.0,3000.0,3000.0,3000.0,3000.0,3000.0,3000.0,3000.0,3000.0,3000.0,3000.0,3000.0,3000.0,3000.0,3000.0,3000.0,3000.0,3000.0,3000.0,3000.0,3000.0,3000.0,3000.0,3000.0,3000.0,3000.0,3000.0,3000.0,3000.0,3000.0,3000.0,3000.0,3000.0,3000.0,3000.0,3000.0,3000.0,3000.0,3000.0,3000.0,3000.0,3000.0,3000.0,3000.0,3000.0,3000.0,3000.0,3000.0,3000.0,3000.0,3000.0,3000.0,3000.0,3000.0,3000.0,3000.0,3000.0,3000.0,3000.0,3000.0,3000.0,3000.0,3000.0,3000.0,3000.0,3000.0,3000.0,3000.0,3000.0,3000.0,3000.0,3000.0,3000.0,3000.0,3000.0,3000.0,3000.0,3000.0,3000.0,3000.0,3000.0,3000.0,3000.0,3000.0,3000.0,3000.0,3000.0,3000.0,3000.0,3000.0,3000.0,3000.0,3000.0,3000.0,3000.0,3000.0,3000.0,3000.0,3000.0,3000.0,3000.0,3000.0,3000.0,3000.0,3000.0,3000.0,3000.0,3000.0,3000.0,3000.0,3000.0,3000.0,3000.0,3000.0,3000.0,3000.0,3000.0,3000.0,3000.0,3000.0,3000.0,3000.0,3000.0,3000.0,3000.0,3000.0,3000.0,3000.0,3000.0,3000.0,3000.0,3000.0,3000.0,3000.0,3000.0,3000.0,3000.0,3000.0,3000.0,3000.0,3000.0,3000.0,3000.0,3000.0,3000.0,3000.0,3000.0,3000.0,3000.0,3000.0,3000.0,3000.0,3000.0,3000.0,3000.0,3000.0,3000.0,3000.0,3000.0,3000.0,3000.0,3000.0,3000.0,3000.0,3000.0,3000.0,3000.0,3000.0,3000.0,3000.0,3000.0,3000.0,3000.0,3000.0,3000.0,3000.0,3000.0,3000.0,3000.0,3000.0,3000.0,3000.0
10200,3000.0,3000.0,3000.0,3000.0,3000.0,3000.0,3000.0,3000.0,3000.0,3000.0,3000.0,3000.0,3000.0,3000.0,3000.0,3000.0,3000.0,3000.0,3000.0,3000.0,3000.0,3000.0,3000.0,3000.0,3000.0,3000.0,3000.0,3000.0,3000.0,3000.0,3000.0,3000.0,3000.0,3000.0,3000.0,3000.0,3000.0,3000.0,3000.0,3000.0,3000.0,3000.0,3000.0,3000.0,3000.0,3000.0,3000.0,3000.0,3000.0,3000.0,3000.0,3000.0,3000.0,3000.0,3000.0,3000.0,3000.0,3000.0,3000.0,3000.0,3000.0,3000.0,3000.0,3000.0,1277.9257435812863,1335.135059801676,1431.1750211605283,1580.1362270115565,3000.0,3000.0,3000.0,3000.0,1277.9257435812863,1335.135059801676,1431.1750211605283,1580.1362270115565,3000.0,3000.0,3000.0,3000.0,1277.9257435812863,1335.135059801676,1431.1750211605283,1580.1362270115565,3000.0,3000.0,3000.0,3000.0,1277.9257435812863,1335.135059801676,1431.1750211605283,1580.1362270115565,3000.0,3000.0,3000.0,3000.0,1277.9257435812863,1335.135059801676,1431.1750211605283,1580.1362270115565,3000.0,3000.0,3000.0,3000.0,1277.9257435812863,1335.135059801676,1431.1750211605283,1580.1362270115565,3000.0,3000.0,3000.0,3000.0,1277.9257435812863,1335.135059801676,1431.1750211605283,1580.1362270115565,3000.0,3000.0,3000.0,3000.0,1277.9257435812863,1335.135059801676,1431.1750211605283,1580.1362270115565,3000.0,3000.0,3000.0,3000.0,3000.0,3000.0,1456.1148076815039,1350.9069387872453,1286.6832913660535,1255.0524722739233,1252.2413495151084,1277.9257435812867,3000.0,3000.0,1456.1148076815039,1350.9069387872453,1286.6832913660535,1255.0524722739233,1252.2413495151084,1277.9257435812867,3000.0,3000.0,1456.1148076815039,1350.9069387872453,1286.6832913660535,1255.0524722739233,1252.2413495151084,1277.9257435812867,3000.0,3000.0,1456.1148076815039,1350.9069387872453,1286.6832913660535,1255.0524722739233,1252.2413495151084,1277.9257435812867,3000.0,3000.0,1456.1148076815039,1350.9069387872453,1286.6832913660535,1255.0524722739233,1252.2413495151084,1277.9257435812867,3000.0,3000.0,1456.1148076815039,1350.9069387872453,1286.6832913660535,1255.0524722739233,1252.2413495151084,1277.9257435812867,3000.0,3000.0,1456.1148076815039,1350.9069387872453,1286.6832913660535,1255.0524722739233,1252.2413495151084,1277.9257435812867,3000.0,3000.0,1456.1148076815039,1350.9069387872453,1286.6832913660535,1255.0524722739233,1252.2413495151084,1277.9257435812867,3000.0,3000.0,3000.0,3000.0,3000.0,3000.0,3000.0,3000.0,3000.0,3000.0,3000.0,3000.0,3000.0,3000.0,3000.0,3000.0,3000.0,3000.0,3000.0,3000.0,3000.0,3000.0,3000.0,3000.0,3000.0,3000.0,3000.0,3000.0,3000.0,3000.0,3000.0,3000.0,3000.0,3000.0,3000.0,3000.0,3000.0,3000.0,3000.0,3000.0,3000.0,3000.0,3000.0,3000.0,3000.0,3000.0,3000.0,3000.0,3000.0,3000.0,3000.0,3000.0,3000.0,3000.0,3000.0,3000.0,3000.0,3000.0,3000.0,3000.0,3000.0,3000.0,3000.0,3000.0,3000.0,3000.0,3000.0,3000.0,3000.0,3000.0,3000.0,3000.0,3000.0,3000.0,3000.0,3000.0,3000.0,3000.0,3000.0,3000.0,3000.0,3000.0,3000.0,3000.0,3000.0,3000.0,3000.0,3000.0,3000.0,3000.0,3000.0,3000.0,3000.0,3000.0,3000.0,3000.0,3000.0,3000.0,3000.0,3000.0,3000.0,3000.0,3000.0,3000.0,3000.0,3000.0,3000.0,3000.0,3000.0,3000.0,3000.0,3000.0,3000.0,3000.0,3000.0,3000.0,3000.0,3000.0,3000.0,3000.0,3000.0,3000.0,3000.0,3000.0,3000.0,3000.0,3000.0,3000.0,3000.0,3000.0,3000.0,3000.0,3000.0,3000.0,3000.0,3000.0,3000.0,3000.0,3000.0,3000.0,3000.0,3000.0,3000.0,3000.0,3000.0,3000.0,3000.0,3000.0,3000.0,3000.0,3000.0,3000.0,3000.0,3000.0,3000.0,3000.0,3000.0,3000.0,3000.0,3000.0,3000.0,3000.0,3000.0,3000.0,3000.0,3000.0,3000.0,3000.0,3000.0,3000.0,3000.0,3000.0,3000.0,3000.0,3000.0,3000.0,3000.0,3000.0,3000.0,3000.0,3000.0,3000.0,3000.0,3000.0,3000.0,3000.0,3000.0,3000.0,3000.0,3000.0,3000.0,3000.0
10267,3000.0,3000.0,3000.0,3000.0,3000.0,3000.0,3000.0,3000.0,3000.0,3000.0,3000.0,3000.0,3000.0,3000.0,3000.0,3000.0,3000.0,3000.0,3000.0,3000.0,3000.0,3000.0,3000.0,3000.0,3000.0,3000.0,3000.0,3000.0,3000.0,3000.0,3000.0,3000.0,3000.0,3000.0,3000.0,3000.0,3000.0,3000.0,3000.0,3000.0,3000.0,3000.0,3000.0,3000.0,3000.0,3000.0,3000.0,3000.0,3000.0,3000.0,3000.0,3000.0,3000.0,3000.0,3000.0,3000.0,3000.0,3000.0,3000.0,3000.0,3000.0,3000.0,3000.0,3000.0,1300.3742948270028,1374.4667908026477,1492.875997540997,3000.0,3000.0,3000.0,3000.0,3000.0,1300.3742948270028,1374.4667908026477,1492.875997540997,3000.0,3000.0,3000.0,3000.0,3000.0,1300.3742948270028,1374.4667908026477,1492.875997540997,3000.0,3000.0,3000.0,3000.0,3000.0,1300.3742948270028,1374.4667908026477,1492.875997540997,3000.0,3000.0,3000.0,3000.0,3000.0,1300.3742948270028,1374.4667908026477,1492.875997540997,3000.0,3000.0,3000.0,3000.0,3000.0,1300.3742948270028,1374.4667908026477,1492.875997540997,3000.0,3000.0,3000.0,3000.0,3000.0,1300.3742948270028,1374.4667908026477,1492.875997540997,3000.0,3000.0,3000.0,3000.0,3000.0,1300.3742948270028,1374.4667908026477,1492.875997540997,3000.0,3000.0,3000.0,3000.0,3000.0,3000.0,1534.0457018004274,1401.132136456413,1316.4771781750094,1268.1839461491395,1250.248708511741,1260.5802858571578,1300.374294827003,3000.0,1534.0457018004274,1401.132136456413,1316.4771781750094,1268.1839461491395,1250.248708511741,1260.5802858571578,1300.374294827003,3000.0,1534.0457018004274,1401.132136456413,1316.4771781750094,1268.1839461491395,1250.248708511741,1260.5802858571578,1300.374294827003,3000.0,1534.0457018004274,1401.132136456413,1316.4771781750094,1268.1839461491395,1250.248708511741,1260.5802858571578,1300.374294827003,3000.0,1534.0457018004274,1401.132136456413,1316.4771781750094,1268.1839461491395,1250.248708511741,1260.5802858571578,1300.374294827003,3000.0,1534.0457018004274,1401.132136456413,1316.4771781750094,1268.1839461491395,1250.248708511741,1260.5802858571578,1300.374294827003,3000.0,1534.0457018004274,1401.132136456413,1316.4771781750094,1268.1839461491395,1250.248708511741,1260.5802858571578,1300.374294827003,3000.0,1534.0457018004274,1401.132136456413,1316.4771781750094,1268.1839461491395,1250.248708511741,1260.5802858571578,1300.374294827003,3000.0,3000.0,3000.0,3000.0,3000.0,3000.0,3000.0,3000.0,3000.0,3000.0,3000.0,3000.0,3000.0,3000.0,3000.0,3000.0,3000.0,3000.0,3000.0,3000.0,3000.0,3000.0,3000.0,3000.0,3000.0,3000.0,3000.0,3000.0,3000.0,3000.0,3000.0,3000.0,3000.0,3000.0,3000.0,3000.0,3000.0,3000.0,3000.0,3000.0,3000.0,3000.0,3000.0,3000.0,3000.0,3000.0,3000.0,3000.0,3000.0,3000.0,3000.0,3000.0,3000.0,3000.0,3000.0,3000.0,3000.0,3000.0,3000.0,3000.0,3000.0,3000.0,3000.0,3000.0,3000.0,3000.0,3000.0,3000.0,3000.0,3000.0,3000.0,3000.0,3000.0,3000.0,3000.0,3000.0,3000.0,3000.0,3000.0,3000.0,3000.0,3000.0,3000.0,3000.0,3000.0,3000.0,3000.0,3000.0,3000.0,3000.0,3000.0,3000.0,3000.0,3000.0,3000.0,3000.0,3000.0,3000.0,3000.0,3000.0,3000.0,3000.0,3000.0,3000.0,3000.0,3000.0,3000.0,3000.0,3000.0,3000.0,3000.0,3000.0,3000.0,3000.0,3000.0,3000.0,3000.0,3000.0,3000.0,3000.0,3000.0,3000.0,3000.0,3000.0,3000.0,3000.0,3000.0,3000.0,3000.0,3000.0,3000.0,3000.0,3000.0,3000.0,3000.0,3000.0,3000.0,3000.0,3000.0,3000.0,3000.0,3000.0,3000.0,3000.0,3000.0,3000.0,3000.0,3000.0,3000.0,3000.0,3000.0,3000.0,3000.0,3000.0,3000.0,3000.0,3000.0,3000.0,3000.0,3000.0,3000.0,3000.0,3000.0,3000.0,3000.0,3000.0,3000.0,3000.0,3000.0,3000.0,3000.0,3000.0,3000.0,3000.0,3000.0,3000.0,3000.0,3000.0,3000.0,3000.0,3000.0,3000.0,3000.0,3000.0,3000.0,3000.0,3000.0,3000.0,3000.0,3000.0,3000.0,3000.0
10333,3000.0,3000.0,3000.0,3000.0,3000.0,3000.0,3000.0,3000.0,3000.0,3000.0,3000.0,3000.0,3000.0,3000.0,3000.0,3000.0,3000.0,3000.0,3000.0,3000.0,3000.0,3000.0,3000.0,3000.0,3000.0,3000.0,3000.0,3000.0,3000.0,3000.0,3000.0,3000.0,3000.0,3000.0,3000.0,3000.0,3000.0,3000.0,3000.0,3000.0,3000.0,3000.0,3000.0,3000.0,3000.0,3000.0,3000.0,3000.0,3000.0,3000.0,3000.0,3000.0,3000.0,3000.0,3000.0,3000.0,3000.0,3000.0,3000.0,3000.0,3000.0,3000.0,3000.0,3000.0,1330.2222155948898,1423.3310111058297,1568.1207185425071,3000.0,3000.0,3000.0,3000.0,3000.0,1330.2222155948898,1423.3310111058297,1568.1207185425071,3000.0,3000.0,3000.0,3000.0,3000.0,1330.2222155948898,1423.3310111058297,1568.1207185425071,3000.0,3000.0,3000.0,3000.0,3000.0,1330.2222155948898,1423.3310111058297,1568.1207185425071,3000.0,3000.0,3000.0,3000.0,3000.0,1330.2222155948898,1423.3310111058297,1568.1207185425071,3000.0,3000.0,3000.0,3000.0,3000.0,1330.2222155948898,1423.3310111058297,1568.1207185425071,3000.0,3000.0,3000.0,3000.0,3000.0,1330.2222155948898,1423.3310111058297,1568.1207185425071,3000.0,3000.0,3000.0,3000.0,3000.0,1330.2222155948898,1423.3310111058297,1568.1207185425071,3000.0,3000.0,3000.0,3000.0,3000.0,3000.0,1464.9166268002627,1356.519011448767,1289.8868003232878,1256.2425514336148,1251.5557824364819,1275.2857435773587,1330.2222155948903,3000.0,1464.9166268002627,1356.519011448767,1289.8868003232878,1256.2425514336148,1251.5557824364819,1275.2857435773587,1330.2222155948903,3000.0,1464.9166268002627,1356.519011448767,1289.8868003232878,1256.2425514336148,1251.5557824364819,1275.2857435773587,1330.2222155948903,3000.0,1464.9166268002627,1356.519011448767,1289.8868003232878,1256.2425514336148,1251.5557824364819,1275.2857435773587,1330.2222155948903,3000.0,1464.9166268002627,1356.519011448767,1289.8868003232878,1256.2425514336148,1251.5557824364819,1275.2857435773587,1330.2222155948903,3000.0,1464.9166268002627,1356.519011448767,1289.8868003232878,1256.2425514336148,1251.5557824364819,1275.2857435773587,1330.2222155948903,3000.0,1464.9166268002627,1356.519011448767,1289.8868003232878,1256.2425514336148,1251.5557824364819,1275.2857435773587,1330.2222155948903,3000.0,1464.9166268002627,1356.519011448767,1289.8868003232878,1256.2425514336148,1251.5557824364819,1275.2857435773587,1330.2222155948903,3000.0,3000.0,3000.0,3000.0,3000.0,3000.0,3000.0,3000.0,3000.0,3000.0,3000.0,3000.0,3000.0,3000.0,3000.0,3000.0,3000.0,3000.0,3000.0,3000.0,3000.0,3000.0,3000.0,3000.0,3000.0,3000.0,3000.0,3000.0,3000.0,3000.0,3000.0,3000.0,3000.0,3000.0,3000.0,3000.0,3000.0,3000.0,3000.0,3000.0,3000.0,3000.0,3000.0,3000.0,3000.0,3000.0,3000.0,3000.0,3000.0,3000.0,3000.0,3000.0,3000.0,3000.0,3000.0,3000.0,3000.0,3000.0,3000.0,3000.0,3000.0,3000.0,3000.0,3000.0,3000.0,3000.0,3000.0,3000.0,3000.0,3000.0,3000.0,3000.0,3000.0,3000.0,3000.0,3000.0,3000.0,3000.0,3000.0,3000.0,3000.0,3000.0,3000.0,3000.0,3000.0,3000.0,3000.0,3000.0,3000.0,3000.0,3000.0,3000.0,3000.0,3000.0,3000.0,3000.0,3000.0,3000.0,3000.0,3000.0,3000.0,3000.0,3000.0,3000.0,3000.0,3000.0,3000.0,3000.0,3000.0,3000.0,3000.0,3000.0,3000.0,3000.0,3000.0,3000.0,3000.0,3000.0,3000.0,3000.0,3000.0,3000.0,3000.0,3000.0,3000.0,3000.0,3000.0,3000.0,3000.0,3000.0,3000.0,3000.0,3000.0,3000.0,3000.0,3000.0,3000.0,3000.0,3000.0,3000.0,3000.0,3000.0,3000.0,3000.0,3000.0,3000.0,3000.0,3000.0,3000.0,3000.0,3000.0,3000.0,3000.0,3000.0,3000.0,3000.0,3000.0,3000.0,3000.0,3000.0,3000.0,3000.0,3000.0,3000.0,3000.0,3000.0,3000.0,3000.0,3000.0,3000.0,3000.0,3000.0,3000.0,3000.0,3000.0,3000.0,3000.0,3000.0,3000.0,3000.0,3000.0,3000.0,3000.0,3000.0,3000.0,3000.0,3000.0,3000.0,3000.0,3000.0,3000.0,3000.0
10400,3000.0,3000.0,3000.0,3000.0,3000.0,3000.0,3000.0,3000.0,3000.0,3000.0,3000.0,3000.0,3000.0,3000.0,3000.0,3000.0,3000.0,3000.0,3000.0,3000.0,3000.0,3000.0,3000.0,3000.0,3000.0,3000.0,3000.0,3000.0,3000.0,3000.0,3000.0,3000.0,3000.0,3000.0,3000.0,3000.0,3000.0,3000.0,3000.0,3000.0,3000.0,3000.0,3000.0,3000.0,3000.0,3000.0,3000.0,3000.0,3000.0,3000.0,3000.0,3000.0,3000.0,3000.0,3000.0,3000.0,3000.0,3000.0,3000.0,3000.0,3000.0,3000.0,3000.0,3000.0,1368.295348132558,1483.290509347781,3000.0,3000.0,3000.0,3000.0,3000.0,3000.0,1368.295348132558,1483.290509347781,3000.0,3000.0,3000.0,3000.0,3000.0,3000.0,1368.295348132558,1483.290509347781,3000.0,3000.0,3000.0,3000.0,3000.0,3000.0,1368.295348132558,1483.290509347781,3000.0,3000.0,3000.0,3000.0,3000.0,3000.0,1368.295348132558,1483.290509347781,3000.0,3000.0,3000.0,3000.0,3000.0,3000.0,1368.295348132558,1483.290509347781,3000.0,3000.0,3000.0,3000.0,3000.0,3000.0,1368.295348132558,1483.290509347781,3000.0,3000.0,3000.0,3000.0,3000.0,3000.0,1368.295348132558,1483.290509347781,3000.0,3000.0,3000.0,3000.0,3000.0,3000.0,1545.0849718747372,1408.314571374448,1320.8959408758724,1270.416109531093,1250.5597101538165,1259.0057609440842,1296.730456085897,1368.2953481325585,1545.0849718747372,1408.314571374448,1320.8959408758724,1270.416109531093,1250.5597101538165,1259.0057609440842,1296.730456085897,1368.2953481325585,1545.0849718747372,1408.314571374448,1320.8959408758724,1270.416109531093,1250.5597101538165,1259.0057609440842,1296.730456085897,1368.2953481325585,1545.0849718747372,1408.314571374448,1320.8959408758724,1270.416109531093,1250.5597101538165,1259.0057609440842,1296.730456085897,1368.2953481325585,1545.0849718747372,1408.314571374448,1320.8959408758724,1270.416109531093,1250.5597101538165,1259.0057609440842,1296.730456085897,1368.2953481325585,1545.0849718747372,1408.314571374448,1320.8959408758724,1270.416109531093,1250.5597101538165,1259.0057609440842,1296.730456085897,1368.2953481325585,1545.0849718747372,1408.314571374448,1320.8959408758724,1270.416109531093,1250.5597101538165,1259.0057609440842,1296.730456085897,1368.2953481325585,1545.0849718747372,1408.314571374448,1320.8959408758724,1270.416109531093,1250.5597101538165,1259.0057609440842,1296.730456085897,1368.2953481325585,3000.0,3000.0,3000.0,3000.0,3000.0,3000.0,3000.0,3000.0,3000.0,3000.0,3000.0,3000.0,3000.0,3000.0,3000.0,3000.0,3000.0,3000.0,3000.0,3000.0,3000.0,3000.0,3000.0,3000.0,3000.0,3000.0,3000.0,3000.0,3000.0,3000.0,3000.0,3000.0,3000.0,3000.0,3000.0,3000.0,3000.0,3000.0,3000.0,3000.0,3000.0,3000.0,3000.0,3000.0,3000.0,3000.0,3000.0,3000.0,3000.0,3000.0,3000.0,3000.0,3000.0,3000.0,3000.0,3000.0,3000.0,3000.0,3000.0,3000.0,3000.0,3000.0,3000.0,3000.0,3000.0,3000.0,3000.0,3000.0,3000.0,3000.0,3000.0,1545.0849718747363,3000.0,3000.0,3000.0,3000.0,3000.0,3000.0,3000.0,1545.0849718747363,3000.0,3000.0,3000.0,3000.0,3000.0,3000.0,3000.0,1545.0849718747363,3000.0,3000.0,3000.0,3000.0,3000.0,3000.0,3000.0,1545.0849718747363,3000.0,3000.0,3000.0,3000.0,3000.0,3000.0,3000.0,1545.0849718747363,3000.0,3000.0,3000.0,3000.0,3000.0,3000.0,3000.0,1545.0849718747363,3000.0,3000.0,3000.0,3000.0,3000.0,3000.0,3000.0,1545.0849718747363,3000.0,3000.0,3000.0,3000.0,3000.0,3000.0,3000.0,1545.0849718747363,3000.0,3000.0,3000.0,3000.0,3000.0,3000.0,3000.0,3000.0,3000.0,3000.0,3000.0,3000.0,3000.0,3000.0,3000.0,3000.0,3000.0,3000.0,3000.0,3000.0,3000.0,3000.0,3000.0,3000.0,3000.0,3000.0,3000.0,3000.0,3000.0,3000.0,3000.0,3000.0,3000.0,3000.0,3000.0,3000.0,3000.0,3000.0,3000.0,3000.0,3000.0,3000.0,3000.0,3000.0,3000.0,3000.0,3000.0,3000.0,3000.0,3000.0,3000.0,3000.0,3000.0,3000.0,3000.0,3000.0,3000.0,3000.0,3000.0,3000.0,3000.0,3000.0,3000.0,3000.0
10467,3000.0,3000.0,3000.0,3000.0,3000.0,3000.0,3000.0,3000.0,3000.0,3000.0,3000.0,3000.0,3000.0,3000.0,3000.0,3000.0,3000.0,3000.0,3000.0,3000.0,3000.0,3000.0,3000.0,3000.0,3000.0,3000.0,3000.0,3000.0,3000.0,3000.0,3000.0,3000.0,3000.0,3000.0,3000.0,3000.0,3000.0,3000.0,3000.0,3000.0,3000.0,3000.0,3000.0,3000.0,3000.0,3000.0,3000.0,3000.0,3000.0,3000.0,3000.0,3000.0,3000.0,3000.0,3000.0,3000.0,3000.0,3000.0,3000.0,3000.0,3000.0,3000.0,3000.0,3000.0,1415.7125633612986,1556.4402098950745,3000.0,3000.0,3000.0,3000.0,3000.0,3000.0,1415.7125633612986,1556.4402098950745,3000.0,3000.0,3000.0,3000.0,3000.0,3000.0,1415.7125633612986,1556.4402098950745,3000.0,3000.0,3000.0,3000.0,3000.0,3000.0,1415.7125633612986,1556.4402098950745,3000.0,3000.0,3000.0,3000.0,3000.0,3000.0,1415.7125633612986,1556.4402098950745,3000.0,3000.0,3000.0,3000.0,3000.0,3000.0,1415.7125633612986,1556.4402098950745,3000.0,3000.0,3000.0,3000.0,3000.0,3000.0,1415.7125633612986,1556.4402098950745,3000.0,3000.0,3000.0,3000.0,3000.0,3000.0,1415.7125633612986,1556.4402098950745,3000.0,3000.0,3000.0,3000.0,3000.0,3000.0,1473.9730042026204,1362.313976408405,1293.235255029051,1257.560092979011,1250.9953291307672,1272.7829665104955,1325.476750677326,1415.7125633612993,1473.9730042026204,1362.313976408405,1293.235255029051,1257.560092979011,1250.9953291307672,1272.7829665104955,1325.476750677326,1415.7125633612993,1473.9730042026204,1362.313976408405,1293.235255029051,1257.560092979011,1250.9953291307672,1272.7829665104955,1325.476750677326,1415.7125633612993,1473.9730042026204,1362.313976408405,1293.235255029051,1257.560092979011,1250.9953291307672,1272.7829665104955,1325.476750677326,1415.7125633612993,1473.9730042026204,1362.313976408405,1293.235255029051,1257.560092979011,1250.9953291307672,1272.7829665104955,1325.476750677326,1415.7125633612993,1473.9730042026204,1362.313976408405,1293.235255029051,1257.560092979011,1250.9953291307672,1272.7829665104955,1325.476750677326,1415.7125633612993,1473.9730042026204,1362.313976408405,1293.235255029051,1257.560092979011,1250.9953291307672,1272.7829665104955,1325.476750677326,1415.7125633612993,1473.9730042026204,1362.313976408405,1293.235255029051,1257.560092979011,1250.9953291307672,1272.7829665104955,1325.476750677326,1415.7125633612993,3000.0,3000.0,3000.0,3000.0,3000.0,3000.0,3000.0,3000.0,3000.0,3000.0,3000.0,3000.0,3000.0,3000.0,3000.0,3000.0,3000.0,3000.0,3000.0,3000.0,3000.0,3000.0,3000.0,3000.0,3000.0,3000.0,3000.0,3000.0,3000.0,3000.0,3000.0,3000.0,3000.0,3000.0,3000.0,3000.0,3000.0,3000.0,3000.0,3000.0,3000.0,3000.0,3000.0,3000.0,3000.0,3000.0,3000.0,3000.0,3000.0,3000.0,3000.0,3000.0,3000.0,3000.0,3000.0,3000.0,3000.0,3000.0,3000.0,3000.0,3000.0,3000.0,3000.0,3000.0,3000.0,3000.0,3000.0,3000.0,3000.0,3000.0,3000.0,1473.9730042026204,3000.0,3000.0,3000.0,3000.0,3000.0,3000.0,3000.0,1473.9730042026204,3000.0,3000.0,3000.0,3000.0,3000.0,3000.0,3000.0,1473.9730042026204,3000.0,3000.0,3000.0,3000.0,3000.0,3000.0,3000.0,1473.9730042026204,3000.0,3000.0,3000.0,3000.0,3000.0,3000.0,3000.0,1473.9730042026204,3000.0,3000.0,3000.0,3000.0,3000.0,3000.0,3000.0,1473.9730042026204,3000.0,3000.0,3000.0,3000.0,3000.0,3000.0,3000.0,1473.9730042026204,3000.0,3000.0,3000.0,3000.0,3000.0,3000.0,3000.0,1473.9730042026204,3000.0,3000.0,3000.0,3000.0,3000.0,3000.0,3000.0,3000.0,3000.0,3000.0,3000.0,3000.0,3000.0,3000.0,3000.0,3000.0,3000.0,3000.0,3000.0,3000.0,3000.0,3000.0,3000.0,3000.0,3000.0,3000.0,3000.0,3000.0,3000.0,3000.0,3000.0,3000.0,3000.0,3000.0,3000.0,3000.0,3000.0,3000.0,3000.0,3000.0,3000.0,3000.0,3000.0,3000.0,3000.0,3000.0,3000.0,3000.0,3000.0,3000.0,3000.0,3000.0,3000.0,3000.0,3000.0,3000.0,3000.0,3000.0,3000.0,3000.0,3000.0,3000.0,3000.0,3000.0
10533,3000.0,3000.0,3000.0,3000.0,3000.0,3000.0,3000.0,3000.0,3000.0,3000.0,3000.0,3000.0,3000.0,3000.0,3000.0,3000.0,3000.0,3000.0,3000.0,3000.0,3000.0,3000.0,3000.0,3000.0,3000.0,3000.0,3000.0,3000.0,3000.0,3000.0,3000.0,3000.0,3000.0,3000.0,3000.0,3000.0,3000.0,3000.0,3000.0,3000.0,3000.0,3000.0,3000.0,3000.0,3000.0,3000.0,3000.0,3000.0,3000.0,3000.0,3000.0,3000.0,3000.0,3000.0,3000.0,3000.0,3000.0,3000.0,3000.0,3000.0,3000.0,3000.0,3000.0,3000.0,1473.9730042026194,3000.0,3000.0,3000.0,3000.0,3000.0,3000.0,3000.0,1473.9730042026194,3000.0,3000.0,3000.0,3000.0,3000.0,3000.0,3000.0,1473.9730042026194,3000.0,3000.0,3000.0,3000.0,3000.0,3000.0,3000.0,1473.9730042026194,3000.0,3000.0,3000.0,3000.0,3000.0,3000.0,3000.0,1473.9730042026194,3000.0,3000.0,3000.0,3000.0,3000.0,3000.0,3000.0,1473.9730042026194,3000.0,3000.0,3000.0,3000.0,3000.0,3000.0,3000.0,1473.9730042026194,3000.0,3000.0,3000.0,3000.0,3000.0,3000.0,3000.0,1473.9730042026194,3000.0,3000.0,3000.0,3000.0,3000.0,3000.0,3000.0,1415.7125633612998,1325.4767506773262,1272.7829665104957,1250.9953291307672,1257.560092979011,1293.2352550290507,1362.3139764084049,1473.9730042026201,1415.7125633612998,1325.4767506773262,1272.7829665104957,1250.9953291307672,1257.560092979011,1293.2352550290507,1362.3139764084049,1473.9730042026201,1415.7125633612998,1325.4767506773262,1272.7829665104957,1250.9953291307672,1257.560092979011,1293.2352550290507,1362.3139764084049,1473.9730042026201,1415.7125633612998,1325.4767506773262,1272.7829665104957,1250.9953291307672,1257.560092979011,1293.2352550290507,1362.3139764084049,1473.9730042026201,1415.7125633612998,1325.4767506773262,1272.7829665104957,1250.9953291307672,1257.560092979011,1293.2352550290507,1362.3139764084049,1473.9730042026201,1415.7125633612998,1325.4767506773262,1272.7829665104957,1250.9953291307672,1257.560092979011,1293.2352550290507,1362.3139764084049,1473.9730042026201,1415.7125633612998,1325.4767506773262,1272.7829665104957,1250.9953291307672,1257.560092979011,1293.2352550290507,1362.3139764084049,1473.9730042026201,1415.7125633612998,1325.4767506773262,1272.7829665104957,1250.9953291307672,1257.560092979011,1293.2352550290507,1362.3139764084049,1473.9730042026201,3000.0,3000.0,3000.0,3000.0,3000.0,3000.0,3000.0,3000.0,3000.0,3000.0,3000.0,3000.0,3000.0,3000.0,3000.0,3000.0,3000.0,3000.0,3000.0,3000.0,3000.0,3000.0,3000.0,3000.0,3000.0,3000.0,3000.0,3000.0,3000.0,3000.0,3000.0,3000.0,3000.0,3000.0,3000.0,3000.0,3000.0,3000.0,3000.0,3000.0,3000.0,3000.0,3000.0,3000.0,3000.0,3000.0,3000.0,3000.0,3000.0,3000.0,3000.0,3000.0,3000.0,3000.0,3000.0,3000.0,3000.0,3000.0,3000.0,3000.0,3000.0,3000.0,3000.0,3000.0,3000.0,3000.0,3000.0,3000.0,3000.0,3000.0,1556.4402098950761,1415.7125633612998,3000.0,3000.0,3000.0,3000.0,3000.0,3000.0,1556.4402098950761,1415.7125633612998,3000.0,3000.0,3000.0,3000.0,3000.0,3000.0,1556.4402098950761,1415.7125633612998,3000.0,3000.0,3000.0,3000.0,3000.0,3000.0,1556.4402098950761,1415.7125633612998,3000.0,3000.0,3000.0,3000.0,3000.0,3000.0,1556.4402098950761,1415.7125633612998,3000.0,3000.0,3000.0,3000.0,3000.0,3000.0,1556.4402098950761,1415.7125633612998,3000.0,3000.0,3000.0,3000.0,3000.0,3000.0,1556.4402098950761,1415.7125633612998,3000.0,3000.0,3000.0,3000.0,3000.0,3000.0,1556.4402098950761,1415.7125633612998,3000.0,3000.0,3000.0,3000.0,3000.0,3000.0,3000.0,3000.0,3000.0,3000.0,3000.0,3000.0,3000.0,3000.0,3000.0,3000.0,3000.0,3000.0,3000.0,3000.0,3000.0,3000.0,3000.0,3000.0,3000.0,3000.0,3000.0,3000.0,3000.0,3000.0,3000.0,3000.0,3000.0,3000.0,3000.0,3000.0,3000.0,3000.0,3000.0,3000.0,3000.0,3000.0,3000.0,3000.0,3000.0,3000.0,3000.0,3000.0,3000.0,3000.0,3000.0,3000.0,3000.0,3000.0,3000.0,3000.0,3000.0,3000.0,3000.0,3000.0,3000.0,3000.0,3000.0,3000.0
10600,3000.0,3000.0,3000.0,3000.0,3000.0,3000.0,3000.0,3000.0,3000.0,3000.0,3000.0,3000.0,3000.0,3000.0,3000.0,3000.0,3000.0,3000.0,3000.0,3000.0,3000.0,3000.0,3000.0,3000.0,3000.0,3000.0,3000.0,3000.0,3000.0,3000.0,3000.0,3000.0,3000.0,3000.0,3000.0,3000.0,3000.0,3000.0,3000.0,3000.0,3000.0,3000.0,3000.0,3000.0,3000.0,3000.0,3000.0,3000.0,3000.0,3000.0,3000.0,3000.0,3000.0,3000.0,3000.0,3000.0,3000.0,3000.0,3000.0,3000.0,3000.0,3000.0,3000.0,3000.0,1545.0849718747356,3000.0,3000.0,3000.0,3000.0,3000.0,3000.0,3000.0,1545.0849718747356,3000.0,3000.0,3000.0,3000.0,3000.0,3000.0,3000.0,1545.0849718747356,3000.0,3000.0,3000.0,3000.0,3000.0,3000.0,3000.0,1545.0849718747356,3000.0,3000.0,3000.0,3000.0,3000.0,3000.0,3000.0,1545.0849718747356,3000.0,3000.0,3000.0,3000.0,3000.0,3000.0,3000.0,1545.0849718747356,3000.0,3000.0,3000.0,3000.0,3000.0,3000.0,3000.0,1545.0849718747356,3000.0,3000.0,3000.0,3000.0,3000.0,3000.0,3000.0,1545.0849718747356,3000.0,3000.0,3000.0,3000.0,3000.0,3000.0,3000.0,1368.295348132559,1296.7304560858972,1259.0057609440844,1250.5597101538162,1270.416109531093,1320.8959408758724,1408.3145713744475,1545.0849718747368,1368.295348132559,1296.7304560858972,1259.0057609440844,1250.5597101538162,1270.416109531093,1320.8959408758724,1408.3145713744475,1545.0849718747368,1368.295348132559,1296.7304560858972,1259.0057609440844,1250.5597101538162,1270.416109531093,1320.8959408758724,1408.3145713744475,1545.0849718747368,1368.295348132559,1296.7304560858972,1259.0057609440844,1250.5597101538162,1270.416109531093,1320.8959408758724,1408.3145713744475,1545.0849718747368,1368.295348132559,1296.7304560858972,1259.0057609440844,1250.5597101538162,1270.416109531093,1320.8959408758724,1408.3145713744475,1545.0849718747368,1368.295348132559,1296.7304560858972,1259.0057609440844,1250.5597101538162,1270.416109531093,1320.8959408758724,1408.3145713744475,1545.0849718747368,1368.295348132559,1296.7304560858972,1259.0057609440844,1250.5597101538162,1270.416109531093,1320.8959408758724,1408.3145713744475,1545.0849718747368,1368.295348132559,1296.7304560858972,1259.0057609440844,1250.5597101538162,1270.416109531093,1320.8959408758724,1408.3145713744475,1545.0849718747368,3000.0,3000.0,3000.0,3000.0,3000.0,3000.0,3000.0,3000.0,3000.0,3000.0,3000.0,3000.0,3000.0,3000.0,3000.0,3000.0,3000.0,3000.0,3000.0,3000.0,3000.0,3000.0,3000.0,3000.0,3000.0,3000.0,3000.0,3000.0,3000.0,3000.0,3000.0,3000.0,3000.0,3000.0,3000.0,3000.0,3000.0,3000.0,3000.0,3000.0,3000.0,3000.0,3000.0,3000.0,3000.0,3000.0,3000.0,3000.0,3000.0,3000.0,3000.0,3000.0,3000.0,3000.0,3000.0,3000.0,3000.0,3000.0,3000.0,3000.0,3000.0,3000.0,3000.0,3000.0,3000.0,3000.0,3000.0,3000.0,3000.0,3000.0,1483.2905093477816,1368.2953481325583,3000.0,3000.0,3000.0,3000.0,3000.0,3000.0,1483.2905093477816,1368.2953481325583,3000.0,3000.0,3000.0,3000.0,3000.0,3000.0,1483.2905093477816,1368.2953481325583,3000.0,3000.0,3000.0,3000.0,3000.0,3000.0,1483.2905093477816,1368.2953481325583,3000.0,3000.0,3000.0,3000.0,3000.0,3000.0,1483.2905093477816,1368.2953481325583,3000.0,3000.0,3000.0,3000.0,3000.0,3000.0,1483.2905093477816,1368.2953481325583,3000.0,3000.0,3000.0,3000.0,3000.0,3000.0,1483.2905093477816,1368.2953481325583,3000.0,3000.0,3000.0,3000.0,3000.0,3000.0,1483.2905093477816,1368.2953481325583,3000.0,3000.0,3000.0,3000.0,3000.0,3000.0,3000.0,3000.0,3000.0,3000.0,3000.0,3000.0,3000.0,3000.0,3000.0,3000.0,3000.0,3000.0,3000.0,3000.0,3000.0,3000.0,3000.0,3000.0,3000.0,3000.0,3000.0,3000.0,3000.0,3000.0,3000.0,3000.0,3000.0,3000.0,3000.0,3000.0,3000.0,3000.0,3000.0,3000.0,3000.0,3000.0,3000.0,3000.0,3000.0,3000.0,3000.0,3000.0,3000.0,3000.0,3000.0,3000.0,3000.0,3000.0,3000.0,3000.0,3000.0,3000.0,3000.0,3000.0,3000.0,3000.0,3000.0,3000.0
10667,3000.0,3000.0,3000.0,3000.0,3000.0,3000.0,3000.0,3000.0,3000.0,3000.0,3000.0,3000.0,3000.0,3000.0,3000.0,3000.0,3000.0,3000.0,3000.0,3000.0,3000.0,3000.0,3000.0,3000.0,3000.0,3000.0,3000.0,3000.0,3000.0,3000.0,3000.0,3000.0,3000.0,3000.0,3000.0,3000.0,3000.0,3000.0,3000.0,3000.0,3000.0,3000.0,3000.0,3000.0,3000.0,3000.0,3000.0,3000.0,3000.0,3000.0,3000.0,3000.0,3000.0,3000.0,3000.0,3000.0,3000.0,3000.0,3000.0,3000.0,3000.0,3000.0,3000.0,3000.0,3000.0,3000.0,3000.0,3000.0,3000.0,3000.0,3000.0,3000.0,3000.0,3000.0,3000.0,3000.0,3000.0,3000.0,3000.0,3000.0,3000.0,3000.0,3000.0,3000.0,3000.0,3000.0,3000.0,3000.0,3000.0,3000.0,3000.0,3000.0,3000.0,3000.0,3000.0,3000.0,3000.0,3000.0,3000.0,3000.0,3000.0,3000.0,3000.0,3000.0,3000.0,3000.0,3000.0,3000.0,3000.0,3000.0,3000.0,3000.0,3000.0,3000.0,3000.0,3000.0,3000.0,3000.0,3000.0,3000.0,3000.0,3000.0,3000.0,3000.0,3000.0,3000.0,3000.0,3000.0,1330.2222155948907,1275.2857435773587,1251.5557824364819,1256.2425514336148,1289.8868003232876,1356.5190114487668,1464.9166268002625,3000.0,1330.2222155948907,1275.2857435773587,1251.5557824364819,1256.2425514336148,1289.8868003232876,1356.5190114487668,1464.9166268002625,3000.0,1330.2222155948907,1275.2857435773587,1251.5557824364819,1256.2425514336148,1289.8868003232876,1356.5190114487668,1464.9166268002625,3000.0,1330.2222155948907,1275.2857435773587,1251.5557824364819,1256.2425514336148,1289.8868003232876,1356.5190114487668,1464.9166268002625,3000.0,1330.2222155948907,1275.2857435773587,1251.5557824364819,1256.2425514336148,1289.8868003232876,1356.5190114487668,1464.9166268002625,3000.0,1330.2222155948907,1275.2857435773587,1251.5557824364819,1256.2425514336148,1289.8868003232876,1356.5190114487668,1464.9166268002625,3000.0,1330.2222155948907,1275.2857435773587,1251.5557824364819,1256.2425514336148,1289.8868003232876,1356.5190114487668,1464.9166268002625,3000.0,1330.2222155948907,1275.2857435773587,1251.5557824364819,1256.2425514336148,1289.8868003232876,1356.5190114487668,1464.9166268002625,3000.0,3000.0,3000.0,3000.0,3000.0,3000.0,3000.0,3000.0,3000.0,3000.0,3000.0,3000.0,3000.0,3000.0,3000.0,3000.0,3000.0,3000.0,3000.0,3000.0,3000.0,3000.0,3000.0,3000.0,3000.0,3000.0,3000.0,3000.0,3000.0,3000.0,3000.0,3000.0,3000.0,3000.0,3000.0,3000.0,3000.0,3000.0,3000.0,3000.0,3000.0,3000.0,3000.0,3000.0,3000.0,3000.0,3000.0,3000.0,3000.0,3000.0,3000.0,3000.0,3000.0,3000.0,3000.0,3000.0,3000.0,3000.0,3000.0,3000.0,3000.0,3000.0,3000.0,3000.0,3000.0,3000.0,3000.0,3000.0,3000.0,3000.0,1568.120718542509,1423.3310111058308,1330.2222155948907,3000.0,3000.0,3000.0,3000.0,3000.0,1568.120718542509,1423.3310111058308,1330.2222155948907,3000.0,3000.0,3000.0,3000.0,3000.0,1568.120718542509,1423.3310111058308,1330.2222155948907,3000.0,3000.0,3000.0,3000.0,3000.0,1568.120718542509,1423.3310111058308,1330.2222155948907,3000.0,3000.0,3000.0,3000.0,3000.0,1568.120718542509,1423.3310111058308,1330.2222155948907,3000.0,3000.0,3000.0,3000.0,3000.0,1568.120718542509,1423.3310111058308,1330.2222155948907,3000.0,3000.0,3000.0,3000.0,3000.0,1568.120718542509,1423.3310111058308,1330.2222155948907,3000.0,3000.0,3000.0,3000.0,3000.0,1568.120718542509,1423.3310111058308,1330.2222155948907,3000.0,3000.0,3000.0,3000.0,3000.0,3000.0,3000.0,3000.0,3000.0,3000.0,3000.0,3000.0,3000.0,3000.0,3000.0,3000.0,3000.0,3000.0,3000.0,3000.0,3000.0,3000.0,3000.0,3000.0,3000.0,3000.0,3000.0,3000.0,3000.0,3000.0,3000.0,3000.0,3000.0,3000.0,3000.0,3000.0,3000.0,3000.0,3000.0,3000.0,3000.0,3000.0,3000.0,3000.0,3000.0,3000.0,3000.0,3000.0,3000.0,3000.0,3000.0,3000.0,3000.0,3000.0,3000.0,3000.0,3000.0,3000.0,3000.0,3000.0,3000.0,3000.0,3000.0,3000.0
10733,3000.0,3000.0,3000.0,3000.0,3000.0,3000.0,3000.0,3000.0,3000.0,3000.0,3000.0,3000.0,3000.0,3000.0,3000.0,3000.0,3000.0,3000.0,3000.0,3000.0,3000.0,3000.0,3000.0,3000.0,3000.0,3000.0,3000.0,3000.0,3000.0,3000.0,3000.0,3000.0,3000.0,3000.0,3000.0,3000.0,3000.0,3000.0,3000.0,3000.0,3000.0,3000.0,3000.0,3000.0,3000.0,3000.0,3000.0,3000.0,3000.0,3000.0,3000.0,3000.0,3000.0,3000.0,3000.0,3000.0,3000.0,3000.0,3000.0,3000.0,3000.0,3000.0,3000.0,3000.0,3000.0,3000.0,3000.0,3000.0,3000.0,3000.0,3000.0,3000.0,3000.0,3000.0,3000.0,3000.0,3000.0,3000.0,3000.0,3000.0,3000.0,3000.0,3000.0,3000.0,3000.0,3000.0,3000.0,3000.0,3000.0,3000.0,3000.0,3000.0,3000.0,3000.0,3000.0,3000.0,3000.0,3000.0,3000.0,3000.0,3000.0,3000.0,3000.0,3000.0,3000.0,3000.0,3000.0,3000.0,3000.0,3000.0,3000.0,3000.0,3000.0,3000.0,3000.0,3000.0,3000.0,3000.0,3000.0,3000.0,3000.0,3000.0,3000.0,3000.0,3000.0,3000.0,3000.0,3000.0,1300.3742948270033,1260.5802858571578,1250.248708511741,1268.1839461491395,1316.477178175009,1401.1321364564128,1534.045701800427,3000.0,1300.3742948270033,1260.5802858571578,1250.248708511741,1268.1839461491395,1316.477178175009,1401.1321364564128,1534.045701800427,3000.0,1300.3742948270033,1260.5802858571578,1250.248708511741,1268.1839461491395,1316.477178175009,1401.1321364564128,1534.045701800427,3000.0,1300.3742948270033,1260.5802858571578,1250.248708511741,1268.1839461491395,1316.477178175009,1401.1321364564128,1534.045701800427,3000.0,1300.3742948270033,1260.5802858571578,1250.248708511741,1268.1839461491395,1316.477178175009,1401.1321364564128,1534.045701800427,3000.0,1300.3742948270033,1260.5802858571578,1250.248708511741,1268.1839461491395,1316.477178175009,1401.1321364564128,1534.045701800427,3000.0,1300.3742948270033,1260.5802858571578,1250.248708511741,1268.1839461491395,1316.477178175009,1401.1321364564128,1534.045701800427,3000.0,1300.3742948270033,1260.5802858571578,1250.248708511741,1268.1839461491395,1316.477178175009,1401.1321364564128,1534.045701800427,3000.0,3000.0,3000.0,3000.0,3000.0,3000.0,3000.0,3000.0,3000.0,3000.0,3000.0,3000.0,3000.0,3000.0,3000.0,3000.0,3000.0,3000.0,3000.0,3000.0,3000.0,3000.0,3000.0,3000.0,3000.0,3000.0,3000.0,3000.0,3000.0,3000.0,3000.0,3000.0,3000.0,3000.0,3000.0,3000.0,3000.0,3000.0,3000.0,3000.0,3000.0,3000.0,3000.0,3000.0,3000.0,3000.0,3000.0,3000.0,3000.0,3000.0,3000.0,3000.0,3000.0,3000.0,3000.0,3000.0,3000.0,3000.0,3000.0,3000.0,3000.0,3000.0,3000.0,3000.0,3000.0,3000.0,3000.0,3000.0,3000.0,3000.0,1492.8759975409985,1374.4667908026483,1300.3742948270033,3000.0,3000.0,3000.0,3000.0,3000.0,1492.8759975409985,1374.4667908026483,1300.3742948270033,3000.0,3000.0,3000.0,3000.0,3000.0,1492.8759975409985,1374.4667908026483,1300.3742948270033,3000.0,3000.0,3000.0,3000.0,3000.0,1492.8759975409985,1374.4667908026483,1300.3742948270033,3000.0,3000.0,3000.0,3000.0,3000.0,1492.8759975409985,1374.4667908026483,1300.3742948270033,3000.0,3000.0,3000.0,3000.0,3000.0,1492.8759975409985,1374.4667908026483,1300.3742948270033,3000.0,3000.0,3000.0,3000.0,3000.0,1492.8759975409985,1374.4667908026483,1300.3742948270033,3000.0,3000.0,3000.0,3000.0,3000.0,1492.8759975409985,1374.4667908026483,1300.3742948270033,3000.0,3000.0,3000.0,3000.0,3000.0,3000.0,3000.0,3000.0,3000.0,3000.0,3000.0,3000.0,3000.0,3000.0,3000.0,3000.0,3000.0,3000.0,3000.0,3000.0,3000.0,3000.0,3000.0,3000.0,3000.0,3000.0,3000.0,3000.0,3000.0,3000.0,3000.0,3000.0,3000.0,3000.0,3000.0,3000.0,3000.0,3000.0,3000.0,3000.0,3000.0,3000.0,3000.0,3000.0,3000.0,3000.0,3000.0,3000.0,3000.0,3000.0,3000.0,3000.0,3000.0,3000.0,3000.0,3000.0,3000.0,3000.0,3000.0,3000.0,3000.0,3000.0,3000.0,3000.0
10800,3000.0,3000.0,3000.0,3000.0,3000.0,3000.0,3000.0,3000.0,3000.0,3000.0,3000.0,3000.0,3000.0,3000.0,3000.0,3000.0,3000.0,3000.0,3000.0,3000.0,3000.0,3000.0,3000.0,3000.0,3000.0,3000.0,3000.0,3000.0,3000.0,3000.0,3000.0,3000.0,3000.0,3000.0,3000.0,3000.0,3000.0,3000.0,3000.0,3000.0,3000.0,3000.0,3000.0,3000.0,3000.0,3000.0,3000.0,3000.0,3000.0,3000.0,3000.0,3000.0,3000.0,3000.0,3000.0,3000.0,3000.0,3000.0,3000.0,3000.0,3000.0,3000.0,3000.0,3000.0,3000.0,3000.0,3000.0,3000.0,3000.0,3000.0,3000.0,3000.0,3000.0,3000.0,3000.0,3000.0,3000.0,3000.0,3000.0,3000.0,3000.0,3000.0,3000.0,3000.0,3000.0,3000.0,3000.0,3000.0,3000.0,3000.0,3000.0,3000.0,3000.0,3000.0,3000.0,3000.0,3000.0,3000.0,3000.0,3000.0,3000.0,3000.0,3000.0,3000.0,3000.0,3000.0,3000.0,3000.0,3000.0,3000.0,3000.0,3000.0,3000.0,3000.0,3000.0,3000.0,3000.0,3000.0,3000.0,3000.0,3000.0,3000.0,3000.0,3000.0,3000.0,3000.0,3000.0,3000.0,1277.9257435812867,1252.2413495151084,1255.052472273923,1286.6832913660533,1350.906938787245,1456.1148076815034,3000.0,3000.0,1277.9257435812867,1252.2413495151084,1255.052472273923,1286.6832913660533,1350.906938787245,1456.1148076815034,3000.0,3000.0,1277.9257435812867,1252.2413495151084,1255.052472273923,1286.6832913660533,1350.906938787245,1456.1148076815034,3000.0,3000.0,1277.9257435812867,1252.2413495151084,1255.052472273923,1286.6832913660533,1350.906938787245,1456.1148076815034,3000.0,3000.0,1277.9257435812867,1252.2413495151084,1255.052472273923,1286.6832913660533,1350.906938787245,1456.1148076815034,3000.0,3000.0,1277.9257435812867,1252.2413495151084,1255.052472273923,1286.6832913660533,1350.906938787245,1456.1148076815034,3000.0,3000.0,1277.9257435812867,1252.2413495151084,1255.052472273923,1286.6832913660533,1350.906938787245,1456.1148076815034,3000.0,3000.0,1277.9257435812867,1252.2413495151084,1255.052472273923,1286.6832913660533,1350.906938787245,1456.1148076815034,3000.0,3000.0,3000.0,3000.0,3000.0,3000.0,3000.0,3000.0,3000.0,3000.0,3000.0,3000.0,3000.0,3000.0,3000.0,3000.0,3000.0,3000.0,3000.0,3000.0,3000.0,3000.0,3000.0,3000.0,3000.0,3000.0,3000.0,3000.0,3000.0,3000.0,3000.0,3000.0,3000.0,3000.0,3000.0,3000.0,3000.0,3000.0,3000.0,3000.0,3000.0,3000.0,3000.0,3000.0,3000.0,3000.0,3000.0,3000.0,3000.0,3000.0,3000.0,3000.0,3000.0,3000.0,3000.0,3000.0,3000.0,3000.0,3000.0,3000.0,3000.0,3000.0,3000.0,3000.0,3000.0,3000.0,3000.0,3000.0,3000.0,3000.0,1580.1362270115583,1431.1750211605295,1335.1350598016766,1277.9257435812867,3000.0,3000.0,3000.0,3000.0,1580.1362270115583,1431.1750211605295,1335.1350598016766,1277.9257435812867,3000.0,3000.0,3000.0,3000.0,1580.1362270115583,1431.1750211605295,1335.1350598016766,1277.9257435812867,3000.0,3000.0,3000.0,3000.0,1580.1362270115583,1431.1750211605295,1335.1350598016766,1277.9257435812867,3000.0,3000.0,3000.0,3000.0,1580.1362270115583,1431.1750211605295,1335.1350598016766,1277.9257435812867,3000.0,3000.0,3000.0,3000.0,1580.1362270115583,1431.1750211605295,1335.1350598016766,1277.9257435812867,3000.0,3000.0,3000.0,3000.0,1580.1362270115583,1431.1750211605295,1335.1350598016766,1277.9257435812867,3000.0,3000.0,3000.0,3000.0,1580.1362270115583,1431.1750211605295,1335.1350598016766,1277.9257435812867,3000.0,3000.0,3000.0,3000.0,3000.0,3000.0,3000.0,3000.0,3000.0,3000.0,3000.0,3000.0,3000.0,3000.0,3000.0,3000.0,3000.0,3000.0,3000.0,3000.0,3000.0,3000.0,3000.0,3000.0,3000.0,3000.0,3000.0,3000.0,3000.0,3000.0,3000.0,3000.0,3000.0,3000.0,3000.0,3000.0,3000.0,3000.0,3000.0,3000.0,3000.0,3000.0,3000.0,3000.0,3000.0,3000.0,3000.0,3000.0,3000.0,3000.0,3000.0,3000.0,3000.0,3000.0,3000.0,3000.0,3000.0,3000.0,3000.0,3000.0,3000.0,3000.0,3000.0,3000.0
10867,3000.0,3000.0,3000.0,3000.0,3000.0,3000.0,3000.0,3000.0,3000.0,3000.0,3000.0,3000.0,3000.0,3000.0,3000.0,3000.0,3000.0,3000.0,3000.0,3000.0,3000.0,3000.0,3000.0,3000.0,3000.0,3000.0,3000.0,3000.0,3000.0,3000.0,3000.0,3000.0,3000.0,3000.0,3000.0,3000.0,3000.0,3000.0,3000.0,3000.0,3000.0,3000.0,3000.0,3000.0,3000.0,3000.0,3000.0,3000.0,3000.0,3000.0,3000.0,3000.0,3000.0,3000.0,3000.0,3000.0,3000.0,3000.0,3000.0,3000.0,3000.0,3000.0,3000.0,3000.0,3000.0,3000.0,3000.0,3000.0,3000.0,3000.0,3000.0,3000.0,3000.0,3000.0,3000.0,3000.0,3000.0,3000.0,3000.0,3000.0,3000.0,3000.0,3000.0,3000.0,3000.0,3000.0,3000.0,3000.0,3000.0,3000.0,3000.0,3000.0,3000.0,3000.0,3000.0,3000.0,3000.0,3000.0,3000.0,3000.0,3000.0,3000.0,3000.0,3000.0,3000.0,3000.0,3000.0,3000.0,3000.0,3000.0,3000.0,3000.0,3000.0,3000.0,3000.0,3000.0,3000.0,3000.0,3000.0,3000.0,3000.0,3000.0,3000.0,3000.0,3000.0,3000.0,3000.0,3000.0,1262.2844656482728,1250.0621693969445,1266.085324654798,1312.2179668881329,1394.1605590060447,1523.3135018131386,3000.0,3000.0,1262.2844656482728,1250.0621693969445,1266.085324654798,1312.2179668881329,1394.1605590060447,1523.3135018131386,3000.0,3000.0,1262.2844656482728,1250.0621693969445,1266.085324654798,1312.2179668881329,1394.1605590060447,1523.3135018131386,3000.0,3000.0,1262.2844656482728,1250.0621693969445,1266.085324654798,1312.2179668881329,1394.1605590060447,1523.3135018131386,3000.0,3000.0,1262.2844656482728,1250.0621693969445,1266.085324654798,1312.2179668881329,1394.1605590060447,1523.3135018131386,3000.0,3000.0,1262.2844656482728,1250.0621693969445,1266.085324654798,1312.2179668881329,1394.1605590060447,1523.3135018131386,3000.0,3000.0,1262.2844656482728,1250.0621693969445,1266.085324654798,1312.2179668881329,1394.1605590060447,1523.3135018131386,3000.0,3000.0,1262.2844656482728,1250.0621693969445,1266.085324654798,1312.2179668881329,1394.1605590060447,1523.3135018131386,3000.0,3000.0,3000.0,3000.0,3000.0,3000.0,3000.0,3000.0,3000.0,3000.0,3000.0,3000.0,3000.0,3000.0,3000.0,3000.0,3000.0,3000.0,3000.0,3000.0,3000.0,3000.0,3000.0,3000.0,3000.0,3000.0,3000.0,3000.0,3000.0,3000.0,3000.0,3000.0,3000.0,3000.0,3000.0,3000.0,3000.0,3000.0,3000.0,3000.0,3000.0,3000.0,3000.0,3000.0,3000.0,3000.0,3000.0,3000.0,3000.0,3000.0,3000.0,3000.0,3000.0,3000.0,3000.0,3000.0,3000.0,3000.0,3000.0,3000.0,3000.0,3000.0,3000.0,3000.0,3000.0,3000.0,3000.0,3000.0,3000.0,3000.0,1502.736623955439,1380.8321242485192,1304.168755905047,1262.2844656482728,3000.0,3000.0,3000.0,3000.0,1502.736623955439,1380.8321242485192,1304.168755905047,1262.2844656482728,3000.0,3000.0,3000.0,3000.0,1502.736623955439,1380.8321242485192,1304.168755905047,1262.2844656482728,3000.0,3000.0,3000.0,3000.0,1502.736623955439,1380.8321242485192,1304.168755905047,1262.2844656482728,3000.0,3000.0,3000.0,3000.0,1502.736623955439,1380.8321242485192,1304.168755905047,1262.2844656482728,3000.0,3000.0,3000.0,3000.0,1502.736623955439,1380.8321242485192,1304.168755905047,1262.2844656482728,3000.0,3000.0,3000.0,3000.0,1502.736623955439,1380.8321242485192,1304.168755905047,1262.2844656482728,3000.0,3000.0,3000.0,3000.0,1502.736623955439,1380.8321242485192,1304.168755905047,1262.2844656482728,3000.0,3000.0,3000.0,3000.0,3000.0,3000.0,3000.0,3000.0,3000.0,3000.0,3000.0,3000.0,3000.0,3000.0,3000.0,3000.0,3000.0,3000.0,3000.0,3000.0,3000.0,3000.0,3000.0,3000.0,3000.0,3000.0,3000.0,3000.0,3000.0,3000.0,3000.0,3000.0,3000.0,3000.0,3000.0,3000.0,3000.0,3000.0,3000.0,3000.0,3000.0,3000.0,3000.0,3000.0,3000.0,3000.0,3000.0,3000.0,3000.0,3000.0,3000.0,3000.0,3000.0,3000.0,3000.0,3000.0,3000.0,3000.0,3000.0,3000.0,3000.0,3000.0,3000.0,3000.0
10933,3000.0,3000.0,3000.0,3000.0,3000.0,3000.0,3000.0,3000.0,3000.0,3000.0,3000.0,3000.0,3000.0,3000.0,3000.0,3000.0,3000.0,3000.0,3000.0,3000.0,3000.0,3000.0,3000.0,3000.0,3000.0,3000.0,3000.0,3000.0,3000.0,3000.0,3000.0,3000.0,3000.0,3000.0,3000.0,3000.0,3000.0,3000.0,3000.0,3000.0,3000.0,3000.0,3000.0,3000.0,3000.0,3000.0,3000.0,3000.0,3000.0,3000.0,3000.0,3000.0,3000.0,3000.0,3000.0,3000.0,3000.0,3000.0,3000.0,3000.0,3000.0,3000.0,3000.0,3000.0,3000.0,3000.0,3000.0,3000.0,3000.0,3000.0,3000.0,3000.0,3000.0,3000.0,3000.0,3000.0,3000.0,3000.0,3000.0,3000.0,3000.0,3000.0,3000.0,3000.0,3000.0,3000.0,3000.0,3000.0,3000.0,3000.0,3000.0,3000.0,3000.0,3000.0,3000.0,3000.0,3000.0,3000.0,3000.0,3000.0,3000.0,3000.0,3000.0,3000.0,3000.0,3000.0,3000.0,3000.0,3000.0,3000.0,3000.0,3000.0,3000.0,3000.0,3000.0,3000.0,3000.0,3000.0,3000.0,3000.0,3000.0,3000.0,3000.0,3000.0,3000.0,3000.0,3000.0,3000.0,1253.0523726014653,1253.989257138668,1283.623015842213,1345.4743880566039,1447.56125002993,3000.0,3000.0,3000.0,1253.0523726014653,1253.989257138668,1283.623015842213,1345.4743880566039,1447.56125002993,3000.0,3000.0,3000.0,1253.0523726014653,1253.989257138668,1283.623015842213,1345.4743880566039,1447.56125002993,3000.0,3000.0,3000.0,1253.0523726014653,1253.989257138668,1283.623015842213,1345.4743880566039,1447.56125002993,3000.0,3000.0,3000.0,1253.0523726014653,1253.989257138668,1283.623015842213,1345.4743880566039,1447.56125002993,3000.0,3000.0,3000.0,1253.0523726014653,1253.989257138668,1283.623015842213,1345.4743880566039,1447.56125002993,3000.0,3000.0,3000.0,1253.0523726014653,1253.989257138668,1283.623015842213,1345.4743880566039,1447.56125002993,3000.0,3000.0,3000.0,1253.0523726014653,1253.989257138668,1283.623015842213,1345.4743880566039,1447.56125002993,3000.0,3000.0,3000.0,3000.0,3000.0,3000.0,3000.0,3000.0,3000.0,3000.0,3000.0,3000.0,3000.0,3000.0,3000.0,3000.0,3000.0,3000.0,3000.0,3000.0,3000.0,3000.0,3000.0,3000.0,3000.0,3000.0,3000.0,3000.0,3000.0,3000.0,3000.0,3000.0,3000.0,3000.0,3000.0,3000.0,3000.0,3000.0,3000.0,3000.0,3000.0,3000.0,3000.0,3000.0,3000.0,3000.0,3000.0,3000.0,3000.0,3000.0,3000.0,3000.0,3000.0,3000.0,3000.0,3000.0,3000.0,3000.0,3000.0,3000.0,3000.0,3000.0,3000.0,3000.0,3000.0,3000.0,3000.0,3000.0,3000.0,3000.0,1592.4969141518175,1439.2499172334137,1340.218127672705,1280.704347420156,1253.0523726014653,3000.0,3000.0,3000.0,1592.4969141518175,1439.2499172334137,1340.218127672705,1280.704347420156,1253.0523726014653,3000.0,3000.0,3000.0,1592.4969141518175,1439.2499172334137,1340.218127672705,1280.704347420156,1253.0523726014653,3000.0,3000.0,3000.0,1592.4969141518175,1439.2499172334137,1340.218127672705,1280.704347420156,1253.0523726014653,3000.0,3000.0,3000.0,1592.4969141518175,1439.2499172334137,1340.218127672705,1280.704347420156,1253.0523726014653,3000.0,3000.0,3000.0,1592.4969141518175,1439.2499172334137,1340.218127672705,1280.704347420156,1253.0523726014653,3000.0,3000.0,3000.0,1592.4969141518175,1439.2499172334137,1340.218127672705,1280.704347420156,1253.0523726014653,3000.0,3000.0,3000.0,1592.4969141518175,1439.2499172334137,1340.218127672705,1280.704347420156,1253.0523726014653,3000.0,3000.0,3000.0,3000.0,3000.0,3000.0,3000.0,3000.0,3000.0,3000.0,3000.0,3000.0,3000.0,3000.0,3000.0,3000.0,3000.0,3000.0,3000.0,3000.0,3000.0,3000.0,3000.0,3000.0,3000.0,3000.0,3000.0,3000.0,3000.0,3000.0,3000.0,3000.0,3000.0,3000.0,3000.0,3000.0,3000.0,3000.0,3000.0,3000.0,3000.0,3000.0,3000.0,3000.0,3000.0,3000.0,3000.0,3000.0,3000.0,3000.0,3000.0,3000.0,3000.0,3000.0,3000.0,3000.0,3000.0,3000.0,3000.0,3000.0,3000.0,3000.0,3000.0,3000.0
11000,3000.0,3000.0,3000.0,3000.0,3000.0,3000.0,3000.0,3000.0,3000.0,3000.0,3000.0,3000.0,3000.0,3000.0,3000.0,3000.0,3000.0,3000.0,3000.0,3000.0,3000.0,3000.0,3000.0,3000.0,3000.0,3000.0,3000.0,3000.0,3000.0,3000.0,3000.0,3000.0,3000.0,3000.0,3000.0,3000.0,3000.0,3000.0,3000.0,3000.0,3000.0,3000.0,3000.0,3000.0,3000.0,3000.0,3000.0,3000.0,3000.0,3000.0,3000.0,3000.0,3000.0,3000.0,3000.0,3000.0,3000.0,3000.0,3000.0,3000.0,3000.0,3000.0,3000.0,3000.0,3000.0,3000.0,3000.0,3000.0,3000.0,3000.0,3000.0,3000.0,3000.0,3000.0,3000.0,3000.0,3000.0,3000.0,3000.0,3000.0,3000.0,3000.0,3000.0,3000.0,3000.0,3000.0,3000.0,3000.0,3000.0,3000.0,3000.0,3000.0,3000.0,3000.0,3000.0,3000.0,3000.0,3000.0,3000.0,3000.0,3000.0,3000.0,3000.0,3000.0,3000.0,3000.0,3000.0,3000.0,3000.0,3000.0,3000.0,3000.0,3000.0,3000.0,3000.0,3000.0,3000.0,3000.0,3000.0,3000.0,3000.0,3000.0,3000.0,3000.0,3000.0,3000.0,3000.0,3000.0,1250.0,1264.119166644397,1308.1159200335724,1387.3953302184273,1512.8798585309883,3000.0,3000.0,3000.0,1250.0,1264.119166644397,1308.1159200335724,1387.3953302184273,1512.8798585309883,3000.0,3000.0,3000.0,1250.0,1264.119166644397,1308.1159200335724,1387.3953302184273,1512.8798585309883,3000.0,3000.0,3000.0,1250.0,1264.119166644397,1308.1159200335724,1387.3953302184273,1512.8798585309883,3000.0,3000.0,3000.0,1250.0,1264.119166644397,1308.1159200335724,1387.3953302184273,1512.8798585309883,3000.0,3000.0,3000.0,1250.0,1264.119166644397,1308.1159200335724,1387.3953302184273,1512.8798585309883,3000.0,3000.0,3000.0,1250.0,1264.119166644397,1308.1159200335724,1387.3953302184273,1512.8798585309883,3000.0,3000.0,3000.0,1250.0,1264.119166644397,1308.1159200335724,1387.3953302184273,1512.8798585309883,3000.0,3000.0,3000.0,3000.0,3000.0,3000.0,3000.0,3000.0,3000.0,3000.0,3000.0,3000.0,3000.0,3000.0,3000.0,3000.0,3000.0,3000.0,3000.0,3000.0,3000.0,3000.0,3000.0,3000.0,3000.0,3000.0,3000.0,3000.0,3000.0,3000.0,3000.0,3000.0,3000.0,3000.0,3000.0,3000.0,3000.0,3000.0,3000.0,3000.0,3000.0,3000.0,3000.0,3000.0,3000.0,3000.0,3000.0,3000.0,3000.0,3000.0,3000.0,3000.0,3000.0,3000.0,3000.0,3000.0,3000.0,3000.0,3000.0,3000.0,3000.0,3000.0,3000.0,3000.0,3000.0,3000.0,3000.0,3000.0,3000.0,3000.0,1512.8798585309905,1387.3953302184289,1308.1159200335733,1264.1191666443972,1250.0,3000.0,3000.0,3000.0,1512.8798585309905,1387.3953302184289,1308.1159200335733,1264.1191666443972,1250.0,3000.0,3000.0,3000.0,1512.8798585309905,1387.3953302184289,1308.1159200335733,1264.1191666443972,1250.0,3000.0,3000.0,3000.0,1512.8798585309905,1387.3953302184289,1308.1159200335733,1264.1191666443972,1250.0,3000.0,3000.0,3000.0,1512.8798585309905,1387.3953302184289,1308.1159200335733,1264.1191666443972,1250.0,3000.0,3000.0,3000.0,1512.8798585309905,1387.3953302184289,1308.1159200335733,1264.1191666443972,1250.0,3000.0,3000.0,3000.0,1512.8798585309905,1387.3953302184289,1308.1159200335733,1264.1191666443972,1250.0,3000.0,3000.0,3000.0,1512.8798585309905,1387.3953302184289,1308.1159200335733,1264.1191666443972,1250.0,3000.0,3000.0,3000.0,3000.0,3000.0,3000.0,3000.0,3000.0,3000.0,3000.0,3000.0,3000.0,3000.0,3000.0,3000.0,3000.0,3000.0,3000.0,3000.0,3000.0,3000.0,3000.0,3000.0,3000.0,3000.0,3000.0,3000.0,3000.0,3000.0,3000.0,3000.0,3000.0,3000.0,3000.0,3000.0,3000.0,3000.0,3000.0,3000.0,3000.0,3000.0,3000.0,3000.0,3000.0,3000.0,3000.0,3000.0,3000.0,3000.0,3000.0,3000.0,3000.0,3000.0,3000.0,3000.0,3000.0,3000.0,3000.0,3000.0,3000.0,3000.0,3000.0,3000.0,3000.0
11067,3000.0,3000.0,3000.0,3000.0,3000.0,3000.0,3000.0,3000.0,3000.0,3000.0,3000.0,3000.0,3000.0,3000.0,3000.0,3000.0,3000.0,3000.0,3000.0,3000.0,3000.0,3000.0,3000.0,3000.0,3000.0,3000.0,3000.0,3000.0,3000.0,3000.0,3000.0,3000.0,3000.0,3000.0,3000.0,3000.0,3000.0,3000.0,3000.0,3000.0,3000.0,3000.0,3000.0,3000.0,3000.0,3000.0,3000.0,3000.0,3000.0,3000.0,3000.0,3000.0,3000.0,3000.0,3000.0,3000.0,3000.0,3000.0,3000.0,3000.0,3000.0,3000.0,3000.0,3000.0,3000.0,3000.0,3000.0,3000.0,3000.0,3000.0,3000.0,3000.0,3000.0,3000.0,3000.0,3000.0,3000.0,3000.0,3000.0,3000.0,3000.0,3000.0,3000.0,3000.0,3000.0,3000.0,3000.0,3000.0,3000.0,3000.0,3000.0,3000.0,3000.0,3000.0,3000.0,3000.0,3000.0,3000.0,3000.0,3000.0,3000.0,3000.0,3000.0,3000.0,3000.0,3000.0,3000.0,3000.0,3000.0,3000.0,3000.0,3000.0,3000.0,3000.0,3000.0,3000.0,3000.0,3000.0,3000.0,3000.0,3000.0,3000.0,3000.0,3000.0,3000.0,3000.0,3000.0,3000.0,1253.0523726014649,1280.7043474201553,1340.218127672704,1439.2499172334117,1592.4969141518147,3000.0,3000.0,3000.0,1253.0523726014649,1280.7043474201553,1340.218127672704,1439.2499172334117,1592.4969141518147,3000.0,3000.0,3000.0,1253.0523726014649,1280.7043474201553,1340.218127672704,1439.2499172334117,1592.4969141518147,3000.0,3000.0,3000.0,1253.0523726014649,1280.7043474201553,1340.218127672704,1439.2499172334117,1592.4969141518147,3000.0,3000.0,3000.0,1253.0523726014649,1280.7043474201553,1340.218127672704,1439.2499172334117,1592.4969141518147,3000.0,3000.0,3000.0,1253.0523726014649,1280.7043474201553,1340.218127672704,1439.2499172334117,1592.4969141518147,3000.0,3000.0,3000.0,1253.0523726014649,1280.7043474201553,1340.218127672704,1439.2499172334117,1592.4969141518147,3000.0,3000.0,3000.0,1253.0523726014649,1280.7043474201553,1340.218127672704,1439.2499172334117,1592.4969141518147,3000.0,3000.0,3000.0,3000.0,3000.0,3000.0,3000.0,3000.0,3000.0,3000.0,3000.0,3000.0,3000.0,3000.0,3000.0,3000.0,3000.0,3000.0,3000.0,3000.0,3000.0,3000.0,3000.0,3000.0,3000.0,3000.0,3000.0,3000.0,3000.0,3000.0,3000.0,3000.0,3000.0,3000.0,3000.0,3000.0,3000.0,3000.0,3000.0,3000.0,3000.0,3000.0,3000.0,3000.0,3000.0,3000.0,3000.0,3000.0,3000.0,3000.0,3000.0,3000.0,3000.0,3000.0,3000.0,3000.0,3000.0,3000.0,3000.0,3000.0,3000.0,3000.0,3000.0,3000.0,3000.0,3000.0,3000.0,3000.0,3000.0,3000.0,1447.5612500299324,1345.4743880566052,1283.6230158422136,1253.9892571386686,1253.0523726014649,3000.0,3000.0,3000.0,1447.5612500299324,1345.4743880566052,1283.6230158422136,1253.9892571386686,1253.0523726014649,3000.0,3000.0,3000.0,1447.5612500299324,1345.4743880566052,1283.6230158422136,1253.9892571386686,1253.0523726014649,3000.0,3000.0,3000.0,1447.5612500299324,1345.4743880566052,1283.6230158422136,1253.9892571386686,1253.0523726014649,3000.0,3000.0,3000.0,1447.5612500299324,1345.4743880566052,1283.6230158422136,1253.9892571386686,1253.0523726014649,3000.0,3000.0,3000.0,1447.5612500299324,1345.4743880566052,1283.6230158422136,1253.9892571386686,1253.0523726014649,3000.0,3000.0,3000.0,1447.5612500299324,1345.4743880566052,1283.6230158422136,1253.9892571386686,1253.0523726014649,3000.0,3000.0,3000.0,1447.5612500299324,1345.4743880566052,1283.6230158422136,1253.9892571386686,1253.0523726014649,3000.0,3000.0,3000.0,3000.0,3000.0,3000.0,3000.0,3000.0,3000.0,3000.0,3000.0,3000.0,3000.0,3000.0,3000.0,3000.0,3000.0,3000.0,3000.0,3000.0,3000.0,3000.0,3000.0,3000.0,3000.0,3000.0,3000.0,3000.0,3000.0,3000.0,3000.0,3000.0,3000.0,3000.0,3000.0,3000.0,3000.0,3000.0,3000.0,3000.0,3000.0,3000.0,3000.0,3000.0,3000.0,3000.0,3000.0,3000.0,3000.0,3000.0,3000.0,3000.0,3000.0,3000.0,3000.0,3000.0,3000.0,3000.0,3000.0,3000.0,3000.0,3000.0,3000.0,3000.0
11133,3000.0,3000.0,3000.0,3000.0,3000.0,3000.0,3000.0,3000.0,3000.0,3000.0,3000.0,3000.0,3000.0,3000.0,3000.0,3000.0,3000.0,3000.0,3000.0,3000.0,3000.0,3000.0,3000.0,3000.0,3000.0,3000.0,3000.0,3000.0,3000.0,3000.0,3000.0,3000.0,3000.0,3000.0,3000.0,3000.0,3000.0,3000.0,3000.0,3000.0,3000.0,3000.0,3000.0,3000.0,3000.0,3000.0,3000.0,3000.0,3000.0,3000.0,3000.0,3000.0,3000.0,3000.0,3000.0,3000.0,3000.0,3000.0,3000.0,3000.0,3000.0,3000.0,3000.0,3000.0,3000.0,3000.0,3000.0,3000.0,3000.0,3000.0,3000.0,3000.0,3000.0,3000.0,3000.0,3000.0,3000.0,3000.0,3000.0,3000.0,3000.0,3000.0,3000.0,3000.0,3000.0,3000.0,3000.0,3000.0,3000.0,3000.0,3000.0,3000.0,3000.0,3000.0,3000.0,3000.0,3000.0,3000.0,3000.0,3000.0,3000.0,3000.0,3000.0,3000.0,3000.0,3000.0,3000.0,3000.0,3000.0,3000.0,3000.0,3000.0,3000.0,3000.0,3000.0,3000.0,3000.0,3000.0,3000.0,3000.0,3000.0,3000.0,3000.0,3000.0,3000.0,3000.0,3000.0,3000.0,1262.2844656482723,1304.168755905046,1380.8321242485179,1502.7366239554365,3000.0,3000.0,3000.0,3000.0,1262.2844656482723,1304.168755905046,1380.8321242485179,1502.7366239554365,3000.0,3000.0,3000.0,3000.0,1262.2844656482723,1304.168755905046,1380.8321242485179,1502.7366239554365,3000.0,3000.0,3000.0,3000.0,1262.2844656482723,1304.168755905046,1380.8321242485179,1502.7366239554365,3000.0,3000.0,3000.0,3000.0,1262.2844656482723,1304.168755905046,1380.8321242485179,1502.7366239554365,3000.0,3000.0,3000.0,3000.0,1262.2844656482723,1304.168755905046,1380.8321242485179,1502.7366239554365,3000.0,3000.0,3000.0,3000.0,1262.2844656482723,1304.168755905046,1380.8321242485179,1502.7366239554365,3000.0,3000.0,3000.0,3000.0,1262.2844656482723,1304.168755905046,1380.8321242485179,1502.7366239554365,3000.0,3000.0,3000.0,3000.0,3000.0,3000.0,3000.0,3000.0,3000.0,3000.0,3000.0,3000.0,3000.0,3000.0,3000.0,3000.0,3000.0,3000.0,3000.0,3000.0,3000.0,3000.0,3000.0,3000.0,3000.0,3000.0,3000.0,3000.0,3000.0,3000.0,3000.0,3000.0,3000.0,3000.0,3000.0,3000.0,3000.0,3000.0,3000.0,3000.0,3000.0,3000.0,3000.0,3000.0,3000.0,3000.0,3000.0,3000.0,3000.0,3000.0,3000.0,3000.0,3000.0,3000.0,3000.0,3000.0,3000.0,3000.0,3000.0,3000.0,3000.0,3000.0,3000.0,3000.0,3000.0,3000.0,3000.0,3000.0,3000.0,3000.0,1523.3135018131409,1394.1605590060462,1312.2179668881338,1266.0853246547983,1250.0621693969445,1262.2844656482723,3000.0,3000.0,1523.3135018131409,1394.1605590060462,1312.2179668881338,1266.0853246547983,1250.0621693969445,1262.2844656482723,3000.0,3000.0,1523.3135018131409,1394.1605590060462,1312.2179668881338,1266.0853246547983,1250.0621693969445,1262.2844656482723,3000.0,3000.0,1523.3135018131409,1394.1605590060462,1312.2179668881338,1266.0853246547983,1250.0621693969445,1262.2844656482723,3000.0,3000.0,1523.3135018131409,1394.1605590060462,1312.2179668881338,1266.0853246547983,1250.0621693969445,1262.2844656482723,3000.0,3000.0,1523.3135018131409,1394.1605590060462,1312.2179668881338,1266.0853246547983,1250.0621693969445,1262.2844656482723,3000.0,3000.0,1523.3135018131409,1394.1605590060462,1312.2179668881338,1266.0853246547983,1250.0621693969445,1262.2844656482723,3000.0,3000.0,1523.3135018131409,1394.1605590060462,1312.2179668881338,1266.0853246547983,1250.0621693969445,1262.2844656482723,3000.0,3000.0,3000.0,3000.0,3000.0,3000.0,3000.0,3000.0,3000.0,3000.0,3000.0,3000.0,3000.0,3000.0,3000.0,3000.0,3000.0,3000.0,3000.0,3000.0,3000.0,3000.0,3000.0,3000.0,3000.0,3000.0,3000.0,3000.0,3000.0,3000.0,3000.0,3000.0,3000.0,3000.0,3000.0,3000.0,3000.0,3000.0,3000.0,3000.0,3000.0,3000.0,3000.0,3000.0,3000.0,3000.0,3000.0,3000.0,3000.0,3000.0,3000.0,3000.0,3000.0,3000.0,3000.0,3000.0,3000.0,3000.0,3000.0,3000.0,3000.0,3000.0,3000.0,3000.0
11200,3000.0,3000.0,3000.0,3000.0,3000.0,3000.0,3000.0,3000.0,3000.0,3000.0,3000.0,3000.0,3000.0,3000.0,3000.0,3000.0,3000.0,3000.0,3000.0,3000.0,3000.0,3000.0,3000.0,3000.0,3000.0,3000.0,3000.0,3000.0,3000.0,3000.0,3000.0,3000.0,3000.0,3000.0,3000.0,3000.0,3000.0,3000.0,3000.0,3000.0,3000.0,3000.0,3000.0,3000.0,3000.0,3000.0,3000.0,3000.0,3000.0,3000.0,3000.0,3000.0,3000.0,3000.0,3000.0,3000.0,3000.0,3000.0,3000.0,3000.0,3000.0,3000.0,3000.0,3000.0,3000.0,3000.0,3000.0,3000.0,3000.0,3000.0,3000.0,3000.0,3000.0,3000.0,3000.0,3000.0,3000.0,3000.0,3000.0,3000.0,3000.0,3000.0,3000.0,3000.0,3000.0,3000.0,3000.0,3000.0,3000.0,3000.0,3000.0,3000.0,3000.0,3000.0,3000.0,3000.0,3000.0,3000.0,3000.0,3000.0,3000.0,3000.0,3000.0,3000.0,3000.0,3000.0,3000.0,3000.0,3000.0,3000.0,3000.0,3000.0,3000.0,3000.0,3000.0,3000.0,3000.0,3000.0,3000.0,3000.0,3000.0,3000.0,3000.0,3000.0,3000.0,3000.0,3000.0,3000.0,1277.925743581286,1335.1350598016754,1431.1750211605276,1580.1362270115553,3000.0,3000.0,3000.0,3000.0,1277.925743581286,1335.1350598016754,1431.1750211605276,1580.1362270115553,3000.0,3000.0,3000.0,3000.0,1277.925743581286,1335.1350598016754,1431.1750211605276,1580.1362270115553,3000.0,3000.0,3000.0,3000.0,1277.925743581286,1335.1350598016754,1431.1750211605276,1580.1362270115553,3000.0,3000.0,3000.0,3000.0,1277.925743581286,1335.1350598016754,1431.1750211605276,1580.1362270115553,3000.0,3000.0,3000.0,3000.0,1277.925743581286,1335.1350598016754,1431.1750211605276,1580.1362270115553,3000.0,3000.0,3000.0,3000.0,1277.925743581286,1335.1350598016754,1431.1750211605276,1580.1362270115553,3000.0,3000.0,3000.0,3000.0,1277.925743581286,1335.1350598016754,1431.1750211605276,1580.1362270115553,3000.0,3000.0,3000.0,3000.0,3000.0,3000.0,3000.0,3000.0,3000.0,3000.0,3000.0,3000.0,3000.0,3000.0,3000.0,3000.0,3000.0,3000.0,3000.0,3000.0,3000.0,3000.0,3000.0,3000.0,3000.0,3000.0,3000.0,3000.0,3000.0,3000.0,3000.0,3000.0,3000.0,3000.0,3000.0,3000.0,3000.0,3000.0,3000.0,3000.0,3000.0,3000.0,3000.0,3000.0,3000.0,3000.0,3000.0,3000.0,3000.0,3000.0,3000.0,3000.0,3000.0,3000.0,3000.0,3000.0,3000.0,3000.0,3000.0,3000.0,3000.0,3000.0,3000.0,3000.0,3000.0,3000.0,3000.0,3000.0,3000.0,3000.0,1456.1148076815055,1350.9069387872464,1286.683291366054,1255.0524722739233,1252.2413495151081,1277.925743581286,3000.0,3000.0,1456.1148076815055,1350.9069387872464,1286.683291366054,1255.0524722739233,1252.2413495151081,1277.925743581286,3000.0,3000.0,1456.1148076815055,1350.9069387872464,1286.683291366054,1255.0524722739233,1252.2413495151081,1277.925743581286,3000.0,3000.0,1456.1148076815055,1350.9069387872464,1286.683291366054,1255.0524722739233,1252.2413495151081,1277.925743581286,3000.0,3000.0,1456.1148076815055,1350.9069387872464,1286.683291366054,1255.0524722739233,1252.2413495151081,1277.925743581286,3000.0,3000.0,1456.1148076815055,1350.9069387872464,1286.683291366054,1255.0524722739233,1252.2413495151081,1277.925743581286,3000.0,3000.0,1456.1148076815055,1350.9069387872464,1286.683291366054,1255.0524722739233,1252.2413495151081,1277.925743581286,3000.0,3000.0,1456.1148076815055,1350.9069387872464,1286.683291366054,1255.0524722739233,1252.2413495151081,1277.925743581286,3000.0,3000.0,3000.0,3000.0,3000.0,3000.0,3000.0,3000.0,3000.0,3000.0,3000.0,3000.0,3000.0,3000.0,3000.0,3000.0,3000.0,3000.0,3000.0,3000.0,3000.0,3000.0,3000.0,3000.0,3000.0,3000.0,3000.0,3000.0,3000.0,3000.0,3000.0,3000.0,3000.0,3000.0,3000.0,3000.0,3000.0,3000.0,3000.0,3000.0,3000.0,3000.0,3000.0,3000.0,3000.0,3000.0,3000.0,3000.0,3000.0,3000.0,3000.0,3000.0,3000.0,3000.0,3000.0,3000.0,3000.0,3000.0,3000.0,3000.0,3000.0,3000.0,3000.0,3000.0
11267,3000.0,3000.0,3000.0,3000.0,3000.0,3000.0,3000.0,3000.0,3000.0,3000.0,3000.0,3000.0,3000.0,3000.0,3000.0,3000.0,3000.0,3000.0,3000.0,3000.0,3000.0,3000.0,3000.0,3000.0,3000.0,3000.0,3000.0,3000.0,3000.0,3000.0,3000.0,3000.0,3000.0,3000.0,3000.0,3000.0,3000.0,3000.0,3000.0,3000.0,3000.0,3000.0,3000.0,3000.0,3000.0,3000.0,3000.0,3000.0,3000.0,3000.0,3000.0,3000.0,3000.0,3000.0,3000.0,3000.0,3000.0,3000.0,3000.0,3000.0,3000.0,3000.0,3000.0,3000.0,3000.0,3000.0,3000.0,3000.0,3000.0,3000.0,3000.0,3000.0,3000.0,3000.0,3000.0,3000.0,3000.0,3000.0,3000.0,3000.0,3000.0,3000.0,3000.0,3000.0,3000.0,3000.0,3000.0,3000.0,3000.0,3000.0,3000.0,3000.0,3000.0,3000.0,3000.0,3000.0,3000.0,3000.0,3000.0,3000.0,3000.0,3000.0,3000.0,3000.0,3000.0,3000.0,3000.0,3000.0,3000.0,3000.0,3000.0,3000.0,3000.0,3000.0,3000.0,3000.0,3000.0,3000.0,3000.0,3000.0,3000.0,3000.0,3000.0,3000.0,3000.0,3000.0,3000.0,3000.0,1300.374294827003,1374.466790802648,1492.875997540998,3000.0,3000.0,3000.0,3000.0,3000.0,1300.374294827003,1374.466790802648,1492.875997540998,3000.0,3000.0,3000.0,3000.0,3000.0,1300.374294827003,1374.466790802648,1492.875997540998,3000.0,3000.0,3000.0,3000.0,3000.0,1300.374294827003,1374.466790802648,1492.875997540998,3000.0,3000.0,3000.0,3000.0,3000.0,1300.374294827003,1374.466790802648,1492.875997540998,3000.0,3000.0,3000.0,3000.0,3000.0,1300.374294827003,1374.466790802648,1492.875997540998,3000.0,3000.0,3000.0,3000.0,3000.0,1300.374294827003,1374.466790802648,1492.875997540998,3000.0,3000.0,3000.0,3000.0,3000.0,1300.374294827003,1374.466790802648,1492.875997540998,3000.0,3000.0,3000.0,3000.0,3000.0,3000.0,3000.0,3000.0,3000.0,3000.0,3000.0,3000.0,3000.0,3000.0,3000.0,3000.0,3000.0,3000.0,3000.0,3000.0,3000.0,3000.0,3000.0,3000.0,3000.0,3000.0,3000.0,3000.0,3000.0,3000.0,3000.0,3000.0,3000.0,3000.0,3000.0,3000.0,3000.0,3000.0,3000.0,3000.0,3000.0,3000.0,3000.0,3000.0,3000.0,3000.0,3000.0,3000.0,3000.0,3000.0,3000.0,3000.0,3000.0,3000.0,3000.0,3000.0,3000.0,3000.0,3000.0,3000.0,3000.0,3000.0,3000.0,3000.0,3000.0,3000.0,3000.0,3000.0,3000.0,3000.0,1534.0457018004274,1401.132136456413,1316.4771781750094,1268.1839461491395,1250.248708511741,1260.5802858571578,1300.374294827003,3000.0,1534.0457018004274,1401.132136456413,1316.4771781750094,1268.1839461491395,1250.248708511741,1260.5802858571578,1300.374294827003,3000.0,1534.0457018004274,1401.132136456413,1316.4771781750094,1268.1839461491395,1250.248708511741,1260.5802858571578,1300.374294827003,3000.0,1534.0457018004274,1401.132136456413,1316.4771781750094,1268.1839461491395,1250.248708511741,1260.5802858571578,1300.374294827003,3000.0,1534.0457018004274,1401.132136456413,1316.4771781750094,1268.1839461491395,1250.248708511741,1260.5802858571578,1300.374294827003,3000.0,1534.0457018004274,1401.132136456413,1316.4771781750094,1268.1839461491395,1250.248708511741,1260.5802858571578,1300.374294827003,3000.0,1534.0457018004274,1401.132136456413,1316.4771781750094,1268.1839461491395,1250.248708511741,1260.5802858571578,1300.374294827003,3000.0,1534.0457018004274,1401.132136456413,1316.4771781750094,1268.1839461491395,1250.248708511741,1260.5802858571578,1300.374294827003,3000.0,3000.0,3000.0,3000.0,3000.0,3000.0,3000.0,3000.0,3000.0,3000.0,3000.0,3000.0,3000.0,3000.0,3000.0,3000.0,3000.0,3000.0,3000.0,3000.0,3000.0,3000.0,3000.0,3000.0,3000.0,3000.0,3000.0,3000.0,3000.0,3000.0,3000.0,3000.0,3000.0,3000.0,3000.0,3000.0,3000.0,3000.0,3000.0,3000.0,3000.0,3000.0,3000.0,3000.0,3000.0,3000.0,3000.0,3000.0,3000.0,3000.0,3000.0,3000.0,3000.0,3000.0,3000.0,3000.0,3000.0,3000.0,3000.0,3000.0,3000.0,3000.0,3000.0,3000.0
11333,3000.0,3000.0,3000.0,3000.0,3000.0,3000.0,3000.0,3000.0,3000.0,3000.0,3000.0,3000.0,3000.0,3000.0,3000.0,3000.0,3000.0,3000.0,3000.0,3000.0,3000.0,3000.0,3000.0,3000.0,3000.0,3000.0,3000.0,3000.0,3000.0,3000.0,3000.0,3000.0,3000.0,3000.0,3000.0,3000.0,3000.0,3000.0,3000.0,3000.0,3000.0,3000.0,3000.0,3000.0,3000.0,3000.0,3000.0,3000.0,3000.0,3000.0,3000.0,3000.0,3000.0,3000.0,3000.0,3000.0,3000.0,3000.0,3000.0,3000.0,3000.0,3000.0,3000.0,3000.0,3000.0,3000.0,3000.0,3000.0,3000.0,3000.0,3000.0,3000.0,3000.0,3000.0,3000.0,3000.0,3000.0,3000.0,3000.0,3000.0,3000.0,3000.0,3000.0,3000.0,3000.0,3000.0,3000.0,3000.0,3000.0,3000.0,3000.0,3000.0,3000.0,3000.0,3000.0,3000.0,3000.0,3000.0,3000.0,3000.0,3000.0,3000.0,3000.0,3000.0,3000.0,3000.0,3000.0,3000.0,3000.0,3000.0,3000.0,3000.0,3000.0,3000.0,3000.0,3000.0,3000.0,3000.0,3000.0,3000.0,3000.0,3000.0,3000.0,3000.0,3000.0,3000.0,3000.0,3000.0,1330.2222155948903,1423.3310111058304,1568.1207185425083,3000.0,3000.0,3000.0,3000.0,3000.0,1330.2222155948903,1423.3310111058304,1568.1207185425083,3000.0,3000.0,3000.0,3000.0,3000.0,1330.2222155948903,1423.3310111058304,1568.1207185425083,3000.0,3000.0,3000.0,3000.0,3000.0,1330.2222155948903,1423.3310111058304,1568.1207185425083,3000.0,3000.0,3000.0,3000.0,3000.0,1330.2222155948903,1423.3310111058304,1568.1207185425083,3000.0,3000.0,3000.0,3000.0,3000.0,1330.2222155948903,1423.3310111058304,1568.1207185425083,3000.0,3000.0,3000.0,3000.0,3000.0,1330.2222155948903,1423.3310111058304,1568.1207185425083,3000.0,3000.0,3000.0,3000.0,3000.0,1330.2222155948903,1423.3310111058304,1568.1207185425083,3000.0,3000.0,3000.0,3000.0,3000.0,3000.0,3000.0,3000.0,3000.0,3000.0,3000.0,3000.0,3000.0,3000.0,3000.0,3000.0,3000.0,3000.0,3000.0,3000.0,3000.0,3000.0,3000.0,3000.0,3000.0,3000.0,3000.0,3000.0,3000.0,3000.0,3000.0,3000.0,3000.0,3000.0,3000.0,3000.0,3000.0,3000.0,3000.0,3000.0,3000.0,3000.0,3000.0,3000.0,3000.0,3000.0,3000.0,3000.0,3000.0,3000.0,3000.0,3000.0,3000.0,3000.0,3000.0,3000.0,3000.0,3000.0,3000.0,3000.0,3000.0,3000.0,3000.0,3000.0,3000.0,3000.0,3000.0,3000.0,3000.0,3000.0,1464.9166268002627,1356.519011448767,1289.8868003232878,1256.2425514336148,1251.5557824364819,1275.2857435773587,1330.2222155948903,3000.0,1464.9166268002627,1356.519011448767,1289.8868003232878,1256.2425514336148,1251.5557824364819,1275.2857435773587,1330.2222155948903,3000.0,1464.9166268002627,1356.519011448767,1289.8868003232878,1256.2425514336148,1251.5557824364819,1275.2857435773587,1330.2222155948903,3000.0,1464.9166268002627,1356.519011448767,1289.8868003232878,1256.2425514336148,1251.5557824364819,1275.2857435773587,1330.2222155948903,3000.0,1464.9166268002627,1356.519011448767,1289.8868003232878,1256.2425514336148,1251.5557824364819,1275.2857435773587,1330.2222155948903,3000.0,1464.9166268002627,1356.519011448767,1289.8868003232878,1256.2425514336148,1251.5557824364819,1275.2857435773587,1330.2222155948903,3000.0,1464.9166268002627,1356.519011448767,1289.8868003232878,1256.2425514336148,1251.5557824364819,1275.2857435773587,1330.2222155948903,3000.0,1464.9166268002627,1356.519011448767,1289.8868003232878,1256.2425514336148,1251.5557824364819,1275.2857435773587,1330.2222155948903,3000.0,3000.0,3000.0,3000.0,3000.0,3000.0,3000.0,3000.0,3000.0,3000.0,3000.0,3000.0,3000.0,3000.0,3000.0,3000.0,3000.0,3000.0,3000.0,3000.0,3000.0,3000.0,3000.0,3000.0,3000.0,3000.0,3000.0,3000.0,3000.0,3000.0,3000.0,3000.0,3000.0,3000.0,3000.0,3000.0,3000.0,3000.0,3000.0,3000.0,3000.0,3000.0,3000.0,3000.0,3000.0,3000.0,3000.0,3000.0,3000.0,3000.0,3000.0,3000.0,3000.0,3000.0,3000.0,3000.0,3000.0,3000.0,3000.0,3000.0,3000.0,3000.0,3000.0,3000.0
11400,3000.0,3000.0,3000.0,3000.0,3000.0,3000.0,3000.0,3000.0,3000.0,3000.0,3000.0,3000.0,3000.0,3000.0,3000.0,3000.0,3000.0,3000.0,3000.0,3000.0,3000.0,3000.0,3000.0,3000.0,3000.0,3000.0,3000.0,3000.0,3000.0,3000.0,3000.0,3000.0,3000.0,3000.0,3000.0,3000.0,3000.0,3000.0,3000.0,3000.0,3000.0,3000.0,3000.0,3000.0,3000.0,3000.0,3000.0,3000.0,3000.0,3000.0,3000.0,3000.0,3000.0,3000.0,3000.0,3000.0,3000.0,3000.0,3000.0,3000.0,3000.0,3000.0,3000.0,3000.0,3000.0,3000.0,3000.0,3000.0,3000.0,3000.0,3000.0,3000.0,3000.0,3000.0,3000.0,3000.0,3000.0,3000.0,3000.0,3000.0,3000.0,3000.0,3000.0,3000.0,3000.0,3000.0,3000.0,3000.0,3000.0,3000.0,3000.0,3000.0,3000.0,3000.0,3000.0,3000.0,3000.0,3000.0,3000.0,3000.0,3000.0,3000.0,3000.0,3000.0,3000.0,3000.0,3000.0,3000.0,3000.0,3000.0,3000.0,3000.0,3000.0,3000.0,3000.0,3000.0,3000.0,3000.0,3000.0,3000.0,3000.0,3000.0,3000.0,3000.0,3000.0,3000.0,3000.0,3000.0,1368.295348132558,1483.290509347781,3000.0,3000.0,3000.0,3000.0,3000.0,3000.0,1368.295348132558,1483.290509347781,3000.0,3000.0,3000.0,3000.0,3000.0,3000.0,1368.295348132558,1483.290509347781,3000.0,3000.0,3000.0,3000.0,3000.0,3000.0,1368.295348132558,1483.290509347781,3000.0,3000.0,3000.0,3000.0,3000.0,3000.0,1368.295348132558,1483.290509347781,3000.0,3000.0,3000.0,3000.0,3000.0,3000.0,1368.295348132558,1483.290509347781,3000.0,3000.0,3000.0,3000.0,3000.0,3000.0,1368.295348132558,1483.290509347781,3000.0,3000.0,3000.0,3000.0,3000.0,3000.0,1368.295348132558,1483.290509347781,3000.0,3000.0,3000.0,3000.0,3000.0,3000.0,3000.0,3000.0,3000.0,3000.0,3000.0,3000.0,3000.0,1545.0849718747377,3000.0,3000.0,3000.0,3000.0,3000.0,3000.0,3000.0,1545.0849718747377,3000.0,3000.0,3000.0,3000.0,3000.0,3000.0,3000.0,1545.0849718747377,3000.0,3000.0,3000.0,3000.0,3000.0,3000.0,3000.0,1545.0849718747377,3000.0,3000.0,3000.0,3000.0,3000.0,3000.0,3000.0,1545.0849718747377,3000.0,3000.0,3000.0,3000.0,3000.0,3000.0,3000.0,1545.0849718747377,3000.0,3000.0,3000.0,3000.0,3000.0,3000.0,3000.0,1545.0849718747377,3000.0,3000.0,3000.0,3000.0,3000.0,3000.0,3000.0,1545.0849718747377,1545.0849718747384,1408.3145713744484,1320.8959408758728,1270.4161095310933,1250.5597101538165,1259.0057609440842,1296.7304560858968,1368.295348132558,1545.0849718747384,1408.3145713744484,1320.8959408758728,1270.4161095310933,1250.5597101538165,1259.0057609440842,1296.7304560858968,1368.295348132558,1545.0849718747384,1408.3145713744484,1320.8959408758728,1270.4161095310933,1250.5597101538165,1259.0057609440842,1296.7304560858968,1368.295348132558,1545.0849718747384,1408.3145713744484,1320.8959408758728,1270.4161095310933,1250.5597101538165,1259.0057609440842,1296.7304560858968,1368.295348132558,1545.0849718747384,1408.3145713744484,1320.8959408758728,1270.4161095310933,1250.5597101538165,1259.0057609440842,1296.7304560858968,1368.295348132558,1545.0849718747384,1408.3145713744484,1320.8959408758728,1270.4161095310933,1250.5597101538165,1259.0057609440842,1296.7304560858968,1368.295348132558,1545.0849718747384,1408.3145713744484,1320.8959408758728,1270.4161095310933,1250.5597101538165,1259.0057609440842,1296.7304560858968,1368.295348132558,1545.0849718747384,1408.3145713744484,1320.8959408758728,1270.4161095310933,1250.5597101538165,1259.0057609440842,1296.7304560858968,1368.295348132558,3000.0,3000.0,3000.0,3000.0,3000.0,3000.0,3000.0,3000.0,3000.0,3000.0,3000.0,3000.0,3000.0,3000.0,3000.0,3000.0,3000.0,3000.0,3000.0,3000.0,3000.0,3000.0,3000.0,3000.0,3000.0,3000.0,3000.0,3000.0,3000.0,3000.0,3000.0,3000.0,3000.0,3000.0,3000.0,3000.0,3000.0,3000.0,3000.0,3000.0,3000.0,3000.0,3000.0,3000.0,3000.0,3000.0,3000.0,3000.0,3000.0,3000.0,3000.0,3000.0,3000.0,3000.0,3000.0,3000.0,3000.0,3000.0,3000.0,3000.0,3000.0,3000.0,3000.0,3000.0
11467,3000.0,3000.0,3000.0,3000.0,3000.0,3000.0,3000.0,3000.0,3000.0,3000.0,3000.0,3000.0,3000.0,3000.0,3000.0,3000.0,3000.0,3000.0,3000.0,3000.0,3000.0,3000.0,3000.0,3000.0,3000.0,3000.0,3000.0,3000.0,3000.0,3000.0,3000.0,3000.0,3000.0,3000.0,3000.0,3000.0,3000.0,3000.0,3000.0,3000.0,3000.0,3000.0,3000.0,3000.0,3000.0,3000.0,3000.0,3000.0,3000.0,3000.0,3000.0,3000.0,3000.0,3000.0,3000.0,3000.0,3000.0,3000.0,3000.0,3000.0,3000.0,3000.0,3000.0,3000.0,3000.0,3000.0,3000.0,3000.0,3000.0,3000.0,3000.0,3000.0,3000.0,3000.0,3000.0,3000.0,3000.0,3000.0,3000.0,3000.0,3000.0,3000.0,3000.0,3000.0,3000.0,3000.0,3000.0,3000.0,3000.0,3000.0,3000.0,3000.0,3000.0,3000.0,3000.0,3000.0,3000.0,3000.0,3000.0,3000.0,3000.0,3000.0,3000.0,3000.0,3000.0,3000.0,3000.0,3000.0,3000.0,3000.0,3000.0,3000.0,3000.0,3000.0,3000.0,3000.0,3000.0,3000.0,3000.0,3000.0,3000.0,3000.0,3000.0,3000.0,3000.0,3000.0,3000.0,3000.0,1415.7125633612993,1556.4402098950754,3000.0,3000.0,3000.0,3000.0,3000.0,3000.0,1415.7125633612993,1556.4402098950754,3000.0,3000.0,3000.0,3000.0,3000.0,3000.0,1415.7125633612993,1556.4402098950754,3000.0,3000.0,3000.0,3000.0,3000.0,3000.0,1415.7125633612993,1556.4402098950754,3000.0,3000.0,3000.0,3000.0,3000.0,3000.0,1415.7125633612993,1556.4402098950754,3000.0,3000.0,3000.0,3000.0,3000.0,3000.0,1415.7125633612993,1556.4402098950754,3000.0,3000.0,3000.0,3000.0,3000.0,3000.0,1415.7125633612993,1556.4402098950754,3000.0,3000.0,3000.0,3000.0,3000.0,3000.0,1415.7125633612993,1556.4402098950754,3000.0,3000.0,3000.0,3000.0,3000.0,3000.0,3000.0,3000.0,3000.0,3000.0,3000.0,3000.0,3000.0,1473.97300420262,3000.0,3000.0,3000.0,3000.0,3000.0,3000.0,3000.0,1473.97300420262,3000.0,3000.0,3000.0,3000.0,3000.0,3000.0,3000.0,1473.97300420262,3000.0,3000.0,3000.0,3000.0,3000.0,3000.0,3000.0,1473.97300420262,3000.0,3000.0,3000.0,3000.0,3000.0,3000.0,3000.0,1473.97300420262,3000.0,3000.0,3000.0,3000.0,3000.0,3000.0,3000.0,1473.97300420262,3000.0,3000.0,3000.0,3000.0,3000.0,3000.0,3000.0,1473.97300420262,3000.0,3000.0,3000.0,3000.0,3000.0,3000.0,3000.0,1473.97300420262,1473.9730042026204,1362.313976408405,1293.235255029051,1257.560092979011,1250.9953291307672,1272.7829665104955,1325.476750677326,1415.7125633612993,1473.9730042026204,1362.313976408405,1293.235255029051,1257.560092979011,1250.9953291307672,1272.7829665104955,1325.476750677326,1415.7125633612993,1473.9730042026204,1362.313976408405,1293.235255029051,1257.560092979011,1250.9953291307672,1272.7829665104955,1325.476750677326,1415.7125633612993,1473.9730042026204,1362.313976408405,1293.235255029051,1257.560092979011,1250.9953291307672,1272.7829665104955,1325.476750677326,1415.7125633612993,1473.9730042026204,1362.313976408405,1293.235255029051,1257.560092979011,1250.9953291307672,1272.7829665104955,1325.476750677326,1415.7125633612993,1473.9730042026204,1362.313976408405,1293.235255029051,1257.560092979011,1250.9953291307672,1272.7829665104955,1325.476750677326,1415.7125633612993,1473.9730042026204,1362.313976408405,1293.235255029051,1257.560092979011,1250.9953291307672,1272.7829665104955,1325.476750677326,1415.7125633612993,1473.9730042026204,1362.313976408405,1293.235255029051,1257.560092979011,1250.9953291307672,1272.7829665104955,1325.476750677326,1415.7125633612993,3000.0,3000.0,3000.0,3000.0,3000.0,3000.0,3000.0,3000.0,3000.0,3000.0,3000.0,3000.0,3000.0,3000.0,3000.0,3000.0,3000.0,3000.0,3000.0,3000.0,3000.0,3000.0,3000.0,3000.0,3000.0,3000.0,3000.0,3000.0,3000.0,3000.0,3000.0,3000.0,3000.0,3000.0,3000.0,3000.0,3000.0,3000.0,3000.0,3000.0,3000.0,3000.0,3000.0,3000.0,3000.0,3000.0,3000.0,3000.0,3000.0,3000.0,3000.0,3000.0,3000.0,3000.0,3000.0,3000.0,3000.0,3000.0,3000.0,3000.0,3000.0,3000.0,3000.0,3000.0
11533,3000.0,3000.0,3000.0,3000.0,3000.0,3000.0,3000.0,3000.0,3000.0,3000.0,3000.0,3000.0,3000.0,3000.0,3000.0,3000.0,3000.0,3000.0,3000.0,3000.0,3000.0,3000.0,3000.0,3000.0,3000.0,3000.0,3000.0,3000.0,3000.0,3000.0,3000.0,3000.0,3000.0,3000.0,3000.0,3000.0,3000.0,3000.0,3000.0,3000.0,3000.0,3000.0,3000.0,3000.0,3000.0,3000.0,3000.0,3000.0,3000.0,3000.0,3000.0,3000.0,3000.0,3000.0,3000.0,3000.0,3000.0,3000.0,3000.0,3000.0,3000.0,3000.0,3000.0,3000.0,3000.0,3000.0,3000.0,3000.0,3000.0,3000.0,3000.0,3000.0,3000.0,3000.0,3000.0,3000.0,3000.0,3000.0,3000.0,3000.0,3000.0,3000.0,3000.0,3000.0,3000.0,3000.0,3000.0,3000.0,3000.0,3000.0,3000.0,3000.0,3000.0,3000.0,3000.0,3000.0,3000.0,3000.0,3000.0,3000.0,3000.0,3000.0,3000.0,3000.0,3000.0,3000.0,3000.0,3000.0,3000.0,3000.0,3000.0,3000.0,3000.0,3000.0,3000.0,3000.0,3000.0,3000.0,3000.0,3000.0,3000.0,3000.0,3000.0,3000.0,3000.0,3000.0,3000.0,3000.0,1473.9730042026201,3000.0,3000.0,3000.0,3000.0,3000.0,3000.0,3000.0,1473.9730042026201,3000.0,3000.0,3000.0,3000.0,3000.0,3000.0,3000.0,1473.9730042026201,3000.0,3000.0,3000.0,3000.0,3000.0,3000.0,3000.0,1473.9730042026201,3000.0,3000.0,3000.0,3000.0,3000.0,3000.0,3000.0,1473.9730042026201,3000.0,3000.0,3000.0,3000.0,3000.0,3000.0,3000.0,1473.9730042026201,3000.0,3000.0,3000.0,3000.0,3000.0,3000.0,3000.0,1473.9730042026201,3000.0,3000.0,3000.0,3000.0,3000.0,3000.0,3000.0,1473.9730042026201,3000.0,3000.0,3000.0,3000.0,3000.0,3000.0,3000.0,3000.0,3000.0,3000.0,3000.0,3000.0,3000.0,1556.4402098950732,1415.7125633612993,3000.0,3000.0,3000.0,3000.0,3000.0,3000.0,1556.4402098950732,1415.7125633612993,3000.0,3000.0,3000.0,3000.0,3000.0,3000.0,1556.4402098950732,1415.7125633612993,3000.0,3000.0,3000.0,3000.0,3000.0,3000.0,1556.4402098950732,1415.7125633612993,3000.0,3000.0,3000.0,3000.0,3000.0,3000.0,1556.4402098950732,1415.7125633612993,3000.0,3000.0,3000.0,3000.0,3000.0,3000.0,1556.4402098950732,1415.7125633612993,3000.0,3000.0,3000.0,3000.0,3000.0,3000.0,1556.4402098950732,1415.7125633612993,3000.0,3000.0,3000.0,3000.0,3000.0,3000.0,1556.4402098950732,1415.7125633612993,1415.7125633612998,1325.4767506773262,1272.7829665104957,1250.9953291307672,1257.560092979011,1293.2352550290507,1362.3139764084049,1473.9730042026201,1415.7125633612998,1325.4767506773262,1272.7829665104957,1250.9953291307672,1257.560092979011,1293.2352550290507,1362.3139764084049,1473.9730042026201,1415.7125633612998,1325.4767506773262,1272.7829665104957,1250.9953291307672,1257.560092979011,1293.2352550290507,1362.3139764084049,1473.9730042026201,1415.7125633612998,1325.4767506773262,1272.7829665104957,1250.9953291307672,1257.560092979011,1293.2352550290507,1362.3139764084049,1473.9730042026201,1415.7125633612998,1325.4767506773262,1272.7829665104957,1250.9953291307672,1257.560092979011,1293.2352550290507,1362.3139764084049,1473.9730042026201,1415.7125633612998,1325.4767506773262,1272.7829665104957,1250.9953291307672,1257.560092979011,1293.2352550290507,1362.3139764084049,1473.9730042026201,1415.7125633612998,1325.4767506773262,1272.7829665104957,1250.9953291307672,1257.560092979011,1293.2352550290507,1362.3139764084049,1473.9730042026201,1415.7125633612998,1325.4767506773262,1272.7829665104957,1250.9953291307672,1257.560092979011,1293.2352550290507,1362.3139764084049,1473.9730042026201,3000.0,3000.0,3000.0,3000.0,3000.0,3000.0,3000.0,3000.0,3000.0,3000.0,3000.0,3000.0,3000.0,3000.0,3000.0,3000.0,3000.0,3000.0,3000.0,3000.0,3000.0,3000.0,3000.0,3000.0,3000.0,3000.0,3000.0,3000.0,3000.0,3000.0,3000.0,3000.0,3000.0,3000.0,3000.0,3000.0,3000.0,3000.0,3000.0,3000.0,3000.0,3000.0,3000.0,3000.0,3000.0,3000.0,3000.0,3000.0,3000.0,3000.0,3000.0,3000.0,3000.0,3000.0,3000.0,3000.0,3000.0,3000.0,3000.0,3000.0,3000.0,3000.0,3000.0,3000.0
11600,3000.0,3000.0,3000.0,3000.0,3000.0,3000.0,3000.0,3000.0,3000.0,3000.0,3000.0,3000.0,3000.0,3000.0,3000.0,3000.0,3000.0,3000.0,3000.0,3000.0,3000.0,3000.0,3000.0,3000.0,3000.0,3000.0,3000.0,3000.0,3000.0,3000.0,3000.0,3000.0,3000.0,3000.0,3000.0,3000.0,3000.0,3000.0,3000.0,3000.0,3000.0,3000.0,3000.0,3000.0,3000.0,3000.0,3000.0,3000.0,3000.0,3000.0,3000.0,3000.0,3000.0,3000.0,3000.0,3000.0,3000.0,3000.0,3000.0,3000.0,3000.0,3000.0,3000.0,3000.0,3000.0,3000.0,3000.0,3000.0,3000.0,3000.0,3000.0,3000.0,3000.0,3000.0,3000.0,3000.0,3000.0,3000.0,3000.0,3000.0,3000.0,3000.0,3000.0,3000.0,3000.0,3000.0,3000.0,3000.0,3000.0,3000.0,3000.0,3000.0,3000.0,3000.0,3000.0,3000.0,3000.0,3000.0,3000.0,3000.0,3000.0,3000.0,3000.0,3000.0,3000.0,3000.0,3000.0,3000.0,3000.0,3000.0,3000.0,3000.0,3000.0,3000.0,3000.0,3000.0,3000.0,3000.0,3000.0,3000.0,3000.0,3000.0,3000.0,3000.0,3000.0,3000.0,3000.0,3000.0,1545.0849718747356,3000.0,3000.0,3000.0,3000.0,3000.0,3000.0,3000.0,1545.0849718747356,3000.0,3000.0,3000.0,3000.0,3000.0,3000.0,3000.0,1545.0849718747356,3000.0,3000.0,3000.0,3000.0,3000.0,3000.0,3000.0,1545.0849718747356,3000.0,3000.0,3000.0,3000.0,3000.0,3000.0,3000.0,1545.0849718747356,3000.0,3000.0,3000.0,3000.0,3000.0,3000.0,3000.0,1545.0849718747356,3000.0,3000.0,3000.0,3000.0,3000.0,3000.0,3000.0,1545.0849718747356,3000.0,3000.0,3000.0,3000.0,3000.0,3000.0,3000.0,1545.0849718747356,3000.0,3000.0,3000.0,3000.0,3000.0,3000.0,3000.0,3000.0,3000.0,3000.0,3000.0,3000.0,3000.0,1483.290509347781,1368.295348132559,3000.0,3000.0,3000.0,3000.0,3000.0,3000.0,1483.290509347781,1368.295348132559,3000.0,3000.0,3000.0,3000.0,3000.0,3000.0,1483.290509347781,1368.295348132559,3000.0,3000.0,3000.0,3000.0,3000.0,3000.0,1483.290509347781,1368.295348132559,3000.0,3000.0,3000.0,3000.0,3000.0,3000.0,1483.290509347781,1368.295348132559,3000.0,3000.0,3000.0,3000.0,3000.0,3000.0,1483.290509347781,1368.295348132559,3000.0,3000.0,3000.0,3000.0,3000.0,3000.0,1483.290509347781,1368.295348132559,3000.0,3000.0,3000.0,3000.0,3000.0,3000.0,1483.290509347781,1368.295348132559,1368.2953481325594,1296.7304560858975,1259.0057609440844,1250.5597101538162,1270.4161095310926,1320.8959408758717,1408.314571374447,1545.0849718747356,1368.2953481325594,1296.7304560858975,1259.0057609440844,1250.5597101538162,1270.4161095310926,1320.8959408758717,1408.314571374447,1545.0849718747356,1368.2953481325594,1296.7304560858975,1259.0057609440844,1250.5597101538162,1270.4161095310926,1320.8959408758717,1408.314571374447,1545.0849718747356,1368.2953481325594,1296.7304560858975,1259.0057609440844,1250.5597101538162,1270.4161095310926,1320.8959408758717,1408.314571374447,1545.0849718747356,1368.2953481325594,1296.7304560858975,1259.0057609440844,1250.5597101538162,1270.4161095310926,1320.8959408758717,1408.314571374447,1545.0849718747356,1368.2953481325594,1296.7304560858975,1259.0057609440844,1250.5597101538162,1270.4161095310926,1320.8959408758717,1408.314571374447,1545.0849718747356,1368.2953481325594,1296.7304560858975,1259.0057609440844,1250.5597101538162,1270.4161095310926,1320.8959408758717,1408.314571374447,1545.0849718747356,1368.2953481325594,1296.7304560858975,1259.0057609440844,1250.5597101538162,1270.4161095310926,1320.8959408758717,1408.314571374447,1545.0849718747356,3000.0,3000.0,3000.0,3000.0,3000.0,3000.0,3000.0,3000.0,3000.0,3000.0,3000.0,3000.0,3000.0,3000.0,3000.0,3000.0,3000.0,3000.0,3000.0,3000.0,3000.0,3000.0,3000.0,3000.0,3000.0,3000.0,3000.0,3000.0,3000.0,3000.0,3000.0,3000.0,3000.0,3000.0,3000.0,3000.0,3000.0,3000.0,3000.0,3000.0,3000.0,3000.0,3000.0,3000.0,3000.0,3000.0,3000.0,3000.0,3000.0,3000.0,3000.0,3000.0,3000.0,3000.0,3000.0,3000.0,3000.0,3000.0,3000.0,3000.0,3000.0,3000.0,3000.0,3000.0
11667,3000.0,3000.0,3000.0,3000.0,3000.0,3000.0,3000.0,3000.0,3000.0,3000.0,3000.0,3000.0,3000.0,3000.0,3000.0,3000.0,3000.0,3000.0,3000.0,3000.0,3000.0,3000.0,3000.0,3000.0,3000.0,3000.0,3000.0,3000.0,3000.0,3000.0,3000.0,3000.0,3000.0,3000.0,3000.0,3000.0,3000.0,3000.0,3000.0,3000.0,3000.0,3000.0,3000.0,3000.0,3000.0,3000.0,3000.0,3000.0,3000.0,3000.0,3000.0,3000.0,3000.0,3000.0,3000.0,3000.0,3000.0,3000.0,3000.0,3000.0,3000.0,3000.0,3000.0,3000.0,3000.0,3000.0,3000.0,3000.0,3000.0,3000.0,3000.0,3000.0,3000.0,3000.0,3000.0,3000.0,3000.0,3000.0,3000.0,3000.0,3000.0,3000.0,3000.0,3000.0,3000.0,3000.0,3000.0,3000.0,3000.0,3000.0,3000.0,3000.0,3000.0,3000.0,3000.0,3000.0,3000.0,3000.0,3000.0,3000.0,3000.0,3000.0,3000.0,3000.0,3000.0,3000.0,3000.0,3000.0,3000.0,3000.0,3000.0,3000.0,3000.0,3000.0,3000.0,3000.0,3000.0,3000.0,3000.0,3000.0,3000.0,3000.0,3000.0,3000.0,3000.0,3000.0,3000.0,3000.0,3000.0,3000.0,3000.0,3000.0,3000.0,3000.0,3000.0,3000.0,3000.0,3000.0,3000.0,3000.0,3000.0,3000.0,3000.0,3000.0,3000.0,3000.0,3000.0,3000.0,3000.0,3000.0,3000.0,3000.0,3000.0,3000.0,3000.0,3000.0,3000.0,3000.0,3000.0,3000.0,3000.0,3000.0,3000.0,3000.0,3000.0,3000.0,3000.0,3000.0,3000.0,3000.0,3000.0,3000.0,3000.0,3000.0,3000.0,3000.0,3000.0,3000.0,3000.0,3000.0,3000.0,3000.0,3000.0,3000.0,3000.0,3000.0,3000.0,3000.0,3000.0,3000.0,3000.0,3000.0,3000.0,3000.0,3000.0,3000.0,3000.0,1568.1207185425071,1423.3310111058288,1330.2222155948903,3000.0,3000.0,3000.0,3000.0,3000.0,1568.1207185425071,1423.3310111058288,1330.2222155948903,3000.0,3000.0,3000.0,3000.0,3000.0,1568.1207185425071,1423.3310111058288,1330.2222155948903,3000.0,3000.0,3000.0,3000.0,3000.0,1568.1207185425071,1423.3310111058288,1330.2222155948903,3000.0,3000.0,3000.0,3000.0,3000.0,1568.1207185425071,1423.3310111058288,1330.2222155948903,3000.0,3000.0,3000.0,3000.0,3000.0,1568.1207185425071,1423.3310111058288,1330.2222155948903,3000.0,3000.0,3000.0,3000.0,3000.0,1568.1207185425071,1423.3310111058288,1330.2222155948903,3000.0,3000.0,3000.0,3000.0,3000.0,1568.1207185425071,1423.3310111058288,1330.2222155948903,1330.2222155948907,1275.2857435773587,1251.5557824364819,1256.2425514336148,1289.8868003232876,1356.5190114487668,1464.9166268002625,3000.0,1330.2222155948907,1275.2857435773587,1251.5557824364819,1256.2425514336148,1289.8868003232876,1356.5190114487668,1464.9166268002625,3000.0,1330.2222155948907,1275.2857435773587,1251.5557824364819,1256.2425514336148,1289.8868003232876,1356.5190114487668,1464.9166268002625,3000.0,1330.2222155948907,1275.2857435773587,1251.5557824364819,1256.2425514336148,1289.8868003232876,1356.5190114487668,1464.9166268002625,3000.0,1330.2222155948907,1275.2857435773587,1251.5557824364819,1256.2425514336148,1289.8868003232876,1356.5190114487668,1464.9166268002625,3000.0,1330.2222155948907,1275.2857435773587,1251.5557824364819,1256.2425514336148,1289.8868003232876,1356.5190114487668,1464.9166268002625,3000.0,1330.2222155948907,1275.2857435773587,1251.5557824364819,1256.2425514336148,1289.8868003232876,1356.5190114487668,1464.9166268002625,3000.0,1330.2222155948907,1275.2857435773587,1251.5557824364819,1256.2425514336148,1289.8868003232876,1356.5190114487668,1464.9166268002625,3000.0,3000.0,3000.0,3000.0,3000.0,3000.0,3000.0,3000.0,3000.0,3000.0,3000.0,3000.0,3000.0,3000.0,3000.0,3000.0,3000.0,3000.0,3000.0,3000.0,3000.0,3000.0,3000.0,3000.0,3000.0,3000.0,3000.0,3000.0,3000.0,3000.0,3000.0,3000.0,3000.0,3000.0,3000.0,3000.0,3000.0,3000.0,3000.0,3000.0,3000.0,3000.0,3000.0,3000.0,3000.0,3000.0,3000.0,3000.0,3000.0,3000.0,3000.0,3000.0,3000.0,3000.0,3000.0,3000.0,3000.0,3000.0,3000.0,3000.0,3000.0,3000.0,3000.0,3000.0,3000.0
11733,3000.0,3000.0,3000.0,3000.0,3000.0,3000.0,3000.0,3000.0,3000.0,3000.0,3000.0,3000.0,3000.0,3000.0,3000.0,3000.0,3000.0,3000.0,3000.0,3000.0,3000.0,3000.0,3000.0,3000.0,3000.0,3000.0,3000.0,3000.0,3000.0,3000.0,3000.0,3000.0,3000.0,3000.0,3000.0,3000.0,3000.0,3000.0,3000.0,3000.0,3000.0,3000.0,3000.0,3000.0,3000.0,3000.0,3000.0,3000.0,3000.0,3000.0,3000.0,3000.0,3000.0,3000.0,3000.0,3000.0,3000.0,3000.0,3000.0,3000.0,3000.0,3000.0,3000.0,3000.0,3000.0,3000.0,3000.0,3000.0,3000.0,3000.0,3000.0,3000.0,3000.0,3000.0,3000.0,3000.0,3000.0,3000.0,3000.0,3000.0,3000.0,3000.0,3000.0,3000.0,3000.0,3000.0,3000.0,3000.0,3000.0,3000.0,3000.0,3000.0,3000.0,3000.0,3000.0,3000.0,3000.0,3000.0,3000.0,3000.0,3000.0,3000.0,3000.0,3000.0,3000.0,3000.0,3000.0,3000.0,3000.0,3000.0,3000.0,3000.0,3000.0,3000.0,3000.0,3000.0,3000.0,3000.0,3000.0,3000.0,3000.0,3000.0,3000.0,3000.0,3000.0,3000.0,3000.0,3000.0,3000.0,3000.0,3000.0,3000.0,3000.0,3000.0,3000.0,3000.0,3000.0,3000.0,3000.0,3000.0,3000.0,3000.0,3000.0,3000.0,3000.0,3000.0,3000.0,3000.0,3000.0,3000.0,3000.0,3000.0,3000.0,3000.0,3000.0,3000.0,3000.0,3000.0,3000.0,3000.0,3000.0,3000.0,3000.0,3000.0,3000.0,3000.0,3000.0,3000.0,3000.0,3000.0,3000.0,3000.0,3000.0,3000.0,3000.0,3000.0,3000.0,3000.0,3000.0,3000.0,3000.0,3000.0,3000.0,3000.0,3000.0,3000.0,3000.0,3000.0,3000.0,3000.0,3000.0,3000.0,3000.0,3000.0,3000.0,3000.0,3000.0,1492.875997540997,1374.466790802647,1300.374294827003,3000.0,3000.0,3000.0,3000.0,3000.0,1492.875997540997,1374.466790802647,1300.374294827003,3000.0,3000.0,3000.0,3000.0,3000.0,1492.875997540997,1374.466790802647,1300.374294827003,3000.0,3000.0,3000.0,3000.0,3000.0,1492.875997540997,1374.466790802647,1300.374294827003,3000.0,3000.0,3000.0,3000.0,3000.0,1492.875997540997,1374.466790802647,1300.374294827003,3000.0,3000.0,3000.0,3000.0,3000.0,1492.875997540997,1374.466790802647,1300.374294827003,3000.0,3000.0,3000.0,3000.0,3000.0,1492.875997540997,1374.466790802647,1300.374294827003,3000.0,3000.0,3000.0,3000.0,3000.0,1492.875997540997,1374.466790802647,1300.374294827003,1300.3742948270033,1260.5802858571578,1250.248708511741,1268.1839461491395,1316.477178175009,1401.1321364564128,1534.045701800427,3000.0,1300.3742948270033,1260.5802858571578,1250.248708511741,1268.1839461491395,1316.477178175009,1401.1321364564128,1534.045701800427,3000.0,1300.3742948270033,1260.5802858571578,1250.248708511741,1268.1839461491395,1316.477178175009,1401.1321364564128,1534.045701800427,3000.0,1300.3742948270033,1260.5802858571578,1250.248708511741,1268.1839461491395,1316.477178175009,1401.1321364564128,1534.045701800427,3000.0,1300.3742948270033,1260.5802858571578,1250.248708511741,1268.1839461491395,1316.477178175009,1401.1321364564128,1534.045701800427,3000.0,1300.3742948270033,1260.5802858571578,1250.248708511741,1268.1839461491395,1316.477178175009,1401.1321364564128,1534.045701800427,3000.0,1300.3742948270033,1260.5802858571578,1250.248708511741,1268.1839461491395,1316.477178175009,1401.1321364564128,1534.045701800427,3000.0,1300.3742948270033,1260.5802858571578,1250.248708511741,1268.1839461491395,1316.477178175009,1401.1321364564128,1534.045701800427,3000.0,3000.0,3000.0,3000.0,3000.0,3000.0,3000.0,3000.0,3000.0,3000.0,3000.0,3000.0,3000.0,3000.0,3000.0,3000.0,3000.0,3000.0,3000.0,3000.0,3000.0,3000.0,3000.0,3000.0,3000.0,3000.0,3000.0,3000.0,3000.0,3000.0,3000.0,3000.0,3000.0,3000.0,3000.0,3000.0,3000.0,3000.0,3000.0,3000.0,3000.0,3000.0,3000.0,3000.0,3000.0,3000.0,3000.0,3000.0,3000.0,3000.0,3000.0,3000.0,3000.0,3000.0,3000.0,3000.0,3000.0,3000.0,3000.0,3000.0,3000.0,3000.0,3000.0,3000.0,3000.0
11800,3000.0,3000.0,3000.0,3000.0,3000.0,3000.0,3000.0,3000.0,3000.0,3000.0,3000.0,3000.0,3000.0,3000.0,3000.0,3000.0,3000.0,3000.0,3000.0,3000.0,3000.0,3000.0,3000.0,3000.0,3000.0,3000.0,3000.0,3000.0,3000.0,3000.0,3000.0,3000.0,3000.0,3000.0,3000.0,3000.0,3000.0,3000.0,3000.0,3000.0,3000.0,3000.0,3000.0,3000.0,3000.0,3000.0,3000.0,3000.0,3000.0,3000.0,3000.0,3000.0,3000.0,3000.0,3000.0,3000.0,3000.0,3000.0,3000.0,3000.0,3000.0,3000.0,3000.0,3000.0,3000.0,3000.0,3000.0,3000.0,3000.0,3000.0,3000.0,3000.0,3000.0,3000.0,3000.0,3000.0,3000.0,3000.0,3000.0,3000.0,3000.0,3000.0,3000.0,3000.0,3000.0,3000.0,3000.0,3000.0,3000.0,3000.0,3000.0,3000.0,3000.0,3000.0,3000.0,3000.0,3000.0,3000.0,3000.0,3000.0,3000.0,3000.0,3000.0,3000.0,3000.0,3000.0,3000.0,3000.0,3000.0,3000.0,3000.0,3000.0,3000.0,3000.0,3000.0,3000.0,3000.0,3000.0,3000.0,3000.0,3000.0,3000.0,3000.0,3000.0,3000.0,3000.0,3000.0,3000.0,3000.0,3000.0,3000.0,3000.0,3000.0,3000.0,3000.0,3000.0,3000.0,3000.0,3000.0,3000.0,3000.0,3000.0,3000.0,3000.0,3000.0,3000.0,3000.0,3000.0,3000.0,3000.0,3000.0,3000.0,3000.0,3000.0,3000.0,3000.0,3000.0,3000.0,3000.0,3000.0,3000.0,3000.0,3000.0,3000.0,3000.0,3000.0,3000.0,3000.0,3000.0,3000.0,3000.0,3000.0,3000.0,3000.0,3000.0,3000.0,3000.0,3000.0,3000.0,3000.0,3000.0,3000.0,3000.0,3000.0,3000.0,3000.0,3000.0,3000.0,3000.0,3000.0,3000.0,3000.0,3000.0,3000.0,3000.0,3000.0,1580.1362270115574,1431.175021160528,1335.1350598016754,1277.9257435812865,3000.0,3000.0,3000.0,3000.0,1580.1362270115574,1431.175021160528,1335.1350598016754,1277.9257435812865,3000.0,3000.0,3000.0,3000.0,1580.1362270115574,1431.175021160528,1335.1350598016754,1277.9257435812865,3000.0,3000.0,3000.0,3000.0,1580.1362270115574,1431.175021160528,1335.1350598016754,1277.9257435812865,3000.0,3000.0,3000.0,3000.0,1580.1362270115574,1431.175021160528,1335.1350598016754,1277.9257435812865,3000.0,3000.0,3000.0,3000.0,1580.1362270115574,1431.175021160528,1335.1350598016754,1277.9257435812865,3000.0,3000.0,3000.0,3000.0,1580.1362270115574,1431.175021160528,1335.1350598016754,1277.9257435812865,3000.0,3000.0,3000.0,3000.0,1580.1362270115574,1431.175021160528,1335.1350598016754,1277.9257435812865,1277.9257435812867,1252.2413495151084,1255.052472273923,1286.6832913660533,1350.906938787245,1456.1148076815034,3000.0,3000.0,1277.9257435812867,1252.2413495151084,1255.052472273923,1286.6832913660533,1350.906938787245,1456.1148076815034,3000.0,3000.0,1277.9257435812867,1252.2413495151084,1255.052472273923,1286.6832913660533,1350.906938787245,1456.1148076815034,3000.0,3000.0,1277.9257435812867,1252.2413495151084,1255.052472273923,1286.6832913660533,1350.906938787245,1456.1148076815034,3000.0,3000.0,1277.9257435812867,1252.2413495151084,1255.052472273923,1286.6832913660533,1350.906938787245,1456.1148076815034,3000.0,3000.0,1277.9257435812867,1252.2413495151084,1255.052472273923,1286.6832913660533,1350.906938787245,1456.1148076815034,3000.0,3000.0,1277.9257435812867,1252.2413495151084,1255.052472273923,1286.6832913660533,1350.906938787245,1456.1148076815034,3000.0,3000.0,1277.9257435812867,1252.2413495151084,1255.052472273923,1286.6832913660533,1350.906938787245,1456.1148076815034,3000.0,3000.0,3000.0,3000.0,3000.0,3000.0,3000.0,3000.0,3000.0,3000.0,3000.0,3000.0,3000.0,3000.0,3000.0,3000.0,3000.0,3000.0,3000.0,3000.0,3000.0,3000.0,3000.0,3000.0,3000.0,3000.0,3000.0,3000.0,3000.0,3000.0,3000.0,3000.0,3000.0,3000.0,3000.0,3000.0,3000.0,3000.0,3000.0,3000.0,3000.0,3000.0,3000.0,3000.0,3000.0,3000.0,3000.0,3000.0,3000.0,3000.0,3000.0,3000.0,3000.0,3000.0,3000.0,3000.0,3000.0,3000.0,3000.0,3000.0,3000.0,3000.0,3000.0,3000.0,3000.0,3000.0
11867,3000.0,3000.0,3000.0,3000.0,3000.0,3000.0,3000.0,3000.0,3000.0,3000.0,3000.0,3000.0,3000.0,3000.0,3000.0,3000.0,3000.0,3000.0,3000.0,3000.0,3000.0,3000.0,3000.0,3000.0,3000.0,3000.0,3000.0,3000.0,3000.0,3000.0,3000.0,3000.0,3000.0,3000.0,3000.0,3000.0,3000.0,3000.0,3000.0,3000.0,3000.0,3000.0,3000.0,3000.0,3000.0,3000.0,3000.0,3000.0,3000.0,3000.0,3000.0,3000.0,3000.0,3000.0,3000.0,3000.0,3000.0,3000.0,3000.0,3000.0,3000.0,3000.0,3000.0,3000.0,3000.0,3000.0,3000.0,3000.0,3000.0,3000.0,3000.0,3000.0,3000.0,3000.0,3000.0,3000.0,3000.0,3000.0,3000.0,3000.0,3000.0,3000.0,3000.0,3000.0,3000.0,3000.0,3000.0,3000.0,3000.0,3000.0,3000.0,3000.0,3000.0,3000.0,3000.0,3000.0,3000.0,3000.0,3000.0,3000.0,3000.0,3000.0,3000.0,3000.0,3000.0,3000.0,3000.0,3000.0,3000.0,3000.0,3000.0,3000.0,3000.0,3000.0,3000.0,3000.0,3000.0,3000.0,3000.0,3000.0,3000.0,3000.0,3000.0,3000.0,3000.0,3000.0,3000.0,3000.0,3000.0,3000.0,3000.0,3000.0,3000.0,3000.0,3000.0,3000.0,3000.0,3000.0,3000.0,3000.0,3000.0,3000.0,3000.0,3000.0,3000.0,3000.0,3000.0,3000.0,3000.0,3000.0,3000.0,3000.0,3000.0,3000.0,3000.0,3000.0,3000.0,3000.0,3000.0,3000.0,3000.0,3000.0,3000.0,3000.0,3000.0,3000.0,3000.0,3000.0,3000.0,3000.0,3000.0,3000.0,3000.0,3000.0,3000.0,3000.0,3000.0,3000.0,3000.0,3000.0,3000.0,3000.0,3000.0,3000.0,3000.0,3000.0,3000.0,3000.0,3000.0,3000.0,3000.0,3000.0,3000.0,3000.0,3000.0,3000.0,1502.736623955438,1380.8321242485183,1304.168755905046,1262.2844656482728,3000.0,3000.0,3000.0,3000.0,1502.736623955438,1380.8321242485183,1304.168755905046,1262.2844656482728,3000.0,3000.0,3000.0,3000.0,1502.736623955438,1380.8321242485183,1304.168755905046,1262.2844656482728,3000.0,3000.0,3000.0,3000.0,1502.736623955438,1380.8321242485183,1304.168755905046,1262.2844656482728,3000.0,3000.0,3000.0,3000.0,1502.736623955438,1380.8321242485183,1304.168755905046,1262.2844656482728,3000.0,3000.0,3000.0,3000.0,1502.736623955438,1380.8321242485183,1304.168755905046,1262.2844656482728,3000.0,3000.0,3000.0,3000.0,1502.736623955438,1380.8321242485183,1304.168755905046,1262.2844656482728,3000.0,3000.0,3000.0,3000.0,1502.736623955438,1380.8321242485183,1304.168755905046,1262.2844656482728,1262.2844656482728,1250.0621693969445,1266.085324654798,1312.2179668881329,1394.1605590060447,1523.3135018131386,3000.0,3000.0,1262.2844656482728,1250.0621693969445,1266.085324654798,1312.2179668881329,1394.1605590060447,1523.3135018131386,3000.0,3000.0,1262.2844656482728,1250.0621693969445,1266.085324654798,1312.2179668881329,1394.1605590060447,1523.3135018131386,3000.0,3000.0,1262.2844656482728,1250.0621693969445,1266.085324654798,1312.2179668881329,1394.1605590060447,1523.3135018131386,3000.0,3000.0,1262.2844656482728,1250.0621693969445,1266.085324654798,1312.2179668881329,1394.1605590060447,1523.3135018131386,3000.0,3000.0,1262.2844656482728,1250.0621693969445,1266.085324654798,1312.2179668881329,1394.1605590060447,1523.3135018131386,3000.0,3000.0,1262.2844656482728,1250.0621693969445,1266.085324654798,1312.2179668881329,1394.1605590060447,1523.3135018131386,3000.0,3000.0,1262.2844656482728,1250.0621693969445,1266.085324654798,1312.2179668881329,1394.1605590060447,1523.3135018131386,3000.0,3000.0,3000.0,3000.0,3000.0,3000.0,3000.0,3000.0,3000.0,3000.0,3000.0,3000.0,3000.0,3000.0,3000.0,3000.0,3000.0,3000.0,3000.0,3000.0,3000.0,3000.0,3000.0,3000.0,3000.0,3000.0,3000.0,3000.0,3000.0,3000.0,3000.0,3000.0,3000.0,3000.0,3000.0,3000.0,3000.0,3000.0,3000.0,3000.0,3000.0,3000.0,3000.0,3000.0,3000.0,3000.0,3000.0,3000.0,3000.0,3000.0,3000.0,3000.0,3000.0,3000.0,3000.0,3000.0,3000.0,3000.0,3000.0,3000.0,3000.0,3000.0,3000.0,3000.0,3000.0,3000.0
11933,3000.0,3000.0,3000.0,3000.0,3000.0,3000.0,3000.0,3000.0,3000.0,3000.0,3000.0,3000.0,3000.0,3000.0,3000.0,3000.0,3000.0,3000.0,3000.0,3000.0,3000.0,3000.0,3000.0,3000.0,3000.0,3000.0,3000.0,3000.0,3000.0,3000.0,3000.0,3000.0,3000.0,3000.0,3000.0,3000.0,3000.0,3000.0,3000.0,3000.0,3000.0,3000.0,3000.0,3000.0,3000.0,3000.0,3000.0,3000.0,3000.0,3000.0,3000.0,3000.0,3000.0,3000.0,3000.0,3000.0,3000.0,3000.0,3000.0,3000.0,3000.0,3000.0,3000.0,3000.0,3000.0,3000.0,3000.0,3000.0,3000.0,3000.0,3000.0,3000.0,3000.0,3000.0,3000.0,3000.0,3000.0,3000.0,3000.0,3000.0,3000.0,3000.0,3000.0,3000.0,3000.0,3000.0,3000.0,3000.0,3000.0,3000.0,3000.0,3000.0,3000.0,3000.0,3000.0,3000.0,3000.0,3000.0,3000.0,3000.0,3000.0,3000.0,3000.0,3000.0,3000.0,3000.0,3000.0,3000.0,3000.0,3000.0,3000.0,3000.0,3000.0,3000.0,3000.0,3000.0,3000.0,3000.0,3000.0,3000.0,3000.0,3000.0,3000.0,3000.0,3000.0,3000.0,3000.0,3000.0,3000.0,3000.0,3000.0,3000.0,3000.0,3000.0,3000.0,3000.0,3000.0,3000.0,3000.0,3000.0,3000.0,3000.0,3000.0,3000.0,3000.0,3000.0,3000.0,3000.0,3000.0,3000.0,3000.0,3000.0,3000.0,3000.0,3000.0,3000.0,3000.0,3000.0,3000.0,3000.0,3000.0,3000.0,3000.0,3000.0,3000.0,3000.0,3000.0,3000.0,3000.0,3000.0,3000.0,3000.0,3000.0,3000.0,3000.0,3000.0,3000.0,3000.0,3000.0,3000.0,3000.0,3000.0,3000.0,3000.0,3000.0,3000.0,3000.0,3000.0,3000.0,3000.0,3000.0,3000.0,3000.0,3000.0,3000.0,1592.4969141518145,1439.249917233413,1340.2181276727042,1280.704347420155,1253.052372601465,3000.0,3000.0,3000.0,1592.4969141518145,1439.249917233413,1340.2181276727042,1280.704347420155,1253.052372601465,3000.0,3000.0,3000.0,1592.4969141518145,1439.249917233413,1340.2181276727042,1280.704347420155,1253.052372601465,3000.0,3000.0,3000.0,1592.4969141518145,1439.249917233413,1340.2181276727042,1280.704347420155,1253.052372601465,3000.0,3000.0,3000.0,1592.4969141518145,1439.249917233413,1340.2181276727042,1280.704347420155,1253.052372601465,3000.0,3000.0,3000.0,1592.4969141518145,1439.249917233413,1340.2181276727042,1280.704347420155,1253.052372601465,3000.0,3000.0,3000.0,1592.4969141518145,1439.249917233413,1340.2181276727042,1280.704347420155,1253.052372601465,3000.0,3000.0,3000.0,1592.4969141518145,1439.249917233413,1340.2181276727042,1280.704347420155,1253.052372601465,1253.0523726014653,1253.989257138668,1283.623015842213,1345.4743880566039,1447.56125002993,3000.0,3000.0,3000.0,1253.0523726014653,1253.989257138668,1283.623015842213,1345.4743880566039,1447.56125002993,3000.0,3000.0,3000.0,1253.0523726014653,1253.989257138668,1283.623015842213,1345.4743880566039,1447.56125002993,3000.0,3000.0,3000.0,1253.0523726014653,1253.989257138668,1283.623015842213,1345.4743880566039,1447.56125002993,3000.0,3000.0,3000.0,1253.0523726014653,1253.989257138668,1283.623015842213,1345.4743880566039,1447.56125002993,3000.0,3000.0,3000.0,1253.0523726014653,1253.989257138668,1283.623015842213,1345.4743880566039,1447.56125002993,3000.0,3000.0,3000.0,1253.0523726014653,1253.989257138668,1283.623015842213,1345.4743880566039,1447.56125002993,3000.0,3000.0,3000.0,1253.0523726014653,1253.989257138668,1283.623015842213,1345.4743880566039,1447.56125002993,3000.0,3000.0,3000.0,3000.0,3000.0,3000.0,3000.0,3000.0,3000.0,3000.0,3000.0,3000.0,3000.0,3000.0,3000.0,3000.0,3000.0,3000.0,3000.0,3000.0,3000.0,3000.0,3000.0,3000.0,3000.0,3000.0,3000.0,3000.0,3000.0,3000.0,3000.0,3000.0,3000.0,3000.0,3000.0,3000.0,3000.0,3000.0,3000.0,3000.0,3000.0,3000.0,3000.0,3000.0,3000.0,3000.0,3000.0,3000.0,3000.0,3000.0,3000.0,3000.0,3000.0,3000.0,3000.0,3000.0,3000.0,3000.0,3000.0,3000.0,3000.0,3000.0,3000.0,3000.0,3000.0,3000.0,3000.0
12000,3000.0,3000.0,3000.0,3000.0,3000.0,3000.0,3000.0,3000.0,3000.0,3000.0,3000.0,3000.0,3000.0,3000.0,3000.0,3000.0,3000.0,3000.0,3000.0,3000.0,3000.0,3000.0,3000.0,3000.0,3000.0,3000.0,3000.0,3000.0,3000.0,3000.0,3000.0,3000.0,3000.0,3000.0,3000.0,3000.0,3000.0,3000.0,3000.0,3000.0,3000.0,3000.0,3000.0,3000.0,3000.0,3000.0,3000.0,3000.0,3000.0,3000.0,3000.0,3000.0,3000.0,3000.0,3000.0,3000.0,3000.0,3000.0,3000.0,3000.0,3000.0,3000.0,3000.0,3000.0,3000.0,3000.0,3000.0,3000.0,3000.0,3000.0,3000.0,3000.0,3000.0,3000.0,3000.0,3000.0,3000.0,3000.0,3000.0,3000.0,3000.0,3000.0,3000.0,3000.0,3000.0,3000.0,3000.0,3000.0,3000.0,3000.0,3000.0,3000.0,3000.0,3000.0,3000.0,3000.0,3000.0,3000.0,3000.0,3000.0,3000.0,3000.0,3000.0,3000.0,3000.0,3000.0,3000.0,3000.0,3000.0,3000.0,3000.0,3000.0,3000.0,3000.0,3000.0,3000.0,3000.0,3000.0,3000.0,3000.0,3000.0,3000.0,3000.0,3000.0,3000.0,3000.0,3000.0,3000.0,3000.0,3000.0,3000.0,3000.0,3000.0,3000.0,3000.0,3000.0,3000.0,3000.0,3000.0,3000.0,3000.0,3000.0,3000.0,3000.0,3000.0,3000.0,3000.0,3000.0,3000.0,3000.0,3000.0,3000.0,3000.0,3000.0,3000.0,3000.0,3000.0,3000.0,3000.0,3000.0,3000.0,3000.0,3000.0,3000.0,3000.0,3000.0,3000.0,3000.0,3000.0,3000.0,3000.0,3000.0,3000.0,3000.0,3000.0,3000.0,3000.0,3000.0,3000.0,3000.0,3000.0,3000.0,3000.0,3000.0,3000.0,3000.0,3000.0,3000.0,3000.0,3000.0,3000.0,3000.0,3000.0,3000.0,3000.0,1512.8798585309883,1387.3953302184284,1308.1159200335726,1264.119166644397,1250.0,3000.0,3000.0,3000.0,1512.8798585309883,1387.3953302184284,1308.1159200335726,1264.119166644397,1250.0,3000.0,3000.0,3000.0,1512.8798585309883,1387.3953302184284,1308.1159200335726,1264.119166644397,1250.0,3000.0,3000.0,3000.0,1512.8798585309883,1387.3953302184284,1308.1159200335726,1264.119166644397,1250.0,3000.0,3000.0,3000.0,1512.8798585309883,1387.3953302184284,1308.1159200335726,1264.119166644397,1250.0,3000.0,3000.0,3000.0,1512.8798585309883,1387.3953302184284,1308.1159200335726,1264.119166644397,1250.0,3000.0,3000.0,3000.0,1512.8798585309883,1387.3953302184284,1308.1159200335726,1264.119166644397,1250.0,3000.0,3000.0,3000.0,1512.8798585309883,1387.3953302184284,1308.1159200335726,1264.119166644397,1250.0,1250.0,1264.119166644397,1308.1159200335724,1387.3953302184273,1512.8798585309883,3000.0,3000.0,3000.0,1250.0,1264.119166644397,1308.1159200335724,1387.3953302184273,1512.8798585309883,3000.0,3000.0,3000.0,1250.0,1264.119166644397,1308.1159200335724,1387.3953302184273,1512.8798585309883,3000.0,3000.0,3000.0,1250.0,1264.119166644397,1308.1159200335724,1387.3953302184273,1512.8798585309883,3000.0,3000.0,3000.0,1250.0,1264.119166644397,1308.1159200335724,1387.3953302184273,1512.8798585309883,3000.0,3000.0,3000.0,1250.0,1264.119166644397,1308.1159200335724,1387.3953302184273,1512.8798585309883,3000.0,3000.0,3000.0,1250.0,1264.119166644397,1308.1159200335724,1387.3953302184273,1512.8798585309883,3000.0,3000.0,3000.0,1250.0,1264.119166644397,1308.1159200335724,1387.3953302184273,1512.8798585309883,3000.0,3000.0,3000.0,3000.0,3000.0,3000.0,3000.0,3000.0,3000.0,3000.0,3000.0,3000.0,3000.0,3000.0,3000.0,3000.0,3000.0,3000.0,3000.0,3000.0,3000.0,3000.0,3000.0,3000.0,3000.0,3000.0,3000.0,3000.0,3000.0,3000.0,3000.0,3000.0,3000.0,3000.0,3000.0,3000.0,3000.0,3000.0,3000.0,3000.0,3000.0,3000.0,3000.0,3000.0,3000.0,3000.0,3000.0,3000.0,3000.0,3000.0,3000.0,3000.0,3000.0,3000.0,3000.0,3000.0,3000.0,3000.0,3000.0,3000.0,3000.0,3000.0,3000.0,3000.0,3000.0,3000.0,3000.0
12067,3000.0,3000.0,3000.0,3000.0,3000.0,3000.0,3000.0,3000.0,3000.0,3000.0,3000.0,3000.0,3000.0,3000.0,3000.0,3000.0,3000.0,3000.0,3000.0,3000.0,3000.0,3000.0,3000.0,3000.0,3000.0,3000.0,3000.0,3000.0,3000.0,3000.0,3000.0,3000.0,3000.0,3000.0,3000.0,3000.0,3000.0,3000.0,3000.0,3000.0,3000.0,3000.0,3000.0,3000.0,3000.0,3000.0,3000.0,3000.0,3000.0,3000.0,3000.0,3000.0,3000.0,3000.0,3000.0,3000.0,3000.0,3000.0,3000.0,3000.0,3000.0,3000.0,3000.0,3000.0,3000.0,3000.0,3000.0,3000.0,3000.0,3000.0,3000.0,3000.0,3000.0,3000.0,3000.0,3000.0,3000.0,3000.0,3000.0,3000.0,3000.0,3000.0,3000.0,3000.0,3000.0,3000.0,3000.0,3000.0,3000.0,3000.0,3000.0,3000.0,3000.0,3000.0,3000.0,3000.0,3000.0,3000.0,3000.0,3000.0,3000.0,3000.0,3000.0,3000.0,3000.0,3000.0,3000.0,3000.0,3000.0,3000.0,3000.0,3000.0,3000.0,3000.0,3000.0,3000.0,3000.0,3000.0,3000.0,3000.0,3000.0,3000.0,3000.0,3000.0,3000.0,3000.0,3000.0,3000.0,3000.0,3000.0,3000.0,3000.0,3000.0,3000.0,3000.0,3000.0,3000.0,3000.0,3000.0,3000.0,3000.0,3000.0,3000.0,3000.0,3000.0,3000.0,3000.0,3000.0,3000.0,3000.0,3000.0,3000.0,3000.0,3000.0,3000.0,3000.0,3000.0,3000.0,3000.0,3000.0,3000.0,3000.0,3000.0,3000.0,3000.0,3000.0,3000.0,3000.0,3000.0,3000.0,3000.0,3000.0,3000.0,3000.0,3000.0,3000.0,3000.0,3000.0,3000.0,3000.0,3000.0,3000.0,3000.0,3000.0,3000.0,3000.0,3000.0,3000.0,3000.0,3000.0,3000.0,3000.0,3000.0,3000.0,3000.0,1447.56125002993,1345.474388056605,1283.6230158422131,1253.989257138668,1253.052372601465,3000.0,3000.0,3000.0,1447.56125002993,1345.474388056605,1283.6230158422131,1253.989257138668,1253.052372601465,3000.0,3000.0,3000.0,1447.56125002993,1345.474388056605,1283.6230158422131,1253.989257138668,1253.052372601465,3000.0,3000.0,3000.0,1447.56125002993,1345.474388056605,1283.6230158422131,1253.989257138668,1253.052372601465,3000.0,3000.0,3000.0,1447.56125002993,1345.474388056605,1283.6230158422131,1253.989257138668,1253.052372601465,3000.0,3000.0,3000.0,1447.56125002993,1345.474388056605,1283.6230158422131,1253.989257138668,1253.052372601465,3000.0,3000.0,3000.0,1447.56125002993,1345.474388056605,1283.6230158422131,1253.989257138668,1253.052372601465,3000.0,3000.0,3000.0,1447.56125002993,1345.474388056605,1283.6230158422131,1253.989257138668,1253.052372601465,1253.0523726014649,1280.7043474201553,1340.218127672704,1439.2499172334117,1592.4969141518147,3000.0,3000.0,3000.0,1253.0523726014649,1280.7043474201553,1340.218127672704,1439.2499172334117,1592.4969141518147,3000.0,3000.0,3000.0,1253.0523726014649,1280.7043474201553,1340.218127672704,1439.2499172334117,1592.4969141518147,3000.0,3000.0,3000.0,1253.0523726014649,1280.7043474201553,1340.218127672704,1439.2499172334117,1592.4969141518147,3000.0,3000.0,3000.0,1253.0523726014649,1280.7043474201553,1340.218127672704,1439.2499172334117,1592.4969141518147,3000.0,3000.0,3000.0,1253.0523726014649,1280.7043474201553,1340.218127672704,1439.2499172334117,1592.4969141518147,3000.0,3000.0,3000.0,1253.0523726014649,1280.7043474201553,1340.218127672704,1439.2499172334117,1592.4969141518147,3000.0,3000.0,3000.0,1253.0523726014649,1280.7043474201553,1340.218127672704,1439.2499172334117,1592.4969141518147,3000.0,3000.0,3000.0,3000.0,3000.0,3000.0,3000.0,3000.0,3000.0,3000.0,3000.0,3000.0,3000.0,3000.0,3000.0,3000.0,3000.0,3000.0,3000.0,3000.0,3000.0,3000.0,3000.0,3000.0,3000.0,3000.0,3000.0,3000.0,3000.0,3000.0,3000.0,3000.0,3000.0,3000.0,3000.0,3000.0,3000.0,3000.0,3000.0,3000.0,3000.0,3000.0,3000.0,3000.0,3000.0,3000.0,3000.0,3000.0,3000.0,3000.0,3000.0,3000.0,3000.0,3000.0,3000.0,3000.0,3000.0,3000.0,3000.0,3000.0,3000.0,3000.0,3000.0,3000.0,3000.0,3000.0,3000.0
12133,3000.0,3000.0,3000.0,3000.0,3000.0,3000.0,3000.0,3000.0,3000.0,3000.0,3000.0,3000.0,3000.0,3000.0,3000.0,3000.0,3000.0,3000.0,3000.0,3000.0,3000.0,3000.0,3000.0,3000.0,3000.0,3000.0,3000.0,3000.0,3000.0,3000.0,3000.0,3000.0,3000.0,3000.0,3000.0,3000.0,3000.0,3000.0,3000.0,3000.0,3000.0,3000.0,3000.0,3000.0,3000.0,3000.0,3000.0,3000.0,3000.0,3000.0,3000.0,3000.0,3000.0,3000.0,3000.0,3000.0,3000.0,3000.0,3000.0,3000.0,3000.0,3000.0,3000.0,3000.0,3000.0,3000.0,3000.0,3000.0,3000.0,3000.0,3000.0,3000.0,3000.0,3000.0,3000.0,3000.0,3000.0,3000.0,3000.0,3000.0,3000.0,3000.0,3000.0,3000.0,3000.0,3000.0,3000.0,3000.0,3000.0,3000.0,3000.0,3000.0,3000.0,3000.0,3000.0,3000.0,3000.0,3000.0,3000.0,3000.0,3000.0,3000.0,3000.0,3000.0,3000.0,3000.0,3000.0,3000.0,3000.0,3000.0,3000.0,3000.0,3000.0,3000.0,3000.0,3000.0,3000.0,3000.0,3000.0,3000.0,3000.0,3000.0,3000.0,3000.0,3000.0,3000.0,3000.0,3000.0,3000.0,3000.0,3000.0,3000.0,3000.0,3000.0,3000.0,3000.0,3000.0,3000.0,3000.0,3000.0,3000.0,3000.0,3000.0,3000.0,3000.0,3000.0,3000.0,3000.0,3000.0,3000.0,3000.0,3000.0,3000.0,3000.0,3000.0,3000.0,3000.0,3000.0,3000.0,3000.0,3000.0,3000.0,3000.0,3000.0,3000.0,3000.0,3000.0,3000.0,3000.0,3000.0,3000.0,3000.0,3000.0,3000.0,3000.0,3000.0,3000.0,3000.0,3000.0,3000.0,3000.0,3000.0,3000.0,3000.0,3000.0,3000.0,3000.0,3000.0,3000.0,3000.0,3000.0,3000.0,3000.0,3000.0,1523.3135018131393,1394.1605590060444,1312.2179668881336,1266.0853246547981,1250.0621693969445,1262.2844656482725,3000.0,3000.0,1523.3135018131393,1394.1605590060444,1312.2179668881336,1266.0853246547981,1250.0621693969445,1262.2844656482725,3000.0,3000.0,1523.3135018131393,1394.1605590060444,1312.2179668881336,1266.0853246547981,1250.0621693969445,1262.2844656482725,3000.0,3000.0,1523.3135018131393,1394.1605590060444,1312.2179668881336,1266.0853246547981,1250.0621693969445,1262.2844656482725,3000.0,3000.0,1523.3135018131393,1394.1605590060444,1312.2179668881336,1266.0853246547981,1250.0621693969445,1262.2844656482725,3000.0,3000.0,1523.3135018131393,1394.1605590060444,1312.2179668881336,1266.0853246547981,1250.0621693969445,1262.2844656482725,3000.0,3000.0,1523.3135018131393,1394.1605590060444,1312.2179668881336,1266.0853246547981,1250.0621693969445,1262.2844656482725,3000.0,3000.0,1523.3135018131393,1394.1605590060444,1312.2179668881336,1266.0853246547981,1250.0621693969445,1262.2844656482725,1262.2844656482723,1304.168755905046,1380.8321242485179,1502.7366239554365,3000.0,3000.0,3000.0,3000.0,1262.2844656482723,1304.168755905046,1380.8321242485179,1502.7366239554365,3000.0,3000.0,3000.0,3000.0,1262.2844656482723,1304.168755905046,1380.8321242485179,1502.7366239554365,3000.0,3000.0,3000.0,3000.0,1262.2844656482723,1304.168755905046,1380.8321242485179,1502.7366239554365,3000.0,3000.0,3000.0,3000.0,1262.2844656482723,1304.168755905046,1380.8321242485179,1502.7366239554365,3000.0,3000.0,3000.0,3000.0,1262.2844656482723,1304.168755905046,1380.8321242485179,1502.7366239554365,3000.0,3000.0,3000.0,3000.0,1262.2844656482723,1304.168755905046,1380.8321242485179,1502.7366239554365,3000.0,3000.0,3000.0,3000.0,1262.2844656482723,1304.168755905046,1380.8321242485179,1502.7366239554365,3000.0,3000.0,3000.0,3000.0,3000.0,3000.0,3000.0,3000.0,3000.0,3000.0,3000.0,3000.0,3000.0,3000.0,3000.0,3000.0,3000.0,3000.0,3000.0,3000.0,3000.0,3000.0,3000.0,3000.0,3000.0,3000.0,3000.0,3000.0,3000.0,3000.0,3000.0,3000.0,3000.0,3000.0,3000.0,3000.0,3000.0,3000.0,3000.0,3000.0,3000.0,3000.0,3000.0,3000.0,3000.0,3000.0,3000.0,3000.0,3000.0,3000.0,3000.0,3000.0,3000.0,3000.0,3000.0,3000.0,3000.0,3000.0,3000.0,3000.0,3000.0,3000.0,3000.0,3000.0,3000.0,3000.0,3000.0,3000.0
12200,3000.0,3000.0,3000.0,3000.0,3000.0,3000.0,3000.0,3000.0,3000.0,3000.0,3000.0,3000.0,3000.0,3000.0,3000.0,3000.0,3000.0,3000.0,3000.0,3000.0,3000.0,3000.0,3000.0,3000.0,3000.0,3000.0,3000.0,3000.0,3000.0,3000.0,3000.0,3000.0,3000.0,3000.0,3000.0,3000.0,3000.0,3000.0,3000.0,3000.0,3000.0,3000.0,3000.0,3000.0,3000.0,3000.0,3000.0,3000.0,3000.0,3000.0,3000.0,3000.0,3000.0,3000.0,3000.0,3000.0,3000.0,3000.0,3000.0,3000.0,3000.0,3000.0,3000.0,3000.0,3000.0,3000.0,3000.0,3000.0,3000.0,3000.0,3000.0,3000.0,3000.0,3000.0,3000.0,3000.0,3000.0,3000.0,3000.0,3000.0,3000.0,3000.0,3000.0,3000.0,3000.0,3000.0,3000.0,3000.0,3000.0,3000.0,3000.0,3000.0,3000.0,3000.0,3000.0,3000.0,3000.0,3000.0,3000.0,3000.0,3000.0,3000.0,3000.0,3000.0,3000.0,3000.0,3000.0,3000.0,3000.0,3000.0,3000.0,3000.0,3000.0,3000.0,3000.0,3000.0,3000.0,3000.0,3000.0,3000.0,3000.0,3000.0,3000.0,3000.0,3000.0,3000.0,3000.0,3000.0,3000.0,3000.0,3000.0,3000.0,3000.0,3000.0,3000.0,3000.0,3000.0,3000.0,3000.0,3000.0,3000.0,3000.0,3000.0,3000.0,3000.0,3000.0,3000.0,3000.0,3000.0,3000.0,3000.0,3000.0,3000.0,3000.0,3000.0,3000.0,3000.0,3000.0,3000.0,3000.0,3000.0,3000.0,3000.0,3000.0,3000.0,3000.0,3000.0,3000.0,3000.0,3000.0,3000.0,3000.0,3000.0,3000.0,3000.0,3000.0,3000.0,3000.0,3000.0,3000.0,3000.0,3000.0,3000.0,3000.0,3000.0,3000.0,3000.0,3000.0,3000.0,3000.0,3000.0,3000.0,3000.0,3000.0,1456.114807681504,1350.9069387872448,1286.6832913660537,1255.0524722739233,1252.2413495151084,1277.9257435812863,3000.0,3000.0,1456.114807681504,1350.9069387872448,1286.6832913660537,1255.0524722739233,1252.2413495151084,1277.9257435812863,3000.0,3000.0,1456.114807681504,1350.9069387872448,1286.6832913660537,1255.0524722739233,1252.2413495151084,1277.9257435812863,3000.0,3000.0,1456.114807681504,1350.9069387872448,1286.6832913660537,1255.0524722739233,1252.2413495151084,1277.9257435812863,3000.0,3000.0,1456.114807681504,1350.9069387872448,1286.6832913660537,1255.0524722739233,1252.2413495151084,1277.9257435812863,3000.0,3000.0,1456.114807681504,1350.9069387872448,1286.6832913660537,1255.0524722739233,1252.2413495151084,1277.9257435812863,3000.0,3000.0,1456.114807681504,1350.9069387872448,1286.6832913660537,1255.0524722739233,1252.2413495151084,1277.9257435812863,3000.0,3000.0,1456.114807681504,1350.9069387872448,1286.6832913660537,1255.0524722739233,1252.2413495151084,1277.9257435812863,1277.925743581286,1335.1350598016754,1431.1750211605276,1580.1362270115553,3000.0,3000.0,3000.0,3000.0,1277.925743581286,1335.1350598016754,1431.1750211605276,1580.1362270115553,3000.0,3000.0,3000.0,3000.0,1277.925743581286,1335.1350598016754,1431.1750211605276,1580.1362270115553,3000.0,3000.0,3000.0,3000.0,1277.925743581286,1335.1350598016754,1431.1750211605276,1580.1362270115553,3000.0,3000.0,3000.0,3000.0,1277.925743581286,1335.1350598016754,1431.1750211605276,1580.1362270115553,3000.0,3000.0,3000.0,3000.0,1277.925743581286,1335.1350598016754,1431.1750211605276,1580.1362270115553,3000.0,3000.0,3000.0,3000.0,1277.925743581286,1335.1350598016754,1431.1750211605276,1580.1362270115553,3000.0,3000.0,3000.0,3000.0,1277.925743581286,1335.1350598016754,1431.1750211605276,1580.1362270115553,3000.0,3000.0,3000.0,3000.0,3000.0,3000.0,3000.0,3000.0,3000.0,3000.0,3000.0,3000.0,3000.0,3000.0,3000.0,3000.0,3000.0,3000.0,3000.0,3000.0,3000.0,3000.0,3000.0,3000.0,3000.0,3000.0,3000.0,3000.0,3000.0,3000.0,3000.0,3000.0,3000.0,3000.0,3000.0,3000.0,3000.0,3000.0,3000.0,3000.0,3000.0,3000.0,3000.0,3000.0,3000.0,3000.0,3000.0,3000.0,3000.0,3000.0,3000.0,3000.0,3000.0,3000.0,3000.0,3000.0,3000.0,3000.0,3000.0,3000.0,3000.0,3000.0,3000.0,3000.0,3000.0,3000.0,3000.0,3000.0
12267,3000.0,3000.0,3000.0,3000.0,3000.0,3000.0,3000.0,3000.0,3000.0,3000.0,3000.0,3000.0,3000.0,3000.0,3000.0,3000.0,3000.0,3000.0,3000.0,3000.0,3000.0,3000.0,3000.0,3000.0,3000.0,3000.0,3000.0,3000.0,3000.0,3000.0,3000.0,3000.0,3000.0,3000.0,3000.0,3000.0,3000.0,3000.0,3000.0,3000.0,3000.0,3000.0,3000.0,3000.0,3000.0,3000.0,3000.0,3000.0,3000.0,3000.0,3000.0,3000.0,3000.0,3000.0,3000.0,3000.0,3000.0,3000.0,3000.0,3000.0,3000.0,3000.0,3000.0,3000.0,3000.0,3000.0,3000.0,3000.0,3000.0,3000.0,3000.0,3000.0,3000.0,3000.0,3000.0,3000.0,3000.0,3000.0,3000.0,3000.0,3000.0,3000.0,3000.0,3000.0,3000.0,3000.0,3000.0,3000.0,3000.0,3000.0,3000.0,3000.0,3000.0,3000.0,3000.0,3000.0,3000.0,3000.0,3000.0,3000.0,3000.0,3000.0,3000.0,3000.0,3000.0,3000.0,3000.0,3000.0,3000.0,3000.0,3000.0,3000.0,3000.0,3000.0,3000.0,3000.0,3000.0,3000.0,3000.0,3000.0,3000.0,3000.0,3000.0,3000.0,3000.0,3000.0,3000.0,3000.0,3000.0,3000.0,3000.0,3000.0,3000.0,3000.0,3000.0,3000.0,3000.0,3000.0,3000.0,3000.0,3000.0,3000.0,3000.0,3000.0,3000.0,3000.0,3000.0,3000.0,3000.0,3000.0,3000.0,3000.0,3000.0,3000.0,3000.0,3000.0,3000.0,3000.0,3000.0,3000.0,3000.0,3000.0,3000.0,3000.0,3000.0,3000.0,3000.0,3000.0,3000.0,3000.0,3000.0,3000.0,3000.0,3000.0,3000.0,3000.0,3000.0,3000.0,3000.0,3000.0,3000.0,3000.0,3000.0,3000.0,3000.0,3000.0,3000.0,3000.0,3000.0,3000.0,3000.0,3000.0,3000.0,1534.0457018004288,1401.1321364564133,1316.477178175009,1268.18394614914,1250.248708511741,1260.5802858571578,1300.3742948270026,3000.0,1534.0457018004288,1401.1321364564133,1316.477178175009,1268.18394614914,1250.248708511741,1260.5802858571578,1300.3742948270026,3000.0,1534.0457018004288,1401.1321364564133,1316.477178175009,1268.18394614914,1250.248708511741,1260.5802858571578,1300.3742948270026,3000.0,1534.0457018004288,1401.1321364564133,1316.477178175009,1268.18394614914,1250.248708511741,1260.5802858571578,1300.3742948270026,3000.0,1534.0457018004288,1401.1321364564133,1316.477178175009,1268.18394614914,1250.248708511741,1260.5802858571578,1300.3742948270026,3000.0,1534.0457018004288,1401.1321364564133,1316.477178175009,1268.18394614914,1250.248708511741,1260.5802858571578,1300.3742948270026,3000.0,1534.0457018004288,1401.1321364564133,1316.477178175009,1268.18394614914,1250.248708511741,1260.5802858571578,1300.3742948270026,3000.0,1534.0457018004288,1401.1321364564133,1316.477178175009,1268.18394614914,1250.248708511741,1260.5802858571578,1300.3742948270026,1300.3742948270024,1374.4667908026472,1492.8759975409962,3000.0,3000.0,3000.0,3000.0,3000.0,1300.3742948270024,1374.4667908026472,1492.8759975409962,3000.0,3000.0,3000.0,3000.0,3000.0,1300.3742948270024,1374.4667908026472,1492.8759975409962,3000.0,3000.0,3000.0,3000.0,3000.0,1300.3742948270024,1374.4667908026472,1492.8759975409962,3000.0,3000.0,3000.0,3000.0,3000.0,1300.3742948270024,1374.4667908026472,1492.8759975409962,3000.0,3000.0,3000.0,3000.0,3000.0,1300.3742948270024,1374.4667908026472,1492.8759975409962,3000.0,3000.0,3000.0,3000.0,3000.0,1300.3742948270024,1374.4667908026472,1492.8759975409962,3000.0,3000.0,3000.0,3000.0,3000.0,1300.3742948270024,1374.4667908026472,1492.8759975409962,3000.0,3000.0,3000.0,3000.0,3000.0,3000.0,3000.0,3000.0,3000.0,3000.0,3000.0,3000.0,3000.0,3000.0,3000.0,3000.0,3000.0,3000.0,3000.0,3000.0,3000.0,3000.0,3000.0,3000.0,3000.0,3000.0,3000.0,3000.0,3000.0,3000.0,3000.0,3000.0,3000.0,3000.0,3000.0,3000.0,3000.0,3000.0,3000.0,3000.0,3000.0,3000.0,3000.0,3000.0,3000.0,3000.0,3000.0,3000.0,3000.0,3000.0,3000.0,3000.0,3000.0,3000.0,3000.0,3000.0,3000.0,3000.0,3000.0,3000.0,3000.0,3000.0,3000.0,3000.0,3000.0,3000.0,3000.0,3000.0,3000.0
12333,3000.0,3000.0,3000.0,3000.0,3000.0,3000.0,3000.0,3000.0,3000.0,3000.0,3000.0,3000.0,3000.0,3000.0,3000.0,3000.0,3000.0,3000.0,3000.0,3000.0,3000.0,3000.0,3000.0,3000.0,3000.0,3000.0,3000.0,3000.0,3000.0,3000.0,3000.0,3000.0,3000.0,3000.0,3000.0,3000.0,3000.0,3000.0,3000.0,3000.0,3000.0,3000.0,3000.0,3000.0,3000.0,3000.0,3000.0,3000.0,3000.0,3000.0,3000.0,3000.0,3000.0,3000.0,3000.0,3000.0,3000.0,3000.0,3000.0,3000.0,3000.0,3000.0,3000.0,3000.0,3000.0,3000.0,3000.0,3000.0,3000.0,3000.0,3000.0,3000.0,3000.0,3000.0,3000.0,3000.0,3000.0,3000.0,3000.0,3000.0,3000.0,3000.0,3000.0,3000.0,3000.0,3000.0,3000.0,3000.0,3000.0,3000.0,3000.0,3000.0,3000.0,3000.0,3000.0,3000.0,3000.0,3000.0,3000.0,3000.0,3000.0,3000.0,3000.0,3000.0,3000.0,3000.0,3000.0,3000.0,3000.0,3000.0,3000.0,3000.0,3000.0,3000.0,3000.0,3000.0,3000.0,3000.0,3000.0,3000.0,3000.0,3000.0,3000.0,3000.0,3000.0,3000.0,3000.0,3000.0,3000.0,3000.0,3000.0,3000.0,3000.0,3000.0,3000.0,3000.0,3000.0,3000.0,3000.0,3000.0,3000.0,3000.0,3000.0,3000.0,3000.0,3000.0,3000.0,3000.0,3000.0,3000.0,3000.0,3000.0,3000.0,3000.0,3000.0,3000.0,3000.0,3000.0,3000.0,3000.0,3000.0,3000.0,3000.0,3000.0,3000.0,3000.0,3000.0,3000.0,3000.0,3000.0,3000.0,3000.0,3000.0,3000.0,3000.0,3000.0,3000.0,3000.0,3000.0,3000.0,3000.0,3000.0,3000.0,3000.0,3000.0,3000.0,3000.0,3000.0,3000.0,3000.0,3000.0,3000.0,3000.0,1464.9166268002639,1356.5190114487673,1289.8868003232874,1256.242551433615,1251.5557824364819,1275.2857435773587,1330.2222155948898,3000.0,1464.9166268002639,1356.5190114487673,1289.8868003232874,1256.242551433615,1251.5557824364819,1275.2857435773587,1330.2222155948898,3000.0,1464.9166268002639,1356.5190114487673,1289.8868003232874,1256.242551433615,1251.5557824364819,1275.2857435773587,1330.2222155948898,3000.0,1464.9166268002639,1356.5190114487673,1289.8868003232874,1256.242551433615,1251.5557824364819,1275.2857435773587,1330.2222155948898,3000.0,1464.9166268002639,1356.5190114487673,1289.8868003232874,1256.242551433615,1251.5557824364819,1275.2857435773587,1330.2222155948898,3000.0,1464.9166268002639,1356.5190114487673,1289.8868003232874,1256.242551433615,1251.5557824364819,1275.2857435773587,1330.2222155948898,3000.0,1464.9166268002639,1356.5190114487673,1289.8868003232874,1256.242551433615,1251.5557824364819,1275.2857435773587,1330.2222155948898,3000.0,1464.9166268002639,1356.5190114487673,1289.8868003232874,1256.242551433615,1251.5557824364819,1275.2857435773587,1330.2222155948898,1330.2222155948896,1423.331011105829,1568.1207185425064,3000.0,3000.0,3000.0,3000.0,3000.0,1330.2222155948896,1423.331011105829,1568.1207185425064,3000.0,3000.0,3000.0,3000.0,3000.0,1330.2222155948896,1423.331011105829,1568.1207185425064,3000.0,3000.0,3000.0,3000.0,3000.0,1330.2222155948896,1423.331011105829,1568.1207185425064,3000.0,3000.0,3000.0,3000.0,3000.0,1330.2222155948896,1423.331011105829,1568.1207185425064,3000.0,3000.0,3000.0,3000.0,3000.0,1330.2222155948896,1423.331011105829,1568.1207185425064,3000.0,3000.0,3000.0,3000.0,3000.0,1330.2222155948896,1423.331011105829,1568.1207185425064,3000.0,3000.0,3000.0,3000.0,3000.0,1330.2222155948896,1423.331011105829,1568.1207185425064,3000.0,3000.0,3000.0,3000.0,3000.0,3000.0,3000.0,3000.0,3000.0,3000.0,3000.0,3000.0,3000.0,3000.0,3000.0,3000.0,3000.0,3000.0,3000.0,3000.0,3000.0,3000.0,3000.0,3000.0,3000.0,3000.0,3000.0,3000.0,3000.0,3000.0,3000.0,3000.0,3000.0,3000.0,3000.0,3000.0,3000.0,3000.0,3000.0,3000.0,3000.0,3000.0,3000.0,3000.0,3000.0,3000.0,3000.0,3000.0,3000.0,3000.0,3000.0,3000.0,3000.0,3000.0,3000.0,3000.0,3000.0,3000.0,3000.0,3000.0,3000.0,3000.0,3000.0,3000.0,3000.0,3000.0,3000.0,3000.0,3000.0
12400,3000.0,3000.0,3000.0,3000.0,3000.0,3000.0,3000.0,3000.0,3000.0,3000.0,3000.0,3000.0,3000.0,3000.0,3000.0,3000.0,3000.0,3000.0,3000.0,3000.0,3000.0,3000.0,3000.0,3000.0,3000.0,3000.0,3000.0,3000.0,3000.0,3000.0,3000.0,3000.0,3000.0,3000.0,3000.0,3000.0,3000.0,3000.0,3000.0,3000.0,3000.0,3000.0,3000.0,3000.0,3000.0,3000.0,3000.0,3000.0,3000.0,3000.0,3000.0,3000.0,3000.0,3000.0,3000.0,3000.0,3000.0,3000.0,3000.0,3000.0,3000.0,3000.0,3000.0,3000.0,3000.0,3000.0,3000.0,3000.0,3000.0,3000.0,3000.0,3000.0,3000.0,3000.0,3000.0,3000.0,3000.0,3000.0,3000.0,3000.0,3000.0,3000.0,3000.0,3000.0,3000.0,3000.0,3000.0,3000.0,3000.0,3000.0,3000.0,3000.0,3000.0,3000.0,3000.0,3000.0,3000.0,3000.0,3000.0,3000.0,3000.0,3000.0,3000.0,3000.0,3000.0,3000.0,3000.0,3000.0,3000.0,3000.0,3000.0,3000.0,3000.0,3000.0,3000.0,3000.0,3000.0,3000.0,3000.0,3000.0,3000.0,3000.0,3000.0,3000.0,3000.0,3000.0,3000.0,3000.0,3000.0,3000.0,3000.0,3000.0,3000.0,3000.0,3000.0,3000.0,3000.0,3000.0,3000.0,3000.0,3000.0,3000.0,3000.0,3000.0,3000.0,3000.0,3000.0,3000.0,3000.0,3000.0,3000.0,3000.0,3000.0,3000.0,3000.0,3000.0,3000.0,3000.0,3000.0,3000.0,3000.0,3000.0,3000.0,3000.0,3000.0,3000.0,3000.0,3000.0,3000.0,3000.0,3000.0,3000.0,3000.0,3000.0,3000.0,3000.0,3000.0,3000.0,3000.0,3000.0,3000.0,3000.0,3000.0,3000.0,3000.0,3000.0,3000.0,3000.0,3000.0,3000.0,3000.0,3000.0,1545.0849718747354,1408.3145713744482,1320.8959408758722,1270.4161095310926,1250.5597101538165,1259.0057609440844,1296.7304560858977,1368.2953481325583,1545.0849718747354,1408.3145713744482,1320.8959408758722,1270.4161095310926,1250.5597101538165,1259.0057609440844,1296.7304560858977,1368.2953481325583,1545.0849718747354,1408.3145713744482,1320.8959408758722,1270.4161095310926,1250.5597101538165,1259.0057609440844,1296.7304560858977,1368.2953481325583,1545.0849718747354,1408.3145713744482,1320.8959408758722,1270.4161095310926,1250.5597101538165,1259.0057609440844,1296.7304560858977,1368.2953481325583,1545.0849718747354,1408.3145713744482,1320.8959408758722,1270.4161095310926,1250.5597101538165,1259.0057609440844,1296.7304560858977,1368.2953481325583,1545.0849718747354,1408.3145713744482,1320.8959408758722,1270.4161095310926,1250.5597101538165,1259.0057609440844,1296.7304560858977,1368.2953481325583,1545.0849718747354,1408.3145713744482,1320.8959408758722,1270.4161095310926,1250.5597101538165,1259.0057609440844,1296.7304560858977,1368.2953481325583,1545.0849718747354,1408.3145713744482,1320.8959408758722,1270.4161095310926,1250.5597101538165,1259.0057609440844,1296.7304560858977,1368.2953481325583,1368.295348132558,1483.290509347781,3000.0,3000.0,3000.0,3000.0,3000.0,3000.0,1368.295348132558,1483.290509347781,3000.0,3000.0,3000.0,3000.0,3000.0,3000.0,1368.295348132558,1483.290509347781,3000.0,3000.0,3000.0,3000.0,3000.0,3000.0,1368.295348132558,1483.290509347781,3000.0,3000.0,3000.0,3000.0,3000.0,3000.0,1368.295348132558,1483.290509347781,3000.0,3000.0,3000.0,3000.0,3000.0,3000.0,1368.295348132558,1483.290509347781,3000.0,3000.0,3000.0,3000.0,3000.0,3000.0,1368.295348132558,1483.290509347781,3000.0,3000.0,3000.0,3000.0,3000.0,3000.0,1368.295348132558,1483.290509347781,3000.0,3000.0,3000.0,3000.0,3000.0,3000.0,3000.0,3000.0,3000.0,3000.0,3000.0,3000.0,3000.0,1545.0849718747377,3000.0,3000.0,3000.0,3000.0,3000.0,3000.0,3000.0,1545.0849718747377,3000.0,3000.0,3000.0,3000.0,3000.0,3000.0,3000.0,1545.0849718747377,3000.0,3000.0,3000.0,3000.0,3000.0,3000.0,3000.0,1545.0849718747377,3000.0,3000.0,3000.0,3000.0,3000.0,3000.0,3000.0,1545.0849718747377,3000.0,3000.0,3000.0,3000.0,3000.0,3000.0,3000.0,1545.0849718747377,3000.0,3000.0,3000.0,3000.0,3000.0,3000.0,3000.0,1545.0849718747377,3000.0,3000.0,3000.0,3000.0,3000.0,3000.0,3000.0,1545.0849718747377
12467,3000.0,3000.0,3000.0,3000.0,3000.0,3000.0,3000.0,3000.0,3000.0,3000.0,3000.0,3000.0,3000.0,3000.0,3000.0,3000.0,3000.0,3000.0,3000.0,3000.0,3000.0,3000.0,3000.0,3000.0,3000.0,3000.0,3000.0,3000.0,3000.0,3000.0,3000.0,3000.0,3000.0,3000.0,3000.0,3000.0,3000.0,3000.0,3000.0,3000.0,3000.0,3000.0,3000.0,3000.0,3000.0,3000.0,3000.0,3000.0,3000.0,3000.0,3000.0,3000.0,3000.0,3000.0,3000.0,3000.0,3000.0,3000.0,3000.0,3000.0,3000.0,3000.0,3000.0,3000.0,3000.0,3000.0,3000.0,3000.0,3000.0,3000.0,3000.0,3000.0,3000.0,3000.0,3000.0,3000.0,3000.0,3000.0,3000.0,3000.0,3000.0,3000.0,3000.0,3000.0,3000.0,3000.0,3000.0,3000.0,3000.0,3000.0,3000.0,3000.0,3000.0,3000.0,3000.0,3000.0,3000.0,3000.0,3000.0,3000.0,3000.0,3000.0,3000.0,3000.0,3000.0,3000.0,3000.0,3000.0,3000.0,3000.0,3000.0,3000.0,3000.0,3000.0,3000.0,3000.0,3000.0,3000.0,3000.0,3000.0,3000.0,3000.0,3000.0,3000.0,3000.0,3000.0,3000.0,3000.0,3000.0,3000.0,3000.0,3000.0,3000.0,3000.0,3000.0,3000.0,3000.0,3000.0,3000.0,3000.0,3000.0,3000.0,3000.0,3000.0,3000.0,3000.0,3000.0,3000.0,3000.0,3000.0,3000.0,3000.0,3000.0,3000.0,3000.0,3000.0,3000.0,3000.0,3000.0,3000.0,3000.0,3000.0,3000.0,3000.0,3000.0,3000.0,3000.0,3000.0,3000.0,3000.0,3000.0,3000.0,3000.0,3000.0,3000.0,3000.0,3000.0,3000.0,3000.0,3000.0,3000.0,3000.0,3000.0,3000.0,3000.0,3000.0,3000.0,3000.0,3000.0,3000.0,3000.0,3000.0,1473.97300420262,1362.3139764084058,1293.235255029051,1257.560092979011,1250.9953291307672,1272.7829665104955,1325.4767506773264,1415.7125633612984,1473.97300420262,1362.3139764084058,1293.235255029051,1257.560092979011,1250.9953291307672,1272.7829665104955,1325.4767506773264,1415.7125633612984,1473.97300420262,1362.3139764084058,1293.235255029051,1257.560092979011,1250.9953291307672,1272.7829665104955,1325.4767506773264,1415.7125633612984,1473.97300420262,1362.3139764084058,1293.235255029051,1257.560092979011,1250.9953291307672,1272.7829665104955,1325.4767506773264,1415.7125633612984,1473.97300420262,1362.3139764084058,1293.235255029051,1257.560092979011,1250.9953291307672,1272.7829665104955,1325.4767506773264,1415.7125633612984,1473.97300420262,1362.3139764084058,1293.235255029051,1257.560092979011,1250.9953291307672,1272.7829665104955,1325.4767506773264,1415.7125633612984,1473.97300420262,1362.3139764084058,1293.235255029051,1257.560092979011,1250.9953291307672,1272.7829665104955,1325.4767506773264,1415.7125633612984,1473.97300420262,1362.3139764084058,1293.235255029051,1257.560092979011,1250.9953291307672,1272.7829665104955,1325.4767506773264,1415.7125633612984,1415.712563361298,1556.4402098950734,3000.0,3000.0,3000.0,3000.0,3000.0,3000.0,1415.712563361298,1556.4402098950734,3000.0,3000.0,3000.0,3000.0,3000.0,3000.0,1415.712563361298,1556.4402098950734,3000.0,3000.0,3000.0,3000.0,3000.0,3000.0,1415.712563361298,1556.4402098950734,3000.0,3000.0,3000.0,3000.0,3000.0,3000.0,1415.712563361298,1556.4402098950734,3000.0,3000.0,3000.0,3000.0,3000.0,3000.0,1415.712563361298,1556.4402098950734,3000.0,3000.0,3000.0,3000.0,3000.0,3000.0,1415.712563361298,1556.4402098950734,3000.0,3000.0,3000.0,3000.0,3000.0,3000.0,1415.712563361298,1556.4402098950734,3000.0,3000.0,3000.0,3000.0,3000.0,3000.0,3000.0,3000.0,3000.0,3000.0,3000.0,3000.0,3000.0,1473.9730042026217,3000.0,3000.0,3000.0,3000.0,3000.0,3000.0,3000.0,1473.9730042026217,3000.0,3000.0,3000.0,3000.0,3000.0,3000.0,3000.0,1473.9730042026217,3000.0,3000.0,3000.0,3000.0,3000.0,3000.0,3000.0,1473.9730042026217,3000.0,3000.0,3000.0,3000.0,3000.0,3000.0,3000.0,1473.9730042026217,3000.0,3000.0,3000.0,3000.0,3000.0,3000.0,3000.0,1473.9730042026217,3000.0,3000.0,3000.0,3000.0,3000.0,3000.0,3000.0,1473.9730042026217,3000.0,3000.0,3000.0,3000.0,3000.0,3000.0,3000.0,1473.9730042026217
12533,3000.0,3000.0,3000.0,3000.0,3000.0,3000.0,3000.0,3000.0,3000.0,3000.0,3000.0,3000.0,3000.0,3000.0,3000.0,3000.0,3000.0,3000.0,3000.0,3000.0,3000.0,3000.0,3000.0,3000.0,3000.0,3000.0,3000.0,3000.0,3000.0,3000.0,3000.0,3000.0,3000.0,3000.0,3000.0,3000.0,3000.0,3000.0,3000.0,3000.0,3000.0,3000.0,3000.0,3000.0,3000.0,3000.0,3000.0,3000.0,3000.0,3000.0,3000.0,3000.0,3000.0,3000.0,3000.0,3000.0,3000.0,3000.0,3000.0,3000.0,3000.0,3000.0,3000.0,3000.0,3000.0,3000.0,3000.0,3000.0,3000.0,3000.0,3000.0,3000.0,3000.0,3000.0,3000.0,3000.0,3000.0,3000.0,3000.0,3000.0,3000.0,3000.0,3000.0,3000.0,3000.0,3000.0,3000.0,3000.0,3000.0,3000.0,3000.0,3000.0,3000.0,3000.0,3000.0,3000.0,3000.0,3000.0,3000.0,3000.0,3000.0,3000.0,3000.0,3000.0,3000.0,3000.0,3000.0,3000.0,3000.0,3000.0,3000.0,3000.0,3000.0,3000.0,3000.0,3000.0,3000.0,3000.0,3000.0,3000.0,3000.0,3000.0,3000.0,3000.0,3000.0,3000.0,3000.0,3000.0,3000.0,3000.0,3000.0,3000.0,3000.0,3000.0,3000.0,3000.0,3000.0,3000.0,3000.0,3000.0,3000.0,3000.0,3000.0,3000.0,3000.0,3000.0,3000.0,3000.0,3000.0,3000.0,3000.0,3000.0,3000.0,3000.0,3000.0,3000.0,3000.0,3000.0,3000.0,3000.0,3000.0,3000.0,3000.0,3000.0,3000.0,3000.0,3000.0,3000.0,3000.0,3000.0,3000.0,3000.0,3000.0,3000.0,3000.0,3000.0,3000.0,3000.0,3000.0,3000.0,3000.0,3000.0,3000.0,3000.0,3000.0,3000.0,3000.0,3000.0,3000.0,3000.0,3000.0,3000.0,1415.7125633612993,1325.4767506773267,1272.7829665104957,1250.9953291307672,1257.5600929790107,1293.2352550290507,1362.3139764084053,1473.9730042026192,1415.7125633612993,1325.4767506773267,1272.7829665104957,1250.9953291307672,1257.5600929790107,1293.2352550290507,1362.3139764084053,1473.9730042026192,1415.7125633612993,1325.4767506773267,1272.7829665104957,1250.9953291307672,1257.5600929790107,1293.2352550290507,1362.3139764084053,1473.9730042026192,1415.7125633612993,1325.4767506773267,1272.7829665104957,1250.9953291307672,1257.5600929790107,1293.2352550290507,1362.3139764084053,1473.9730042026192,1415.7125633612993,1325.4767506773267,1272.7829665104957,1250.9953291307672,1257.5600929790107,1293.2352550290507,1362.3139764084053,1473.9730042026192,1415.7125633612993,1325.4767506773267,1272.7829665104957,1250.9953291307672,1257.5600929790107,1293.2352550290507,1362.3139764084053,1473.9730042026192,1415.7125633612993,1325.4767506773267,1272.7829665104957,1250.9953291307672,1257.5600929790107,1293.2352550290507,1362.3139764084053,1473.9730042026192,1415.7125633612993,1325.4767506773267,1272.7829665104957,1250.9953291307672,1257.5600929790107,1293.2352550290507,1362.3139764084053,1473.9730042026192,1473.9730042026188,3000.0,3000.0,3000.0,3000.0,3000.0,3000.0,3000.0,1473.9730042026188,3000.0,3000.0,3000.0,3000.0,3000.0,3000.0,3000.0,1473.9730042026188,3000.0,3000.0,3000.0,3000.0,3000.0,3000.0,3000.0,1473.9730042026188,3000.0,3000.0,3000.0,3000.0,3000.0,3000.0,3000.0,1473.9730042026188,3000.0,3000.0,3000.0,3000.0,3000.0,3000.0,3000.0,1473.9730042026188,3000.0,3000.0,3000.0,3000.0,3000.0,3000.0,3000.0,1473.9730042026188,3000.0,3000.0,3000.0,3000.0,3000.0,3000.0,3000.0,1473.9730042026188,3000.0,3000.0,3000.0,3000.0,3000.0,3000.0,3000.0,3000.0,3000.0,3000.0,3000.0,3000.0,3000.0,1556.4402098950754,1415.7125633613007,3000.0,3000.0,3000.0,3000.0,3000.0,3000.0,1556.4402098950754,1415.7125633613007,3000.0,3000.0,3000.0,3000.0,3000.0,3000.0,1556.4402098950754,1415.7125633613007,3000.0,3000.0,3000.0,3000.0,3000.0,3000.0,1556.4402098950754,1415.7125633613007,3000.0,3000.0,3000.0,3000.0,3000.0,3000.0,1556.4402098950754,1415.7125633613007,3000.0,3000.0,3000.0,3000.0,3000.0,3000.0,1556.4402098950754,1415.7125633613007,3000.0,3000.0,3000.0,3000.0,3000.0,3000.0,1556.4402098950754,1415.7125633613007,3000.0,3000.0,3000.0,3000.0,3000.0,3000.0,1556.4402098950754,1415.7125633613007
12600,3000.0,3000.0,3000.0,3000.0,3000.0,3000.0,3000.0,3000.0,3000.0,3000.0,3000.0,3000.0,3000.0,3000.0,3000.0,3000.0,3000.0,3000.0,3000.0,3000.0,3000.0,3000.0,3000.0,3000.0,3000.0,3000.0,3000.0,3000.0,3000.0,3000.0,3000.0,3000.0,3000.0,3000.0,3000.0,3000.0,3000.0,3000.0,3000.0,3000.0,3000.0,3000.0,3000.0,3000.0,3000.0,3000.0,3000.0,3000.0,3000.0,3000.0,3000.0,3000.0,3000.0,3000.0,3000.0,3000.0,3000.0,3000.0,3000.0,3000.0,3000.0,3000.0,3000.0,3000.0,3000.0,3000.0,3000.0,3000.0,3000.0,3000.0,3000.0,3000.0,3000.0,3000.0,3000.0,3000.0,3000.0,3000.0,3000.0,3000.0,3000.0,3000.0,3000.0,3000.0,3000.0,3000.0,3000.0,3000.0,3000.0,3000.0,3000.0,3000.0,3000.0,3000.0,3000.0,3000.0,3000.0,3000.0,3000.0,3000.0,3000.0,3000.0,3000.0,3000.0,3000.0,3000.0,3000.0,3000.0,3000.0,3000.0,3000.0,3000.0,3000.0,3000.0,3000.0,3000.0,3000.0,3000.0,3000.0,3000.0,3000.0,3000.0,3000.0,3000.0,3000.0,3000.0,3000.0,3000.0,3000.0,3000.0,3000.0,3000.0,3000.0,3000.0,3000.0,3000.0,3000.0,3000.0,3000.0,3000.0,3000.0,3000.0,3000.0,3000.0,3000.0,3000.0,3000.0,3000.0,3000.0,3000.0,3000.0,3000.0,3000.0,3000.0,3000.0,3000.0,3000.0,3000.0,3000.0,3000.0,3000.0,3000.0,3000.0,3000.0,3000.0,3000.0,3000.0,3000.0,3000.0,3000.0,3000.0,3000.0,3000.0,3000.0,3000.0,3000.0,3000.0,3000.0,3000.0,3000.0,3000.0,3000.0,3000.0,3000.0,3000.0,3000.0,3000.0,3000.0,3000.0,3000.0,3000.0,3000.0,1368.2953481325578,1296.7304560858975,1259.0057609440842,1250.5597101538165,1270.4161095310928,1320.8959408758726,1408.3145713744486,1545.0849718747365,1368.2953481325578,1296.7304560858975,1259.0057609440842,1250.5597101538165,1270.4161095310928,1320.8959408758726,1408.3145713744486,1545.0849718747365,1368.2953481325578,1296.7304560858975,1259.0057609440842,1250.5597101538165,1270.4161095310928,1320.8959408758726,1408.3145713744486,1545.0849718747365,1368.2953481325578,1296.7304560858975,1259.0057609440842,1250.5597101538165,1270.4161095310928,1320.8959408758726,1408.3145713744486,1545.0849718747365,1368.2953481325578,1296.7304560858975,1259.0057609440842,1250.5597101538165,1270.4161095310928,1320.8959408758726,1408.3145713744486,1545.0849718747365,1368.2953481325578,1296.7304560858975,1259.0057609440842,1250.5597101538165,1270.4161095310928,1320.8959408758726,1408.3145713744486,1545.0849718747365,1368.2953481325578,1296.7304560858975,1259.0057609440842,1250.5597101538165,1270.4161095310928,1320.8959408758726,1408.3145713744486,1545.0849718747365,1368.2953481325578,1296.7304560858975,1259.0057609440842,1250.5597101538165,1270.4161095310928,1320.8959408758726,1408.3145713744486,1545.0849718747365,1545.0849718747356,3000.0,3000.0,3000.0,3000.0,3000.0,3000.0,3000.0,1545.0849718747356,3000.0,3000.0,3000.0,3000.0,3000.0,3000.0,3000.0,1545.0849718747356,3000.0,3000.0,3000.0,3000.0,3000.0,3000.0,3000.0,1545.0849718747356,3000.0,3000.0,3000.0,3000.0,3000.0,3000.0,3000.0,1545.0849718747356,3000.0,3000.0,3000.0,3000.0,3000.0,3000.0,3000.0,1545.0849718747356,3000.0,3000.0,3000.0,3000.0,3000.0,3000.0,3000.0,1545.0849718747356,3000.0,3000.0,3000.0,3000.0,3000.0,3000.0,3000.0,1545.0849718747356,3000.0,3000.0,3000.0,3000.0,3000.0,3000.0,3000.0,3000.0,3000.0,3000.0,3000.0,3000.0,3000.0,1483.290509347781,1368.295348132559,3000.0,3000.0,3000.0,3000.0,3000.0,3000.0,1483.290509347781,1368.295348132559,3000.0,3000.0,3000.0,3000.0,3000.0,3000.0,1483.290509347781,1368.295348132559,3000.0,3000.0,3000.0,3000.0,3000.0,3000.0,1483.290509347781,1368.295348132559,3000.0,3000.0,3000.0,3000.0,3000.0,3000.0,1483.290509347781,1368.295348132559,3000.0,3000.0,3000.0,3000.0,3000.0,3000.0,1483.290509347781,1368.295348132559,3000.0,3000.0,3000.0,3000.0,3000.0,3000.0,1483.290509347781,1368.295348132559,3000.0,3000.0,3000.0,3000.0,3000.0,3000.0,1483.290509347781,1368.295348132559
12667,3000.0,3000.0,3000.0,3000.0,3000.0,3000.0,3000.0,3000.0,3000.0,3000.0,3000.0,3000.0,3000.0,3000.0,3000.0,3000.0,3000.0,3000.0,3000.0,3000.0,3000.0,3000.0,3000.0,3000.0,3000.0,3000.0,3000.0,3000.0,3000.0,3000.0,3000.0,3000.0,3000.0,3000.0,3000.0,3000.0,3000.0,3000.0,3000.0,3000.0,3000.0,3000.0,3000.0,3000.0,3000.0,3000.0,3000.0,3000.0,3000.0,3000.0,3000.0,3000.0,3000.0,3000.0,3000.0,3000.0,3000.0,3000.0,3000.0,3000.0,3000.0,3000.0,3000.0,3000.0,3000.0,3000.0,3000.0,3000.0,3000.0,3000.0,3000.0,3000.0,3000.0,3000.0,3000.0,3000.0,3000.0,3000.0,3000.0,3000.0,3000.0,3000.0,3000.0,3000.0,3000.0,3000.0,3000.0,3000.0,3000.0,3000.0,3000.0,3000.0,3000.0,3000.0,3000.0,3000.0,3000.0,3000.0,3000.0,3000.0,3000.0,3000.0,3000.0,3000.0,3000.0,3000.0,3000.0,3000.0,3000.0,3000.0,3000.0,3000.0,3000.0,3000.0,3000.0,3000.0,3000.0,3000.0,3000.0,3000.0,3000.0,3000.0,3000.0,3000.0,3000.0,3000.0,3000.0,3000.0,3000.0,3000.0,3000.0,3000.0,3000.0,3000.0,3000.0,3000.0,3000.0,3000.0,3000.0,3000.0,3000.0,3000.0,3000.0,3000.0,3000.0,3000.0,3000.0,3000.0,3000.0,3000.0,3000.0,3000.0,3000.0,3000.0,3000.0,3000.0,3000.0,3000.0,3000.0,3000.0,3000.0,3000.0,3000.0,3000.0,3000.0,3000.0,3000.0,3000.0,3000.0,3000.0,3000.0,3000.0,3000.0,3000.0,3000.0,3000.0,3000.0,3000.0,3000.0,3000.0,3000.0,3000.0,3000.0,3000.0,3000.0,3000.0,3000.0,3000.0,3000.0,3000.0,3000.0,3000.0,1330.2222155948903,1275.2857435773592,1251.5557824364819,1256.2425514336148,1289.8868003232872,1356.5190114487666,1464.916626800263,3000.0,1330.2222155948903,1275.2857435773592,1251.5557824364819,1256.2425514336148,1289.8868003232872,1356.5190114487666,1464.916626800263,3000.0,1330.2222155948903,1275.2857435773592,1251.5557824364819,1256.2425514336148,1289.8868003232872,1356.5190114487666,1464.916626800263,3000.0,1330.2222155948903,1275.2857435773592,1251.5557824364819,1256.2425514336148,1289.8868003232872,1356.5190114487666,1464.916626800263,3000.0,1330.2222155948903,1275.2857435773592,1251.5557824364819,1256.2425514336148,1289.8868003232872,1356.5190114487666,1464.916626800263,3000.0,1330.2222155948903,1275.2857435773592,1251.5557824364819,1256.2425514336148,1289.8868003232872,1356.5190114487666,1464.916626800263,3000.0,1330.2222155948903,1275.2857435773592,1251.5557824364819,1256.2425514336148,1289.8868003232872,1356.5190114487666,1464.916626800263,3000.0,1330.2222155948903,1275.2857435773592,1251.5557824364819,1256.2425514336148,1289.8868003232872,1356.5190114487666,1464.916626800263,3000.0,3000.0,3000.0,3000.0,3000.0,3000.0,3000.0,3000.0,3000.0,3000.0,3000.0,3000.0,3000.0,3000.0,3000.0,3000.0,3000.0,3000.0,3000.0,3000.0,3000.0,3000.0,3000.0,3000.0,3000.0,3000.0,3000.0,3000.0,3000.0,3000.0,3000.0,3000.0,3000.0,3000.0,3000.0,3000.0,3000.0,3000.0,3000.0,3000.0,3000.0,3000.0,3000.0,3000.0,3000.0,3000.0,3000.0,3000.0,3000.0,3000.0,3000.0,3000.0,3000.0,3000.0,3000.0,3000.0,3000.0,3000.0,3000.0,3000.0,3000.0,3000.0,3000.0,3000.0,3000.0,3000.0,3000.0,3000.0,3000.0,3000.0,1568.1207185425092,1423.3310111058302,1330.2222155948912,3000.0,3000.0,3000.0,3000.0,3000.0,1568.1207185425092,1423.3310111058302,1330.2222155948912,3000.0,3000.0,3000.0,3000.0,3000.0,1568.1207185425092,1423.3310111058302,1330.2222155948912,3000.0,3000.0,3000.0,3000.0,3000.0,1568.1207185425092,1423.3310111058302,1330.2222155948912,3000.0,3000.0,3000.0,3000.0,3000.0,1568.1207185425092,1423.3310111058302,1330.2222155948912,3000.0,3000.0,3000.0,3000.0,3000.0,1568.1207185425092,1423.3310111058302,1330.2222155948912,3000.0,3000.0,3000.0,3000.0,3000.0,1568.1207185425092,1423.3310111058302,1330.2222155948912,3000.0,3000.0,3000.0,3000.0,3000.0,1568.1207185425092,1423.3310111058302,1330.2222155948912
12733,3000.0,3000.0,3000.0,3000.0,3000.0,3000.0,3000.0,3000.0,3000.0,3000.0,3000.0,3000.0,3000.0,3000.0,3000.0,3000.0,3000.0,3000.0,3000.0,3000.0,3000.0,3000.0,3000.0,3000.0,3000.0,3000.0,3000.0,3000.0,3000.0,3000.0,3000.0,3000.0,3000.0,3000.0,3000.0,3000.0,3000.0,3000.0,3000.0,3000.0,3000.0,3000.0,3000.0,3000.0,3000.0,3000.0,3000.0,3000.0,3000.0,3000.0,3000.0,3000.0,3000.0,3000.0,3000.0,3000.0,3000.0,3000.0,3000.0,3000.0,3000.0,3000.0,3000.0,3000.0,3000.0,3000.0,3000.0,3000.0,3000.0,3000.0,3000.0,3000.0,3000.0,3000.0,3000.0,3000.0,3000.0,3000.0,3000.0,3000.0,3000.0,3000.0,3000.0,3000.0,3000.0,3000.0,3000.0,3000.0,3000.0,3000.0,3000.0,3000.0,3000.0,3000.0,3000.0,3000.0,3000.0,3000.0,3000.0,3000.0,3000.0,3000.0,3000.0,3000.0,3000.0,3000.0,3000.0,3000.0,3000.0,3000.0,3000.0,3000.0,3000.0,3000.0,3000.0,3000.0,3000.0,3000.0,3000.0,3000.0,3000.0,3000.0,3000.0,3000.0,3000.0,3000.0,3000.0,3000.0,3000.0,3000.0,3000.0,3000.0,3000.0,3000.0,3000.0,3000.0,3000.0,3000.0,3000.0,3000.0,3000.0,3000.0,3000.0,3000.0,3000.0,3000.0,3000.0,3000.0,3000.0,3000.0,3000.0,3000.0,3000.0,3000.0,3000.0,3000.0,3000.0,3000.0,3000.0,3000.0,3000.0,3000.0,3000.0,3000.0,3000.0,3000.0,3000.0,3000.0,3000.0,3000.0,3000.0,3000.0,3000.0,3000.0,3000.0,3000.0,3000.0,3000.0,3000.0,3000.0,3000.0,3000.0,3000.0,3000.0,3000.0,3000.0,3000.0,3000.0,3000.0,3000.0,3000.0,3000.0,1300.374294827003,1260.580285857158,1250.248708511741,1268.1839461491395,1316.4771781750085,1401.1321364564126,1534.0457018004277,3000.0,1300.374294827003,1260.580285857158,1250.248708511741,1268.1839461491395,1316.4771781750085,1401.1321364564126,1534.0457018004277,3000.0,1300.374294827003,1260.580285857158,1250.248708511741,1268.1839461491395,1316.4771781750085,1401.1321364564126,1534.0457018004277,3000.0,1300.374294827003,1260.580285857158,1250.248708511741,1268.1839461491395,1316.4771781750085,1401.1321364564126,1534.0457018004277,3000.0,1300.374294827003,1260.580285857158,1250.248708511741,1268.1839461491395,1316.4771781750085,1401.1321364564126,1534.0457018004277,3000.0,1300.374294827003,1260.580285857158,1250.248708511741,1268.1839461491395,1316.4771781750085,1401.1321364564126,1534.0457018004277,3000.0,1300.374294827003,1260.580285857158,1250.248708511741,1268.1839461491395,1316.4771781750085,1401.1321364564126,1534.0457018004277,3000.0,1300.374294827003,1260.580285857158,1250.248708511741,1268.1839461491395,1316.4771781750085,1401.1321364564126,1534.0457018004277,3000.0,3000.0,3000.0,3000.0,3000.0,3000.0,3000.0,3000.0,3000.0,3000.0,3000.0,3000.0,3000.0,3000.0,3000.0,3000.0,3000.0,3000.0,3000.0,3000.0,3000.0,3000.0,3000.0,3000.0,3000.0,3000.0,3000.0,3000.0,3000.0,3000.0,3000.0,3000.0,3000.0,3000.0,3000.0,3000.0,3000.0,3000.0,3000.0,3000.0,3000.0,3000.0,3000.0,3000.0,3000.0,3000.0,3000.0,3000.0,3000.0,3000.0,3000.0,3000.0,3000.0,3000.0,3000.0,3000.0,3000.0,3000.0,3000.0,3000.0,3000.0,3000.0,3000.0,3000.0,3000.0,3000.0,3000.0,3000.0,3000.0,3000.0,1492.8759975409987,1374.466790802648,1300.3742948270037,3000.0,3000.0,3000.0,3000.0,3000.0,1492.8759975409987,1374.466790802648,1300.3742948270037,3000.0,3000.0,3000.0,3000.0,3000.0,1492.8759975409987,1374.466790802648,1300.3742948270037,3000.0,3000.0,3000.0,3000.0,3000.0,1492.8759975409987,1374.466790802648,1300.3742948270037,3000.0,3000.0,3000.0,3000.0,3000.0,1492.8759975409987,1374.466790802648,1300.3742948270037,3000.0,3000.0,3000.0,3000.0,3000.0,1492.8759975409987,1374.466790802648,1300.3742948270037,3000.0,3000.0,3000.0,3000.0,3000.0,1492.8759975409987,1374.466790802648,1300.3742948270037,3000.0,3000.0,3000.0,3000.0,3000.0,1492.8759975409987,1374.466790802648,1300.3742948270037
12800,3000.0,3000.0,3000.0,3000.0,3000.0,3000.0,3000.0,3000.0,3000.0,3000.0,3000.0,3000.0,3000.0,3000.0,3000.0,3000.0,3000.0,3000.0,3000.0,3000.0,3000.0,3000.0,3000.0,3000.0,3000.0,3000.0,3000.0,3000.0,3000.0,3000.0,3000.0,3000.0,3000.0,3000.0,3000.0,3000.0,3000.0,3000.0,3000.0,3000.0,3000.0,3000.0,3000.0,3000.0,3000.0,3000.0,3000.0,3000.0,3000.0,3000.0,3000.0,3000.0,3000.0,3000.0,3000.0,3000.0,3000.0,3000.0,3000.0,3000.0,3000.0,3000.0,3000.0,3000.0,3000.0,3000.0,3000.0,3000.0,3000.0,3000.0,3000.0,3000.0,3000.0,3000.0,3000.0,3000.0,3000.0,3000.0,3000.0,3000.0,3000.0,3000.0,3000.0,3000.0,3000.0,3000.0,3000.0,3000.0,3000.0,3000.0,3000.0,3000.0,3000.0,3000.0,3000.0,3000.0,3000.0,3000.0,3000.0,3000.0,3000.0,3000.0,3000.0,3000.0,3000.0,3000.0,3000.0,3000.0,3000.0,3000.0,3000.0,3000.0,3000.0,3000.0,3000.0,3000.0,3000.0,3000.0,3000.0,3000.0,3000.0,3000.0,3000.0,3000.0,3000.0,3000.0,3000.0,3000.0,3000.0,3000.0,3000.0,3000.0,3000.0,3000.0,3000.0,3000.0,3000.0,3000.0,3000.0,3000.0,3000.0,3000.0,3000.0,3000.0,3000.0,3000.0,3000.0,3000.0,3000.0,3000.0,3000.0,3000.0,3000.0,3000.0,3000.0,3000.0,3000.0,3000.0,3000.0,3000.0,3000.0,3000.0,3000.0,3000.0,3000.0,3000.0,3000.0,3000.0,3000.0,3000.0,3000.0,3000.0,3000.0,3000.0,3000.0,3000.0,3000.0,3000.0,3000.0,3000.0,3000.0,3000.0,3000.0,3000.0,3000.0,3000.0,3000.0,3000.0,3000.0,3000.0,3000.0,3000.0,1277.925743581286,1252.2413495151084,1255.0524722739233,1286.6832913660542,1350.9069387872453,1456.1148076815048,3000.0,3000.0,1277.925743581286,1252.2413495151084,1255.0524722739233,1286.6832913660542,1350.9069387872453,1456.1148076815048,3000.0,3000.0,1277.925743581286,1252.2413495151084,1255.0524722739233,1286.6832913660542,1350.9069387872453,1456.1148076815048,3000.0,3000.0,1277.925743581286,1252.2413495151084,1255.0524722739233,1286.6832913660542,1350.9069387872453,1456.1148076815048,3000.0,3000.0,1277.925743581286,1252.2413495151084,1255.0524722739233,1286.6832913660542,1350.9069387872453,1456.1148076815048,3000.0,3000.0,1277.925743581286,1252.2413495151084,1255.0524722739233,1286.6832913660542,1350.9069387872453,1456.1148076815048,3000.0,3000.0,1277.925743581286,1252.2413495151084,1255.0524722739233,1286.6832913660542,1350.9069387872453,1456.1148076815048,3000.0,3000.0,1277.925743581286,1252.2413495151084,1255.0524722739233,1286.6832913660542,1350.9069387872453,1456.1148076815048,3000.0,3000.0,3000.0,3000.0,3000.0,3000.0,3000.0,3000.0,3000.0,3000.0,3000.0,3000.0,3000.0,3000.0,3000.0,3000.0,3000.0,3000.0,3000.0,3000.0,3000.0,3000.0,3000.0,3000.0,3000.0,3000.0,3000.0,3000.0,3000.0,3000.0,3000.0,3000.0,3000.0,3000.0,3000.0,3000.0,3000.0,3000.0,3000.0,3000.0,3000.0,3000.0,3000.0,3000.0,3000.0,3000.0,3000.0,3000.0,3000.0,3000.0,3000.0,3000.0,3000.0,3000.0,3000.0,3000.0,3000.0,3000.0,3000.0,3000.0,3000.0,3000.0,3000.0,3000.0,3000.0,3000.0,3000.0,3000.0,3000.0,3000.0,1580.1362270115574,1431.175021160528,1335.1350598016754,1277.9257435812865,3000.0,3000.0,3000.0,3000.0,1580.1362270115574,1431.175021160528,1335.1350598016754,1277.9257435812865,3000.0,3000.0,3000.0,3000.0,1580.1362270115574,1431.175021160528,1335.1350598016754,1277.9257435812865,3000.0,3000.0,3000.0,3000.0,1580.1362270115574,1431.175021160528,1335.1350598016754,1277.9257435812865,3000.0,3000.0,3000.0,3000.0,1580.1362270115574,1431.175021160528,1335.1350598016754,1277.9257435812865,3000.0,3000.0,3000.0,3000.0,1580.1362270115574,1431.175021160528,1335.1350598016754,1277.9257435812865,3000.0,3000.0,3000.0,3000.0,1580.1362270115574,1431.175021160528,1335.1350598016754,1277.9257435812865,3000.0,3000.0,3000.0,3000.0,1580.1362270115574,1431.175021160528,1335.1350598016754,1277.9257435812865
12867,3000.0,3000.0,3000.0,3000.0,3000.0,3000.0,3000.0,3000.0,3000.0,3000.0,3000.0,3000.0,3000.0,3000.0,3000.0,3000.0,3000.0,3000.0,3000.0,3000.0,3000.0,3000.0,3000.0,3000.0,3000.0,3000.0,3000.0,3000.0,3000.0,3000.0,3000.0,3000.0,3000.0,3000.0,3000.0,3000.0,3000.0,3000.0,3000.0,3000.0,3000.0,3000.0,3000.0,3000.0,3000.0,3000.0,3000.0,3000.0,3000.0,3000.0,3000.0,3000.0,3000.0,3000.0,3000.0,3000.0,3000.0,3000.0,3000.0,3000.0,3000.0,3000.0,3000.0,3000.0,3000.0,3000.0,3000.0,3000.0,3000.0,3000.0,3000.0,3000.0,3000.0,3000.0,3000.0,3000.0,3000.0,3000.0,3000.0,3000.0,3000.0,3000.0,3000.0,3000.0,3000.0,3000.0,3000.0,3000.0,3000.0,3000.0,3000.0,3000.0,3000.0,3000.0,3000.0,3000.0,3000.0,3000.0,3000.0,3000.0,3000.0,3000.0,3000.0,3000.0,3000.0,3000.0,3000.0,3000.0,3000.0,3000.0,3000.0,3000.0,3000.0,3000.0,3000.0,3000.0,3000.0,3000.0,3000.0,3000.0,3000.0,3000.0,3000.0,3000.0,3000.0,3000.0,3000.0,3000.0,3000.0,3000.0,3000.0,3000.0,3000.0,3000.0,3000.0,3000.0,3000.0,3000.0,3000.0,3000.0,3000.0,3000.0,3000.0,3000.0,3000.0,3000.0,3000.0,3000.0,3000.0,3000.0,3000.0,3000.0,3000.0,3000.0,3000.0,3000.0,3000.0,3000.0,3000.0,3000.0,3000.0,3000.0,3000.0,3000.0,3000.0,3000.0,3000.0,3000.0,3000.0,3000.0,3000.0,3000.0,3000.0,3000.0,3000.0,3000.0,3000.0,3000.0,3000.0,3000.0,3000.0,3000.0,3000.0,3000.0,3000.0,3000.0,3000.0,3000.0,3000.0,3000.0,3000.0,3000.0,1262.2844656482723,1250.0621693969445,1266.0853246547981,1312.2179668881338,1394.160559006045,1523.31350181314,3000.0,3000.0,1262.2844656482723,1250.0621693969445,1266.0853246547981,1312.2179668881338,1394.160559006045,1523.31350181314,3000.0,3000.0,1262.2844656482723,1250.0621693969445,1266.0853246547981,1312.2179668881338,1394.160559006045,1523.31350181314,3000.0,3000.0,1262.2844656482723,1250.0621693969445,1266.0853246547981,1312.2179668881338,1394.160559006045,1523.31350181314,3000.0,3000.0,1262.2844656482723,1250.0621693969445,1266.0853246547981,1312.2179668881338,1394.160559006045,1523.31350181314,3000.0,3000.0,1262.2844656482723,1250.0621693969445,1266.0853246547981,1312.2179668881338,1394.160559006045,1523.31350181314,3000.0,3000.0,1262.2844656482723,1250.0621693969445,1266.0853246547981,1312.2179668881338,1394.160559006045,1523.31350181314,3000.0,3000.0,1262.2844656482723,1250.0621693969445,1266.0853246547981,1312.2179668881338,1394.160559006045,1523.31350181314,3000.0,3000.0,3000.0,3000.0,3000.0,3000.0,3000.0,3000.0,3000.0,3000.0,3000.0,3000.0,3000.0,3000.0,3000.0,3000.0,3000.0,3000.0,3000.0,3000.0,3000.0,3000.0,3000.0,3000.0,3000.0,3000.0,3000.0,3000.0,3000.0,3000.0,3000.0,3000.0,3000.0,3000.0,3000.0,3000.0,3000.0,3000.0,3000.0,3000.0,3000.0,3000.0,3000.0,3000.0,3000.0,3000.0,3000.0,3000.0,3000.0,3000.0,3000.0,3000.0,3000.0,3000.0,3000.0,3000.0,3000.0,3000.0,3000.0,3000.0,3000.0,3000.0,3000.0,3000.0,3000.0,3000.0,3000.0,3000.0,3000.0,3000.0,1502.736623955438,1380.8321242485183,1304.168755905046,1262.2844656482728,3000.0,3000.0,3000.0,3000.0,1502.736623955438,1380.8321242485183,1304.168755905046,1262.2844656482728,3000.0,3000.0,3000.0,3000.0,1502.736623955438,1380.8321242485183,1304.168755905046,1262.2844656482728,3000.0,3000.0,3000.0,3000.0,1502.736623955438,1380.8321242485183,1304.168755905046,1262.2844656482728,3000.0,3000.0,3000.0,3000.0,1502.736623955438,1380.8321242485183,1304.168755905046,1262.2844656482728,3000.0,3000.0,3000.0,3000.0,1502.736623955438,1380.8321242485183,1304.168755905046,1262.2844656482728,3000.0,3000.0,3000.0,3000.0,1502.736623955438,1380.8321242485183,1304.168755905046,1262.2844656482728,3000.0,3000.0,3000.0,3000.0,1502.736623955438,1380.8321242485183,1304.168755905046,1262.2844656482728
12933,3000.0,3000.0,3000.0,3000.0,3000.0,3000.0,3000.0,3000.0,3000.0,3000.0,3000.0,3000.0,3000.0,3000.0,3000.0,3000.0,3000.0,3000.0,3000.0,3000.0,3000.0,3000.0,3000.0,3000.0,3000.0,3000.0,3000.0,3000.0,3000.0,3000.0,3000.0,3000.0,3000.0,3000.0,3000.0,3000.0,3000.0,3000.0,3000.0,3000.0,3000.0,3000.0,3000.0,3000.0,3000.0,3000.0,3000.0,3000.0,3000.0,3000.0,3000.0,3000.0,3000.0,3000.0,3000.0,3000.0,3000.0,3000.0,3000.0,3000.0,3000.0,3000.0,3000.0,3000.0,3000.0,3000.0,3000.0,3000.0,3000.0,3000.0,3000.0,3000.0,3000.0,3000.0,3000.0,3000.0,3000.0,3000.0,3000.0,3000.0,3000.0,3000.0,3000.0,3000.0,3000.0,3000.0,3000.0,3000.0,3000.0,3000.0,3000.0,3000.0,3000.0,3000.0,3000.0,3000.0,3000.0,3000.0,3000.0,3000.0,3000.0,3000.0,3000.0,3000.0,3000.0,3000.0,3000.0,3000.0,3000.0,3000.0,3000.0,3000.0,3000.0,3000.0,3000.0,3000.0,3000.0,3000.0,3000.0,3000.0,3000.0,3000.0,3000.0,3000.0,3000.0,3000.0,3000.0,3000.0,3000.0,3000.0,3000.0,3000.0,3000.0,3000.0,3000.0,3000.0,3000.0,3000.0,3000.0,3000.0,3000.0,3000.0,3000.0,3000.0,3000.0,3000.0,3000.0,3000.0,3000.0,3000.0,3000.0,3000.0,3000.0,3000.0,3000.0,3000.0,3000.0,3000.0,3000.0,3000.0,3000.0,3000.0,3000.0,3000.0,3000.0,3000.0,3000.0,3000.0,3000.0,3000.0,3000.0,3000.0,3000.0,3000.0,3000.0,3000.0,3000.0,3000.0,3000.0,3000.0,3000.0,3000.0,3000.0,3000.0,3000.0,3000.0,3000.0,3000.0,3000.0,3000.0,3000.0,3000.0,1253.0523726014649,1253.9892571386683,1283.6230158422134,1345.4743880566054,1447.5612500299308,3000.0,3000.0,3000.0,1253.0523726014649,1253.9892571386683,1283.6230158422134,1345.4743880566054,1447.5612500299308,3000.0,3000.0,3000.0,1253.0523726014649,1253.9892571386683,1283.6230158422134,1345.4743880566054,1447.5612500299308,3000.0,3000.0,3000.0,1253.0523726014649,1253.9892571386683,1283.6230158422134,1345.4743880566054,1447.5612500299308,3000.0,3000.0,3000.0,1253.0523726014649,1253.9892571386683,1283.6230158422134,1345.4743880566054,1447.5612500299308,3000.0,3000.0,3000.0,1253.0523726014649,1253.9892571386683,1283.6230158422134,1345.4743880566054,1447.5612500299308,3000.0,3000.0,3000.0,1253.0523726014649,1253.9892571386683,1283.6230158422134,1345.4743880566054,1447.5612500299308,3000.0,3000.0,3000.0,1253.0523726014649,1253.9892571386683,1283.6230158422134,1345.4743880566054,1447.5612500299308,3000.0,3000.0,3000.0,3000.0,3000.0,3000.0,3000.0,3000.0,3000.0,3000.0,3000.0,3000.0,3000.0,3000.0,3000.0,3000.0,3000.0,3000.0,3000.0,3000.0,3000.0,3000.0,3000.0,3000.0,3000.0,3000.0,3000.0,3000.0,3000.0,3000.0,3000.0,3000.0,3000.0,3000.0,3000.0,3000.0,3000.0,3000.0,3000.0,3000.0,3000.0,3000.0,3000.0,3000.0,3000.0,3000.0,3000.0,3000.0,3000.0,3000.0,3000.0,3000.0,3000.0,3000.0,3000.0,3000.0,3000.0,3000.0,3000.0,3000.0,3000.0,3000.0,3000.0,3000.0,3000.0,3000.0,3000.0,3000.0,3000.0,3000.0,1592.4969141518145,1439.249917233413,1340.2181276727042,1280.704347420155,1253.052372601465,3000.0,3000.0,3000.0,1592.4969141518145,1439.249917233413,1340.2181276727042,1280.704347420155,1253.052372601465,3000.0,3000.0,3000.0,1592.4969141518145,1439.249917233413,1340.2181276727042,1280.704347420155,1253.052372601465,3000.0,3000.0,3000.0,1592.4969141518145,1439.249917233413,1340.2181276727042,1280.704347420155,1253.052372601465,3000.0,3000.0,3000.0,1592.4969141518145,1439.249917233413,1340.2181276727042,1280.704347420155,1253.052372601465,3000.0,3000.0,3000.0,1592.4969141518145,1439.249917233413,1340.2181276727042,1280.704347420155,1253.052372601465,3000.0,3000.0,3000.0,1592.4969141518145,1439.249917233413,1340.2181276727042,1280.704347420155,1253.052372601465,3000.0,3000.0,3000.0,1592.4969141518145,1439.249917233413,1340.2181276727042,1280.704347420155,1253.052372601465
13000,3000.0,3000.0,3000.0,3000.0,3000.0,3000.0,3000.0,3000.0,3000.0,3000.0,3000.0,3000.0,3000.0,3000.0,3000.0,3000.0,3000.0,3000.0,3000.0,3000.0,3000.0,3000.0,3000.0,3000.0,3000.0,3000.0,3000.0,3000.0,3000.0,3000.0,3000.0,3000.0,3000.0,3000.0,3000.0,3000.0,3000.0,3000.0,3000.0,3000.0,3000.0,3000.0,3000.0,3000.0,3000.0,3000.0,3000.0,3000.0,3000.0,3000.0,3000.0,3000.0,3000.0,3000.0,3000.0,3000.0,3000.0,3000.0,3000.0,3000.0,3000.0,3000.0,3000.0,3000.0,3000.0,3000.0,3000.0,3000.0,3000.0,3000.0,3000.0,3000.0,3000.0,3000.0,3000.0,3000.0,3000.0,3000.0,3000.0,3000.0,3000.0,3000.0,3000.0,3000.0,3000.0,3000.0,3000.0,3000.0,3000.0,3000.0,3000.0,3000.0,3000.0,3000.0,3000.0,3000.0,3000.0,3000.0,3000.0,3000.0,3000.0,3000.0,3000.0,3000.0,3000.0,3000.0,3000.0,3000.0,3000.0,3000.0,3000.0,3000.0,3000.0,3000.0,3000.0,3000.0,3000.0,3000.0,3000.0,3000.0,3000.0,3000.0,3000.0,3000.0,3000.0,3000.0,3000.0,3000.0,3000.0,3000.0,3000.0,3000.0,3000.0,3000.0,3000.0,3000.0,3000.0,3000.0,3000.0,3000.0,3000.0,3000.0,3000.0,3000.0,3000.0,3000.0,3000.0,3000.0,3000.0,3000.0,3000.0,3000.0,3000.0,3000.0,3000.0,3000.0,3000.0,3000.0,3000.0,3000.0,3000.0,3000.0,3000.0,3000.0,3000.0,3000.0,3000.0,3000.0,3000.0,3000.0,3000.0,3000.0,3000.0,3000.0,3000.0,3000.0,3000.0,3000.0,3000.0,3000.0,3000.0,3000.0,3000.0,3000.0,3000.0,3000.0,3000.0,3000.0,3000.0,3000.0,3000.0,3000.0,1250.0,1264.119166644397,1308.115920033573,1387.3953302184289,1512.879858530989,3000.0,3000.0,3000.0,1250.0,1264.119166644397,1308.115920033573,1387.3953302184289,1512.879858530989,3000.0,3000.0,3000.0,1250.0,1264.119166644397,1308.115920033573,1387.3953302184289,1512.879858530989,3000.0,3000.0,3000.0,1250.0,1264.119166644397,1308.115920033573,1387.3953302184289,1512.879858530989,3000.0,3000.0,3000.0,1250.0,1264.119166644397,1308.115920033573,1387.3953302184289,1512.879858530989,3000.0,3000.0,3000.0,1250.0,1264.119166644397,1308.115920033573,1387.3953302184289,1512.879858530989,3000.0,3000.0,3000.0,1250.0,1264.119166644397,1308.115920033573,1387.3953302184289,1512.879858530989,3000.0,3000.0,3000.0,1250.0,1264.119166644397,1308.115920033573,1387.3953302184289,1512.879858530989,3000.0,3000.0,3000.0,3000.0,3000.0,3000.0,3000.0,3000.0,3000.0,3000.0,3000.0,3000.0,3000.0,3000.0,3000.0,3000.0,3000.0,3000.0,3000.0,3000.0,3000.0,3000.0,3000.0,3000.0,3000.0,3000.0,3000.0,3000.0,3000.0,3000.0,3000.0,3000.0,3000.0,3000.0,3000.0,3000.0,3000.0,3000.0,3000.0,3000.0,3000.0,3000.0,3000.0,3000.0,3000.0,3000.0,3000.0,3000.0,3000.0,3000.0,3000.0,3000.0,3000.0,3000.0,3000.0,3000.0,3000.0,3000.0,3000.0,3000.0,3000.0,3000.0,3000.0,3000.0,3000.0,3000.0,3000.0,3000.0,3000.0,3000.0,1512.8798585309883,1387.3953302184284,1308.1159200335726,1264.119166644397,1250.0,3000.0,3000.0,3000.0,1512.8798585309883,1387.3953302184284,1308.1159200335726,1264.119166644397,1250.0,3000.0,3000.0,3000.0,1512.8798585309883,1387.3953302184284,1308.1159200335726,1264.119166644397,1250.0,3000.0,3000.0,3000.0,1512.8798585309883,1387.3953302184284,1308.1159200335726,1264.119166644397,1250.0,3000.0,3000.0,3000.0,1512.8798585309883,1387.3953302184284,1308.1159200335726,1264.119166644397,1250.0,3000.0,3000.0,3000.0,1512.8798585309883,1387.3953302184284,1308.1159200335726,1264.119166644397,1250.0,3000.0,3000.0,3000.0,1512.8798585309883,1387.3953302184284,1308.1159200335726,1264.119166644397,1250.0,3000.0,3000.0,3000.0,1512.8798585309883,1387.3953302184284,1308.1159200335726,1264.119166644397,1250.0
13067,3000.0,3000.0,3000.0,3000.0,3000.0,3000.0,3000.0,3000.0,3000.0,3000.0,3000.0,3000.0,3000.0,3000.0,3000.0,3000.0,3000.0,3000.0,3000.0,3000.0,3000.0,3000.0,3000.0,3000.0,3000.0,3000.0,3000.0,3000.0,3000.0,3000.0,3000.0,3000.0,3000.0,3000.0,3000.0,3000.0,3000.0,3000.0,3000.0,3000.0,3000.0,3000.0,3000.0,3000.0,3000.0,3000.0,3000.0,3000.0,3000.0,3000.0,3000.0,3000.0,3000.0,3000.0,3000.0,3000.0,3000.0,3000.0,3000.0,3000.0,3000.0,3000.0,3000.0,3000.0,3000.0,3000.0,3000.0,3000.0,3000.0,3000.0,3000.0,3000.0,3000.0,3000.0,3000.0,3000.0,3000.0,3000.0,3000.0,3000.0,3000.0,3000.0,3000.0,3000.0,3000.0,3000.0,3000.0,3000.0,3000.0,3000.0,3000.0,3000.0,3000.0,3000.0,3000.0,3000.0,3000.0,3000.0,3000.0,3000.0,3000.0,3000.0,3000.0,3000.0,3000.0,3000.0,3000.0,3000.0,3000.0,3000.0,3000.0,3000.0,3000.0,3000.0,3000.0,3000.0,3000.0,3000.0,3000.0,3000.0,3000.0,3000.0,3000.0,3000.0,3000.0,3000.0,3000.0,3000.0,3000.0,3000.0,3000.0,3000.0,3000.0,3000.0,3000.0,3000.0,3000.0,3000.0,3000.0,3000.0,3000.0,3000.0,3000.0,3000.0,3000.0,3000.0,3000.0,3000.0,3000.0,3000.0,3000.0,3000.0,3000.0,3000.0,3000.0,3000.0,3000.0,3000.0,3000.0,3000.0,3000.0,3000.0,3000.0,3000.0,3000.0,3000.0,3000.0,3000.0,3000.0,3000.0,3000.0,3000.0,3000.0,3000.0,3000.0,3000.0,3000.0,3000.0,3000.0,3000.0,3000.0,3000.0,3000.0,3000.0,3000.0,3000.0,3000.0,3000.0,3000.0,3000.0,3000.0,3000.0,1253.0523726014653,1280.7043474201555,1340.2181276727044,1439.2499172334137,1592.4969141518154,3000.0,3000.0,3000.0,1253.0523726014653,1280.7043474201555,1340.2181276727044,1439.2499172334137,1592.4969141518154,3000.0,3000.0,3000.0,1253.0523726014653,1280.7043474201555,1340.2181276727044,1439.2499172334137,1592.4969141518154,3000.0,3000.0,3000.0,1253.0523726014653,1280.7043474201555,1340.2181276727044,1439.2499172334137,1592.4969141518154,3000.0,3000.0,3000.0,1253.0523726014653,1280.7043474201555,1340.2181276727044,1439.2499172334137,1592.4969141518154,3000.0,3000.0,3000.0,1253.0523726014653,1280.7043474201555,1340.2181276727044,1439.2499172334137,1592.4969141518154,3000.0,3000.0,3000.0,1253.0523726014653,1280.7043474201555,1340.2181276727044,1439.2499172334137,1592.4969141518154,3000.0,3000.0,3000.0,1253.0523726014653,1280.7043474201555,1340.2181276727044,1439.2499172334137,1592.4969141518154,3000.0,3000.0,3000.0,3000.0,3000.0,3000.0,3000.0,3000.0,3000.0,3000.0,3000.0,3000.0,3000.0,3000.0,3000.0,3000.0,3000.0,3000.0,3000.0,3000.0,3000.0,3000.0,3000.0,3000.0,3000.0,3000.0,3000.0,3000.0,3000.0,3000.0,3000.0,3000.0,3000.0,3000.0,3000.0,3000.0,3000.0,3000.0,3000.0,3000.0,3000.0,3000.0,3000.0,3000.0,3000.0,3000.0,3000.0,3000.0,3000.0,3000.0,3000.0,3000.0,3000.0,3000.0,3000.0,3000.0,3000.0,3000.0,3000.0,3000.0,3000.0,3000.0,3000.0,3000.0,3000.0,3000.0,3000.0,3000.0,3000.0,3000.0,1447.56125002993,1345.474388056605,1283.6230158422131,1253.989257138668,1253.052372601465,3000.0,3000.0,3000.0,1447.56125002993,1345.474388056605,1283.6230158422131,1253.989257138668,1253.052372601465,3000.0,3000.0,3000.0,1447.56125002993,1345.474388056605,1283.6230158422131,1253.989257138668,1253.052372601465,3000.0,3000.0,3000.0,1447.56125002993,1345.474388056605,1283.6230158422131,1253.989257138668,1253.052372601465,3000.0,3000.0,3000.0,1447.56125002993,1345.474388056605,1283.6230158422131,1253.989257138668,1253.052372601465,3000.0,3000.0,3000.0,1447.56125002993,1345.474388056605,1283.6230158422131,1253.989257138668,1253.052372601465,3000.0,3000.0,3000.0,1447.56125002993,1345.474388056605,1283.6230158422131,1253.989257138668,1253.052372601465,3000.0,3000.0,3000.0,1447.56125002993,1345.474388056605,1283.6230158422131,1253.989257138668,1253.052372601465
13133,3000.0,3000.0,3000.0,3000.0,3000.0,3000.0,3000.0,3000.0,3000.0,3000.0,3000.0,3000.0,3000.0,3000.0,3000.0,3000.0,3000.0,3000.0,3000.0,3000.0,3000.0,3000.0,3000.0,3000.0,3000.0,3000.0,3000.0,3000.0,3000.0,3000.0,3000.0,3000.0,3000.0,3000.0,3000.0,3000.0,3000.0,3000.0,3000.0,3000.0,3000.0,3000.0,3000.0,3000.0,3000.0,3000.0,3000.0,3000.0,3000.0,3000.0,3000.0,3000.0,3000.0,3000.0,3000.0,3000.0,3000.0,3000.0,3000.0,3000.0,3000.0,3000.0,3000.0,3000.0,3000.0,3000.0,3000.0,3000.0,3000.0,3000.0,3000.0,3000.0,3000.0,3000.0,3000.0,3000.0,3000.0,3000.0,3000.0,3000.0,3000.0,3000.0,3000.0,3000.0,3000.0,3000.0,3000.0,3000.0,3000.0,3000.0,3000.0,3000.0,3000.0,3000.0,3000.0,3000.0,3000.0,3000.0,3000.0,3000.0,3000.0,3000.0,3000.0,3000.0,3000.0,3000.0,3000.0,3000.0,3000.0,3000.0,3000.0,3000.0,3000.0,3000.0,3000.0,3000.0,3000.0,3000.0,3000.0,3000.0,3000.0,3000.0,3000.0,3000.0,3000.0,3000.0,3000.0,3000.0,3000.0,3000.0,3000.0,3000.0,3000.0,3000.0,3000.0,3000.0,3000.0,3000.0,3000.0,3000.0,3000.0,3000.0,3000.0,3000.0,3000.0,3000.0,3000.0,3000.0,3000.0,3000.0,3000.0,3000.0,3000.0,3000.0,3000.0,3000.0,3000.0,3000.0,3000.0,3000.0,3000.0,3000.0,3000.0,3000.0,3000.0,3000.0,3000.0,3000.0,3000.0,3000.0,3000.0,3000.0,3000.0,3000.0,3000.0,3000.0,3000.0,3000.0,3000.0,3000.0,3000.0,3000.0,3000.0,3000.0,3000.0,3000.0,3000.0,3000.0,3000.0,3000.0,3000.0,3000.0,1262.2844656482728,1304.1687559050463,1380.8321242485185,1502.736623955439,3000.0,3000.0,3000.0,3000.0,1262.2844656482728,1304.1687559050463,1380.8321242485185,1502.736623955439,3000.0,3000.0,3000.0,3000.0,1262.2844656482728,1304.1687559050463,1380.8321242485185,1502.736623955439,3000.0,3000.0,3000.0,3000.0,1262.2844656482728,1304.1687559050463,1380.8321242485185,1502.736623955439,3000.0,3000.0,3000.0,3000.0,1262.2844656482728,1304.1687559050463,1380.8321242485185,1502.736623955439,3000.0,3000.0,3000.0,3000.0,1262.2844656482728,1304.1687559050463,1380.8321242485185,1502.736623955439,3000.0,3000.0,3000.0,3000.0,1262.2844656482728,1304.1687559050463,1380.8321242485185,1502.736623955439,3000.0,3000.0,3000.0,3000.0,1262.2844656482728,1304.1687559050463,1380.8321242485185,1502.736623955439,3000.0,3000.0,3000.0,3000.0,3000.0,3000.0,3000.0,3000.0,3000.0,3000.0,3000.0,3000.0,3000.0,3000.0,3000.0,3000.0,3000.0,3000.0,3000.0,3000.0,3000.0,3000.0,3000.0,3000.0,3000.0,3000.0,3000.0,3000.0,3000.0,3000.0,3000.0,3000.0,3000.0,3000.0,3000.0,3000.0,3000.0,3000.0,3000.0,3000.0,3000.0,3000.0,3000.0,3000.0,3000.0,3000.0,3000.0,3000.0,3000.0,3000.0,3000.0,3000.0,3000.0,3000.0,3000.0,3000.0,3000.0,3000.0,3000.0,3000.0,3000.0,3000.0,3000.0,3000.0,3000.0,3000.0,3000.0,3000.0,3000.0,3000.0,1523.3135018131393,1394.1605590060444,1312.2179668881336,1266.0853246547981,1250.0621693969445,1262.2844656482725,3000.0,3000.0,1523.3135018131393,1394.1605590060444,1312.2179668881336,1266.0853246547981,1250.0621693969445,1262.2844656482725,3000.0,3000.0,1523.3135018131393,1394.1605590060444,1312.2179668881336,1266.0853246547981,1250.0621693969445,1262.2844656482725,3000.0,3000.0,1523.3135018131393,1394.1605590060444,1312.2179668881336,1266.0853246547981,1250.0621693969445,1262.2844656482725,3000.0,3000.0,1523.3135018131393,1394.1605590060444,1312.2179668881336,1266.0853246547981,1250.0621693969445,1262.2844656482725,3000.0,3000.0,1523.3135018131393,1394.1605590060444,1312.2179668881336,1266.0853246547981,1250.0621693969445,1262.2844656482725,3000.0,3000.0,1523.3135018131393,1394.1605590060444,1312.2179668881336,1266.0853246547981,1250.0621693969445,1262.2844656482725,3000.0,3000.0,1523.3135018131393,1394.1605590060444,1312.2179668881336,1266.0853246547981,1250.0621693969445,1262.2844656482725
13200,3000.0,3000.0,3000.0,3000.0,3000.0,3000.0,3000.0,3000.0,3000.0,3000.0,3000.0,3000.0,3000.0,3000.0,3000.0,3000.0,3000.0,3000.0,3000.0,3000.0,3000.0,3000.0,3000.0,3000.0,3000.0,3000.0,3000.0,3000.0,3000.0,3000.0,3000.0,3000.0,3000.0,3000.0,3000.0,3000.0,3000.0,3000.0,3000.0,3000.0,3000.0,3000.0,3000.0,3000.0,3000.0,3000.0,3000.0,3000.0,3000.0,3000.0,3000.0,3000.0,3000.0,3000.0,3000.0,3000.0,3000.0,3000.0,3000.0,3000.0,3000.0,3000.0,3000.0,3000.0,3000.0,3000.0,3000.0,3000.0,3000.0,3000.0,3000.0,3000.0,3000.0,3000.0,3000.0,3000.0,3000.0,3000.0,3000.0,3000.0,3000.0,3000.0,3000.0,3000.0,3000.0,3000.0,3000.0,3000.0,3000.0,3000.0,3000.0,3000.0,3000.0,3000.0,3000.0,3000.0,3000.0,3000.0,3000.0,3000.0,3000.0,3000.0,3000.0,3000.0,3000.0,3000.0,3000.0,3000.0,3000.0,3000.0,3000.0,3000.0,3000.0,3000.0,3000.0,3000.0,3000.0,3000.0,3000.0,3000.0,3000.0,3000.0,3000.0,3000.0,3000.0,3000.0,3000.0,3000.0,3000.0,3000.0,3000.0,3000.0,3000.0,3000.0,3000.0,3000.0,3000.0,3000.0,3000.0,3000.0,3000.0,3000.0,3000.0,3000.0,3000.0,3000.0,3000.0,3000.0,3000.0,3000.0,3000.0,3000.0,3000.0,3000.0,3000.0,3000.0,3000.0,3000.0,3000.0,3000.0,3000.0,3000.0,3000.0,3000.0,3000.0,3000.0,3000.0,3000.0,3000.0,3000.0,3000.0,3000.0,3000.0,3000.0,3000.0,3000.0,3000.0,3000.0,3000.0,3000.0,3000.0,3000.0,3000.0,3000.0,3000.0,3000.0,3000.0,3000.0,3000.0,3000.0,3000.0,3000.0,1277.9257435812867,1335.1350598016759,1431.175021160529,1580.1362270115583,3000.0,3000.0,3000.0,3000.0,1277.9257435812867,1335.1350598016759,1431.175021160529,1580.1362270115583,3000.0,3000.0,3000.0,3000.0,1277.9257435812867,1335.1350598016759,1431.175021160529,1580.1362270115583,3000.0,3000.0,3000.0,3000.0,1277.9257435812867,1335.1350598016759,1431.175021160529,1580.1362270115583,3000.0,3000.0,3000.0,3000.0,1277.9257435812867,1335.1350598016759,1431.175021160529,1580.1362270115583,3000.0,3000.0,3000.0,3000.0,1277.9257435812867,1335.1350598016759,1431.175021160529,1580.1362270115583,3000.0,3000.0,3000.0,3000.0,1277.9257435812867,1335.1350598016759,1431.175021160529,1580.1362270115583,3000.0,3000.0,3000.0,3000.0,1277.9257435812867,1335.1350598016759,1431.175021160529,1580.1362270115583,3000.0,3000.0,3000.0,3000.0,3000.0,3000.0,3000.0,3000.0,3000.0,3000.0,3000.0,3000.0,3000.0,3000.0,3000.0,3000.0,3000.0,3000.0,3000.0,3000.0,3000.0,3000.0,3000.0,3000.0,3000.0,3000.0,3000.0,3000.0,3000.0,3000.0,3000.0,3000.0,3000.0,3000.0,3000.0,3000.0,3000.0,3000.0,3000.0,3000.0,3000.0,3000.0,3000.0,3000.0,3000.0,3000.0,3000.0,3000.0,3000.0,3000.0,3000.0,3000.0,3000.0,3000.0,3000.0,3000.0,3000.0,3000.0,3000.0,3000.0,3000.0,3000.0,3000.0,3000.0,3000.0,3000.0,3000.0,3000.0,3000.0,3000.0,1456.114807681504,1350.9069387872448,1286.6832913660537,1255.0524722739233,1252.2413495151084,1277.9257435812863,3000.0,3000.0,1456.114807681504,1350.9069387872448,1286.6832913660537,1255.0524722739233,1252.2413495151084,1277.9257435812863,3000.0,3000.0,1456.114807681504,1350.9069387872448,1286.6832913660537,1255.0524722739233,1252.2413495151084,1277.9257435812863,3000.0,3000.0,1456.114807681504,1350.9069387872448,1286.6832913660537,1255.0524722739233,1252.2413495151084,1277.9257435812863,3000.0,3000.0,1456.114807681504,1350.9069387872448,1286.6832913660537,1255.0524722739233,1252.2413495151084,1277.9257435812863,3000.0,3000.0,1456.114807681504,1350.9069387872448,1286.6832913660537,1255.0524722739233,1252.2413495151084,1277.9257435812863,3000.0,3000.0,1456.114807681504,1350.9069387872448,1286.6832913660537,1255.0524722739233,1252.2413495151084,1277.9257435812863,3000.0,3000.0,1456.114807681504,1350.9069387872448,1286.6832913660537,1255.0524722739233,1252.2413495151084,1277.9257435812863
13267,3000.0,3000.0,3000.0,3000.0,3000.0,3000.0,3000.0,3000.0,3000.0,3000.0,3000.0,3000.0,3000.0,3000.0,3000.0,3000.0,3000.0,3000.0,3000.0,3000.0,3000.0,3000.0,3000.0,3000.0,3000.0,3000.0,3000.0,3000.0,3000.0,3000.0,3000.0,3000.0,3000.0,3000.0,3000.0,3000.0,3000.0,3000.0,3000.0,3000.0,3000.0,3000.0,3000.0,3000.0,3000.0,3000.0,3000.0,3000.0,3000.0,3000.0,3000.0,3000.0,3000.0,3000.0,3000.0,3000.0,3000.0,3000.0,3000.0,3000.0,3000.0,3000.0,3000.0,3000.0,3000.0,3000.0,3000.0,3000.0,3000.0,3000.0,3000.0,3000.0,3000.0,3000.0,3000.0,3000.0,3000.0,3000.0,3000.0,3000.0,3000.0,3000.0,3000.0,3000.0,3000.0,3000.0,3000.0,3000.0,3000.0,3000.0,3000.0,3000.0,3000.0,3000.0,3000.0,3000.0,3000.0,3000.0,3000.0,3000.0,3000.0,3000.0,3000.0,3000.0,3000.0,3000.0,3000.0,3000.0,3000.0,3000.0,3000.0,3000.0,3000.0,3000.0,3000.0,3000.0,3000.0,3000.0,3000.0,3000.0,3000.0,3000.0,3000.0,3000.0,3000.0,3000.0,3000.0,3000.0,3000.0,3000.0,3000.0,3000.0,3000.0,3000.0,3000.0,3000.0,3000.0,3000.0,3000.0,3000.0,3000.0,3000.0,3000.0,3000.0,3000.0,3000.0,3000.0,3000.0,3000.0,3000.0,3000.0,3000.0,3000.0,3000.0,3000.0,3000.0,3000.0,3000.0,3000.0,3000.0,3000.0,3000.0,3000.0,3000.0,3000.0,3000.0,3000.0,3000.0,3000.0,3000.0,3000.0,3000.0,3000.0,3000.0,3000.0,3000.0,3000.0,3000.0,3000.0,3000.0,3000.0,3000.0,3000.0,3000.0,3000.0,3000.0,3000.0,3000.0,3000.0,3000.0,3000.0,3000.0,1300.3742948270033,1374.4667908026474,1492.8759975409978,3000.0,3000.0,3000.0,3000.0,3000.0,1300.3742948270033,1374.4667908026474,1492.8759975409978,3000.0,3000.0,3000.0,3000.0,3000.0,1300.3742948270033,1374.4667908026474,1492.8759975409978,3000.0,3000.0,3000.0,3000.0,3000.0,1300.3742948270033,1374.4667908026474,1492.8759975409978,3000.0,3000.0,3000.0,3000.0,3000.0,1300.3742948270033,1374.4667908026474,1492.8759975409978,3000.0,3000.0,3000.0,3000.0,3000.0,1300.3742948270033,1374.4667908026474,1492.8759975409978,3000.0,3000.0,3000.0,3000.0,3000.0,1300.3742948270033,1374.4667908026474,1492.8759975409978,3000.0,3000.0,3000.0,3000.0,3000.0,1300.3742948270033,1374.4667908026474,1492.8759975409978,3000.0,3000.0,3000.0,3000.0,3000.0,3000.0,3000.0,3000.0,3000.0,3000.0,3000.0,3000.0,3000.0,3000.0,3000.0,3000.0,3000.0,3000.0,3000.0,3000.0,3000.0,3000.0,3000.0,3000.0,3000.0,3000.0,3000.0,3000.0,3000.0,3000.0,3000.0,3000.0,3000.0,3000.0,3000.0,3000.0,3000.0,3000.0,3000.0,3000.0,3000.0,3000.0,3000.0,3000.0,3000.0,3000.0,3000.0,3000.0,3000.0,3000.0,3000.0,3000.0,3000.0,3000.0,3000.0,3000.0,3000.0,3000.0,3000.0,3000.0,3000.0,3000.0,3000.0,3000.0,3000.0,3000.0,3000.0,3000.0,3000.0,3000.0,1534.0457018004288,1401.1321364564133,1316.477178175009,1268.18394614914,1250.248708511741,1260.5802858571578,1300.3742948270026,3000.0,1534.0457018004288,1401.1321364564133,1316.477178175009,1268.18394614914,1250.248708511741,1260.5802858571578,1300.3742948270026,3000.0,1534.0457018004288,1401.1321364564133,1316.477178175009,1268.18394614914,1250.248708511741,1260.5802858571578,1300.3742948270026,3000.0,1534.0457018004288,1401.1321364564133,1316.477178175009,1268.18394614914,1250.248708511741,1260.5802858571578,1300.3742948270026,3000.0,1534.0457018004288,1401.1321364564133,1316.477178175009,1268.18394614914,1250.248708511741,1260.5802858571578,1300.3742948270026,3000.0,1534.0457018004288,1401.1321364564133,1316.477178175009,1268.18394614914,1250.248708511741,1260.5802858571578,1300.3742948270026,3000.0,1534.0457018004288,1401.1321364564133,1316.477178175009,1268.18394614914,1250.248708511741,1260.5802858571578,1300.3742948270026,3000.0,1534.0457018004288,1401.1321364564133,1316.477178175009,1268.18394614914,1250.248708511741,1260.5802858571578,1300.3742948270026
13333,3000.0,3000.0,3000.0,3000.0,3000.0,3000.0,3000.0,3000.0,3000.0,3000.0,3000.0,3000.0,3000.0,3000.0,3000.0,3000.0,3000.0,3000.0,3000.0,3000.0,3000.0,3000.0,3000.0,3000.0,3000.0,3000.0,3000.0,3000.0,3000.0,3000.0,3000.0,3000.0,3000.0,3000.0,3000.0,3000.0,3000.0,3000.0,3000.0,3000.0,3000.0,3000.0,3000.0,3000.0,3000.0,3000.0,3000.0,3000.0,3000.0,3000.0,3000.0,3000.0,3000.0,3000.0,3000.0,3000.0,3000.0,3000.0,3000.0,3000.0,3000.0,3000.0,3000.0,3000.0,3000.0,3000.0,3000.0,3000.0,3000.0,3000.0,3000.0,3000.0,3000.0,3000.0,3000.0,3000.0,3000.0,3000.0,3000.0,3000.0,3000.0,3000.0,3000.0,3000.0,3000.0,3000.0,3000.0,3000.0,3000.0,3000.0,3000.0,3000.0,3000.0,3000.0,3000.0,3000.0,3000.0,3000.0,3000.0,3000.0,3000.0,3000.0,3000.0,3000.0,3000.0,3000.0,3000.0,3000.0,3000.0,3000.0,3000.0,3000.0,3000.0,3000.0,3000.0,3000.0,3000.0,3000.0,3000.0,3000.0,3000.0,3000.0,3000.0,3000.0,3000.0,3000.0,3000.0,3000.0,3000.0,3000.0,3000.0,3000.0,3000.0,3000.0,3000.0,3000.0,3000.0,3000.0,3000.0,3000.0,3000.0,3000.0,3000.0,3000.0,3000.0,3000.0,3000.0,3000.0,3000.0,3000.0,3000.0,3000.0,3000.0,3000.0,3000.0,3000.0,3000.0,3000.0,3000.0,3000.0,3000.0,3000.0,3000.0,3000.0,3000.0,3000.0,3000.0,3000.0,3000.0,3000.0,3000.0,3000.0,3000.0,3000.0,3000.0,3000.0,3000.0,3000.0,3000.0,3000.0,3000.0,3000.0,3000.0,3000.0,3000.0,3000.0,3000.0,3000.0,3000.0,3000.0,3000.0,3000.0,1330.2222155948907,1423.3310111058295,1568.120718542508,3000.0,3000.0,3000.0,3000.0,3000.0,1330.2222155948907,1423.3310111058295,1568.120718542508,3000.0,3000.0,3000.0,3000.0,3000.0,1330.2222155948907,1423.3310111058295,1568.120718542508,3000.0,3000.0,3000.0,3000.0,3000.0,1330.2222155948907,1423.3310111058295,1568.120718542508,3000.0,3000.0,3000.0,3000.0,3000.0,1330.2222155948907,1423.3310111058295,1568.120718542508,3000.0,3000.0,3000.0,3000.0,3000.0,1330.2222155948907,1423.3310111058295,1568.120718542508,3000.0,3000.0,3000.0,3000.0,3000.0,1330.2222155948907,1423.3310111058295,1568.120718542508,3000.0,3000.0,3000.0,3000.0,3000.0,1330.2222155948907,1423.3310111058295,1568.120718542508,3000.0,3000.0,3000.0,3000.0,3000.0,3000.0,3000.0,3000.0,3000.0,3000.0,3000.0,3000.0,3000.0,3000.0,3000.0,3000.0,3000.0,3000.0,3000.0,3000.0,3000.0,3000.0,3000.0,3000.0,3000.0,3000.0,3000.0,3000.0,3000.0,3000.0,3000.0,3000.0,3000.0,3000.0,3000.0,3000.0,3000.0,3000.0,3000.0,3000.0,3000.0,3000.0,3000.0,3000.0,3000.0,3000.0,3000.0,3000.0,3000.0,3000.0,3000.0,3000.0,3000.0,3000.0,3000.0,3000.0,3000.0,3000.0,3000.0,3000.0,3000.0,3000.0,3000.0,3000.0,3000.0,3000.0,3000.0,3000.0,3000.0,3000.0,1464.9166268002639,1356.5190114487673,1289.8868003232874,1256.242551433615,1251.5557824364819,1275.2857435773587,1330.2222155948898,3000.0,1464.9166268002639,1356.5190114487673,1289.8868003232874,1256.242551433615,1251.5557824364819,1275.2857435773587,1330.2222155948898,3000.0,1464.9166268002639,1356.5190114487673,1289.8868003232874,1256.242551433615,1251.5557824364819,1275.2857435773587,1330.2222155948898,3000.0,1464.9166268002639,1356.5190114487673,1289.8868003232874,1256.242551433615,1251.5557824364819,1275.2857435773587,1330.2222155948898,3000.0,1464.9166268002639,1356.5190114487673,1289.8868003232874,1256.242551433615,1251.5557824364819,1275.2857435773587,1330.2222155948898,3000.0,1464.9166268002639,1356.5190114487673,1289.8868003232874,1256.242551433615,1251.5557824364819,1275.2857435773587,1330.2222155948898,3000.0,1464.9166268002639,1356.5190114487673,1289.8868003232874,1256.242551433615,1251.5557824364819,1275.2857435773587,1330.2222155948898,3000.0,1464.9166268002639,1356.5190114487673,1289.8868003232874,1256.242551433615,1251.5557824364819,1275.2857435773587,1330.2222155948898
13400,3000.0,3000.0,3000.0,3000.0,3000.0,3000.0,3000.0,1545.0849718747377,3000.0,3000.0,3000.0,3000.0,3000.0,3000.0,3000.0,1545.0849718747377,3000.0,3000.0,3000.0,3000.0,3000.0,3000.0,3000.0,1545.0849718747377,3000.0,3000.0,3000.0,3000.0,3000.0,3000.0,3000.0,1545.0849718747377,3000.0,3000.0,3000.0,3000.0,3000.0,3000.0,3000.0,1545.0849718747377,3000.0,3000.0,3000.0,3000.0,3000.0,3000.0,3000.0,1545.0849718747377,3000.0,3000.0,3000.0,3000.0,3000.0,3000.0,3000.0,1545.0849718747377,3000.0,3000.0,3000.0,3000.0,3000.0,3000.0,3000.0,1545.0849718747377,3000.0,3000.0,3000.0,3000.0,3000.0,3000.0,3000.0,3000.0,3000.0,3000.0,3000.0,3000.0,3000.0,3000.0,3000.0,3000.0,3000.0,3000.0,3000.0,3000.0,3000.0,3000.0,3000.0,3000.0,3000.0,3000.0,3000.0,3000.0,3000.0,3000.0,3000.0,3000.0,3000.0,3000.0,3000.0,3000.0,3000.0,3000.0,3000.0,3000.0,3000.0,3000.0,3000.0,3000.0,3000.0,3000.0,3000.0,3000.0,3000.0,3000.0,3000.0,3000.0,3000.0,3000.0,3000.0,3000.0,3000.0,3000.0,3000.0,3000.0,3000.0,3000.0,3000.0,3000.0,3000.0,3000.0,3000.0,3000.0,3000.0,3000.0,3000.0,3000.0,3000.0,3000.0,3000.0,3000.0,3000.0,3000.0,3000.0,3000.0,3000.0,3000.0,3000.0,3000.0,3000.0,3000.0,3000.0,3000.0,3000.0,3000.0,3000.0,3000.0,3000.0,3000.0,3000.0,3000.0,3000.0,3000.0,3000.0,3000.0,3000.0,3000.0,3000.0,3000.0,3000.0,3000.0,3000.0,3000.0,3000.0,3000.0,3000.0,3000.0,3000.0,3000.0,3000.0,3000.0,3000.0,3000.0,3000.0,3000.0,3000.0,3000.0,3000.0,3000.0,3000.0,3000.0,3000.0,3000.0,1368.2953481325596,1483.2905093477818,3000.0,3000.0,3000.0,3000.0,3000.0,3000.0,1368.2953481325596,1483.2905093477818,3000.0,3000.0,3000.0,3000.0,3000.0,3000.0,1368.2953481325596,1483.2905093477818,3000.0,3000.0,3000.0,3000.0,3000.0,3000.0,1368.2953481325596,1483.2905093477818,3000.0,3000.0,3000.0,3000.0,3000.0,3000.0,1368.2953481325596,1483.2905093477818,3000.0,3000.0,3000.0,3000.0,3000.0,3000.0,1368.2953481325596,1483.2905093477818,3000.0,3000.0,3000.0,3000.0,3000.0,3000.0,1368.2953481325596,1483.2905093477818,3000.0,3000.0,3000.0,3000.0,3000.0,3000.0,1368.2953481325596,1483.2905093477818,3000.0,3000.0,3000.0,3000.0,3000.0,3000.0,3000.0,3000.0,3000.0,3000.0,3000.0,3000.0,3000.0,3000.0,3000.0,3000.0,3000.0,3000.0,3000.0,3000.0,3000.0,3000.0,3000.0,3000.0,3000.0,3000.0,3000.0,3000.0,3000.0,3000.0,3000.0,3000.0,3000.0,3000.0,3000.0,3000.0,3000.0,3000.0,3000.0,3000.0,3000.0,3000.0,3000.0,3000.0,3000.0,3000.0,3000.0,3000.0,3000.0,3000.0,3000.0,3000.0,3000.0,3000.0,3000.0,3000.0,3000.0,3000.0,3000.0,3000.0,3000.0,3000.0,3000.0,3000.0,3000.0,3000.0,3000.0,3000.0,3000.0,3000.0,1545.0849718747354,1408.3145713744482,1320.8959408758722,1270.4161095310926,1250.5597101538165,1259.0057609440844,1296.7304560858977,1368.2953481325583,1545.0849718747354,1408.3145713744482,1320.8959408758722,1270.4161095310926,1250.5597101538165,1259.0057609440844,1296.7304560858977,1368.2953481325583,1545.0849718747354,1408.3145713744482,1320.8959408758722,1270.4161095310926,1250.5597101538165,1259.0057609440844,1296.7304560858977,1368.2953481325583,1545.0849718747354,1408.3145713744482,1320.8959408758722,1270.4161095310926,1250.5597101538165,1259.0057609440844,1296.7304560858977,1368.2953481325583,1545.0849718747354,1408.3145713744482,1320.8959408758722,1270.4161095310926,1250.5597101538165,1259.0057609440844,1296.7304560858977,1368.2953481325583,1545.0849718747354,1408.3145713744482,1320.8959408758722,1270.4161095310926,1250.5597101538165,1259.0057609440844,1296.7304560858977,1368.2953481325583,1545.0849718747354,1408.3145713744482,1320.8959408758722,1270.4161095310926,1250.5597101538165,1259.0057609440844,1296.7304560858977,1368.2953481325583,1545.0849718747354,1408.3145713744482,1320.8959408758722,1270.4161095310926,1250.5597101538165,1259.0057609440844,1296.7304560858977,1368.2953481325583
13467,3000.0,3000.0,3000.0,3000.0,3000.0,3000.0,3000.0,1473.9730042026217,3000.0,3000.0,3000.0,3000.0,3000.0,3000.0,3000.0,1473.9730042026217,3000.0,3000.0,3000.0,3000.0,3000.0,3000.0,3000.0,1473.9730042026217,3000.0,3000.0,3000.0,3000.0,3000.0,3000.0,3000.0,1473.9730042026217,3000.0,3000.0,3000.0,3000.0,3000.0,3000.0,3000.0,1473.9730042026217,3000.0,3000.0,3000.0,3000.0,3000.0,3000.0,3000.0,1473.9730042026217,3000.0,3000.0,3000.0,3000.0,3000.0,3000.0,3000.0,1473.9730042026217,3000.0,3000.0,3000.0,3000.0,3000.0,3000.0,3000.0,1473.9730042026217,3000.0,3000.0,3000.0,3000.0,3000.0,3000.0,3000.0,3000.0,3000.0,3000.0,3000.0,3000.0,3000.0,3000.0,3000.0,3000.0,3000.0,3000.0,3000.0,3000.0,3000.0,3000.0,3000.0,3000.0,3000.0,3000.0,3000.0,3000.0,3000.0,3000.0,3000.0,3000.0,3000.0,3000.0,3000.0,3000.0,3000.0,3000.0,3000.0,3000.0,3000.0,3000.0,3000.0,3000.0,3000.0,3000.0,3000.0,3000.0,3000.0,3000.0,3000.0,3000.0,3000.0,3000.0,3000.0,3000.0,3000.0,3000.0,3000.0,3000.0,3000.0,3000.0,3000.0,3000.0,3000.0,3000.0,3000.0,3000.0,3000.0,3000.0,3000.0,3000.0,3000.0,3000.0,3000.0,3000.0,3000.0,3000.0,3000.0,3000.0,3000.0,3000.0,3000.0,3000.0,3000.0,3000.0,3000.0,3000.0,3000.0,3000.0,3000.0,3000.0,3000.0,3000.0,3000.0,3000.0,3000.0,3000.0,3000.0,3000.0,3000.0,3000.0,3000.0,3000.0,3000.0,3000.0,3000.0,3000.0,3000.0,3000.0,3000.0,3000.0,3000.0,3000.0,3000.0,3000.0,3000.0,3000.0,3000.0,3000.0,3000.0,3000.0,3000.0,3000.0,3000.0,3000.0,3000.0,3000.0,1415.7125633612998,1556.440209895074,3000.0,3000.0,3000.0,3000.0,3000.0,3000.0,1415.7125633612998,1556.440209895074,3000.0,3000.0,3000.0,3000.0,3000.0,3000.0,1415.7125633612998,1556.440209895074,3000.0,3000.0,3000.0,3000.0,3000.0,3000.0,1415.7125633612998,1556.440209895074,3000.0,3000.0,3000.0,3000.0,3000.0,3000.0,1415.7125633612998,1556.440209895074,3000.0,3000.0,3000.0,3000.0,3000.0,3000.0,1415.7125633612998,1556.440209895074,3000.0,3000.0,3000.0,3000.0,3000.0,3000.0,1415.7125633612998,1556.440209895074,3000.0,3000.0,3000.0,3000.0,3000.0,3000.0,1415.7125633612998,1556.440209895074,3000.0,3000.0,3000.0,3000.0,3000.0,3000.0,3000.0,3000.0,3000.0,3000.0,3000.0,3000.0,3000.0,3000.0,3000.0,3000.0,3000.0,3000.0,3000.0,3000.0,3000.0,3000.0,3000.0,3000.0,3000.0,3000.0,3000.0,3000.0,3000.0,3000.0,3000.0,3000.0,3000.0,3000.0,3000.0,3000.0,3000.0,3000.0,3000.0,3000.0,3000.0,3000.0,3000.0,3000.0,3000.0,3000.0,3000.0,3000.0,3000.0,3000.0,3000.0,3000.0,3000.0,3000.0,3000.0,3000.0,3000.0,3000.0,3000.0,3000.0,3000.0,3000.0,3000.0,3000.0,3000.0,3000.0,3000.0,3000.0,3000.0,3000.0,1473.97300420262,1362.3139764084058,1293.235255029051,1257.560092979011,1250.9953291307672,1272.7829665104955,1325.4767506773264,1415.7125633612984,1473.97300420262,1362.3139764084058,1293.235255029051,1257.560092979011,1250.9953291307672,1272.7829665104955,1325.4767506773264,1415.7125633612984,1473.97300420262,1362.3139764084058,1293.235255029051,1257.560092979011,1250.9953291307672,1272.7829665104955,1325.4767506773264,1415.7125633612984,1473.97300420262,1362.3139764084058,1293.235255029051,1257.560092979011,1250.9953291307672,1272.7829665104955,1325.4767506773264,1415.7125633612984,1473.97300420262,1362.3139764084058,1293.235255029051,1257.560092979011,1250.9953291307672,1272.7829665104955,1325.4767506773264,1415.7125633612984,1473.97300420262,1362.3139764084058,1293.235255029051,1257.560092979011,1250.9953291307672,1272.7829665104955,1325.4767506773264,1415.7125633612984,1473.97300420262,1362.3139764084058,1293.235255029051,1257.560092979011,1250.9953291307672,1272.7829665104955,1325.4767506773264,1415.7125633612984,1473.97300420262,1362.3139764084058,1293.235255029051,1257.560092979011,1250.9953291307672,1272.7829665104955,1325.4767506773264,1415.7125633612984
13533,3000.0,3000.0,3000.0,3000.0,3000.0,3000.0,1556.4402098950754,1415.7125633613007,3000.0,3000.0,3000.0,3000.0,3000.0,3000.0,1556.4402098950754,1415.7125633613007,3000.0,3000.0,3000.0,3000.0,3000.0,3000.0,1556.4402098950754,1415.7125633613007,3000.0,3000.0,3000.0,3000.0,3000.0,3000.0,1556.4402098950754,1415.7125633613007,3000.0,3000.0,3000.0,3000.0,3000.0,3000.0,1556.4402098950754,1415.7125633613007,3000.0,3000.0,3000.0,3000.0,3000.0,3000.0,1556.4402098950754,1415.7125633613007,3000.0,3000.0,3000.0,3000.0,3000.0,3000.0,1556.4402098950754,1415.7125633613007,3000.0,3000.0,3000.0,3000.0,3000.0,3000.0,1556.4402098950754,1415.7125633613007,3000.0,3000.0,3000.0,3000.0,3000.0,3000.0,3000.0,3000.0,3000.0,3000.0,3000.0,3000.0,3000.0,3000.0,3000.0,3000.0,3000.0,3000.0,3000.0,3000.0,3000.0,3000.0,3000.0,3000.0,3000.0,3000.0,3000.0,3000.0,3000.0,3000.0,3000.0,3000.0,3000.0,3000.0,3000.0,3000.0,3000.0,3000.0,3000.0,3000.0,3000.0,3000.0,3000.0,3000.0,3000.0,3000.0,3000.0,3000.0,3000.0,3000.0,3000.0,3000.0,3000.0,3000.0,3000.0,3000.0,3000.0,3000.0,3000.0,3000.0,3000.0,3000.0,3000.0,3000.0,3000.0,3000.0,3000.0,3000.0,3000.0,3000.0,3000.0,3000.0,3000.0,3000.0,3000.0,3000.0,3000.0,3000.0,3000.0,3000.0,3000.0,3000.0,3000.0,3000.0,3000.0,3000.0,3000.0,3000.0,3000.0,3000.0,3000.0,3000.0,3000.0,3000.0,3000.0,3000.0,3000.0,3000.0,3000.0,3000.0,3000.0,3000.0,3000.0,3000.0,3000.0,3000.0,3000.0,3000.0,3000.0,3000.0,3000.0,3000.0,3000.0,3000.0,3000.0,3000.0,3000.0,3000.0,3000.0,3000.0,3000.0,3000.0,3000.0,3000.0,3000.0,3000.0,3000.0,3000.0,1473.9730042026206,3000.0,3000.0,3000.0,3000.0,3000.0,3000.0,3000.0,1473.9730042026206,3000.0,3000.0,3000.0,3000.0,3000.0,3000.0,3000.0,1473.9730042026206,3000.0,3000.0,3000.0,3000.0,3000.0,3000.0,3000.0,1473.9730042026206,3000.0,3000.0,3000.0,3000.0,3000.0,3000.0,3000.0,1473.9730042026206,3000.0,3000.0,3000.0,3000.0,3000.0,3000.0,3000.0,1473.9730042026206,3000.0,3000.0,3000.0,3000.0,3000.0,3000.0,3000.0,1473.9730042026206,3000.0,3000.0,3000.0,3000.0,3000.0,3000.0,3000.0,1473.9730042026206,3000.0,3000.0,3000.0,3000.0,3000.0,3000.0,3000.0,3000.0,3000.0,3000.0,3000.0,3000.0,3000.0,3000.0,3000.0,3000.0,3000.0,3000.0,3000.0,3000.0,3000.0,3000.0,3000.0,3000.0,3000.0,3000.0,3000.0,3000.0,3000.0,3000.0,3000.0,3000.0,3000.0,3000.0,3000.0,3000.0,3000.0,3000.0,3000.0,3000.0,3000.0,3000.0,3000.0,3000.0,3000.0,3000.0,3000.0,3000.0,3000.0,3000.0,3000.0,3000.0,3000.0,3000.0,3000.0,3000.0,3000.0,3000.0,3000.0,3000.0,3000.0,3000.0,3000.0,3000.0,3000.0,3000.0,3000.0,3000.0,3000.0,3000.0,3000.0,1415.7125633612993,1325.4767506773267,1272.7829665104957,1250.9953291307672,1257.5600929790107,1293.2352550290507,1362.3139764084053,1473.9730042026192,1415.7125633612993,1325.4767506773267,1272.7829665104957,1250.9953291307672,1257.5600929790107,1293.2352550290507,1362.3139764084053,1473.9730042026192,1415.7125633612993,1325.4767506773267,1272.7829665104957,1250.9953291307672,1257.5600929790107,1293.2352550290507,1362.3139764084053,1473.9730042026192,1415.7125633612993,1325.4767506773267,1272.7829665104957,1250.9953291307672,1257.5600929790107,1293.2352550290507,1362.3139764084053,1473.9730042026192,1415.7125633612993,1325.4767506773267,1272.7829665104957,1250.9953291307672,1257.5600929790107,1293.2352550290507,1362.3139764084053,1473.9730042026192,1415.7125633612993,1325.4767506773267,1272.7829665104957,1250.9953291307672,1257.5600929790107,1293.2352550290507,1362.3139764084053,1473.9730042026192,1415.7125633612993,1325.4767506773267,1272.7829665104957,1250.9953291307672,1257.5600929790107,1293.2352550290507,1362.3139764084053,1473.9730042026192,1415.7125633612993,1325.4767506773267,1272.7829665104957,1250.9953291307672,1257.5600929790107,1293.2352550290507,1362.3139764084053,1473.9730042026192
13600,3000.0,3000.0,3000.0,3000.0,3000.0,3000.0,1483.2905093477823,1368.29534813256,3000.0,3000.0,3000.0,3000.0,3000.0,3000.0,1483.2905093477823,1368.29534813256,3000.0,3000.0,3000.0,3000.0,3000.0,3000.0,1483.2905093477823,1368.29534813256,3000.0,3000.0,3000.0,3000.0,3000.0,3000.0,1483.2905093477823,1368.29534813256,3000.0,3000.0,3000.0,3000.0,3000.0,3000.0,1483.2905093477823,1368.29534813256,3000.0,3000.0,3000.0,3000.0,3000.0,3000.0,1483.2905093477823,1368.29534813256,3000.0,3000.0,3000.0,3000.0,3000.0,3000.0,1483.2905093477823,1368.29534813256,3000.0,3000.0,3000.0,3000.0,3000.0,3000.0,1483.2905093477823,1368.29534813256,3000.0,3000.0,3000.0,3000.0,3000.0,3000.0,3000.0,3000.0,3000.0,3000.0,3000.0,3000.0,3000.0,3000.0,3000.0,3000.0,3000.0,3000.0,3000.0,3000.0,3000.0,3000.0,3000.0,3000.0,3000.0,3000.0,3000.0,3000.0,3000.0,3000.0,3000.0,3000.0,3000.0,3000.0,3000.0,3000.0,3000.0,3000.0,3000.0,3000.0,3000.0,3000.0,3000.0,3000.0,3000.0,3000.0,3000.0,3000.0,3000.0,3000.0,3000.0,3000.0,3000.0,3000.0,3000.0,3000.0,3000.0,3000.0,3000.0,3000.0,3000.0,3000.0,3000.0,3000.0,3000.0,3000.0,3000.0,3000.0,3000.0,3000.0,3000.0,3000.0,3000.0,3000.0,3000.0,3000.0,3000.0,3000.0,3000.0,3000.0,3000.0,3000.0,3000.0,3000.0,3000.0,3000.0,3000.0,3000.0,3000.0,3000.0,3000.0,3000.0,3000.0,3000.0,3000.0,3000.0,3000.0,3000.0,3000.0,3000.0,3000.0,3000.0,3000.0,3000.0,3000.0,3000.0,3000.0,3000.0,3000.0,3000.0,3000.0,3000.0,3000.0,3000.0,3000.0,3000.0,3000.0,3000.0,3000.0,3000.0,3000.0,3000.0,3000.0,3000.0,3000.0,3000.0,3000.0,3000.0,1545.0849718747365,3000.0,3000.0,3000.0,3000.0,3000.0,3000.0,3000.0,1545.0849718747365,3000.0,3000.0,3000.0,3000.0,3000.0,3000.0,3000.0,1545.0849718747365,3000.0,3000.0,3000.0,3000.0,3000.0,3000.0,3000.0,1545.0849718747365,3000.0,3000.0,3000.0,3000.0,3000.0,3000.0,3000.0,1545.0849718747365,3000.0,3000.0,3000.0,3000.0,3000.0,3000.0,3000.0,1545.0849718747365,3000.0,3000.0,3000.0,3000.0,3000.0,3000.0,3000.0,1545.0849718747365,3000.0,3000.0,3000.0,3000.0,3000.0,3000.0,3000.0,1545.0849718747365,3000.0,3000.0,3000.0,3000.0,3000.0,3000.0,3000.0,3000.0,3000.0,3000.0,3000.0,3000.0,3000.0,3000.0,3000.0,3000.0,3000.0,3000.0,3000.0,3000.0,3000.0,3000.0,3000.0,3000.0,3000.0,3000.0,3000.0,3000.0,3000.0,3000.0,3000.0,3000.0,3000.0,3000.0,3000.0,3000.0,3000.0,3000.0,3000.0,3000.0,3000.0,3000.0,3000.0,3000.0,3000.0,3000.0,3000.0,3000.0,3000.0,3000.0,3000.0,3000.0,3000.0,3000.0,3000.0,3000.0,3000.0,3000.0,3000.0,3000.0,3000.0,3000.0,3000.0,3000.0,3000.0,3000.0,3000.0,3000.0,3000.0,3000.0,3000.0,1368.295348132559,1296.7304560858981,1259.0057609440844,1250.5597101538162,1270.4161095310924,1320.8959408758717,1408.3145713744473,1545.0849718747345,1368.295348132559,1296.7304560858981,1259.0057609440844,1250.5597101538162,1270.4161095310924,1320.8959408758717,1408.3145713744473,1545.0849718747345,1368.295348132559,1296.7304560858981,1259.0057609440844,1250.5597101538162,1270.4161095310924,1320.8959408758717,1408.3145713744473,1545.0849718747345,1368.295348132559,1296.7304560858981,1259.0057609440844,1250.5597101538162,1270.4161095310924,1320.8959408758717,1408.3145713744473,1545.0849718747345,1368.295348132559,1296.7304560858981,1259.0057609440844,1250.5597101538162,1270.4161095310924,1320.8959408758717,1408.3145713744473,1545.0849718747345,1368.295348132559,1296.7304560858981,1259.0057609440844,1250.5597101538162,1270.4161095310924,1320.8959408758717,1408.3145713744473,1545.0849718747345,1368.295348132559,1296.7304560858981,1259.0057609440844,1250.5597101538162,1270.4161095310924,1320.8959408758717,1408.3145713744473,1545.0849718747345,1368.295348132559,1296.7304560858981,1259.0057609440844,1250.5597101538162,1270.4161095310924,1320.8959408758717,1408.3145713744473,1545.0849718747345
13667,3000.0,3000.0,3000.0,3000.0,3000.0,1568.1207185425092,1423.3310111058302,1330.2222155948912,3000.0,3000.0,3000.0,3000.0,3000.0,1568.1207185425092,1423.3310111058302,1330.2222155948912,3000.0,3000.0,3000.0,3000.0,3000.0,1568.1207185425092,1423.3310111058302,1330.2222155948912,3000.0,3000.0,3000.0,3000.0,3000.0,1568.1207185425092,1423.3310111058302,1330.2222155948912,3000.0,3000.0,3000.0,3000.0,3000.0,1568.1207185425092,1423.3310111058302,1330.2222155948912,3000.0,3000.0,3000.0,3000.0,3000.0,1568.1207185425092,1423.3310111058302,1330.2222155948912,3000.0,3000.0,3000.0,3000.0,3000.0,1568.1207185425092,1423.3310111058302,1330.2222155948912,3000.0,3000.0,3000.0,3000.0,3000.0,1568.1207185425092,1423.3310111058302,1330.2222155948912,3000.0,3000.0,3000.0,3000.0,3000.0,3000.0,3000.0,3000.0,3000.0,3000.0,3000.0,3000.0,3000.0,3000.0,3000.0,3000.0,3000.0,3000.0,3000.0,3000.0,3000.0,3000.0,3000.0,3000.0,3000.0,3000.0,3000.0,3000.0,3000.0,3000.0,3000.0,3000.0,3000.0,3000.0,3000.0,3000.0,3000.0,3000.0,3000.0,3000.0,3000.0,3000.0,3000.0,3000.0,3000.0,3000.0,3000.0,3000.0,3000.0,3000.0,3000.0,3000.0,3000.0,3000.0,3000.0,3000.0,3000.0,3000.0,3000.0,3000.0,3000.0,3000.0,3000.0,3000.0,3000.0,3000.0,3000.0,3000.0,3000.0,3000.0,3000.0,3000.0,3000.0,3000.0,3000.0,3000.0,3000.0,3000.0,3000.0,3000.0,3000.0,3000.0,3000.0,3000.0,3000.0,3000.0,3000.0,3000.0,3000.0,3000.0,3000.0,3000.0,3000.0,3000.0,3000.0,3000.0,3000.0,3000.0,3000.0,3000.0,3000.0,3000.0,3000.0,3000.0,3000.0,3000.0,3000.0,3000.0,3000.0,3000.0,3000.0,3000.0,3000.0,3000.0,3000.0,3000.0,3000.0,3000.0,3000.0,3000.0,3000.0,3000.0,3000.0,3000.0,3000.0,3000.0,3000.0,3000.0,3000.0,3000.0,3000.0,3000.0,3000.0,3000.0,3000.0,3000.0,3000.0,3000.0,3000.0,3000.0,3000.0,3000.0,3000.0,3000.0,3000.0,3000.0,3000.0,3000.0,3000.0,3000.0,3000.0,3000.0,3000.0,3000.0,3000.0,3000.0,3000.0,3000.0,3000.0,3000.0,3000.0,3000.0,3000.0,3000.0,3000.0,3000.0,3000.0,3000.0,3000.0,3000.0,3000.0,3000.0,3000.0,3000.0,3000.0,3000.0,3000.0,3000.0,3000.0,3000.0,3000.0,3000.0,3000.0,3000.0,3000.0,3000.0,3000.0,3000.0,3000.0,3000.0,3000.0,3000.0,3000.0,3000.0,3000.0,3000.0,3000.0,3000.0,3000.0,3000.0,3000.0,3000.0,3000.0,3000.0,3000.0,3000.0,3000.0,3000.0,3000.0,3000.0,3000.0,3000.0,3000.0,3000.0,3000.0,3000.0,3000.0,3000.0,3000.0,3000.0,3000.0,3000.0,3000.0,3000.0,3000.0,3000.0,3000.0,3000.0,3000.0,3000.0,3000.0,3000.0,3000.0,3000.0,3000.0,3000.0,3000.0,3000.0,3000.0,3000.0,3000.0,3000.0,3000.0,3000.0,3000.0,3000.0,3000.0,3000.0,3000.0,3000.0,3000.0,3000.0,3000.0,3000.0,3000.0,3000.0,1330.2222155948903,1275.2857435773592,1251.5557824364819,1256.2425514336148,1289.8868003232872,1356.5190114487666,1464.916626800263,3000.0,1330.2222155948903,1275.2857435773592,1251.5557824364819,1256.2425514336148,1289.8868003232872,1356.5190114487666,1464.916626800263,3000.0,1330.2222155948903,1275.2857435773592,1251.5557824364819,1256.2425514336148,1289.8868003232872,1356.5190114487666,1464.916626800263,3000.0,1330.2222155948903,1275.2857435773592,1251.5557824364819,1256.2425514336148,1289.8868003232872,1356.5190114487666,1464.916626800263,3000.0,1330.2222155948903,1275.2857435773592,1251.5557824364819,1256.2425514336148,1289.8868003232872,1356.5190114487666,1464.916626800263,3000.0,1330.2222155948903,1275.2857435773592,1251.5557824364819,1256.2425514336148,1289.8868003232872,1356.5190114487666,1464.916626800263,3000.0,1330.2222155948903,1275.2857435773592,1251.5557824364819,1256.2425514336148,1289.8868003232872,1356.5190114487666,1464.916626800263,3000.0,1330.2222155948903,1275.2857435773592,1251.5557824364819,1256.2425514336148,1289.8868003232872,1356.5190114487666,1464.916626800263,3000.0
13733,3000.0,3000.0,3000.0,3000.0,3000.0,1492.8759975409987,1374.466790802648,1300.3742948270037,3000.0,3000.0,3000.0,3000.0,3000.0,1492.8759975409987,1374.466790802648,1300.3742948270037,3000.0,3000.0,3000.0,3000.0,3000.0,1492.8759975409987,1374.466790802648,1300.3742948270037,3000.0,3000.0,3000.0,3000.0,3000.0,1492.8759975409987,1374.466790802648,1300.3742948270037,3000.0,3000.0,3000.0,3000.0,3000.0,1492.8759975409987,1374.466790802648,1300.3742948270037,3000.0,3000.0,3000.0,3000.0,3000.0,1492.8759975409987,1374.466790802648,1300.3742948270037,3000.0,3000.0,3000.0,3000.0,3000.0,1492.8759975409987,1374.466790802648,1300.3742948270037,3000.0,3000.0,3000.0,3000.0,3000.0,1492.8759975409987,1374.466790802648,1300.3742948270037,3000.0,3000.0,3000.0,3000.0,3000.0,3000.0,3000.0,3000.0,3000.0,3000.0,3000.0,3000.0,3000.0,3000.0,3000.0,3000.0,3000.0,3000.0,3000.0,3000.0,3000.0,3000.0,3000.0,3000.0,3000.0,3000.0,3000.0,3000.0,3000.0,3000.0,3000.0,3000.0,3000.0,3000.0,3000.0,3000.0,3000.0,3000.0,3000.0,3000.0,3000.0,3000.0,3000.0,3000.0,3000.0,3000.0,3000.0,3000.0,3000.0,3000.0,3000.0,3000.0,3000.0,3000.0,3000.0,3000.0,3000.0,3000.0,3000.0,3000.0,3000.0,3000.0,3000.0,3000.0,3000.0,3000.0,3000.0,3000.0,3000.0,3000.0,3000.0,3000.0,3000.0,3000.0,3000.0,3000.0,3000.0,3000.0,3000.0,3000.0,3000.0,3000.0,3000.0,3000.0,3000.0,3000.0,3000.0,3000.0,3000.0,3000.0,3000.0,3000.0,3000.0,3000.0,3000.0,3000.0,3000.0,3000.0,3000.0,3000.0,3000.0,3000.0,3000.0,3000.0,3000.0,3000.0,3000.0,3000.0,3000.0,3000.0,3000.0,3000.0,3000.0,3000.0,3000.0,3000.0,3000.0,3000.0,3000.0,3000.0,3000.0,3000.0,3000.0,3000.0,3000.0,3000.0,3000.0,3000.0,3000.0,3000.0,3000.0,3000.0,3000.0,3000.0,3000.0,3000.0,3000.0,3000.0,3000.0,3000.0,3000.0,3000.0,3000.0,3000.0,3000.0,3000.0,3000.0,3000.0,3000.0,3000.0,3000.0,3000.0,3000.0,3000.0,3000.0,3000.0,3000.0,3000.0,3000.0,3000.0,3000.0,3000.0,3000.0,3000.0,3000.0,3000.0,3000.0,3000.0,3000.0,3000.0,3000.0,3000.0,3000.0,3000.0,3000.0,3000.0,3000.0,3000.0,3000.0,3000.0,3000.0,3000.0,3000.0,3000.0,3000.0,3000.0,3000.0,3000.0,3000.0,3000.0,3000.0,3000.0,3000.0,3000.0,3000.0,3000.0,3000.0,3000.0,3000.0,3000.0,3000.0,3000.0,3000.0,3000.0,3000.0,3000.0,3000.0,3000.0,3000.0,3000.0,3000.0,3000.0,3000.0,3000.0,3000.0,3000.0,3000.0,3000.0,3000.0,3000.0,3000.0,3000.0,3000.0,3000.0,3000.0,3000.0,3000.0,3000.0,3000.0,3000.0,3000.0,3000.0,3000.0,3000.0,3000.0,3000.0,3000.0,3000.0,3000.0,3000.0,3000.0,3000.0,3000.0,3000.0,3000.0,3000.0,3000.0,3000.0,3000.0,3000.0,3000.0,3000.0,3000.0,3000.0,3000.0,3000.0,1300.374294827003,1260.580285857158,1250.248708511741,1268.1839461491395,1316.4771781750085,1401.1321364564126,1534.0457018004277,3000.0,1300.374294827003,1260.580285857158,1250.248708511741,1268.1839461491395,1316.4771781750085,1401.1321364564126,1534.0457018004277,3000.0,1300.374294827003,1260.580285857158,1250.248708511741,1268.1839461491395,1316.4771781750085,1401.1321364564126,1534.0457018004277,3000.0,1300.374294827003,1260.580285857158,1250.248708511741,1268.1839461491395,1316.4771781750085,1401.1321364564126,1534.0457018004277,3000.0,1300.374294827003,1260.580285857158,1250.248708511741,1268.1839461491395,1316.4771781750085,1401.1321364564126,1534.0457018004277,3000.0,1300.374294827003,1260.580285857158,1250.248708511741,1268.1839461491395,1316.4771781750085,1401.1321364564126,1534.0457018004277,3000.0,1300.374294827003,1260.580285857158,1250.248708511741,1268.1839461491395,1316.4771781750085,1401.1321364564126,1534.0457018004277,3000.0,1300.374294827003,1260.580285857158,1250.248708511741,1268.1839461491395,1316.4771781750085,1401.1321364564126,1534.0457018004277,3000.0
13800,3000.0,3000.0,3000.0,3000.0,1580.1362270115596,1431.1750211605297,1335.1350598016763,1277.9257435812872,3000.0,3000.0,3000.0,3000.0,1580.1362270115596,1431.1750211605297,1335.1350598016763,1277.9257435812872,3000.0,3000.0,3000.0,3000.0,1580.1362270115596,1431.1750211605297,1335.1350598016763,1277.9257435812872,3000.0,3000.0,3000.0,3000.0,1580.1362270115596,1431.1750211605297,1335.1350598016763,1277.9257435812872,3000.0,3000.0,3000.0,3000.0,1580.1362270115596,1431.1750211605297,1335.1350598016763,1277.9257435812872,3000.0,3000.0,3000.0,3000.0,1580.1362270115596,1431.1750211605297,1335.1350598016763,1277.9257435812872,3000.0,3000.0,3000.0,3000.0,1580.1362270115596,1431.1750211605297,1335.1350598016763,1277.9257435812872,3000.0,3000.0,3000.0,3000.0,1580.1362270115596,1431.1750211605297,1335.1350598016763,1277.9257435812872,3000.0,3000.0,3000.0,3000.0,3000.0,3000.0,3000.0,3000.0,3000.0,3000.0,3000.0,3000.0,3000.0,3000.0,3000.0,3000.0,3000.0,3000.0,3000.0,3000.0,3000.0,3000.0,3000.0,3000.0,3000.0,3000.0,3000.0,3000.0,3000.0,3000.0,3000.0,3000.0,3000.0,3000.0,3000.0,3000.0,3000.0,3000.0,3000.0,3000.0,3000.0,3000.0,3000.0,3000.0,3000.0,3000.0,3000.0,3000.0,3000.0,3000.0,3000.0,3000.0,3000.0,3000.0,3000.0,3000.0,3000.0,3000.0,3000.0,3000.0,3000.0,3000.0,3000.0,3000.0,3000.0,3000.0,3000.0,3000.0,3000.0,3000.0,3000.0,3000.0,3000.0,3000.0,3000.0,3000.0,3000.0,3000.0,3000.0,3000.0,3000.0,3000.0,3000.0,3000.0,3000.0,3000.0,3000.0,3000.0,3000.0,3000.0,3000.0,3000.0,3000.0,3000.0,3000.0,3000.0,3000.0,3000.0,3000.0,3000.0,3000.0,3000.0,3000.0,3000.0,3000.0,3000.0,3000.0,3000.0,3000.0,3000.0,3000.0,3000.0,3000.0,3000.0,3000.0,3000.0,3000.0,3000.0,3000.0,3000.0,3000.0,3000.0,3000.0,3000.0,3000.0,3000.0,3000.0,3000.0,3000.0,3000.0,3000.0,3000.0,3000.0,3000.0,3000.0,3000.0,3000.0,3000.0,3000.0,3000.0,3000.0,3000.0,3000.0,3000.0,3000.0,3000.0,3000.0,3000.0,3000.0,3000.0,3000.0,3000.0,3000.0,3000.0,3000.0,3000.0,3000.0,3000.0,3000.0,3000.0,3000.0,3000.0,3000.0,3000.0,3000.0,3000.0,3000.0,3000.0,3000.0,3000.0,3000.0,3000.0,3000.0,3000.0,3000.0,3000.0,3000.0,3000.0,3000.0,3000.0,3000.0,3000.0,3000.0,3000.0,3000.0,3000.0,3000.0,3000.0,3000.0,3000.0,3000.0,3000.0,3000.0,3000.0,3000.0,3000.0,3000.0,3000.0,3000.0,3000.0,3000.0,3000.0,3000.0,3000.0,3000.0,3000.0,3000.0,3000.0,3000.0,3000.0,3000.0,3000.0,3000.0,3000.0,3000.0,3000.0,3000.0,3000.0,3000.0,3000.0,3000.0,3000.0,3000.0,3000.0,3000.0,3000.0,3000.0,3000.0,3000.0,3000.0,3000.0,3000.0,3000.0,3000.0,3000.0,3000.0,3000.0,3000.0,3000.0,3000.0,3000.0,3000.0,3000.0,3000.0,3000.0,3000.0,3000.0,3000.0,3000.0,3000.0,3000.0,3000.0,3000.0,3000.0,3000.0,3000.0,1277.9257435812865,1252.2413495151084,1255.052472273923,1286.6832913660535,1350.9069387872444,1456.114807681503,3000.0,3000.0,1277.9257435812865,1252.2413495151084,1255.052472273923,1286.6832913660535,1350.9069387872444,1456.114807681503,3000.0,3000.0,1277.9257435812865,1252.2413495151084,1255.052472273923,1286.6832913660535,1350.9069387872444,1456.114807681503,3000.0,3000.0,1277.9257435812865,1252.2413495151084,1255.052472273923,1286.6832913660535,1350.9069387872444,1456.114807681503,3000.0,3000.0,1277.9257435812865,1252.2413495151084,1255.052472273923,1286.6832913660535,1350.9069387872444,1456.114807681503,3000.0,3000.0,1277.9257435812865,1252.2413495151084,1255.052472273923,1286.6832913660535,1350.9069387872444,1456.114807681503,3000.0,3000.0,1277.9257435812865,1252.2413495151084,1255.052472273923,1286.6832913660535,1350.9069387872444,1456.114807681503,3000.0,3000.0,1277.9257435812865,1252.2413495151084,1255.052472273923,1286.6832913660535,1350.9069387872444,1456.114807681503,3000.0,3000.0
13867,3000.0,3000.0,3000.0,3000.0,1502.7366239554399,1380.8321242485192,1304.1687559050467,1262.2844656482732,3000.0,3000.0,3000.0,3000.0,1502.7366239554399,1380.8321242485192,1304.1687559050467,1262.2844656482732,3000.0,3000.0,3000.0,3000.0,1502.7366239554399,1380.8321242485192,1304.1687559050467,1262.2844656482732,3000.0,3000.0,3000.0,3000.0,1502.7366239554399,1380.8321242485192,1304.1687559050467,1262.2844656482732,3000.0,3000.0,3000.0,3000.0,1502.7366239554399,1380.8321242485192,1304.1687559050467,1262.2844656482732,3000.0,3000.0,3000.0,3000.0,1502.7366239554399,1380.8321242485192,1304.1687559050467,1262.2844656482732,3000.0,3000.0,3000.0,3000.0,1502.7366239554399,1380.8321242485192,1304.1687559050467,1262.2844656482732,3000.0,3000.0,3000.0,3000.0,1502.7366239554399,1380.8321242485192,1304.1687559050467,1262.2844656482732,3000.0,3000.0,3000.0,3000.0,3000.0,3000.0,3000.0,3000.0,3000.0,3000.0,3000.0,3000.0,3000.0,3000.0,3000.0,3000.0,3000.0,3000.0,3000.0,3000.0,3000.0,3000.0,3000.0,3000.0,3000.0,3000.0,3000.0,3000.0,3000.0,3000.0,3000.0,3000.0,3000.0,3000.0,3000.0,3000.0,3000.0,3000.0,3000.0,3000.0,3000.0,3000.0,3000.0,3000.0,3000.0,3000.0,3000.0,3000.0,3000.0,3000.0,3000.0,3000.0,3000.0,3000.0,3000.0,3000.0,3000.0,3000.0,3000.0,3000.0,3000.0,3000.0,3000.0,3000.0,3000.0,3000.0,3000.0,3000.0,3000.0,3000.0,3000.0,3000.0,3000.0,3000.0,3000.0,3000.0,3000.0,3000.0,3000.0,3000.0,3000.0,3000.0,3000.0,3000.0,3000.0,3000.0,3000.0,3000.0,3000.0,3000.0,3000.0,3000.0,3000.0,3000.0,3000.0,3000.0,3000.0,3000.0,3000.0,3000.0,3000.0,3000.0,3000.0,3000.0,3000.0,3000.0,3000.0,3000.0,3000.0,3000.0,3000.0,3000.0,3000.0,3000.0,3000.0,3000.0,3000.0,3000.0,3000.0,3000.0,3000.0,3000.0,3000.0,3000.0,3000.0,3000.0,3000.0,3000.0,3000.0,3000.0,3000.0,3000.0,3000.0,3000.0,3000.0,3000.0,3000.0,3000.0,3000.0,3000.0,3000.0,3000.0,3000.0,3000.0,3000.0,3000.0,3000.0,3000.0,3000.0,3000.0,3000.0,3000.0,3000.0,3000.0,3000.0,3000.0,3000.0,3000.0,3000.0,3000.0,3000.0,3000.0,3000.0,3000.0,3000.0,3000.0,3000.0,3000.0,3000.0,3000.0,3000.0,3000.0,3000.0,3000.0,3000.0,3000.0,3000.0,3000.0,3000.0,3000.0,3000.0,3000.0,3000.0,3000.0,3000.0,3000.0,3000.0,3000.0,3000.0,3000.0,3000.0,3000.0,3000.0,3000.0,3000.0,3000.0,3000.0,3000.0,3000.0,3000.0,3000.0,3000.0,3000.0,3000.0,3000.0,3000.0,3000.0,3000.0,3000.0,3000.0,3000.0,3000.0,3000.0,3000.0,3000.0,3000.0,3000.0,3000.0,3000.0,3000.0,3000.0,3000.0,3000.0,3000.0,3000.0,3000.0,3000.0,3000.0,3000.0,3000.0,3000.0,3000.0,3000.0,3000.0,3000.0,3000.0,3000.0,3000.0,3000.0,3000.0,3000.0,3000.0,3000.0,3000.0,3000.0,3000.0,3000.0,3000.0,3000.0,3000.0,3000.0,3000.0,3000.0,3000.0,3000.0,3000.0,1262.2844656482728,1250.0621693969445,1266.0853246547977,1312.2179668881333,1394.1605590060437,1523.3135018131384,3000.0,3000.0,1262.2844656482728,1250.0621693969445,1266.0853246547977,1312.2179668881333,1394.1605590060437,1523.3135018131384,3000.0,3000.0,1262.2844656482728,1250.0621693969445,1266.0853246547977,1312.2179668881333,1394.1605590060437,1523.3135018131384,3000.0,3000.0,1262.2844656482728,1250.0621693969445,1266.0853246547977,1312.2179668881333,1394.1605590060437,1523.3135018131384,3000.0,3000.0,1262.2844656482728,1250.0621693969445,1266.0853246547977,1312.2179668881333,1394.1605590060437,1523.3135018131384,3000.0,3000.0,1262.2844656482728,1250.0621693969445,1266.0853246547977,1312.2179668881333,1394.1605590060437,1523.3135018131384,3000.0,3000.0,1262.2844656482728,1250.0621693969445,1266.0853246547977,1312.2179668881333,1394.1605590060437,1523.3135018131384,3000.0,3000.0,1262.2844656482728,1250.0621693969445,1266.0853246547977,1312.2179668881333,1394.1605590060437,1523.3135018131384,3000.0,3000.0
13933,3000.0,3000.0,3000.0,1592.4969141518168,1439.2499172334146,1340.2181276727051,1280.7043474201557,1253.0523726014653,3000.0,3000.0,3000.0,1592.4969141518168,1439.2499172334146,1340.2181276727051,1280.7043474201557,1253.0523726014653,3000.0,3000.0,3000.0,1592.4969141518168,1439.2499172334146,1340.2181276727051,1280.7043474201557,1253.0523726014653,3000.0,3000.0,3000.0,1592.4969141518168,1439.2499172334146,1340.2181276727051,1280.7043474201557,1253.0523726014653,3000.0,3000.0,3000.0,1592.4969141518168,1439.2499172334146,1340.2181276727051,1280.7043474201557,1253.0523726014653,3000.0,3000.0,3000.0,1592.4969141518168,1439.2499172334146,1340.2181276727051,1280.7043474201557,1253.0523726014653,3000.0,3000.0,3000.0,1592.4969141518168,1439.2499172334146,1340.2181276727051,1280.7043474201557,1253.0523726014653,3000.0,3000.0,3000.0,1592.4969141518168,1439.2499172334146,1340.2181276727051,1280.7043474201557,1253.0523726014653,3000.0,3000.0,3000.0,3000.0,3000.0,3000.0,3000.0,3000.0,3000.0,3000.0,3000.0,3000.0,3000.0,3000.0,3000.0,3000.0,3000.0,3000.0,3000.0,3000.0,3000.0,3000.0,3000.0,3000.0,3000.0,3000.0,3000.0,3000.0,3000.0,3000.0,3000.0,3000.0,3000.0,3000.0,3000.0,3000.0,3000.0,3000.0,3000.0,3000.0,3000.0,3000.0,3000.0,3000.0,3000.0,3000.0,3000.0,3000.0,3000.0,3000.0,3000.0,3000.0,3000.0,3000.0,3000.0,3000.0,3000.0,3000.0,3000.0,3000.0,3000.0,3000.0,3000.0,3000.0,3000.0,3000.0,3000.0,3000.0,3000.0,3000.0,3000.0,3000.0,3000.0,3000.0,3000.0,3000.0,3000.0,3000.0,3000.0,3000.0,3000.0,3000.0,3000.0,3000.0,3000.0,3000.0,3000.0,3000.0,3000.0,3000.0,3000.0,3000.0,3000.0,3000.0,3000.0,3000.0,3000.0,3000.0,3000.0,3000.0,3000.0,3000.0,3000.0,3000.0,3000.0,3000.0,3000.0,3000.0,3000.0,3000.0,3000.0,3000.0,3000.0,3000.0,3000.0,3000.0,3000.0,3000.0,3000.0,3000.0,3000.0,3000.0,3000.0,3000.0,3000.0,3000.0,3000.0,3000.0,3000.0,3000.0,3000.0,3000.0,3000.0,3000.0,3000.0,3000.0,3000.0,3000.0,3000.0,3000.0,3000.0,3000.0,3000.0,3000.0,3000.0,3000.0,3000.0,3000.0,3000.0,3000.0,3000.0,3000.0,3000.0,3000.0,3000.0,3000.0,3000.0,3000.0,3000.0,3000.0,3000.0,3000.0,3000.0,3000.0,3000.0,3000.0,3000.0,3000.0,3000.0,3000.0,3000.0,3000.0,3000.0,3000.0,3000.0,3000.0,3000.0,3000.0,3000.0,3000.0,3000.0,3000.0,3000.0,3000.0,3000.0,3000.0,3000.0,3000.0,3000.0,3000.0,3000.0,3000.0,3000.0,3000.0,3000.0,3000.0,3000.0,3000.0,3000.0,3000.0,3000.0,3000.0,3000.0,3000.0,3000.0,3000.0,3000.0,3000.0,3000.0,3000.0,3000.0,3000.0,3000.0,3000.0,3000.0,3000.0,3000.0,3000.0,3000.0,3000.0,3000.0,3000.0,3000.0,3000.0,3000.0,3000.0,3000.0,3000.0,3000.0,3000.0,3000.0,3000.0,3000.0,3000.0,3000.0,3000.0,3000.0,3000.0,3000.0,3000.0,3000.0,3000.0,3000.0,3000.0,3000.0,3000.0,3000.0,3000.0,3000.0,3000.0,3000.0,3000.0,3000.0,3000.0,3000.0,3000.0,1253.052372601465,1253.989257138668,1283.623015842213,1345.4743880566043,1447.5612500299294,3000.0,3000.0,3000.0,1253.052372601465,1253.989257138668,1283.623015842213,1345.4743880566043,1447.5612500299294,3000.0,3000.0,3000.0,1253.052372601465,1253.989257138668,1283.623015842213,1345.4743880566043,1447.5612500299294,3000.0,3000.0,3000.0,1253.052372601465,1253.989257138668,1283.623015842213,1345.4743880566043,1447.5612500299294,3000.0,3000.0,3000.0,1253.052372601465,1253.989257138668,1283.623015842213,1345.4743880566043,1447.5612500299294,3000.0,3000.0,3000.0,1253.052372601465,1253.989257138668,1283.623015842213,1345.4743880566043,1447.5612500299294,3000.0,3000.0,3000.0,1253.052372601465,1253.989257138668,1283.623015842213,1345.4743880566043,1447.5612500299294,3000.0,3000.0,3000.0,1253.052372601465,1253.989257138668,1283.623015842213,1345.4743880566043,1447.5612500299294,3000.0,3000.0,3000.0
14000,3000.0,3000.0,3000.0,1512.87985853099,1387.3953302184295,1308.1159200335735,1264.1191666443972,1250.0,3000.0,3000.0,3000.0,1512.87985853099,1387.3953302184295,1308.1159200335735,1264.1191666443972,1250.0,3000.0,3000.0,3000.0,1512.87985853099,1387.3953302184295,1308.1159200335735,1264.1191666443972,1250.0,3000.0,3000.0,3000.0,1512.87985853099,1387.3953302184295,1308.1159200335735,1264.1191666443972,1250.0,3000.0,3000.0,3000.0,1512.87985853099,1387.3953302184295,1308.1159200335735,1264.1191666443972,1250.0,3000.0,3000.0,3000.0,1512.87985853099,1387.3953302184295,1308.1159200335735,1264.1191666443972,1250.0,3000.0,3000.0,3000.0,1512.87985853099,1387.3953302184295,1308.1159200335735,1264.1191666443972,1250.0,3000.0,3000.0,3000.0,1512.87985853099,1387.3953302184295,1308.1159200335735,1264.1191666443972,1250.0,3000.0,3000.0,3000.0,3000.0,3000.0,3000.0,3000.0,3000.0,3000.0,3000.0,3000.0,3000.0,3000.0,3000.0,3000.0,3000.0,3000.0,3000.0,3000.0,3000.0,3000.0,3000.0,3000.0,3000.0,3000.0,3000.0,3000.0,3000.0,3000.0,3000.0,3000.0,3000.0,3000.0,3000.0,3000.0,3000.0,3000.0,3000.0,3000.0,3000.0,3000.0,3000.0,3000.0,3000.0,3000.0,3000.0,3000.0,3000.0,3000.0,3000.0,3000.0,3000.0,3000.0,3000.0,3000.0,3000.0,3000.0,3000.0,3000.0,3000.0,3000.0,3000.0,3000.0,3000.0,3000.0,3000.0,3000.0,3000.0,3000.0,3000.0,3000.0,3000.0,3000.0,3000.0,3000.0,3000.0,3000.0,3000.0,3000.0,3000.0,3000.0,3000.0,3000.0,3000.0,3000.0,3000.0,3000.0,3000.0,3000.0,3000.0,3000.0,3000.0,3000.0,3000.0,3000.0,3000.0,3000.0,3000.0,3000.0,3000.0,3000.0,3000.0,3000.0,3000.0,3000.0,3000.0,3000.0,3000.0,3000.0,3000.0,3000.0,3000.0,3000.0,3000.0,3000.0,3000.0,3000.0,3000.0,3000.0,3000.0,3000.0,3000.0,3000.0,3000.0,3000.0,3000.0,3000.0,3000.0,3000.0,3000.0,3000.0,3000.0,3000.0,3000.0,3000.0,3000.0,3000.0,3000.0,3000.0,3000.0,3000.0,3000.0,3000.0,3000.0,3000.0,3000.0,3000.0,3000.0,3000.0,3000.0,3000.0,3000.0,3000.0,3000.0,3000.0,3000.0,3000.0,3000.0,3000.0,3000.0,3000.0,3000.0,3000.0,3000.0,3000.0,3000.0,3000.0,3000.0,3000.0,3000.0,3000.0,3000.0,3000.0,3000.0,3000.0,3000.0,3000.0,3000.0,3000.0,3000.0,3000.0,3000.0,3000.0,3000.0,3000.0,3000.0,3000.0,3000.0,3000.0,3000.0,3000.0,3000.0,3000.0,3000.0,3000.0,3000.0,3000.0,3000.0,3000.0,3000.0,3000.0,3000.0,3000.0,3000.0,3000.0,3000.0,3000.0,3000.0,3000.0,3000.0,3000.0,3000.0,3000.0,3000.0,3000.0,3000.0,3000.0,3000.0,3000.0,3000.0,3000.0,3000.0,3000.0,3000.0,3000.0,3000.0,3000.0,3000.0,3000.0,3000.0,3000.0,3000.0,3000.0,3000.0,3000.0,3000.0,3000.0,3000.0,3000.0,3000.0,3000.0,3000.0,3000.0,3000.0,3000.0,3000.0,3000.0,3000.0,3000.0,3000.0,3000.0,3000.0,3000.0,3000.0,3000.0,3000.0,1250.0,1264.1191666443967,1308.1159200335724,1387.3953302184277,1512.8798585309873,3000.0,3000.0,3000.0,1250.0,1264.1191666443967,1308.1159200335724,1387.3953302184277,1512.8798585309873,3000.0,3000.0,3000.0,1250.0,1264.1191666443967,1308.1159200335724,1387.3953302184277,1512.8798585309873,3000.0,3000.0,3000.0,1250.0,1264.1191666443967,1308.1159200335724,1387.3953302184277,1512.8798585309873,3000.0,3000.0,3000.0,1250.0,1264.1191666443967,1308.1159200335724,1387.3953302184277,1512.8798585309873,3000.0,3000.0,3000.0,1250.0,1264.1191666443967,1308.1159200335724,1387.3953302184277,1512.8798585309873,3000.0,3000.0,3000.0,1250.0,1264.1191666443967,1308.1159200335724,1387.3953302184277,1512.8798585309873,3000.0,3000.0,3000.0,1250.0,1264.1191666443967,1308.1159200335724,1387.3953302184277,1512.8798585309873,3000.0,3000.0,3000.0
14067,3000.0,3000.0,3000.0,1447.5612500299317,1345.474388056606,1283.6230158422136,1253.9892571386686,1253.0523726014649,3000.0,3000.0,3000.0,1447.5612500299317,1345.474388056606,1283.6230158422136,1253.9892571386686,1253.0523726014649,3000.0,3000.0,3000.0,1447.5612500299317,1345.474388056606,1283.6230158422136,1253.9892571386686,1253.0523726014649,3000.0,3000.0,3000.0,1447.5612500299317,1345.474388056606,1283.6230158422136,1253.9892571386686,1253.0523726014649,3000.0,3000.0,3000.0,1447.5612500299317,1345.474388056606,1283.6230158422136,1253.9892571386686,1253.0523726014649,3000.0,3000.0,3000.0,1447.5612500299317,1345.474388056606,1283.6230158422136,1253.9892571386686,1253.0523726014649,3000.0,3000.0,3000.0,1447.5612500299317,1345.474388056606,1283.6230158422136,1253.9892571386686,1253.0523726014649,3000.0,3000.0,3000.0,1447.5612500299317,1345.474388056606,1283.6230158422136,1253.9892571386686,1253.0523726014649,3000.0,3000.0,3000.0,3000.0,3000.0,3000.0,3000.0,3000.0,3000.0,3000.0,3000.0,3000.0,3000.0,3000.0,3000.0,3000.0,3000.0,3000.0,3000.0,3000.0,3000.0,3000.0,3000.0,3000.0,3000.0,3000.0,3000.0,3000.0,3000.0,3000.0,3000.0,3000.0,3000.0,3000.0,3000.0,3000.0,3000.0,3000.0,3000.0,3000.0,3000.0,3000.0,3000.0,3000.0,3000.0,3000.0,3000.0,3000.0,3000.0,3000.0,3000.0,3000.0,3000.0,3000.0,3000.0,3000.0,3000.0,3000.0,3000.0,3000.0,3000.0,3000.0,3000.0,3000.0,3000.0,3000.0,3000.0,3000.0,3000.0,3000.0,3000.0,3000.0,3000.0,3000.0,3000.0,3000.0,3000.0,3000.0,3000.0,3000.0,3000.0,3000.0,3000.0,3000.0,3000.0,3000.0,3000.0,3000.0,3000.0,3000.0,3000.0,3000.0,3000.0,3000.0,3000.0,3000.0,3000.0,3000.0,3000.0,3000.0,3000.0,3000.0,3000.0,3000.0,3000.0,3000.0,3000.0,3000.0,3000.0,3000.0,3000.0,3000.0,3000.0,3000.0,3000.0,3000.0,3000.0,3000.0,3000.0,3000.0,3000.0,3000.0,3000.0,3000.0,3000.0,3000.0,3000.0,3000.0,3000.0,3000.0,3000.0,3000.0,3000.0,3000.0,3000.0,3000.0,3000.0,3000.0,3000.0,3000.0,3000.0,3000.0,3000.0,3000.0,3000.0,3000.0,3000.0,3000.0,3000.0,3000.0,3000.0,3000.0,3000.0,3000.0,3000.0,3000.0,3000.0,3000.0,3000.0,3000.0,3000.0,3000.0,3000.0,3000.0,3000.0,3000.0,3000.0,3000.0,3000.0,3000.0,3000.0,3000.0,3000.0,3000.0,3000.0,3000.0,3000.0,3000.0,3000.0,3000.0,3000.0,3000.0,3000.0,3000.0,3000.0,3000.0,3000.0,3000.0,3000.0,3000.0,3000.0,3000.0,3000.0,3000.0,3000.0,3000.0,3000.0,3000.0,3000.0,3000.0,3000.0,3000.0,3000.0,3000.0,3000.0,3000.0,3000.0,3000.0,3000.0,3000.0,3000.0,3000.0,3000.0,3000.0,3000.0,3000.0,3000.0,3000.0,3000.0,3000.0,3000.0,3000.0,3000.0,3000.0,3000.0,3000.0,3000.0,3000.0,3000.0,3000.0,3000.0,3000.0,3000.0,3000.0,3000.0,3000.0,3000.0,3000.0,3000.0,3000.0,3000.0,3000.0,3000.0,3000.0,3000.0,3000.0,3000.0,3000.0,3000.0,3000.0,3000.0,3000.0,3000.0,3000.0,3000.0,3000.0,1253.052372601465,1280.704347420155,1340.218127672704,1439.2499172334121,1592.4969141518134,3000.0,3000.0,3000.0,1253.052372601465,1280.704347420155,1340.218127672704,1439.2499172334121,1592.4969141518134,3000.0,3000.0,3000.0,1253.052372601465,1280.704347420155,1340.218127672704,1439.2499172334121,1592.4969141518134,3000.0,3000.0,3000.0,1253.052372601465,1280.704347420155,1340.218127672704,1439.2499172334121,1592.4969141518134,3000.0,3000.0,3000.0,1253.052372601465,1280.704347420155,1340.218127672704,1439.2499172334121,1592.4969141518134,3000.0,3000.0,3000.0,1253.052372601465,1280.704347420155,1340.218127672704,1439.2499172334121,1592.4969141518134,3000.0,3000.0,3000.0,1253.052372601465,1280.704347420155,1340.218127672704,1439.2499172334121,1592.4969141518134,3000.0,3000.0,3000.0,1253.052372601465,1280.704347420155,1340.218127672704,1439.2499172334121,1592.4969141518134,3000.0,3000.0,3000.0
14133,3000.0,3000.0,1523.313501813141,1394.1605590060458,1312.2179668881342,1266.0853246547983,1250.0621693969445,1262.2844656482723,3000.0,3000.0,1523.313501813141,1394.1605590060458,1312.2179668881342,1266.0853246547983,1250.0621693969445,1262.2844656482723,3000.0,3000.0,1523.313501813141,1394.1605590060458,1312.2179668881342,1266.0853246547983,1250.0621693969445,1262.2844656482723,3000.0,3000.0,1523.313501813141,1394.1605590060458,1312.2179668881342,1266.0853246547983,1250.0621693969445,1262.2844656482723,3000.0,3000.0,1523.313501813141,1394.1605590060458,1312.2179668881342,1266.0853246547983,1250.0621693969445,1262.2844656482723,3000.0,3000.0,1523.313501813141,1394.1605590060458,1312.2179668881342,1266.0853246547983,1250.0621693969445,1262.2844656482723,3000.0,3000.0,1523.313501813141,1394.1605590060458,1312.2179668881342,1266.0853246547983,1250.0621693969445,1262.2844656482723,3000.0,3000.0,1523.313501813141,1394.1605590060458,1312.2179668881342,1266.0853246547983,1250.0621693969445,1262.2844656482723,3000.0,3000.0,3000.0,3000.0,3000.0,3000.0,3000.0,3000.0,3000.0,3000.0,3000.0,3000.0,3000.0,3000.0,3000.0,3000.0,3000.0,3000.0,3000.0,3000.0,3000.0,3000.0,3000.0,3000.0,3000.0,3000.0,3000.0,3000.0,3000.0,3000.0,3000.0,3000.0,3000.0,3000.0,3000.0,3000.0,3000.0,3000.0,3000.0,3000.0,3000.0,3000.0,3000.0,3000.0,3000.0,3000.0,3000.0,3000.0,3000.0,3000.0,3000.0,3000.0,3000.0,3000.0,3000.0,3000.0,3000.0,3000.0,3000.0,3000.0,3000.0,3000.0,3000.0,3000.0,3000.0,3000.0,3000.0,3000.0,3000.0,3000.0,3000.0,3000.0,3000.0,3000.0,3000.0,3000.0,3000.0,3000.0,3000.0,3000.0,3000.0,3000.0,3000.0,3000.0,3000.0,3000.0,3000.0,3000.0,3000.0,3000.0,3000.0,3000.0,3000.0,3000.0,3000.0,3000.0,3000.0,3000.0,3000.0,3000.0,3000.0,3000.0,3000.0,3000.0,3000.0,3000.0,3000.0,3000.0,3000.0,3000.0,3000.0,3000.0,3000.0,3000.0,3000.0,3000.0,3000.0,3000.0,3000.0,3000.0,3000.0,3000.0,3000.0,3000.0,3000.0,3000.0,3000.0,3000.0,3000.0,3000.0,3000.0,3000.0,3000.0,3000.0,3000.0,3000.0,3000.0,3000.0,3000.0,3000.0,3000.0,3000.0,3000.0,3000.0,3000.0,3000.0,3000.0,3000.0,3000.0,3000.0,3000.0,3000.0,3000.0,3000.0,3000.0,3000.0,3000.0,3000.0,3000.0,3000.0,3000.0,3000.0,3000.0,3000.0,3000.0,3000.0,3000.0,3000.0,3000.0,3000.0,3000.0,3000.0,3000.0,3000.0,3000.0,3000.0,3000.0,3000.0,3000.0,3000.0,3000.0,3000.0,3000.0,3000.0,3000.0,3000.0,3000.0,3000.0,3000.0,3000.0,3000.0,3000.0,3000.0,3000.0,3000.0,3000.0,3000.0,3000.0,3000.0,3000.0,3000.0,3000.0,3000.0,3000.0,3000.0,3000.0,3000.0,3000.0,3000.0,3000.0,3000.0,3000.0,3000.0,3000.0,3000.0,3000.0,3000.0,3000.0,3000.0,3000.0,3000.0,3000.0,3000.0,3000.0,3000.0,3000.0,3000.0,3000.0,3000.0,3000.0,3000.0,3000.0,3000.0,3000.0,3000.0,3000.0,3000.0,3000.0,3000.0,3000.0,3000.0,3000.0,3000.0,3000.0,3000.0,3000.0,3000.0,3000.0,3000.0,3000.0,3000.0,3000.0,3000.0,3000.0,3000.0,3000.0,1262.2844656482725,1304.1687559050456,1380.8321242485176,1502.7366239554372,3000.0,3000.0,3000.0,3000.0,1262.2844656482725,1304.1687559050456,1380.8321242485176,1502.7366239554372,3000.0,3000.0,3000.0,3000.0,1262.2844656482725,1304.1687559050456,1380.8321242485176,1502.7366239554372,3000.0,3000.0,3000.0,3000.0,1262.2844656482725,1304.1687559050456,1380.8321242485176,1502.7366239554372,3000.0,3000.0,3000.0,3000.0,1262.2844656482725,1304.1687559050456,1380.8321242485176,1502.7366239554372,3000.0,3000.0,3000.0,3000.0,1262.2844656482725,1304.1687559050456,1380.8321242485176,1502.7366239554372,3000.0,3000.0,3000.0,3000.0,1262.2844656482725,1304.1687559050456,1380.8321242485176,1502.7366239554372,3000.0,3000.0,3000.0,3000.0,1262.2844656482725,1304.1687559050456,1380.8321242485176,1502.7366239554372,3000.0,3000.0,3000.0,3000.0
14200,3000.0,3000.0,1456.1148076815055,1350.906938787246,1286.6832913660544,1255.0524722739233,1252.2413495151081,1277.9257435812858,3000.0,3000.0,1456.1148076815055,1350.906938787246,1286.6832913660544,1255.0524722739233,1252.2413495151081,1277.9257435812858,3000.0,3000.0,1456.1148076815055,1350.906938787246,1286.6832913660544,1255.0524722739233,1252.2413495151081,1277.9257435812858,3000.0,3000.0,1456.1148076815055,1350.906938787246,1286.6832913660544,1255.0524722739233,1252.2413495151081,1277.9257435812858,3000.0,3000.0,1456.1148076815055,1350.906938787246,1286.6832913660544,1255.0524722739233,1252.2413495151081,1277.9257435812858,3000.0,3000.0,1456.1148076815055,1350.906938787246,1286.6832913660544,1255.0524722739233,1252.2413495151081,1277.9257435812858,3000.0,3000.0,1456.1148076815055,1350.906938787246,1286.6832913660544,1255.0524722739233,1252.2413495151081,1277.9257435812858,3000.0,3000.0,1456.1148076815055,1350.906938787246,1286.6832913660544,1255.0524722739233,1252.2413495151081,1277.9257435812858,3000.0,3000.0,3000.0,3000.0,3000.0,3000.0,3000.0,3000.0,3000.0,3000.0,3000.0,3000.0,3000.0,3000.0,3000.0,3000.0,3000.0,3000.0,3000.0,3000.0,3000.0,3000.0,3000.0,3000.0,3000.0,3000.0,3000.0,3000.0,3000.0,3000.0,3000.0,3000.0,3000.0,3000.0,3000.0,3000.0,3000.0,3000.0,3000.0,3000.0,3000.0,3000.0,3000.0,3000.0,3000.0,3000.0,3000.0,3000.0,3000.0,3000.0,3000.0,3000.0,3000.0,3000.0,3000.0,3000.0,3000.0,3000.0,3000.0,3000.0,3000.0,3000.0,3000.0,3000.0,3000.0,3000.0,3000.0,3000.0,3000.0,3000.0,3000.0,3000.0,3000.0,3000.0,3000.0,3000.0,3000.0,3000.0,3000.0,3000.0,3000.0,3000.0,3000.0,3000.0,3000.0,3000.0,3000.0,3000.0,3000.0,3000.0,3000.0,3000.0,3000.0,3000.0,3000.0,3000.0,3000.0,3000.0,3000.0,3000.0,3000.0,3000.0,3000.0,3000.0,3000.0,3000.0,3000.0,3000.0,3000.0,3000.0,3000.0,3000.0,3000.0,3000.0,3000.0,3000.0,3000.0,3000.0,3000.0,3000.0,3000.0,3000.0,3000.0,3000.0,3000.0,3000.0,3000.0,3000.0,3000.0,3000.0,3000.0,3000.0,3000.0,3000.0,3000.0,3000.0,3000.0,3000.0,3000.0,3000.0,3000.0,3000.0,3000.0,3000.0,3000.0,3000.0,3000.0,3000.0,3000.0,3000.0,3000.0,3000.0,3000.0,3000.0,3000.0,3000.0,3000.0,3000.0,3000.0,3000.0,3000.0,3000.0,3000.0,3000.0,3000.0,3000.0,3000.0,3000.0,3000.0,3000.0,3000.0,3000.0,3000.0,3000.0,3000.0,3000.0,3000.0,3000.0,3000.0,3000.0,3000.0,3000.0,3000.0,3000.0,3000.0,3000.0,3000.0,3000.0,3000.0,3000.0,3000.0,3000.0,3000.0,3000.0,3000.0,3000.0,3000.0,3000.0,3000.0,3000.0,3000.0,3000.0,3000.0,3000.0,3000.0,3000.0,3000.0,3000.0,3000.0,3000.0,3000.0,3000.0,3000.0,3000.0,3000.0,3000.0,3000.0,3000.0,3000.0,3000.0,3000.0,3000.0,3000.0,3000.0,3000.0,3000.0,3000.0,3000.0,3000.0,3000.0,3000.0,3000.0,3000.0,3000.0,3000.0,3000.0,3000.0,3000.0,3000.0,3000.0,3000.0,3000.0,3000.0,3000.0,3000.0,3000.0,3000.0,3000.0,3000.0,3000.0,3000.0,3000.0,3000.0,3000.0,3000.0,3000.0,1277.9257435812863,1335.135059801675,1431.1750211605274,1580.1362270115562,3000.0,3000.0,3000.0,3000.0,1277.9257435812863,1335.135059801675,1431.1750211605274,1580.1362270115562,3000.0,3000.0,3000.0,3000.0,1277.9257435812863,1335.135059801675,1431.1750211605274,1580.1362270115562,3000.0,3000.0,3000.0,3000.0,1277.9257435812863,1335.135059801675,1431.1750211605274,1580.1362270115562,3000.0,3000.0,3000.0,3000.0,1277.9257435812863,1335.135059801675,1431.1750211605274,1580.1362270115562,3000.0,3000.0,3000.0,3000.0,1277.9257435812863,1335.135059801675,1431.1750211605274,1580.1362270115562,3000.0,3000.0,3000.0,3000.0,1277.9257435812863,1335.135059801675,1431.1750211605274,1580.1362270115562,3000.0,3000.0,3000.0,3000.0,1277.9257435812863,1335.135059801675,1431.1750211605274,1580.1362270115562,3000.0,3000.0,3000.0,3000.0
14267,3000.0,1534.0457018004288,1401.1321364564133,1316.477178175009,1268.18394614914,1250.248708511741,1260.5802858571578,1300.3742948270026,3000.0,1534.0457018004288,1401.1321364564133,1316.477178175009,1268.18394614914,1250.248708511741,1260.5802858571578,1300.3742948270026,3000.0,1534.0457018004288,1401.1321364564133,1316.477178175009,1268.18394614914,1250.248708511741,1260.5802858571578,1300.3742948270026,3000.0,1534.0457018004288,1401.1321364564133,1316.477178175009,1268.18394614914,1250.248708511741,1260.5802858571578,1300.3742948270026,3000.0,1534.0457018004288,1401.1321364564133,1316.477178175009,1268.18394614914,1250.248708511741,1260.5802858571578,1300.3742948270026,3000.0,1534.0457018004288,1401.1321364564133,1316.477178175009,1268.18394614914,1250.248708511741,1260.5802858571578,1300.3742948270026,3000.0,1534.0457018004288,1401.1321364564133,1316.477178175009,1268.18394614914,1250.248708511741,1260.5802858571578,1300.3742948270026,3000.0,1534.0457018004288,1401.1321364564133,1316.477178175009,1268.18394614914,1250.248708511741,1260.5802858571578,1300.3742948270026,3000.0,3000.0,3000.0,3000.0,3000.0,3000.0,3000.0,3000.0,3000.0,3000.0,3000.0,3000.0,3000.0,3000.0,3000.0,3000.0,3000.0,3000.0,3000.0,3000.0,3000.0,3000.0,3000.0,3000.0,3000.0,3000.0,3000.0,3000.0,3000.0,3000.0,3000.0,3000.0,3000.0,3000.0,3000.0,3000.0,3000.0,3000.0,3000.0,3000.0,3000.0,3000.0,3000.0,3000.0,3000.0,3000.0,3000.0,3000.0,3000.0,3000.0,3000.0,3000.0,3000.0,3000.0,3000.0,3000.0,3000.0,3000.0,3000.0,3000.0,3000.0,3000.0,3000.0,3000.0,3000.0,3000.0,3000.0,3000.0,3000.0,3000.0,3000.0,3000.0,3000.0,3000.0,3000.0,3000.0,3000.0,3000.0,3000.0,3000.0,3000.0,3000.0,3000.0,3000.0,3000.0,3000.0,3000.0,3000.0,3000.0,3000.0,3000.0,3000.0,3000.0,3000.0,3000.0,3000.0,3000.0,3000.0,3000.0,3000.0,3000.0,3000.0,3000.0,3000.0,3000.0,3000.0,3000.0,3000.0,3000.0,3000.0,3000.0,3000.0,3000.0,3000.0,3000.0,3000.0,3000.0,3000.0,3000.0,3000.0,3000.0,3000.0,3000.0,3000.0,3000.0,3000.0,3000.0,3000.0,3000.0,3000.0,3000.0,3000.0,3000.0,3000.0,3000.0,3000.0,3000.0,3000.0,3000.0,3000.0,3000.0,3000.0,3000.0,3000.0,3000.0,3000.0,3000.0,3000.0,3000.0,3000.0,3000.0,3000.0,3000.0,3000.0,3000.0,3000.0,3000.0,3000.0,3000.0,3000.0,3000.0,3000.0,3000.0,3000.0,3000.0,3000.0,3000.0,3000.0,3000.0,3000.0,3000.0,3000.0,3000.0,3000.0,3000.0,3000.0,3000.0,3000.0,3000.0,3000.0,3000.0,3000.0,3000.0,3000.0,3000.0,3000.0,3000.0,3000.0,3000.0,3000.0,3000.0,3000.0,3000.0,3000.0,3000.0,3000.0,3000.0,3000.0,3000.0,3000.0,3000.0,3000.0,3000.0,3000.0,3000.0,3000.0,3000.0,3000.0,3000.0,3000.0,3000.0,3000.0,3000.0,3000.0,3000.0,3000.0,3000.0,3000.0,3000.0,3000.0,3000.0,3000.0,3000.0,3000.0,3000.0,3000.0,3000.0,3000.0,3000.0,3000.0,3000.0,3000.0,3000.0,3000.0,3000.0,3000.0,3000.0,3000.0,3000.0,3000.0,3000.0,3000.0,3000.0,3000.0,3000.0,3000.0,3000.0,3000.0,3000.0,3000.0,3000.0,3000.0,3000.0,3000.0,3000.0,3000.0,1300.3742948270033,1374.4667908026474,1492.8759975409978,3000.0,3000.0,3000.0,3000.0,3000.0,1300.3742948270033,1374.4667908026474,1492.8759975409978,3000.0,3000.0,3000.0,3000.0,3000.0,1300.3742948270033,1374.4667908026474,1492.8759975409978,3000.0,3000.0,3000.0,3000.0,3000.0,1300.3742948270033,1374.4667908026474,1492.8759975409978,3000.0,3000.0,3000.0,3000.0,3000.0,1300.3742948270033,1374.4667908026474,1492.8759975409978,3000.0,3000.0,3000.0,3000.0,3000.0,1300.3742948270033,1374.4667908026474,1492.8759975409978,3000.0,3000.0,3000.0,3000.0,3000.0,1300.3742948270033,1374.4667908026474,1492.8759975409978,3000.0,3000.0,3000.0,3000.0,3000.0,1300.3742948270033,1374.4667908026474,1492.8759975409978,3000.0,3000.0,3000.0,3000.0,3000.0
14333,3000.0,1464.9166268002639,1356.5190114487673,1289.8868003232874,1256.242551433615,1251.5557824364819,1275.2857435773587,1330.2222155948898,3000.0,1464.9166268002639,1356.5190114487673,1289.8868003232874,1256.242551433615,1251.5557824364819,1275.2857435773587,1330.2222155948898,3000.0,1464.9166268002639,1356.5190114487673,1289.8868003232874,1256.242551433615,1251.5557824364819,1275.2857435773587,1330.2222155948898,3000.0,1464.9166268002639,1356.5190114487673,1289.8868003232874,1256.242551433615,1251.5557824364819,1275.2857435773587,1330.2222155948898,3000.0,1464.9166268002639,1356.5190114487673,1289.8868003232874,1256.242551433615,1251.5557824364819,1275.2857435773587,1330.2222155948898,3000.0,1464.9166268002639,1356.5190114487673,1289.8868003232874,1256.242551433615,1251.5557824364819,1275.2857435773587,1330.2222155948898,3000.0,1464.9166268002639,1356.5190114487673,1289.8868003232874,1256.242551433615,1251.5557824364819,1275.2857435773587,1330.2222155948898,3000.0,1464.9166268002639,1356.5190114487673,1289.8868003232874,1256.242551433615,1251.5557824364819,1275.2857435773587,1330.2222155948898,3000.0,3000.0,3000.0,3000.0,3000.0,3000.0,3000.0,3000.0,3000.0,3000.0,3000.0,3000.0,3000.0,3000.0,3000.0,3000.0,3000.0,3000.0,3000.0,3000.0,3000.0,3000.0,3000.0,3000.0,3000.0,3000.0,3000.0,3000.0,3000.0,3000.0,3000.0,3000.0,3000.0,3000.0,3000.0,3000.0,3000.0,3000.0,3000.0,3000.0,3000.0,3000.0,3000.0,3000.0,3000.0,3000.0,3000.0,3000.0,3000.0,3000.0,3000.0,3000.0,3000.0,3000.0,3000.0,3000.0,3000.0,3000.0,3000.0,3000.0,3000.0,3000.0,3000.0,3000.0,3000.0,3000.0,3000.0,3000.0,3000.0,3000.0,3000.0,3000.0,3000.0,3000.0,3000.0,3000.0,3000.0,3000.0,3000.0,3000.0,3000.0,3000.0,3000.0,3000.0,3000.0,3000.0,3000.0,3000.0,3000.0,3000.0,3000.0,3000.0,3000.0,3000.0,3000.0,3000.0,3000.0,3000.0,3000.0,3000.0,3000.0,3000.0,3000.0,3000.0,3000.0,3000.0,3000.0,3000.0,3000.0,3000.0,3000.0,3000.0,3000.0,3000.0,3000.0,3000.0,3000.0,3000.0,3000.0,3000.0,3000.0,3000.0,3000.0,3000.0,3000.0,3000.0,3000.0,3000.0,3000.0,3000.0,3000.0,3000.0,3000.0,3000.0,3000.0,3000.0,3000.0,3000.0,3000.0,3000.0,3000.0,3000.0,3000.0,3000.0,3000.0,3000.0,3000.0,3000.0,3000.0,3000.0,3000.0,3000.0,3000.0,3000.0,3000.0,3000.0,3000.0,3000.0,3000.0,3000.0,3000.0,3000.0,3000.0,3000.0,3000.0,3000.0,3000.0,3000.0,3000.0,3000.0,3000.0,3000.0,3000.0,3000.0,3000.0,3000.0,3000.0,3000.0,3000.0,3000.0,3000.0,3000.0,3000.0,3000.0,3000.0,3000.0,3000.0,3000.0,3000.0,3000.0,3000.0,3000.0,3000.0,3000.0,3000.0,3000.0,3000.0,3000.0,3000.0,3000.0,3000.0,3000.0,3000.0,3000.0,3000.0,3000.0,3000.0,3000.0,3000.0,3000.0,3000.0,3000.0,3000.0,3000.0,3000.0,3000.0,3000.0,3000.0,3000.0,3000.0,3000.0,3000.0,3000.0,3000.0,3000.0,3000.0,3000.0,3000.0,3000.0,3000.0,3000.0,3000.0,3000.0,3000.0,3000.0,3000.0,3000.0,3000.0,3000.0,3000.0,3000.0,3000.0,3000.0,3000.0,3000.0,3000.0,3000.0,3000.0,3000.0,3000.0,3000.0,3000.0,3000.0,3000.0,3000.0,3000.0,1330.2222155948907,1423.3310111058295,1568.120718542508,3000.0,3000.0,3000.0,3000.0,3000.0,1330.2222155948907,1423.3310111058295,1568.120718542508,3000.0,3000.0,3000.0,3000.0,3000.0,1330.2222155948907,1423.3310111058295,1568.120718542508,3000.0,3000.0,3000.0,3000.0,3000.0,1330.2222155948907,1423.3310111058295,1568.120718542508,3000.0,3000.0,3000.0,3000.0,3000.0,1330.2222155948907,1423.3310111058295,1568.120718542508,3000.0,3000.0,3000.0,3000.0,3000.0,1330.2222155948907,1423.3310111058295,1568.120718542508,3000.0,3000.0,3000.0,3000.0,3000.0,1330.2222155948907,1423.3310111058295,1568.120718542508,3000.0,3000.0,3000.0,3000.0,3000.0,1330.2222155948907,1423.3310111058295,1568.120718542508,3000.0,3000.0,3000.0,3000.0,3000.0
14400,1545.0849718747377,1408.3145713744493,1320.895940875873,1270.416109531093,1250.5597101538165,1259.005760944084,1296.730456085897,1368.2953481325576,1545.0849718747377,1408.3145713744493,1320.895940875873,1270.416109531093,1250.5597101538165,1259.005760944084,1296.730456085897,1368.2953481325576,1545.0849718747377,1408.3145713744493,1320.895940875873,1270.416109531093,1250.5597101538165,1259.005760944084,1296.730456085897,1368.2953481325576,1545.0849718747377,1408.3145713744493,1320.895940875873,1270.416109531093,1250.5597101538165,1259.005760944084,1296.730456085897,1368.2953481325576,1545.0849718747377,1408.3145713744493,1320.895940875873,1270.416109531093,1250.5597101538165,1259.005760944084,1296.730456085897,1368.2953481325576,1545.0849718747377,1408.3145713744493,1320.895940875873,1270.416109531093,1250.5597101538165,1259.005760944084,1296.730456085897,1368.2953481325576,1545.0849718747377,1408.3145713744493,1320.895940875873,1270.416109531093,1250.5597101538165,1259.005760944084,1296.730456085897,1368.2953481325576,1545.0849718747377,1408.3145713744493,1320.895940875873,1270.416109531093,1250.5597101538165,1259.005760944084,1296.730456085897,1368.2953481325576,3000.0,3000.0,3000.0,3000.0,3000.0,3000.0,3000.0,1545.0849718747377,3000.0,3000.0,3000.0,3000.0,3000.0,3000.0,3000.0,1545.0849718747377,3000.0,3000.0,3000.0,3000.0,3000.0,3000.0,3000.0,1545.0849718747377,3000.0,3000.0,3000.0,3000.0,3000.0,3000.0,3000.0,1545.0849718747377,3000.0,3000.0,3000.0,3000.0,3000.0,3000.0,3000.0,1545.0849718747377,3000.0,3000.0,3000.0,3000.0,3000.0,3000.0,3000.0,1545.0849718747377,3000.0,3000.0,3000.0,3000.0,3000.0,3000.0,3000.0,1545.0849718747377,3000.0,3000.0,3000.0,3000.0,3000.0,3000.0,3000.0,1545.0849718747377,3000.0,3000.0,3000.0,3000.0,3000.0,3000.0,3000.0,3000.0,3000.0,3000.0,3000.0,3000.0,3000.0,3000.0,3000.0,3000.0,3000.0,3000.0,3000.0,3000.0,3000.0,3000.0,3000.0,3000.0,3000.0,3000.0,3000.0,3000.0,3000.0,3000.0,3000.0,3000.0,3000.0,3000.0,3000.0,3000.0,3000.0,3000.0,3000.0,3000.0,3000.0,3000.0,3000.0,3000.0,3000.0,3000.0,3000.0,3000.0,3000.0,3000.0,3000.0,3000.0,3000.0,3000.0,3000.0,3000.0,3000.0,3000.0,3000.0,3000.0,3000.0,3000.0,3000.0,3000.0,3000.0,3000.0,3000.0,3000.0,3000.0,3000.0,3000.0,3000.0,3000.0,3000.0,3000.0,3000.0,3000.0,3000.0,3000.0,3000.0,3000.0,3000.0,3000.0,3000.0,3000.0,3000.0,3000.0,3000.0,3000.0,3000.0,3000.0,3000.0,3000.0,3000.0,3000.0,3000.0,3000.0,3000.0,3000.0,3000.0,3000.0,3000.0,3000.0,3000.0,3000.0,3000.0,3000.0,3000.0,3000.0,3000.0,3000.0,3000.0,3000.0,3000.0,3000.0,3000.0,3000.0,3000.0,3000.0,3000.0,3000.0,3000.0,3000.0,3000.0,3000.0,3000.0,3000.0,3000.0,3000.0,3000.0,3000.0,3000.0,3000.0,3000.0,3000.0,3000.0,3000.0,3000.0,3000.0,3000.0,3000.0,3000.0,3000.0,3000.0,3000.0,3000.0,3000.0,3000.0,3000.0,3000.0,3000.0,3000.0,3000.0,3000.0,3000.0,3000.0,3000.0,3000.0,3000.0,3000.0,3000.0,3000.0,3000.0,3000.0,3000.0,3000.0,3000.0,3000.0,3000.0,3000.0,3000.0,3000.0,3000.0,3000.0,3000.0,3000.0,3000.0,3000.0,3000.0,3000.0,3000.0,3000.0,3000.0,3000.0,3000.0,3000.0,3000.0,3000.0,3000.0,3000.0,3000.0,3000.0,1368.2953481325583,1483.29050934778,3000.0,3000.0,3000.0,3000.0,3000.0,3000.0,1368.2953481325583,1483.29050934778,3000.0,3000.0,3000.0,3000.0,3000.0,3000.0,1368.2953481325583,1483.29050934778,3000.0,3000.0,3000.0,3000.0,3000.0,3000.0,1368.2953481325583,1483.29050934778,3000.0,3000.0,3000.0,3000.0,3000.0,3000.0,1368.2953481325583,1483.29050934778,3000.0,3000.0,3000.0,3000.0,3000.0,3000.0,1368.2953481325583,1483.29050934778,3000.0,3000.0,3000.0,3000.0,3000.0,3000.0,1368.2953481325583,1483.29050934778,3000.0,3000.0,3000.0,3000.0,3000.0,3000.0,1368.2953481325583,1483.29050934778,3000.0,3000.0,3000.0,3000.0,3000.0,3000.0
14467,1473.97300420262,1362.3139764084058,1293.235255029051,1257.560092979011,1250.9953291307672,1272.7829665104955,1325.4767506773264,1415.7125633612984,1473.97300420262,1362.3139764084058,1293.235255029051,1257.560092979011,1250.9953291307672,1272.7829665104955,1325.4767506773264,1415.7125633612984,1473.97300420262,1362.3139764084058,1293.235255029051,1257.560092979011,1250.9953291307672,1272.7829665104955,1325.4767506773264,1415.7125633612984,1473.97300420262,1362.3139764084058,1293.235255029051,1257.560092979011,1250.9953291307672,1272.7829665104955,1325.4767506773264,1415.7125633612984,1473.97300420262,1362.3139764084058,1293.235255029051,1257.560092979011,1250.9953291307672,1272.7829665104955,1325.4767506773264,1415.7125633612984,1473.97300420262,1362.3139764084058,1293.235255029051,1257.560092979011,1250.9953291307672,1272.7829665104955,1325.4767506773264,1415.7125633612984,1473.97300420262,1362.3139764084058,1293.235255029051,1257.560092979011,1250.9953291307672,1272.7829665104955,1325.4767506773264,1415.7125633612984,1473.97300420262,1362.3139764084058,1293.235255029051,1257.560092979011,1250.9953291307672,1272.7829665104955,1325.4767506773264,1415.7125633612984,3000.0,3000.0,3000.0,3000.0,3000.0,3000.0,3000.0,1473.97300420262,3000.0,3000.0,3000.0,3000.0,3000.0,3000.0,3000.0,1473.97300420262,3000.0,3000.0,3000.0,3000.0,3000.0,3000.0,3000.0,1473.97300420262,3000.0,3000.0,3000.0,3000.0,3000.0,3000.0,3000.0,1473.97300420262,3000.0,3000.0,3000.0,3000.0,3000.0,3000.0,3000.0,1473.97300420262,3000.0,3000.0,3000.0,3000.0,3000.0,3000.0,3000.0,1473.97300420262,3000.0,3000.0,3000.0,3000.0,3000.0,3000.0,3000.0,1473.97300420262,3000.0,3000.0,3000.0,3000.0,3000.0,3000.0,3000.0,1473.97300420262,3000.0,3000.0,3000.0,3000.0,3000.0,3000.0,3000.0,3000.0,3000.0,3000.0,3000.0,3000.0,3000.0,3000.0,3000.0,3000.0,3000.0,3000.0,3000.0,3000.0,3000.0,3000.0,3000.0,3000.0,3000.0,3000.0,3000.0,3000.0,3000.0,3000.0,3000.0,3000.0,3000.0,3000.0,3000.0,3000.0,3000.0,3000.0,3000.0,3000.0,3000.0,3000.0,3000.0,3000.0,3000.0,3000.0,3000.0,3000.0,3000.0,3000.0,3000.0,3000.0,3000.0,3000.0,3000.0,3000.0,3000.0,3000.0,3000.0,3000.0,3000.0,3000.0,3000.0,3000.0,3000.0,3000.0,3000.0,3000.0,3000.0,3000.0,3000.0,3000.0,3000.0,3000.0,3000.0,3000.0,3000.0,3000.0,3000.0,3000.0,3000.0,3000.0,3000.0,3000.0,3000.0,3000.0,3000.0,3000.0,3000.0,3000.0,3000.0,3000.0,3000.0,3000.0,3000.0,3000.0,3000.0,3000.0,3000.0,3000.0,3000.0,3000.0,3000.0,3000.0,3000.0,3000.0,3000.0,3000.0,3000.0,3000.0,3000.0,3000.0,3000.0,3000.0,3000.0,3000.0,3000.0,3000.0,3000.0,3000.0,3000.0,3000.0,3000.0,3000.0,3000.0,3000.0,3000.0,3000.0,3000.0,3000.0,3000.0,3000.0,3000.0,3000.0,3000.0,3000.0,3000.0,3000.0,3000.0,3000.0,3000.0,3000.0,3000.0,3000.0,3000.0,3000.0,3000.0,3000.0,3000.0,3000.0,3000.0,3000.0,3000.0,3000.0,3000.0,3000.0,3000.0,3000.0,3000.0,3000.0,3000.0,3000.0,3000.0,3000.0,3000.0,3000.0,3000.0,3000.0,3000.0,3000.0,3000.0,3000.0,3000.0,3000.0,3000.0,3000.0,3000.0,3000.0,3000.0,3000.0,3000.0,3000.0,3000.0,3000.0,3000.0,3000.0,3000.0,3000.0,3000.0,3000.0,3000.0,3000.0,1415.7125633612998,1556.440209895074,3000.0,3000.0,3000.0,3000.0,3000.0,3000.0,1415.7125633612998,1556.440209895074,3000.0,3000.0,3000.0,3000.0,3000.0,3000.0,1415.7125633612998,1556.440209895074,3000.0,3000.0,3000.0,3000.0,3000.0,3000.0,1415.7125633612998,1556.440209895074,3000.0,3000.0,3000.0,3000.0,3000.0,3000.0,1415.7125633612998,1556.440209895074,3000.0,3000.0,3000.0,3000.0,3000.0,3000.0,1415.7125633612998,1556.440209895074,3000.0,3000.0,3000.0,3000.0,3000.0,3000.0,1415.7125633612998,1556.440209895074,3000.0,3000.0,3000.0,3000.0,3000.0,3000.0,1415.7125633612998,1556.440209895074,3000.0,3000.0,3000.0,3000.0,3000.0,3000.0
14533,1415.7125633612993,1325.4767506773267,1272.7829665104957,1250.9953291307672,1257.5600929790107,1293.2352550290507,1362.3139764084053,1473.9730042026192,1415.7125633612993,1325.4767506773267,1272.7829665104957,1250.9953291307672,1257.5600929790107,1293.2352550290507,1362.3139764084053,1473.9730042026192,1415.7125633612993,1325.4767506773267,1272.7829665104957,1250.9953291307672,1257.5600929790107,1293.2352550290507,1362.3139764084053,1473.9730042026192,1415.7125633612993,1325.4767506773267,1272.7829665104957,1250.9953291307672,1257.5600929790107,1293.2352550290507,1362.3139764084053,1473.9730042026192,1415.7125633612993,1325.4767506773267,1272.7829665104957,1250.9953291307672,1257.5600929790107,1293.2352550290507,1362.3139764084053,1473.9730042026192,1415.7125633612993,1325.4767506773267,1272.7829665104957,1250.9953291307672,1257.5600929790107,1293.2352550290507,1362.3139764084053,1473.9730042026192,1415.7125633612993,1325.4767506773267,1272.7829665104957,1250.9953291307672,1257.5600929790107,1293.2352550290507,1362.3139764084053,1473.9730042026192,1415.7125633612993,1325.4767506773267,1272.7829665104957,1250.9953291307672,1257.5600929790107,1293.2352550290507,1362.3139764084053,1473.9730042026192,3000.0,3000.0,3000.0,3000.0,3000.0,3000.0,1556.4402098950732,1415.7125633612993,3000.0,3000.0,3000.0,3000.0,3000.0,3000.0,1556.4402098950732,1415.7125633612993,3000.0,3000.0,3000.0,3000.0,3000.0,3000.0,1556.4402098950732,1415.7125633612993,3000.0,3000.0,3000.0,3000.0,3000.0,3000.0,1556.4402098950732,1415.7125633612993,3000.0,3000.0,3000.0,3000.0,3000.0,3000.0,1556.4402098950732,1415.7125633612993,3000.0,3000.0,3000.0,3000.0,3000.0,3000.0,1556.4402098950732,1415.7125633612993,3000.0,3000.0,3000.0,3000.0,3000.0,3000.0,1556.4402098950732,1415.7125633612993,3000.0,3000.0,3000.0,3000.0,3000.0,3000.0,1556.4402098950732,1415.7125633612993,3000.0,3000.0,3000.0,3000.0,3000.0,3000.0,3000.0,3000.0,3000.0,3000.0,3000.0,3000.0,3000.0,3000.0,3000.0,3000.0,3000.0,3000.0,3000.0,3000.0,3000.0,3000.0,3000.0,3000.0,3000.0,3000.0,3000.0,3000.0,3000.0,3000.0,3000.0,3000.0,3000.0,3000.0,3000.0,3000.0,3000.0,3000.0,3000.0,3000.0,3000.0,3000.0,3000.0,3000.0,3000.0,3000.0,3000.0,3000.0,3000.0,3000.0,3000.0,3000.0,3000.0,3000.0,3000.0,3000.0,3000.0,3000.0,3000.0,3000.0,3000.0,3000.0,3000.0,3000.0,3000.0,3000.0,3000.0,3000.0,3000.0,3000.0,3000.0,3000.0,3000.0,3000.0,3000.0,3000.0,3000.0,3000.0,3000.0,3000.0,3000.0,3000.0,3000.0,3000.0,3000.0,3000.0,3000.0,3000.0,3000.0,3000.0,3000.0,3000.0,3000.0,3000.0,3000.0,3000.0,3000.0,3000.0,3000.0,3000.0,3000.0,3000.0,3000.0,3000.0,3000.0,3000.0,3000.0,3000.0,3000.0,3000.0,3000.0,3000.0,3000.0,3000.0,3000.0,3000.0,3000.0,3000.0,3000.0,3000.0,3000.0,3000.0,3000.0,3000.0,3000.0,3000.0,3000.0,3000.0,3000.0,3000.0,3000.0,3000.0,3000.0,3000.0,3000.0,3000.0,3000.0,3000.0,3000.0,3000.0,3000.0,3000.0,3000.0,3000.0,3000.0,3000.0,3000.0,3000.0,3000.0,3000.0,3000.0,3000.0,3000.0,3000.0,3000.0,3000.0,3000.0,3000.0,3000.0,3000.0,3000.0,3000.0,3000.0,3000.0,3000.0,3000.0,3000.0,3000.0,3000.0,3000.0,3000.0,3000.0,3000.0,3000.0,3000.0,3000.0,3000.0,3000.0,3000.0,3000.0,3000.0,3000.0,3000.0,3000.0,3000.0,3000.0,3000.0,3000.0,3000.0,3000.0,3000.0,3000.0,1473.9730042026206,3000.0,3000.0,3000.0,3000.0,3000.0,3000.0,3000.0,1473.9730042026206,3000.0,3000.0,3000.0,3000.0,3000.0,3000.0,3000.0,1473.9730042026206,3000.0,3000.0,3000.0,3000.0,3000.0,3000.0,3000.0,1473.9730042026206,3000.0,3000.0,3000.0,3000.0,3000.0,3000.0,3000.0,1473.9730042026206,3000.0,3000.0,3000.0,3000.0,3000.0,3000.0,3000.0,1473.9730042026206,3000.0,3000.0,3000.0,3000.0,3000.0,3000.0,3000.0,1473.9730042026206,3000.0,3000.0,3000.0,3000.0,3000.0,3000.0,3000.0,1473.9730042026206,3000.0,3000.0,3000.0,3000.0,3000.0,3000.0,3000.0
14600,1368.295348132559,1296.7304560858981,1259.0057609440844,1250.5597101538162,1270.4161095310924,1320.8959408758717,1408.3145713744473,1545.0849718747345,1368.295348132559,1296.7304560858981,1259.0057609440844,1250.5597101538162,1270.4161095310924,1320.8959408758717,1408.3145713744473,1545.0849718747345,1368.295348132559,1296.7304560858981,1259.0057609440844,1250.5597101538162,1270.4161095310924,1320.8959408758717,1408.3145713744473,1545.0849718747345,1368.295348132559,1296.7304560858981,1259.0057609440844,1250.5597101538162,1270.4161095310924,1320.8959408758717,1408.3145713744473,1545.0849718747345,1368.295348132559,1296.7304560858981,1259.0057609440844,1250.5597101538162,1270.4161095310924,1320.8959408758717,1408.3145713744473,1545.0849718747345,1368.295348132559,1296.7304560858981,1259.0057609440844,1250.5597101538162,1270.4161095310924,1320.8959408758717,1408.3145713744473,1545.0849718747345,1368.295348132559,1296.7304560858981,1259.0057609440844,1250.5597101538162,1270.4161095310924,1320.8959408758717,1408.3145713744473,1545.0849718747345,1368.295348132559,1296.7304560858981,1259.0057609440844,1250.5597101538162,1270.4161095310924,1320.8959408758717,1408.3145713744473,1545.0849718747345,3000.0,3000.0,3000.0,3000.0,3000.0,3000.0,1483.290509347781,1368.295348132559,3000.0,3000.0,3000.0,3000.0,3000.0,3000.0,1483.290509347781,1368.295348132559,3000.0,3000.0,3000.0,3000.0,3000.0,3000.0,1483.290509347781,1368.295348132559,3000.0,3000.0,3000.0,3000.0,3000.0,3000.0,1483.290509347781,1368.295348132559,3000.0,3000.0,3000.0,3000.0,3000.0,3000.0,1483.290509347781,1368.295348132559,3000.0,3000.0,3000.0,3000.0,3000.0,3000.0,1483.290509347781,1368.295348132559,3000.0,3000.0,3000.0,3000.0,3000.0,3000.0,1483.290509347781,1368.295348132559,3000.0,3000.0,3000.0,3000.0,3000.0,3000.0,1483.290509347781,1368.295348132559,3000.0,3000.0,3000.0,3000.0,3000.0,3000.0,3000.0,3000.0,3000.0,3000.0,3000.0,3000.0,3000.0,3000.0,3000.0,3000.0,3000.0,3000.0,3000.0,3000.0,3000.0,3000.0,3000.0,3000.0,3000.0,3000.0,3000.0,3000.0,3000.0,3000.0,3000.0,3000.0,3000.0,3000.0,3000.0,3000.0,3000.0,3000.0,3000.0,3000.0,3000.0,3000.0,3000.0,3000.0,3000.0,3000.0,3000.0,3000.0,3000.0,3000.0,3000.0,3000.0,3000.0,3000.0,3000.0,3000.0,3000.0,3000.0,3000.0,3000.0,3000.0,3000.0,3000.0,3000.0,3000.0,3000.0,3000.0,3000.0,3000.0,3000.0,3000.0,3000.0,3000.0,3000.0,3000.0,3000.0,3000.0,3000.0,3000.0,3000.0,3000.0,3000.0,3000.0,3000.0,3000.0,3000.0,3000.0,3000.0,3000.0,3000.0,3000.0,3000.0,3000.0,3000.0,3000.0,3000.0,3000.0,3000.0,3000.0,3000.0,3000.0,3000.0,3000.0,3000.0,3000.0,3000.0,3000.0,3000.0,3000.0,3000.0,3000.0,3000.0,3000.0,3000.0,3000.0,3000.0,3000.0,3000.0,3000.0,3000.0,3000.0,3000.0,3000.0,3000.0,3000.0,3000.0,3000.0,3000.0,3000.0,3000.0,3000.0,3000.0,3000.0,3000.0,3000.0,3000.0,3000.0,3000.0,3000.0,3000.0,3000.0,3000.0,3000.0,3000.0,3000.0,3000.0,3000.0,3000.0,3000.0,3000.0,3000.0,3000.0,3000.0,3000.0,3000.0,3000.0,3000.0,3000.0,3000.0,3000.0,3000.0,3000.0,3000.0,3000.0,3000.0,3000.0,3000.0,3000.0,3000.0,3000.0,3000.0,3000.0,3000.0,3000.0,3000.0,3000.0,3000.0,3000.0,3000.0,3000.0,3000.0,3000.0,3000.0,3000.0,3000.0,3000.0,3000.0,3000.0,3000.0,3000.0,3000.0,3000.0,1545.0849718747365,3000.0,3000.0,3000.0,3000.0,3000.0,3000.0,3000.0,1545.0849718747365,3000.0,3000.0,3000.0,3000.0,3000.0,3000.0,3000.0,1545.0849718747365,3000.0,3000.0,3000.0,3000.0,3000.0,3000.0,3000.0,1545.0849718747365,3000.0,3000.0,3000.0,3000.0,3000.0,3000.0,3000.0,1545.0849718747365,3000.0,3000.0,3000.0,3000.0,3000.0,3000.0,3000.0,1545.0849718747365,3000.0,3000.0,3000.0,3000.0,3000.0,3000.0,3000.0,1545.0849718747365,3000.0,3000.0,3000.0,3000.0,3000.0,3000.0,3000.0,1545.0849718747365,3000.0,3000.0,3000.0,3000.0,3000.0,3000.0,3000.0
14667,1330.2222155948903,1275.2857435773592,1251.5557824364819,1256.2425514336148,1289.8868003232872,1356.5190114487666,1464.916626800263,3000.0,1330.2222155948903,1275.2857435773592,1251.5557824364819,1256.2425514336148,1289.8868003232872,1356.5190114487666,1464.916626800263,3000.0,1330.2222155948903,1275.2857435773592,1251.5557824364819,1256.2425514336148,1289.8868003232872,1356.5190114487666,1464.916626800263,3000.0,1330.2222155948903,1275.2857435773592,1251.5557824364819,1256.2425514336148,1289.8868003232872,1356.5190114487666,1464.916626800263,3000.0,1330.2222155948903,1275.2857435773592,1251.5557824364819,1256.2425514336148,1289.8868003232872,1356.5190114487666,1464.916626800263,3000.0,1330.2222155948903,1275.2857435773592,1251.5557824364819,1256.2425514336148,1289.8868003232872,1356.5190114487666,1464.916626800263,3000.0,1330.2222155948903,1275.2857435773592,1251.5557824364819,1256.2425514336148,1289.8868003232872,1356.5190114487666,1464.916626800263,3000.0,1330.2222155948903,1275.2857435773592,1251.5557824364819,1256.2425514336148,1289.8868003232872,1356.5190114487666,1464.916626800263,3000.0,3000.0,3000.0,3000.0,3000.0,3000.0,1568.1207185425071,1423.3310111058288,1330.2222155948903,3000.0,3000.0,3000.0,3000.0,3000.0,1568.1207185425071,1423.3310111058288,1330.2222155948903,3000.0,3000.0,3000.0,3000.0,3000.0,1568.1207185425071,1423.3310111058288,1330.2222155948903,3000.0,3000.0,3000.0,3000.0,3000.0,1568.1207185425071,1423.3310111058288,1330.2222155948903,3000.0,3000.0,3000.0,3000.0,3000.0,1568.1207185425071,1423.3310111058288,1330.2222155948903,3000.0,3000.0,3000.0,3000.0,3000.0,1568.1207185425071,1423.3310111058288,1330.2222155948903,3000.0,3000.0,3000.0,3000.0,3000.0,1568.1207185425071,1423.3310111058288,1330.2222155948903,3000.0,3000.0,3000.0,3000.0,3000.0,1568.1207185425071,1423.3310111058288,1330.2222155948903,3000.0,3000.0,3000.0,3000.0,3000.0,3000.0,3000.0,3000.0,3000.0,3000.0,3000.0,3000.0,3000.0,3000.0,3000.0,3000.0,3000.0,3000.0,3000.0,3000.0,3000.0,3000.0,3000.0,3000.0,3000.0,3000.0,3000.0,3000.0,3000.0,3000.0,3000.0,3000.0,3000.0,3000.0,3000.0,3000.0,3000.0,3000.0,3000.0,3000.0,3000.0,3000.0,3000.0,3000.0,3000.0,3000.0,3000.0,3000.0,3000.0,3000.0,3000.0,3000.0,3000.0,3000.0,3000.0,3000.0,3000.0,3000.0,3000.0,3000.0,3000.0,3000.0,3000.0,3000.0,3000.0,3000.0,3000.0,3000.0,3000.0,3000.0,3000.0,3000.0,3000.0,3000.0,3000.0,3000.0,3000.0,3000.0,3000.0,3000.0,3000.0,3000.0,3000.0,3000.0,3000.0,3000.0,3000.0,3000.0,3000.0,3000.0,3000.0,3000.0,3000.0,3000.0,3000.0,3000.0,3000.0,3000.0,3000.0,3000.0,3000.0,3000.0,3000.0,3000.0,3000.0,3000.0,3000.0,3000.0,3000.0,3000.0,3000.0,3000.0,3000.0,3000.0,3000.0,3000.0,3000.0,3000.0,3000.0,3000.0,3000.0,3000.0,3000.0,3000.0,3000.0,3000.0,3000.0,3000.0,3000.0,3000.0,3000.0,3000.0,3000.0,3000.0,3000.0,3000.0,3000.0,3000.0,3000.0,3000.0,3000.0,3000.0,3000.0,3000.0,3000.0,3000.0,3000.0,3000.0,3000.0,3000.0,3000.0,3000.0,3000.0,3000.0,3000.0,3000.0,3000.0,3000.0,3000.0,3000.0,3000.0,3000.0,3000.0,3000.0,3000.0,3000.0,3000.0,3000.0,3000.0,3000.0,3000.0,3000.0,3000.0,3000.0,3000.0,3000.0,3000.0,3000.0,3000.0,3000.0,3000.0,3000.0,3000.0,3000.0,3000.0,3000.0,3000.0,3000.0,3000.0,3000.0,3000.0,3000.0,3000.0,3000.0,3000.0,3000.0,3000.0,3000.0,3000.0,3000.0,3000.0,3000.0,3000.0,3000.0,3000.0,3000.0,3000.0,3000.0,3000.0,3000.0,3000.0,3000.0,3000.0,3000.0,3000.0,3000.0,3000.0,3000.0,3000.0,3000.0,3000.0,3000.0,3000.0,3000.0,3000.0,3000.0,3000.0,3000.0,3000.0,3000.0,3000.0,3000.0,3000.0,3000.0,3000.0,3000.0,3000.0,3000.0,3000.0,3000.0,3000.0,3000.0,3000.0,3000.0,3000.0,3000.0,3000.0,3000.0,3000.0,3000.0,3000.0,3000.0,3000.0,3000.0,3000.0,3000.0
14733,1300.374294827003,1260.580285857158,1250.248708511741,1268.1839461491395,1316.4771781750085,1401.1321364564126,1534.0457018004277,3000.0,1300.374294827003,1260.580285857158,1250.248708511741,1268.1839461491395,1316.4771781750085,1401.1321364564126,1534.0457018004277,3000.0,1300.374294827003,1260.580285857158,1250.248708511741,1268.1839461491395,1316.4771781750085,1401.1321364564126,1534.0457018004277,3000.0,1300.374294827003,1260.580285857158,1250.248708511741,1268.1839461491395,1316.4771781750085,1401.1321364564126,1534.0457018004277,3000.0,1300.374294827003,1260.580285857158,1250.248708511741,1268.1839461491395,1316.4771781750085,1401.1321364564126,1534.0457018004277,3000.0,1300.374294827003,1260.580285857158,1250.248708511741,1268.1839461491395,1316.4771781750085,1401.1321364564126,1534.0457018004277,3000.0,1300.374294827003,1260.580285857158,1250.248708511741,1268.1839461491395,1316.4771781750085,1401.1321364564126,1534.0457018004277,3000.0,1300.374294827003,1260.580285857158,1250.248708511741,1268.1839461491395,1316.4771781750085,1401.1321364564126,1534.0457018004277,3000.0,3000.0,3000.0,3000.0,3000.0,3000.0,1492.875997540997,1374.466790802647,1300.374294827003,3000.0,3000.0,3000.0,3000.0,3000.0,1492.875997540997,1374.466790802647,1300.374294827003,3000.0,3000.0,3000.0,3000.0,3000.0,1492.875997540997,1374.466790802647,1300.374294827003,3000.0,3000.0,3000.0,3000.0,3000.0,1492.875997540997,1374.466790802647,1300.374294827003,3000.0,3000.0,3000.0,3000.0,3000.0,1492.875997540997,1374.466790802647,1300.374294827003,3000.0,3000.0,3000.0,3000.0,3000.0,1492.875997540997,1374.466790802647,1300.374294827003,3000.0,3000.0,3000.0,3000.0,3000.0,1492.875997540997,1374.466790802647,1300.374294827003,3000.0,3000.0,3000.0,3000.0,3000.0,1492.875997540997,1374.466790802647,1300.374294827003,3000.0,3000.0,3000.0,3000.0,3000.0,3000.0,3000.0,3000.0,3000.0,3000.0,3000.0,3000.0,3000.0,3000.0,3000.0,3000.0,3000.0,3000.0,3000.0,3000.0,3000.0,3000.0,3000.0,3000.0,3000.0,3000.0,3000.0,3000.0,3000.0,3000.0,3000.0,3000.0,3000.0,3000.0,3000.0,3000.0,3000.0,3000.0,3000.0,3000.0,3000.0,3000.0,3000.0,3000.0,3000.0,3000.0,3000.0,3000.0,3000.0,3000.0,3000.0,3000.0,3000.0,3000.0,3000.0,3000.0,3000.0,3000.0,3000.0,3000.0,3000.0,3000.0,3000.0,3000.0,3000.0,3000.0,3000.0,3000.0,3000.0,3000.0,3000.0,3000.0,3000.0,3000.0,3000.0,3000.0,3000.0,3000.0,3000.0,3000.0,3000.0,3000.0,3000.0,3000.0,3000.0,3000.0,3000.0,3000.0,3000.0,3000.0,3000.0,3000.0,3000.0,3000.0,3000.0,3000.0,3000.0,3000.0,3000.0,3000.0,3000.0,3000.0,3000.0,3000.0,3000.0,3000.0,3000.0,3000.0,3000.0,3000.0,3000.0,3000.0,3000.0,3000.0,3000.0,3000.0,3000.0,3000.0,3000.0,3000.0,3000.0,3000.0,3000.0,3000.0,3000.0,3000.0,3000.0,3000.0,3000.0,3000.0,3000.0,3000.0,3000.0,3000.0,3000.0,3000.0,3000.0,3000.0,3000.0,3000.0,3000.0,3000.0,3000.0,3000.0,3000.0,3000.0,3000.0,3000.0,3000.0,3000.0,3000.0,3000.0,3000.0,3000.0,3000.0,3000.0,3000.0,3000.0,3000.0,3000.0,3000.0,3000.0,3000.0,3000.0,3000.0,3000.0,3000.0,3000.0,3000.0,3000.0,3000.0,3000.0,3000.0,3000.0,3000.0,3000.0,3000.0,3000.0,3000.0,3000.0,3000.0,3000.0,3000.0,3000.0,3000.0,3000.0,3000.0,3000.0,3000.0,3000.0,3000.0,3000.0,3000.0,3000.0,3000.0,3000.0,3000.0,3000.0,3000.0,3000.0,3000.0,3000.0,3000.0,3000.0,3000.0,3000.0,3000.0,3000.0,3000.0,3000.0,3000.0,3000.0,3000.0,3000.0,3000.0,3000.0,3000.0,3000.0,3000.0,3000.0,3000.0,3000.0,3000.0,3000.0,3000.0,3000.0,3000.0,3000.0,3000.0,3000.0,3000.0,3000.0,3000.0,3000.0,3000.0,3000.0,3000.0,3000.0,3000.0,3000.0,3000.0,3000.0,3000.0,3000.0,3000.0,3000.0,3000.0,3000.0,3000.0,3000.0,3000.0,3000.0,3000.0,3000.0,3000.0,3000.0
14800,1277.9257435812865,1252.2413495151084,1255.052472273923,1286.6832913660535,1350.9069387872444,1456.114807681503,3000.0,3000.0,1277.9257435812865,1252.2413495151084,1255.052472273923,1286.6832913660535,1350.9069387872444,1456.114807681503,3000.0,3000.0,1277.9257435812865,1252.2413495151084,1255.052472273923,1286.6832913660535,1350.9069387872444,1456.114807681503,3000.0,3000.0,1277.9257435812865,1252.2413495151084,1255.052472273923,1286.6832913660535,1350.9069387872444,1456.114807681503,3000.0,3000.0,1277.9257435812865,1252.2413495151084,1255.052472273923,1286.6832913660535,1350.9069387872444,1456.114807681503,3000.0,3000.0,1277.9257435812865,1252.2413495151084,1255.052472273923,1286.6832913660535,1350.9069387872444,1456.114807681503,3000.0,3000.0,1277.9257435812865,1252.2413495151084,1255.052472273923,1286.6832913660535,1350.9069387872444,1456.114807681503,3000.0,3000.0,1277.9257435812865,1252.2413495151084,1255.052472273923,1286.6832913660535,1350.9069387872444,1456.114807681503,3000.0,3000.0,3000.0,3000.0,3000.0,3000.0,1580.1362270115574,1431.175021160528,1335.1350598016754,1277.9257435812865,3000.0,3000.0,3000.0,3000.0,1580.1362270115574,1431.175021160528,1335.1350598016754,1277.9257435812865,3000.0,3000.0,3000.0,3000.0,1580.1362270115574,1431.175021160528,1335.1350598016754,1277.9257435812865,3000.0,3000.0,3000.0,3000.0,1580.1362270115574,1431.175021160528,1335.1350598016754,1277.9257435812865,3000.0,3000.0,3000.0,3000.0,1580.1362270115574,1431.175021160528,1335.1350598016754,1277.9257435812865,3000.0,3000.0,3000.0,3000.0,1580.1362270115574,1431.175021160528,1335.1350598016754,1277.9257435812865,3000.0,3000.0,3000.0,3000.0,1580.1362270115574,1431.175021160528,1335.1350598016754,1277.9257435812865,3000.0,3000.0,3000.0,3000.0,1580.1362270115574,1431.175021160528,1335.1350598016754,1277.9257435812865,3000.0,3000.0,3000.0,3000.0,3000.0,3000.0,3000.0,3000.0,3000.0,3000.0,3000.0,3000.0,3000.0,3000.0,3000.0,3000.0,3000.0,3000.0,3000.0,3000.0,3000.0,3000.0,3000.0,3000.0,3000.0,3000.0,3000.0,3000.0,3000.0,3000.0,3000.0,3000.0,3000.0,3000.0,3000.0,3000.0,3000.0,3000.0,3000.0,3000.0,3000.0,3000.0,3000.0,3000.0,3000.0,3000.0,3000.0,3000.0,3000.0,3000.0,3000.0,3000.0,3000.0,3000.0,3000.0,3000.0,3000.0,3000.0,3000.0,3000.0,3000.0,3000.0,3000.0,3000.0,3000.0,3000.0,3000.0,3000.0,3000.0,3000.0,3000.0,3000.0,3000.0,3000.0,3000.0,3000.0,3000.0,3000.0,3000.0,3000.0,3000.0,3000.0,3000.0,3000.0,3000.0,3000.0,3000.0,3000.0,3000.0,3000.0,3000.0,3000.0,3000.0,3000.0,3000.0,3000.0,3000.0,3000.0,3000.0,3000.0,3000.0,3000.0,3000.0,3000.0,3000.0,3000.0,3000.0,3000.0,3000.0,3000.0,3000.0,3000.0,3000.0,3000.0,3000.0,3000.0,3000.0,3000.0,3000.0,3000.0,3000.0,3000.0,3000.0,3000.0,3000.0,3000.0,3000.0,3000.0,3000.0,3000.0,3000.0,3000.0,3000.0,3000.0,3000.0,3000.0,3000.0,3000.0,3000.0,3000.0,3000.0,3000.0,3000.0,3000.0,3000.0,3000.0,3000.0,3000.0,3000.0,3000.0,3000.0,3000.0,3000.0,3000.0,3000.0,3000.0,3000.0,3000.0,3000.0,3000.0,3000.0,3000.0,3000.0,3000.0,3000.0,3000.0,3000.0,3000.0,3000.0,3000.0,3000.0,3000.0,3000.0,3000.0,3000.0,3000.0,3000.0,3000.0,3000.0,3000.0,3000.0,3000.0,3000.0,3000.0,3000.0,3000.0,3000.0,3000.0,3000.0,3000.0,3000.0,3000.0,3000.0,3000.0,3000.0,3000.0,3000.0,3000.0,3000.0,3000.0,3000.0,3000.0,3000.0,3000.0,3000.0,3000.0,3000.0,3000.0,3000.0,3000.0,3000.0,3000.0,3000.0,3000.0,3000.0,3000.0,3000.0,3000.0,3000.0,3000.0,3000.0,3000.0,3000.0,3000.0,3000.0,3000.0,3000.0,3000.0,3000.0,3000.0,3000.0,3000.0,3000.0,3000.0,3000.0,3000.0,3000.0,3000.0,3000.0,3000.0,3000.0,3000.0,3000.0,3000.0,3000.0,3000.0,3000.0,3000.0,3000.0,3000.0,3000.0,3000.0,3000.0,3000.0,3000.0,3000.0
14867,1262.2844656482728,1250.0621693969445,1266.0853246547977,1312.2179668881333,1394.1605590060437,1523.3135018131384,3000.0,3000.0,1262.2844656482728,1250.0621693969445,1266.0853246547977,1312.2179668881333,1394.1605590060437,1523.3135018131384,3000.0,3000.0,1262.2844656482728,1250.0621693969445,1266.0853246547977,1312.2179668881333,1394.1605590060437,1523.3135018131384,3000.0,3000.0,1262.2844656482728,1250.0621693969445,1266.0853246547977,1312.2179668881333,1394.1605590060437,1523.3135018131384,3000.0,3000.0,1262.2844656482728,1250.0621693969445,1266.0853246547977,1312.2179668881333,1394.1605590060437,1523.3135018131384,3000.0,3000.0,1262.2844656482728,1250.0621693969445,1266.0853246547977,1312.2179668881333,1394.1605590060437,1523.3135018131384,3000.0,3000.0,1262.2844656482728,1250.0621693969445,1266.0853246547977,1312.2179668881333,1394.1605590060437,1523.3135018131384,3000.0,3000.0,1262.2844656482728,1250.0621693969445,1266.0853246547977,1312.2179668881333,1394.1605590060437,1523.3135018131384,3000.0,3000.0,3000.0,3000.0,3000.0,3000.0,1502.736623955438,1380.8321242485183,1304.168755905046,1262.2844656482728,3000.0,3000.0,3000.0,3000.0,1502.736623955438,1380.8321242485183,1304.168755905046,1262.2844656482728,3000.0,3000.0,3000.0,3000.0,1502.736623955438,1380.8321242485183,1304.168755905046,1262.2844656482728,3000.0,3000.0,3000.0,3000.0,1502.736623955438,1380.8321242485183,1304.168755905046,1262.2844656482728,3000.0,3000.0,3000.0,3000.0,1502.736623955438,1380.8321242485183,1304.168755905046,1262.2844656482728,3000.0,3000.0,3000.0,3000.0,1502.736623955438,1380.8321242485183,1304.168755905046,1262.2844656482728,3000.0,3000.0,3000.0,3000.0,1502.736623955438,1380.8321242485183,1304.168755905046,1262.2844656482728,3000.0,3000.0,3000.0,3000.0,1502.736623955438,1380.8321242485183,1304.168755905046,1262.2844656482728,3000.0,3000.0,3000.0,3000.0,3000.0,3000.0,3000.0,3000.0,3000.0,3000.0,3000.0,3000.0,3000.0,3000.0,3000.0,3000.0,3000.0,3000.0,3000.0,3000.0,3000.0,3000.0,3000.0,3000.0,3000.0,3000.0,3000.0,3000.0,3000.0,3000.0,3000.0,3000.0,3000.0,3000.0,3000.0,3000.0,3000.0,3000.0,3000.0,3000.0,3000.0,3000.0,3000.0,3000.0,3000.0,3000.0,3000.0,3000.0,3000.0,3000.0,3000.0,3000.0,3000.0,3000.0,3000.0,3000.0,3000.0,3000.0,3000.0,3000.0,3000.0,3000.0,3000.0,3000.0,3000.0,3000.0,3000.0,3000.0,3000.0,3000.0,3000.0,3000.0,3000.0,3000.0,3000.0,3000.0,3000.0,3000.0,3000.0,3000.0,3000.0,3000.0,3000.0,3000.0,3000.0,3000.0,3000.0,3000.0,3000.0,3000.0,3000.0,3000.0,3000.0,3000.0,3000.0,3000.0,3000.0,3000.0,3000.0,3000.0,3000.0,3000.0,3000.0,3000.0,3000.0,3000.0,3000.0,3000.0,3000.0,3000.0,3000.0,3000.0,3000.0,3000.0,3000.0,3000.0,3000.0,3000.0,3000.0,3000.0,3000.0,3000.0,3000.0,3000.0,3000.0,3000.0,3000.0,3000.0,3000.0,3000.0,3000.0,3000.0,3000.0,3000.0,3000.0,3000.0,3000.0,3000.0,3000.0,3000.0,3000.0,3000.0,3000.0,3000.0,3000.0,3000.0,3000.0,3000.0,3000.0,3000.0,3000.0,3000.0,3000.0,3000.0,3000.0,3000.0,3000.0,3000.0,3000.0,3000.0,3000.0,3000.0,3000.0,3000.0,3000.0,3000.0,3000.0,3000.0,3000.0,3000.0,3000.0,3000.0,3000.0,3000.0,3000.0,3000.0,3000.0,3000.0,3000.0,3000.0,3000.0,3000.0,3000.0,3000.0,3000.0,3000.0,3000.0,3000.0,3000.0,3000.0,3000.0,3000.0,3000.0,3000.0,3000.0,3000.0,3000.0,3000.0,3000.0,3000.0,3000.0,3000.0,3000.0,3000.0,3000.0,3000.0,3000.0,3000.0,3000.0,3000.0,3000.0,3000.0,3000.0,3000.0,3000.0,3000.0,3000.0,3000.0,3000.0,3000.0,3000.0,3000.0,3000.0,3000.0,3000.0,3000.0,3000.0,3000.0,3000.0,3000.0,3000.0,3000.0,3000.0,3000.0,3000.0,3000.0,3000.0,3000.0,3000.0,3000.0,3000.0,3000.0,3000.0,3000.0,3000.0,3000.0,3000.0,3000.0,3000.0,3000.0,3000.0,3000.0,3000.0,3000.0,3000.0,3000.0
14933,1253.052372601465,1253.989257138668,1283.623015842213,1345.4743880566043,1447.5612500299294,3000.0,3000.0,3000.0,1253.052372601465,1253.989257138668,1283.623015842213,1345.4743880566043,1447.5612500299294,3000.0,3000.0,3000.0,1253.052372601465,1253.989257138668,1283.623015842213,1345.4743880566043,1447.5612500299294,3000.0,3000.0,3000.0,1253.052372601465,1253.989257138668,1283.623015842213,1345.4743880566043,1447.5612500299294,3000.0,3000.0,3000.0,1253.052372601465,1253.989257138668,1283.623015842213,1345.4743880566043,1447.5612500299294,3000.0,3000.0,3000.0,1253.052372601465,1253.989257138668,1283.623015842213,1345.4743880566043,1447.5612500299294,3000.0,3000.0,3000.0,1253.052372601465,1253.989257138668,1283.623015842213,1345.4743880566043,1447.5612500299294,3000.0,3000.0,3000.0,1253.052372601465,1253.989257138668,1283.623015842213,1345.4743880566043,1447.5612500299294,3000.0,3000.0,3000.0,3000.0,3000.0,3000.0,1592.4969141518145,1439.249917233413,1340.2181276727042,1280.704347420155,1253.052372601465,3000.0,3000.0,3000.0,1592.4969141518145,1439.249917233413,1340.2181276727042,1280.704347420155,1253.052372601465,3000.0,3000.0,3000.0,1592.4969141518145,1439.249917233413,1340.2181276727042,1280.704347420155,1253.052372601465,3000.0,3000.0,3000.0,1592.4969141518145,1439.249917233413,1340.2181276727042,1280.704347420155,1253.052372601465,3000.0,3000.0,3000.0,1592.4969141518145,1439.249917233413,1340.2181276727042,1280.704347420155,1253.052372601465,3000.0,3000.0,3000.0,1592.4969141518145,1439.249917233413,1340.2181276727042,1280.704347420155,1253.052372601465,3000.0,3000.0,3000.0,1592.4969141518145,1439.249917233413,1340.2181276727042,1280.704347420155,1253.052372601465,3000.0,3000.0,3000.0,1592.4969141518145,1439.249917233413,1340.2181276727042,1280.704347420155,1253.052372601465,3000.0,3000.0,3000.0,3000.0,3000.0,3000.0,3000.0,3000.0,3000.0,3000.0,3000.0,3000.0,3000.0,3000.0,3000.0,3000.0,3000.0,3000.0,3000.0,3000.0,3000.0,3000.0,3000.0,3000.0,3000.0,3000.0,3000.0,3000.0,3000.0,3000.0,3000.0,3000.0,3000.0,3000.0,3000.0,3000.0,3000.0,3000.0,3000.0,3000.0,3000.0,3000.0,3000.0,3000.0,3000.0,3000.0,3000.0,3000.0,3000.0,3000.0,3000.0,3000.0,3000.0,3000.0,3000.0,3000.0,3000.0,3000.0,3000.0,3000.0,3000.0,3000.0,3000.0,3000.0,3000.0,3000.0,3000.0,3000.0,3000.0,3000.0,3000.0,3000.0,3000.0,3000.0,3000.0,3000.0,3000.0,3000.0,3000.0,3000.0,3000.0,3000.0,3000.0,3000.0,3000.0,3000.0,3000.0,3000.0,3000.0,3000.0,3000.0,3000.0,3000.0,3000.0,3000.0,3000.0,3000.0,3000.0,3000.0,3000.0,3000.0,3000.0,3000.0,3000.0,3000.0,3000.0,3000.0,3000.0,3000.0,3000.0,3000.0,3000.0,3000.0,3000.0,3000.0,3000.0,3000.0,3000.0,3000.0,3000.0,3000.0,3000.0,3000.0,3000.0,3000.0,3000.0,3000.0,3000.0,3000.0,3000.0,3000.0,3000.0,3000.0,3000.0,3000.0,3000.0,3000.0,3000.0,3000.0,3000.0,3000.0,3000.0,3000.0,3000.0,3000.0,3000.0,3000.0,3000.0,3000.0,3000.0,3000.0,3000.0,3000.0,3000.0,3000.0,3000.0,3000.0,3000.0,3000.0,3000.0,3000.0,3000.0,3000.0,3000.0,3000.0,3000.0,3000.0,3000.0,3000.0,3000.0,3000.0,3000.0,3000.0,3000.0,3000.0,3000.0,3000.0,3000.0,3000.0,3000.0,3000.0,3000.0,3000.0,3000.0,3000.0,3000.0,3000.0,3000.0,3000.0,3000.0,3000.0,3000.0,3000.0,3000.0,3000.0,3000.0,3000.0,3000.0,3000.0,3000.0,3000.0,3000.0,3000.0,3000.0,3000.0,3000.0,3000.0,3000.0,3000.0,3000.0,3000.0,3000.0,3000.0,3000.0,3000.0,3000.0,3000.0,3000.0,3000.0,3000.0,3000.0,3000.0,3000.0,3000.0,3000.0,3000.0,3000.0,3000.0,3000.0,3000.0,3000.0,3000.0,3000.0,3000.0,3000.0,3000.0,3000.0,3000.0,3000.0,3000.0,3000.0,3000.0,3000.0,3000.0,3000.0,3000.0,3000.0,3000.0,3000.0,3000.0,3000.0,3000.0,3000.0,3000.0,3000.0,3000.0
