time_ms,s1_c01,s1_c02,s1_c03,s1_c04,s1_c05,s1_c06,s1_c07,s1_c08,s1_c09,s1_c10,s1_c11,s1_c12,s1_c13,s1_c14,s1_c15,s1_c16,s1_c17,s1_c18,s1_c19,s1_c20,s1_c21,s1_c22,s1_c23,s1_c24,s1_c25,s1_c26,s1_c27,s1_c28,s1_c29,s1_c30,s1_c31,s1_c32,s1_c33,s1_c34,s1_c35,s1_c36,s1_c37,s1_c38,s1_c39,s1_c40,s1_c41,s1_c42,s1_c43,s1_c44,s1_c45,s1_c46,s1_c47,s1_c48,s1_c49,s1_c50,s1_c51,s1_c52,s1_c53,s1_c54,s1_c55,s1_c56,s1_c57,s1_c58,s1_c59,s1_c60,s1_c61,s1_c62,s1_c63,s1_c64,s2_c01,s2_c02,s2_c03,s2_c04,s2_c05,s2_c06,s2_c07,s2_c08,s2_c09,s2_c10,s2_c11,s2_c12,s2_c13,s2_c14,s2_c15,s2_c16,s2_c17,s2_c18,s2_c19,s2_c20,s2_c21,s2_c22,s2_c23,s2_c24,s2_c25,s2_c26,s2_c27,s2_c28,s2_c29,s2_c30,s2_c31,s2_c32,s2_c33,s2_c34,s2_c35,s2_c36,s2_c37,s2_c38,s2_c39,s2_c40,s2_c41,s2_c42,s2_c43,s2_c44,s2_c45,s2_c46,s2_c47,s2_c48,s2_c49,s2_c50,s2_c51,s2_c52,s2_c53,s2_c54,s2_c55,s2_c56,s2_c57,s2_c58,s2_c59,s2_c60,s2_c61,s2_c62,s2_c63,s2_c64,s3_c01,s3_c02,s3_c03,s3_c04,s3_c05,s3_c06,s3_c07,s3_c08,s3_c09,s3_c10,s3_c11,s3_c12,s3_c13,s3_c14,s3_c15,s3_c16,s3_c17,s3_c18,s3_c19,s3_c20,s3_c21,s3_c22,s3_c23,s3_c24,s3_c25,s3_c26,s3_c27,s3_c28,s3_c29,s3_c30,s3_c31,s3_c32,s3_c33,s3_c34,s3_c35,s3_c36,s3_c37,s3_c38,s3_c39,s3_c40,s3_c41,s3_c42,s3_c43,s3_c44,s3_c45,s3_c46,s3_c47,s3_c48,s3_c49,s3_c50,s3_c51,s3_c52,s3_c53,s3_c54,s3_c55,s3_c56,s3_c57,s3_c58,s3_c59,s3_c60,s3_c61,s3_c62,s3_c63,s3_c64,s4_c01,s4_c02,s4_c03,s4_c04,s4_c05,s4_c06,s4_c07,s4_c08,s4_c09,s4_c10,s4_c11,s4_c12,s4_c13,s4_c14,s4_c15,s4_c16,s4_c17,s4_c18,s4_c19,s4_c20,s4_c21,s4_c22,s4_c23,s4_c24,s4_c25,s4_c26,s4_c27,s4_c28,s4_c29,s4_c30,s4_c31,s4_c32,s4_c33,s4_c34,s4_c35,s4_c36,s4_c37,s4_c38,s4_c39,s4_c40,s4_c41,s4_c42,s4_c43,s4_c44,s4_c45,s4_c46,s4_c47,s4_c48,s4_c49,s4_c50,s4_c51,s4_c52,s4_c53,s4_c54,s4_c55,s4_c56,s4_c57,s4_c58,s4_c59,s4_c60,s4_c61,s4_c62,s4_c63,s4_c64,s5_c01,s5_c02,s5_c03,s5_c04,s5_c05,s5_c06,s5_c07,s5_c08,s5_c09,s5_c10,s5_c11,s5_c12,s5_c13,s5_c14,s5_c15,s5_c16,s5_c17,s5_c18,s5_c19,s5_c20,s5_c21,s5_c22,s5_c23,s5_c24,s5_c25,s5_c26,s5_c27,s5_c28,s5_c29,s5_c30,s5_c31,s5_c32,s5_c33,s5_c34,s5_c35,s5_c36,s5_c37,s5_c38,s5_c39,s5_c40,s5_c41,s5_c42,s5_c43,s5_c44,s5_c45,s5_c46,s5_c47,s5_c48,s5_c49,s5_c50,s5_c51,s5_c52,s5_c53,s5_c54,s5_c55,s5_c56,s5_c57,s5_c58,s5_c59,s5_c60,s5_c61,s5_c62,s5_c63,s5_c64,s6_c01,s6_c02,s6_c03,s6_c04,s6_c05,s6_c06,s6_c07,s6_c08,s6_c09,s6_c10,s6_c11,s6_c12,s6_c13,s6_c14,s6_c15,s6_c16,s6_c17,s6_c18,s6_c19,s6_c20,s6_c21,s6_c22,s6_c23,s6_c24,s6_c25,s6_c26,s6_c27,s6_c28,s6_c29,s6_c30,s6_c31,s6_c32,s6_c33,s6_c34,s6_c35,s6_c36,s6_c37,s6_c38,s6_c39,s6_c40,s6_c41,s6_c42,s6_c43,s6_c44,s6_c45,s6_c46,s6_c47,s6_c48,s6_c49,s6_c50,s6_c51,s6_c52,s6_c53,s6_c54,s6_c55,s6_c56,s6_c57,s6_c58,s6_c59,s6_c60,s6_c61,s6_c62,s6_c63,s6_c64
0,2000.0,2022.5906666310354,2092.9854720537164,3000.0,3000.0,3000.0,3000.0,3000.0,2000.0,2022.5906666310354,2092.9854720537164,3000.0,3000.0,3000.0,3000.0,3000.0,2000.0,2022.5906666310354,2092.9854720537164,3000.0,3000.0,3000.0,3000.0,3000.0,2000.0,2022.5906666310354,2092.9854720537164,3000.0,3000.0,3000.0,3000.0,3000.0,2000.0,2022.5906666310354,2092.9854720537164,3000.0,3000.0,3000.0,3000.0,3000.0,2000.0,2022.5906666310354,2092.9854720537164,3000.0,3000.0,3000.0,3000.0,3000.0,2000.0,2022.5906666310354,2092.9854720537164,3000.0,3000.0,3000.0,3000.0,3000.0,2000.0,2022.5906666310354,2092.9854720537164,3000.0,3000.0,3000.0,3000.0,3000.0,3000.0,3000.0,3000.0,3000.0,3000.0,2092.9854720537164,2022.5906666310354,2000.0,3000.0,3000.0,3000.0,3000.0,3000.0,2092.9854720537164,2022.5906666310354,2000.0,3000.0,3000.0,3000.0,3000.0,3000.0,2092.9854720537164,2022.5906666310354,2000.0,3000.0,3000.0,3000.0,3000.0,3000.0,2092.9854720537164,2022.5906666310354,2000.0,3000.0,3000.0,3000.0,3000.0,3000.0,2092.9854720537164,2022.5906666310354,2000.0,3000.0,3000.0,3000.0,3000.0,3000.0,2092.9854720537164,2022.5906666310354,2000.0,3000.0,3000.0,3000.0,3000.0,3000.0,2092.9854720537164,2022.5906666310354,2000.0,3000.0,3000.0,3000.0,3000.0,3000.0,2092.9854720537164,2022.5906666310354,2000.0,3000.0,3000.0,3000.0,3000.0,3000.0,3000.0,3000.0,3000.0,3000.0,3000.0,3000.0,3000.0,3000.0,3000.0,3000.0,3000.0,3000.0,3000.0,3000.0,3000.0,3000.0,3000.0,3000.0,3000.0,3000.0,3000.0,3000.0,3000.0,3000.0,3000.0,3000.0,3000.0,3000.0,3000.0,3000.0,3000.0,3000.0,3000.0,3000.0,3000.0,3000.0,3000.0,3000.0,3000.0,3000.0,3000.0,3000.0,3000.0,3000.0,3000.0,3000.0,3000.0,3000.0,3000.0,3000.0,3000.0,3000.0,3000.0,3000.0,3000.0,3000.0,3000.0,3000.0,3000.0,3000.0,3000.0,3000.0,3000.0,3000.0,3000.0,3000.0,3000.0,3000.0,3000.0,3000.0,3000.0,3000.0,3000.0,3000.0,3000.0,3000.0,3000.0,3000.0,3000.0,3000.0,3000.0,3000.0,3000.0,3000.0,3000.0,3000.0,3000.0,3000.0,3000.0,3000.0,3000.0,3000.0,3000.0,3000.0,3000.0,3000.0,3000.0,3000.0,3000.0,3000.0,3000.0,3000.0,3000.0,3000.0,3000.0,3000.0,3000.0,3000.0,3000.0,3000.0,3000.0,3000.0,3000.0,3000.0,3000.0,3000.0,3000.0,3000.0,3000.0,3000.0,3000.0,3000.0,3000.0,3000.0,3000.0,3000.0,3000.0,3000.0,3000.0,3000.0,3000.0,3000.0,3000.0,3000.0,3000.0,3000.0,3000.0,3000.0,3000.0,3000.0,3000.0,3000.0,3000.0,3000.0,3000.0,3000.0,3000.0,3000.0,3000.0,3000.0,3000.0,3000.0,3000.0,3000.0,3000.0,3000.0,3000.0,3000.0,3000.0,3000.0,3000.0,3000.0,3000.0,3000.0,3000.0,3000.0,3000.0,3000.0,3000.0,3000.0,3000.0,3000.0,3000.0,3000.0,3000.0,3000.0,3000.0,3000.0,3000.0,3000.0,3000.0,3000.0,3000.0,3000.0,3000.0,3000.0,3000.0,3000.0,3000.0,3000.0,3000.0,3000.0,3000.0,3000.0,3000.0,3000.0,3000.0,3000.0,3000.0,3000.0,3000.0,3000.0,3000.0,3000.0,3000.0,3000.0,3000.0,3000.0,3000.0,3000.0,3000.0,3000.0,3000.0,3000.0,3000.0,3000.0,3000.0,3000.0,3000.0,3000.0,3000.0,3000.0,3000.0,3000.0,3000.0,3000.0,3000.0,3000.0,3000.0,3000.0,3000.0,3000.0,3000.0,3000.0,3000.0,3000.0,3000.0,3000.0,3000.0,3000.0,3000.0,3000.0,3000.0,3000.0,3000.0,3000.0,3000.0,3000.0,3000.0,3000.0,3000.0
67,1983.3333333333337,2005.7357444091099,2075.543926453269,3000.0,3000.0,3000.0,3000.0,3000.0,1983.3333333333337,2005.7357444091099,2075.543926453269,3000.0,3000.0,3000.0,3000.0,3000.0,1983.3333333333337,2005.7357444091099,2075.543926453269,3000.0,3000.0,3000.0,3000.0,3000.0,1983.3333333333337,2005.7357444091099,2075.543926453269,3000.0,3000.0,3000.0,3000.0,3000.0,1983.3333333333337,2005.7357444091099,2075.543926453269,3000.0,3000.0,3000.0,3000.0,3000.0,1983.3333333333337,2005.7357444091099,2075.543926453269,3000.0,3000.0,3000.0,3000.0,3000.0,1983.3333333333337,2005.7357444091099,2075.543926453269,3000.0,3000.0,3000.0,3000.0,3000.0,1983.3333333333337,2005.7357444091099,2075.543926453269,3000.0,3000.0,3000.0,3000.0,3000.0,3000.0,3000.0,3000.0,3000.0,3000.0,2075.543926453269,2005.7357444091099,1983.3333333333337,3000.0,3000.0,3000.0,3000.0,3000.0,2075.543926453269,2005.7357444091099,1983.3333333333337,3000.0,3000.0,3000.0,3000.0,3000.0,2075.543926453269,2005.7357444091099,1983.3333333333337,3000.0,3000.0,3000.0,3000.0,3000.0,2075.543926453269,2005.7357444091099,1983.3333333333337,3000.0,3000.0,3000.0,3000.0,3000.0,2075.543926453269,2005.7357444091099,1983.3333333333337,3000.0,3000.0,3000.0,3000.0,3000.0,2075.543926453269,2005.7357444091099,1983.3333333333337,3000.0,3000.0,3000.0,3000.0,3000.0,2075.543926453269,2005.7357444091099,1983.3333333333337,3000.0,3000.0,3000.0,3000.0,3000.0,2075.543926453269,2005.7357444091099,1983.3333333333337,3000.0,3000.0,3000.0,3000.0,3000.0,3000.0,3000.0,3000.0,3000.0,3000.0,3000.0,3000.0,3000.0,3000.0,3000.0,3000.0,3000.0,3000.0,3000.0,3000.0,3000.0,3000.0,3000.0,3000.0,3000.0,3000.0,3000.0,3000.0,3000.0,3000.0,3000.0,3000.0,3000.0,3000.0,3000.0,3000.0,3000.0,3000.0,3000.0,3000.0,3000.0,3000.0,3000.0,3000.0,3000.0,3000.0,3000.0,3000.0,3000.0,3000.0,3000.0,3000.0,3000.0,3000.0,3000.0,3000.0,3000.0,3000.0,3000.0,3000.0,3000.0,3000.0,3000.0,3000.0,3000.0,3000.0,3000.0,3000.0,3000.0,3000.0,3000.0,3000.0,3000.0,3000.0,3000.0,3000.0,3000.0,3000.0,3000.0,3000.0,3000.0,3000.0,3000.0,3000.0,3000.0,3000.0,3000.0,3000.0,3000.0,3000.0,3000.0,3000.0,3000.0,3000.0,3000.0,3000.0,3000.0,3000.0,3000.0,3000.0,3000.0,3000.0,3000.0,3000.0,3000.0,3000.0,3000.0,3000.0,3000.0,3000.0,3000.0,3000.0,3000.0,3000.0,3000.0,3000.0,3000.0,3000.0,3000.0,3000.0,3000.0,3000.0,3000.0,3000.0,3000.0,3000.0,3000.0,3000.0,3000.0,3000.0,3000.0,3000.0,3000.0,3000.0,3000.0,3000.0,3000.0,3000.0,3000.0,3000.0,3000.0,3000.0,3000.0,3000.0,3000.0,3000.0,3000.0,3000.0,3000.0,3000.0,3000.0,3000.0,3000.0,3000.0,3000.0,3000.0,3000.0,3000.0,3000.0,3000.0,3000.0,3000.0,3000.0,3000.0,3000.0,3000.0,3000.0,3000.0,3000.0,3000.0,3000.0,3000.0,3000.0,3000.0,3000.0,3000.0,3000.0,3000.0,3000.0,3000.0,3000.0,3000.0,3000.0,3000.0,3000.0,3000.0,3000.0,3000.0,3000.0,3000.0,3000.0,3000.0,3000.0,3000.0,3000.0,3000.0,3000.0,3000.0,3000.0,3000.0,3000.0,3000.0,3000.0,3000.0,3000.0,3000.0,3000.0,3000.0,3000.0,3000.0,3000.0,3000.0,3000.0,3000.0,3000.0,3000.0,3000.0,3000.0,3000.0,3000.0,3000.0,3000.0,3000.0,3000.0,3000.0,3000.0,3000.0,3000.0,3000.0,3000.0,3000.0,3000.0,3000.0,3000.0,3000.0,3000.0,3000.0,3000.0,3000.0,3000.0,3000.0,3000.0,3000.0,3000.0,3000.0,3000.0,3000.0,3000.0,3000.0,3000.0,3000.0,3000.0,3000.0,3000.0,3000.0,3000.0
133,1966.6666666666665,1988.8808221871843,2058.1023808528207,3000.0,3000.0,3000.0,3000.0,3000.0,1966.6666666666665,1988.8808221871843,2058.1023808528207,3000.0,3000.0,3000.0,3000.0,3000.0,1966.6666666666665,1988.8808221871843,2058.1023808528207,3000.0,3000.0,3000.0,3000.0,3000.0,1966.6666666666665,1988.8808221871843,2058.1023808528207,3000.0,3000.0,3000.0,3000.0,3000.0,1966.6666666666665,1988.8808221871843,2058.1023808528207,3000.0,3000.0,3000.0,3000.0,3000.0,1966.6666666666665,1988.8808221871843,2058.1023808528207,3000.0,3000.0,3000.0,3000.0,3000.0,1966.6666666666665,1988.8808221871843,2058.1023808528207,3000.0,3000.0,3000.0,3000.0,3000.0,1966.6666666666665,1988.8808221871843,2058.1023808528207,3000.0,3000.0,3000.0,3000.0,3000.0,3000.0,3000.0,3000.0,3000.0,3000.0,2058.1023808528207,1988.8808221871843,1966.6666666666665,3000.0,3000.0,3000.0,3000.0,3000.0,2058.1023808528207,1988.8808221871843,1966.6666666666665,3000.0,3000.0,3000.0,3000.0,3000.0,2058.1023808528207,1988.8808221871843,1966.6666666666665,3000.0,3000.0,3000.0,3000.0,3000.0,2058.1023808528207,1988.8808221871843,1966.6666666666665,3000.0,3000.0,3000.0,3000.0,3000.0,2058.1023808528207,1988.8808221871843,1966.6666666666665,3000.0,3000.0,3000.0,3000.0,3000.0,2058.1023808528207,1988.8808221871843,1966.6666666666665,3000.0,3000.0,3000.0,3000.0,3000.0,2058.1023808528207,1988.8808221871843,1966.6666666666665,3000.0,3000.0,3000.0,3000.0,3000.0,2058.1023808528207,1988.8808221871843,1966.6666666666665,3000.0,3000.0,3000.0,3000.0,3000.0,3000.0,3000.0,3000.0,3000.0,3000.0,3000.0,3000.0,3000.0,3000.0,3000.0,3000.0,3000.0,3000.0,3000.0,3000.0,3000.0,3000.0,3000.0,3000.0,3000.0,3000.0,3000.0,3000.0,3000.0,3000.0,3000.0,3000.0,3000.0,3000.0,3000.0,3000.0,3000.0,3000.0,3000.0,3000.0,3000.0,3000.0,3000.0,3000.0,3000.0,3000.0,3000.0,3000.0,3000.0,3000.0,3000.0,3000.0,3000.0,3000.0,3000.0,3000.0,3000.0,3000.0,3000.0,3000.0,3000.0,3000.0,3000.0,3000.0,3000.0,3000.0,3000.0,3000.0,3000.0,3000.0,3000.0,3000.0,3000.0,3000.0,3000.0,3000.0,3000.0,3000.0,3000.0,3000.0,3000.0,3000.0,3000.0,3000.0,3000.0,3000.0,3000.0,3000.0,3000.0,3000.0,3000.0,3000.0,3000.0,3000.0,3000.0,3000.0,3000.0,3000.0,3000.0,3000.0,3000.0,3000.0,3000.0,3000.0,3000.0,3000.0,3000.0,3000.0,3000.0,3000.0,3000.0,3000.0,3000.0,3000.0,3000.0,3000.0,3000.0,3000.0,3000.0,3000.0,3000.0,3000.0,3000.0,3000.0,3000.0,3000.0,3000.0,3000.0,3000.0,3000.0,3000.0,3000.0,3000.0,3000.0,3000.0,3000.0,3000.0,3000.0,3000.0,3000.0,3000.0,3000.0,3000.0,3000.0,3000.0,3000.0,3000.0,3000.0,3000.0,3000.0,3000.0,3000.0,3000.0,3000.0,3000.0,3000.0,3000.0,3000.0,3000.0,3000.0,3000.0,3000.0,3000.0,3000.0,3000.0,3000.0,3000.0,3000.0,3000.0,3000.0,3000.0,3000.0,3000.0,3000.0,3000.0,3000.0,3000.0,3000.0,3000.0,3000.0,3000.0,3000.0,3000.0,3000.0,3000.0,3000.0,3000.0,3000.0,3000.0,3000.0,3000.0,3000.0,3000.0,3000.0,3000.0,3000.0,3000.0,3000.0,3000.0,3000.0,3000.0,3000.0,3000.0,3000.0,3000.0,3000.0,3000.0,3000.0,3000.0,3000.0,3000.0,3000.0,3000.0,3000.0,3000.0,3000.0,3000.0,3000.0,3000.0,3000.0,3000.0,3000.0,3000.0,3000.0,3000.0,3000.0,3000.0,3000.0,3000.0,3000.0,3000.0,3000.0,3000.0,3000.0,3000.0,3000.0,3000.0,3000.0,3000.0,3000.0,3000.0,3000.0,3000.0,3000.0,3000.0,3000.0,3000.0,3000.0,3000.0,3000.0,3000.0,3000.0,3000.0,3000.0,3000.0,3000.0
200,1950.0,1972.0258999652594,2040.6608352523733,3000.0,3000.0,3000.0,3000.0,3000.0,1950.0,1972.0258999652594,2040.6608352523733,3000.0,3000.0,3000.0,3000.0,3000.0,1950.0,1972.0258999652594,2040.6608352523733,3000.0,3000.0,3000.0,3000.0,3000.0,1950.0,1972.0258999652594,2040.6608352523733,3000.0,3000.0,3000.0,3000.0,3000.0,1950.0,1972.0258999652594,2040.6608352523733,3000.0,3000.0,3000.0,3000.0,3000.0,1950.0,1972.0258999652594,2040.6608352523733,3000.0,3000.0,3000.0,3000.0,3000.0,1950.0,1972.0258999652594,2040.6608352523733,3000.0,3000.0,3000.0,3000.0,3000.0,1950.0,1972.0258999652594,2040.6608352523733,3000.0,3000.0,3000.0,3000.0,3000.0,3000.0,3000.0,3000.0,3000.0,3000.0,2040.6608352523733,1972.0258999652594,1950.0,3000.0,3000.0,3000.0,3000.0,3000.0,2040.6608352523733,1972.0258999652594,1950.0,3000.0,3000.0,3000.0,3000.0,3000.0,2040.6608352523733,1972.0258999652594,1950.0,3000.0,3000.0,3000.0,3000.0,3000.0,2040.6608352523733,1972.0258999652594,1950.0,3000.0,3000.0,3000.0,3000.0,3000.0,2040.6608352523733,1972.0258999652594,1950.0,3000.0,3000.0,3000.0,3000.0,3000.0,2040.6608352523733,1972.0258999652594,1950.0,3000.0,3000.0,3000.0,3000.0,3000.0,2040.6608352523733,1972.0258999652594,1950.0,3000.0,3000.0,3000.0,3000.0,3000.0,2040.6608352523733,1972.0258999652594,1950.0,3000.0,3000.0,3000.0,3000.0,3000.0,3000.0,3000.0,3000.0,3000.0,3000.0,3000.0,3000.0,3000.0,3000.0,3000.0,3000.0,3000.0,3000.0,3000.0,3000.0,3000.0,3000.0,3000.0,3000.0,3000.0,3000.0,3000.0,3000.0,3000.0,3000.0,3000.0,3000.0,3000.0,3000.0,3000.0,3000.0,3000.0,3000.0,3000.0,3000.0,3000.0,3000.0,3000.0,3000.0,3000.0,3000.0,3000.0,3000.0,3000.0,3000.0,3000.0,3000.0,3000.0,3000.0,3000.0,3000.0,3000.0,3000.0,3000.0,3000.0,3000.0,3000.0,3000.0,3000.0,3000.0,3000.0,3000.0,3000.0,3000.0,3000.0,3000.0,3000.0,3000.0,3000.0,3000.0,3000.0,3000.0,3000.0,3000.0,3000.0,3000.0,3000.0,3000.0,3000.0,3000.0,3000.0,3000.0,3000.0,3000.0,3000.0,3000.0,3000.0,3000.0,3000.0,3000.0,3000.0,3000.0,3000.0,3000.0,3000.0,3000.0,3000.0,3000.0,3000.0,3000.0,3000.0,3000.0,3000.0,3000.0,3000.0,3000.0,3000.0,3000.0,3000.0,3000.0,3000.0,3000.0,3000.0,3000.0,3000.0,3000.0,3000.0,3000.0,3000.0,3000.0,3000.0,3000.0,3000.0,3000.0,3000.0,3000.0,3000.0,3000.0,3000.0,3000.0,3000.0,3000.0,3000.0,3000.0,3000.0,3000.0,3000.0,3000.0,3000.0,3000.0,3000.0,3000.0,3000.0,3000.0,3000.0,3000.0,3000.0,3000.0,3000.0,3000.0,3000.0,3000.0,3000.0,3000.0,3000.0,3000.0,3000.0,3000.0,3000.0,3000.0,3000.0,3000.0,3000.0,3000.0,3000.0,3000.0,3000.0,3000.0,3000.0,3000.0,3000.0,3000.0,3000.0,3000.0,3000.0,3000.0,3000.0,3000.0,3000.0,3000.0,3000.0,3000.0,3000.0,3000.0,3000.0,3000.0,3000.0,3000.0,3000.0,3000.0,3000.0,3000.0,3000.0,3000.0,3000.0,3000.0,3000.0,3000.0,3000.0,3000.0,3000.0,3000.0,3000.0,3000.0,3000.0,3000.0,3000.0,3000.0,3000.0,3000.0,3000.0,3000.0,3000.0,3000.0,3000.0,3000.0,3000.0,3000.0,3000.0,3000.0,3000.0,3000.0,3000.0,3000.0,3000.0,3000.0,3000.0,3000.0,3000.0,3000.0,3000.0,3000.0,3000.0,3000.0,3000.0,3000.0,3000.0,3000.0,3000.0,3000.0,3000.0,3000.0,3000.0,3000.0,3000.0,3000.0,3000.0,3000.0,3000.0,3000.0,3000.0
267,1933.3333333333335,1955.170977743334,2023.2192896519261,3000.0,3000.0,3000.0,3000.0,3000.0,1933.3333333333335,1955.170977743334,2023.2192896519261,3000.0,3000.0,3000.0,3000.0,3000.0,1933.3333333333335,1955.170977743334,2023.2192896519261,3000.0,3000.0,3000.0,3000.0,3000.0,1933.3333333333335,1955.170977743334,2023.2192896519261,3000.0,3000.0,3000.0,3000.0,3000.0,1933.3333333333335,1955.170977743334,2023.2192896519261,3000.0,3000.0,3000.0,3000.0,3000.0,1933.3333333333335,1955.170977743334,2023.2192896519261,3000.0,3000.0,3000.0,3000.0,3000.0,1933.3333333333335,1955.170977743334,2023.2192896519261,3000.0,3000.0,3000.0,3000.0,3000.0,1933.3333333333335,1955.170977743334,2023.2192896519261,3000.0,3000.0,3000.0,3000.0,3000.0,3000.0,3000.0,3000.0,3000.0,3000.0,2023.2192896519261,1955.170977743334,1933.3333333333335,3000.0,3000.0,3000.0,3000.0,3000.0,2023.2192896519261,1955.170977743334,1933.3333333333335,3000.0,3000.0,3000.0,3000.0,3000.0,2023.2192896519261,1955.170977743334,1933.3333333333335,3000.0,3000.0,3000.0,3000.0,3000.0,2023.2192896519261,1955.170977743334,1933.3333333333335,3000.0,3000.0,3000.0,3000.0,3000.0,2023.2192896519261,1955.170977743334,1933.3333333333335,3000.0,3000.0,3000.0,3000.0,3000.0,2023.2192896519261,1955.170977743334,1933.3333333333335,3000.0,3000.0,3000.0,3000.0,3000.0,2023.2192896519261,1955.170977743334,1933.3333333333335,3000.0,3000.0,3000.0,3000.0,3000.0,2023.2192896519261,1955.170977743334,1933.3333333333335,3000.0,3000.0,3000.0,3000.0,3000.0,3000.0,3000.0,3000.0,3000.0,3000.0,3000.0,3000.0,3000.0,3000.0,3000.0,3000.0,3000.0,3000.0,3000.0,3000.0,3000.0,3000.0,3000.0,3000.0,3000.0,3000.0,3000.0,3000.0,3000.0,3000.0,3000.0,3000.0,3000.0,3000.0,3000.0,3000.0,3000.0,3000.0,3000.0,3000.0,3000.0,3000.0,3000.0,3000.0,3000.0,3000.0,3000.0,3000.0,3000.0,3000.0,3000.0,3000.0,3000.0,3000.0,3000.0,3000.0,3000.0,3000.0,3000.0,3000.0,3000.0,3000.0,3000.0,3000.0,3000.0,3000.0,3000.0,3000.0,3000.0,3000.0,3000.0,3000.0,3000.0,3000.0,3000.0,3000.0,3000.0,3000.0,3000.0,3000.0,3000.0,3000.0,3000.0,3000.0,3000.0,3000.0,3000.0,3000.0,3000.0,3000.0,3000.0,3000.0,3000.0,3000.0,3000.0,3000.0,3000.0,3000.0,3000.0,3000.0,3000.0,3000.0,3000.0,3000.0,3000.0,3000.0,3000.0,3000.0,3000.0,3000.0,3000.0,3000.0,3000.0,3000.0,3000.0,3000.0,3000.0,3000.0,3000.0,3000.0,3000.0,3000.0,3000.0,3000.0,3000.0,3000.0,3000.0,3000.0,3000.0,3000.0,3000.0,3000.0,3000.0,3000.0,3000.0,3000.0,3000.0,3000.0,3000.0,3000.0,3000.0,3000.0,3000.0,3000.0,3000.0,3000.0,3000.0,3000.0,3000.0,3000.0,3000.0,3000.0,3000.0,3000.0,3000.0,3000.0,3000.0,3000.0,3000.0,3000.0,3000.0,3000.0,3000.0,3000.0,3000.0,3000.0,3000.0,3000.0,3000.0,3000.0,3000.0,3000.0,3000.0,3000.0,3000.0,3000.0,3000.0,3000.0,3000.0,3000.0,3000.0,3000.0,3000.0,3000.0,3000.0,3000.0,3000.0,3000.0,3000.0,3000.0,3000.0,3000.0,3000.0,3000.0,3000.0,3000.0,3000.0,3000.0,3000.0,3000.0,3000.0,3000.0,3000.0,3000.0,3000.0,3000.0,3000.0,3000.0,3000.0,3000.0,3000.0,3000.0,3000.0,3000.0,3000.0,3000.0,3000.0,3000.0,3000.0,3000.0,3000.0,3000.0,3000.0,3000.0,3000.0,3000.0,3000.0,3000.0,3000.0,3000.0,3000.0,3000.0,3000.0,3000.0,3000.0,3000.0,3000.0,3000.0,3000.0,3000.0,3000.0,3000.0,3000.0,3000.0,3000.0,3000.0,3000.0,3000.0,3000.0,3000.0,3000.0,3000.0,3000.0,3000.0,3000.0,3000.0
333,1916.6666666666667,1938.3160555214088,2005.7777440514783,3000.0,3000.0,3000.0,3000.0,3000.0,1916.6666666666667,1938.3160555214088,2005.7777440514783,3000.0,3000.0,3000.0,3000.0,3000.0,1916.6666666666667,1938.3160555214088,2005.7777440514783,3000.0,3000.0,3000.0,3000.0,3000.0,1916.6666666666667,1938.3160555214088,2005.7777440514783,3000.0,3000.0,3000.0,3000.0,3000.0,1916.6666666666667,1938.3160555214088,2005.7777440514783,3000.0,3000.0,3000.0,3000.0,3000.0,1916.6666666666667,1938.3160555214088,2005.7777440514783,3000.0,3000.0,3000.0,3000.0,3000.0,1916.6666666666667,1938.3160555214088,2005.7777440514783,3000.0,3000.0,3000.0,3000.0,3000.0,1916.6666666666667,1938.3160555214088,2005.7777440514783,3000.0,3000.0,3000.0,3000.0,3000.0,3000.0,3000.0,3000.0,3000.0,3000.0,2005.7777440514783,1938.3160555214088,1916.6666666666667,3000.0,3000.0,3000.0,3000.0,3000.0,2005.7777440514783,1938.3160555214088,1916.6666666666667,3000.0,3000.0,3000.0,3000.0,3000.0,2005.7777440514783,1938.3160555214088,1916.6666666666667,3000.0,3000.0,3000.0,3000.0,3000.0,2005.7777440514783,1938.3160555214088,1916.6666666666667,3000.0,3000.0,3000.0,3000.0,3000.0,2005.7777440514783,1938.3160555214088,1916.6666666666667,3000.0,3000.0,3000.0,3000.0,3000.0,2005.7777440514783,1938.3160555214088,1916.6666666666667,3000.0,3000.0,3000.0,3000.0,3000.0,2005.7777440514783,1938.3160555214088,1916.6666666666667,3000.0,3000.0,3000.0,3000.0,3000.0,2005.7777440514783,1938.3160555214088,1916.6666666666667,3000.0,3000.0,3000.0,3000.0,3000.0,3000.0,3000.0,3000.0,3000.0,3000.0,3000.0,3000.0,3000.0,3000.0,3000.0,3000.0,3000.0,3000.0,3000.0,3000.0,3000.0,3000.0,3000.0,3000.0,3000.0,3000.0,3000.0,3000.0,3000.0,3000.0,3000.0,3000.0,3000.0,3000.0,3000.0,3000.0,3000.0,3000.0,3000.0,3000.0,3000.0,3000.0,3000.0,3000.0,3000.0,3000.0,3000.0,3000.0,3000.0,3000.0,3000.0,3000.0,3000.0,3000.0,3000.0,3000.0,3000.0,3000.0,3000.0,3000.0,3000.0,3000.0,3000.0,3000.0,3000.0,3000.0,3000.0,3000.0,3000.0,3000.0,3000.0,3000.0,3000.0,3000.0,3000.0,3000.0,3000.0,3000.0,3000.0,3000.0,3000.0,3000.0,3000.0,3000.0,3000.0,3000.0,3000.0,3000.0,3000.0,3000.0,3000.0,3000.0,3000.0,3000.0,3000.0,3000.0,3000.0,3000.0,3000.0,3000.0,3000.0,3000.0,3000.0,3000.0,3000.0,3000.0,3000.0,3000.0,3000.0,3000.0,3000.0,3000.0,3000.0,3000.0,3000.0,3000.0,3000.0,3000.0,3000.0,3000.0,3000.0,3000.0,3000.0,3000.0,3000.0,3000.0,3000.0,3000.0,3000.0,3000.0,3000.0,3000.0,3000.0,3000.0,3000.0,3000.0,3000.0,3000.0,3000.0,3000.0,3000.0,3000.0,3000.0,3000.0,3000.0,3000.0,3000.0,3000.0,3000.0,3000.0,3000.0,3000.0,3000.0,3000.0,3000.0,3000.0,3000.0,3000.0,3000.0,3000.0,3000.0,3000.0,3000.0,3000.0,3000.0,3000.0,3000.0,3000.0,3000.0,3000.0,3000.0,3000.0,3000.0,3000.0,3000.0,3000.0,3000.0,3000.0,3000.0,3000.0,3000.0,3000.0,3000.0,3000.0,3000.0,3000.0,3000.0,3000.0,3000.0,3000.0,3000.0,3000.0,3000.0,3000.0,3000.0,3000.0,3000.0,3000.0,3000.0,3000.0,3000.0,3000.0,3000.0,3000.0,3000.0,3000.0,3000.0,3000.0,3000.0,3000.0,3000.0,3000.0,3000.0,3000.0,3000.0,3000.0,3000.0,3000.0,3000.0,3000.0,3000.0,3000.0,3000.0,3000.0,3000.0,3000.0,3000.0,3000.0,3000.0,3000.0,3000.0,3000.0,3000.0,3000.0,3000.0,3000.0,3000.0,3000.0,3000.0,3000.0,3000.0,3000.0,3000.0,3000.0,3000.0,3000.0,3000.0,3000.0,3000.0,3000.0,3000.0,3000.0,3000.0,3000.0,3000.0,3000.0
400,1900.0,1921.4611332994832,1988.3361984510304,3000.0,3000.0,3000.0,3000.0,3000.0,1900.0,1921.4611332994832,1988.3361984510304,3000.0,3000.0,3000.0,3000.0,3000.0,1900.0,1921.4611332994832,1988.3361984510304,3000.0,3000.0,3000.0,3000.0,3000.0,1900.0,1921.4611332994832,1988.3361984510304,3000.0,3000.0,3000.0,3000.0,3000.0,1900.0,1921.4611332994832,1988.3361984510304,3000.0,3000.0,3000.0,3000.0,3000.0,1900.0,1921.4611332994832,1988.3361984510304,3000.0,3000.0,3000.0,3000.0,3000.0,1900.0,1921.4611332994832,1988.3361984510304,3000.0,3000.0,3000.0,3000.0,3000.0,1900.0,1921.4611332994832,1988.3361984510304,3000.0,3000.0,3000.0,3000.0,3000.0,3000.0,3000.0,3000.0,3000.0,3000.0,1988.3361984510304,1921.4611332994832,1900.0,3000.0,3000.0,3000.0,3000.0,3000.0,1988.3361984510304,1921.4611332994832,1900.0,3000.0,3000.0,3000.0,3000.0,3000.0,1988.3361984510304,1921.4611332994832,1900.0,3000.0,3000.0,3000.0,3000.0,3000.0,1988.3361984510304,1921.4611332994832,1900.0,3000.0,3000.0,3000.0,3000.0,3000.0,1988.3361984510304,1921.4611332994832,1900.0,3000.0,3000.0,3000.0,3000.0,3000.0,1988.3361984510304,1921.4611332994832,1900.0,3000.0,3000.0,3000.0,3000.0,3000.0,1988.3361984510304,1921.4611332994832,1900.0,3000.0,3000.0,3000.0,3000.0,3000.0,1988.3361984510304,1921.4611332994832,1900.0,3000.0,3000.0,3000.0,3000.0,3000.0,3000.0,3000.0,3000.0,3000.0,3000.0,3000.0,3000.0,3000.0,3000.0,3000.0,3000.0,3000.0,3000.0,3000.0,3000.0,3000.0,3000.0,3000.0,3000.0,3000.0,3000.0,3000.0,3000.0,3000.0,3000.0,3000.0,3000.0,3000.0,3000.0,3000.0,3000.0,3000.0,3000.0,3000.0,3000.0,3000.0,3000.0,3000.0,3000.0,3000.0,3000.0,3000.0,3000.0,3000.0,3000.0,3000.0,3000.0,3000.0,3000.0,3000.0,3000.0,3000.0,3000.0,3000.0,3000.0,3000.0,3000.0,3000.0,3000.0,3000.0,3000.0,3000.0,3000.0,3000.0,3000.0,3000.0,3000.0,3000.0,3000.0,3000.0,3000.0,3000.0,3000.0,3000.0,3000.0,3000.0,3000.0,3000.0,3000.0,3000.0,3000.0,3000.0,3000.0,3000.0,3000.0,3000.0,3000.0,3000.0,3000.0,3000.0,3000.0,3000.0,3000.0,3000.0,3000.0,3000.0,3000.0,3000.0,3000.0,3000.0,3000.0,3000.0,3000.0,3000.0,3000.0,3000.0,3000.0,3000.0,3000.0,3000.0,3000.0,3000.0,3000.0,3000.0,3000.0,3000.0,3000.0,3000.0,3000.0,3000.0,3000.0,3000.0,3000.0,3000.0,3000.0,3000.0,3000.0,3000.0,3000.0,3000.0,3000.0,3000.0,3000.0,3000.0,3000.0,3000.0,3000.0,3000.0,3000.0,3000.0,3000.0,3000.0,3000.0,3000.0,3000.0,3000.0,3000.0,3000.0,3000.0,3000.0,3000.0,3000.0,3000.0,3000.0,3000.0,3000.0,3000.0,3000.0,3000.0,3000.0,3000.0,3000.0,3000.0,3000.0,3000.0,3000.0,3000.0,3000.0,3000.0,3000.0,3000.0,3000.0,3000.0,3000.0,3000.0,3000.0,3000.0,3000.0,3000.0,3000.0,3000.0,3000.0,3000.0,3000.0,3000.0,3000.0,3000.0,3000.0,3000.0,3000.0,3000.0,3000.0,3000.0,3000.0,3000.0,3000.0,3000.0,3000.0,3000.0,3000.0,3000.0,3000.0,3000.0,3000.0,3000.0,3000.0,3000.0,3000.0,3000.0,3000.0,3000.0,3000.0,3000.0,3000.0,3000.0,3000.0,3000.0,3000.0,3000.0,3000.0,3000.0,3000.0,3000.0,3000.0,3000.0,3000.0,3000.0,3000.0,3000.0,3000.0,3000.0,3000.0,3000.0,3000.0,3000.0,3000.0,3000.0,3000.0,3000.0,3000.0,3000.0,3000.0,3000.0,3000.0,3000.0,3000.0,3000.0,3000.0,3000.0,3000.0,3000.0
467,1883.3333333333335,1904.606211077558,1970.8946528505828,3000.0,3000.0,3000.0,3000.0,3000.0,1883.3333333333335,1904.606211077558,1970.8946528505828,3000.0,3000.0,3000.0,3000.0,3000.0,1883.3333333333335,1904.606211077558,1970.8946528505828,3000.0,3000.0,3000.0,3000.0,3000.0,1883.3333333333335,1904.606211077558,1970.8946528505828,3000.0,3000.0,3000.0,3000.0,3000.0,1883.3333333333335,1904.606211077558,1970.8946528505828,3000.0,3000.0,3000.0,3000.0,3000.0,1883.3333333333335,1904.606211077558,1970.8946528505828,3000.0,3000.0,3000.0,3000.0,3000.0,1883.3333333333335,1904.606211077558,1970.8946528505828,3000.0,3000.0,3000.0,3000.0,3000.0,1883.3333333333335,1904.606211077558,1970.8946528505828,3000.0,3000.0,3000.0,3000.0,3000.0,3000.0,3000.0,3000.0,3000.0,3000.0,1970.8946528505828,1904.606211077558,1883.3333333333335,3000.0,3000.0,3000.0,3000.0,3000.0,1970.8946528505828,1904.606211077558,1883.3333333333335,3000.0,3000.0,3000.0,3000.0,3000.0,1970.8946528505828,1904.606211077558,1883.3333333333335,3000.0,3000.0,3000.0,3000.0,3000.0,1970.8946528505828,1904.606211077558,1883.3333333333335,3000.0,3000.0,3000.0,3000.0,3000.0,1970.8946528505828,1904.606211077558,1883.3333333333335,3000.0,3000.0,3000.0,3000.0,3000.0,1970.8946528505828,1904.606211077558,1883.3333333333335,3000.0,3000.0,3000.0,3000.0,3000.0,1970.8946528505828,1904.606211077558,1883.3333333333335,3000.0,3000.0,3000.0,3000.0,3000.0,1970.8946528505828,1904.606211077558,1883.3333333333335,3000.0,3000.0,3000.0,3000.0,3000.0,3000.0,3000.0,3000.0,3000.0,3000.0,3000.0,3000.0,3000.0,3000.0,3000.0,3000.0,3000.0,3000.0,3000.0,3000.0,3000.0,3000.0,3000.0,3000.0,3000.0,3000.0,3000.0,3000.0,3000.0,3000.0,3000.0,3000.0,3000.0,3000.0,3000.0,3000.0,3000.0,3000.0,3000.0,3000.0,3000.0,3000.0,3000.0,3000.0,3000.0,3000.0,3000.0,3000.0,3000.0,3000.0,3000.0,3000.0,3000.0,3000.0,3000.0,3000.0,3000.0,3000.0,3000.0,3000.0,3000.0,3000.0,3000.0,3000.0,3000.0,3000.0,3000.0,3000.0,3000.0,3000.0,3000.0,3000.0,3000.0,3000.0,3000.0,3000.0,3000.0,3000.0,3000.0,3000.0,3000.0,3000.0,3000.0,3000.0,3000.0,3000.0,3000.0,3000.0,3000.0,3000.0,3000.0,3000.0,3000.0,3000.0,3000.0,3000.0,3000.0,3000.0,3000.0,3000.0,3000.0,3000.0,3000.0,3000.0,3000.0,3000.0,3000.0,3000.0,3000.0,3000.0,3000.0,3000.0,3000.0,3000.0,3000.0,3000.0,3000.0,3000.0,3000.0,3000.0,3000.0,3000.0,3000.0,3000.0,3000.0,3000.0,3000.0,3000.0,3000.0,3000.0,3000.0,3000.0,3000.0,3000.0,3000.0,3000.0,3000.0,3000.0,3000.0,3000.0,3000.0,3000.0,3000.0,3000.0,3000.0,3000.0,3000.0,3000.0,3000.0,3000.0,3000.0,3000.0,3000.0,3000.0,3000.0,3000.0,3000.0,3000.0,3000.0,3000.0,3000.0,3000.0,3000.0,3000.0,3000.0,3000.0,3000.0,3000.0,3000.0,3000.0,3000.0,3000.0,3000.0,3000.0,3000.0,3000.0,3000.0,3000.0,3000.0,3000.0,3000.0,3000.0,3000.0,3000.0,3000.0,3000.0,3000.0,3000.0,3000.0,3000.0,3000.0,3000.0,3000.0,3000.0,3000.0,3000.0,3000.0,3000.0,3000.0,3000.0,3000.0,3000.0,3000.0,3000.0,3000.0,3000.0,3000.0,3000.0,3000.0,3000.0,3000.0,3000.0,3000.0,3000.0,3000.0,3000.0,3000.0,3000.0,3000.0,3000.0,3000.0,3000.0,3000.0,3000.0,3000.0,3000.0,3000.0,3000.0,3000.0,3000.0,3000.0,3000.0,3000.0,3000.0,3000.0,3000.0,3000.0,3000.0,3000.0,3000.0,3000.0,3000.0,3000.0,3000.0,3000.0,3000.0,3000.0,3000.0,3000.0,3000.0,3000.0,3000.0,3000.0,3000.0,3000.0,3000.0
533,1866.6666666666667,1887.7512888556328,1953.4531072501352,3000.0,3000.0,3000.0,3000.0,3000.0,1866.6666666666667,1887.7512888556328,1953.4531072501352,3000.0,3000.0,3000.0,3000.0,3000.0,1866.6666666666667,1887.7512888556328,1953.4531072501352,3000.0,3000.0,3000.0,3000.0,3000.0,1866.6666666666667,1887.7512888556328,1953.4531072501352,3000.0,3000.0,3000.0,3000.0,3000.0,1866.6666666666667,1887.7512888556328,1953.4531072501352,3000.0,3000.0,3000.0,3000.0,3000.0,1866.6666666666667,1887.7512888556328,1953.4531072501352,3000.0,3000.0,3000.0,3000.0,3000.0,1866.6666666666667,1887.7512888556328,1953.4531072501352,3000.0,3000.0,3000.0,3000.0,3000.0,1866.6666666666667,1887.7512888556328,1953.4531072501352,3000.0,3000.0,3000.0,3000.0,3000.0,3000.0,3000.0,3000.0,3000.0,3000.0,1953.4531072501352,1887.7512888556328,1866.6666666666667,3000.0,3000.0,3000.0,3000.0,3000.0,1953.4531072501352,1887.7512888556328,1866.6666666666667,3000.0,3000.0,3000.0,3000.0,3000.0,1953.4531072501352,1887.7512888556328,1866.6666666666667,3000.0,3000.0,3000.0,3000.0,3000.0,1953.4531072501352,1887.7512888556328,1866.6666666666667,3000.0,3000.0,3000.0,3000.0,3000.0,1953.4531072501352,1887.7512888556328,1866.6666666666667,3000.0,3000.0,3000.0,3000.0,3000.0,1953.4531072501352,1887.7512888556328,1866.6666666666667,3000.0,3000.0,3000.0,3000.0,3000.0,1953.4531072501352,1887.7512888556328,1866.6666666666667,3000.0,3000.0,3000.0,3000.0,3000.0,1953.4531072501352,1887.7512888556328,1866.6666666666667,3000.0,3000.0,3000.0,3000.0,3000.0,3000.0,3000.0,3000.0,3000.0,3000.0,3000.0,3000.0,3000.0,3000.0,3000.0,3000.0,3000.0,3000.0,3000.0,3000.0,3000.0,3000.0,3000.0,3000.0,3000.0,3000.0,3000.0,3000.0,3000.0,3000.0,3000.0,3000.0,3000.0,3000.0,3000.0,3000.0,3000.0,3000.0,3000.0,3000.0,3000.0,3000.0,3000.0,3000.0,3000.0,3000.0,3000.0,3000.0,3000.0,3000.0,3000.0,3000.0,3000.0,3000.0,3000.0,3000.0,3000.0,3000.0,3000.0,3000.0,3000.0,3000.0,3000.0,3000.0,3000.0,3000.0,3000.0,3000.0,3000.0,3000.0,3000.0,3000.0,3000.0,3000.0,3000.0,3000.0,3000.0,3000.0,3000.0,3000.0,3000.0,3000.0,3000.0,3000.0,3000.0,3000.0,3000.0,3000.0,3000.0,3000.0,3000.0,3000.0,3000.0,3000.0,3000.0,3000.0,3000.0,3000.0,3000.0,3000.0,3000.0,3000.0,3000.0,3000.0,3000.0,3000.0,3000.0,3000.0,3000.0,3000.0,3000.0,3000.0,3000.0,3000.0,3000.0,3000.0,3000.0,3000.0,3000.0,3000.0,3000.0,3000.0,3000.0,3000.0,3000.0,3000.0,3000.0,3000.0,3000.0,3000.0,3000.0,3000.0,3000.0,3000.0,3000.0,3000.0,3000.0,3000.0,3000.0,3000.0,3000.0,3000.0,3000.0,3000.0,3000.0,3000.0,3000.0,3000.0,3000.0,3000.0,3000.0,3000.0,3000.0,3000.0,3000.0,3000.0,3000.0,3000.0,3000.0,3000.0,3000.0,3000.0,3000.0,3000.0,3000.0,3000.0,3000.0,3000.0,3000.0,3000.0,3000.0,3000.0,3000.0,3000.0,3000.0,3000.0,3000.0,3000.0,3000.0,3000.0,3000.0,3000.0,3000.0,3000.0,3000.0,3000.0,3000.0,3000.0,3000.0,3000.0,3000.0,3000.0,3000.0,3000.0,3000.0,3000.0,3000.0,3000.0,3000.0,3000.0,3000.0,3000.0,3000.0,3000.0,3000.0,3000.0,3000.0,3000.0,3000.0,3000.0,3000.0,3000.0,3000.0,3000.0,3000.0,3000.0,3000.0,3000.0,3000.0,3000.0,3000.0,3000.0,3000.0,3000.0,3000.0,3000.0,3000.0,3000.0,3000.0,3000.0,3000.0,3000.0,3000.0,3000.0,3000.0,3000.0,3000.0,3000.0,3000.0,3000.0,3000.0,3000.0,3000.0,3000.0,3000.0,3000.0,3000.0,3000.0,3000.0,3000.0,3000.0,3000.0,3000.0,3000.0,3000.0,3000.0
600,1850.0,1870.8963666337077,1936.0115616496878,3000.0,3000.0,3000.0,3000.0,3000.0,1850.0,1870.8963666337077,1936.0115616496878,3000.0,3000.0,3000.0,3000.0,3000.0,1850.0,1870.8963666337077,1936.0115616496878,3000.0,3000.0,3000.0,3000.0,3000.0,1850.0,1870.8963666337077,1936.0115616496878,3000.0,3000.0,3000.0,3000.0,3000.0,1850.0,1870.8963666337077,1936.0115616496878,3000.0,3000.0,3000.0,3000.0,3000.0,1850.0,1870.8963666337077,1936.0115616496878,3000.0,3000.0,3000.0,3000.0,3000.0,1850.0,1870.8963666337077,1936.0115616496878,3000.0,3000.0,3000.0,3000.0,3000.0,1850.0,1870.8963666337077,1936.0115616496878,3000.0,3000.0,3000.0,3000.0,3000.0,3000.0,3000.0,3000.0,3000.0,3000.0,1936.0115616496878,1870.8963666337077,1850.0,3000.0,3000.0,3000.0,3000.0,3000.0,1936.0115616496878,1870.8963666337077,1850.0,3000.0,3000.0,3000.0,3000.0,3000.0,1936.0115616496878,1870.8963666337077,1850.0,3000.0,3000.0,3000.0,3000.0,3000.0,1936.0115616496878,1870.8963666337077,1850.0,3000.0,3000.0,3000.0,3000.0,3000.0,1936.0115616496878,1870.8963666337077,1850.0,3000.0,3000.0,3000.0,3000.0,3000.0,1936.0115616496878,1870.8963666337077,1850.0,3000.0,3000.0,3000.0,3000.0,3000.0,1936.0115616496878,1870.8963666337077,1850.0,3000.0,3000.0,3000.0,3000.0,3000.0,1936.0115616496878,1870.8963666337077,1850.0,3000.0,3000.0,3000.0,3000.0,3000.0,3000.0,3000.0,3000.0,3000.0,3000.0,3000.0,3000.0,3000.0,3000.0,3000.0,3000.0,3000.0,3000.0,3000.0,3000.0,3000.0,3000.0,3000.0,3000.0,3000.0,3000.0,3000.0,3000.0,3000.0,3000.0,3000.0,3000.0,3000.0,3000.0,3000.0,3000.0,3000.0,3000.0,3000.0,3000.0,3000.0,3000.0,3000.0,3000.0,3000.0,3000.0,3000.0,3000.0,3000.0,3000.0,3000.0,3000.0,3000.0,3000.0,3000.0,3000.0,3000.0,3000.0,3000.0,3000.0,3000.0,3000.0,3000.0,3000.0,3000.0,3000.0,3000.0,3000.0,3000.0,3000.0,3000.0,3000.0,3000.0,3000.0,3000.0,3000.0,3000.0,3000.0,3000.0,3000.0,3000.0,3000.0,3000.0,3000.0,3000.0,3000.0,3000.0,3000.0,3000.0,3000.0,3000.0,3000.0,3000.0,3000.0,3000.0,3000.0,3000.0,3000.0,3000.0,3000.0,3000.0,3000.0,3000.0,3000.0,3000.0,3000.0,3000.0,3000.0,3000.0,3000.0,3000.0,3000.0,3000.0,3000.0,3000.0,3000.0,3000.0,3000.0,3000.0,3000.0,3000.0,3000.0,3000.0,3000.0,3000.0,3000.0,3000.0,3000.0,3000.0,3000.0,3000.0,3000.0,3000.0,3000.0,3000.0,3000.0,3000.0,3000.0,3000.0,3000.0,3000.0,3000.0,3000.0,3000.0,3000.0,3000.0,3000.0,3000.0,3000.0,3000.0,3000.0,3000.0,3000.0,3000.0,3000.0,3000.0,3000.0,3000.0,3000.0,3000.0,3000.0,3000.0,3000.0,3000.0,3000.0,3000.0,3000.0,3000.0,3000.0,3000.0,3000.0,3000.0,3000.0,3000.0,3000.0,3000.0,3000.0,3000.0,3000.0,3000.0,3000.0,3000.0,3000.0,3000.0,3000.0,3000.0,3000.0,3000.0,3000.0,3000.0,3000.0,3000.0,3000.0,3000.0,3000.0,3000.0,3000.0,3000.0,3000.0,3000.0,3000.0,3000.0,3000.0,3000.0,3000.0,3000.0,3000.0,3000.0,3000.0,3000.0,3000.0,3000.0,3000.0,3000.0,3000.0,3000.0,3000.0,3000.0,3000.0,3000.0,3000.0,3000.0,3000.0,3000.0,3000.0,3000.0,3000.0,3000.0,3000.0,3000.0,3000.0,3000.0,3000.0,3000.0,3000.0,3000.0,3000.0,3000.0,3000.0,3000.0,3000.0,3000.0,3000.0,3000.0,3000.0,3000.0,3000.0,3000.0,3000.0,3000.0,3000.0,3000.0,3000.0,3000.0,3000.0,3000.0
667,1833.3333333333335,1854.0414444117823,1918.57001604924,3000.0,3000.0,3000.0,3000.0,3000.0,1833.3333333333335,1854.0414444117823,1918.57001604924,3000.0,3000.0,3000.0,3000.0,3000.0,1833.3333333333335,1854.0414444117823,1918.57001604924,3000.0,3000.0,3000.0,3000.0,3000.0,1833.3333333333335,1854.0414444117823,1918.57001604924,3000.0,3000.0,3000.0,3000.0,3000.0,1833.3333333333335,1854.0414444117823,1918.57001604924,3000.0,3000.0,3000.0,3000.0,3000.0,1833.3333333333335,1854.0414444117823,1918.57001604924,3000.0,3000.0,3000.0,3000.0,3000.0,1833.3333333333335,1854.0414444117823,1918.57001604924,3000.0,3000.0,3000.0,3000.0,3000.0,1833.3333333333335,1854.0414444117823,1918.57001604924,3000.0,3000.0,3000.0,3000.0,3000.0,3000.0,3000.0,3000.0,3000.0,3000.0,1918.57001604924,1854.0414444117823,1833.3333333333335,3000.0,3000.0,3000.0,3000.0,3000.0,1918.57001604924,1854.0414444117823,1833.3333333333335,3000.0,3000.0,3000.0,3000.0,3000.0,1918.57001604924,1854.0414444117823,1833.3333333333335,3000.0,3000.0,3000.0,3000.0,3000.0,1918.57001604924,1854.0414444117823,1833.3333333333335,3000.0,3000.0,3000.0,3000.0,3000.0,1918.57001604924,1854.0414444117823,1833.3333333333335,3000.0,3000.0,3000.0,3000.0,3000.0,1918.57001604924,1854.0414444117823,1833.3333333333335,3000.0,3000.0,3000.0,3000.0,3000.0,1918.57001604924,1854.0414444117823,1833.3333333333335,3000.0,3000.0,3000.0,3000.0,3000.0,1918.57001604924,1854.0414444117823,1833.3333333333335,3000.0,3000.0,3000.0,3000.0,3000.0,3000.0,3000.0,3000.0,3000.0,3000.0,3000.0,3000.0,3000.0,3000.0,3000.0,3000.0,3000.0,3000.0,3000.0,3000.0,3000.0,3000.0,3000.0,3000.0,3000.0,3000.0,3000.0,3000.0,3000.0,3000.0,3000.0,3000.0,3000.0,3000.0,3000.0,3000.0,3000.0,3000.0,3000.0,3000.0,3000.0,3000.0,3000.0,3000.0,3000.0,3000.0,3000.0,3000.0,3000.0,3000.0,3000.0,3000.0,3000.0,3000.0,3000.0,3000.0,3000.0,3000.0,3000.0,3000.0,3000.0,3000.0,3000.0,3000.0,3000.0,3000.0,3000.0,3000.0,3000.0,3000.0,3000.0,3000.0,3000.0,3000.0,3000.0,3000.0,3000.0,3000.0,3000.0,3000.0,3000.0,3000.0,3000.0,3000.0,3000.0,3000.0,3000.0,3000.0,3000.0,3000.0,3000.0,3000.0,3000.0,3000.0,3000.0,3000.0,3000.0,3000.0,3000.0,3000.0,3000.0,3000.0,3000.0,3000.0,3000.0,3000.0,3000.0,3000.0,3000.0,3000.0,3000.0,3000.0,3000.0,3000.0,3000.0,3000.0,3000.0,3000.0,3000.0,3000.0,3000.0,3000.0,3000.0,3000.0,3000.0,3000.0,3000.0,3000.0,3000.0,3000.0,3000.0,3000.0,3000.0,3000.0,3000.0,3000.0,3000.0,3000.0,3000.0,3000.0,3000.0,3000.0,3000.0,3000.0,3000.0,3000.0,3000.0,3000.0,3000.0,3000.0,3000.0,3000.0,3000.0,3000.0,3000.0,3000.0,3000.0,3000.0,3000.0,3000.0,3000.0,3000.0,3000.0,3000.0,3000.0,3000.0,3000.0,3000.0,3000.0,3000.0,3000.0,3000.0,3000.0,3000.0,3000.0,3000.0,3000.0,3000.0,3000.0,3000.0,3000.0,3000.0,3000.0,3000.0,3000.0,3000.0,3000.0,3000.0,3000.0,3000.0,3000.0,3000.0,3000.0,3000.0,3000.0,3000.0,3000.0,3000.0,3000.0,3000.0,3000.0,3000.0,3000.0,3000.0,3000.0,3000.0,3000.0,3000.0,3000.0,3000.0,3000.0,3000.0,3000.0,3000.0,3000.0,3000.0,3000.0,3000.0,3000.0,3000.0,3000.0,3000.0,3000.0,3000.0,3000.0,3000.0,3000.0,3000.0,3000.0,3000.0,3000.0,3000.0,3000.0,3000.0,3000.0,3000.0,3000.0,3000.0,3000.0,3000.0,3000.0,3000.0,3000.0,3000.0,3000.0,3000.0,3000.0,3000.0,3000.0,3000.0,3000.0,3000.0,3000.0,3000.0,3000.0,3000.0
733,1816.6666666666667,1837.186522189857,1901.1284704487923,3000.0,3000.0,3000.0,3000.0,3000.0,1816.6666666666667,1837.186522189857,1901.1284704487923,3000.0,3000.0,3000.0,3000.0,3000.0,1816.6666666666667,1837.186522189857,1901.1284704487923,3000.0,3000.0,3000.0,3000.0,3000.0,1816.6666666666667,1837.186522189857,1901.1284704487923,3000.0,3000.0,3000.0,3000.0,3000.0,1816.6666666666667,1837.186522189857,1901.1284704487923,3000.0,3000.0,3000.0,3000.0,3000.0,1816.6666666666667,1837.186522189857,1901.1284704487923,3000.0,3000.0,3000.0,3000.0,3000.0,1816.6666666666667,1837.186522189857,1901.1284704487923,3000.0,3000.0,3000.0,3000.0,3000.0,1816.6666666666667,1837.186522189857,1901.1284704487923,3000.0,3000.0,3000.0,3000.0,3000.0,3000.0,3000.0,3000.0,3000.0,3000.0,1901.1284704487923,1837.186522189857,1816.6666666666667,3000.0,3000.0,3000.0,3000.0,3000.0,1901.1284704487923,1837.186522189857,1816.6666666666667,3000.0,3000.0,3000.0,3000.0,3000.0,1901.1284704487923,1837.186522189857,1816.6666666666667,3000.0,3000.0,3000.0,3000.0,3000.0,1901.1284704487923,1837.186522189857,1816.6666666666667,3000.0,3000.0,3000.0,3000.0,3000.0,1901.1284704487923,1837.186522189857,1816.6666666666667,3000.0,3000.0,3000.0,3000.0,3000.0,1901.1284704487923,1837.186522189857,1816.6666666666667,3000.0,3000.0,3000.0,3000.0,3000.0,1901.1284704487923,1837.186522189857,1816.6666666666667,3000.0,3000.0,3000.0,3000.0,3000.0,1901.1284704487923,1837.186522189857,1816.6666666666667,3000.0,3000.0,3000.0,3000.0,3000.0,3000.0,3000.0,3000.0,3000.0,3000.0,3000.0,3000.0,3000.0,3000.0,3000.0,3000.0,3000.0,3000.0,3000.0,3000.0,3000.0,3000.0,3000.0,3000.0,3000.0,3000.0,3000.0,3000.0,3000.0,3000.0,3000.0,3000.0,3000.0,3000.0,3000.0,3000.0,3000.0,3000.0,3000.0,3000.0,3000.0,3000.0,3000.0,3000.0,3000.0,3000.0,3000.0,3000.0,3000.0,3000.0,3000.0,3000.0,3000.0,3000.0,3000.0,3000.0,3000.0,3000.0,3000.0,3000.0,3000.0,3000.0,3000.0,3000.0,3000.0,3000.0,3000.0,3000.0,3000.0,3000.0,3000.0,3000.0,3000.0,3000.0,3000.0,3000.0,3000.0,3000.0,3000.0,3000.0,3000.0,3000.0,3000.0,3000.0,3000.0,3000.0,3000.0,3000.0,3000.0,3000.0,3000.0,3000.0,3000.0,3000.0,3000.0,3000.0,3000.0,3000.0,3000.0,3000.0,3000.0,3000.0,3000.0,3000.0,3000.0,3000.0,3000.0,3000.0,3000.0,3000.0,3000.0,3000.0,3000.0,3000.0,3000.0,3000.0,3000.0,3000.0,3000.0,3000.0,3000.0,3000.0,3000.0,3000.0,3000.0,3000.0,3000.0,3000.0,3000.0,3000.0,3000.0,3000.0,3000.0,3000.0,3000.0,3000.0,3000.0,3000.0,3000.0,3000.0,3000.0,3000.0,3000.0,3000.0,3000.0,3000.0,3000.0,3000.0,3000.0,3000.0,3000.0,3000.0,3000.0,3000.0,3000.0,3000.0,3000.0,3000.0,3000.0,3000.0,3000.0,3000.0,3000.0,3000.0,3000.0,3000.0,3000.0,3000.0,3000.0,3000.0,3000.0,3000.0,3000.0,3000.0,3000.0,3000.0,3000.0,3000.0,3000.0,3000.0,3000.0,3000.0,3000.0,3000.0,3000.0,3000.0,3000.0,3000.0,3000.0,3000.0,3000.0,3000.0,3000.0,3000.0,3000.0,3000.0,3000.0,3000.0,3000.0,3000.0,3000.0,3000.0,3000.0,3000.0,3000.0,3000.0,3000.0,3000.0,3000.0,3000.0,3000.0,3000.0,3000.0,3000.0,3000.0,3000.0,3000.0,3000.0,3000.0,3000.0,3000.0,3000.0,3000.0,3000.0,3000.0,3000.0,3000.0,3000.0,3000.0,3000.0,3000.0,3000.0,3000.0,3000.0,3000.0,3000.0,3000.0,3000.0,3000.0,3000.0,3000.0,3000.0,3000.0,3000.0,3000.0,3000.0,3000.0,3000.0,3000.0,3000.0,3000.0,3000.0,3000.0,3000.0,3000.0,3000.0
800,1800.0,1820.3315999679317,1883.6869248483447,3000.0,3000.0,3000.0,3000.0,3000.0,1800.0,1820.3315999679317,1883.6869248483447,3000.0,3000.0,3000.0,3000.0,3000.0,1800.0,1820.3315999679317,1883.6869248483447,3000.0,3000.0,3000.0,3000.0,3000.0,1800.0,1820.3315999679317,1883.6869248483447,3000.0,3000.0,3000.0,3000.0,3000.0,1800.0,1820.3315999679317,1883.6869248483447,3000.0,3000.0,3000.0,3000.0,3000.0,1800.0,1820.3315999679317,1883.6869248483447,3000.0,3000.0,3000.0,3000.0,3000.0,1800.0,1820.3315999679317,1883.6869248483447,3000.0,3000.0,3000.0,3000.0,3000.0,1800.0,1820.3315999679317,1883.6869248483447,3000.0,3000.0,3000.0,3000.0,3000.0,3000.0,3000.0,3000.0,3000.0,3000.0,1883.6869248483447,1820.3315999679317,1800.0,3000.0,3000.0,3000.0,3000.0,3000.0,1883.6869248483447,1820.3315999679317,1800.0,3000.0,3000.0,3000.0,3000.0,3000.0,1883.6869248483447,1820.3315999679317,1800.0,3000.0,3000.0,3000.0,3000.0,3000.0,1883.6869248483447,1820.3315999679317,1800.0,3000.0,3000.0,3000.0,3000.0,3000.0,1883.6869248483447,1820.3315999679317,1800.0,3000.0,3000.0,3000.0,3000.0,3000.0,1883.6869248483447,1820.3315999679317,1800.0,3000.0,3000.0,3000.0,3000.0,3000.0,1883.6869248483447,1820.3315999679317,1800.0,3000.0,3000.0,3000.0,3000.0,3000.0,1883.6869248483447,1820.3315999679317,1800.0,3000.0,3000.0,3000.0,3000.0,3000.0,3000.0,3000.0,3000.0,3000.0,3000.0,3000.0,3000.0,3000.0,3000.0,3000.0,3000.0,3000.0,3000.0,3000.0,3000.0,3000.0,3000.0,3000.0,3000.0,3000.0,3000.0,3000.0,3000.0,3000.0,3000.0,3000.0,3000.0,3000.0,3000.0,3000.0,3000.0,3000.0,3000.0,3000.0,3000.0,3000.0,3000.0,3000.0,3000.0,3000.0,3000.0,3000.0,3000.0,3000.0,3000.0,3000.0,3000.0,3000.0,3000.0,3000.0,3000.0,3000.0,3000.0,3000.0,3000.0,3000.0,3000.0,3000.0,3000.0,3000.0,3000.0,3000.0,3000.0,3000.0,3000.0,3000.0,3000.0,3000.0,3000.0,3000.0,3000.0,3000.0,3000.0,3000.0,3000.0,3000.0,3000.0,3000.0,3000.0,3000.0,3000.0,3000.0,3000.0,3000.0,3000.0,3000.0,3000.0,3000.0,3000.0,3000.0,3000.0,3000.0,3000.0,3000.0,3000.0,3000.0,3000.0,3000.0,3000.0,3000.0,3000.0,3000.0,3000.0,3000.0,3000.0,3000.0,3000.0,3000.0,3000.0,3000.0,3000.0,3000.0,3000.0,3000.0,3000.0,3000.0,3000.0,3000.0,3000.0,3000.0,3000.0,3000.0,3000.0,3000.0,3000.0,3000.0,3000.0,3000.0,3000.0,3000.0,3000.0,3000.0,3000.0,3000.0,3000.0,3000.0,3000.0,3000.0,3000.0,3000.0,3000.0,3000.0,3000.0,3000.0,3000.0,3000.0,3000.0,3000.0,3000.0,3000.0,3000.0,3000.0,3000.0,3000.0,3000.0,3000.0,3000.0,3000.0,3000.0,3000.0,3000.0,3000.0,3000.0,3000.0,3000.0,3000.0,3000.0,3000.0,3000.0,3000.0,3000.0,3000.0,3000.0,3000.0,3000.0,3000.0,3000.0,3000.0,3000.0,3000.0,3000.0,3000.0,3000.0,3000.0,3000.0,3000.0,3000.0,3000.0,3000.0,3000.0,3000.0,3000.0,3000.0,3000.0,3000.0,3000.0,3000.0,3000.0,3000.0,3000.0,3000.0,3000.0,3000.0,3000.0,3000.0,3000.0,3000.0,3000.0,3000.0,3000.0,3000.0,3000.0,3000.0,3000.0,3000.0,3000.0,3000.0,3000.0,3000.0,3000.0,3000.0,3000.0,3000.0,3000.0,3000.0,3000.0,3000.0,3000.0,3000.0,3000.0,3000.0,3000.0,3000.0,3000.0,3000.0,3000.0,3000.0,3000.0,3000.0,3000.0,3000.0,3000.0,3000.0,3000.0,3000.0,3000.0,3000.0,3000.0,3000.0,3000.0,3000.0
867,1783.3333333333335,1803.4766777460063,1866.245379247897,3000.0,3000.0,3000.0,3000.0,3000.0,1783.3333333333335,1803.4766777460063,1866.245379247897,3000.0,3000.0,3000.0,3000.0,3000.0,1783.3333333333335,1803.4766777460063,1866.245379247897,3000.0,3000.0,3000.0,3000.0,3000.0,1783.3333333333335,1803.4766777460063,1866.245379247897,3000.0,3000.0,3000.0,3000.0,3000.0,1783.3333333333335,1803.4766777460063,1866.245379247897,3000.0,3000.0,3000.0,3000.0,3000.0,1783.3333333333335,1803.4766777460063,1866.245379247897,3000.0,3000.0,3000.0,3000.0,3000.0,1783.3333333333335,1803.4766777460063,1866.245379247897,3000.0,3000.0,3000.0,3000.0,3000.0,1783.3333333333335,1803.4766777460063,1866.245379247897,3000.0,3000.0,3000.0,3000.0,3000.0,3000.0,3000.0,3000.0,3000.0,3000.0,1866.245379247897,1803.4766777460063,1783.3333333333335,3000.0,3000.0,3000.0,3000.0,3000.0,1866.245379247897,1803.4766777460063,1783.3333333333335,3000.0,3000.0,3000.0,3000.0,3000.0,1866.245379247897,1803.4766777460063,1783.3333333333335,3000.0,3000.0,3000.0,3000.0,3000.0,1866.245379247897,1803.4766777460063,1783.3333333333335,3000.0,3000.0,3000.0,3000.0,3000.0,1866.245379247897,1803.4766777460063,1783.3333333333335,3000.0,3000.0,3000.0,3000.0,3000.0,1866.245379247897,1803.4766777460063,1783.3333333333335,3000.0,3000.0,3000.0,3000.0,3000.0,1866.245379247897,1803.4766777460063,1783.3333333333335,3000.0,3000.0,3000.0,3000.0,3000.0,1866.245379247897,1803.4766777460063,1783.3333333333335,3000.0,3000.0,3000.0,3000.0,3000.0,3000.0,3000.0,3000.0,3000.0,3000.0,3000.0,3000.0,3000.0,3000.0,3000.0,3000.0,3000.0,3000.0,3000.0,3000.0,3000.0,3000.0,3000.0,3000.0,3000.0,3000.0,3000.0,3000.0,3000.0,3000.0,3000.0,3000.0,3000.0,3000.0,3000.0,3000.0,3000.0,3000.0,3000.0,3000.0,3000.0,3000.0,3000.0,3000.0,3000.0,3000.0,3000.0,3000.0,3000.0,3000.0,3000.0,3000.0,3000.0,3000.0,3000.0,3000.0,3000.0,3000.0,3000.0,3000.0,3000.0,3000.0,3000.0,3000.0,3000.0,3000.0,3000.0,3000.0,3000.0,3000.0,3000.0,3000.0,3000.0,3000.0,3000.0,3000.0,3000.0,3000.0,3000.0,3000.0,3000.0,3000.0,3000.0,3000.0,3000.0,3000.0,3000.0,3000.0,3000.0,3000.0,3000.0,3000.0,3000.0,3000.0,3000.0,3000.0,3000.0,3000.0,3000.0,3000.0,3000.0,3000.0,3000.0,3000.0,3000.0,3000.0,3000.0,3000.0,3000.0,3000.0,3000.0,3000.0,3000.0,3000.0,3000.0,3000.0,3000.0,3000.0,3000.0,3000.0,3000.0,3000.0,3000.0,3000.0,3000.0,3000.0,3000.0,3000.0,3000.0,3000.0,3000.0,3000.0,3000.0,3000.0,3000.0,3000.0,3000.0,3000.0,3000.0,3000.0,3000.0,3000.0,3000.0,3000.0,3000.0,3000.0,3000.0,3000.0,3000.0,3000.0,3000.0,3000.0,3000.0,3000.0,3000.0,3000.0,3000.0,3000.0,3000.0,3000.0,3000.0,3000.0,3000.0,3000.0,3000.0,3000.0,3000.0,3000.0,3000.0,3000.0,3000.0,3000.0,3000.0,3000.0,3000.0,3000.0,3000.0,3000.0,3000.0,3000.0,3000.0,3000.0,3000.0,3000.0,3000.0,3000.0,3000.0,3000.0,3000.0,3000.0,3000.0,3000.0,3000.0,3000.0,3000.0,3000.0,3000.0,3000.0,3000.0,3000.0,3000.0,3000.0,3000.0,3000.0,3000.0,3000.0,3000.0,3000.0,3000.0,3000.0,3000.0,3000.0,3000.0,3000.0,3000.0,3000.0,3000.0,3000.0,3000.0,3000.0,3000.0,3000.0,3000.0,3000.0,3000.0,3000.0,3000.0,3000.0,3000.0,3000.0,3000.0,3000.0,3000.0,3000.0,3000.0,3000.0,3000.0,3000.0,3000.0,3000.0,3000.0,3000.0,3000.0,3000.0,3000.0,3000.0,3000.0,3000.0,3000.0,3000.0,3000.0,3000.0,3000.0,3000.0,3000.0,3000.0
933,1766.6666666666665,1786.621755524081,1848.8038336474492,3000.0,3000.0,3000.0,3000.0,3000.0,1766.6666666666665,1786.621755524081,1848.8038336474492,3000.0,3000.0,3000.0,3000.0,3000.0,1766.6666666666665,1786.621755524081,1848.8038336474492,3000.0,3000.0,3000.0,3000.0,3000.0,1766.6666666666665,1786.621755524081,1848.8038336474492,3000.0,3000.0,3000.0,3000.0,3000.0,1766.6666666666665,1786.621755524081,1848.8038336474492,3000.0,3000.0,3000.0,3000.0,3000.0,1766.6666666666665,1786.621755524081,1848.8038336474492,3000.0,3000.0,3000.0,3000.0,3000.0,1766.6666666666665,1786.621755524081,1848.8038336474492,3000.0,3000.0,3000.0,3000.0,3000.0,1766.6666666666665,1786.621755524081,1848.8038336474492,3000.0,3000.0,3000.0,3000.0,3000.0,3000.0,3000.0,3000.0,3000.0,3000.0,1848.8038336474492,1786.621755524081,1766.6666666666665,3000.0,3000.0,3000.0,3000.0,3000.0,1848.8038336474492,1786.621755524081,1766.6666666666665,3000.0,3000.0,3000.0,3000.0,3000.0,1848.8038336474492,1786.621755524081,1766.6666666666665,3000.0,3000.0,3000.0,3000.0,3000.0,1848.8038336474492,1786.621755524081,1766.6666666666665,3000.0,3000.0,3000.0,3000.0,3000.0,1848.8038336474492,1786.621755524081,1766.6666666666665,3000.0,3000.0,3000.0,3000.0,3000.0,1848.8038336474492,1786.621755524081,1766.6666666666665,3000.0,3000.0,3000.0,3000.0,3000.0,1848.8038336474492,1786.621755524081,1766.6666666666665,3000.0,3000.0,3000.0,3000.0,3000.0,1848.8038336474492,1786.621755524081,1766.6666666666665,3000.0,3000.0,3000.0,3000.0,3000.0,3000.0,3000.0,3000.0,3000.0,3000.0,3000.0,3000.0,3000.0,3000.0,3000.0,3000.0,3000.0,3000.0,3000.0,3000.0,3000.0,3000.0,3000.0,3000.0,3000.0,3000.0,3000.0,3000.0,3000.0,3000.0,3000.0,3000.0,3000.0,3000.0,3000.0,3000.0,3000.0,3000.0,3000.0,3000.0,3000.0,3000.0,3000.0,3000.0,3000.0,3000.0,3000.0,3000.0,3000.0,3000.0,3000.0,3000.0,3000.0,3000.0,3000.0,3000.0,3000.0,3000.0,3000.0,3000.0,3000.0,3000.0,3000.0,3000.0,3000.0,3000.0,3000.0,3000.0,3000.0,3000.0,3000.0,3000.0,3000.0,3000.0,3000.0,3000.0,3000.0,3000.0,3000.0,3000.0,3000.0,3000.0,3000.0,3000.0,3000.0,3000.0,3000.0,3000.0,3000.0,3000.0,3000.0,3000.0,3000.0,3000.0,3000.0,3000.0,3000.0,3000.0,3000.0,3000.0,3000.0,3000.0,3000.0,3000.0,3000.0,3000.0,3000.0,3000.0,3000.0,3000.0,3000.0,3000.0,3000.0,3000.0,3000.0,3000.0,3000.0,3000.0,3000.0,3000.0,3000.0,3000.0,3000.0,3000.0,3000.0,3000.0,3000.0,3000.0,3000.0,3000.0,3000.0,3000.0,3000.0,3000.0,3000.0,3000.0,3000.0,3000.0,3000.0,3000.0,3000.0,3000.0,3000.0,3000.0,3000.0,3000.0,3000.0,3000.0,3000.0,3000.0,3000.0,3000.0,3000.0,3000.0,3000.0,3000.0,3000.0,3000.0,3000.0,3000.0,3000.0,3000.0,3000.0,3000.0,3000.0,3000.0,3000.0,3000.0,3000.0,3000.0,3000.0,3000.0,3000.0,3000.0,3000.0,3000.0,3000.0,3000.0,3000.0,3000.0,3000.0,3000.0,3000.0,3000.0,3000.0,3000.0,3000.0,3000.0,3000.0,3000.0,3000.0,3000.0,3000.0,3000.0,3000.0,3000.0,3000.0,3000.0,3000.0,3000.0,3000.0,3000.0,3000.0,3000.0,3000.0,3000.0,3000.0,3000.0,3000.0,3000.0,3000.0,3000.0,3000.0,3000.0,3000.0,3000.0,3000.0,3000.0,3000.0,3000.0,3000.0,3000.0,3000.0,3000.0,3000.0,3000.0,3000.0,3000.0,3000.0,3000.0,3000.0,3000.0,3000.0,3000.0,3000.0,3000.0,3000.0,3000.0,3000.0,3000.0,3000.0,3000.0,3000.0,3000.0,3000.0,3000.0,3000.0,3000.0,3000.0,3000.0,3000.0,3000.0,3000.0,3000.0,3000.0,3000.0
1000,1750.0,1769.7668333021559,1831.3622880470018,3000.0,3000.0,3000.0,3000.0,3000.0,1750.0,1769.7668333021559,1831.3622880470018,3000.0,3000.0,3000.0,3000.0,3000.0,1750.0,1769.7668333021559,1831.3622880470018,3000.0,3000.0,3000.0,3000.0,3000.0,1750.0,1769.7668333021559,1831.3622880470018,3000.0,3000.0,3000.0,3000.0,3000.0,1750.0,1769.7668333021559,1831.3622880470018,3000.0,3000.0,3000.0,3000.0,3000.0,1750.0,1769.7668333021559,1831.3622880470018,3000.0,3000.0,3000.0,3000.0,3000.0,1750.0,1769.7668333021559,1831.3622880470018,3000.0,3000.0,3000.0,3000.0,3000.0,1750.0,1769.7668333021559,1831.3622880470018,3000.0,3000.0,3000.0,3000.0,3000.0,3000.0,3000.0,3000.0,3000.0,3000.0,1831.3622880470018,1769.7668333021559,1750.0,3000.0,3000.0,3000.0,3000.0,3000.0,1831.3622880470018,1769.7668333021559,1750.0,3000.0,3000.0,3000.0,3000.0,3000.0,1831.3622880470018,1769.7668333021559,1750.0,3000.0,3000.0,3000.0,3000.0,3000.0,1831.3622880470018,1769.7668333021559,1750.0,3000.0,3000.0,3000.0,3000.0,3000.0,1831.3622880470018,1769.7668333021559,1750.0,3000.0,3000.0,3000.0,3000.0,3000.0,1831.3622880470018,1769.7668333021559,1750.0,3000.0,3000.0,3000.0,3000.0,3000.0,1831.3622880470018,1769.7668333021559,1750.0,3000.0,3000.0,3000.0,3000.0,3000.0,1831.3622880470018,1769.7668333021559,1750.0,3000.0,3000.0,3000.0,3000.0,3000.0,3000.0,3000.0,3000.0,3000.0,3000.0,3000.0,3000.0,3000.0,3000.0,3000.0,3000.0,3000.0,3000.0,3000.0,3000.0,3000.0,3000.0,3000.0,3000.0,3000.0,3000.0,3000.0,3000.0,3000.0,3000.0,3000.0,3000.0,3000.0,3000.0,3000.0,3000.0,3000.0,3000.0,3000.0,3000.0,3000.0,3000.0,3000.0,3000.0,3000.0,3000.0,3000.0,3000.0,3000.0,3000.0,3000.0,3000.0,3000.0,3000.0,3000.0,3000.0,3000.0,3000.0,3000.0,3000.0,3000.0,3000.0,3000.0,3000.0,3000.0,3000.0,3000.0,3000.0,3000.0,3000.0,3000.0,3000.0,3000.0,3000.0,3000.0,3000.0,3000.0,3000.0,3000.0,3000.0,3000.0,3000.0,3000.0,3000.0,3000.0,3000.0,3000.0,3000.0,3000.0,3000.0,3000.0,3000.0,3000.0,3000.0,3000.0,3000.0,3000.0,3000.0,3000.0,3000.0,3000.0,3000.0,3000.0,3000.0,3000.0,3000.0,3000.0,3000.0,3000.0,3000.0,3000.0,3000.0,3000.0,3000.0,3000.0,3000.0,3000.0,3000.0,3000.0,3000.0,3000.0,3000.0,3000.0,3000.0,3000.0,3000.0,3000.0,3000.0,3000.0,3000.0,3000.0,3000.0,3000.0,3000.0,3000.0,3000.0,3000.0,3000.0,3000.0,3000.0,3000.0,3000.0,3000.0,3000.0,3000.0,3000.0,3000.0,3000.0,3000.0,3000.0,3000.0,3000.0,3000.0,3000.0,3000.0,3000.0,3000.0,3000.0,3000.0,3000.0,3000.0,3000.0,3000.0,3000.0,3000.0,3000.0,3000.0,3000.0,3000.0,3000.0,3000.0,3000.0,3000.0,3000.0,3000.0,3000.0,3000.0,3000.0,3000.0,3000.0,3000.0,3000.0,3000.0,3000.0,3000.0,3000.0,3000.0,3000.0,3000.0,3000.0,3000.0,3000.0,3000.0,3000.0,3000.0,3000.0,3000.0,3000.0,3000.0,3000.0,3000.0,3000.0,3000.0,3000.0,3000.0,3000.0,3000.0,3000.0,3000.0,3000.0,3000.0,3000.0,3000.0,3000.0,3000.0,3000.0,3000.0,3000.0,3000.0,3000.0,3000.0,3000.0,3000.0,3000.0,3000.0,3000.0,3000.0,3000.0,3000.0,3000.0,3000.0,3000.0,3000.0,3000.0,3000.0,3000.0,3000.0,3000.0,3000.0,3000.0,3000.0,3000.0,3000.0,3000.0,3000.0,3000.0,3000.0,3000.0,3000.0,3000.0,3000.0,3000.0,3000.0,3000.0,3000.0,3000.0
1067,1733.3333333333335,1752.9119110802305,1813.920742446554,3000.0,3000.0,3000.0,3000.0,3000.0,1733.3333333333335,1752.9119110802305,1813.920742446554,3000.0,3000.0,3000.0,3000.0,3000.0,1733.3333333333335,1752.9119110802305,1813.920742446554,3000.0,3000.0,3000.0,3000.0,3000.0,1733.3333333333335,1752.9119110802305,1813.920742446554,3000.0,3000.0,3000.0,3000.0,3000.0,1733.3333333333335,1752.9119110802305,1813.920742446554,3000.0,3000.0,3000.0,3000.0,3000.0,1733.3333333333335,1752.9119110802305,1813.920742446554,3000.0,3000.0,3000.0,3000.0,3000.0,1733.3333333333335,1752.9119110802305,1813.920742446554,3000.0,3000.0,3000.0,3000.0,3000.0,1733.3333333333335,1752.9119110802305,1813.920742446554,3000.0,3000.0,3000.0,3000.0,3000.0,3000.0,3000.0,3000.0,3000.0,3000.0,1813.920742446554,1752.9119110802305,1733.3333333333335,3000.0,3000.0,3000.0,3000.0,3000.0,1813.920742446554,1752.9119110802305,1733.3333333333335,3000.0,3000.0,3000.0,3000.0,3000.0,1813.920742446554,1752.9119110802305,1733.3333333333335,3000.0,3000.0,3000.0,3000.0,3000.0,1813.920742446554,1752.9119110802305,1733.3333333333335,3000.0,3000.0,3000.0,3000.0,3000.0,1813.920742446554,1752.9119110802305,1733.3333333333335,3000.0,3000.0,3000.0,3000.0,3000.0,1813.920742446554,1752.9119110802305,1733.3333333333335,3000.0,3000.0,3000.0,3000.0,3000.0,1813.920742446554,1752.9119110802305,1733.3333333333335,3000.0,3000.0,3000.0,3000.0,3000.0,1813.920742446554,1752.9119110802305,1733.3333333333335,3000.0,3000.0,3000.0,3000.0,3000.0,3000.0,3000.0,3000.0,3000.0,3000.0,3000.0,3000.0,3000.0,3000.0,3000.0,3000.0,3000.0,3000.0,3000.0,3000.0,3000.0,3000.0,3000.0,3000.0,3000.0,3000.0,3000.0,3000.0,3000.0,3000.0,3000.0,3000.0,3000.0,3000.0,3000.0,3000.0,3000.0,3000.0,3000.0,3000.0,3000.0,3000.0,3000.0,3000.0,3000.0,3000.0,3000.0,3000.0,3000.0,3000.0,3000.0,3000.0,3000.0,3000.0,3000.0,3000.0,3000.0,3000.0,3000.0,3000.0,3000.0,3000.0,3000.0,3000.0,3000.0,3000.0,3000.0,3000.0,3000.0,3000.0,3000.0,3000.0,3000.0,3000.0,3000.0,3000.0,3000.0,3000.0,3000.0,3000.0,3000.0,3000.0,3000.0,3000.0,3000.0,3000.0,3000.0,3000.0,3000.0,3000.0,3000.0,3000.0,3000.0,3000.0,3000.0,3000.0,3000.0,3000.0,3000.0,3000.0,3000.0,3000.0,3000.0,3000.0,3000.0,3000.0,3000.0,3000.0,3000.0,3000.0,3000.0,3000.0,3000.0,3000.0,3000.0,3000.0,3000.0,3000.0,3000.0,3000.0,3000.0,3000.0,3000.0,3000.0,3000.0,3000.0,3000.0,3000.0,3000.0,3000.0,3000.0,3000.0,3000.0,3000.0,3000.0,3000.0,3000.0,3000.0,3000.0,3000.0,3000.0,3000.0,3000.0,3000.0,3000.0,3000.0,3000.0,3000.0,3000.0,3000.0,3000.0,3000.0,3000.0,3000.0,3000.0,3000.0,3000.0,3000.0,3000.0,3000.0,3000.0,3000.0,3000.0,3000.0,3000.0,3000.0,3000.0,3000.0,3000.0,3000.0,3000.0,3000.0,3000.0,3000.0,3000.0,3000.0,3000.0,3000.0,3000.0,3000.0,3000.0,3000.0,3000.0,3000.0,3000.0,3000.0,3000.0,3000.0,3000.0,3000.0,3000.0,3000.0,3000.0,3000.0,3000.0,3000.0,3000.0,3000.0,3000.0,3000.0,3000.0,3000.0,3000.0,3000.0,3000.0,3000.0,3000.0,3000.0,3000.0,3000.0,3000.0,3000.0,3000.0,3000.0,3000.0,3000.0,3000.0,3000.0,3000.0,3000.0,3000.0,3000.0,3000.0,3000.0,3000.0,3000.0,3000.0,3000.0,3000.0,3000.0,3000.0,3000.0,3000.0,3000.0,3000.0,3000.0,3000.0,3000.0,3000.0,3000.0,3000.0,3000.0,3000.0,3000.0,3000.0,3000.0,3000.0,3000.0,3000.0,3000.0,3000.0,3000.0,3000.0,3000.0,3000.0,3000.0
1133,1716.6666666666667,1736.0569888583052,1796.4791968461068,3000.0,3000.0,3000.0,3000.0,3000.0,1716.6666666666667,1736.0569888583052,1796.4791968461068,3000.0,3000.0,3000.0,3000.0,3000.0,1716.6666666666667,1736.0569888583052,1796.4791968461068,3000.0,3000.0,3000.0,3000.0,3000.0,1716.6666666666667,1736.0569888583052,1796.4791968461068,3000.0,3000.0,3000.0,3000.0,3000.0,1716.6666666666667,1736.0569888583052,1796.4791968461068,3000.0,3000.0,3000.0,3000.0,3000.0,1716.6666666666667,1736.0569888583052,1796.4791968461068,3000.0,3000.0,3000.0,3000.0,3000.0,1716.6666666666667,1736.0569888583052,1796.4791968461068,3000.0,3000.0,3000.0,3000.0,3000.0,1716.6666666666667,1736.0569888583052,1796.4791968461068,3000.0,3000.0,3000.0,3000.0,3000.0,3000.0,3000.0,3000.0,3000.0,3000.0,1796.4791968461068,1736.0569888583052,1716.6666666666667,3000.0,3000.0,3000.0,3000.0,3000.0,1796.4791968461068,1736.0569888583052,1716.6666666666667,3000.0,3000.0,3000.0,3000.0,3000.0,1796.4791968461068,1736.0569888583052,1716.6666666666667,3000.0,3000.0,3000.0,3000.0,3000.0,1796.4791968461068,1736.0569888583052,1716.6666666666667,3000.0,3000.0,3000.0,3000.0,3000.0,1796.4791968461068,1736.0569888583052,1716.6666666666667,3000.0,3000.0,3000.0,3000.0,3000.0,1796.4791968461068,1736.0569888583052,1716.6666666666667,3000.0,3000.0,3000.0,3000.0,3000.0,1796.4791968461068,1736.0569888583052,1716.6666666666667,3000.0,3000.0,3000.0,3000.0,3000.0,1796.4791968461068,1736.0569888583052,1716.6666666666667,3000.0,3000.0,3000.0,3000.0,3000.0,3000.0,3000.0,3000.0,3000.0,3000.0,3000.0,3000.0,3000.0,3000.0,3000.0,3000.0,3000.0,3000.0,3000.0,3000.0,3000.0,3000.0,3000.0,3000.0,3000.0,3000.0,3000.0,3000.0,3000.0,3000.0,3000.0,3000.0,3000.0,3000.0,3000.0,3000.0,3000.0,3000.0,3000.0,3000.0,3000.0,3000.0,3000.0,3000.0,3000.0,3000.0,3000.0,3000.0,3000.0,3000.0,3000.0,3000.0,3000.0,3000.0,3000.0,3000.0,3000.0,3000.0,3000.0,3000.0,3000.0,3000.0,3000.0,3000.0,3000.0,3000.0,3000.0,3000.0,3000.0,3000.0,3000.0,3000.0,3000.0,3000.0,3000.0,3000.0,3000.0,3000.0,3000.0,3000.0,3000.0,3000.0,3000.0,3000.0,3000.0,3000.0,3000.0,3000.0,3000.0,3000.0,3000.0,3000.0,3000.0,3000.0,3000.0,3000.0,3000.0,3000.0,3000.0,3000.0,3000.0,3000.0,3000.0,3000.0,3000.0,3000.0,3000.0,3000.0,3000.0,3000.0,3000.0,3000.0,3000.0,3000.0,3000.0,3000.0,3000.0,3000.0,3000.0,3000.0,3000.0,3000.0,3000.0,3000.0,3000.0,3000.0,3000.0,3000.0,3000.0,3000.0,3000.0,3000.0,3000.0,3000.0,3000.0,3000.0,3000.0,3000.0,3000.0,3000.0,3000.0,3000.0,3000.0,3000.0,3000.0,3000.0,3000.0,3000.0,3000.0,3000.0,3000.0,3000.0,3000.0,3000.0,3000.0,3000.0,3000.0,3000.0,3000.0,3000.0,3000.0,3000.0,3000.0,3000.0,3000.0,3000.0,3000.0,3000.0,3000.0,3000.0,3000.0,3000.0,3000.0,3000.0,3000.0,3000.0,3000.0,3000.0,3000.0,3000.0,3000.0,3000.0,3000.0,3000.0,3000.0,3000.0,3000.0,3000.0,3000.0,3000.0,3000.0,3000.0,3000.0,3000.0,3000.0,3000.0,3000.0,3000.0,3000.0,3000.0,3000.0,3000.0,3000.0,3000.0,3000.0,3000.0,3000.0,3000.0,3000.0,3000.0,3000.0,3000.0,3000.0,3000.0,3000.0,3000.0,3000.0,3000.0,3000.0,3000.0,3000.0,3000.0,3000.0,3000.0,3000.0,3000.0,3000.0,3000.0,3000.0,3000.0,3000.0,3000.0,3000.0,3000.0,3000.0,3000.0,3000.0,3000.0,3000.0,3000.0,3000.0,3000.0,3000.0,3000.0,3000.0,3000.0,3000.0,3000.0,3000.0,3000.0,3000.0,3000.0,3000.0,3000.0,3000.0,3000.0
1200,1700.0,1719.2020666363799,1779.037651245659,3000.0,3000.0,3000.0,3000.0,3000.0,1700.0,1719.2020666363799,1779.037651245659,3000.0,3000.0,3000.0,3000.0,3000.0,1700.0,1719.2020666363799,1779.037651245659,3000.0,3000.0,3000.0,3000.0,3000.0,1700.0,1719.2020666363799,1779.037651245659,3000.0,3000.0,3000.0,3000.0,3000.0,1700.0,1719.2020666363799,1779.037651245659,3000.0,3000.0,3000.0,3000.0,3000.0,1700.0,1719.2020666363799,1779.037651245659,3000.0,3000.0,3000.0,3000.0,3000.0,1700.0,1719.2020666363799,1779.037651245659,3000.0,3000.0,3000.0,3000.0,3000.0,1700.0,1719.2020666363799,1779.037651245659,3000.0,3000.0,3000.0,3000.0,3000.0,3000.0,3000.0,3000.0,3000.0,3000.0,1779.037651245659,1719.2020666363799,1700.0,3000.0,3000.0,3000.0,3000.0,3000.0,1779.037651245659,1719.2020666363799,1700.0,3000.0,3000.0,3000.0,3000.0,3000.0,1779.037651245659,1719.2020666363799,1700.0,3000.0,3000.0,3000.0,3000.0,3000.0,1779.037651245659,1719.2020666363799,1700.0,3000.0,3000.0,3000.0,3000.0,3000.0,1779.037651245659,1719.2020666363799,1700.0,3000.0,3000.0,3000.0,3000.0,3000.0,1779.037651245659,1719.2020666363799,1700.0,3000.0,3000.0,3000.0,3000.0,3000.0,1779.037651245659,1719.2020666363799,1700.0,3000.0,3000.0,3000.0,3000.0,3000.0,1779.037651245659,1719.2020666363799,1700.0,3000.0,3000.0,3000.0,3000.0,3000.0,3000.0,3000.0,3000.0,3000.0,3000.0,3000.0,3000.0,3000.0,3000.0,3000.0,3000.0,3000.0,3000.0,3000.0,3000.0,3000.0,3000.0,3000.0,3000.0,3000.0,3000.0,3000.0,3000.0,3000.0,3000.0,3000.0,3000.0,3000.0,3000.0,3000.0,3000.0,3000.0,3000.0,3000.0,3000.0,3000.0,3000.0,3000.0,3000.0,3000.0,3000.0,3000.0,3000.0,3000.0,3000.0,3000.0,3000.0,3000.0,3000.0,3000.0,3000.0,3000.0,3000.0,3000.0,3000.0,3000.0,3000.0,3000.0,3000.0,3000.0,3000.0,3000.0,3000.0,3000.0,3000.0,3000.0,3000.0,3000.0,3000.0,3000.0,3000.0,3000.0,3000.0,3000.0,3000.0,3000.0,3000.0,3000.0,3000.0,3000.0,3000.0,3000.0,3000.0,3000.0,3000.0,3000.0,3000.0,3000.0,3000.0,3000.0,3000.0,3000.0,3000.0,3000.0,3000.0,3000.0,3000.0,3000.0,3000.0,3000.0,3000.0,3000.0,3000.0,3000.0,3000.0,3000.0,3000.0,3000.0,3000.0,3000.0,3000.0,3000.0,3000.0,3000.0,3000.0,3000.0,3000.0,3000.0,3000.0,3000.0,3000.0,3000.0,3000.0,3000.0,3000.0,3000.0,3000.0,3000.0,3000.0,3000.0,3000.0,3000.0,3000.0,3000.0,3000.0,3000.0,3000.0,3000.0,3000.0,3000.0,3000.0,3000.0,3000.0,3000.0,3000.0,3000.0,3000.0,3000.0,3000.0,3000.0,3000.0,3000.0,3000.0,3000.0,3000.0,3000.0,3000.0,3000.0,3000.0,3000.0,3000.0,3000.0,3000.0,3000.0,3000.0,3000.0,3000.0,3000.0,3000.0,3000.0,3000.0,3000.0,3000.0,3000.0,3000.0,3000.0,3000.0,3000.0,3000.0,3000.0,3000.0,3000.0,3000.0,3000.0,3000.0,3000.0,3000.0,3000.0,3000.0,3000.0,3000.0,3000.0,3000.0,3000.0,3000.0,3000.0,3000.0,3000.0,3000.0,3000.0,3000.0,3000.0,3000.0,3000.0,3000.0,3000.0,3000.0,3000.0,3000.0,3000.0,3000.0,3000.0,3000.0,3000.0,3000.0,3000.0,3000.0,3000.0,3000.0,3000.0,3000.0,3000.0,3000.0,3000.0,3000.0,3000.0,3000.0,3000.0,3000.0,3000.0,3000.0,3000.0,3000.0,3000.0,3000.0,3000.0,3000.0,3000.0,3000.0,3000.0,3000.0,3000.0,3000.0,3000.0,3000.0,3000.0,3000.0,3000.0,3000.0,3000.0,3000.0
1267,1683.3333333333333,1702.3471444144545,1761.596105645211,3000.0,3000.0,3000.0,3000.0,3000.0,1683.3333333333333,1702.3471444144545,1761.596105645211,3000.0,3000.0,3000.0,3000.0,3000.0,1683.3333333333333,1702.3471444144545,1761.596105645211,3000.0,3000.0,3000.0,3000.0,3000.0,1683.3333333333333,1702.3471444144545,1761.596105645211,3000.0,3000.0,3000.0,3000.0,3000.0,1683.3333333333333,1702.3471444144545,1761.596105645211,3000.0,3000.0,3000.0,3000.0,3000.0,1683.3333333333333,1702.3471444144545,1761.596105645211,3000.0,3000.0,3000.0,3000.0,3000.0,1683.3333333333333,1702.3471444144545,1761.596105645211,3000.0,3000.0,3000.0,3000.0,3000.0,1683.3333333333333,1702.3471444144545,1761.596105645211,3000.0,3000.0,3000.0,3000.0,3000.0,3000.0,3000.0,3000.0,3000.0,3000.0,1761.596105645211,1702.3471444144545,1683.3333333333333,3000.0,3000.0,3000.0,3000.0,3000.0,1761.596105645211,1702.3471444144545,1683.3333333333333,3000.0,3000.0,3000.0,3000.0,3000.0,1761.596105645211,1702.3471444144545,1683.3333333333333,3000.0,3000.0,3000.0,3000.0,3000.0,1761.596105645211,1702.3471444144545,1683.3333333333333,3000.0,3000.0,3000.0,3000.0,3000.0,1761.596105645211,1702.3471444144545,1683.3333333333333,3000.0,3000.0,3000.0,3000.0,3000.0,1761.596105645211,1702.3471444144545,1683.3333333333333,3000.0,3000.0,3000.0,3000.0,3000.0,1761.596105645211,1702.3471444144545,1683.3333333333333,3000.0,3000.0,3000.0,3000.0,3000.0,1761.596105645211,1702.3471444144545,1683.3333333333333,3000.0,3000.0,3000.0,3000.0,3000.0,3000.0,3000.0,3000.0,3000.0,3000.0,3000.0,3000.0,3000.0,3000.0,3000.0,3000.0,3000.0,3000.0,3000.0,3000.0,3000.0,3000.0,3000.0,3000.0,3000.0,3000.0,3000.0,3000.0,3000.0,3000.0,3000.0,3000.0,3000.0,3000.0,3000.0,3000.0,3000.0,3000.0,3000.0,3000.0,3000.0,3000.0,3000.0,3000.0,3000.0,3000.0,3000.0,3000.0,3000.0,3000.0,3000.0,3000.0,3000.0,3000.0,3000.0,3000.0,3000.0,3000.0,3000.0,3000.0,3000.0,3000.0,3000.0,3000.0,3000.0,3000.0,3000.0,3000.0,3000.0,3000.0,3000.0,3000.0,3000.0,3000.0,3000.0,3000.0,3000.0,3000.0,3000.0,3000.0,3000.0,3000.0,3000.0,3000.0,3000.0,3000.0,3000.0,3000.0,3000.0,3000.0,3000.0,3000.0,3000.0,3000.0,3000.0,3000.0,3000.0,3000.0,3000.0,3000.0,3000.0,3000.0,3000.0,3000.0,3000.0,3000.0,3000.0,3000.0,3000.0,3000.0,3000.0,3000.0,3000.0,3000.0,3000.0,3000.0,3000.0,3000.0,3000.0,3000.0,3000.0,3000.0,3000.0,3000.0,3000.0,3000.0,3000.0,3000.0,3000.0,3000.0,3000.0,3000.0,3000.0,3000.0,3000.0,3000.0,3000.0,3000.0,3000.0,3000.0,3000.0,3000.0,3000.0,3000.0,3000.0,3000.0,3000.0,3000.0,3000.0,3000.0,3000.0,3000.0,3000.0,3000.0,3000.0,3000.0,3000.0,3000.0,3000.0,3000.0,3000.0,3000.0,3000.0,3000.0,3000.0,3000.0,3000.0,3000.0,3000.0,3000.0,3000.0,3000.0,3000.0,3000.0,3000.0,3000.0,3000.0,3000.0,3000.0,3000.0,3000.0,3000.0,3000.0,3000.0,3000.0,3000.0,3000.0,3000.0,3000.0,3000.0,3000.0,3000.0,3000.0,3000.0,3000.0,3000.0,3000.0,3000.0,3000.0,3000.0,3000.0,3000.0,3000.0,3000.0,3000.0,3000.0,3000.0,3000.0,3000.0,3000.0,3000.0,3000.0,3000.0,3000.0,3000.0,3000.0,3000.0,3000.0,3000.0,3000.0,3000.0,3000.0,3000.0,3000.0,3000.0,3000.0,3000.0,3000.0,3000.0,3000.0,3000.0,3000.0,3000.0,3000.0,3000.0,3000.0,3000.0,3000.0,3000.0,3000.0,3000.0,3000.0,3000.0,3000.0,3000.0,3000.0,3000.0,3000.0,3000.0,3000.0,3000.0,3000.0,3000.0,3000.0,3000.0,3000.0
1333,1666.6666666666667,1685.4922221925294,1744.1545600447637,3000.0,3000.0,3000.0,3000.0,3000.0,1666.6666666666667,1685.4922221925294,1744.1545600447637,3000.0,3000.0,3000.0,3000.0,3000.0,1666.6666666666667,1685.4922221925294,1744.1545600447637,3000.0,3000.0,3000.0,3000.0,3000.0,1666.6666666666667,1685.4922221925294,1744.1545600447637,3000.0,3000.0,3000.0,3000.0,3000.0,1666.6666666666667,1685.4922221925294,1744.1545600447637,3000.0,3000.0,3000.0,3000.0,3000.0,1666.6666666666667,1685.4922221925294,1744.1545600447637,3000.0,3000.0,3000.0,3000.0,3000.0,1666.6666666666667,1685.4922221925294,1744.1545600447637,3000.0,3000.0,3000.0,3000.0,3000.0,1666.6666666666667,1685.4922221925294,1744.1545600447637,3000.0,3000.0,3000.0,3000.0,3000.0,3000.0,3000.0,3000.0,3000.0,3000.0,1744.1545600447637,1685.4922221925294,1666.6666666666667,3000.0,3000.0,3000.0,3000.0,3000.0,1744.1545600447637,1685.4922221925294,1666.6666666666667,3000.0,3000.0,3000.0,3000.0,3000.0,1744.1545600447637,1685.4922221925294,1666.6666666666667,3000.0,3000.0,3000.0,3000.0,3000.0,1744.1545600447637,1685.4922221925294,1666.6666666666667,3000.0,3000.0,3000.0,3000.0,3000.0,1744.1545600447637,1685.4922221925294,1666.6666666666667,3000.0,3000.0,3000.0,3000.0,3000.0,1744.1545600447637,1685.4922221925294,1666.6666666666667,3000.0,3000.0,3000.0,3000.0,3000.0,1744.1545600447637,1685.4922221925294,1666.6666666666667,3000.0,3000.0,3000.0,3000.0,3000.0,1744.1545600447637,1685.4922221925294,1666.6666666666667,3000.0,3000.0,3000.0,3000.0,3000.0,3000.0,3000.0,3000.0,3000.0,3000.0,3000.0,3000.0,3000.0,3000.0,3000.0,3000.0,3000.0,3000.0,3000.0,3000.0,3000.0,3000.0,3000.0,3000.0,3000.0,3000.0,3000.0,3000.0,3000.0,3000.0,3000.0,3000.0,3000.0,3000.0,3000.0,3000.0,3000.0,3000.0,3000.0,3000.0,3000.0,3000.0,3000.0,3000.0,3000.0,3000.0,3000.0,3000.0,3000.0,3000.0,3000.0,3000.0,3000.0,3000.0,3000.0,3000.0,3000.0,3000.0,3000.0,3000.0,3000.0,3000.0,3000.0,3000.0,3000.0,3000.0,3000.0,3000.0,3000.0,3000.0,3000.0,3000.0,3000.0,3000.0,3000.0,3000.0,3000.0,3000.0,3000.0,3000.0,3000.0,3000.0,3000.0,3000.0,3000.0,3000.0,3000.0,3000.0,3000.0,3000.0,3000.0,3000.0,3000.0,3000.0,3000.0,3000.0,3000.0,3000.0,3000.0,3000.0,3000.0,3000.0,3000.0,3000.0,3000.0,3000.0,3000.0,3000.0,3000.0,3000.0,3000.0,3000.0,3000.0,3000.0,3000.0,3000.0,3000.0,3000.0,3000.0,3000.0,3000.0,3000.0,3000.0,3000.0,3000.0,3000.0,3000.0,3000.0,3000.0,3000.0,3000.0,3000.0,3000.0,3000.0,3000.0,3000.0,3000.0,3000.0,3000.0,3000.0,3000.0,3000.0,3000.0,3000.0,3000.0,3000.0,3000.0,3000.0,3000.0,3000.0,3000.0,3000.0,3000.0,3000.0,3000.0,3000.0,3000.0,3000.0,3000.0,3000.0,3000.0,3000.0,3000.0,3000.0,3000.0,3000.0,3000.0,3000.0,3000.0,3000.0,3000.0,3000.0,3000.0,3000.0,3000.0,3000.0,3000.0,3000.0,3000.0,3000.0,3000.0,3000.0,3000.0,3000.0,3000.0,3000.0,3000.0,3000.0,3000.0,3000.0,3000.0,3000.0,3000.0,3000.0,3000.0,3000.0,3000.0,3000.0,3000.0,3000.0,3000.0,3000.0,3000.0,3000.0,3000.0,3000.0,3000.0,3000.0,3000.0,3000.0,3000.0,3000.0,3000.0,3000.0,3000.0,3000.0,3000.0,3000.0,3000.0,3000.0,3000.0,3000.0,3000.0,3000.0,3000.0,3000.0,3000.0,3000.0,3000.0,3000.0,3000.0,3000.0,3000.0,3000.0,3000.0,3000.0,3000.0,3000.0,3000.0,3000.0,3000.0,3000.0,3000.0,3000.0,3000.0,3000.0,3000.0,3000.0,3000.0,3000.0,3000.0,3000.0,3000.0,3000.0,3000.0,3000.0
1400,1650.0,1668.637299970604,1726.7130144443158,1831.361835888325,3000.0,3000.0,3000.0,3000.0,1650.0,1668.637299970604,1726.7130144443158,1831.361835888325,3000.0,3000.0,3000.0,3000.0,1650.0,1668.637299970604,1726.7130144443158,1831.361835888325,3000.0,3000.0,3000.0,3000.0,1650.0,1668.637299970604,1726.7130144443158,1831.361835888325,3000.0,3000.0,3000.0,3000.0,1650.0,1668.637299970604,1726.7130144443158,1831.361835888325,3000.0,3000.0,3000.0,3000.0,1650.0,1668.637299970604,1726.7130144443158,1831.361835888325,3000.0,3000.0,3000.0,3000.0,1650.0,1668.637299970604,1726.7130144443158,1831.361835888325,3000.0,3000.0,3000.0,3000.0,1650.0,1668.637299970604,1726.7130144443158,1831.361835888325,3000.0,3000.0,3000.0,3000.0,3000.0,3000.0,3000.0,3000.0,1831.361835888325,1726.7130144443158,1668.637299970604,1650.0,3000.0,3000.0,3000.0,3000.0,1831.361835888325,1726.7130144443158,1668.637299970604,1650.0,3000.0,3000.0,3000.0,3000.0,1831.361835888325,1726.7130144443158,1668.637299970604,1650.0,3000.0,3000.0,3000.0,3000.0,1831.361835888325,1726.7130144443158,1668.637299970604,1650.0,3000.0,3000.0,3000.0,3000.0,1831.361835888325,1726.7130144443158,1668.637299970604,1650.0,3000.0,3000.0,3000.0,3000.0,1831.361835888325,1726.7130144443158,1668.637299970604,1650.0,3000.0,3000.0,3000.0,3000.0,1831.361835888325,1726.7130144443158,1668.637299970604,1650.0,3000.0,3000.0,3000.0,3000.0,1831.361835888325,1726.7130144443158,1668.637299970604,1650.0,3000.0,3000.0,3000.0,3000.0,3000.0,3000.0,3000.0,3000.0,3000.0,3000.0,3000.0,3000.0,3000.0,3000.0,3000.0,3000.0,3000.0,3000.0,3000.0,3000.0,3000.0,3000.0,3000.0,3000.0,3000.0,3000.0,3000.0,3000.0,3000.0,3000.0,3000.0,3000.0,3000.0,3000.0,3000.0,3000.0,3000.0,3000.0,3000.0,3000.0,3000.0,3000.0,3000.0,3000.0,3000.0,3000.0,3000.0,3000.0,3000.0,3000.0,3000.0,3000.0,3000.0,3000.0,3000.0,3000.0,3000.0,3000.0,3000.0,3000.0,3000.0,3000.0,3000.0,3000.0,3000.0,3000.0,3000.0,3000.0,3000.0,3000.0,3000.0,3000.0,3000.0,3000.0,3000.0,3000.0,3000.0,3000.0,3000.0,3000.0,3000.0,3000.0,3000.0,3000.0,3000.0,3000.0,3000.0,3000.0,3000.0,3000.0,3000.0,3000.0,3000.0,3000.0,3000.0,3000.0,3000.0,3000.0,3000.0,3000.0,3000.0,3000.0,3000.0,3000.0,3000.0,3000.0,3000.0,3000.0,3000.0,3000.0,3000.0,3000.0,3000.0,3000.0,3000.0,3000.0,3000.0,3000.0,3000.0,3000.0,3000.0,3000.0,3000.0,3000.0,3000.0,3000.0,3000.0,3000.0,3000.0,3000.0,3000.0,3000.0,3000.0,3000.0,3000.0,3000.0,3000.0,3000.0,3000.0,3000.0,3000.0,3000.0,3000.0,3000.0,3000.0,3000.0,3000.0,3000.0,3000.0,3000.0,3000.0,3000.0,3000.0,3000.0,3000.0,3000.0,3000.0,3000.0,3000.0,3000.0,3000.0,3000.0,3000.0,3000.0,3000.0,3000.0,3000.0,3000.0,3000.0,3000.0,3000.0,3000.0,3000.0,3000.0,3000.0,3000.0,3000.0,3000.0,3000.0,3000.0,3000.0,3000.0,3000.0,3000.0,3000.0,3000.0,3000.0,3000.0,3000.0,3000.0,3000.0,3000.0,3000.0,3000.0,3000.0,3000.0,3000.0,3000.0,3000.0,3000.0,3000.0,3000.0,3000.0,3000.0,3000.0,3000.0,3000.0,3000.0,3000.0,3000.0,3000.0,3000.0,3000.0,3000.0,3000.0,3000.0,3000.0,3000.0,3000.0,3000.0,3000.0,3000.0,3000.0,3000.0,3000.0,3000.0,3000.0,3000.0,3000.0,3000.0,3000.0,3000.0,3000.0,3000.0,3000.0,3000.0,3000.0,3000.0,3000.0,3000.0,3000.0,3000.0,3000.0,3000.0,3000.0,3000.0,3000.0,3000.0,3000.0,3000.0,3000.0,3000.0,3000.0,3000.0,3000.0,3000.0
1467,1633.3333333333333,1651.7823777486788,1709.2714688438682,1812.8632314854126,3000.0,3000.0,3000.0,3000.0,1633.3333333333333,1651.7823777486788,1709.2714688438682,1812.8632314854126,3000.0,3000.0,3000.0,3000.0,1633.3333333333333,1651.7823777486788,1709.2714688438682,1812.8632314854126,3000.0,3000.0,3000.0,3000.0,1633.3333333333333,1651.7823777486788,1709.2714688438682,1812.8632314854126,3000.0,3000.0,3000.0,3000.0,1633.3333333333333,1651.7823777486788,1709.2714688438682,1812.8632314854126,3000.0,3000.0,3000.0,3000.0,1633.3333333333333,1651.7823777486788,1709.2714688438682,1812.8632314854126,3000.0,3000.0,3000.0,3000.0,1633.3333333333333,1651.7823777486788,1709.2714688438682,1812.8632314854126,3000.0,3000.0,3000.0,3000.0,1633.3333333333333,1651.7823777486788,1709.2714688438682,1812.8632314854126,3000.0,3000.0,3000.0,3000.0,3000.0,3000.0,3000.0,3000.0,1812.8632314854126,1709.2714688438682,1651.7823777486788,1633.3333333333333,3000.0,3000.0,3000.0,3000.0,1812.8632314854126,1709.2714688438682,1651.7823777486788,1633.3333333333333,3000.0,3000.0,3000.0,3000.0,1812.8632314854126,1709.2714688438682,1651.7823777486788,1633.3333333333333,3000.0,3000.0,3000.0,3000.0,1812.8632314854126,1709.2714688438682,1651.7823777486788,1633.3333333333333,3000.0,3000.0,3000.0,3000.0,1812.8632314854126,1709.2714688438682,1651.7823777486788,1633.3333333333333,3000.0,3000.0,3000.0,3000.0,1812.8632314854126,1709.2714688438682,1651.7823777486788,1633.3333333333333,3000.0,3000.0,3000.0,3000.0,1812.8632314854126,1709.2714688438682,1651.7823777486788,1633.3333333333333,3000.0,3000.0,3000.0,3000.0,1812.8632314854126,1709.2714688438682,1651.7823777486788,1633.3333333333333,3000.0,3000.0,3000.0,3000.0,3000.0,3000.0,3000.0,3000.0,3000.0,3000.0,3000.0,3000.0,3000.0,3000.0,3000.0,3000.0,3000.0,3000.0,3000.0,3000.0,3000.0,3000.0,3000.0,3000.0,3000.0,3000.0,3000.0,3000.0,3000.0,3000.0,3000.0,3000.0,3000.0,3000.0,3000.0,3000.0,3000.0,3000.0,3000.0,3000.0,3000.0,3000.0,3000.0,3000.0,3000.0,3000.0,3000.0,3000.0,3000.0,3000.0,3000.0,3000.0,3000.0,3000.0,3000.0,3000.0,3000.0,3000.0,3000.0,3000.0,3000.0,3000.0,3000.0,3000.0,3000.0,3000.0,3000.0,3000.0,3000.0,3000.0,3000.0,3000.0,3000.0,3000.0,3000.0,3000.0,3000.0,3000.0,3000.0,3000.0,3000.0,3000.0,3000.0,3000.0,3000.0,3000.0,3000.0,3000.0,3000.0,3000.0,3000.0,3000.0,3000.0,3000.0,3000.0,3000.0,3000.0,3000.0,3000.0,3000.0,3000.0,3000.0,3000.0,3000.0,3000.0,3000.0,3000.0,3000.0,3000.0,3000.0,3000.0,3000.0,3000.0,3000.0,3000.0,3000.0,3000.0,3000.0,3000.0,3000.0,3000.0,3000.0,3000.0,3000.0,3000.0,3000.0,3000.0,3000.0,3000.0,3000.0,3000.0,3000.0,3000.0,3000.0,3000.0,3000.0,3000.0,3000.0,3000.0,3000.0,3000.0,3000.0,3000.0,3000.0,3000.0,3000.0,3000.0,3000.0,3000.0,3000.0,3000.0,3000.0,3000.0,3000.0,3000.0,3000.0,3000.0,3000.0,3000.0,3000.0,3000.0,3000.0,3000.0,3000.0,3000.0,3000.0,3000.0,3000.0,3000.0,3000.0,3000.0,3000.0,3000.0,3000.0,3000.0,3000.0,3000.0,3000.0,3000.0,3000.0,3000.0,3000.0,3000.0,3000.0,3000.0,3000.0,3000.0,3000.0,3000.0,3000.0,3000.0,3000.0,3000.0,3000.0,3000.0,3000.0,3000.0,3000.0,3000.0,3000.0,3000.0,3000.0,3000.0,3000.0,3000.0,3000.0,3000.0,3000.0,3000.0,3000.0,3000.0,3000.0,3000.0,3000.0,3000.0,3000.0,3000.0,3000.0,3000.0,3000.0,3000.0,3000.0,3000.0,3000.0,3000.0,3000.0,3000.0,3000.0,3000.0,3000.0,3000.0,3000.0,3000.0,3000.0,3000.0,3000.0,3000.0,3000.0,3000.0,3000.0,3000.0,3000.0,3000.0,3000.0,3000.0,3000.0,3000.0,3000.0,3000.0,3000.0,3000.0,3000.0,3000.0,3000.0,3000.0,3000.0
1533,1616.6666666666667,1634.9274555267534,1691.8299232434206,1794.3646270825002,3000.0,3000.0,3000.0,3000.0,1616.6666666666667,1634.9274555267534,1691.8299232434206,1794.3646270825002,3000.0,3000.0,3000.0,3000.0,1616.6666666666667,1634.9274555267534,1691.8299232434206,1794.3646270825002,3000.0,3000.0,3000.0,3000.0,1616.6666666666667,1634.9274555267534,1691.8299232434206,1794.3646270825002,3000.0,3000.0,3000.0,3000.0,1616.6666666666667,1634.9274555267534,1691.8299232434206,1794.3646270825002,3000.0,3000.0,3000.0,3000.0,1616.6666666666667,1634.9274555267534,1691.8299232434206,1794.3646270825002,3000.0,3000.0,3000.0,3000.0,1616.6666666666667,1634.9274555267534,1691.8299232434206,1794.3646270825002,3000.0,3000.0,3000.0,3000.0,1616.6666666666667,1634.9274555267534,1691.8299232434206,1794.3646270825002,3000.0,3000.0,3000.0,3000.0,3000.0,3000.0,3000.0,3000.0,1794.3646270825002,1691.8299232434206,1634.9274555267534,1616.6666666666667,3000.0,3000.0,3000.0,3000.0,1794.3646270825002,1691.8299232434206,1634.9274555267534,1616.6666666666667,3000.0,3000.0,3000.0,3000.0,1794.3646270825002,1691.8299232434206,1634.9274555267534,1616.6666666666667,3000.0,3000.0,3000.0,3000.0,1794.3646270825002,1691.8299232434206,1634.9274555267534,1616.6666666666667,3000.0,3000.0,3000.0,3000.0,1794.3646270825002,1691.8299232434206,1634.9274555267534,1616.6666666666667,3000.0,3000.0,3000.0,3000.0,1794.3646270825002,1691.8299232434206,1634.9274555267534,1616.6666666666667,3000.0,3000.0,3000.0,3000.0,1794.3646270825002,1691.8299232434206,1634.9274555267534,1616.6666666666667,3000.0,3000.0,3000.0,3000.0,1794.3646270825002,1691.8299232434206,1634.9274555267534,1616.6666666666667,3000.0,3000.0,3000.0,3000.0,3000.0,3000.0,3000.0,3000.0,3000.0,3000.0,3000.0,3000.0,3000.0,3000.0,3000.0,3000.0,3000.0,3000.0,3000.0,3000.0,3000.0,3000.0,3000.0,3000.0,3000.0,3000.0,3000.0,3000.0,3000.0,3000.0,3000.0,3000.0,3000.0,3000.0,3000.0,3000.0,3000.0,3000.0,3000.0,3000.0,3000.0,3000.0,3000.0,3000.0,3000.0,3000.0,3000.0,3000.0,3000.0,3000.0,3000.0,3000.0,3000.0,3000.0,3000.0,3000.0,3000.0,3000.0,3000.0,3000.0,3000.0,3000.0,3000.0,3000.0,3000.0,3000.0,3000.0,3000.0,3000.0,3000.0,3000.0,3000.0,3000.0,3000.0,3000.0,3000.0,3000.0,3000.0,3000.0,3000.0,3000.0,3000.0,3000.0,3000.0,3000.0,3000.0,3000.0,3000.0,3000.0,3000.0,3000.0,3000.0,3000.0,3000.0,3000.0,3000.0,3000.0,3000.0,3000.0,3000.0,3000.0,3000.0,3000.0,3000.0,3000.0,3000.0,3000.0,3000.0,3000.0,3000.0,3000.0,3000.0,3000.0,3000.0,3000.0,3000.0,3000.0,3000.0,3000.0,3000.0,3000.0,3000.0,3000.0,3000.0,3000.0,3000.0,3000.0,3000.0,3000.0,3000.0,3000.0,3000.0,3000.0,3000.0,3000.0,3000.0,3000.0,3000.0,3000.0,3000.0,3000.0,3000.0,3000.0,3000.0,3000.0,3000.0,3000.0,3000.0,3000.0,3000.0,3000.0,3000.0,3000.0,3000.0,3000.0,3000.0,3000.0,3000.0,3000.0,3000.0,3000.0,3000.0,3000.0,3000.0,3000.0,3000.0,3000.0,3000.0,3000.0,3000.0,3000.0,3000.0,3000.0,3000.0,3000.0,3000.0,3000.0,3000.0,3000.0,3000.0,3000.0,3000.0,3000.0,3000.0,3000.0,3000.0,3000.0,3000.0,3000.0,3000.0,3000.0,3000.0,3000.0,3000.0,3000.0,3000.0,3000.0,3000.0,3000.0,3000.0,3000.0,3000.0,3000.0,3000.0,3000.0,3000.0,3000.0,3000.0,3000.0,3000.0,3000.0,3000.0,3000.0,3000.0,3000.0,3000.0,3000.0,3000.0,3000.0,3000.0,3000.0,3000.0,3000.0,3000.0,3000.0,3000.0,3000.0,3000.0,3000.0,3000.0,3000.0,3000.0,3000.0,3000.0,3000.0,3000.0,3000.0,3000.0,3000.0,3000.0,3000.0,3000.0,3000.0,3000.0,3000.0,3000.0,3000.0,3000.0,3000.0,3000.0,3000.0,3000.0,3000.0,3000.0,3000.0,3000.0
1600,1600.0000000000002,1618.0725333048285,1674.3883776429734,1775.8660226795882,3000.0,3000.0,3000.0,3000.0,1600.0000000000002,1618.0725333048285,1674.3883776429734,1775.8660226795882,3000.0,3000.0,3000.0,3000.0,1600.0000000000002,1618.0725333048285,1674.3883776429734,1775.8660226795882,3000.0,3000.0,3000.0,3000.0,1600.0000000000002,1618.0725333048285,1674.3883776429734,1775.8660226795882,3000.0,3000.0,3000.0,3000.0,1600.0000000000002,1618.0725333048285,1674.3883776429734,1775.8660226795882,3000.0,3000.0,3000.0,3000.0,1600.0000000000002,1618.0725333048285,1674.3883776429734,1775.8660226795882,3000.0,3000.0,3000.0,3000.0,1600.0000000000002,1618.0725333048285,1674.3883776429734,1775.8660226795882,3000.0,3000.0,3000.0,3000.0,1600.0000000000002,1618.0725333048285,1674.3883776429734,1775.8660226795882,3000.0,3000.0,3000.0,3000.0,3000.0,3000.0,3000.0,3000.0,1775.8660226795882,1674.3883776429734,1618.0725333048285,1600.0000000000002,3000.0,3000.0,3000.0,3000.0,1775.8660226795882,1674.3883776429734,1618.0725333048285,1600.0000000000002,3000.0,3000.0,3000.0,3000.0,1775.8660226795882,1674.3883776429734,1618.0725333048285,1600.0000000000002,3000.0,3000.0,3000.0,3000.0,1775.8660226795882,1674.3883776429734,1618.0725333048285,1600.0000000000002,3000.0,3000.0,3000.0,3000.0,1775.8660226795882,1674.3883776429734,1618.0725333048285,1600.0000000000002,3000.0,3000.0,3000.0,3000.0,1775.8660226795882,1674.3883776429734,1618.0725333048285,1600.0000000000002,3000.0,3000.0,3000.0,3000.0,1775.8660226795882,1674.3883776429734,1618.0725333048285,1600.0000000000002,3000.0,3000.0,3000.0,3000.0,1775.8660226795882,1674.3883776429734,1618.0725333048285,1600.0000000000002,3000.0,3000.0,3000.0,3000.0,3000.0,3000.0,3000.0,3000.0,3000.0,3000.0,3000.0,3000.0,3000.0,3000.0,3000.0,3000.0,3000.0,3000.0,3000.0,3000.0,3000.0,3000.0,3000.0,3000.0,3000.0,3000.0,3000.0,3000.0,3000.0,3000.0,3000.0,3000.0,3000.0,3000.0,3000.0,3000.0,3000.0,3000.0,3000.0,3000.0,3000.0,3000.0,3000.0,3000.0,3000.0,3000.0,3000.0,3000.0,3000.0,3000.0,3000.0,3000.0,3000.0,3000.0,3000.0,3000.0,3000.0,3000.0,3000.0,3000.0,3000.0,3000.0,3000.0,3000.0,3000.0,3000.0,3000.0,3000.0,3000.0,3000.0,3000.0,3000.0,3000.0,3000.0,3000.0,3000.0,3000.0,3000.0,3000.0,3000.0,3000.0,3000.0,3000.0,3000.0,3000.0,3000.0,3000.0,3000.0,3000.0,3000.0,3000.0,3000.0,3000.0,3000.0,3000.0,3000.0,3000.0,3000.0,3000.0,3000.0,3000.0,3000.0,3000.0,3000.0,3000.0,3000.0,3000.0,3000.0,3000.0,3000.0,3000.0,3000.0,3000.0,3000.0,3000.0,3000.0,3000.0,3000.0,3000.0,3000.0,3000.0,3000.0,3000.0,3000.0,3000.0,3000.0,3000.0,3000.0,3000.0,3000.0,3000.0,3000.0,3000.0,3000.0,3000.0,3000.0,3000.0,3000.0,3000.0,3000.0,3000.0,3000.0,3000.0,3000.0,3000.0,3000.0,3000.0,3000.0,3000.0,3000.0,3000.0,3000.0,3000.0,3000.0,3000.0,3000.0,3000.0,3000.0,3000.0,3000.0,3000.0,3000.0,3000.0,3000.0,3000.0,3000.0,3000.0,3000.0,3000.0,3000.0,3000.0,3000.0,3000.0,3000.0,3000.0,3000.0,3000.0,3000.0,3000.0,3000.0,3000.0,3000.0,3000.0,3000.0,3000.0,3000.0,3000.0,3000.0,3000.0,3000.0,3000.0,3000.0,3000.0,3000.0,3000.0,3000.0,3000.0,3000.0,3000.0,3000.0,3000.0,3000.0,3000.0,3000.0,3000.0,3000.0,3000.0,3000.0,3000.0,3000.0,3000.0,3000.0,3000.0,3000.0,3000.0,3000.0,3000.0,3000.0,3000.0,3000.0,3000.0,3000.0,3000.0,3000.0,3000.0,3000.0,3000.0,3000.0,3000.0,3000.0,3000.0,3000.0,3000.0,3000.0,3000.0,3000.0,3000.0,3000.0,3000.0,3000.0,3000.0,3000.0,3000.0,3000.0,3000.0,3000.0,3000.0,3000.0,3000.0,3000.0,3000.0,3000.0,3000.0,3000.0,3000.0,3000.0
1667,1583.3333333333333,1601.2176110829025,1656.946832042525,1757.3674182766754,3000.0,3000.0,3000.0,3000.0,1583.3333333333333,1601.2176110829025,1656.946832042525,1757.3674182766754,3000.0,3000.0,3000.0,3000.0,1583.3333333333333,1601.2176110829025,1656.946832042525,1757.3674182766754,3000.0,3000.0,3000.0,3000.0,1583.3333333333333,1601.2176110829025,1656.946832042525,1757.3674182766754,3000.0,3000.0,3000.0,3000.0,1583.3333333333333,1601.2176110829025,1656.946832042525,1757.3674182766754,3000.0,3000.0,3000.0,3000.0,1583.3333333333333,1601.2176110829025,1656.946832042525,1757.3674182766754,3000.0,3000.0,3000.0,3000.0,1583.3333333333333,1601.2176110829025,1656.946832042525,1757.3674182766754,3000.0,3000.0,3000.0,3000.0,1583.3333333333333,1601.2176110829025,1656.946832042525,1757.3674182766754,3000.0,3000.0,3000.0,3000.0,3000.0,3000.0,3000.0,3000.0,1757.3674182766754,1656.946832042525,1601.2176110829025,1583.3333333333333,3000.0,3000.0,3000.0,3000.0,1757.3674182766754,1656.946832042525,1601.2176110829025,1583.3333333333333,3000.0,3000.0,3000.0,3000.0,1757.3674182766754,1656.946832042525,1601.2176110829025,1583.3333333333333,3000.0,3000.0,3000.0,3000.0,1757.3674182766754,1656.946832042525,1601.2176110829025,1583.3333333333333,3000.0,3000.0,3000.0,3000.0,1757.3674182766754,1656.946832042525,1601.2176110829025,1583.3333333333333,3000.0,3000.0,3000.0,3000.0,1757.3674182766754,1656.946832042525,1601.2176110829025,1583.3333333333333,3000.0,3000.0,3000.0,3000.0,1757.3674182766754,1656.946832042525,1601.2176110829025,1583.3333333333333,3000.0,3000.0,3000.0,3000.0,1757.3674182766754,1656.946832042525,1601.2176110829025,1583.3333333333333,3000.0,3000.0,3000.0,3000.0,3000.0,3000.0,3000.0,3000.0,3000.0,3000.0,3000.0,3000.0,3000.0,3000.0,3000.0,3000.0,3000.0,3000.0,3000.0,3000.0,3000.0,3000.0,3000.0,3000.0,3000.0,3000.0,3000.0,3000.0,3000.0,3000.0,3000.0,3000.0,3000.0,3000.0,3000.0,3000.0,3000.0,3000.0,3000.0,3000.0,3000.0,3000.0,3000.0,3000.0,3000.0,3000.0,3000.0,3000.0,3000.0,3000.0,3000.0,3000.0,3000.0,3000.0,3000.0,3000.0,3000.0,3000.0,3000.0,3000.0,3000.0,3000.0,3000.0,3000.0,3000.0,3000.0,3000.0,3000.0,3000.0,3000.0,3000.0,3000.0,3000.0,3000.0,3000.0,3000.0,3000.0,3000.0,3000.0,3000.0,3000.0,3000.0,3000.0,3000.0,3000.0,3000.0,3000.0,3000.0,3000.0,3000.0,3000.0,3000.0,3000.0,3000.0,3000.0,3000.0,3000.0,3000.0,3000.0,3000.0,3000.0,3000.0,3000.0,3000.0,3000.0,3000.0,3000.0,3000.0,3000.0,3000.0,3000.0,3000.0,3000.0,3000.0,3000.0,3000.0,3000.0,3000.0,3000.0,3000.0,3000.0,3000.0,3000.0,3000.0,3000.0,3000.0,3000.0,3000.0,3000.0,3000.0,3000.0,3000.0,3000.0,3000.0,3000.0,3000.0,3000.0,3000.0,3000.0,3000.0,3000.0,3000.0,3000.0,3000.0,3000.0,3000.0,3000.0,3000.0,3000.0,3000.0,3000.0,3000.0,3000.0,3000.0,3000.0,3000.0,3000.0,3000.0,3000.0,3000.0,3000.0,3000.0,3000.0,3000.0,3000.0,3000.0,3000.0,3000.0,3000.0,3000.0,3000.0,3000.0,3000.0,3000.0,3000.0,3000.0,3000.0,3000.0,3000.0,3000.0,3000.0,3000.0,3000.0,3000.0,3000.0,3000.0,3000.0,3000.0,3000.0,3000.0,3000.0,3000.0,3000.0,3000.0,3000.0,3000.0,3000.0,3000.0,3000.0,3000.0,3000.0,3000.0,3000.0,3000.0,3000.0,3000.0,3000.0,3000.0,3000.0,3000.0,3000.0,3000.0,3000.0,3000.0,3000.0,3000.0,3000.0,3000.0,3000.0,3000.0,3000.0,3000.0,3000.0,3000.0,3000.0,3000.0,3000.0,3000.0,3000.0,3000.0,3000.0,3000.0,3000.0,3000.0,3000.0,3000.0,3000.0,3000.0,3000.0,3000.0,3000.0,3000.0,3000.0,3000.0,3000.0,3000.0,3000.0,3000.0,3000.0,3000.0,3000.0,3000.0,3000.0,3000.0,3000.0,3000.0
1733,1566.6666666666667,1584.3626888609776,1639.505286442078,1738.8688138737632,3000.0,3000.0,3000.0,3000.0,1566.6666666666667,1584.3626888609776,1639.505286442078,1738.8688138737632,3000.0,3000.0,3000.0,3000.0,1566.6666666666667,1584.3626888609776,1639.505286442078,1738.8688138737632,3000.0,3000.0,3000.0,3000.0,1566.6666666666667,1584.3626888609776,1639.505286442078,1738.8688138737632,3000.0,3000.0,3000.0,3000.0,1566.6666666666667,1584.3626888609776,1639.505286442078,1738.8688138737632,3000.0,3000.0,3000.0,3000.0,1566.6666666666667,1584.3626888609776,1639.505286442078,1738.8688138737632,3000.0,3000.0,3000.0,3000.0,1566.6666666666667,1584.3626888609776,1639.505286442078,1738.8688138737632,3000.0,3000.0,3000.0,3000.0,1566.6666666666667,1584.3626888609776,1639.505286442078,1738.8688138737632,3000.0,3000.0,3000.0,3000.0,3000.0,3000.0,3000.0,3000.0,1738.8688138737632,1639.505286442078,1584.3626888609776,1566.6666666666667,3000.0,3000.0,3000.0,3000.0,1738.8688138737632,1639.505286442078,1584.3626888609776,1566.6666666666667,3000.0,3000.0,3000.0,3000.0,1738.8688138737632,1639.505286442078,1584.3626888609776,1566.6666666666667,3000.0,3000.0,3000.0,3000.0,1738.8688138737632,1639.505286442078,1584.3626888609776,1566.6666666666667,3000.0,3000.0,3000.0,3000.0,1738.8688138737632,1639.505286442078,1584.3626888609776,1566.6666666666667,3000.0,3000.0,3000.0,3000.0,1738.8688138737632,1639.505286442078,1584.3626888609776,1566.6666666666667,3000.0,3000.0,3000.0,3000.0,1738.8688138737632,1639.505286442078,1584.3626888609776,1566.6666666666667,3000.0,3000.0,3000.0,3000.0,1738.8688138737632,1639.505286442078,1584.3626888609776,1566.6666666666667,3000.0,3000.0,3000.0,3000.0,3000.0,3000.0,3000.0,3000.0,3000.0,3000.0,3000.0,3000.0,3000.0,3000.0,3000.0,3000.0,3000.0,3000.0,3000.0,3000.0,3000.0,3000.0,3000.0,3000.0,3000.0,3000.0,3000.0,3000.0,3000.0,3000.0,3000.0,3000.0,3000.0,3000.0,3000.0,3000.0,3000.0,3000.0,3000.0,3000.0,3000.0,3000.0,3000.0,3000.0,3000.0,3000.0,3000.0,3000.0,3000.0,3000.0,3000.0,3000.0,3000.0,3000.0,3000.0,3000.0,3000.0,3000.0,3000.0,3000.0,3000.0,3000.0,3000.0,3000.0,3000.0,3000.0,3000.0,3000.0,3000.0,3000.0,3000.0,3000.0,3000.0,3000.0,3000.0,3000.0,3000.0,3000.0,3000.0,3000.0,3000.0,3000.0,3000.0,3000.0,3000.0,3000.0,3000.0,3000.0,3000.0,3000.0,3000.0,3000.0,3000.0,3000.0,3000.0,3000.0,3000.0,3000.0,3000.0,3000.0,3000.0,3000.0,3000.0,3000.0,3000.0,3000.0,3000.0,3000.0,3000.0,3000.0,3000.0,3000.0,3000.0,3000.0,3000.0,3000.0,3000.0,3000.0,3000.0,3000.0,3000.0,3000.0,3000.0,3000.0,3000.0,3000.0,3000.0,3000.0,3000.0,3000.0,3000.0,3000.0,3000.0,3000.0,3000.0,3000.0,3000.0,3000.0,3000.0,3000.0,3000.0,3000.0,3000.0,3000.0,3000.0,3000.0,3000.0,3000.0,3000.0,3000.0,3000.0,3000.0,3000.0,3000.0,3000.0,3000.0,3000.0,3000.0,3000.0,3000.0,3000.0,3000.0,3000.0,3000.0,3000.0,3000.0,3000.0,3000.0,3000.0,3000.0,3000.0,3000.0,3000.0,3000.0,3000.0,3000.0,3000.0,3000.0,3000.0,3000.0,3000.0,3000.0,3000.0,3000.0,3000.0,3000.0,3000.0,3000.0,3000.0,3000.0,3000.0,3000.0,3000.0,3000.0,3000.0,3000.0,3000.0,3000.0,3000.0,3000.0,3000.0,3000.0,3000.0,3000.0,3000.0,3000.0,3000.0,3000.0,3000.0,3000.0,3000.0,3000.0,3000.0,3000.0,3000.0,3000.0,3000.0,3000.0,3000.0,3000.0,3000.0,3000.0,3000.0,3000.0,3000.0,3000.0,3000.0,3000.0,3000.0,3000.0,3000.0,3000.0,3000.0,3000.0,3000.0,3000.0,3000.0,3000.0,3000.0,3000.0,3000.0,3000.0,3000.0,3000.0,3000.0,3000.0,3000.0,3000.0,3000.0,3000.0,3000.0,3000.0,3000.0,3000.0,3000.0,3000.0
1800,1550.0000000000002,1567.5077666390525,1622.0637408416303,1720.3702094708508,3000.0,3000.0,3000.0,3000.0,1550.0000000000002,1567.5077666390525,1622.0637408416303,1720.3702094708508,3000.0,3000.0,3000.0,3000.0,1550.0000000000002,1567.5077666390525,1622.0637408416303,1720.3702094708508,3000.0,3000.0,3000.0,3000.0,1550.0000000000002,1567.5077666390525,1622.0637408416303,1720.3702094708508,3000.0,3000.0,3000.0,3000.0,1550.0000000000002,1567.5077666390525,1622.0637408416303,1720.3702094708508,3000.0,3000.0,3000.0,3000.0,1550.0000000000002,1567.5077666390525,1622.0637408416303,1720.3702094708508,3000.0,3000.0,3000.0,3000.0,1550.0000000000002,1567.5077666390525,1622.0637408416303,1720.3702094708508,3000.0,3000.0,3000.0,3000.0,1550.0000000000002,1567.5077666390525,1622.0637408416303,1720.3702094708508,3000.0,3000.0,3000.0,3000.0,3000.0,3000.0,3000.0,3000.0,1720.3702094708508,1622.0637408416303,1567.5077666390525,1550.0000000000002,3000.0,3000.0,3000.0,3000.0,1720.3702094708508,1622.0637408416303,1567.5077666390525,1550.0000000000002,3000.0,3000.0,3000.0,3000.0,1720.3702094708508,1622.0637408416303,1567.5077666390525,1550.0000000000002,3000.0,3000.0,3000.0,3000.0,1720.3702094708508,1622.0637408416303,1567.5077666390525,1550.0000000000002,3000.0,3000.0,3000.0,3000.0,1720.3702094708508,1622.0637408416303,1567.5077666390525,1550.0000000000002,3000.0,3000.0,3000.0,3000.0,1720.3702094708508,1622.0637408416303,1567.5077666390525,1550.0000000000002,3000.0,3000.0,3000.0,3000.0,1720.3702094708508,1622.0637408416303,1567.5077666390525,1550.0000000000002,3000.0,3000.0,3000.0,3000.0,1720.3702094708508,1622.0637408416303,1567.5077666390525,1550.0000000000002,3000.0,3000.0,3000.0,3000.0,3000.0,3000.0,3000.0,3000.0,3000.0,3000.0,3000.0,3000.0,3000.0,3000.0,3000.0,3000.0,3000.0,3000.0,3000.0,3000.0,3000.0,3000.0,3000.0,3000.0,3000.0,3000.0,3000.0,3000.0,3000.0,3000.0,3000.0,3000.0,3000.0,3000.0,3000.0,3000.0,3000.0,3000.0,3000.0,3000.0,3000.0,3000.0,3000.0,3000.0,3000.0,3000.0,3000.0,3000.0,3000.0,3000.0,3000.0,3000.0,3000.0,3000.0,3000.0,3000.0,3000.0,3000.0,3000.0,3000.0,3000.0,3000.0,3000.0,3000.0,3000.0,3000.0,3000.0,3000.0,3000.0,3000.0,3000.0,3000.0,3000.0,3000.0,3000.0,3000.0,3000.0,3000.0,3000.0,3000.0,3000.0,3000.0,3000.0,3000.0,3000.0,3000.0,3000.0,3000.0,3000.0,3000.0,3000.0,3000.0,3000.0,3000.0,3000.0,3000.0,3000.0,3000.0,3000.0,3000.0,3000.0,3000.0,3000.0,3000.0,3000.0,3000.0,3000.0,3000.0,3000.0,3000.0,3000.0,3000.0,3000.0,3000.0,3000.0,3000.0,3000.0,3000.0,3000.0,3000.0,3000.0,3000.0,3000.0,3000.0,3000.0,3000.0,3000.0,3000.0,3000.0,3000.0,3000.0,3000.0,3000.0,3000.0,3000.0,3000.0,3000.0,3000.0,3000.0,3000.0,3000.0,3000.0,3000.0,3000.0,3000.0,3000.0,3000.0,3000.0,3000.0,3000.0,3000.0,3000.0,3000.0,3000.0,3000.0,3000.0,3000.0,3000.0,3000.0,3000.0,3000.0,3000.0,3000.0,3000.0,3000.0,3000.0,3000.0,3000.0,3000.0,3000.0,3000.0,3000.0,3000.0,3000.0,3000.0,3000.0,3000.0,3000.0,3000.0,3000.0,3000.0,3000.0,3000.0,3000.0,3000.0,3000.0,3000.0,3000.0,3000.0,3000.0,3000.0,3000.0,3000.0,3000.0,3000.0,3000.0,3000.0,3000.0,3000.0,3000.0,3000.0,3000.0,3000.0,3000.0,3000.0,3000.0,3000.0,3000.0,3000.0,3000.0,3000.0,3000.0,3000.0,3000.0,3000.0,3000.0,3000.0,3000.0,3000.0,3000.0,3000.0,3000.0,3000.0,3000.0,3000.0,3000.0,3000.0,3000.0,3000.0,3000.0,3000.0,3000.0,3000.0,3000.0,3000.0,3000.0,3000.0,3000.0,3000.0,3000.0,3000.0,3000.0,3000.0,3000.0,3000.0,3000.0,3000.0,3000.0,3000.0,3000.0,3000.0,3000.0,3000.0,3000.0,3000.0,3000.0
1867,1533.3333333333333,1550.6528444171267,1604.6221952411822,1701.8716050679382,3000.0,3000.0,3000.0,3000.0,1533.3333333333333,1550.6528444171267,1604.6221952411822,1701.8716050679382,3000.0,3000.0,3000.0,3000.0,1533.3333333333333,1550.6528444171267,1604.6221952411822,1701.8716050679382,3000.0,3000.0,3000.0,3000.0,1533.3333333333333,1550.6528444171267,1604.6221952411822,1701.8716050679382,3000.0,3000.0,3000.0,3000.0,1533.3333333333333,1550.6528444171267,1604.6221952411822,1701.8716050679382,3000.0,3000.0,3000.0,3000.0,1533.3333333333333,1550.6528444171267,1604.6221952411822,1701.8716050679382,3000.0,3000.0,3000.0,3000.0,1533.3333333333333,1550.6528444171267,1604.6221952411822,1701.8716050679382,3000.0,3000.0,3000.0,3000.0,1533.3333333333333,1550.6528444171267,1604.6221952411822,1701.8716050679382,3000.0,3000.0,3000.0,3000.0,3000.0,3000.0,3000.0,3000.0,1701.8716050679382,1604.6221952411822,1550.6528444171267,1533.3333333333333,3000.0,3000.0,3000.0,3000.0,1701.8716050679382,1604.6221952411822,1550.6528444171267,1533.3333333333333,3000.0,3000.0,3000.0,3000.0,1701.8716050679382,1604.6221952411822,1550.6528444171267,1533.3333333333333,3000.0,3000.0,3000.0,3000.0,1701.8716050679382,1604.6221952411822,1550.6528444171267,1533.3333333333333,3000.0,3000.0,3000.0,3000.0,1701.8716050679382,1604.6221952411822,1550.6528444171267,1533.3333333333333,3000.0,3000.0,3000.0,3000.0,1701.8716050679382,1604.6221952411822,1550.6528444171267,1533.3333333333333,3000.0,3000.0,3000.0,3000.0,1701.8716050679382,1604.6221952411822,1550.6528444171267,1533.3333333333333,3000.0,3000.0,3000.0,3000.0,1701.8716050679382,1604.6221952411822,1550.6528444171267,1533.3333333333333,3000.0,3000.0,3000.0,3000.0,3000.0,3000.0,3000.0,3000.0,3000.0,3000.0,3000.0,3000.0,3000.0,3000.0,3000.0,3000.0,3000.0,3000.0,3000.0,3000.0,3000.0,3000.0,3000.0,3000.0,3000.0,3000.0,3000.0,3000.0,3000.0,3000.0,3000.0,3000.0,3000.0,3000.0,3000.0,3000.0,3000.0,3000.0,3000.0,3000.0,3000.0,3000.0,3000.0,3000.0,3000.0,3000.0,3000.0,3000.0,3000.0,3000.0,3000.0,3000.0,3000.0,3000.0,3000.0,3000.0,3000.0,3000.0,3000.0,3000.0,3000.0,3000.0,3000.0,3000.0,3000.0,3000.0,3000.0,3000.0,3000.0,3000.0,3000.0,3000.0,3000.0,3000.0,3000.0,3000.0,3000.0,3000.0,3000.0,3000.0,3000.0,3000.0,3000.0,3000.0,3000.0,3000.0,3000.0,3000.0,3000.0,3000.0,3000.0,3000.0,3000.0,3000.0,3000.0,3000.0,3000.0,3000.0,3000.0,3000.0,3000.0,3000.0,3000.0,3000.0,3000.0,3000.0,3000.0,3000.0,3000.0,3000.0,3000.0,3000.0,3000.0,3000.0,3000.0,3000.0,3000.0,3000.0,3000.0,3000.0,3000.0,3000.0,3000.0,3000.0,3000.0,3000.0,3000.0,3000.0,3000.0,3000.0,3000.0,3000.0,3000.0,3000.0,3000.0,3000.0,3000.0,3000.0,3000.0,3000.0,3000.0,3000.0,3000.0,3000.0,3000.0,3000.0,3000.0,3000.0,3000.0,3000.0,3000.0,3000.0,3000.0,3000.0,3000.0,3000.0,3000.0,3000.0,3000.0,3000.0,3000.0,3000.0,3000.0,3000.0,3000.0,3000.0,3000.0,3000.0,3000.0,3000.0,3000.0,3000.0,3000.0,3000.0,3000.0,3000.0,3000.0,3000.0,3000.0,3000.0,3000.0,3000.0,3000.0,3000.0,3000.0,3000.0,3000.0,3000.0,3000.0,3000.0,3000.0,3000.0,3000.0,3000.0,3000.0,3000.0,3000.0,3000.0,3000.0,3000.0,3000.0,3000.0,3000.0,3000.0,3000.0,3000.0,3000.0,3000.0,3000.0,3000.0,3000.0,3000.0,3000.0,3000.0,3000.0,3000.0,3000.0,3000.0,3000.0,3000.0,3000.0,3000.0,3000.0,3000.0,3000.0,3000.0,3000.0,3000.0,3000.0,3000.0,3000.0,3000.0,3000.0,3000.0,3000.0,3000.0,3000.0,3000.0,3000.0,3000.0,3000.0,3000.0,3000.0,3000.0,3000.0,3000.0,3000.0,3000.0,3000.0,3000.0,3000.0,3000.0,3000.0,3000.0,3000.0,3000.0
1933,1516.6666666666665,1533.7979221952016,1587.1806496407348,1683.373000665026,3000.0,3000.0,3000.0,3000.0,1516.6666666666665,1533.7979221952016,1587.1806496407348,1683.373000665026,3000.0,3000.0,3000.0,3000.0,1516.6666666666665,1533.7979221952016,1587.1806496407348,1683.373000665026,3000.0,3000.0,3000.0,3000.0,1516.6666666666665,1533.7979221952016,1587.1806496407348,1683.373000665026,3000.0,3000.0,3000.0,3000.0,1516.6666666666665,1533.7979221952016,1587.1806496407348,1683.373000665026,3000.0,3000.0,3000.0,3000.0,1516.6666666666665,1533.7979221952016,1587.1806496407348,1683.373000665026,3000.0,3000.0,3000.0,3000.0,1516.6666666666665,1533.7979221952016,1587.1806496407348,1683.373000665026,3000.0,3000.0,3000.0,3000.0,1516.6666666666665,1533.7979221952016,1587.1806496407348,1683.373000665026,3000.0,3000.0,3000.0,3000.0,3000.0,3000.0,3000.0,3000.0,1683.373000665026,1587.1806496407348,1533.7979221952016,1516.6666666666665,3000.0,3000.0,3000.0,3000.0,1683.373000665026,1587.1806496407348,1533.7979221952016,1516.6666666666665,3000.0,3000.0,3000.0,3000.0,1683.373000665026,1587.1806496407348,1533.7979221952016,1516.6666666666665,3000.0,3000.0,3000.0,3000.0,1683.373000665026,1587.1806496407348,1533.7979221952016,1516.6666666666665,3000.0,3000.0,3000.0,3000.0,1683.373000665026,1587.1806496407348,1533.7979221952016,1516.6666666666665,3000.0,3000.0,3000.0,3000.0,1683.373000665026,1587.1806496407348,1533.7979221952016,1516.6666666666665,3000.0,3000.0,3000.0,3000.0,1683.373000665026,1587.1806496407348,1533.7979221952016,1516.6666666666665,3000.0,3000.0,3000.0,3000.0,1683.373000665026,1587.1806496407348,1533.7979221952016,1516.6666666666665,3000.0,3000.0,3000.0,3000.0,3000.0,3000.0,3000.0,3000.0,3000.0,3000.0,3000.0,3000.0,3000.0,3000.0,3000.0,3000.0,3000.0,3000.0,3000.0,3000.0,3000.0,3000.0,3000.0,3000.0,3000.0,3000.0,3000.0,3000.0,3000.0,3000.0,3000.0,3000.0,3000.0,3000.0,3000.0,3000.0,3000.0,3000.0,3000.0,3000.0,3000.0,3000.0,3000.0,3000.0,3000.0,3000.0,3000.0,3000.0,3000.0,3000.0,3000.0,3000.0,3000.0,3000.0,3000.0,3000.0,3000.0,3000.0,3000.0,3000.0,3000.0,3000.0,3000.0,3000.0,3000.0,3000.0,3000.0,3000.0,3000.0,3000.0,3000.0,3000.0,3000.0,3000.0,3000.0,3000.0,3000.0,3000.0,3000.0,3000.0,3000.0,3000.0,3000.0,3000.0,3000.0,3000.0,3000.0,3000.0,3000.0,3000.0,3000.0,3000.0,3000.0,3000.0,3000.0,3000.0,3000.0,3000.0,3000.0,3000.0,3000.0,3000.0,3000.0,3000.0,3000.0,3000.0,3000.0,3000.0,3000.0,3000.0,3000.0,3000.0,3000.0,3000.0,3000.0,3000.0,3000.0,3000.0,3000.0,3000.0,3000.0,3000.0,3000.0,3000.0,3000.0,3000.0,3000.0,3000.0,3000.0,3000.0,3000.0,3000.0,3000.0,3000.0,3000.0,3000.0,3000.0,3000.0,3000.0,3000.0,3000.0,3000.0,3000.0,3000.0,3000.0,3000.0,3000.0,3000.0,3000.0,3000.0,3000.0,3000.0,3000.0,3000.0,3000.0,3000.0,3000.0,3000.0,3000.0,3000.0,3000.0,3000.0,3000.0,3000.0,3000.0,3000.0,3000.0,3000.0,3000.0,3000.0,3000.0,3000.0,3000.0,3000.0,3000.0,3000.0,3000.0,3000.0,3000.0,3000.0,3000.0,3000.0,3000.0,3000.0,3000.0,3000.0,3000.0,3000.0,3000.0,3000.0,3000.0,3000.0,3000.0,3000.0,3000.0,3000.0,3000.0,3000.0,3000.0,3000.0,3000.0,3000.0,3000.0,3000.0,3000.0,3000.0,3000.0,3000.0,3000.0,3000.0,3000.0,3000.0,3000.0,3000.0,3000.0,3000.0,3000.0,3000.0,3000.0,3000.0,3000.0,3000.0,3000.0,3000.0,3000.0,3000.0,3000.0,3000.0,3000.0,3000.0,3000.0,3000.0,3000.0,3000.0,3000.0,3000.0,3000.0,3000.0,3000.0,3000.0,3000.0,3000.0,3000.0,3000.0,3000.0,3000.0,3000.0,3000.0,3000.0,3000.0,3000.0,3000.0,3000.0,3000.0,3000.0,3000.0
2000,1500.0000000000002,1516.9429999732765,1569.7391040402872,1664.8743962621138,3000.0,3000.0,3000.0,3000.0,1500.0000000000002,1516.9429999732765,1569.7391040402872,1664.8743962621138,3000.0,3000.0,3000.0,3000.0,1500.0000000000002,1516.9429999732765,1569.7391040402872,1664.8743962621138,3000.0,3000.0,3000.0,3000.0,1500.0000000000002,1516.9429999732765,1569.7391040402872,1664.8743962621138,3000.0,3000.0,3000.0,3000.0,1500.0000000000002,1516.9429999732765,1569.7391040402872,1664.8743962621138,3000.0,3000.0,3000.0,3000.0,1500.0000000000002,1516.9429999732765,1569.7391040402872,1664.8743962621138,3000.0,3000.0,3000.0,3000.0,1500.0000000000002,1516.9429999732765,1569.7391040402872,1664.8743962621138,3000.0,3000.0,3000.0,3000.0,1500.0000000000002,1516.9429999732765,1569.7391040402872,1664.8743962621138,3000.0,3000.0,3000.0,3000.0,3000.0,3000.0,3000.0,3000.0,1664.8743962621138,1569.7391040402872,1516.9429999732765,1500.0000000000002,3000.0,3000.0,3000.0,3000.0,1664.8743962621138,1569.7391040402872,1516.9429999732765,1500.0000000000002,3000.0,3000.0,3000.0,3000.0,1664.8743962621138,1569.7391040402872,1516.9429999732765,1500.0000000000002,3000.0,3000.0,3000.0,3000.0,1664.8743962621138,1569.7391040402872,1516.9429999732765,1500.0000000000002,3000.0,3000.0,3000.0,3000.0,1664.8743962621138,1569.7391040402872,1516.9429999732765,1500.0000000000002,3000.0,3000.0,3000.0,3000.0,1664.8743962621138,1569.7391040402872,1516.9429999732765,1500.0000000000002,3000.0,3000.0,3000.0,3000.0,1664.8743962621138,1569.7391040402872,1516.9429999732765,1500.0000000000002,3000.0,3000.0,3000.0,3000.0,1664.8743962621138,1569.7391040402872,1516.9429999732765,1500.0000000000002,3000.0,3000.0,3000.0,3000.0,3000.0,3000.0,3000.0,3000.0,3000.0,3000.0,3000.0,3000.0,3000.0,3000.0,3000.0,3000.0,3000.0,3000.0,3000.0,3000.0,3000.0,3000.0,3000.0,3000.0,3000.0,3000.0,3000.0,3000.0,3000.0,3000.0,3000.0,3000.0,3000.0,3000.0,3000.0,3000.0,3000.0,3000.0,3000.0,3000.0,3000.0,3000.0,3000.0,3000.0,3000.0,3000.0,3000.0,3000.0,3000.0,3000.0,3000.0,3000.0,3000.0,3000.0,3000.0,3000.0,3000.0,3000.0,3000.0,3000.0,3000.0,3000.0,3000.0,3000.0,3000.0,3000.0,3000.0,3000.0,3000.0,3000.0,3000.0,3000.0,3000.0,3000.0,3000.0,3000.0,3000.0,3000.0,3000.0,3000.0,3000.0,3000.0,3000.0,3000.0,3000.0,3000.0,3000.0,3000.0,3000.0,3000.0,3000.0,3000.0,3000.0,3000.0,3000.0,3000.0,3000.0,3000.0,3000.0,3000.0,3000.0,3000.0,3000.0,3000.0,3000.0,3000.0,3000.0,3000.0,3000.0,3000.0,3000.0,3000.0,3000.0,3000.0,3000.0,3000.0,3000.0,3000.0,3000.0,3000.0,3000.0,3000.0,3000.0,3000.0,3000.0,3000.0,3000.0,3000.0,3000.0,3000.0,3000.0,3000.0,3000.0,3000.0,3000.0,3000.0,3000.0,3000.0,3000.0,3000.0,3000.0,3000.0,3000.0,3000.0,3000.0,3000.0,3000.0,3000.0,3000.0,3000.0,3000.0,3000.0,3000.0,3000.0,3000.0,3000.0,3000.0,3000.0,3000.0,3000.0,3000.0,3000.0,3000.0,3000.0,3000.0,3000.0,3000.0,3000.0,3000.0,3000.0,3000.0,3000.0,3000.0,3000.0,3000.0,3000.0,3000.0,3000.0,3000.0,3000.0,3000.0,3000.0,3000.0,3000.0,3000.0,3000.0,3000.0,3000.0,3000.0,3000.0,3000.0,3000.0,3000.0,3000.0,3000.0,3000.0,3000.0,3000.0,3000.0,3000.0,3000.0,3000.0,3000.0,3000.0,3000.0,3000.0,3000.0,3000.0,3000.0,3000.0,3000.0,3000.0,3000.0,3000.0,3000.0,3000.0,3000.0,3000.0,3000.0,3000.0,3000.0,3000.0,3000.0,3000.0,3000.0,3000.0,3000.0,3000.0,3000.0,3000.0,3000.0,3000.0,3000.0,3000.0,3000.0,3000.0,3000.0,3000.0,3000.0,3000.0,3000.0,3000.0,3000.0,3000.0,3000.0,3000.0,3000.0,3000.0,3000.0,3000.0,3000.0,3000.0,3000.0,3000.0,3000.0,3000.0
2067,1483.3333333333335,1500.0880777513512,1552.2975584398396,1646.3757918592012,3000.0,3000.0,3000.0,3000.0,1483.3333333333335,1500.0880777513512,1552.2975584398396,1646.3757918592012,3000.0,3000.0,3000.0,3000.0,1483.3333333333335,1500.0880777513512,1552.2975584398396,1646.3757918592012,3000.0,3000.0,3000.0,3000.0,1483.3333333333335,1500.0880777513512,1552.2975584398396,1646.3757918592012,3000.0,3000.0,3000.0,3000.0,1483.3333333333335,1500.0880777513512,1552.2975584398396,1646.3757918592012,3000.0,3000.0,3000.0,3000.0,1483.3333333333335,1500.0880777513512,1552.2975584398396,1646.3757918592012,3000.0,3000.0,3000.0,3000.0,1483.3333333333335,1500.0880777513512,1552.2975584398396,1646.3757918592012,3000.0,3000.0,3000.0,3000.0,1483.3333333333335,1500.0880777513512,1552.2975584398396,1646.3757918592012,3000.0,3000.0,3000.0,3000.0,3000.0,3000.0,3000.0,3000.0,1646.3757918592012,1552.2975584398396,1500.0880777513512,1483.3333333333335,3000.0,3000.0,3000.0,3000.0,1646.3757918592012,1552.2975584398396,1500.0880777513512,1483.3333333333335,3000.0,3000.0,3000.0,3000.0,1646.3757918592012,1552.2975584398396,1500.0880777513512,1483.3333333333335,3000.0,3000.0,3000.0,3000.0,1646.3757918592012,1552.2975584398396,1500.0880777513512,1483.3333333333335,3000.0,3000.0,3000.0,3000.0,1646.3757918592012,1552.2975584398396,1500.0880777513512,1483.3333333333335,3000.0,3000.0,3000.0,3000.0,1646.3757918592012,1552.2975584398396,1500.0880777513512,1483.3333333333335,3000.0,3000.0,3000.0,3000.0,1646.3757918592012,1552.2975584398396,1500.0880777513512,1483.3333333333335,3000.0,3000.0,3000.0,3000.0,1646.3757918592012,1552.2975584398396,1500.0880777513512,1483.3333333333335,3000.0,3000.0,3000.0,3000.0,3000.0,3000.0,3000.0,3000.0,3000.0,3000.0,3000.0,3000.0,3000.0,3000.0,3000.0,3000.0,3000.0,3000.0,3000.0,3000.0,3000.0,3000.0,3000.0,3000.0,3000.0,3000.0,3000.0,3000.0,3000.0,3000.0,3000.0,3000.0,3000.0,3000.0,3000.0,3000.0,3000.0,3000.0,3000.0,3000.0,3000.0,3000.0,3000.0,3000.0,3000.0,3000.0,3000.0,3000.0,3000.0,3000.0,3000.0,3000.0,3000.0,3000.0,3000.0,3000.0,3000.0,3000.0,3000.0,3000.0,3000.0,3000.0,3000.0,3000.0,3000.0,3000.0,3000.0,3000.0,3000.0,3000.0,3000.0,3000.0,3000.0,3000.0,3000.0,3000.0,3000.0,3000.0,3000.0,3000.0,3000.0,3000.0,3000.0,3000.0,3000.0,3000.0,3000.0,3000.0,3000.0,3000.0,3000.0,3000.0,3000.0,3000.0,3000.0,3000.0,3000.0,3000.0,3000.0,3000.0,3000.0,3000.0,3000.0,3000.0,3000.0,3000.0,3000.0,3000.0,3000.0,3000.0,3000.0,3000.0,3000.0,3000.0,3000.0,3000.0,3000.0,3000.0,3000.0,3000.0,3000.0,3000.0,3000.0,3000.0,3000.0,3000.0,3000.0,3000.0,3000.0,3000.0,3000.0,3000.0,3000.0,3000.0,3000.0,3000.0,3000.0,3000.0,3000.0,3000.0,3000.0,3000.0,3000.0,3000.0,3000.0,3000.0,3000.0,3000.0,3000.0,3000.0,3000.0,3000.0,3000.0,3000.0,3000.0,3000.0,3000.0,3000.0,3000.0,3000.0,3000.0,3000.0,3000.0,3000.0,3000.0,3000.0,3000.0,3000.0,3000.0,3000.0,3000.0,3000.0,3000.0,3000.0,3000.0,3000.0,3000.0,3000.0,3000.0,3000.0,3000.0,3000.0,3000.0,3000.0,3000.0,3000.0,3000.0,3000.0,3000.0,3000.0,3000.0,3000.0,3000.0,3000.0,3000.0,3000.0,3000.0,3000.0,3000.0,3000.0,3000.0,3000.0,3000.0,3000.0,3000.0,3000.0,3000.0,3000.0,3000.0,3000.0,3000.0,3000.0,3000.0,3000.0,3000.0,3000.0,3000.0,3000.0,3000.0,3000.0,3000.0,3000.0,3000.0,3000.0,3000.0,3000.0,3000.0,3000.0,3000.0,3000.0,3000.0,3000.0,3000.0,3000.0,3000.0,3000.0,3000.0,3000.0,3000.0,3000.0,3000.0,3000.0,3000.0,3000.0,3000.0,3000.0,3000.0,3000.0,3000.0,3000.0,3000.0,3000.0,3000.0,3000.0,3000.0,3000.0
2133,1466.6666666666667,1483.233155529426,1534.8560128393922,1627.8771874562892,3000.0,3000.0,3000.0,3000.0,1466.6666666666667,1483.233155529426,1534.8560128393922,1627.8771874562892,3000.0,3000.0,3000.0,3000.0,1466.6666666666667,1483.233155529426,1534.8560128393922,1627.8771874562892,3000.0,3000.0,3000.0,3000.0,1466.6666666666667,1483.233155529426,1534.8560128393922,1627.8771874562892,3000.0,3000.0,3000.0,3000.0,1466.6666666666667,1483.233155529426,1534.8560128393922,1627.8771874562892,3000.0,3000.0,3000.0,3000.0,1466.6666666666667,1483.233155529426,1534.8560128393922,1627.8771874562892,3000.0,3000.0,3000.0,3000.0,1466.6666666666667,1483.233155529426,1534.8560128393922,1627.8771874562892,3000.0,3000.0,3000.0,3000.0,1466.6666666666667,1483.233155529426,1534.8560128393922,1627.8771874562892,3000.0,3000.0,3000.0,3000.0,3000.0,3000.0,3000.0,3000.0,1627.8771874562892,1534.8560128393922,1483.233155529426,1466.6666666666667,3000.0,3000.0,3000.0,3000.0,1627.8771874562892,1534.8560128393922,1483.233155529426,1466.6666666666667,3000.0,3000.0,3000.0,3000.0,1627.8771874562892,1534.8560128393922,1483.233155529426,1466.6666666666667,3000.0,3000.0,3000.0,3000.0,1627.8771874562892,1534.8560128393922,1483.233155529426,1466.6666666666667,3000.0,3000.0,3000.0,3000.0,1627.8771874562892,1534.8560128393922,1483.233155529426,1466.6666666666667,3000.0,3000.0,3000.0,3000.0,1627.8771874562892,1534.8560128393922,1483.233155529426,1466.6666666666667,3000.0,3000.0,3000.0,3000.0,1627.8771874562892,1534.8560128393922,1483.233155529426,1466.6666666666667,3000.0,3000.0,3000.0,3000.0,1627.8771874562892,1534.8560128393922,1483.233155529426,1466.6666666666667,3000.0,3000.0,3000.0,3000.0,3000.0,3000.0,3000.0,3000.0,3000.0,3000.0,3000.0,3000.0,3000.0,3000.0,3000.0,3000.0,3000.0,3000.0,3000.0,3000.0,3000.0,3000.0,3000.0,3000.0,3000.0,3000.0,3000.0,3000.0,3000.0,3000.0,3000.0,3000.0,3000.0,3000.0,3000.0,3000.0,3000.0,3000.0,3000.0,3000.0,3000.0,3000.0,3000.0,3000.0,3000.0,3000.0,3000.0,3000.0,3000.0,3000.0,3000.0,3000.0,3000.0,3000.0,3000.0,3000.0,3000.0,3000.0,3000.0,3000.0,3000.0,3000.0,3000.0,3000.0,3000.0,3000.0,3000.0,3000.0,3000.0,3000.0,3000.0,3000.0,3000.0,3000.0,3000.0,3000.0,3000.0,3000.0,3000.0,3000.0,3000.0,3000.0,3000.0,3000.0,3000.0,3000.0,3000.0,3000.0,3000.0,3000.0,3000.0,3000.0,3000.0,3000.0,3000.0,3000.0,3000.0,3000.0,3000.0,3000.0,3000.0,3000.0,3000.0,3000.0,3000.0,3000.0,3000.0,3000.0,3000.0,3000.0,3000.0,3000.0,3000.0,3000.0,3000.0,3000.0,3000.0,3000.0,3000.0,3000.0,3000.0,3000.0,3000.0,3000.0,3000.0,3000.0,3000.0,3000.0,3000.0,3000.0,3000.0,3000.0,3000.0,3000.0,3000.0,3000.0,3000.0,3000.0,3000.0,3000.0,3000.0,3000.0,3000.0,3000.0,3000.0,3000.0,3000.0,3000.0,3000.0,3000.0,3000.0,3000.0,3000.0,3000.0,3000.0,3000.0,3000.0,3000.0,3000.0,3000.0,3000.0,3000.0,3000.0,3000.0,3000.0,3000.0,3000.0,3000.0,3000.0,3000.0,3000.0,3000.0,3000.0,3000.0,3000.0,3000.0,3000.0,3000.0,3000.0,3000.0,3000.0,3000.0,3000.0,3000.0,3000.0,3000.0,3000.0,3000.0,3000.0,3000.0,3000.0,3000.0,3000.0,3000.0,3000.0,3000.0,3000.0,3000.0,3000.0,3000.0,3000.0,3000.0,3000.0,3000.0,3000.0,3000.0,3000.0,3000.0,3000.0,3000.0,3000.0,3000.0,3000.0,3000.0,3000.0,3000.0,3000.0,3000.0,3000.0,3000.0,3000.0,3000.0,3000.0,3000.0,3000.0,3000.0,3000.0,3000.0,3000.0,3000.0,3000.0,3000.0,3000.0,3000.0,3000.0,3000.0,3000.0,3000.0,3000.0,3000.0,3000.0,3000.0,3000.0,3000.0,3000.0,3000.0,3000.0,3000.0,3000.0,3000.0,3000.0,3000.0,3000.0,3000.0,3000.0,3000.0
2200,1449.9999999999998,1466.3782333075003,1517.4144672389443,1609.3785830533761,3000.0,3000.0,3000.0,3000.0,1449.9999999999998,1466.3782333075003,1517.4144672389443,1609.3785830533761,3000.0,3000.0,3000.0,3000.0,1449.9999999999998,1466.3782333075003,1517.4144672389443,1609.3785830533761,3000.0,3000.0,3000.0,3000.0,1449.9999999999998,1466.3782333075003,1517.4144672389443,1609.3785830533761,3000.0,3000.0,3000.0,3000.0,1449.9999999999998,1466.3782333075003,1517.4144672389443,1609.3785830533761,3000.0,3000.0,3000.0,3000.0,1449.9999999999998,1466.3782333075003,1517.4144672389443,1609.3785830533761,3000.0,3000.0,3000.0,3000.0,1449.9999999999998,1466.3782333075003,1517.4144672389443,1609.3785830533761,3000.0,3000.0,3000.0,3000.0,1449.9999999999998,1466.3782333075003,1517.4144672389443,1609.3785830533761,3000.0,3000.0,3000.0,3000.0,3000.0,3000.0,3000.0,3000.0,1609.3785830533761,1517.4144672389443,1466.3782333075003,1449.9999999999998,3000.0,3000.0,3000.0,3000.0,1609.3785830533761,1517.4144672389443,1466.3782333075003,1449.9999999999998,3000.0,3000.0,3000.0,3000.0,1609.3785830533761,1517.4144672389443,1466.3782333075003,1449.9999999999998,3000.0,3000.0,3000.0,3000.0,1609.3785830533761,1517.4144672389443,1466.3782333075003,1449.9999999999998,3000.0,3000.0,3000.0,3000.0,1609.3785830533761,1517.4144672389443,1466.3782333075003,1449.9999999999998,3000.0,3000.0,3000.0,3000.0,1609.3785830533761,1517.4144672389443,1466.3782333075003,1449.9999999999998,3000.0,3000.0,3000.0,3000.0,1609.3785830533761,1517.4144672389443,1466.3782333075003,1449.9999999999998,3000.0,3000.0,3000.0,3000.0,1609.3785830533761,1517.4144672389443,1466.3782333075003,1449.9999999999998,3000.0,3000.0,3000.0,3000.0,3000.0,3000.0,3000.0,3000.0,3000.0,3000.0,3000.0,3000.0,3000.0,3000.0,3000.0,3000.0,3000.0,3000.0,3000.0,3000.0,3000.0,3000.0,3000.0,3000.0,3000.0,3000.0,3000.0,3000.0,3000.0,3000.0,3000.0,3000.0,3000.0,3000.0,3000.0,3000.0,3000.0,3000.0,3000.0,3000.0,3000.0,3000.0,3000.0,3000.0,3000.0,3000.0,3000.0,3000.0,3000.0,3000.0,3000.0,3000.0,3000.0,3000.0,3000.0,3000.0,3000.0,3000.0,3000.0,3000.0,3000.0,3000.0,3000.0,3000.0,3000.0,3000.0,3000.0,3000.0,3000.0,3000.0,3000.0,3000.0,3000.0,3000.0,3000.0,3000.0,3000.0,3000.0,3000.0,3000.0,3000.0,3000.0,3000.0,3000.0,3000.0,3000.0,3000.0,3000.0,3000.0,3000.0,3000.0,3000.0,3000.0,3000.0,3000.0,3000.0,3000.0,3000.0,3000.0,3000.0,3000.0,3000.0,3000.0,3000.0,3000.0,3000.0,3000.0,3000.0,3000.0,3000.0,3000.0,3000.0,3000.0,3000.0,3000.0,3000.0,3000.0,3000.0,3000.0,3000.0,3000.0,3000.0,3000.0,3000.0,3000.0,3000.0,3000.0,3000.0,3000.0,3000.0,3000.0,3000.0,3000.0,3000.0,3000.0,3000.0,3000.0,3000.0,3000.0,3000.0,3000.0,3000.0,3000.0,3000.0,3000.0,3000.0,3000.0,3000.0,3000.0,3000.0,3000.0,3000.0,3000.0,3000.0,3000.0,3000.0,3000.0,3000.0,3000.0,3000.0,3000.0,3000.0,3000.0,3000.0,3000.0,3000.0,3000.0,3000.0,3000.0,3000.0,3000.0,3000.0,3000.0,3000.0,3000.0,3000.0,3000.0,3000.0,3000.0,3000.0,3000.0,3000.0,3000.0,3000.0,3000.0,3000.0,3000.0,3000.0,3000.0,3000.0,3000.0,3000.0,3000.0,3000.0,3000.0,3000.0,3000.0,3000.0,3000.0,3000.0,3000.0,3000.0,3000.0,3000.0,3000.0,3000.0,3000.0,3000.0,3000.0,3000.0,3000.0,3000.0,3000.0,3000.0,3000.0,3000.0,3000.0,3000.0,3000.0,3000.0,3000.0,3000.0,3000.0,3000.0,3000.0,3000.0,3000.0,3000.0,3000.0,3000.0,3000.0,3000.0,3000.0,3000.0,3000.0,3000.0,3000.0,3000.0,3000.0,3000.0,3000.0,3000.0,3000.0,3000.0,3000.0,3000.0,3000.0,3000.0,3000.0,3000.0,3000.0,3000.0,3000.0,3000.0,3000.0,3000.0
2267,1433.3333333333333,1449.5233110855752,1499.9729216384967,1590.8799786504642,3000.0,3000.0,3000.0,3000.0,1433.3333333333333,1449.5233110855752,1499.9729216384967,1590.8799786504642,3000.0,3000.0,3000.0,3000.0,1433.3333333333333,1449.5233110855752,1499.9729216384967,1590.8799786504642,3000.0,3000.0,3000.0,3000.0,1433.3333333333333,1449.5233110855752,1499.9729216384967,1590.8799786504642,3000.0,3000.0,3000.0,3000.0,1433.3333333333333,1449.5233110855752,1499.9729216384967,1590.8799786504642,3000.0,3000.0,3000.0,3000.0,1433.3333333333333,1449.5233110855752,1499.9729216384967,1590.8799786504642,3000.0,3000.0,3000.0,3000.0,1433.3333333333333,1449.5233110855752,1499.9729216384967,1590.8799786504642,3000.0,3000.0,3000.0,3000.0,1433.3333333333333,1449.5233110855752,1499.9729216384967,1590.8799786504642,3000.0,3000.0,3000.0,3000.0,3000.0,3000.0,3000.0,3000.0,1590.8799786504642,1499.9729216384967,1449.5233110855752,1433.3333333333333,3000.0,3000.0,3000.0,3000.0,1590.8799786504642,1499.9729216384967,1449.5233110855752,1433.3333333333333,3000.0,3000.0,3000.0,3000.0,1590.8799786504642,1499.9729216384967,1449.5233110855752,1433.3333333333333,3000.0,3000.0,3000.0,3000.0,1590.8799786504642,1499.9729216384967,1449.5233110855752,1433.3333333333333,3000.0,3000.0,3000.0,3000.0,1590.8799786504642,1499.9729216384967,1449.5233110855752,1433.3333333333333,3000.0,3000.0,3000.0,3000.0,1590.8799786504642,1499.9729216384967,1449.5233110855752,1433.3333333333333,3000.0,3000.0,3000.0,3000.0,1590.8799786504642,1499.9729216384967,1449.5233110855752,1433.3333333333333,3000.0,3000.0,3000.0,3000.0,1590.8799786504642,1499.9729216384967,1449.5233110855752,1433.3333333333333,3000.0,3000.0,3000.0,3000.0,3000.0,3000.0,3000.0,3000.0,3000.0,3000.0,3000.0,3000.0,3000.0,3000.0,3000.0,3000.0,3000.0,3000.0,3000.0,3000.0,3000.0,3000.0,3000.0,3000.0,3000.0,3000.0,3000.0,3000.0,3000.0,3000.0,3000.0,3000.0,3000.0,3000.0,3000.0,3000.0,3000.0,3000.0,3000.0,3000.0,3000.0,3000.0,3000.0,3000.0,3000.0,3000.0,3000.0,3000.0,3000.0,3000.0,3000.0,3000.0,3000.0,3000.0,3000.0,3000.0,3000.0,3000.0,3000.0,3000.0,3000.0,3000.0,3000.0,3000.0,3000.0,3000.0,3000.0,3000.0,3000.0,3000.0,3000.0,3000.0,3000.0,3000.0,3000.0,3000.0,3000.0,3000.0,3000.0,3000.0,3000.0,3000.0,3000.0,3000.0,3000.0,3000.0,3000.0,3000.0,3000.0,3000.0,3000.0,3000.0,3000.0,3000.0,3000.0,3000.0,3000.0,3000.0,3000.0,3000.0,3000.0,3000.0,3000.0,3000.0,3000.0,3000.0,3000.0,3000.0,3000.0,3000.0,3000.0,3000.0,3000.0,3000.0,3000.0,3000.0,3000.0,3000.0,3000.0,3000.0,3000.0,3000.0,3000.0,3000.0,3000.0,3000.0,3000.0,3000.0,3000.0,3000.0,3000.0,3000.0,3000.0,3000.0,3000.0,3000.0,3000.0,3000.0,3000.0,3000.0,3000.0,3000.0,3000.0,3000.0,3000.0,3000.0,3000.0,3000.0,3000.0,3000.0,3000.0,3000.0,3000.0,3000.0,3000.0,3000.0,3000.0,3000.0,3000.0,3000.0,3000.0,3000.0,3000.0,3000.0,3000.0,3000.0,3000.0,3000.0,3000.0,3000.0,3000.0,3000.0,3000.0,3000.0,3000.0,3000.0,3000.0,3000.0,3000.0,3000.0,3000.0,3000.0,3000.0,3000.0,3000.0,3000.0,3000.0,3000.0,3000.0,3000.0,3000.0,3000.0,3000.0,3000.0,3000.0,3000.0,3000.0,3000.0,3000.0,3000.0,3000.0,3000.0,3000.0,3000.0,3000.0,3000.0,3000.0,3000.0,3000.0,3000.0,3000.0,3000.0,3000.0,3000.0,3000.0,3000.0,3000.0,3000.0,3000.0,3000.0,3000.0,3000.0,3000.0,3000.0,3000.0,3000.0,3000.0,3000.0,3000.0,3000.0,3000.0,3000.0,3000.0,3000.0,3000.0,3000.0,3000.0,3000.0,3000.0,3000.0,3000.0,3000.0,3000.0,3000.0,3000.0,3000.0,3000.0,3000.0,3000.0,3000.0,3000.0,3000.0,3000.0,3000.0,3000.0,3000.0
2333,1416.6666666666665,1432.6683888636499,1482.531376038049,1572.3813742475515,3000.0,3000.0,3000.0,3000.0,1416.6666666666665,1432.6683888636499,1482.531376038049,1572.3813742475515,3000.0,3000.0,3000.0,3000.0,1416.6666666666665,1432.6683888636499,1482.531376038049,1572.3813742475515,3000.0,3000.0,3000.0,3000.0,1416.6666666666665,1432.6683888636499,1482.531376038049,1572.3813742475515,3000.0,3000.0,3000.0,3000.0,1416.6666666666665,1432.6683888636499,1482.531376038049,1572.3813742475515,3000.0,3000.0,3000.0,3000.0,1416.6666666666665,1432.6683888636499,1482.531376038049,1572.3813742475515,3000.0,3000.0,3000.0,3000.0,1416.6666666666665,1432.6683888636499,1482.531376038049,1572.3813742475515,3000.0,3000.0,3000.0,3000.0,1416.6666666666665,1432.6683888636499,1482.531376038049,1572.3813742475515,3000.0,3000.0,3000.0,3000.0,3000.0,3000.0,3000.0,3000.0,1572.3813742475515,1482.531376038049,1432.6683888636499,1416.6666666666665,3000.0,3000.0,3000.0,3000.0,1572.3813742475515,1482.531376038049,1432.6683888636499,1416.6666666666665,3000.0,3000.0,3000.0,3000.0,1572.3813742475515,1482.531376038049,1432.6683888636499,1416.6666666666665,3000.0,3000.0,3000.0,3000.0,1572.3813742475515,1482.531376038049,1432.6683888636499,1416.6666666666665,3000.0,3000.0,3000.0,3000.0,1572.3813742475515,1482.531376038049,1432.6683888636499,1416.6666666666665,3000.0,3000.0,3000.0,3000.0,1572.3813742475515,1482.531376038049,1432.6683888636499,1416.6666666666665,3000.0,3000.0,3000.0,3000.0,1572.3813742475515,1482.531376038049,1432.6683888636499,1416.6666666666665,3000.0,3000.0,3000.0,3000.0,1572.3813742475515,1482.531376038049,1432.6683888636499,1416.6666666666665,3000.0,3000.0,3000.0,3000.0,3000.0,3000.0,3000.0,3000.0,3000.0,3000.0,3000.0,3000.0,3000.0,3000.0,3000.0,3000.0,3000.0,3000.0,3000.0,3000.0,3000.0,3000.0,3000.0,3000.0,3000.0,3000.0,3000.0,3000.0,3000.0,3000.0,3000.0,3000.0,3000.0,3000.0,3000.0,3000.0,3000.0,3000.0,3000.0,3000.0,3000.0,3000.0,3000.0,3000.0,3000.0,3000.0,3000.0,3000.0,3000.0,3000.0,3000.0,3000.0,3000.0,3000.0,3000.0,3000.0,3000.0,3000.0,3000.0,3000.0,3000.0,3000.0,3000.0,3000.0,3000.0,3000.0,3000.0,3000.0,3000.0,3000.0,3000.0,3000.0,3000.0,3000.0,3000.0,3000.0,3000.0,3000.0,3000.0,3000.0,3000.0,3000.0,3000.0,3000.0,3000.0,3000.0,3000.0,3000.0,3000.0,3000.0,3000.0,3000.0,3000.0,3000.0,3000.0,3000.0,3000.0,3000.0,3000.0,3000.0,3000.0,3000.0,3000.0,3000.0,3000.0,3000.0,3000.0,3000.0,3000.0,3000.0,3000.0,3000.0,3000.0,3000.0,3000.0,3000.0,3000.0,3000.0,3000.0,3000.0,3000.0,3000.0,3000.0,3000.0,3000.0,3000.0,3000.0,3000.0,3000.0,3000.0,3000.0,3000.0,3000.0,3000.0,3000.0,3000.0,3000.0,3000.0,3000.0,3000.0,3000.0,3000.0,3000.0,3000.0,3000.0,3000.0,3000.0,3000.0,3000.0,3000.0,3000.0,3000.0,3000.0,3000.0,3000.0,3000.0,3000.0,3000.0,3000.0,3000.0,3000.0,3000.0,3000.0,3000.0,3000.0,3000.0,3000.0,3000.0,3000.0,3000.0,3000.0,3000.0,3000.0,3000.0,3000.0,3000.0,3000.0,3000.0,3000.0,3000.0,3000.0,3000.0,3000.0,3000.0,3000.0,3000.0,3000.0,3000.0,3000.0,3000.0,3000.0,3000.0,3000.0,3000.0,3000.0,3000.0,3000.0,3000.0,3000.0,3000.0,3000.0,3000.0,3000.0,3000.0,3000.0,3000.0,3000.0,3000.0,3000.0,3000.0,3000.0,3000.0,3000.0,3000.0,3000.0,3000.0,3000.0,3000.0,3000.0,3000.0,3000.0,3000.0,3000.0,3000.0,3000.0,3000.0,3000.0,3000.0,3000.0,3000.0,3000.0,3000.0,3000.0,3000.0,3000.0,3000.0,3000.0,3000.0,3000.0,3000.0,3000.0,3000.0,3000.0,3000.0,3000.0,3000.0,3000.0,3000.0,3000.0,3000.0,3000.0,3000.0,3000.0,3000.0,3000.0,3000.0
2400,1399.9999999999998,1415.8134666417243,1465.0898304376012,1553.8827698446391,3000.0,3000.0,3000.0,3000.0,1399.9999999999998,1415.8134666417243,1465.0898304376012,1553.8827698446391,3000.0,3000.0,3000.0,3000.0,1399.9999999999998,1415.8134666417243,1465.0898304376012,1553.8827698446391,3000.0,3000.0,3000.0,3000.0,1399.9999999999998,1415.8134666417243,1465.0898304376012,1553.8827698446391,3000.0,3000.0,3000.0,3000.0,1399.9999999999998,1415.8134666417243,1465.0898304376012,1553.8827698446391,3000.0,3000.0,3000.0,3000.0,1399.9999999999998,1415.8134666417243,1465.0898304376012,1553.8827698446391,3000.0,3000.0,3000.0,3000.0,1399.9999999999998,1415.8134666417243,1465.0898304376012,1553.8827698446391,3000.0,3000.0,3000.0,3000.0,1399.9999999999998,1415.8134666417243,1465.0898304376012,1553.8827698446391,3000.0,3000.0,3000.0,3000.0,3000.0,3000.0,3000.0,3000.0,1553.8827698446391,1465.0898304376012,1415.8134666417243,1399.9999999999998,3000.0,3000.0,3000.0,3000.0,1553.8827698446391,1465.0898304376012,1415.8134666417243,1399.9999999999998,3000.0,3000.0,3000.0,3000.0,1553.8827698446391,1465.0898304376012,1415.8134666417243,1399.9999999999998,3000.0,3000.0,3000.0,3000.0,1553.8827698446391,1465.0898304376012,1415.8134666417243,1399.9999999999998,3000.0,3000.0,3000.0,3000.0,1553.8827698446391,1465.0898304376012,1415.8134666417243,1399.9999999999998,3000.0,3000.0,3000.0,3000.0,1553.8827698446391,1465.0898304376012,1415.8134666417243,1399.9999999999998,3000.0,3000.0,3000.0,3000.0,1553.8827698446391,1465.0898304376012,1415.8134666417243,1399.9999999999998,3000.0,3000.0,3000.0,3000.0,1553.8827698446391,1465.0898304376012,1415.8134666417243,1399.9999999999998,3000.0,3000.0,3000.0,3000.0,3000.0,3000.0,3000.0,3000.0,3000.0,3000.0,3000.0,3000.0,3000.0,3000.0,3000.0,3000.0,3000.0,3000.0,3000.0,3000.0,3000.0,3000.0,3000.0,3000.0,3000.0,3000.0,3000.0,3000.0,3000.0,3000.0,3000.0,3000.0,3000.0,3000.0,3000.0,3000.0,3000.0,3000.0,3000.0,3000.0,3000.0,3000.0,3000.0,3000.0,3000.0,3000.0,3000.0,3000.0,3000.0,3000.0,3000.0,3000.0,3000.0,3000.0,3000.0,3000.0,3000.0,3000.0,3000.0,3000.0,3000.0,3000.0,3000.0,3000.0,3000.0,3000.0,3000.0,3000.0,3000.0,3000.0,3000.0,3000.0,3000.0,3000.0,3000.0,3000.0,3000.0,3000.0,3000.0,3000.0,3000.0,3000.0,3000.0,3000.0,3000.0,3000.0,3000.0,3000.0,3000.0,3000.0,3000.0,3000.0,3000.0,3000.0,3000.0,3000.0,3000.0,3000.0,3000.0,3000.0,3000.0,3000.0,3000.0,3000.0,3000.0,3000.0,3000.0,3000.0,3000.0,3000.0,3000.0,3000.0,3000.0,3000.0,3000.0,3000.0,3000.0,3000.0,3000.0,3000.0,3000.0,3000.0,3000.0,3000.0,3000.0,3000.0,3000.0,3000.0,3000.0,3000.0,3000.0,3000.0,3000.0,3000.0,3000.0,3000.0,3000.0,3000.0,3000.0,3000.0,3000.0,3000.0,3000.0,3000.0,3000.0,3000.0,3000.0,3000.0,3000.0,3000.0,3000.0,3000.0,3000.0,3000.0,3000.0,3000.0,3000.0,3000.0,3000.0,3000.0,3000.0,3000.0,3000.0,3000.0,3000.0,3000.0,3000.0,3000.0,3000.0,3000.0,3000.0,3000.0,3000.0,3000.0,3000.0,3000.0,3000.0,3000.0,3000.0,3000.0,3000.0,3000.0,3000.0,3000.0,3000.0,3000.0,3000.0,3000.0,3000.0,3000.0,3000.0,3000.0,3000.0,3000.0,3000.0,3000.0,3000.0,3000.0,3000.0,3000.0,3000.0,3000.0,3000.0,3000.0,3000.0,3000.0,3000.0,3000.0,3000.0,3000.0,3000.0,3000.0,3000.0,3000.0,3000.0,3000.0,3000.0,3000.0,3000.0,3000.0,3000.0,3000.0,3000.0,3000.0,3000.0,3000.0,3000.0,3000.0,3000.0,3000.0,3000.0,3000.0,3000.0,3000.0,3000.0,3000.0,3000.0,3000.0,3000.0,3000.0,3000.0,3000.0,3000.0,3000.0,3000.0,3000.0,3000.0,3000.0,3000.0,3000.0,3000.0,3000.0,3000.0,3000.0,3000.0,3000.0
2467,1383.3333333333333,1398.9585444197994,1447.6482848371536,1535.384165441727,3000.0,3000.0,3000.0,3000.0,1383.3333333333333,1398.9585444197994,1447.6482848371536,1535.384165441727,3000.0,3000.0,3000.0,3000.0,1383.3333333333333,1398.9585444197994,1447.6482848371536,1535.384165441727,3000.0,3000.0,3000.0,3000.0,1383.3333333333333,1398.9585444197994,1447.6482848371536,1535.384165441727,3000.0,3000.0,3000.0,3000.0,1383.3333333333333,1398.9585444197994,1447.6482848371536,1535.384165441727,3000.0,3000.0,3000.0,3000.0,1383.3333333333333,1398.9585444197994,1447.6482848371536,1535.384165441727,3000.0,3000.0,3000.0,3000.0,1383.3333333333333,1398.9585444197994,1447.6482848371536,1535.384165441727,3000.0,3000.0,3000.0,3000.0,1383.3333333333333,1398.9585444197994,1447.6482848371536,1535.384165441727,3000.0,3000.0,3000.0,3000.0,3000.0,3000.0,3000.0,3000.0,1535.384165441727,1447.6482848371536,1398.9585444197994,1383.3333333333333,3000.0,3000.0,3000.0,3000.0,1535.384165441727,1447.6482848371536,1398.9585444197994,1383.3333333333333,3000.0,3000.0,3000.0,3000.0,1535.384165441727,1447.6482848371536,1398.9585444197994,1383.3333333333333,3000.0,3000.0,3000.0,3000.0,1535.384165441727,1447.6482848371536,1398.9585444197994,1383.3333333333333,3000.0,3000.0,3000.0,3000.0,1535.384165441727,1447.6482848371536,1398.9585444197994,1383.3333333333333,3000.0,3000.0,3000.0,3000.0,1535.384165441727,1447.6482848371536,1398.9585444197994,1383.3333333333333,3000.0,3000.0,3000.0,3000.0,1535.384165441727,1447.6482848371536,1398.9585444197994,1383.3333333333333,3000.0,3000.0,3000.0,3000.0,1535.384165441727,1447.6482848371536,1398.9585444197994,1383.3333333333333,3000.0,3000.0,3000.0,3000.0,3000.0,3000.0,3000.0,3000.0,3000.0,3000.0,3000.0,3000.0,3000.0,3000.0,3000.0,3000.0,3000.0,3000.0,3000.0,3000.0,3000.0,3000.0,3000.0,3000.0,3000.0,3000.0,3000.0,3000.0,3000.0,3000.0,3000.0,3000.0,3000.0,3000.0,3000.0,3000.0,3000.0,3000.0,3000.0,3000.0,3000.0,3000.0,3000.0,3000.0,3000.0,3000.0,3000.0,3000.0,3000.0,3000.0,3000.0,3000.0,3000.0,3000.0,3000.0,3000.0,3000.0,3000.0,3000.0,3000.0,3000.0,3000.0,3000.0,3000.0,3000.0,3000.0,3000.0,3000.0,3000.0,3000.0,3000.0,3000.0,3000.0,3000.0,3000.0,3000.0,3000.0,3000.0,3000.0,3000.0,3000.0,3000.0,3000.0,3000.0,3000.0,3000.0,3000.0,3000.0,3000.0,3000.0,3000.0,3000.0,3000.0,3000.0,3000.0,3000.0,3000.0,3000.0,3000.0,3000.0,3000.0,3000.0,3000.0,3000.0,3000.0,3000.0,3000.0,3000.0,3000.0,3000.0,3000.0,3000.0,3000.0,3000.0,3000.0,3000.0,3000.0,3000.0,3000.0,3000.0,3000.0,3000.0,3000.0,3000.0,3000.0,3000.0,3000.0,3000.0,3000.0,3000.0,3000.0,3000.0,3000.0,3000.0,3000.0,3000.0,3000.0,3000.0,3000.0,3000.0,3000.0,3000.0,3000.0,3000.0,3000.0,3000.0,3000.0,3000.0,3000.0,3000.0,3000.0,3000.0,3000.0,3000.0,3000.0,3000.0,3000.0,3000.0,3000.0,3000.0,3000.0,3000.0,3000.0,3000.0,3000.0,3000.0,3000.0,3000.0,3000.0,3000.0,3000.0,3000.0,3000.0,3000.0,3000.0,3000.0,3000.0,3000.0,3000.0,3000.0,3000.0,3000.0,3000.0,3000.0,3000.0,3000.0,3000.0,3000.0,3000.0,3000.0,3000.0,3000.0,3000.0,3000.0,3000.0,3000.0,3000.0,3000.0,3000.0,3000.0,3000.0,3000.0,3000.0,3000.0,3000.0,3000.0,3000.0,3000.0,3000.0,3000.0,3000.0,3000.0,3000.0,3000.0,3000.0,3000.0,3000.0,3000.0,3000.0,3000.0,3000.0,3000.0,3000.0,3000.0,3000.0,3000.0,3000.0,3000.0,3000.0,3000.0,3000.0,3000.0,3000.0,3000.0,3000.0,3000.0,3000.0,3000.0,3000.0,3000.0,3000.0,3000.0,3000.0,3000.0,3000.0,3000.0,3000.0,3000.0,3000.0,3000.0,3000.0,3000.0,3000.0,3000.0,3000.0,3000.0
2533,1366.6666666666667,1382.1036221978743,1430.2067392367062,1516.8855610388148,3000.0,3000.0,3000.0,3000.0,1366.6666666666667,1382.1036221978743,1430.2067392367062,1516.8855610388148,3000.0,3000.0,3000.0,3000.0,1366.6666666666667,1382.1036221978743,1430.2067392367062,1516.8855610388148,3000.0,3000.0,3000.0,3000.0,1366.6666666666667,1382.1036221978743,1430.2067392367062,1516.8855610388148,3000.0,3000.0,3000.0,3000.0,1366.6666666666667,1382.1036221978743,1430.2067392367062,1516.8855610388148,3000.0,3000.0,3000.0,3000.0,1366.6666666666667,1382.1036221978743,1430.2067392367062,1516.8855610388148,3000.0,3000.0,3000.0,3000.0,1366.6666666666667,1382.1036221978743,1430.2067392367062,1516.8855610388148,3000.0,3000.0,3000.0,3000.0,1366.6666666666667,1382.1036221978743,1430.2067392367062,1516.8855610388148,3000.0,3000.0,3000.0,3000.0,3000.0,3000.0,3000.0,3000.0,1516.8855610388148,1430.2067392367062,1382.1036221978743,1366.6666666666667,3000.0,3000.0,3000.0,3000.0,1516.8855610388148,1430.2067392367062,1382.1036221978743,1366.6666666666667,3000.0,3000.0,3000.0,3000.0,1516.8855610388148,1430.2067392367062,1382.1036221978743,1366.6666666666667,3000.0,3000.0,3000.0,3000.0,1516.8855610388148,1430.2067392367062,1382.1036221978743,1366.6666666666667,3000.0,3000.0,3000.0,3000.0,1516.8855610388148,1430.2067392367062,1382.1036221978743,1366.6666666666667,3000.0,3000.0,3000.0,3000.0,1516.8855610388148,1430.2067392367062,1382.1036221978743,1366.6666666666667,3000.0,3000.0,3000.0,3000.0,1516.8855610388148,1430.2067392367062,1382.1036221978743,1366.6666666666667,3000.0,3000.0,3000.0,3000.0,1516.8855610388148,1430.2067392367062,1382.1036221978743,1366.6666666666667,3000.0,3000.0,3000.0,3000.0,3000.0,3000.0,3000.0,3000.0,3000.0,3000.0,3000.0,3000.0,3000.0,3000.0,3000.0,3000.0,3000.0,3000.0,3000.0,3000.0,3000.0,3000.0,3000.0,3000.0,3000.0,3000.0,3000.0,3000.0,3000.0,3000.0,3000.0,3000.0,3000.0,3000.0,3000.0,3000.0,3000.0,3000.0,3000.0,3000.0,3000.0,3000.0,3000.0,3000.0,3000.0,3000.0,3000.0,3000.0,3000.0,3000.0,3000.0,3000.0,3000.0,3000.0,3000.0,3000.0,3000.0,3000.0,3000.0,3000.0,3000.0,3000.0,3000.0,3000.0,3000.0,3000.0,3000.0,3000.0,3000.0,3000.0,3000.0,3000.0,3000.0,3000.0,3000.0,3000.0,3000.0,3000.0,3000.0,3000.0,3000.0,3000.0,3000.0,3000.0,3000.0,3000.0,3000.0,3000.0,3000.0,3000.0,3000.0,3000.0,3000.0,3000.0,3000.0,3000.0,3000.0,3000.0,3000.0,3000.0,3000.0,3000.0,3000.0,3000.0,3000.0,3000.0,3000.0,3000.0,3000.0,3000.0,3000.0,3000.0,3000.0,3000.0,3000.0,3000.0,3000.0,3000.0,3000.0,3000.0,3000.0,3000.0,3000.0,3000.0,3000.0,3000.0,3000.0,3000.0,3000.0,3000.0,3000.0,3000.0,3000.0,3000.0,3000.0,3000.0,3000.0,3000.0,3000.0,3000.0,3000.0,3000.0,3000.0,3000.0,3000.0,3000.0,3000.0,3000.0,3000.0,3000.0,3000.0,3000.0,3000.0,3000.0,3000.0,3000.0,3000.0,3000.0,3000.0,3000.0,3000.0,3000.0,3000.0,3000.0,3000.0,3000.0,3000.0,3000.0,3000.0,3000.0,3000.0,3000.0,3000.0,3000.0,3000.0,3000.0,3000.0,3000.0,3000.0,3000.0,3000.0,3000.0,3000.0,3000.0,3000.0,3000.0,3000.0,3000.0,3000.0,3000.0,3000.0,3000.0,3000.0,3000.0,3000.0,3000.0,3000.0,3000.0,3000.0,3000.0,3000.0,3000.0,3000.0,3000.0,3000.0,3000.0,3000.0,3000.0,3000.0,3000.0,3000.0,3000.0,3000.0,3000.0,3000.0,3000.0,3000.0,3000.0,3000.0,3000.0,3000.0,3000.0,3000.0,3000.0,3000.0,3000.0,3000.0,3000.0,3000.0,3000.0,3000.0,3000.0,3000.0,3000.0,3000.0,3000.0,3000.0,3000.0,3000.0,3000.0,3000.0,3000.0,3000.0,3000.0,3000.0,3000.0,3000.0,3000.0,3000.0,3000.0,3000.0,3000.0,3000.0,3000.0,3000.0,3000.0
2600,1350.0,1365.2486999759487,1412.7651936362586,1498.3869566359024,3000.0,3000.0,3000.0,3000.0,1350.0,1365.2486999759487,1412.7651936362586,1498.3869566359024,3000.0,3000.0,3000.0,3000.0,1350.0,1365.2486999759487,1412.7651936362586,1498.3869566359024,3000.0,3000.0,3000.0,3000.0,1350.0,1365.2486999759487,1412.7651936362586,1498.3869566359024,3000.0,3000.0,3000.0,3000.0,1350.0,1365.2486999759487,1412.7651936362586,1498.3869566359024,3000.0,3000.0,3000.0,3000.0,1350.0,1365.2486999759487,1412.7651936362586,1498.3869566359024,3000.0,3000.0,3000.0,3000.0,1350.0,1365.2486999759487,1412.7651936362586,1498.3869566359024,3000.0,3000.0,3000.0,3000.0,1350.0,1365.2486999759487,1412.7651936362586,1498.3869566359024,3000.0,3000.0,3000.0,3000.0,3000.0,3000.0,3000.0,3000.0,1498.3869566359024,1412.7651936362586,1365.2486999759487,1350.0,3000.0,3000.0,3000.0,3000.0,1498.3869566359024,1412.7651936362586,1365.2486999759487,1350.0,3000.0,3000.0,3000.0,3000.0,1498.3869566359024,1412.7651936362586,1365.2486999759487,1350.0,3000.0,3000.0,3000.0,3000.0,1498.3869566359024,1412.7651936362586,1365.2486999759487,1350.0,3000.0,3000.0,3000.0,3000.0,1498.3869566359024,1412.7651936362586,1365.2486999759487,1350.0,3000.0,3000.0,3000.0,3000.0,1498.3869566359024,1412.7651936362586,1365.2486999759487,1350.0,3000.0,3000.0,3000.0,3000.0,1498.3869566359024,1412.7651936362586,1365.2486999759487,1350.0,3000.0,3000.0,3000.0,3000.0,1498.3869566359024,1412.7651936362586,1365.2486999759487,1350.0,3000.0,3000.0,3000.0,3000.0,3000.0,3000.0,3000.0,3000.0,3000.0,3000.0,3000.0,3000.0,3000.0,3000.0,3000.0,3000.0,3000.0,3000.0,3000.0,3000.0,3000.0,3000.0,3000.0,3000.0,3000.0,3000.0,3000.0,3000.0,3000.0,3000.0,3000.0,3000.0,3000.0,3000.0,3000.0,3000.0,3000.0,3000.0,3000.0,3000.0,3000.0,3000.0,3000.0,3000.0,3000.0,3000.0,3000.0,3000.0,3000.0,3000.0,3000.0,3000.0,3000.0,3000.0,3000.0,3000.0,3000.0,3000.0,3000.0,3000.0,3000.0,3000.0,3000.0,3000.0,3000.0,3000.0,3000.0,3000.0,3000.0,3000.0,3000.0,3000.0,3000.0,3000.0,3000.0,3000.0,3000.0,3000.0,3000.0,3000.0,3000.0,3000.0,3000.0,3000.0,3000.0,3000.0,3000.0,3000.0,3000.0,3000.0,3000.0,3000.0,3000.0,3000.0,3000.0,3000.0,3000.0,3000.0,3000.0,3000.0,3000.0,3000.0,3000.0,3000.0,3000.0,3000.0,3000.0,3000.0,3000.0,3000.0,3000.0,3000.0,3000.0,3000.0,3000.0,3000.0,3000.0,3000.0,3000.0,3000.0,3000.0,3000.0,3000.0,3000.0,3000.0,3000.0,3000.0,3000.0,3000.0,3000.0,3000.0,3000.0,3000.0,3000.0,3000.0,3000.0,3000.0,3000.0,3000.0,3000.0,3000.0,3000.0,3000.0,3000.0,3000.0,3000.0,3000.0,3000.0,3000.0,3000.0,3000.0,3000.0,3000.0,3000.0,3000.0,3000.0,3000.0,3000.0,3000.0,3000.0,3000.0,3000.0,3000.0,3000.0,3000.0,3000.0,3000.0,3000.0,3000.0,3000.0,3000.0,3000.0,3000.0,3000.0,3000.0,3000.0,3000.0,3000.0,3000.0,3000.0,3000.0,3000.0,3000.0,3000.0,3000.0,3000.0,3000.0,3000.0,3000.0,3000.0,3000.0,3000.0,3000.0,3000.0,3000.0,3000.0,3000.0,3000.0,3000.0,3000.0,3000.0,3000.0,3000.0,3000.0,3000.0,3000.0,3000.0,3000.0,3000.0,3000.0,3000.0,3000.0,3000.0,3000.0,3000.0,3000.0,3000.0,3000.0,3000.0,3000.0,3000.0,3000.0,3000.0,3000.0,3000.0,3000.0,3000.0,3000.0,3000.0,3000.0,3000.0,3000.0,3000.0,3000.0,3000.0,3000.0,3000.0,3000.0,3000.0,3000.0,3000.0,3000.0,3000.0,3000.0,3000.0,3000.0,3000.0,3000.0,3000.0,3000.0,3000.0,3000.0,3000.0,3000.0,3000.0,3000.0
2667,1333.3333333333335,1348.3937777540236,1395.3236480358112,1479.8883522329902,3000.0,3000.0,3000.0,3000.0,1333.3333333333335,1348.3937777540236,1395.3236480358112,1479.8883522329902,3000.0,3000.0,3000.0,3000.0,1333.3333333333335,1348.3937777540236,1395.3236480358112,1479.8883522329902,3000.0,3000.0,3000.0,3000.0,1333.3333333333335,1348.3937777540236,1395.3236480358112,1479.8883522329902,3000.0,3000.0,3000.0,3000.0,1333.3333333333335,1348.3937777540236,1395.3236480358112,1479.8883522329902,3000.0,3000.0,3000.0,3000.0,1333.3333333333335,1348.3937777540236,1395.3236480358112,1479.8883522329902,3000.0,3000.0,3000.0,3000.0,1333.3333333333335,1348.3937777540236,1395.3236480358112,1479.8883522329902,3000.0,3000.0,3000.0,3000.0,1333.3333333333335,1348.3937777540236,1395.3236480358112,1479.8883522329902,3000.0,3000.0,3000.0,3000.0,3000.0,3000.0,3000.0,3000.0,1479.8883522329902,1395.3236480358112,1348.3937777540236,1333.3333333333335,3000.0,3000.0,3000.0,3000.0,1479.8883522329902,1395.3236480358112,1348.3937777540236,1333.3333333333335,3000.0,3000.0,3000.0,3000.0,1479.8883522329902,1395.3236480358112,1348.3937777540236,1333.3333333333335,3000.0,3000.0,3000.0,3000.0,1479.8883522329902,1395.3236480358112,1348.3937777540236,1333.3333333333335,3000.0,3000.0,3000.0,3000.0,1479.8883522329902,1395.3236480358112,1348.3937777540236,1333.3333333333335,3000.0,3000.0,3000.0,3000.0,1479.8883522329902,1395.3236480358112,1348.3937777540236,1333.3333333333335,3000.0,3000.0,3000.0,3000.0,1479.8883522329902,1395.3236480358112,1348.3937777540236,1333.3333333333335,3000.0,3000.0,3000.0,3000.0,1479.8883522329902,1395.3236480358112,1348.3937777540236,1333.3333333333335,3000.0,3000.0,3000.0,3000.0,3000.0,3000.0,3000.0,3000.0,3000.0,3000.0,3000.0,3000.0,3000.0,3000.0,3000.0,3000.0,3000.0,3000.0,3000.0,3000.0,3000.0,3000.0,3000.0,3000.0,3000.0,3000.0,3000.0,3000.0,3000.0,3000.0,3000.0,3000.0,3000.0,3000.0,3000.0,3000.0,3000.0,3000.0,3000.0,3000.0,3000.0,3000.0,3000.0,3000.0,3000.0,3000.0,3000.0,3000.0,3000.0,3000.0,3000.0,3000.0,3000.0,3000.0,3000.0,3000.0,3000.0,3000.0,3000.0,3000.0,3000.0,3000.0,3000.0,3000.0,3000.0,3000.0,3000.0,3000.0,3000.0,3000.0,3000.0,3000.0,3000.0,3000.0,3000.0,3000.0,3000.0,3000.0,3000.0,3000.0,3000.0,3000.0,3000.0,3000.0,3000.0,3000.0,3000.0,3000.0,3000.0,3000.0,3000.0,3000.0,3000.0,3000.0,3000.0,3000.0,3000.0,3000.0,3000.0,3000.0,3000.0,3000.0,3000.0,3000.0,3000.0,3000.0,3000.0,3000.0,3000.0,3000.0,3000.0,3000.0,3000.0,3000.0,3000.0,3000.0,3000.0,3000.0,3000.0,3000.0,3000.0,3000.0,3000.0,3000.0,3000.0,3000.0,3000.0,3000.0,3000.0,3000.0,3000.0,3000.0,3000.0,3000.0,3000.0,3000.0,3000.0,3000.0,3000.0,3000.0,3000.0,3000.0,3000.0,3000.0,3000.0,3000.0,3000.0,3000.0,3000.0,3000.0,3000.0,3000.0,3000.0,3000.0,3000.0,3000.0,3000.0,3000.0,3000.0,3000.0,3000.0,3000.0,3000.0,3000.0,3000.0,3000.0,3000.0,3000.0,3000.0,3000.0,3000.0,3000.0,3000.0,3000.0,3000.0,3000.0,3000.0,3000.0,3000.0,3000.0,3000.0,3000.0,3000.0,3000.0,3000.0,3000.0,3000.0,3000.0,3000.0,3000.0,3000.0,3000.0,3000.0,3000.0,3000.0,3000.0,3000.0,3000.0,3000.0,3000.0,3000.0,3000.0,3000.0,3000.0,3000.0,3000.0,3000.0,3000.0,3000.0,3000.0,3000.0,3000.0,3000.0,3000.0,3000.0,3000.0,3000.0,3000.0,3000.0,3000.0,3000.0,3000.0,3000.0,3000.0,3000.0,3000.0,3000.0,3000.0,3000.0,3000.0,3000.0,3000.0,3000.0,3000.0,3000.0,3000.0,3000.0,3000.0,3000.0,3000.0,3000.0,3000.0,3000.0,3000.0,3000.0,3000.0,3000.0,3000.0,3000.0,3000.0,3000.0,3000.0,3000.0,3000.0,3000.0,3000.0
2733,1316.6666666666667,1331.538855532098,1377.8821024353633,1461.3897478300778,3000.0,3000.0,3000.0,3000.0,1316.6666666666667,1331.538855532098,1377.8821024353633,1461.3897478300778,3000.0,3000.0,3000.0,3000.0,1316.6666666666667,1331.538855532098,1377.8821024353633,1461.3897478300778,3000.0,3000.0,3000.0,3000.0,1316.6666666666667,1331.538855532098,1377.8821024353633,1461.3897478300778,3000.0,3000.0,3000.0,3000.0,1316.6666666666667,1331.538855532098,1377.8821024353633,1461.3897478300778,3000.0,3000.0,3000.0,3000.0,1316.6666666666667,1331.538855532098,1377.8821024353633,1461.3897478300778,3000.0,3000.0,3000.0,3000.0,1316.6666666666667,1331.538855532098,1377.8821024353633,1461.3897478300778,3000.0,3000.0,3000.0,3000.0,1316.6666666666667,1331.538855532098,1377.8821024353633,1461.3897478300778,3000.0,3000.0,3000.0,3000.0,3000.0,3000.0,3000.0,3000.0,1461.3897478300778,1377.8821024353633,1331.538855532098,1316.6666666666667,3000.0,3000.0,3000.0,3000.0,1461.3897478300778,1377.8821024353633,1331.538855532098,1316.6666666666667,3000.0,3000.0,3000.0,3000.0,1461.3897478300778,1377.8821024353633,1331.538855532098,1316.6666666666667,3000.0,3000.0,3000.0,3000.0,1461.3897478300778,1377.8821024353633,1331.538855532098,1316.6666666666667,3000.0,3000.0,3000.0,3000.0,1461.3897478300778,1377.8821024353633,1331.538855532098,1316.6666666666667,3000.0,3000.0,3000.0,3000.0,1461.3897478300778,1377.8821024353633,1331.538855532098,1316.6666666666667,3000.0,3000.0,3000.0,3000.0,1461.3897478300778,1377.8821024353633,1331.538855532098,1316.6666666666667,3000.0,3000.0,3000.0,3000.0,1461.3897478300778,1377.8821024353633,1331.538855532098,1316.6666666666667,3000.0,3000.0,3000.0,3000.0,3000.0,3000.0,3000.0,3000.0,3000.0,3000.0,3000.0,3000.0,3000.0,3000.0,3000.0,3000.0,3000.0,3000.0,3000.0,3000.0,3000.0,3000.0,3000.0,3000.0,3000.0,3000.0,3000.0,3000.0,3000.0,3000.0,3000.0,3000.0,3000.0,3000.0,3000.0,3000.0,3000.0,3000.0,3000.0,3000.0,3000.0,3000.0,3000.0,3000.0,3000.0,3000.0,3000.0,3000.0,3000.0,3000.0,3000.0,3000.0,3000.0,3000.0,3000.0,3000.0,3000.0,3000.0,3000.0,3000.0,3000.0,3000.0,3000.0,3000.0,3000.0,3000.0,3000.0,3000.0,3000.0,3000.0,3000.0,3000.0,3000.0,3000.0,3000.0,3000.0,3000.0,3000.0,3000.0,3000.0,3000.0,3000.0,3000.0,3000.0,3000.0,3000.0,3000.0,3000.0,3000.0,3000.0,3000.0,3000.0,3000.0,3000.0,3000.0,3000.0,3000.0,3000.0,3000.0,3000.0,3000.0,3000.0,3000.0,3000.0,3000.0,3000.0,3000.0,3000.0,3000.0,3000.0,3000.0,3000.0,3000.0,3000.0,3000.0,3000.0,3000.0,3000.0,3000.0,3000.0,3000.0,3000.0,3000.0,3000.0,3000.0,3000.0,3000.0,3000.0,3000.0,3000.0,3000.0,3000.0,3000.0,3000.0,3000.0,3000.0,3000.0,3000.0,3000.0,3000.0,3000.0,3000.0,3000.0,3000.0,3000.0,3000.0,3000.0,3000.0,3000.0,3000.0,3000.0,3000.0,3000.0,3000.0,3000.0,3000.0,3000.0,3000.0,3000.0,3000.0,3000.0,3000.0,3000.0,3000.0,3000.0,3000.0,3000.0,3000.0,3000.0,3000.0,3000.0,3000.0,3000.0,3000.0,3000.0,3000.0,3000.0,3000.0,3000.0,3000.0,3000.0,3000.0,3000.0,3000.0,3000.0,3000.0,3000.0,3000.0,3000.0,3000.0,3000.0,3000.0,3000.0,3000.0,3000.0,3000.0,3000.0,3000.0,3000.0,3000.0,3000.0,3000.0,3000.0,3000.0,3000.0,3000.0,3000.0,3000.0,3000.0,3000.0,3000.0,3000.0,3000.0,3000.0,3000.0,3000.0,3000.0,3000.0,3000.0,3000.0,3000.0,3000.0,3000.0,3000.0,3000.0,3000.0,3000.0,3000.0,3000.0,3000.0,3000.0,3000.0,3000.0,3000.0,3000.0,3000.0,3000.0,3000.0,3000.0,3000.0,3000.0,3000.0,3000.0,3000.0,3000.0,3000.0,3000.0,3000.0,3000.0,3000.0,3000.0,3000.0,3000.0,3000.0,3000.0,3000.0
2800,1300.0,1314.6839333101727,1360.4405568349157,1442.8911434271652,3000.0,3000.0,3000.0,3000.0,1300.0,1314.6839333101727,1360.4405568349157,1442.8911434271652,3000.0,3000.0,3000.0,3000.0,1300.0,1314.6839333101727,1360.4405568349157,1442.8911434271652,3000.0,3000.0,3000.0,3000.0,1300.0,1314.6839333101727,1360.4405568349157,1442.8911434271652,3000.0,3000.0,3000.0,3000.0,1300.0,1314.6839333101727,1360.4405568349157,1442.8911434271652,3000.0,3000.0,3000.0,3000.0,1300.0,1314.6839333101727,1360.4405568349157,1442.8911434271652,3000.0,3000.0,3000.0,3000.0,1300.0,1314.6839333101727,1360.4405568349157,1442.8911434271652,3000.0,3000.0,3000.0,3000.0,1300.0,1314.6839333101727,1360.4405568349157,1442.8911434271652,3000.0,3000.0,3000.0,3000.0,3000.0,3000.0,3000.0,3000.0,1442.8911434271652,1360.4405568349157,1314.6839333101727,1300.0,3000.0,3000.0,3000.0,3000.0,1442.8911434271652,1360.4405568349157,1314.6839333101727,1300.0,3000.0,3000.0,3000.0,3000.0,1442.8911434271652,1360.4405568349157,1314.6839333101727,1300.0,3000.0,3000.0,3000.0,3000.0,1442.8911434271652,1360.4405568349157,1314.6839333101727,1300.0,3000.0,3000.0,3000.0,3000.0,1442.8911434271652,1360.4405568349157,1314.6839333101727,1300.0,3000.0,3000.0,3000.0,3000.0,1442.8911434271652,1360.4405568349157,1314.6839333101727,1300.0,3000.0,3000.0,3000.0,3000.0,1442.8911434271652,1360.4405568349157,1314.6839333101727,1300.0,3000.0,3000.0,3000.0,3000.0,1442.8911434271652,1360.4405568349157,1314.6839333101727,1300.0,3000.0,3000.0,3000.0,3000.0,3000.0,3000.0,3000.0,3000.0,3000.0,3000.0,3000.0,3000.0,3000.0,3000.0,3000.0,3000.0,3000.0,3000.0,3000.0,3000.0,3000.0,3000.0,3000.0,3000.0,3000.0,3000.0,3000.0,3000.0,3000.0,3000.0,3000.0,3000.0,3000.0,3000.0,3000.0,3000.0,3000.0,3000.0,3000.0,3000.0,3000.0,3000.0,3000.0,3000.0,3000.0,3000.0,3000.0,3000.0,3000.0,3000.0,3000.0,3000.0,3000.0,3000.0,3000.0,3000.0,3000.0,3000.0,3000.0,3000.0,3000.0,3000.0,3000.0,3000.0,3000.0,3000.0,3000.0,3000.0,3000.0,3000.0,3000.0,3000.0,3000.0,3000.0,3000.0,3000.0,3000.0,3000.0,3000.0,3000.0,3000.0,3000.0,3000.0,3000.0,3000.0,3000.0,3000.0,3000.0,3000.0,3000.0,3000.0,3000.0,3000.0,3000.0,3000.0,3000.0,3000.0,3000.0,3000.0,3000.0,3000.0,3000.0,3000.0,3000.0,3000.0,3000.0,3000.0,3000.0,3000.0,3000.0,3000.0,3000.0,3000.0,3000.0,3000.0,3000.0,3000.0,3000.0,3000.0,3000.0,3000.0,3000.0,3000.0,3000.0,3000.0,3000.0,3000.0,3000.0,3000.0,3000.0,3000.0,3000.0,3000.0,3000.0,3000.0,3000.0,3000.0,3000.0,3000.0,3000.0,3000.0,3000.0,3000.0,3000.0,3000.0,3000.0,3000.0,3000.0,3000.0,3000.0,3000.0,3000.0,3000.0,3000.0,3000.0,3000.0,3000.0,3000.0,3000.0,3000.0,3000.0,3000.0,3000.0,3000.0,3000.0,3000.0,3000.0,3000.0,3000.0,3000.0,3000.0,3000.0,3000.0,3000.0,3000.0,3000.0,3000.0,3000.0,3000.0,3000.0,3000.0,3000.0,3000.0,3000.0,3000.0,3000.0,3000.0,3000.0,3000.0,3000.0,3000.0,3000.0,3000.0,3000.0,3000.0,3000.0,3000.0,3000.0,3000.0,3000.0,3000.0,3000.0,3000.0,3000.0,3000.0,3000.0,3000.0,3000.0,3000.0,3000.0,3000.0,3000.0,3000.0,3000.0,3000.0,3000.0,3000.0,3000.0,3000.0,3000.0,3000.0,3000.0,3000.0,3000.0,3000.0,3000.0,3000.0,3000.0,3000.0,3000.0,3000.0,3000.0,3000.0,3000.0,3000.0,3000.0,3000.0,3000.0,3000.0,3000.0,3000.0,3000.0,3000.0,3000.0,3000.0,3000.0,3000.0,3000.0,3000.0,3000.0,3000.0,3000.0,3000.0,3000.0,3000.0,3000.0
2867,1283.3333333333333,1297.8290110882474,1342.9990112344678,1424.3925390242528,3000.0,3000.0,3000.0,3000.0,1283.3333333333333,1297.8290110882474,1342.9990112344678,1424.3925390242528,3000.0,3000.0,3000.0,3000.0,1283.3333333333333,1297.8290110882474,1342.9990112344678,1424.3925390242528,3000.0,3000.0,3000.0,3000.0,1283.3333333333333,1297.8290110882474,1342.9990112344678,1424.3925390242528,3000.0,3000.0,3000.0,3000.0,1283.3333333333333,1297.8290110882474,1342.9990112344678,1424.3925390242528,3000.0,3000.0,3000.0,3000.0,1283.3333333333333,1297.8290110882474,1342.9990112344678,1424.3925390242528,3000.0,3000.0,3000.0,3000.0,1283.3333333333333,1297.8290110882474,1342.9990112344678,1424.3925390242528,3000.0,3000.0,3000.0,3000.0,1283.3333333333333,1297.8290110882474,1342.9990112344678,1424.3925390242528,3000.0,3000.0,3000.0,3000.0,3000.0,3000.0,3000.0,3000.0,1424.3925390242528,1342.9990112344678,1297.8290110882474,1283.3333333333333,3000.0,3000.0,3000.0,3000.0,1424.3925390242528,1342.9990112344678,1297.8290110882474,1283.3333333333333,3000.0,3000.0,3000.0,3000.0,1424.3925390242528,1342.9990112344678,1297.8290110882474,1283.3333333333333,3000.0,3000.0,3000.0,3000.0,1424.3925390242528,1342.9990112344678,1297.8290110882474,1283.3333333333333,3000.0,3000.0,3000.0,3000.0,1424.3925390242528,1342.9990112344678,1297.8290110882474,1283.3333333333333,3000.0,3000.0,3000.0,3000.0,1424.3925390242528,1342.9990112344678,1297.8290110882474,1283.3333333333333,3000.0,3000.0,3000.0,3000.0,1424.3925390242528,1342.9990112344678,1297.8290110882474,1283.3333333333333,3000.0,3000.0,3000.0,3000.0,1424.3925390242528,1342.9990112344678,1297.8290110882474,1283.3333333333333,3000.0,3000.0,3000.0,3000.0,3000.0,3000.0,3000.0,3000.0,3000.0,3000.0,3000.0,3000.0,3000.0,3000.0,3000.0,3000.0,3000.0,3000.0,3000.0,3000.0,3000.0,3000.0,3000.0,3000.0,3000.0,3000.0,3000.0,3000.0,3000.0,3000.0,3000.0,3000.0,3000.0,3000.0,3000.0,3000.0,3000.0,3000.0,3000.0,3000.0,3000.0,3000.0,3000.0,3000.0,3000.0,3000.0,3000.0,3000.0,3000.0,3000.0,3000.0,3000.0,3000.0,3000.0,3000.0,3000.0,3000.0,3000.0,3000.0,3000.0,3000.0,3000.0,3000.0,3000.0,3000.0,3000.0,3000.0,3000.0,3000.0,3000.0,3000.0,3000.0,3000.0,3000.0,3000.0,3000.0,3000.0,3000.0,3000.0,3000.0,3000.0,3000.0,3000.0,3000.0,3000.0,3000.0,3000.0,3000.0,3000.0,3000.0,3000.0,3000.0,3000.0,3000.0,3000.0,3000.0,3000.0,3000.0,3000.0,3000.0,3000.0,3000.0,3000.0,3000.0,3000.0,3000.0,3000.0,3000.0,3000.0,3000.0,3000.0,3000.0,3000.0,3000.0,3000.0,3000.0,3000.0,3000.0,3000.0,3000.0,3000.0,3000.0,3000.0,3000.0,3000.0,3000.0,3000.0,3000.0,3000.0,3000.0,3000.0,3000.0,3000.0,3000.0,3000.0,3000.0,3000.0,3000.0,3000.0,3000.0,3000.0,3000.0,3000.0,3000.0,3000.0,3000.0,3000.0,3000.0,3000.0,3000.0,3000.0,3000.0,3000.0,3000.0,3000.0,3000.0,3000.0,3000.0,3000.0,3000.0,3000.0,3000.0,3000.0,3000.0,3000.0,3000.0,3000.0,3000.0,3000.0,3000.0,3000.0,3000.0,3000.0,3000.0,3000.0,3000.0,3000.0,3000.0,3000.0,3000.0,3000.0,3000.0,3000.0,3000.0,3000.0,3000.0,3000.0,3000.0,3000.0,3000.0,3000.0,3000.0,3000.0,3000.0,3000.0,3000.0,3000.0,3000.0,3000.0,3000.0,3000.0,3000.0,3000.0,3000.0,3000.0,3000.0,3000.0,3000.0,3000.0,3000.0,3000.0,3000.0,3000.0,3000.0,3000.0,3000.0,3000.0,3000.0,3000.0,3000.0,3000.0,3000.0,3000.0,3000.0,3000.0,3000.0,3000.0,3000.0,3000.0,3000.0,3000.0,3000.0,3000.0,3000.0,3000.0,3000.0,3000.0,3000.0,3000.0,3000.0,3000.0,3000.0,3000.0,3000.0,3000.0,3000.0,3000.0,3000.0,3000.0,3000.0,3000.0,3000.0,3000.0,3000.0,3000.0,3000.0
2933,1266.6666666666665,1280.9740888663223,1325.5574656340202,1405.8939346213403,3000.0,3000.0,3000.0,3000.0,1266.6666666666665,1280.9740888663223,1325.5574656340202,1405.8939346213403,3000.0,3000.0,3000.0,3000.0,1266.6666666666665,1280.9740888663223,1325.5574656340202,1405.8939346213403,3000.0,3000.0,3000.0,3000.0,1266.6666666666665,1280.9740888663223,1325.5574656340202,1405.8939346213403,3000.0,3000.0,3000.0,3000.0,1266.6666666666665,1280.9740888663223,1325.5574656340202,1405.8939346213403,3000.0,3000.0,3000.0,3000.0,1266.6666666666665,1280.9740888663223,1325.5574656340202,1405.8939346213403,3000.0,3000.0,3000.0,3000.0,1266.6666666666665,1280.9740888663223,1325.5574656340202,1405.8939346213403,3000.0,3000.0,3000.0,3000.0,1266.6666666666665,1280.9740888663223,1325.5574656340202,1405.8939346213403,3000.0,3000.0,3000.0,3000.0,3000.0,3000.0,3000.0,3000.0,1405.8939346213403,1325.5574656340202,1280.9740888663223,1266.6666666666665,3000.0,3000.0,3000.0,3000.0,1405.8939346213403,1325.5574656340202,1280.9740888663223,1266.6666666666665,3000.0,3000.0,3000.0,3000.0,1405.8939346213403,1325.5574656340202,1280.9740888663223,1266.6666666666665,3000.0,3000.0,3000.0,3000.0,1405.8939346213403,1325.5574656340202,1280.9740888663223,1266.6666666666665,3000.0,3000.0,3000.0,3000.0,1405.8939346213403,1325.5574656340202,1280.9740888663223,1266.6666666666665,3000.0,3000.0,3000.0,3000.0,1405.8939346213403,1325.5574656340202,1280.9740888663223,1266.6666666666665,3000.0,3000.0,3000.0,3000.0,1405.8939346213403,1325.5574656340202,1280.9740888663223,1266.6666666666665,3000.0,3000.0,3000.0,3000.0,1405.8939346213403,1325.5574656340202,1280.9740888663223,1266.6666666666665,3000.0,3000.0,3000.0,3000.0,3000.0,3000.0,3000.0,3000.0,3000.0,3000.0,3000.0,3000.0,3000.0,3000.0,3000.0,3000.0,3000.0,3000.0,3000.0,3000.0,3000.0,3000.0,3000.0,3000.0,3000.0,3000.0,3000.0,3000.0,3000.0,3000.0,3000.0,3000.0,3000.0,3000.0,3000.0,3000.0,3000.0,3000.0,3000.0,3000.0,3000.0,3000.0,3000.0,3000.0,3000.0,3000.0,3000.0,3000.0,3000.0,3000.0,3000.0,3000.0,3000.0,3000.0,3000.0,3000.0,3000.0,3000.0,3000.0,3000.0,3000.0,3000.0,3000.0,3000.0,3000.0,3000.0,3000.0,3000.0,3000.0,3000.0,3000.0,3000.0,3000.0,3000.0,3000.0,3000.0,3000.0,3000.0,3000.0,3000.0,3000.0,3000.0,3000.0,3000.0,3000.0,3000.0,3000.0,3000.0,3000.0,3000.0,3000.0,3000.0,3000.0,3000.0,3000.0,3000.0,3000.0,3000.0,3000.0,3000.0,3000.0,3000.0,3000.0,3000.0,3000.0,3000.0,3000.0,3000.0,3000.0,3000.0,3000.0,3000.0,3000.0,3000.0,3000.0,3000.0,3000.0,3000.0,3000.0,3000.0,3000.0,3000.0,3000.0,3000.0,3000.0,3000.0,3000.0,3000.0,3000.0,3000.0,3000.0,3000.0,3000.0,3000.0,3000.0,3000.0,3000.0,3000.0,3000.0,3000.0,3000.0,3000.0,3000.0,3000.0,3000.0,3000.0,3000.0,3000.0,3000.0,3000.0,3000.0,3000.0,3000.0,3000.0,3000.0,3000.0,3000.0,3000.0,3000.0,3000.0,3000.0,3000.0,3000.0,3000.0,3000.0,3000.0,3000.0,3000.0,3000.0,3000.0,3000.0,3000.0,3000.0,3000.0,3000.0,3000.0,3000.0,3000.0,3000.0,3000.0,3000.0,3000.0,3000.0,3000.0,3000.0,3000.0,3000.0,3000.0,3000.0,3000.0,3000.0,3000.0,3000.0,3000.0,3000.0,3000.0,3000.0,3000.0,3000.0,3000.0,3000.0,3000.0,3000.0,3000.0,3000.0,3000.0,3000.0,3000.0,3000.0,3000.0,3000.0,3000.0,3000.0,3000.0,3000.0,3000.0,3000.0,3000.0,3000.0,3000.0,3000.0,3000.0,3000.0,3000.0,3000.0,3000.0,3000.0,3000.0,3000.0,3000.0,3000.0,3000.0,3000.0,3000.0,3000.0,3000.0,3000.0,3000.0,3000.0,3000.0,3000.0,3000.0,3000.0,3000.0,3000.0,3000.0,3000.0,3000.0,3000.0,3000.0,3000.0,3000.0,3000.0,3000.0,3000.0,3000.0
3000,1250.0,1264.119166644397,1308.1159200335726,1387.395330218428,3000.0,3000.0,3000.0,3000.0,1250.0,1264.119166644397,1308.1159200335726,1387.395330218428,3000.0,3000.0,3000.0,3000.0,1250.0,1264.119166644397,1308.1159200335726,1387.395330218428,3000.0,3000.0,3000.0,3000.0,1250.0,1264.119166644397,1308.1159200335726,1387.395330218428,3000.0,3000.0,3000.0,3000.0,1250.0,1264.119166644397,1308.1159200335726,1387.395330218428,3000.0,3000.0,3000.0,3000.0,1250.0,1264.119166644397,1308.1159200335726,1387.395330218428,3000.0,3000.0,3000.0,3000.0,1250.0,1264.119166644397,1308.1159200335726,1387.395330218428,3000.0,3000.0,3000.0,3000.0,1250.0,1264.119166644397,1308.1159200335726,1387.395330218428,3000.0,3000.0,3000.0,3000.0,3000.0,3000.0,3000.0,3000.0,1387.395330218428,1308.1159200335726,1264.119166644397,1250.0,3000.0,3000.0,3000.0,3000.0,1387.395330218428,1308.1159200335726,1264.119166644397,1250.0,3000.0,3000.0,3000.0,3000.0,1387.395330218428,1308.1159200335726,1264.119166644397,1250.0,3000.0,3000.0,3000.0,3000.0,1387.395330218428,1308.1159200335726,1264.119166644397,1250.0,3000.0,3000.0,3000.0,3000.0,1387.395330218428,1308.1159200335726,1264.119166644397,1250.0,3000.0,3000.0,3000.0,3000.0,1387.395330218428,1308.1159200335726,1264.119166644397,1250.0,3000.0,3000.0,3000.0,3000.0,1387.395330218428,1308.1159200335726,1264.119166644397,1250.0,3000.0,3000.0,3000.0,3000.0,1387.395330218428,1308.1159200335726,1264.119166644397,1250.0,3000.0,3000.0,3000.0,3000.0,3000.0,3000.0,3000.0,3000.0,3000.0,3000.0,3000.0,3000.0,3000.0,3000.0,3000.0,3000.0,3000.0,3000.0,3000.0,3000.0,3000.0,3000.0,3000.0,3000.0,3000.0,3000.0,3000.0,3000.0,3000.0,3000.0,3000.0,3000.0,3000.0,3000.0,3000.0,3000.0,3000.0,3000.0,3000.0,3000.0,3000.0,3000.0,3000.0,3000.0,3000.0,3000.0,3000.0,3000.0,3000.0,3000.0,3000.0,3000.0,3000.0,3000.0,3000.0,3000.0,3000.0,3000.0,3000.0,3000.0,3000.0,3000.0,3000.0,3000.0,3000.0,3000.0,3000.0,3000.0,3000.0,3000.0,3000.0,3000.0,3000.0,3000.0,3000.0,3000.0,3000.0,3000.0,3000.0,3000.0,3000.0,3000.0,3000.0,3000.0,3000.0,3000.0,3000.0,3000.0,3000.0,3000.0,3000.0,3000.0,3000.0,3000.0,3000.0,3000.0,3000.0,3000.0,3000.0,3000.0,3000.0,3000.0,3000.0,3000.0,3000.0,3000.0,3000.0,3000.0,3000.0,3000.0,3000.0,3000.0,3000.0,3000.0,3000.0,3000.0,3000.0,3000.0,3000.0,3000.0,3000.0,3000.0,3000.0,3000.0,3000.0,3000.0,3000.0,3000.0,3000.0,3000.0,3000.0,3000.0,3000.0,3000.0,3000.0,3000.0,3000.0,3000.0,3000.0,3000.0,3000.0,3000.0,3000.0,3000.0,3000.0,3000.0,3000.0,3000.0,3000.0,3000.0,3000.0,3000.0,3000.0,3000.0,3000.0,3000.0,3000.0,3000.0,3000.0,3000.0,3000.0,3000.0,3000.0,3000.0,3000.0,3000.0,3000.0,3000.0,3000.0,3000.0,3000.0,3000.0,3000.0,3000.0,3000.0,3000.0,3000.0,3000.0,3000.0,3000.0,3000.0,3000.0,3000.0,3000.0,3000.0,3000.0,3000.0,3000.0,3000.0,3000.0,3000.0,3000.0,3000.0,3000.0,3000.0,3000.0,3000.0,3000.0,3000.0,3000.0,3000.0,3000.0,3000.0,3000.0,3000.0,3000.0,3000.0,3000.0,3000.0,3000.0,3000.0,3000.0,3000.0,3000.0,3000.0,3000.0,3000.0,3000.0,3000.0,3000.0,3000.0,3000.0,3000.0,3000.0,3000.0,3000.0,3000.0,3000.0,3000.0,3000.0,3000.0,3000.0,3000.0,3000.0,3000.0,3000.0,3000.0,3000.0,3000.0,3000.0,3000.0,3000.0,3000.0,3000.0,3000.0,3000.0,3000.0,3000.0,3000.0,3000.0,3000.0,3000.0,3000.0,3000.0,3000.0,3000.0
3067,1233.3333333333335,1247.2642444224718,1290.6743744331252,1368.8967258155158,3000.0,3000.0,3000.0,3000.0,1233.3333333333335,1247.2642444224718,1290.6743744331252,1368.8967258155158,3000.0,3000.0,3000.0,3000.0,1233.3333333333335,1247.2642444224718,1290.6743744331252,1368.8967258155158,3000.0,3000.0,3000.0,3000.0,1233.3333333333335,1247.2642444224718,1290.6743744331252,1368.8967258155158,3000.0,3000.0,3000.0,3000.0,1233.3333333333335,1247.2642444224718,1290.6743744331252,1368.8967258155158,3000.0,3000.0,3000.0,3000.0,1233.3333333333335,1247.2642444224718,1290.6743744331252,1368.8967258155158,3000.0,3000.0,3000.0,3000.0,1233.3333333333335,1247.2642444224718,1290.6743744331252,1368.8967258155158,3000.0,3000.0,3000.0,3000.0,1233.3333333333335,1247.2642444224718,1290.6743744331252,1368.8967258155158,3000.0,3000.0,3000.0,3000.0,3000.0,3000.0,3000.0,3000.0,1368.8967258155158,1290.6743744331252,1247.2642444224718,1233.3333333333335,3000.0,3000.0,3000.0,3000.0,1368.8967258155158,1290.6743744331252,1247.2642444224718,1233.3333333333335,3000.0,3000.0,3000.0,3000.0,1368.8967258155158,1290.6743744331252,1247.2642444224718,1233.3333333333335,3000.0,3000.0,3000.0,3000.0,1368.8967258155158,1290.6743744331252,1247.2642444224718,1233.3333333333335,3000.0,3000.0,3000.0,3000.0,1368.8967258155158,1290.6743744331252,1247.2642444224718,1233.3333333333335,3000.0,3000.0,3000.0,3000.0,1368.8967258155158,1290.6743744331252,1247.2642444224718,1233.3333333333335,3000.0,3000.0,3000.0,3000.0,1368.8967258155158,1290.6743744331252,1247.2642444224718,1233.3333333333335,3000.0,3000.0,3000.0,3000.0,1368.8967258155158,1290.6743744331252,1247.2642444224718,1233.3333333333335,3000.0,3000.0,3000.0,3000.0,3000.0,3000.0,3000.0,3000.0,3000.0,3000.0,3000.0,3000.0,3000.0,3000.0,3000.0,3000.0,3000.0,3000.0,3000.0,3000.0,3000.0,3000.0,3000.0,3000.0,3000.0,3000.0,3000.0,3000.0,3000.0,3000.0,3000.0,3000.0,3000.0,3000.0,3000.0,3000.0,3000.0,3000.0,3000.0,3000.0,3000.0,3000.0,3000.0,3000.0,3000.0,3000.0,3000.0,3000.0,3000.0,3000.0,3000.0,3000.0,3000.0,3000.0,3000.0,3000.0,3000.0,3000.0,3000.0,3000.0,3000.0,3000.0,3000.0,3000.0,3000.0,3000.0,3000.0,3000.0,3000.0,3000.0,3000.0,3000.0,3000.0,3000.0,3000.0,3000.0,3000.0,3000.0,3000.0,3000.0,3000.0,3000.0,3000.0,3000.0,3000.0,3000.0,3000.0,3000.0,3000.0,3000.0,3000.0,3000.0,3000.0,3000.0,3000.0,3000.0,3000.0,3000.0,3000.0,3000.0,3000.0,3000.0,3000.0,3000.0,3000.0,3000.0,3000.0,3000.0,3000.0,3000.0,3000.0,3000.0,3000.0,3000.0,3000.0,3000.0,3000.0,3000.0,3000.0,3000.0,3000.0,3000.0,3000.0,3000.0,3000.0,3000.0,3000.0,3000.0,3000.0,3000.0,3000.0,3000.0,3000.0,3000.0,3000.0,3000.0,3000.0,3000.0,3000.0,3000.0,3000.0,3000.0,3000.0,3000.0,3000.0,3000.0,3000.0,3000.0,3000.0,3000.0,3000.0,3000.0,3000.0,3000.0,3000.0,3000.0,3000.0,3000.0,3000.0,3000.0,3000.0,3000.0,3000.0,3000.0,3000.0,3000.0,3000.0,3000.0,3000.0,3000.0,3000.0,3000.0,3000.0,3000.0,3000.0,3000.0,3000.0,3000.0,3000.0,3000.0,3000.0,3000.0,3000.0,3000.0,3000.0,3000.0,3000.0,3000.0,3000.0,3000.0,3000.0,3000.0,3000.0,3000.0,3000.0,3000.0,3000.0,3000.0,3000.0,3000.0,3000.0,3000.0,3000.0,3000.0,3000.0,3000.0,3000.0,3000.0,3000.0,3000.0,3000.0,3000.0,3000.0,3000.0,3000.0,3000.0,3000.0,3000.0,3000.0,3000.0,3000.0,3000.0,3000.0,3000.0,3000.0,3000.0,3000.0,3000.0,3000.0,3000.0,3000.0,3000.0,3000.0,3000.0,3000.0,3000.0,3000.0,3000.0,3000.0,3000.0,3000.0,3000.0,3000.0,3000.0,3000.0,3000.0,3000.0,3000.0,3000.0,3000.0,3000.0,3000.0,3000.0,3000.0,3000.0,3000.0
3133,1216.6666666666667,1230.4093222005465,1273.2328288326776,1350.3981214126036,3000.0,3000.0,3000.0,3000.0,1216.6666666666667,1230.4093222005465,1273.2328288326776,1350.3981214126036,3000.0,3000.0,3000.0,3000.0,1216.6666666666667,1230.4093222005465,1273.2328288326776,1350.3981214126036,3000.0,3000.0,3000.0,3000.0,1216.6666666666667,1230.4093222005465,1273.2328288326776,1350.3981214126036,3000.0,3000.0,3000.0,3000.0,1216.6666666666667,1230.4093222005465,1273.2328288326776,1350.3981214126036,3000.0,3000.0,3000.0,3000.0,1216.6666666666667,1230.4093222005465,1273.2328288326776,1350.3981214126036,3000.0,3000.0,3000.0,3000.0,1216.6666666666667,1230.4093222005465,1273.2328288326776,1350.3981214126036,3000.0,3000.0,3000.0,3000.0,1216.6666666666667,1230.4093222005465,1273.2328288326776,1350.3981214126036,3000.0,3000.0,3000.0,3000.0,3000.0,3000.0,3000.0,3000.0,1350.3981214126036,1273.2328288326776,1230.4093222005465,1216.6666666666667,3000.0,3000.0,3000.0,3000.0,1350.3981214126036,1273.2328288326776,1230.4093222005465,1216.6666666666667,3000.0,3000.0,3000.0,3000.0,1350.3981214126036,1273.2328288326776,1230.4093222005465,1216.6666666666667,3000.0,3000.0,3000.0,3000.0,1350.3981214126036,1273.2328288326776,1230.4093222005465,1216.6666666666667,3000.0,3000.0,3000.0,3000.0,1350.3981214126036,1273.2328288326776,1230.4093222005465,1216.6666666666667,3000.0,3000.0,3000.0,3000.0,1350.3981214126036,1273.2328288326776,1230.4093222005465,1216.6666666666667,3000.0,3000.0,3000.0,3000.0,1350.3981214126036,1273.2328288326776,1230.4093222005465,1216.6666666666667,3000.0,3000.0,3000.0,3000.0,1350.3981214126036,1273.2328288326776,1230.4093222005465,1216.6666666666667,3000.0,3000.0,3000.0,3000.0,3000.0,3000.0,3000.0,3000.0,3000.0,3000.0,3000.0,3000.0,3000.0,3000.0,3000.0,3000.0,3000.0,3000.0,3000.0,3000.0,3000.0,3000.0,3000.0,3000.0,3000.0,3000.0,3000.0,3000.0,3000.0,3000.0,3000.0,3000.0,3000.0,3000.0,3000.0,3000.0,3000.0,3000.0,3000.0,3000.0,3000.0,3000.0,3000.0,3000.0,3000.0,3000.0,3000.0,3000.0,3000.0,3000.0,3000.0,3000.0,3000.0,3000.0,3000.0,3000.0,3000.0,3000.0,3000.0,3000.0,3000.0,3000.0,3000.0,3000.0,3000.0,3000.0,3000.0,3000.0,3000.0,3000.0,3000.0,3000.0,3000.0,3000.0,3000.0,3000.0,3000.0,3000.0,3000.0,3000.0,3000.0,3000.0,3000.0,3000.0,3000.0,3000.0,3000.0,3000.0,3000.0,3000.0,3000.0,3000.0,3000.0,3000.0,3000.0,3000.0,3000.0,3000.0,3000.0,3000.0,3000.0,3000.0,3000.0,3000.0,3000.0,3000.0,3000.0,3000.0,3000.0,3000.0,3000.0,3000.0,3000.0,3000.0,3000.0,3000.0,3000.0,3000.0,3000.0,3000.0,3000.0,3000.0,3000.0,3000.0,3000.0,3000.0,3000.0,3000.0,3000.0,3000.0,3000.0,3000.0,3000.0,3000.0,3000.0,3000.0,3000.0,3000.0,3000.0,3000.0,3000.0,3000.0,3000.0,3000.0,3000.0,3000.0,3000.0,3000.0,3000.0,3000.0,3000.0,3000.0,3000.0,3000.0,3000.0,3000.0,3000.0,3000.0,3000.0,3000.0,3000.0,3000.0,3000.0,3000.0,3000.0,3000.0,3000.0,3000.0,3000.0,3000.0,3000.0,3000.0,3000.0,3000.0,3000.0,3000.0,3000.0,3000.0,3000.0,3000.0,3000.0,3000.0,3000.0,3000.0,3000.0,3000.0,3000.0,3000.0,3000.0,3000.0,3000.0,3000.0,3000.0,3000.0,3000.0,3000.0,3000.0,3000.0,3000.0,3000.0,3000.0,3000.0,3000.0,3000.0,3000.0,3000.0,3000.0,3000.0,3000.0,3000.0,3000.0,3000.0,3000.0,3000.0,3000.0,3000.0,3000.0,3000.0,3000.0,3000.0,3000.0,3000.0,3000.0,3000.0,3000.0,3000.0,3000.0,3000.0,3000.0,3000.0,3000.0,3000.0,3000.0,3000.0,3000.0,3000.0,3000.0,3000.0,3000.0,3000.0,3000.0,3000.0,3000.0,3000.0,3000.0,3000.0,3000.0,3000.0,3000.0,3000.0,3000.0,3000.0,3000.0,3000.0,3000.0,3000.0
3200,1200.0,1213.554399978621,1255.7912832322297,1331.8995170096907,3000.0,3000.0,3000.0,3000.0,1200.0,1213.554399978621,1255.7912832322297,1331.8995170096907,3000.0,3000.0,3000.0,3000.0,1200.0,1213.554399978621,1255.7912832322297,1331.8995170096907,3000.0,3000.0,3000.0,3000.0,1200.0,1213.554399978621,1255.7912832322297,1331.8995170096907,3000.0,3000.0,3000.0,3000.0,1200.0,1213.554399978621,1255.7912832322297,1331.8995170096907,3000.0,3000.0,3000.0,3000.0,1200.0,1213.554399978621,1255.7912832322297,1331.8995170096907,3000.0,3000.0,3000.0,3000.0,1200.0,1213.554399978621,1255.7912832322297,1331.8995170096907,3000.0,3000.0,3000.0,3000.0,1200.0,1213.554399978621,1255.7912832322297,1331.8995170096907,3000.0,3000.0,3000.0,3000.0,3000.0,3000.0,3000.0,3000.0,1331.8995170096907,1255.7912832322297,1213.554399978621,1200.0,3000.0,3000.0,3000.0,3000.0,1331.8995170096907,1255.7912832322297,1213.554399978621,1200.0,3000.0,3000.0,3000.0,3000.0,1331.8995170096907,1255.7912832322297,1213.554399978621,1200.0,3000.0,3000.0,3000.0,3000.0,1331.8995170096907,1255.7912832322297,1213.554399978621,1200.0,3000.0,3000.0,3000.0,3000.0,1331.8995170096907,1255.7912832322297,1213.554399978621,1200.0,3000.0,3000.0,3000.0,3000.0,1331.8995170096907,1255.7912832322297,1213.554399978621,1200.0,3000.0,3000.0,3000.0,3000.0,1331.8995170096907,1255.7912832322297,1213.554399978621,1200.0,3000.0,3000.0,3000.0,3000.0,1331.8995170096907,1255.7912832322297,1213.554399978621,1200.0,3000.0,3000.0,3000.0,3000.0,3000.0,3000.0,3000.0,3000.0,3000.0,3000.0,3000.0,3000.0,3000.0,3000.0,3000.0,3000.0,3000.0,3000.0,3000.0,3000.0,3000.0,3000.0,3000.0,3000.0,3000.0,3000.0,3000.0,3000.0,3000.0,3000.0,3000.0,3000.0,3000.0,3000.0,3000.0,3000.0,3000.0,3000.0,3000.0,3000.0,3000.0,3000.0,3000.0,3000.0,3000.0,3000.0,3000.0,3000.0,3000.0,3000.0,3000.0,3000.0,3000.0,3000.0,3000.0,3000.0,3000.0,3000.0,3000.0,3000.0,3000.0,3000.0,3000.0,3000.0,3000.0,3000.0,3000.0,3000.0,3000.0,3000.0,3000.0,3000.0,3000.0,3000.0,3000.0,3000.0,3000.0,3000.0,3000.0,3000.0,3000.0,3000.0,3000.0,3000.0,3000.0,3000.0,3000.0,3000.0,3000.0,3000.0,3000.0,3000.0,3000.0,3000.0,3000.0,3000.0,3000.0,3000.0,3000.0,3000.0,3000.0,3000.0,3000.0,3000.0,3000.0,3000.0,3000.0,3000.0,3000.0,3000.0,3000.0,3000.0,3000.0,3000.0,3000.0,3000.0,3000.0,3000.0,3000.0,3000.0,3000.0,3000.0,3000.0,3000.0,3000.0,3000.0,3000.0,3000.0,3000.0,3000.0,3000.0,3000.0,3000.0,3000.0,3000.0,3000.0,3000.0,3000.0,3000.0,3000.0,3000.0,3000.0,3000.0,3000.0,3000.0,3000.0,3000.0,3000.0,3000.0,3000.0,3000.0,3000.0,3000.0,3000.0,3000.0,3000.0,3000.0,3000.0,3000.0,3000.0,3000.0,3000.0,3000.0,3000.0,3000.0,3000.0,3000.0,3000.0,3000.0,3000.0,3000.0,3000.0,3000.0,3000.0,3000.0,3000.0,3000.0,3000.0,3000.0,3000.0,3000.0,3000.0,3000.0,3000.0,3000.0,3000.0,3000.0,3000.0,3000.0,3000.0,3000.0,3000.0,3000.0,3000.0,3000.0,3000.0,3000.0,3000.0,3000.0,3000.0,3000.0,3000.0,3000.0,3000.0,3000.0,3000.0,3000.0,3000.0,3000.0,3000.0,3000.0,3000.0,3000.0,3000.0,3000.0,3000.0,3000.0,3000.0,3000.0,3000.0,3000.0,3000.0,3000.0,3000.0,3000.0,3000.0,3000.0,3000.0,3000.0,3000.0,3000.0,3000.0,3000.0,3000.0,3000.0,3000.0,3000.0,3000.0,3000.0,3000.0,3000.0,3000.0,3000.0,3000.0,3000.0,3000.0,3000.0,3000.0,3000.0,3000.0,3000.0,3000.0,3000.0,3000.0,3000.0,3000.0
3267,1183.3333333333333,1196.6994777566958,1238.3497376317823,1313.4009126067785,3000.0,3000.0,3000.0,3000.0,1183.3333333333333,1196.6994777566958,1238.3497376317823,1313.4009126067785,3000.0,3000.0,3000.0,3000.0,1183.3333333333333,1196.6994777566958,1238.3497376317823,1313.4009126067785,3000.0,3000.0,3000.0,3000.0,1183.3333333333333,1196.6994777566958,1238.3497376317823,1313.4009126067785,3000.0,3000.0,3000.0,3000.0,1183.3333333333333,1196.6994777566958,1238.3497376317823,1313.4009126067785,3000.0,3000.0,3000.0,3000.0,1183.3333333333333,1196.6994777566958,1238.3497376317823,1313.4009126067785,3000.0,3000.0,3000.0,3000.0,1183.3333333333333,1196.6994777566958,1238.3497376317823,1313.4009126067785,3000.0,3000.0,3000.0,3000.0,1183.3333333333333,1196.6994777566958,1238.3497376317823,1313.4009126067785,3000.0,3000.0,3000.0,3000.0,3000.0,3000.0,3000.0,3000.0,1313.4009126067785,1238.3497376317823,1196.6994777566958,1183.3333333333333,3000.0,3000.0,3000.0,3000.0,1313.4009126067785,1238.3497376317823,1196.6994777566958,1183.3333333333333,3000.0,3000.0,3000.0,3000.0,1313.4009126067785,1238.3497376317823,1196.6994777566958,1183.3333333333333,3000.0,3000.0,3000.0,3000.0,1313.4009126067785,1238.3497376317823,1196.6994777566958,1183.3333333333333,3000.0,3000.0,3000.0,3000.0,1313.4009126067785,1238.3497376317823,1196.6994777566958,1183.3333333333333,3000.0,3000.0,3000.0,3000.0,1313.4009126067785,1238.3497376317823,1196.6994777566958,1183.3333333333333,3000.0,3000.0,3000.0,3000.0,1313.4009126067785,1238.3497376317823,1196.6994777566958,1183.3333333333333,3000.0,3000.0,3000.0,3000.0,1313.4009126067785,1238.3497376317823,1196.6994777566958,1183.3333333333333,3000.0,3000.0,3000.0,3000.0,3000.0,3000.0,3000.0,3000.0,3000.0,3000.0,3000.0,3000.0,3000.0,3000.0,3000.0,3000.0,3000.0,3000.0,3000.0,3000.0,3000.0,3000.0,3000.0,3000.0,3000.0,3000.0,3000.0,3000.0,3000.0,3000.0,3000.0,3000.0,3000.0,3000.0,3000.0,3000.0,3000.0,3000.0,3000.0,3000.0,3000.0,3000.0,3000.0,3000.0,3000.0,3000.0,3000.0,3000.0,3000.0,3000.0,3000.0,3000.0,3000.0,3000.0,3000.0,3000.0,3000.0,3000.0,3000.0,3000.0,3000.0,3000.0,3000.0,3000.0,3000.0,3000.0,3000.0,3000.0,3000.0,3000.0,3000.0,3000.0,3000.0,3000.0,3000.0,3000.0,3000.0,3000.0,3000.0,3000.0,3000.0,3000.0,3000.0,3000.0,3000.0,3000.0,3000.0,3000.0,3000.0,3000.0,3000.0,3000.0,3000.0,3000.0,3000.0,3000.0,3000.0,3000.0,3000.0,3000.0,3000.0,3000.0,3000.0,3000.0,3000.0,3000.0,3000.0,3000.0,3000.0,3000.0,3000.0,3000.0,3000.0,3000.0,3000.0,3000.0,3000.0,3000.0,3000.0,3000.0,3000.0,3000.0,3000.0,3000.0,3000.0,3000.0,3000.0,3000.0,3000.0,3000.0,3000.0,3000.0,3000.0,3000.0,3000.0,3000.0,3000.0,3000.0,3000.0,3000.0,3000.0,3000.0,3000.0,3000.0,3000.0,3000.0,3000.0,3000.0,3000.0,3000.0,3000.0,3000.0,3000.0,3000.0,3000.0,3000.0,3000.0,3000.0,3000.0,3000.0,3000.0,3000.0,3000.0,3000.0,3000.0,3000.0,3000.0,3000.0,3000.0,3000.0,3000.0,3000.0,3000.0,3000.0,3000.0,3000.0,3000.0,3000.0,3000.0,3000.0,3000.0,3000.0,3000.0,3000.0,3000.0,3000.0,3000.0,3000.0,3000.0,3000.0,3000.0,3000.0,3000.0,3000.0,3000.0,3000.0,3000.0,3000.0,3000.0,3000.0,3000.0,3000.0,3000.0,3000.0,3000.0,3000.0,3000.0,3000.0,3000.0,3000.0,3000.0,3000.0,3000.0,3000.0,3000.0,3000.0,3000.0,3000.0,3000.0,3000.0,3000.0,3000.0,3000.0,3000.0,3000.0,3000.0,3000.0,3000.0,3000.0,3000.0,3000.0,3000.0,3000.0,3000.0,3000.0,3000.0,3000.0,3000.0,3000.0,3000.0,3000.0,3000.0,3000.0,3000.0,3000.0,3000.0,3000.0,3000.0,3000.0,3000.0,3000.0,3000.0,3000.0,3000.0,3000.0,3000.0
3333,1166.6666666666665,1179.8445555347703,1220.9081920313342,1294.902308203866,1412.0212012955894,3000.0,3000.0,3000.0,1166.6666666666665,1179.8445555347703,1220.9081920313342,1294.902308203866,1412.0212012955894,3000.0,3000.0,3000.0,1166.6666666666665,1179.8445555347703,1220.9081920313342,1294.902308203866,1412.0212012955894,3000.0,3000.0,3000.0,1166.6666666666665,1179.8445555347703,1220.9081920313342,1294.902308203866,1412.0212012955894,3000.0,3000.0,3000.0,1166.6666666666665,1179.8445555347703,1220.9081920313342,1294.902308203866,1412.0212012955894,3000.0,3000.0,3000.0,1166.6666666666665,1179.8445555347703,1220.9081920313342,1294.902308203866,1412.0212012955894,3000.0,3000.0,3000.0,1166.6666666666665,1179.8445555347703,1220.9081920313342,1294.902308203866,1412.0212012955894,3000.0,3000.0,3000.0,1166.6666666666665,1179.8445555347703,1220.9081920313342,1294.902308203866,1412.0212012955894,3000.0,3000.0,3000.0,3000.0,3000.0,3000.0,1412.0212012955894,1294.902308203866,1220.9081920313342,1179.8445555347703,1166.6666666666665,3000.0,3000.0,3000.0,1412.0212012955894,1294.902308203866,1220.9081920313342,1179.8445555347703,1166.6666666666665,3000.0,3000.0,3000.0,1412.0212012955894,1294.902308203866,1220.9081920313342,1179.8445555347703,1166.6666666666665,3000.0,3000.0,3000.0,1412.0212012955894,1294.902308203866,1220.9081920313342,1179.8445555347703,1166.6666666666665,3000.0,3000.0,3000.0,1412.0212012955894,1294.902308203866,1220.9081920313342,1179.8445555347703,1166.6666666666665,3000.0,3000.0,3000.0,1412.0212012955894,1294.902308203866,1220.9081920313342,1179.8445555347703,1166.6666666666665,3000.0,3000.0,3000.0,1412.0212012955894,1294.902308203866,1220.9081920313342,1179.8445555347703,1166.6666666666665,3000.0,3000.0,3000.0,1412.0212012955894,1294.902308203866,1220.9081920313342,1179.8445555347703,1166.6666666666665,3000.0,3000.0,3000.0,3000.0,3000.0,3000.0,3000.0,3000.0,3000.0,3000.0,3000.0,3000.0,3000.0,3000.0,3000.0,3000.0,3000.0,3000.0,3000.0,3000.0,3000.0,3000.0,3000.0,3000.0,3000.0,3000.0,3000.0,3000.0,3000.0,3000.0,3000.0,3000.0,3000.0,3000.0,3000.0,3000.0,3000.0,3000.0,3000.0,3000.0,3000.0,3000.0,3000.0,3000.0,3000.0,3000.0,3000.0,3000.0,3000.0,3000.0,3000.0,3000.0,3000.0,3000.0,3000.0,3000.0,3000.0,3000.0,3000.0,3000.0,3000.0,3000.0,3000.0,3000.0,3000.0,3000.0,3000.0,3000.0,3000.0,3000.0,3000.0,3000.0,3000.0,3000.0,3000.0,3000.0,3000.0,3000.0,3000.0,3000.0,3000.0,3000.0,3000.0,3000.0,3000.0,3000.0,3000.0,3000.0,3000.0,3000.0,3000.0,3000.0,3000.0,3000.0,3000.0,3000.0,3000.0,3000.0,3000.0,3000.0,3000.0,3000.0,3000.0,3000.0,3000.0,3000.0,3000.0,3000.0,3000.0,3000.0,3000.0,3000.0,3000.0,3000.0,3000.0,3000.0,3000.0,3000.0,3000.0,3000.0,3000.0,3000.0,3000.0,3000.0,3000.0,3000.0,3000.0,3000.0,3000.0,3000.0,3000.0,3000.0,3000.0,3000.0,3000.0,3000.0,3000.0,3000.0,3000.0,3000.0,3000.0,3000.0,3000.0,3000.0,3000.0,3000.0,3000.0,3000.0,3000.0,3000.0,3000.0,3000.0,3000.0,3000.0,3000.0,3000.0,3000.0,3000.0,3000.0,3000.0,3000.0,3000.0,3000.0,3000.0,3000.0,3000.0,3000.0,3000.0,3000.0,3000.0,3000.0,3000.0,3000.0,3000.0,3000.0,3000.0,3000.0,3000.0,3000.0,3000.0,3000.0,3000.0,3000.0,3000.0,3000.0,3000.0,3000.0,3000.0,3000.0,3000.0,3000.0,3000.0,3000.0,3000.0,3000.0,3000.0,3000.0,3000.0,3000.0,3000.0,3000.0,3000.0,3000.0,3000.0,3000.0,3000.0,3000.0,3000.0,3000.0,3000.0,3000.0,3000.0,3000.0,3000.0,3000.0,3000.0,3000.0,3000.0,3000.0,3000.0,3000.0,3000.0,3000.0,3000.0,3000.0,3000.0,3000.0,3000.0,3000.0,3000.0,3000.0,3000.0,3000.0,3000.0,3000.0,3000.0,3000.0,3000.0,3000.0,3000.0,3000.0,3000.0,3000.0,3000.0,3000.0,3000.0,3000.0,3000.0,3000.0,3000.0,3000.0,3000.0,3000.0,3000.0,3000.0,3000.0
3400,1150.0,1162.9896333128452,1203.4666464308868,1276.4037038009537,1391.8494698485094,3000.0,3000.0,3000.0,1150.0,1162.9896333128452,1203.4666464308868,1276.4037038009537,1391.8494698485094,3000.0,3000.0,3000.0,1150.0,1162.9896333128452,1203.4666464308868,1276.4037038009537,1391.8494698485094,3000.0,3000.0,3000.0,1150.0,1162.9896333128452,1203.4666464308868,1276.4037038009537,1391.8494698485094,3000.0,3000.0,3000.0,1150.0,1162.9896333128452,1203.4666464308868,1276.4037038009537,1391.8494698485094,3000.0,3000.0,3000.0,1150.0,1162.9896333128452,1203.4666464308868,1276.4037038009537,1391.8494698485094,3000.0,3000.0,3000.0,1150.0,1162.9896333128452,1203.4666464308868,1276.4037038009537,1391.8494698485094,3000.0,3000.0,3000.0,1150.0,1162.9896333128452,1203.4666464308868,1276.4037038009537,1391.8494698485094,3000.0,3000.0,3000.0,3000.0,3000.0,3000.0,1391.8494698485094,1276.4037038009537,1203.4666464308868,1162.9896333128452,1150.0,3000.0,3000.0,3000.0,1391.8494698485094,1276.4037038009537,1203.4666464308868,1162.9896333128452,1150.0,3000.0,3000.0,3000.0,1391.8494698485094,1276.4037038009537,1203.4666464308868,1162.9896333128452,1150.0,3000.0,3000.0,3000.0,1391.8494698485094,1276.4037038009537,1203.4666464308868,1162.9896333128452,1150.0,3000.0,3000.0,3000.0,1391.8494698485094,1276.4037038009537,1203.4666464308868,1162.9896333128452,1150.0,3000.0,3000.0,3000.0,1391.8494698485094,1276.4037038009537,1203.4666464308868,1162.9896333128452,1150.0,3000.0,3000.0,3000.0,1391.8494698485094,1276.4037038009537,1203.4666464308868,1162.9896333128452,1150.0,3000.0,3000.0,3000.0,1391.8494698485094,1276.4037038009537,1203.4666464308868,1162.9896333128452,1150.0,3000.0,3000.0,3000.0,3000.0,3000.0,3000.0,3000.0,3000.0,3000.0,3000.0,3000.0,3000.0,3000.0,3000.0,3000.0,3000.0,3000.0,3000.0,3000.0,3000.0,3000.0,3000.0,3000.0,3000.0,3000.0,3000.0,3000.0,3000.0,3000.0,3000.0,3000.0,3000.0,3000.0,3000.0,3000.0,3000.0,3000.0,3000.0,3000.0,3000.0,3000.0,3000.0,3000.0,3000.0,3000.0,3000.0,3000.0,3000.0,3000.0,3000.0,3000.0,3000.0,3000.0,3000.0,3000.0,3000.0,3000.0,3000.0,3000.0,3000.0,3000.0,3000.0,3000.0,3000.0,3000.0,3000.0,3000.0,3000.0,3000.0,3000.0,3000.0,3000.0,3000.0,3000.0,3000.0,3000.0,3000.0,3000.0,3000.0,3000.0,3000.0,3000.0,3000.0,3000.0,3000.0,3000.0,3000.0,3000.0,3000.0,3000.0,3000.0,3000.0,3000.0,3000.0,3000.0,3000.0,3000.0,3000.0,3000.0,3000.0,3000.0,3000.0,3000.0,3000.0,3000.0,3000.0,3000.0,3000.0,3000.0,3000.0,3000.0,3000.0,3000.0,3000.0,3000.0,3000.0,3000.0,3000.0,3000.0,3000.0,3000.0,3000.0,3000.0,3000.0,3000.0,3000.0,3000.0,3000.0,3000.0,3000.0,3000.0,3000.0,3000.0,3000.0,3000.0,3000.0,3000.0,3000.0,3000.0,3000.0,3000.0,3000.0,3000.0,3000.0,3000.0,3000.0,3000.0,3000.0,3000.0,3000.0,3000.0,3000.0,3000.0,3000.0,3000.0,3000.0,3000.0,3000.0,3000.0,3000.0,3000.0,3000.0,3000.0,3000.0,3000.0,3000.0,3000.0,3000.0,3000.0,3000.0,3000.0,3000.0,3000.0,3000.0,3000.0,3000.0,3000.0,3000.0,3000.0,3000.0,3000.0,3000.0,3000.0,3000.0,3000.0,3000.0,3000.0,3000.0,3000.0,3000.0,3000.0,3000.0,3000.0,3000.0,3000.0,3000.0,3000.0,3000.0,3000.0,3000.0,3000.0,3000.0,3000.0,3000.0,3000.0,3000.0,3000.0,3000.0,3000.0,3000.0,3000.0,3000.0,3000.0,3000.0,3000.0,3000.0,3000.0,3000.0,3000.0,3000.0,3000.0,3000.0,3000.0,3000.0,3000.0,3000.0,3000.0,3000.0,3000.0,3000.0,3000.0,3000.0,3000.0,3000.0,3000.0,3000.0,3000.0,3000.0,3000.0,3000.0,3000.0,3000.0,3000.0,3000.0,3000.0,3000.0,3000.0,3000.0,3000.0,3000.0,3000.0,3000.0,3000.0,3000.0,3000.0,3000.0
3467,1133.3333333333333,1146.1347110909198,1186.0251008304392,1257.9050993980413,1371.6777384014301,3000.0,3000.0,3000.0,1133.3333333333333,1146.1347110909198,1186.0251008304392,1257.9050993980413,1371.6777384014301,3000.0,3000.0,3000.0,1133.3333333333333,1146.1347110909198,1186.0251008304392,1257.9050993980413,1371.6777384014301,3000.0,3000.0,3000.0,1133.3333333333333,1146.1347110909198,1186.0251008304392,1257.9050993980413,1371.6777384014301,3000.0,3000.0,3000.0,1133.3333333333333,1146.1347110909198,1186.0251008304392,1257.9050993980413,1371.6777384014301,3000.0,3000.0,3000.0,1133.3333333333333,1146.1347110909198,1186.0251008304392,1257.9050993980413,1371.6777384014301,3000.0,3000.0,3000.0,1133.3333333333333,1146.1347110909198,1186.0251008304392,1257.9050993980413,1371.6777384014301,3000.0,3000.0,3000.0,1133.3333333333333,1146.1347110909198,1186.0251008304392,1257.9050993980413,1371.6777384014301,3000.0,3000.0,3000.0,3000.0,3000.0,3000.0,1371.6777384014301,1257.9050993980413,1186.0251008304392,1146.1347110909198,1133.3333333333333,3000.0,3000.0,3000.0,1371.6777384014301,1257.9050993980413,1186.0251008304392,1146.1347110909198,1133.3333333333333,3000.0,3000.0,3000.0,1371.6777384014301,1257.9050993980413,1186.0251008304392,1146.1347110909198,1133.3333333333333,3000.0,3000.0,3000.0,1371.6777384014301,1257.9050993980413,1186.0251008304392,1146.1347110909198,1133.3333333333333,3000.0,3000.0,3000.0,1371.6777384014301,1257.9050993980413,1186.0251008304392,1146.1347110909198,1133.3333333333333,3000.0,3000.0,3000.0,1371.6777384014301,1257.9050993980413,1186.0251008304392,1146.1347110909198,1133.3333333333333,3000.0,3000.0,3000.0,1371.6777384014301,1257.9050993980413,1186.0251008304392,1146.1347110909198,1133.3333333333333,3000.0,3000.0,3000.0,1371.6777384014301,1257.9050993980413,1186.0251008304392,1146.1347110909198,1133.3333333333333,3000.0,3000.0,3000.0,3000.0,3000.0,3000.0,3000.0,3000.0,3000.0,3000.0,3000.0,3000.0,3000.0,3000.0,3000.0,3000.0,3000.0,3000.0,3000.0,3000.0,3000.0,3000.0,3000.0,3000.0,3000.0,3000.0,3000.0,3000.0,3000.0,3000.0,3000.0,3000.0,3000.0,3000.0,3000.0,3000.0,3000.0,3000.0,3000.0,3000.0,3000.0,3000.0,3000.0,3000.0,3000.0,3000.0,3000.0,3000.0,3000.0,3000.0,3000.0,3000.0,3000.0,3000.0,3000.0,3000.0,3000.0,3000.0,3000.0,3000.0,3000.0,3000.0,3000.0,3000.0,3000.0,3000.0,3000.0,3000.0,3000.0,3000.0,3000.0,3000.0,3000.0,3000.0,3000.0,3000.0,3000.0,3000.0,3000.0,3000.0,3000.0,3000.0,3000.0,3000.0,3000.0,3000.0,3000.0,3000.0,3000.0,3000.0,3000.0,3000.0,3000.0,3000.0,3000.0,3000.0,3000.0,3000.0,3000.0,3000.0,3000.0,3000.0,3000.0,3000.0,3000.0,3000.0,3000.0,3000.0,3000.0,3000.0,3000.0,3000.0,3000.0,3000.0,3000.0,3000.0,3000.0,3000.0,3000.0,3000.0,3000.0,3000.0,3000.0,3000.0,3000.0,3000.0,3000.0,3000.0,3000.0,3000.0,3000.0,3000.0,3000.0,3000.0,3000.0,3000.0,3000.0,3000.0,3000.0,3000.0,3000.0,3000.0,3000.0,3000.0,3000.0,3000.0,3000.0,3000.0,3000.0,3000.0,3000.0,3000.0,3000.0,3000.0,3000.0,3000.0,3000.0,3000.0,3000.0,3000.0,3000.0,3000.0,3000.0,3000.0,3000.0,3000.0,3000.0,3000.0,3000.0,3000.0,3000.0,3000.0,3000.0,3000.0,3000.0,3000.0,3000.0,3000.0,3000.0,3000.0,3000.0,3000.0,3000.0,3000.0,3000.0,3000.0,3000.0,3000.0,3000.0,3000.0,3000.0,3000.0,3000.0,3000.0,3000.0,3000.0,3000.0,3000.0,3000.0,3000.0,3000.0,3000.0,3000.0,3000.0,3000.0,3000.0,3000.0,3000.0,3000.0,3000.0,3000.0,3000.0,3000.0,3000.0,3000.0,3000.0,3000.0,3000.0,3000.0,3000.0,3000.0,3000.0,3000.0,3000.0,3000.0,3000.0,3000.0,3000.0,3000.0,3000.0,3000.0,3000.0,3000.0,3000.0,3000.0,3000.0,3000.0,3000.0,3000.0,3000.0,3000.0,3000.0,3000.0,3000.0,3000.0,3000.0,3000.0,3000.0,3000.0,3000.0,3000.0,3000.0,3000.0,3000.0,3000.0,3000.0
3533,1116.6666666666667,1129.2797888689947,1168.5835552299916,1239.4064949951292,1351.5060069543501,3000.0,3000.0,3000.0,1116.6666666666667,1129.2797888689947,1168.5835552299916,1239.4064949951292,1351.5060069543501,3000.0,3000.0,3000.0,1116.6666666666667,1129.2797888689947,1168.5835552299916,1239.4064949951292,1351.5060069543501,3000.0,3000.0,3000.0,1116.6666666666667,1129.2797888689947,1168.5835552299916,1239.4064949951292,1351.5060069543501,3000.0,3000.0,3000.0,1116.6666666666667,1129.2797888689947,1168.5835552299916,1239.4064949951292,1351.5060069543501,3000.0,3000.0,3000.0,1116.6666666666667,1129.2797888689947,1168.5835552299916,1239.4064949951292,1351.5060069543501,3000.0,3000.0,3000.0,1116.6666666666667,1129.2797888689947,1168.5835552299916,1239.4064949951292,1351.5060069543501,3000.0,3000.0,3000.0,1116.6666666666667,1129.2797888689947,1168.5835552299916,1239.4064949951292,1351.5060069543501,3000.0,3000.0,3000.0,3000.0,3000.0,3000.0,1351.5060069543501,1239.4064949951292,1168.5835552299916,1129.2797888689947,1116.6666666666667,3000.0,3000.0,3000.0,1351.5060069543501,1239.4064949951292,1168.5835552299916,1129.2797888689947,1116.6666666666667,3000.0,3000.0,3000.0,1351.5060069543501,1239.4064949951292,1168.5835552299916,1129.2797888689947,1116.6666666666667,3000.0,3000.0,3000.0,1351.5060069543501,1239.4064949951292,1168.5835552299916,1129.2797888689947,1116.6666666666667,3000.0,3000.0,3000.0,1351.5060069543501,1239.4064949951292,1168.5835552299916,1129.2797888689947,1116.6666666666667,3000.0,3000.0,3000.0,1351.5060069543501,1239.4064949951292,1168.5835552299916,1129.2797888689947,1116.6666666666667,3000.0,3000.0,3000.0,1351.5060069543501,1239.4064949951292,1168.5835552299916,1129.2797888689947,1116.6666666666667,3000.0,3000.0,3000.0,1351.5060069543501,1239.4064949951292,1168.5835552299916,1129.2797888689947,1116.6666666666667,3000.0,3000.0,3000.0,3000.0,3000.0,3000.0,3000.0,3000.0,3000.0,3000.0,3000.0,3000.0,3000.0,3000.0,3000.0,3000.0,3000.0,3000.0,3000.0,3000.0,3000.0,3000.0,3000.0,3000.0,3000.0,3000.0,3000.0,3000.0,3000.0,3000.0,3000.0,3000.0,3000.0,3000.0,3000.0,3000.0,3000.0,3000.0,3000.0,3000.0,3000.0,3000.0,3000.0,3000.0,3000.0,3000.0,3000.0,3000.0,3000.0,3000.0,3000.0,3000.0,3000.0,3000.0,3000.0,3000.0,3000.0,3000.0,3000.0,3000.0,3000.0,3000.0,3000.0,3000.0,3000.0,3000.0,3000.0,3000.0,3000.0,3000.0,3000.0,3000.0,3000.0,3000.0,3000.0,3000.0,3000.0,3000.0,3000.0,3000.0,3000.0,3000.0,3000.0,3000.0,3000.0,3000.0,3000.0,3000.0,3000.0,3000.0,3000.0,3000.0,3000.0,3000.0,3000.0,3000.0,3000.0,3000.0,3000.0,3000.0,3000.0,3000.0,3000.0,3000.0,3000.0,3000.0,3000.0,3000.0,3000.0,3000.0,3000.0,3000.0,3000.0,3000.0,3000.0,3000.0,3000.0,3000.0,3000.0,3000.0,3000.0,3000.0,3000.0,3000.0,3000.0,3000.0,3000.0,3000.0,3000.0,3000.0,3000.0,3000.0,3000.0,3000.0,3000.0,3000.0,3000.0,3000.0,3000.0,3000.0,3000.0,3000.0,3000.0,3000.0,3000.0,3000.0,3000.0,3000.0,3000.0,3000.0,3000.0,3000.0,3000.0,3000.0,3000.0,3000.0,3000.0,3000.0,3000.0,3000.0,3000.0,3000.0,3000.0,3000.0,3000.0,3000.0,3000.0,3000.0,3000.0,3000.0,3000.0,3000.0,3000.0,3000.0,3000.0,3000.0,3000.0,3000.0,3000.0,3000.0,3000.0,3000.0,3000.0,3000.0,3000.0,3000.0,3000.0,3000.0,3000.0,3000.0,3000.0,3000.0,3000.0,3000.0,3000.0,3000.0,3000.0,3000.0,3000.0,3000.0,3000.0,3000.0,3000.0,3000.0,3000.0,3000.0,3000.0,3000.0,3000.0,3000.0,3000.0,3000.0,3000.0,3000.0,3000.0,3000.0,3000.0,3000.0,3000.0,3000.0,3000.0,3000.0,3000.0,3000.0,3000.0,3000.0,3000.0,3000.0,3000.0,3000.0,3000.0,3000.0,3000.0,3000.0,3000.0,3000.0,3000.0,3000.0,3000.0,3000.0,3000.0,3000.0,3000.0,3000.0,3000.0,3000.0,3000.0,3000.0,3000.0,3000.0,3000.0,3000.0,3000.0,3000.0,3000.0,3000.0
3600,1100.0,1112.4248666470696,1151.1420096295442,1220.9078905922167,1331.3342755072704,3000.0,3000.0,3000.0,1100.0,1112.4248666470696,1151.1420096295442,1220.9078905922167,1331.3342755072704,3000.0,3000.0,3000.0,1100.0,1112.4248666470696,1151.1420096295442,1220.9078905922167,1331.3342755072704,3000.0,3000.0,3000.0,1100.0,1112.4248666470696,1151.1420096295442,1220.9078905922167,1331.3342755072704,3000.0,3000.0,3000.0,1100.0,1112.4248666470696,1151.1420096295442,1220.9078905922167,1331.3342755072704,3000.0,3000.0,3000.0,1100.0,1112.4248666470696,1151.1420096295442,1220.9078905922167,1331.3342755072704,3000.0,3000.0,3000.0,1100.0,1112.4248666470696,1151.1420096295442,1220.9078905922167,1331.3342755072704,3000.0,3000.0,3000.0,1100.0,1112.4248666470696,1151.1420096295442,1220.9078905922167,1331.3342755072704,3000.0,3000.0,3000.0,3000.0,3000.0,3000.0,1331.3342755072704,1220.9078905922167,1151.1420096295442,1112.4248666470696,1100.0,3000.0,3000.0,3000.0,1331.3342755072704,1220.9078905922167,1151.1420096295442,1112.4248666470696,1100.0,3000.0,3000.0,3000.0,1331.3342755072704,1220.9078905922167,1151.1420096295442,1112.4248666470696,1100.0,3000.0,3000.0,3000.0,1331.3342755072704,1220.9078905922167,1151.1420096295442,1112.4248666470696,1100.0,3000.0,3000.0,3000.0,1331.3342755072704,1220.9078905922167,1151.1420096295442,1112.4248666470696,1100.0,3000.0,3000.0,3000.0,1331.3342755072704,1220.9078905922167,1151.1420096295442,1112.4248666470696,1100.0,3000.0,3000.0,3000.0,1331.3342755072704,1220.9078905922167,1151.1420096295442,1112.4248666470696,1100.0,3000.0,3000.0,3000.0,1331.3342755072704,1220.9078905922167,1151.1420096295442,1112.4248666470696,1100.0,3000.0,3000.0,3000.0,3000.0,3000.0,3000.0,3000.0,3000.0,3000.0,3000.0,3000.0,3000.0,3000.0,3000.0,3000.0,3000.0,3000.0,3000.0,3000.0,3000.0,3000.0,3000.0,3000.0,3000.0,3000.0,3000.0,3000.0,3000.0,3000.0,3000.0,3000.0,3000.0,3000.0,3000.0,3000.0,3000.0,3000.0,3000.0,3000.0,3000.0,3000.0,3000.0,3000.0,3000.0,3000.0,3000.0,3000.0,3000.0,3000.0,3000.0,3000.0,3000.0,3000.0,3000.0,3000.0,3000.0,3000.0,3000.0,3000.0,3000.0,3000.0,3000.0,3000.0,3000.0,3000.0,3000.0,3000.0,3000.0,3000.0,3000.0,3000.0,3000.0,3000.0,3000.0,3000.0,3000.0,3000.0,3000.0,3000.0,3000.0,3000.0,3000.0,3000.0,3000.0,3000.0,3000.0,3000.0,3000.0,3000.0,3000.0,3000.0,3000.0,3000.0,3000.0,3000.0,3000.0,3000.0,3000.0,3000.0,3000.0,3000.0,3000.0,3000.0,3000.0,3000.0,3000.0,3000.0,3000.0,3000.0,3000.0,3000.0,3000.0,3000.0,3000.0,3000.0,3000.0,3000.0,3000.0,3000.0,3000.0,3000.0,3000.0,3000.0,3000.0,3000.0,3000.0,3000.0,3000.0,3000.0,3000.0,3000.0,3000.0,3000.0,3000.0,3000.0,3000.0,3000.0,3000.0,3000.0,3000.0,3000.0,3000.0,3000.0,3000.0,3000.0,3000.0,3000.0,3000.0,3000.0,3000.0,3000.0,3000.0,3000.0,3000.0,3000.0,3000.0,3000.0,3000.0,3000.0,3000.0,3000.0,3000.0,3000.0,3000.0,3000.0,3000.0,3000.0,3000.0,3000.0,3000.0,3000.0,3000.0,3000.0,3000.0,3000.0,3000.0,3000.0,3000.0,3000.0,3000.0,3000.0,3000.0,3000.0,3000.0,3000.0,3000.0,3000.0,3000.0,3000.0,3000.0,3000.0,3000.0,3000.0,3000.0,3000.0,3000.0,3000.0,3000.0,3000.0,3000.0,3000.0,3000.0,3000.0,3000.0,3000.0,3000.0,3000.0,3000.0,3000.0,3000.0,3000.0,3000.0,3000.0,3000.0,3000.0,3000.0,3000.0,3000.0,3000.0,3000.0,3000.0,3000.0,3000.0,3000.0,3000.0,3000.0,3000.0,3000.0,3000.0,3000.0,3000.0,3000.0,3000.0,3000.0,3000.0,3000.0,3000.0,3000.0,3000.0,3000.0,3000.0,3000.0,3000.0,3000.0,3000.0,3000.0,3000.0,3000.0,3000.0,3000.0,3000.0,3000.0,3000.0,3000.0,3000.0,3000.0
3667,1083.3333333333335,1095.569944425144,1133.7004640290963,1202.4092861893043,1311.1625440601906,3000.0,3000.0,3000.0,1083.3333333333335,1095.569944425144,1133.7004640290963,1202.4092861893043,1311.1625440601906,3000.0,3000.0,3000.0,1083.3333333333335,1095.569944425144,1133.7004640290963,1202.4092861893043,1311.1625440601906,3000.0,3000.0,3000.0,1083.3333333333335,1095.569944425144,1133.7004640290963,1202.4092861893043,1311.1625440601906,3000.0,3000.0,3000.0,1083.3333333333335,1095.569944425144,1133.7004640290963,1202.4092861893043,1311.1625440601906,3000.0,3000.0,3000.0,1083.3333333333335,1095.569944425144,1133.7004640290963,1202.4092861893043,1311.1625440601906,3000.0,3000.0,3000.0,1083.3333333333335,1095.569944425144,1133.7004640290963,1202.4092861893043,1311.1625440601906,3000.0,3000.0,3000.0,1083.3333333333335,1095.569944425144,1133.7004640290963,1202.4092861893043,1311.1625440601906,3000.0,3000.0,3000.0,3000.0,3000.0,3000.0,1311.1625440601906,1202.4092861893043,1133.7004640290963,1095.569944425144,1083.3333333333335,3000.0,3000.0,3000.0,1311.1625440601906,1202.4092861893043,1133.7004640290963,1095.569944425144,1083.3333333333335,3000.0,3000.0,3000.0,1311.1625440601906,1202.4092861893043,1133.7004640290963,1095.569944425144,1083.3333333333335,3000.0,3000.0,3000.0,1311.1625440601906,1202.4092861893043,1133.7004640290963,1095.569944425144,1083.3333333333335,3000.0,3000.0,3000.0,1311.1625440601906,1202.4092861893043,1133.7004640290963,1095.569944425144,1083.3333333333335,3000.0,3000.0,3000.0,1311.1625440601906,1202.4092861893043,1133.7004640290963,1095.569944425144,1083.3333333333335,3000.0,3000.0,3000.0,1311.1625440601906,1202.4092861893043,1133.7004640290963,1095.569944425144,1083.3333333333335,3000.0,3000.0,3000.0,1311.1625440601906,1202.4092861893043,1133.7004640290963,1095.569944425144,1083.3333333333335,3000.0,3000.0,3000.0,3000.0,3000.0,3000.0,3000.0,3000.0,3000.0,3000.0,3000.0,3000.0,3000.0,3000.0,3000.0,3000.0,3000.0,3000.0,3000.0,3000.0,3000.0,3000.0,3000.0,3000.0,3000.0,3000.0,3000.0,3000.0,3000.0,3000.0,3000.0,3000.0,3000.0,3000.0,3000.0,3000.0,3000.0,3000.0,3000.0,3000.0,3000.0,3000.0,3000.0,3000.0,3000.0,3000.0,3000.0,3000.0,3000.0,3000.0,3000.0,3000.0,3000.0,3000.0,3000.0,3000.0,3000.0,3000.0,3000.0,3000.0,3000.0,3000.0,3000.0,3000.0,3000.0,3000.0,3000.0,3000.0,3000.0,3000.0,3000.0,3000.0,3000.0,3000.0,3000.0,3000.0,3000.0,3000.0,3000.0,3000.0,3000.0,3000.0,3000.0,3000.0,3000.0,3000.0,3000.0,3000.0,3000.0,3000.0,3000.0,3000.0,3000.0,3000.0,3000.0,3000.0,3000.0,3000.0,3000.0,3000.0,3000.0,3000.0,3000.0,3000.0,3000.0,3000.0,3000.0,3000.0,3000.0,3000.0,3000.0,3000.0,3000.0,3000.0,3000.0,3000.0,3000.0,3000.0,3000.0,3000.0,3000.0,3000.0,3000.0,3000.0,3000.0,3000.0,3000.0,3000.0,3000.0,3000.0,3000.0,3000.0,3000.0,3000.0,3000.0,3000.0,3000.0,3000.0,3000.0,3000.0,3000.0,3000.0,3000.0,3000.0,3000.0,3000.0,3000.0,3000.0,3000.0,3000.0,3000.0,3000.0,3000.0,3000.0,3000.0,3000.0,3000.0,3000.0,3000.0,3000.0,3000.0,3000.0,3000.0,3000.0,3000.0,3000.0,3000.0,3000.0,3000.0,3000.0,3000.0,3000.0,3000.0,3000.0,3000.0,3000.0,3000.0,3000.0,3000.0,3000.0,3000.0,3000.0,3000.0,3000.0,3000.0,3000.0,3000.0,3000.0,3000.0,3000.0,3000.0,3000.0,3000.0,3000.0,3000.0,3000.0,3000.0,3000.0,3000.0,3000.0,3000.0,3000.0,3000.0,3000.0,3000.0,3000.0,3000.0,3000.0,3000.0,3000.0,3000.0,3000.0,3000.0,3000.0,3000.0,3000.0,3000.0,3000.0,3000.0,3000.0,3000.0,3000.0,3000.0,3000.0,3000.0,3000.0,3000.0,3000.0,3000.0,3000.0,3000.0,3000.0,3000.0,3000.0,3000.0,3000.0,3000.0,3000.0,3000.0,3000.0,3000.0,3000.0,3000.0,3000.0,3000.0,3000.0,3000.0,3000.0,3000.0,3000.0,3000.0,3000.0,3000.0,3000.0,3000.0,3000.0
3733,1066.6666666666667,1078.7150222032187,1116.2589184286487,1183.910681786392,1290.9908126131106,3000.0,3000.0,3000.0,1066.6666666666667,1078.7150222032187,1116.2589184286487,1183.910681786392,1290.9908126131106,3000.0,3000.0,3000.0,1066.6666666666667,1078.7150222032187,1116.2589184286487,1183.910681786392,1290.9908126131106,3000.0,3000.0,3000.0,1066.6666666666667,1078.7150222032187,1116.2589184286487,1183.910681786392,1290.9908126131106,3000.0,3000.0,3000.0,1066.6666666666667,1078.7150222032187,1116.2589184286487,1183.910681786392,1290.9908126131106,3000.0,3000.0,3000.0,1066.6666666666667,1078.7150222032187,1116.2589184286487,1183.910681786392,1290.9908126131106,3000.0,3000.0,3000.0,1066.6666666666667,1078.7150222032187,1116.2589184286487,1183.910681786392,1290.9908126131106,3000.0,3000.0,3000.0,1066.6666666666667,1078.7150222032187,1116.2589184286487,1183.910681786392,1290.9908126131106,3000.0,3000.0,3000.0,3000.0,3000.0,3000.0,1290.9908126131106,1183.910681786392,1116.2589184286487,1078.7150222032187,1066.6666666666667,3000.0,3000.0,3000.0,1290.9908126131106,1183.910681786392,1116.2589184286487,1078.7150222032187,1066.6666666666667,3000.0,3000.0,3000.0,1290.9908126131106,1183.910681786392,1116.2589184286487,1078.7150222032187,1066.6666666666667,3000.0,3000.0,3000.0,1290.9908126131106,1183.910681786392,1116.2589184286487,1078.7150222032187,1066.6666666666667,3000.0,3000.0,3000.0,1290.9908126131106,1183.910681786392,1116.2589184286487,1078.7150222032187,1066.6666666666667,3000.0,3000.0,3000.0,1290.9908126131106,1183.910681786392,1116.2589184286487,1078.7150222032187,1066.6666666666667,3000.0,3000.0,3000.0,1290.9908126131106,1183.910681786392,1116.2589184286487,1078.7150222032187,1066.6666666666667,3000.0,3000.0,3000.0,1290.9908126131106,1183.910681786392,1116.2589184286487,1078.7150222032187,1066.6666666666667,3000.0,3000.0,3000.0,3000.0,3000.0,3000.0,3000.0,3000.0,3000.0,3000.0,3000.0,3000.0,3000.0,3000.0,3000.0,3000.0,3000.0,3000.0,3000.0,3000.0,3000.0,3000.0,3000.0,3000.0,3000.0,3000.0,3000.0,3000.0,3000.0,3000.0,3000.0,3000.0,3000.0,3000.0,3000.0,3000.0,3000.0,3000.0,3000.0,3000.0,3000.0,3000.0,3000.0,3000.0,3000.0,3000.0,3000.0,3000.0,3000.0,3000.0,3000.0,3000.0,3000.0,3000.0,3000.0,3000.0,3000.0,3000.0,3000.0,3000.0,3000.0,3000.0,3000.0,3000.0,3000.0,3000.0,3000.0,3000.0,3000.0,3000.0,3000.0,3000.0,3000.0,3000.0,3000.0,3000.0,3000.0,3000.0,3000.0,3000.0,3000.0,3000.0,3000.0,3000.0,3000.0,3000.0,3000.0,3000.0,3000.0,3000.0,3000.0,3000.0,3000.0,3000.0,3000.0,3000.0,3000.0,3000.0,3000.0,3000.0,3000.0,3000.0,3000.0,3000.0,3000.0,3000.0,3000.0,3000.0,3000.0,3000.0,3000.0,3000.0,3000.0,3000.0,3000.0,3000.0,3000.0,3000.0,3000.0,3000.0,3000.0,3000.0,3000.0,3000.0,3000.0,3000.0,3000.0,3000.0,3000.0,3000.0,3000.0,3000.0,3000.0,3000.0,3000.0,3000.0,3000.0,3000.0,3000.0,3000.0,3000.0,3000.0,3000.0,3000.0,3000.0,3000.0,3000.0,3000.0,3000.0,3000.0,3000.0,3000.0,3000.0,3000.0,3000.0,3000.0,3000.0,3000.0,3000.0,3000.0,3000.0,3000.0,3000.0,3000.0,3000.0,3000.0,3000.0,3000.0,3000.0,3000.0,3000.0,3000.0,3000.0,3000.0,3000.0,3000.0,3000.0,3000.0,3000.0,3000.0,3000.0,3000.0,3000.0,3000.0,3000.0,3000.0,3000.0,3000.0,3000.0,3000.0,3000.0,3000.0,3000.0,3000.0,3000.0,3000.0,3000.0,3000.0,3000.0,3000.0,3000.0,3000.0,3000.0,3000.0,3000.0,3000.0,3000.0,3000.0,3000.0,3000.0,3000.0,3000.0,3000.0,3000.0,3000.0,3000.0,3000.0,3000.0,3000.0,3000.0,3000.0,3000.0,3000.0,3000.0,3000.0,3000.0,3000.0,3000.0,3000.0,3000.0,3000.0,3000.0,3000.0,3000.0,3000.0,3000.0,3000.0,3000.0,3000.0,3000.0,3000.0,3000.0,3000.0,3000.0,3000.0,3000.0,3000.0,3000.0,3000.0,3000.0,3000.0,3000.0,3000.0,3000.0,3000.0,3000.0
3800,1050.0,1061.8600999812934,1098.817372828201,1165.4120773834795,1270.8190811660306,3000.0,3000.0,3000.0,1050.0,1061.8600999812934,1098.817372828201,1165.4120773834795,1270.8190811660306,3000.0,3000.0,3000.0,1050.0,1061.8600999812934,1098.817372828201,1165.4120773834795,1270.8190811660306,3000.0,3000.0,3000.0,1050.0,1061.8600999812934,1098.817372828201,1165.4120773834795,1270.8190811660306,3000.0,3000.0,3000.0,1050.0,1061.8600999812934,1098.817372828201,1165.4120773834795,1270.8190811660306,3000.0,3000.0,3000.0,1050.0,1061.8600999812934,1098.817372828201,1165.4120773834795,1270.8190811660306,3000.0,3000.0,3000.0,1050.0,1061.8600999812934,1098.817372828201,1165.4120773834795,1270.8190811660306,3000.0,3000.0,3000.0,1050.0,1061.8600999812934,1098.817372828201,1165.4120773834795,1270.8190811660306,3000.0,3000.0,3000.0,3000.0,3000.0,3000.0,1270.8190811660306,1165.4120773834795,1098.817372828201,1061.8600999812934,1050.0,3000.0,3000.0,3000.0,1270.8190811660306,1165.4120773834795,1098.817372828201,1061.8600999812934,1050.0,3000.0,3000.0,3000.0,1270.8190811660306,1165.4120773834795,1098.817372828201,1061.8600999812934,1050.0,3000.0,3000.0,3000.0,1270.8190811660306,1165.4120773834795,1098.817372828201,1061.8600999812934,1050.0,3000.0,3000.0,3000.0,1270.8190811660306,1165.4120773834795,1098.817372828201,1061.8600999812934,1050.0,3000.0,3000.0,3000.0,1270.8190811660306,1165.4120773834795,1098.817372828201,1061.8600999812934,1050.0,3000.0,3000.0,3000.0,1270.8190811660306,1165.4120773834795,1098.817372828201,1061.8600999812934,1050.0,3000.0,3000.0,3000.0,1270.8190811660306,1165.4120773834795,1098.817372828201,1061.8600999812934,1050.0,3000.0,3000.0,3000.0,3000.0,3000.0,3000.0,3000.0,3000.0,3000.0,3000.0,3000.0,3000.0,3000.0,3000.0,3000.0,3000.0,3000.0,3000.0,3000.0,3000.0,3000.0,3000.0,3000.0,3000.0,3000.0,3000.0,3000.0,3000.0,3000.0,3000.0,3000.0,3000.0,3000.0,3000.0,3000.0,3000.0,3000.0,3000.0,3000.0,3000.0,3000.0,3000.0,3000.0,3000.0,3000.0,3000.0,3000.0,3000.0,3000.0,3000.0,3000.0,3000.0,3000.0,3000.0,3000.0,3000.0,3000.0,3000.0,3000.0,3000.0,3000.0,3000.0,3000.0,3000.0,3000.0,3000.0,3000.0,3000.0,3000.0,3000.0,3000.0,3000.0,3000.0,3000.0,3000.0,3000.0,3000.0,3000.0,3000.0,3000.0,3000.0,3000.0,3000.0,3000.0,3000.0,3000.0,3000.0,3000.0,3000.0,3000.0,3000.0,3000.0,3000.0,3000.0,3000.0,3000.0,3000.0,3000.0,3000.0,3000.0,3000.0,3000.0,3000.0,3000.0,3000.0,3000.0,3000.0,3000.0,3000.0,3000.0,3000.0,3000.0,3000.0,3000.0,3000.0,3000.0,3000.0,3000.0,3000.0,3000.0,3000.0,3000.0,3000.0,3000.0,3000.0,3000.0,3000.0,3000.0,3000.0,3000.0,3000.0,3000.0,3000.0,3000.0,3000.0,3000.0,3000.0,3000.0,3000.0,3000.0,3000.0,3000.0,3000.0,3000.0,3000.0,3000.0,3000.0,3000.0,3000.0,3000.0,3000.0,3000.0,3000.0,3000.0,3000.0,3000.0,3000.0,3000.0,3000.0,3000.0,3000.0,3000.0,3000.0,3000.0,3000.0,3000.0,3000.0,3000.0,3000.0,3000.0,3000.0,3000.0,3000.0,3000.0,3000.0,3000.0,3000.0,3000.0,3000.0,3000.0,3000.0,3000.0,3000.0,3000.0,3000.0,3000.0,3000.0,3000.0,3000.0,3000.0,3000.0,3000.0,3000.0,3000.0,3000.0,3000.0,3000.0,3000.0,3000.0,3000.0,3000.0,3000.0,3000.0,3000.0,3000.0,3000.0,3000.0,3000.0,3000.0,3000.0,3000.0,3000.0,3000.0,3000.0,3000.0,3000.0,3000.0,3000.0,3000.0,3000.0,3000.0,3000.0,3000.0,3000.0,3000.0,3000.0,3000.0,3000.0,3000.0,3000.0,3000.0,3000.0,3000.0,3000.0,3000.0,3000.0,3000.0,3000.0,3000.0,3000.0,3000.0,3000.0,3000.0,3000.0,3000.0,3000.0,3000.0,3000.0,3000.0,3000.0,3000.0,3000.0,3000.0,3000.0,3000.0,3000.0
3867,1033.3333333333333,1045.005177759368,1081.3758272277535,1146.913472980567,1250.6473497189509,3000.0,3000.0,3000.0,1033.3333333333333,1045.005177759368,1081.3758272277535,1146.913472980567,1250.6473497189509,3000.0,3000.0,3000.0,1033.3333333333333,1045.005177759368,1081.3758272277535,1146.913472980567,1250.6473497189509,3000.0,3000.0,3000.0,1033.3333333333333,1045.005177759368,1081.3758272277535,1146.913472980567,1250.6473497189509,3000.0,3000.0,3000.0,1033.3333333333333,1045.005177759368,1081.3758272277535,1146.913472980567,1250.6473497189509,3000.0,3000.0,3000.0,1033.3333333333333,1045.005177759368,1081.3758272277535,1146.913472980567,1250.6473497189509,3000.0,3000.0,3000.0,1033.3333333333333,1045.005177759368,1081.3758272277535,1146.913472980567,1250.6473497189509,3000.0,3000.0,3000.0,1033.3333333333333,1045.005177759368,1081.3758272277535,1146.913472980567,1250.6473497189509,3000.0,3000.0,3000.0,3000.0,3000.0,3000.0,1250.6473497189509,1146.913472980567,1081.3758272277535,1045.005177759368,1033.3333333333333,3000.0,3000.0,3000.0,1250.6473497189509,1146.913472980567,1081.3758272277535,1045.005177759368,1033.3333333333333,3000.0,3000.0,3000.0,1250.6473497189509,1146.913472980567,1081.3758272277535,1045.005177759368,1033.3333333333333,3000.0,3000.0,3000.0,1250.6473497189509,1146.913472980567,1081.3758272277535,1045.005177759368,1033.3333333333333,3000.0,3000.0,3000.0,1250.6473497189509,1146.913472980567,1081.3758272277535,1045.005177759368,1033.3333333333333,3000.0,3000.0,3000.0,1250.6473497189509,1146.913472980567,1081.3758272277535,1045.005177759368,1033.3333333333333,3000.0,3000.0,3000.0,1250.6473497189509,1146.913472980567,1081.3758272277535,1045.005177759368,1033.3333333333333,3000.0,3000.0,3000.0,1250.6473497189509,1146.913472980567,1081.3758272277535,1045.005177759368,1033.3333333333333,3000.0,3000.0,3000.0,3000.0,3000.0,3000.0,3000.0,3000.0,3000.0,3000.0,3000.0,3000.0,3000.0,3000.0,3000.0,3000.0,3000.0,3000.0,3000.0,3000.0,3000.0,3000.0,3000.0,3000.0,3000.0,3000.0,3000.0,3000.0,3000.0,3000.0,3000.0,3000.0,3000.0,3000.0,3000.0,3000.0,3000.0,3000.0,3000.0,3000.0,3000.0,3000.0,3000.0,3000.0,3000.0,3000.0,3000.0,3000.0,3000.0,3000.0,3000.0,3000.0,3000.0,3000.0,3000.0,3000.0,3000.0,3000.0,3000.0,3000.0,3000.0,3000.0,3000.0,3000.0,3000.0,3000.0,3000.0,3000.0,3000.0,3000.0,3000.0,3000.0,3000.0,3000.0,3000.0,3000.0,3000.0,3000.0,3000.0,3000.0,3000.0,3000.0,3000.0,3000.0,3000.0,3000.0,3000.0,3000.0,3000.0,3000.0,3000.0,3000.0,3000.0,3000.0,3000.0,3000.0,3000.0,3000.0,3000.0,3000.0,3000.0,3000.0,3000.0,3000.0,3000.0,3000.0,3000.0,3000.0,3000.0,3000.0,3000.0,3000.0,3000.0,3000.0,3000.0,3000.0,3000.0,3000.0,3000.0,3000.0,3000.0,3000.0,3000.0,3000.0,3000.0,3000.0,3000.0,3000.0,3000.0,3000.0,3000.0,3000.0,3000.0,3000.0,3000.0,3000.0,3000.0,3000.0,3000.0,3000.0,3000.0,3000.0,3000.0,3000.0,3000.0,3000.0,3000.0,3000.0,3000.0,3000.0,3000.0,3000.0,3000.0,3000.0,3000.0,3000.0,3000.0,3000.0,3000.0,3000.0,3000.0,3000.0,3000.0,3000.0,3000.0,3000.0,3000.0,3000.0,3000.0,3000.0,3000.0,3000.0,3000.0,3000.0,3000.0,3000.0,3000.0,3000.0,3000.0,3000.0,3000.0,3000.0,3000.0,3000.0,3000.0,3000.0,3000.0,3000.0,3000.0,3000.0,3000.0,3000.0,3000.0,3000.0,3000.0,3000.0,3000.0,3000.0,3000.0,3000.0,3000.0,3000.0,3000.0,3000.0,3000.0,3000.0,3000.0,3000.0,3000.0,3000.0,3000.0,3000.0,3000.0,3000.0,3000.0,3000.0,3000.0,3000.0,3000.0,3000.0,3000.0,3000.0,3000.0,3000.0,3000.0,3000.0,3000.0,3000.0,3000.0,3000.0,3000.0,3000.0,3000.0,3000.0,3000.0,3000.0,3000.0,3000.0,3000.0,3000.0,3000.0,3000.0,3000.0,3000.0,3000.0,3000.0,3000.0,3000.0,3000.0,3000.0,3000.0,3000.0,3000.0,3000.0,3000.0,3000.0
3933,1016.6666666666666,1028.150255537443,1063.9342816273058,1128.4148685776547,1230.475618271871,3000.0,3000.0,3000.0,1016.6666666666666,1028.150255537443,1063.9342816273058,1128.4148685776547,1230.475618271871,3000.0,3000.0,3000.0,1016.6666666666666,1028.150255537443,1063.9342816273058,1128.4148685776547,1230.475618271871,3000.0,3000.0,3000.0,1016.6666666666666,1028.150255537443,1063.9342816273058,1128.4148685776547,1230.475618271871,3000.0,3000.0,3000.0,1016.6666666666666,1028.150255537443,1063.9342816273058,1128.4148685776547,1230.475618271871,3000.0,3000.0,3000.0,1016.6666666666666,1028.150255537443,1063.9342816273058,1128.4148685776547,1230.475618271871,3000.0,3000.0,3000.0,1016.6666666666666,1028.150255537443,1063.9342816273058,1128.4148685776547,1230.475618271871,3000.0,3000.0,3000.0,1016.6666666666666,1028.150255537443,1063.9342816273058,1128.4148685776547,1230.475618271871,3000.0,3000.0,3000.0,3000.0,3000.0,3000.0,1230.475618271871,1128.4148685776547,1063.9342816273058,1028.150255537443,1016.6666666666666,3000.0,3000.0,3000.0,1230.475618271871,1128.4148685776547,1063.9342816273058,1028.150255537443,1016.6666666666666,3000.0,3000.0,3000.0,1230.475618271871,1128.4148685776547,1063.9342816273058,1028.150255537443,1016.6666666666666,3000.0,3000.0,3000.0,1230.475618271871,1128.4148685776547,1063.9342816273058,1028.150255537443,1016.6666666666666,3000.0,3000.0,3000.0,1230.475618271871,1128.4148685776547,1063.9342816273058,1028.150255537443,1016.6666666666666,3000.0,3000.0,3000.0,1230.475618271871,1128.4148685776547,1063.9342816273058,1028.150255537443,1016.6666666666666,3000.0,3000.0,3000.0,1230.475618271871,1128.4148685776547,1063.9342816273058,1028.150255537443,1016.6666666666666,3000.0,3000.0,3000.0,1230.475618271871,1128.4148685776547,1063.9342816273058,1028.150255537443,1016.6666666666666,3000.0,3000.0,3000.0,3000.0,3000.0,3000.0,3000.0,3000.0,3000.0,3000.0,3000.0,3000.0,3000.0,3000.0,3000.0,3000.0,3000.0,3000.0,3000.0,3000.0,3000.0,3000.0,3000.0,3000.0,3000.0,3000.0,3000.0,3000.0,3000.0,3000.0,3000.0,3000.0,3000.0,3000.0,3000.0,3000.0,3000.0,3000.0,3000.0,3000.0,3000.0,3000.0,3000.0,3000.0,3000.0,3000.0,3000.0,3000.0,3000.0,3000.0,3000.0,3000.0,3000.0,3000.0,3000.0,3000.0,3000.0,3000.0,3000.0,3000.0,3000.0,3000.0,3000.0,3000.0,3000.0,3000.0,3000.0,3000.0,3000.0,3000.0,3000.0,3000.0,3000.0,3000.0,3000.0,3000.0,3000.0,3000.0,3000.0,3000.0,3000.0,3000.0,3000.0,3000.0,3000.0,3000.0,3000.0,3000.0,3000.0,3000.0,3000.0,3000.0,3000.0,3000.0,3000.0,3000.0,3000.0,3000.0,3000.0,3000.0,3000.0,3000.0,3000.0,3000.0,3000.0,3000.0,3000.0,3000.0,3000.0,3000.0,3000.0,3000.0,3000.0,3000.0,3000.0,3000.0,3000.0,3000.0,3000.0,3000.0,3000.0,3000.0,3000.0,3000.0,3000.0,3000.0,3000.0,3000.0,3000.0,3000.0,3000.0,3000.0,3000.0,3000.0,3000.0,3000.0,3000.0,3000.0,3000.0,3000.0,3000.0,3000.0,3000.0,3000.0,3000.0,3000.0,3000.0,3000.0,3000.0,3000.0,3000.0,3000.0,3000.0,3000.0,3000.0,3000.0,3000.0,3000.0,3000.0,3000.0,3000.0,3000.0,3000.0,3000.0,3000.0,3000.0,3000.0,3000.0,3000.0,3000.0,3000.0,3000.0,3000.0,3000.0,3000.0,3000.0,3000.0,3000.0,3000.0,3000.0,3000.0,3000.0,3000.0,3000.0,3000.0,3000.0,3000.0,3000.0,3000.0,3000.0,3000.0,3000.0,3000.0,3000.0,3000.0,3000.0,3000.0,3000.0,3000.0,3000.0,3000.0,3000.0,3000.0,3000.0,3000.0,3000.0,3000.0,3000.0,3000.0,3000.0,3000.0,3000.0,3000.0,3000.0,3000.0,3000.0,3000.0,3000.0,3000.0,3000.0,3000.0,3000.0,3000.0,3000.0,3000.0,3000.0,3000.0,3000.0,3000.0,3000.0,3000.0,3000.0,3000.0,3000.0,3000.0,3000.0,3000.0,3000.0,3000.0,3000.0,3000.0,3000.0,3000.0,3000.0,3000.0,3000.0,3000.0,3000.0,3000.0,3000.0,3000.0,3000.0,3000.0,3000.0,3000.0,3000.0
4000,1000.0,1011.2953333155177,1046.4927360268582,1109.9162641747425,1210.303886824791,3000.0,3000.0,3000.0,1000.0,1011.2953333155177,1046.4927360268582,1109.9162641747425,1210.303886824791,3000.0,3000.0,3000.0,1000.0,1011.2953333155177,1046.4927360268582,1109.9162641747425,1210.303886824791,3000.0,3000.0,3000.0,1000.0,1011.2953333155177,1046.4927360268582,1109.9162641747425,1210.303886824791,3000.0,3000.0,3000.0,1000.0,1011.2953333155177,1046.4927360268582,1109.9162641747425,1210.303886824791,3000.0,3000.0,3000.0,1000.0,1011.2953333155177,1046.4927360268582,1109.9162641747425,1210.303886824791,3000.0,3000.0,3000.0,1000.0,1011.2953333155177,1046.4927360268582,1109.9162641747425,1210.303886824791,3000.0,3000.0,3000.0,1000.0,1011.2953333155177,1046.4927360268582,1109.9162641747425,1210.303886824791,3000.0,3000.0,3000.0,3000.0,3000.0,3000.0,1210.303886824791,1109.9162641747425,1046.4927360268582,1011.2953333155177,1000.0,3000.0,3000.0,3000.0,1210.303886824791,1109.9162641747425,1046.4927360268582,1011.2953333155177,1000.0,3000.0,3000.0,3000.0,1210.303886824791,1109.9162641747425,1046.4927360268582,1011.2953333155177,1000.0,3000.0,3000.0,3000.0,1210.303886824791,1109.9162641747425,1046.4927360268582,1011.2953333155177,1000.0,3000.0,3000.0,3000.0,1210.303886824791,1109.9162641747425,1046.4927360268582,1011.2953333155177,1000.0,3000.0,3000.0,3000.0,1210.303886824791,1109.9162641747425,1046.4927360268582,1011.2953333155177,1000.0,3000.0,3000.0,3000.0,1210.303886824791,1109.9162641747425,1046.4927360268582,1011.2953333155177,1000.0,3000.0,3000.0,3000.0,1210.303886824791,1109.9162641747425,1046.4927360268582,1011.2953333155177,1000.0,3000.0,3000.0,3000.0,3000.0,3000.0,3000.0,3000.0,3000.0,3000.0,3000.0,3000.0,3000.0,3000.0,3000.0,3000.0,3000.0,3000.0,3000.0,3000.0,3000.0,3000.0,3000.0,3000.0,3000.0,3000.0,3000.0,3000.0,3000.0,3000.0,3000.0,3000.0,3000.0,3000.0,3000.0,3000.0,3000.0,3000.0,3000.0,3000.0,3000.0,3000.0,3000.0,3000.0,3000.0,3000.0,3000.0,3000.0,3000.0,3000.0,3000.0,3000.0,3000.0,3000.0,3000.0,3000.0,3000.0,3000.0,3000.0,3000.0,3000.0,3000.0,3000.0,3000.0,3000.0,3000.0,3000.0,3000.0,3000.0,3000.0,3000.0,3000.0,3000.0,3000.0,3000.0,3000.0,3000.0,3000.0,3000.0,3000.0,3000.0,3000.0,3000.0,3000.0,3000.0,3000.0,3000.0,3000.0,3000.0,3000.0,3000.0,3000.0,3000.0,3000.0,3000.0,3000.0,3000.0,3000.0,3000.0,3000.0,3000.0,3000.0,3000.0,3000.0,3000.0,3000.0,3000.0,3000.0,3000.0,3000.0,3000.0,3000.0,3000.0,3000.0,3000.0,3000.0,3000.0,3000.0,3000.0,3000.0,3000.0,3000.0,3000.0,3000.0,3000.0,3000.0,3000.0,3000.0,3000.0,3000.0,3000.0,3000.0,3000.0,3000.0,3000.0,3000.0,3000.0,3000.0,3000.0,3000.0,3000.0,3000.0,3000.0,3000.0,3000.0,3000.0,3000.0,3000.0,3000.0,3000.0,3000.0,3000.0,3000.0,3000.0,3000.0,3000.0,3000.0,3000.0,3000.0,3000.0,3000.0,3000.0,3000.0,3000.0,3000.0,3000.0,3000.0,3000.0,3000.0,3000.0,3000.0,3000.0,3000.0,3000.0,3000.0,3000.0,3000.0,3000.0,3000.0,3000.0,3000.0,3000.0,3000.0,3000.0,3000.0,3000.0,3000.0,3000.0,3000.0,3000.0,3000.0,3000.0,3000.0,3000.0,3000.0,3000.0,3000.0,3000.0,3000.0,3000.0,3000.0,3000.0,3000.0,3000.0,3000.0,3000.0,3000.0,3000.0,3000.0,3000.0,3000.0,3000.0,3000.0,3000.0,3000.0,3000.0,3000.0,3000.0,3000.0,3000.0,3000.0,3000.0,3000.0,3000.0,3000.0,3000.0,3000.0,3000.0,3000.0,3000.0,3000.0,3000.0,3000.0,3000.0,3000.0,3000.0,3000.0,3000.0,3000.0,3000.0,3000.0,3000.0,3000.0,3000.0,3000.0,3000.0,3000.0,3000.0,3000.0,3000.0,3000.0,3000.0,3000.0,3000.0,3000.0,3000.0,3000.0
4067,983.3333333333334,994.4404110935924,1029.0511904264106,1091.4176597718301,1190.1321553777113,3000.0,3000.0,3000.0,983.3333333333334,994.4404110935924,1029.0511904264106,1091.4176597718301,1190.1321553777113,3000.0,3000.0,3000.0,983.3333333333334,994.4404110935924,1029.0511904264106,1091.4176597718301,1190.1321553777113,3000.0,3000.0,3000.0,983.3333333333334,994.4404110935924,1029.0511904264106,1091.4176597718301,1190.1321553777113,3000.0,3000.0,3000.0,983.3333333333334,994.4404110935924,1029.0511904264106,1091.4176597718301,1190.1321553777113,3000.0,3000.0,3000.0,983.3333333333334,994.4404110935924,1029.0511904264106,1091.4176597718301,1190.1321553777113,3000.0,3000.0,3000.0,983.3333333333334,994.4404110935924,1029.0511904264106,1091.4176597718301,1190.1321553777113,3000.0,3000.0,3000.0,983.3333333333334,994.4404110935924,1029.0511904264106,1091.4176597718301,1190.1321553777113,3000.0,3000.0,3000.0,3000.0,3000.0,3000.0,1190.1321553777113,1091.4176597718301,1029.0511904264106,994.4404110935924,983.3333333333334,3000.0,3000.0,3000.0,1190.1321553777113,1091.4176597718301,1029.0511904264106,994.4404110935924,983.3333333333334,3000.0,3000.0,3000.0,1190.1321553777113,1091.4176597718301,1029.0511904264106,994.4404110935924,983.3333333333334,3000.0,3000.0,3000.0,1190.1321553777113,1091.4176597718301,1029.0511904264106,994.4404110935924,983.3333333333334,3000.0,3000.0,3000.0,1190.1321553777113,1091.4176597718301,1029.0511904264106,994.4404110935924,983.3333333333334,3000.0,3000.0,3000.0,1190.1321553777113,1091.4176597718301,1029.0511904264106,994.4404110935924,983.3333333333334,3000.0,3000.0,3000.0,1190.1321553777113,1091.4176597718301,1029.0511904264106,994.4404110935924,983.3333333333334,3000.0,3000.0,3000.0,1190.1321553777113,1091.4176597718301,1029.0511904264106,994.4404110935924,983.3333333333334,3000.0,3000.0,3000.0,3000.0,3000.0,3000.0,3000.0,3000.0,3000.0,3000.0,3000.0,3000.0,3000.0,3000.0,3000.0,3000.0,3000.0,3000.0,3000.0,3000.0,3000.0,3000.0,3000.0,3000.0,3000.0,3000.0,3000.0,3000.0,3000.0,3000.0,3000.0,3000.0,3000.0,3000.0,3000.0,3000.0,3000.0,3000.0,3000.0,3000.0,3000.0,3000.0,3000.0,3000.0,3000.0,3000.0,3000.0,3000.0,3000.0,3000.0,3000.0,3000.0,3000.0,3000.0,3000.0,3000.0,3000.0,3000.0,3000.0,3000.0,3000.0,3000.0,3000.0,3000.0,3000.0,3000.0,3000.0,3000.0,3000.0,3000.0,3000.0,3000.0,3000.0,3000.0,3000.0,3000.0,3000.0,3000.0,3000.0,3000.0,3000.0,3000.0,3000.0,3000.0,3000.0,3000.0,3000.0,3000.0,3000.0,3000.0,3000.0,3000.0,3000.0,3000.0,3000.0,3000.0,3000.0,3000.0,3000.0,3000.0,3000.0,3000.0,3000.0,3000.0,3000.0,3000.0,3000.0,3000.0,3000.0,3000.0,3000.0,3000.0,3000.0,3000.0,3000.0,3000.0,3000.0,3000.0,3000.0,3000.0,3000.0,3000.0,3000.0,3000.0,3000.0,3000.0,3000.0,3000.0,3000.0,3000.0,3000.0,3000.0,3000.0,3000.0,3000.0,3000.0,3000.0,3000.0,3000.0,3000.0,3000.0,3000.0,3000.0,3000.0,3000.0,3000.0,3000.0,3000.0,3000.0,3000.0,3000.0,3000.0,3000.0,3000.0,3000.0,3000.0,3000.0,3000.0,3000.0,3000.0,3000.0,3000.0,3000.0,3000.0,3000.0,3000.0,3000.0,3000.0,3000.0,3000.0,3000.0,3000.0,3000.0,3000.0,3000.0,3000.0,3000.0,3000.0,3000.0,3000.0,3000.0,3000.0,3000.0,3000.0,3000.0,3000.0,3000.0,3000.0,3000.0,3000.0,3000.0,3000.0,3000.0,3000.0,3000.0,3000.0,3000.0,3000.0,3000.0,3000.0,3000.0,3000.0,3000.0,3000.0,3000.0,3000.0,3000.0,3000.0,3000.0,3000.0,3000.0,3000.0,3000.0,3000.0,3000.0,3000.0,3000.0,3000.0,3000.0,3000.0,3000.0,3000.0,3000.0,3000.0,3000.0,3000.0,3000.0,3000.0,3000.0,3000.0,3000.0,3000.0,3000.0,3000.0,3000.0,3000.0,3000.0,3000.0,3000.0,3000.0,3000.0,3000.0,3000.0,3000.0,3000.0,3000.0,3000.0,3000.0,3000.0,3000.0,3000.0,3000.0,3000.0,3000.0,3000.0,3000.0
4133,966.6666666666665,977.5854888716669,1011.6096448259628,1072.9190553689177,1169.9604239306314,3000.0,3000.0,3000.0,966.6666666666665,977.5854888716669,1011.6096448259628,1072.9190553689177,1169.9604239306314,3000.0,3000.0,3000.0,966.6666666666665,977.5854888716669,1011.6096448259628,1072.9190553689177,1169.9604239306314,3000.0,3000.0,3000.0,966.6666666666665,977.5854888716669,1011.6096448259628,1072.9190553689177,1169.9604239306314,3000.0,3000.0,3000.0,966.6666666666665,977.5854888716669,1011.6096448259628,1072.9190553689177,1169.9604239306314,3000.0,3000.0,3000.0,966.6666666666665,977.5854888716669,1011.6096448259628,1072.9190553689177,1169.9604239306314,3000.0,3000.0,3000.0,966.6666666666665,977.5854888716669,1011.6096448259628,1072.9190553689177,1169.9604239306314,3000.0,3000.0,3000.0,966.6666666666665,977.5854888716669,1011.6096448259628,1072.9190553689177,1169.9604239306314,3000.0,3000.0,3000.0,3000.0,3000.0,3000.0,1169.9604239306314,1072.9190553689177,1011.6096448259628,977.5854888716669,966.6666666666665,3000.0,3000.0,3000.0,1169.9604239306314,1072.9190553689177,1011.6096448259628,977.5854888716669,966.6666666666665,3000.0,3000.0,3000.0,1169.9604239306314,1072.9190553689177,1011.6096448259628,977.5854888716669,966.6666666666665,3000.0,3000.0,3000.0,1169.9604239306314,1072.9190553689177,1011.6096448259628,977.5854888716669,966.6666666666665,3000.0,3000.0,3000.0,1169.9604239306314,1072.9190553689177,1011.6096448259628,977.5854888716669,966.6666666666665,3000.0,3000.0,3000.0,1169.9604239306314,1072.9190553689177,1011.6096448259628,977.5854888716669,966.6666666666665,3000.0,3000.0,3000.0,1169.9604239306314,1072.9190553689177,1011.6096448259628,977.5854888716669,966.6666666666665,3000.0,3000.0,3000.0,1169.9604239306314,1072.9190553689177,1011.6096448259628,977.5854888716669,966.6666666666665,3000.0,3000.0,3000.0,3000.0,3000.0,3000.0,3000.0,3000.0,3000.0,3000.0,3000.0,3000.0,3000.0,3000.0,3000.0,3000.0,3000.0,3000.0,3000.0,3000.0,3000.0,3000.0,3000.0,3000.0,3000.0,3000.0,3000.0,3000.0,3000.0,3000.0,3000.0,3000.0,3000.0,3000.0,3000.0,3000.0,3000.0,3000.0,3000.0,3000.0,3000.0,3000.0,3000.0,3000.0,3000.0,3000.0,3000.0,3000.0,3000.0,3000.0,3000.0,3000.0,3000.0,3000.0,3000.0,3000.0,3000.0,3000.0,3000.0,3000.0,3000.0,3000.0,3000.0,3000.0,3000.0,3000.0,3000.0,3000.0,3000.0,3000.0,3000.0,3000.0,3000.0,3000.0,3000.0,3000.0,3000.0,3000.0,3000.0,3000.0,3000.0,3000.0,3000.0,3000.0,3000.0,3000.0,3000.0,3000.0,3000.0,3000.0,3000.0,3000.0,3000.0,3000.0,3000.0,3000.0,3000.0,3000.0,3000.0,3000.0,3000.0,3000.0,3000.0,3000.0,3000.0,3000.0,3000.0,3000.0,3000.0,3000.0,3000.0,3000.0,3000.0,3000.0,3000.0,3000.0,3000.0,3000.0,3000.0,3000.0,3000.0,3000.0,3000.0,3000.0,3000.0,3000.0,3000.0,3000.0,3000.0,3000.0,3000.0,3000.0,3000.0,3000.0,3000.0,3000.0,3000.0,3000.0,3000.0,3000.0,3000.0,3000.0,3000.0,3000.0,3000.0,3000.0,3000.0,3000.0,3000.0,3000.0,3000.0,3000.0,3000.0,3000.0,3000.0,3000.0,3000.0,3000.0,3000.0,3000.0,3000.0,3000.0,3000.0,3000.0,3000.0,3000.0,3000.0,3000.0,3000.0,3000.0,3000.0,3000.0,3000.0,3000.0,3000.0,3000.0,3000.0,3000.0,3000.0,3000.0,3000.0,3000.0,3000.0,3000.0,3000.0,3000.0,3000.0,3000.0,3000.0,3000.0,3000.0,3000.0,3000.0,3000.0,3000.0,3000.0,3000.0,3000.0,3000.0,3000.0,3000.0,3000.0,3000.0,3000.0,3000.0,3000.0,3000.0,3000.0,3000.0,3000.0,3000.0,3000.0,3000.0,3000.0,3000.0,3000.0,3000.0,3000.0,3000.0,3000.0,3000.0,3000.0,3000.0,3000.0,3000.0,3000.0,3000.0,3000.0,3000.0,3000.0,3000.0,3000.0,3000.0,3000.0,3000.0,3000.0,3000.0,3000.0,3000.0,3000.0,3000.0,3000.0,3000.0,3000.0,3000.0,3000.0,3000.0,3000.0,3000.0,3000.0,3000.0,3000.0,3000.0,3000.0,3000.0,3000.0
4200,950.0,960.7305666497416,994.1680992255152,1054.4204509660053,1149.7886924835516,3000.0,3000.0,3000.0,950.0,960.7305666497416,994.1680992255152,1054.4204509660053,1149.7886924835516,3000.0,3000.0,3000.0,950.0,960.7305666497416,994.1680992255152,1054.4204509660053,1149.7886924835516,3000.0,3000.0,3000.0,950.0,960.7305666497416,994.1680992255152,1054.4204509660053,1149.7886924835516,3000.0,3000.0,3000.0,950.0,960.7305666497416,994.1680992255152,1054.4204509660053,1149.7886924835516,3000.0,3000.0,3000.0,950.0,960.7305666497416,994.1680992255152,1054.4204509660053,1149.7886924835516,3000.0,3000.0,3000.0,950.0,960.7305666497416,994.1680992255152,1054.4204509660053,1149.7886924835516,3000.0,3000.0,3000.0,950.0,960.7305666497416,994.1680992255152,1054.4204509660053,1149.7886924835516,3000.0,3000.0,3000.0,3000.0,3000.0,3000.0,1149.7886924835516,1054.4204509660053,994.1680992255152,960.7305666497416,950.0,3000.0,3000.0,3000.0,1149.7886924835516,1054.4204509660053,994.1680992255152,960.7305666497416,950.0,3000.0,3000.0,3000.0,1149.7886924835516,1054.4204509660053,994.1680992255152,960.7305666497416,950.0,3000.0,3000.0,3000.0,1149.7886924835516,1054.4204509660053,994.1680992255152,960.7305666497416,950.0,3000.0,3000.0,3000.0,1149.7886924835516,1054.4204509660053,994.1680992255152,960.7305666497416,950.0,3000.0,3000.0,3000.0,1149.7886924835516,1054.4204509660053,994.1680992255152,960.7305666497416,950.0,3000.0,3000.0,3000.0,1149.7886924835516,1054.4204509660053,994.1680992255152,960.7305666497416,950.0,3000.0,3000.0,3000.0,1149.7886924835516,1054.4204509660053,994.1680992255152,960.7305666497416,950.0,3000.0,3000.0,3000.0,3000.0,3000.0,3000.0,3000.0,3000.0,3000.0,3000.0,3000.0,3000.0,3000.0,3000.0,3000.0,3000.0,3000.0,3000.0,3000.0,3000.0,3000.0,3000.0,3000.0,3000.0,3000.0,3000.0,3000.0,3000.0,3000.0,3000.0,3000.0,3000.0,3000.0,3000.0,3000.0,3000.0,3000.0,3000.0,3000.0,3000.0,3000.0,3000.0,3000.0,3000.0,3000.0,3000.0,3000.0,3000.0,3000.0,3000.0,3000.0,3000.0,3000.0,3000.0,3000.0,3000.0,3000.0,3000.0,3000.0,3000.0,3000.0,3000.0,3000.0,3000.0,3000.0,3000.0,3000.0,3000.0,3000.0,3000.0,3000.0,3000.0,3000.0,3000.0,3000.0,3000.0,3000.0,3000.0,3000.0,3000.0,3000.0,3000.0,3000.0,3000.0,3000.0,3000.0,3000.0,3000.0,3000.0,3000.0,3000.0,3000.0,3000.0,3000.0,3000.0,3000.0,3000.0,3000.0,3000.0,3000.0,3000.0,3000.0,3000.0,3000.0,3000.0,3000.0,3000.0,3000.0,3000.0,3000.0,3000.0,3000.0,3000.0,3000.0,3000.0,3000.0,3000.0,3000.0,3000.0,3000.0,3000.0,3000.0,3000.0,3000.0,3000.0,3000.0,3000.0,3000.0,3000.0,3000.0,3000.0,3000.0,3000.0,3000.0,3000.0,3000.0,3000.0,3000.0,3000.0,3000.0,3000.0,3000.0,3000.0,3000.0,3000.0,3000.0,3000.0,3000.0,3000.0,3000.0,3000.0,3000.0,3000.0,3000.0,3000.0,3000.0,3000.0,3000.0,3000.0,3000.0,3000.0,3000.0,3000.0,3000.0,3000.0,3000.0,3000.0,3000.0,3000.0,3000.0,3000.0,3000.0,3000.0,3000.0,3000.0,3000.0,3000.0,3000.0,3000.0,3000.0,3000.0,3000.0,3000.0,3000.0,3000.0,3000.0,3000.0,3000.0,3000.0,3000.0,3000.0,3000.0,3000.0,3000.0,3000.0,3000.0,3000.0,3000.0,3000.0,3000.0,3000.0,3000.0,3000.0,3000.0,3000.0,3000.0,3000.0,3000.0,3000.0,3000.0,3000.0,3000.0,3000.0,3000.0,3000.0,3000.0,3000.0,3000.0,3000.0,3000.0,3000.0,3000.0,3000.0,3000.0,3000.0,3000.0,3000.0,3000.0,3000.0,3000.0,3000.0,3000.0,3000.0,3000.0,3000.0,3000.0,3000.0,3000.0,3000.0,3000.0,3000.0,3000.0,3000.0,3000.0,3000.0,3000.0,3000.0,3000.0,3000.0,3000.0,3000.0,3000.0,3000.0,3000.0,3000.0,3000.0
4267,933.3333333333334,943.8756444278164,976.7265536250676,1035.921846563093,1129.6169610364716,3000.0,3000.0,3000.0,933.3333333333334,943.8756444278164,976.7265536250676,1035.921846563093,1129.6169610364716,3000.0,3000.0,3000.0,933.3333333333334,943.8756444278164,976.7265536250676,1035.921846563093,1129.6169610364716,3000.0,3000.0,3000.0,933.3333333333334,943.8756444278164,976.7265536250676,1035.921846563093,1129.6169610364716,3000.0,3000.0,3000.0,933.3333333333334,943.8756444278164,976.7265536250676,1035.921846563093,1129.6169610364716,3000.0,3000.0,3000.0,933.3333333333334,943.8756444278164,976.7265536250676,1035.921846563093,1129.6169610364716,3000.0,3000.0,3000.0,933.3333333333334,943.8756444278164,976.7265536250676,1035.921846563093,1129.6169610364716,3000.0,3000.0,3000.0,933.3333333333334,943.8756444278164,976.7265536250676,1035.921846563093,1129.6169610364716,3000.0,3000.0,3000.0,3000.0,3000.0,3000.0,1129.6169610364716,1035.921846563093,976.7265536250676,943.8756444278164,933.3333333333334,3000.0,3000.0,3000.0,1129.6169610364716,1035.921846563093,976.7265536250676,943.8756444278164,933.3333333333334,3000.0,3000.0,3000.0,1129.6169610364716,1035.921846563093,976.7265536250676,943.8756444278164,933.3333333333334,3000.0,3000.0,3000.0,1129.6169610364716,1035.921846563093,976.7265536250676,943.8756444278164,933.3333333333334,3000.0,3000.0,3000.0,1129.6169610364716,1035.921846563093,976.7265536250676,943.8756444278164,933.3333333333334,3000.0,3000.0,3000.0,1129.6169610364716,1035.921846563093,976.7265536250676,943.8756444278164,933.3333333333334,3000.0,3000.0,3000.0,1129.6169610364716,1035.921846563093,976.7265536250676,943.8756444278164,933.3333333333334,3000.0,3000.0,3000.0,1129.6169610364716,1035.921846563093,976.7265536250676,943.8756444278164,933.3333333333334,3000.0,3000.0,3000.0,3000.0,3000.0,3000.0,3000.0,3000.0,3000.0,3000.0,3000.0,3000.0,3000.0,3000.0,3000.0,3000.0,3000.0,3000.0,3000.0,3000.0,3000.0,3000.0,3000.0,3000.0,3000.0,3000.0,3000.0,3000.0,3000.0,3000.0,3000.0,3000.0,3000.0,3000.0,3000.0,3000.0,3000.0,3000.0,3000.0,3000.0,3000.0,3000.0,3000.0,3000.0,3000.0,3000.0,3000.0,3000.0,3000.0,3000.0,3000.0,3000.0,3000.0,3000.0,3000.0,3000.0,3000.0,3000.0,3000.0,3000.0,3000.0,3000.0,3000.0,3000.0,3000.0,3000.0,3000.0,3000.0,3000.0,3000.0,3000.0,3000.0,3000.0,3000.0,3000.0,3000.0,3000.0,3000.0,3000.0,3000.0,3000.0,3000.0,3000.0,3000.0,3000.0,3000.0,3000.0,3000.0,3000.0,3000.0,3000.0,3000.0,3000.0,3000.0,3000.0,3000.0,3000.0,3000.0,3000.0,3000.0,3000.0,3000.0,3000.0,3000.0,3000.0,3000.0,3000.0,3000.0,3000.0,3000.0,3000.0,3000.0,3000.0,3000.0,3000.0,3000.0,3000.0,3000.0,3000.0,3000.0,3000.0,3000.0,3000.0,3000.0,3000.0,3000.0,3000.0,3000.0,3000.0,3000.0,3000.0,3000.0,3000.0,3000.0,3000.0,3000.0,3000.0,3000.0,3000.0,3000.0,3000.0,3000.0,3000.0,3000.0,3000.0,3000.0,3000.0,3000.0,3000.0,3000.0,3000.0,3000.0,3000.0,3000.0,3000.0,3000.0,3000.0,3000.0,3000.0,3000.0,3000.0,3000.0,3000.0,3000.0,3000.0,3000.0,3000.0,3000.0,3000.0,3000.0,3000.0,3000.0,3000.0,3000.0,3000.0,3000.0,3000.0,3000.0,3000.0,3000.0,3000.0,3000.0,3000.0,3000.0,3000.0,3000.0,3000.0,3000.0,3000.0,3000.0,3000.0,3000.0,3000.0,3000.0,3000.0,3000.0,3000.0,3000.0,3000.0,3000.0,3000.0,3000.0,3000.0,3000.0,3000.0,3000.0,3000.0,3000.0,3000.0,3000.0,3000.0,3000.0,3000.0,3000.0,3000.0,3000.0,3000.0,3000.0,3000.0,3000.0,3000.0,3000.0,3000.0,3000.0,3000.0,3000.0,3000.0,3000.0,3000.0,3000.0,3000.0,3000.0,3000.0,3000.0,3000.0,3000.0,3000.0,3000.0,3000.0,3000.0,3000.0,3000.0,3000.0,3000.0,3000.0,3000.0,3000.0,3000.0,3000.0,3000.0,3000.0,3000.0,3000.0,3000.0,3000.0,3000.0
4333,916.6666666666667,927.0207222058912,959.28500802462,1017.4232421601805,1109.445229589392,3000.0,3000.0,3000.0,916.6666666666667,927.0207222058912,959.28500802462,1017.4232421601805,1109.445229589392,3000.0,3000.0,3000.0,916.6666666666667,927.0207222058912,959.28500802462,1017.4232421601805,1109.445229589392,3000.0,3000.0,3000.0,916.6666666666667,927.0207222058912,959.28500802462,1017.4232421601805,1109.445229589392,3000.0,3000.0,3000.0,916.6666666666667,927.0207222058912,959.28500802462,1017.4232421601805,1109.445229589392,3000.0,3000.0,3000.0,916.6666666666667,927.0207222058912,959.28500802462,1017.4232421601805,1109.445229589392,3000.0,3000.0,3000.0,916.6666666666667,927.0207222058912,959.28500802462,1017.4232421601805,1109.445229589392,3000.0,3000.0,3000.0,916.6666666666667,927.0207222058912,959.28500802462,1017.4232421601805,1109.445229589392,3000.0,3000.0,3000.0,3000.0,3000.0,3000.0,1109.445229589392,1017.4232421601805,959.28500802462,927.0207222058912,916.6666666666667,3000.0,3000.0,3000.0,1109.445229589392,1017.4232421601805,959.28500802462,927.0207222058912,916.6666666666667,3000.0,3000.0,3000.0,1109.445229589392,1017.4232421601805,959.28500802462,927.0207222058912,916.6666666666667,3000.0,3000.0,3000.0,1109.445229589392,1017.4232421601805,959.28500802462,927.0207222058912,916.6666666666667,3000.0,3000.0,3000.0,1109.445229589392,1017.4232421601805,959.28500802462,927.0207222058912,916.6666666666667,3000.0,3000.0,3000.0,1109.445229589392,1017.4232421601805,959.28500802462,927.0207222058912,916.6666666666667,3000.0,3000.0,3000.0,1109.445229589392,1017.4232421601805,959.28500802462,927.0207222058912,916.6666666666667,3000.0,3000.0,3000.0,1109.445229589392,1017.4232421601805,959.28500802462,927.0207222058912,916.6666666666667,3000.0,3000.0,3000.0,3000.0,3000.0,3000.0,3000.0,3000.0,3000.0,3000.0,3000.0,3000.0,3000.0,3000.0,3000.0,3000.0,3000.0,3000.0,3000.0,3000.0,3000.0,3000.0,3000.0,3000.0,3000.0,3000.0,3000.0,3000.0,3000.0,3000.0,3000.0,3000.0,3000.0,3000.0,3000.0,3000.0,3000.0,3000.0,3000.0,3000.0,3000.0,3000.0,3000.0,3000.0,3000.0,3000.0,3000.0,3000.0,3000.0,3000.0,3000.0,3000.0,3000.0,3000.0,3000.0,3000.0,3000.0,3000.0,3000.0,3000.0,3000.0,3000.0,3000.0,3000.0,3000.0,3000.0,3000.0,3000.0,3000.0,3000.0,3000.0,3000.0,3000.0,3000.0,3000.0,3000.0,3000.0,3000.0,3000.0,3000.0,3000.0,3000.0,3000.0,3000.0,3000.0,3000.0,3000.0,3000.0,3000.0,3000.0,3000.0,3000.0,3000.0,3000.0,3000.0,3000.0,3000.0,3000.0,3000.0,3000.0,3000.0,3000.0,3000.0,3000.0,3000.0,3000.0,3000.0,3000.0,3000.0,3000.0,3000.0,3000.0,3000.0,3000.0,3000.0,3000.0,3000.0,3000.0,3000.0,3000.0,3000.0,3000.0,3000.0,3000.0,3000.0,3000.0,3000.0,3000.0,3000.0,3000.0,3000.0,3000.0,3000.0,3000.0,3000.0,3000.0,3000.0,3000.0,3000.0,3000.0,3000.0,3000.0,3000.0,3000.0,3000.0,3000.0,3000.0,3000.0,3000.0,3000.0,3000.0,3000.0,3000.0,3000.0,3000.0,3000.0,3000.0,3000.0,3000.0,3000.0,3000.0,3000.0,3000.0,3000.0,3000.0,3000.0,3000.0,3000.0,3000.0,3000.0,3000.0,3000.0,3000.0,3000.0,3000.0,3000.0,3000.0,3000.0,3000.0,3000.0,3000.0,3000.0,3000.0,3000.0,3000.0,3000.0,3000.0,3000.0,3000.0,3000.0,3000.0,3000.0,3000.0,3000.0,3000.0,3000.0,3000.0,3000.0,3000.0,3000.0,3000.0,3000.0,3000.0,3000.0,3000.0,3000.0,3000.0,3000.0,3000.0,3000.0,3000.0,3000.0,3000.0,3000.0,3000.0,3000.0,3000.0,3000.0,3000.0,3000.0,3000.0,3000.0,3000.0,3000.0,3000.0,3000.0,3000.0,3000.0,3000.0,3000.0,3000.0,3000.0,3000.0,3000.0,3000.0,3000.0,3000.0,3000.0,3000.0,3000.0,3000.0,3000.0,3000.0,3000.0,3000.0,3000.0,3000.0,3000.0,3000.0,3000.0,3000.0,3000.0,3000.0,3000.0,3000.0,3000.0
4400,899.9999999999999,910.1657999839657,941.8434624241722,998.924637757268,1089.273498142312,3000.0,3000.0,3000.0,899.9999999999999,910.1657999839657,941.8434624241722,998.924637757268,1089.273498142312,3000.0,3000.0,3000.0,899.9999999999999,910.1657999839657,941.8434624241722,998.924637757268,1089.273498142312,3000.0,3000.0,3000.0,899.9999999999999,910.1657999839657,941.8434624241722,998.924637757268,1089.273498142312,3000.0,3000.0,3000.0,899.9999999999999,910.1657999839657,941.8434624241722,998.924637757268,1089.273498142312,3000.0,3000.0,3000.0,899.9999999999999,910.1657999839657,941.8434624241722,998.924637757268,1089.273498142312,3000.0,3000.0,3000.0,899.9999999999999,910.1657999839657,941.8434624241722,998.924637757268,1089.273498142312,3000.0,3000.0,3000.0,899.9999999999999,910.1657999839657,941.8434624241722,998.924637757268,1089.273498142312,3000.0,3000.0,3000.0,3000.0,3000.0,3000.0,1089.273498142312,998.924637757268,941.8434624241722,910.1657999839657,899.9999999999999,3000.0,3000.0,3000.0,1089.273498142312,998.924637757268,941.8434624241722,910.1657999839657,899.9999999999999,3000.0,3000.0,3000.0,1089.273498142312,998.924637757268,941.8434624241722,910.1657999839657,899.9999999999999,3000.0,3000.0,3000.0,1089.273498142312,998.924637757268,941.8434624241722,910.1657999839657,899.9999999999999,3000.0,3000.0,3000.0,1089.273498142312,998.924637757268,941.8434624241722,910.1657999839657,899.9999999999999,3000.0,3000.0,3000.0,1089.273498142312,998.924637757268,941.8434624241722,910.1657999839657,899.9999999999999,3000.0,3000.0,3000.0,1089.273498142312,998.924637757268,941.8434624241722,910.1657999839657,899.9999999999999,3000.0,3000.0,3000.0,1089.273498142312,998.924637757268,941.8434624241722,910.1657999839657,899.9999999999999,3000.0,3000.0,3000.0,3000.0,3000.0,3000.0,3000.0,3000.0,3000.0,3000.0,3000.0,3000.0,3000.0,3000.0,3000.0,3000.0,3000.0,3000.0,3000.0,3000.0,3000.0,3000.0,3000.0,3000.0,3000.0,3000.0,3000.0,3000.0,3000.0,3000.0,3000.0,3000.0,3000.0,3000.0,3000.0,3000.0,3000.0,3000.0,3000.0,3000.0,3000.0,3000.0,3000.0,3000.0,3000.0,3000.0,3000.0,3000.0,3000.0,3000.0,3000.0,3000.0,3000.0,3000.0,3000.0,3000.0,3000.0,3000.0,3000.0,3000.0,3000.0,3000.0,3000.0,3000.0,3000.0,3000.0,3000.0,3000.0,3000.0,3000.0,3000.0,3000.0,3000.0,3000.0,3000.0,3000.0,3000.0,3000.0,3000.0,3000.0,3000.0,3000.0,3000.0,3000.0,3000.0,3000.0,3000.0,3000.0,3000.0,3000.0,3000.0,3000.0,3000.0,3000.0,3000.0,3000.0,3000.0,3000.0,3000.0,3000.0,3000.0,3000.0,3000.0,3000.0,3000.0,3000.0,3000.0,3000.0,3000.0,3000.0,3000.0,3000.0,3000.0,3000.0,3000.0,3000.0,3000.0,3000.0,3000.0,3000.0,3000.0,3000.0,3000.0,3000.0,3000.0,3000.0,3000.0,3000.0,3000.0,3000.0,3000.0,3000.0,3000.0,3000.0,3000.0,3000.0,3000.0,3000.0,3000.0,3000.0,3000.0,3000.0,3000.0,3000.0,3000.0,3000.0,3000.0,3000.0,3000.0,3000.0,3000.0,3000.0,3000.0,3000.0,3000.0,3000.0,3000.0,3000.0,3000.0,3000.0,3000.0,3000.0,3000.0,3000.0,3000.0,3000.0,3000.0,3000.0,3000.0,3000.0,3000.0,3000.0,3000.0,3000.0,3000.0,3000.0,3000.0,3000.0,3000.0,3000.0,3000.0,3000.0,3000.0,3000.0,3000.0,3000.0,3000.0,3000.0,3000.0,3000.0,3000.0,3000.0,3000.0,3000.0,3000.0,3000.0,3000.0,3000.0,3000.0,3000.0,3000.0,3000.0,3000.0,3000.0,3000.0,3000.0,3000.0,3000.0,3000.0,3000.0,3000.0,3000.0,3000.0,3000.0,3000.0,3000.0,3000.0,3000.0,3000.0,3000.0,3000.0,3000.0,3000.0,3000.0,3000.0,3000.0,3000.0,3000.0,3000.0,3000.0,3000.0,3000.0,3000.0,3000.0,3000.0,3000.0,3000.0,3000.0,3000.0,3000.0,3000.0,3000.0,3000.0,3000.0,3000.0,3000.0,3000.0,3000.0,3000.0,3000.0,3000.0,3000.0,3000.0,3000.0,3000.0,3000.0
4467,883.3333333333333,893.3108777620405,924.4019168237246,980.4260333543557,1069.101766695232,3000.0,3000.0,3000.0,883.3333333333333,893.3108777620405,924.4019168237246,980.4260333543557,1069.101766695232,3000.0,3000.0,3000.0,883.3333333333333,893.3108777620405,924.4019168237246,980.4260333543557,1069.101766695232,3000.0,3000.0,3000.0,883.3333333333333,893.3108777620405,924.4019168237246,980.4260333543557,1069.101766695232,3000.0,3000.0,3000.0,883.3333333333333,893.3108777620405,924.4019168237246,980.4260333543557,1069.101766695232,3000.0,3000.0,3000.0,883.3333333333333,893.3108777620405,924.4019168237246,980.4260333543557,1069.101766695232,3000.0,3000.0,3000.0,883.3333333333333,893.3108777620405,924.4019168237246,980.4260333543557,1069.101766695232,3000.0,3000.0,3000.0,883.3333333333333,893.3108777620405,924.4019168237246,980.4260333543557,1069.101766695232,3000.0,3000.0,3000.0,3000.0,3000.0,3000.0,1069.101766695232,980.4260333543557,924.4019168237246,893.3108777620405,883.3333333333333,3000.0,3000.0,3000.0,1069.101766695232,980.4260333543557,924.4019168237246,893.3108777620405,883.3333333333333,3000.0,3000.0,3000.0,1069.101766695232,980.4260333543557,924.4019168237246,893.3108777620405,883.3333333333333,3000.0,3000.0,3000.0,1069.101766695232,980.4260333543557,924.4019168237246,893.3108777620405,883.3333333333333,3000.0,3000.0,3000.0,1069.101766695232,980.4260333543557,924.4019168237246,893.3108777620405,883.3333333333333,3000.0,3000.0,3000.0,1069.101766695232,980.4260333543557,924.4019168237246,893.3108777620405,883.3333333333333,3000.0,3000.0,3000.0,1069.101766695232,980.4260333543557,924.4019168237246,893.3108777620405,883.3333333333333,3000.0,3000.0,3000.0,1069.101766695232,980.4260333543557,924.4019168237246,893.3108777620405,883.3333333333333,3000.0,3000.0,3000.0,3000.0,3000.0,3000.0,3000.0,3000.0,3000.0,3000.0,3000.0,3000.0,3000.0,3000.0,3000.0,3000.0,3000.0,3000.0,3000.0,3000.0,3000.0,3000.0,3000.0,3000.0,3000.0,3000.0,3000.0,3000.0,3000.0,3000.0,3000.0,3000.0,3000.0,3000.0,3000.0,3000.0,3000.0,3000.0,3000.0,3000.0,3000.0,3000.0,3000.0,3000.0,3000.0,3000.0,3000.0,3000.0,3000.0,3000.0,3000.0,3000.0,3000.0,3000.0,3000.0,3000.0,3000.0,3000.0,3000.0,3000.0,3000.0,3000.0,3000.0,3000.0,3000.0,3000.0,3000.0,3000.0,3000.0,3000.0,3000.0,3000.0,3000.0,3000.0,3000.0,3000.0,3000.0,3000.0,3000.0,3000.0,3000.0,3000.0,3000.0,3000.0,3000.0,3000.0,3000.0,3000.0,3000.0,3000.0,3000.0,3000.0,3000.0,3000.0,3000.0,3000.0,3000.0,3000.0,3000.0,3000.0,3000.0,3000.0,3000.0,3000.0,3000.0,3000.0,3000.0,3000.0,3000.0,3000.0,3000.0,3000.0,3000.0,3000.0,3000.0,3000.0,3000.0,3000.0,3000.0,3000.0,3000.0,3000.0,3000.0,3000.0,3000.0,3000.0,3000.0,3000.0,3000.0,3000.0,3000.0,3000.0,3000.0,3000.0,3000.0,3000.0,3000.0,3000.0,3000.0,3000.0,3000.0,3000.0,3000.0,3000.0,3000.0,3000.0,3000.0,3000.0,3000.0,3000.0,3000.0,3000.0,3000.0,3000.0,3000.0,3000.0,3000.0,3000.0,3000.0,3000.0,3000.0,3000.0,3000.0,3000.0,3000.0,3000.0,3000.0,3000.0,3000.0,3000.0,3000.0,3000.0,3000.0,3000.0,3000.0,3000.0,3000.0,3000.0,3000.0,3000.0,3000.0,3000.0,3000.0,3000.0,3000.0,3000.0,3000.0,3000.0,3000.0,3000.0,3000.0,3000.0,3000.0,3000.0,3000.0,3000.0,3000.0,3000.0,3000.0,3000.0,3000.0,3000.0,3000.0,3000.0,3000.0,3000.0,3000.0,3000.0,3000.0,3000.0,3000.0,3000.0,3000.0,3000.0,3000.0,3000.0,3000.0,3000.0,3000.0,3000.0,3000.0,3000.0,3000.0,3000.0,3000.0,3000.0,3000.0,3000.0,3000.0,3000.0,3000.0,3000.0,3000.0,3000.0,3000.0,3000.0,3000.0,3000.0,3000.0,3000.0,3000.0,3000.0,3000.0,3000.0,3000.0,3000.0,3000.0,3000.0,3000.0,3000.0,3000.0,3000.0,3000.0,3000.0,3000.0,3000.0
4533,866.6666666666667,876.4559555401153,906.960371223277,961.9274289514434,1048.9300352481523,3000.0,3000.0,3000.0,866.6666666666667,876.4559555401153,906.960371223277,961.9274289514434,1048.9300352481523,3000.0,3000.0,3000.0,866.6666666666667,876.4559555401153,906.960371223277,961.9274289514434,1048.9300352481523,3000.0,3000.0,3000.0,866.6666666666667,876.4559555401153,906.960371223277,961.9274289514434,1048.9300352481523,3000.0,3000.0,3000.0,866.6666666666667,876.4559555401153,906.960371223277,961.9274289514434,1048.9300352481523,3000.0,3000.0,3000.0,866.6666666666667,876.4559555401153,906.960371223277,961.9274289514434,1048.9300352481523,3000.0,3000.0,3000.0,866.6666666666667,876.4559555401153,906.960371223277,961.9274289514434,1048.9300352481523,3000.0,3000.0,3000.0,866.6666666666667,876.4559555401153,906.960371223277,961.9274289514434,1048.9300352481523,3000.0,3000.0,3000.0,3000.0,3000.0,3000.0,1048.9300352481523,961.9274289514434,906.960371223277,876.4559555401153,866.6666666666667,3000.0,3000.0,3000.0,1048.9300352481523,961.9274289514434,906.960371223277,876.4559555401153,866.6666666666667,3000.0,3000.0,3000.0,1048.9300352481523,961.9274289514434,906.960371223277,876.4559555401153,866.6666666666667,3000.0,3000.0,3000.0,1048.9300352481523,961.9274289514434,906.960371223277,876.4559555401153,866.6666666666667,3000.0,3000.0,3000.0,1048.9300352481523,961.9274289514434,906.960371223277,876.4559555401153,866.6666666666667,3000.0,3000.0,3000.0,1048.9300352481523,961.9274289514434,906.960371223277,876.4559555401153,866.6666666666667,3000.0,3000.0,3000.0,1048.9300352481523,961.9274289514434,906.960371223277,876.4559555401153,866.6666666666667,3000.0,3000.0,3000.0,1048.9300352481523,961.9274289514434,906.960371223277,876.4559555401153,866.6666666666667,3000.0,3000.0,3000.0,3000.0,3000.0,3000.0,3000.0,3000.0,3000.0,3000.0,3000.0,3000.0,3000.0,3000.0,3000.0,3000.0,3000.0,3000.0,3000.0,3000.0,3000.0,3000.0,3000.0,3000.0,3000.0,3000.0,3000.0,3000.0,3000.0,3000.0,3000.0,3000.0,3000.0,3000.0,3000.0,3000.0,3000.0,3000.0,3000.0,3000.0,3000.0,3000.0,3000.0,3000.0,3000.0,3000.0,3000.0,3000.0,3000.0,3000.0,3000.0,3000.0,3000.0,3000.0,3000.0,3000.0,3000.0,3000.0,3000.0,3000.0,3000.0,3000.0,3000.0,3000.0,3000.0,3000.0,3000.0,3000.0,3000.0,3000.0,3000.0,3000.0,3000.0,3000.0,3000.0,3000.0,3000.0,3000.0,3000.0,3000.0,3000.0,3000.0,3000.0,3000.0,3000.0,3000.0,3000.0,3000.0,3000.0,3000.0,3000.0,3000.0,3000.0,3000.0,3000.0,3000.0,3000.0,3000.0,3000.0,3000.0,3000.0,3000.0,3000.0,3000.0,3000.0,3000.0,3000.0,3000.0,3000.0,3000.0,3000.0,3000.0,3000.0,3000.0,3000.0,3000.0,3000.0,3000.0,3000.0,3000.0,3000.0,3000.0,3000.0,3000.0,3000.0,3000.0,3000.0,3000.0,3000.0,3000.0,3000.0,3000.0,3000.0,3000.0,3000.0,3000.0,3000.0,3000.0,3000.0,3000.0,3000.0,3000.0,3000.0,3000.0,3000.0,3000.0,3000.0,3000.0,3000.0,3000.0,3000.0,3000.0,3000.0,3000.0,3000.0,3000.0,3000.0,3000.0,3000.0,3000.0,3000.0,3000.0,3000.0,3000.0,3000.0,3000.0,3000.0,3000.0,3000.0,3000.0,3000.0,3000.0,3000.0,3000.0,3000.0,3000.0,3000.0,3000.0,3000.0,3000.0,3000.0,3000.0,3000.0,3000.0,3000.0,3000.0,3000.0,3000.0,3000.0,3000.0,3000.0,3000.0,3000.0,3000.0,3000.0,3000.0,3000.0,3000.0,3000.0,3000.0,3000.0,3000.0,3000.0,3000.0,3000.0,3000.0,3000.0,3000.0,3000.0,3000.0,3000.0,3000.0,3000.0,3000.0,3000.0,3000.0,3000.0,3000.0,3000.0,3000.0,3000.0,3000.0,3000.0,3000.0,3000.0,3000.0,3000.0,3000.0,3000.0,3000.0,3000.0,3000.0,3000.0,3000.0,3000.0,3000.0,3000.0,3000.0,3000.0,3000.0,3000.0,3000.0,3000.0,3000.0,3000.0,3000.0,3000.0,3000.0,3000.0,3000.0,3000.0,3000.0,3000.0,3000.0,3000.0,3000.0
4600,850.0000000000002,859.6010333181902,889.5188256228296,943.4288245485312,1028.7583038010725,1159.5359519078108,3000.0,3000.0,850.0000000000002,859.6010333181902,889.5188256228296,943.4288245485312,1028.7583038010725,1159.5359519078108,3000.0,3000.0,850.0000000000002,859.6010333181902,889.5188256228296,943.4288245485312,1028.7583038010725,1159.5359519078108,3000.0,3000.0,850.0000000000002,859.6010333181902,889.5188256228296,943.4288245485312,1028.7583038010725,1159.5359519078108,3000.0,3000.0,850.0000000000002,859.6010333181902,889.5188256228296,943.4288245485312,1028.7583038010725,1159.5359519078108,3000.0,3000.0,850.0000000000002,859.6010333181902,889.5188256228296,943.4288245485312,1028.7583038010725,1159.5359519078108,3000.0,3000.0,850.0000000000002,859.6010333181902,889.5188256228296,943.4288245485312,1028.7583038010725,1159.5359519078108,3000.0,3000.0,850.0000000000002,859.6010333181902,889.5188256228296,943.4288245485312,1028.7583038010725,1159.5359519078108,3000.0,3000.0,3000.0,3000.0,1159.5359519078108,1028.7583038010725,943.4288245485312,889.5188256228296,859.6010333181902,850.0000000000002,3000.0,3000.0,1159.5359519078108,1028.7583038010725,943.4288245485312,889.5188256228296,859.6010333181902,850.0000000000002,3000.0,3000.0,1159.5359519078108,1028.7583038010725,943.4288245485312,889.5188256228296,859.6010333181902,850.0000000000002,3000.0,3000.0,1159.5359519078108,1028.7583038010725,943.4288245485312,889.5188256228296,859.6010333181902,850.0000000000002,3000.0,3000.0,1159.5359519078108,1028.7583038010725,943.4288245485312,889.5188256228296,859.6010333181902,850.0000000000002,3000.0,3000.0,1159.5359519078108,1028.7583038010725,943.4288245485312,889.5188256228296,859.6010333181902,850.0000000000002,3000.0,3000.0,1159.5359519078108,1028.7583038010725,943.4288245485312,889.5188256228296,859.6010333181902,850.0000000000002,3000.0,3000.0,1159.5359519078108,1028.7583038010725,943.4288245485312,889.5188256228296,859.6010333181902,850.0000000000002,3000.0,3000.0,3000.0,3000.0,3000.0,3000.0,3000.0,3000.0,3000.0,3000.0,3000.0,3000.0,3000.0,3000.0,3000.0,3000.0,3000.0,3000.0,3000.0,3000.0,3000.0,3000.0,3000.0,3000.0,3000.0,3000.0,3000.0,3000.0,3000.0,3000.0,3000.0,3000.0,3000.0,3000.0,3000.0,3000.0,3000.0,3000.0,3000.0,3000.0,3000.0,3000.0,3000.0,3000.0,3000.0,3000.0,3000.0,3000.0,3000.0,3000.0,3000.0,3000.0,3000.0,3000.0,3000.0,3000.0,3000.0,3000.0,3000.0,3000.0,3000.0,3000.0,3000.0,3000.0,3000.0,3000.0,3000.0,3000.0,3000.0,3000.0,3000.0,3000.0,3000.0,3000.0,3000.0,3000.0,3000.0,3000.0,3000.0,3000.0,3000.0,3000.0,3000.0,3000.0,3000.0,3000.0,3000.0,3000.0,3000.0,3000.0,3000.0,3000.0,3000.0,3000.0,3000.0,3000.0,3000.0,3000.0,3000.0,3000.0,3000.0,3000.0,3000.0,3000.0,3000.0,3000.0,3000.0,3000.0,3000.0,3000.0,3000.0,3000.0,3000.0,3000.0,3000.0,3000.0,3000.0,3000.0,3000.0,3000.0,3000.0,3000.0,3000.0,3000.0,3000.0,3000.0,3000.0,3000.0,3000.0,3000.0,3000.0,3000.0,3000.0,3000.0,3000.0,3000.0,3000.0,3000.0,3000.0,3000.0,3000.0,3000.0,3000.0,3000.0,3000.0,3000.0,3000.0,3000.0,3000.0,3000.0,3000.0,3000.0,3000.0,3000.0,3000.0,3000.0,3000.0,3000.0,3000.0,3000.0,3000.0,3000.0,3000.0,3000.0,3000.0,3000.0,3000.0,3000.0,3000.0,3000.0,3000.0,3000.0,3000.0,3000.0,3000.0,3000.0,3000.0,3000.0,3000.0,3000.0,3000.0,3000.0,3000.0,3000.0,3000.0,3000.0,3000.0,3000.0,3000.0,3000.0,3000.0,3000.0,3000.0,3000.0,3000.0,3000.0,3000.0,3000.0,3000.0,3000.0,3000.0,3000.0,3000.0,3000.0,3000.0,3000.0,3000.0,3000.0,3000.0,3000.0,3000.0,3000.0,3000.0,3000.0,3000.0,3000.0,3000.0,3000.0,3000.0,3000.0,3000.0,3000.0,3000.0,3000.0,3000.0,3000.0,3000.0,3000.0,3000.0,3000.0,3000.0,3000.0,3000.0,3000.0,3000.0,3000.0,3000.0,3000.0,3000.0,3000.0,3000.0,3000.0,3000.0,3000.0,3000.0,3000.0,3000.0,3000.0,3000.0,3000.0,3000.0,3000.0,3000.0,3000.0,3000.0,3000.0
4667,833.3333333333333,842.7461110962645,872.0772800223817,924.9302201456186,1008.5865723539924,1136.7999528507946,3000.0,3000.0,833.3333333333333,842.7461110962645,872.0772800223817,924.9302201456186,1008.5865723539924,1136.7999528507946,3000.0,3000.0,833.3333333333333,842.7461110962645,872.0772800223817,924.9302201456186,1008.5865723539924,1136.7999528507946,3000.0,3000.0,833.3333333333333,842.7461110962645,872.0772800223817,924.9302201456186,1008.5865723539924,1136.7999528507946,3000.0,3000.0,833.3333333333333,842.7461110962645,872.0772800223817,924.9302201456186,1008.5865723539924,1136.7999528507946,3000.0,3000.0,833.3333333333333,842.7461110962645,872.0772800223817,924.9302201456186,1008.5865723539924,1136.7999528507946,3000.0,3000.0,833.3333333333333,842.7461110962645,872.0772800223817,924.9302201456186,1008.5865723539924,1136.7999528507946,3000.0,3000.0,833.3333333333333,842.7461110962645,872.0772800223817,924.9302201456186,1008.5865723539924,1136.7999528507946,3000.0,3000.0,3000.0,3000.0,1136.7999528507946,1008.5865723539924,924.9302201456186,872.0772800223817,842.7461110962645,833.3333333333333,3000.0,3000.0,1136.7999528507946,1008.5865723539924,924.9302201456186,872.0772800223817,842.7461110962645,833.3333333333333,3000.0,3000.0,1136.7999528507946,1008.5865723539924,924.9302201456186,872.0772800223817,842.7461110962645,833.3333333333333,3000.0,3000.0,1136.7999528507946,1008.5865723539924,924.9302201456186,872.0772800223817,842.7461110962645,833.3333333333333,3000.0,3000.0,1136.7999528507946,1008.5865723539924,924.9302201456186,872.0772800223817,842.7461110962645,833.3333333333333,3000.0,3000.0,1136.7999528507946,1008.5865723539924,924.9302201456186,872.0772800223817,842.7461110962645,833.3333333333333,3000.0,3000.0,1136.7999528507946,1008.5865723539924,924.9302201456186,872.0772800223817,842.7461110962645,833.3333333333333,3000.0,3000.0,1136.7999528507946,1008.5865723539924,924.9302201456186,872.0772800223817,842.7461110962645,833.3333333333333,3000.0,3000.0,3000.0,3000.0,3000.0,3000.0,3000.0,3000.0,3000.0,3000.0,3000.0,3000.0,3000.0,3000.0,3000.0,3000.0,3000.0,3000.0,3000.0,3000.0,3000.0,3000.0,3000.0,3000.0,3000.0,3000.0,3000.0,3000.0,3000.0,3000.0,3000.0,3000.0,3000.0,3000.0,3000.0,3000.0,3000.0,3000.0,3000.0,3000.0,3000.0,3000.0,3000.0,3000.0,3000.0,3000.0,3000.0,3000.0,3000.0,3000.0,3000.0,3000.0,3000.0,3000.0,3000.0,3000.0,3000.0,3000.0,3000.0,3000.0,3000.0,3000.0,3000.0,3000.0,3000.0,3000.0,3000.0,3000.0,3000.0,3000.0,3000.0,3000.0,3000.0,3000.0,3000.0,3000.0,3000.0,3000.0,3000.0,3000.0,3000.0,3000.0,3000.0,3000.0,3000.0,3000.0,3000.0,3000.0,3000.0,3000.0,3000.0,3000.0,3000.0,3000.0,3000.0,3000.0,3000.0,3000.0,3000.0,3000.0,3000.0,3000.0,3000.0,3000.0,3000.0,3000.0,3000.0,3000.0,3000.0,3000.0,3000.0,3000.0,3000.0,3000.0,3000.0,3000.0,3000.0,3000.0,3000.0,3000.0,3000.0,3000.0,3000.0,3000.0,3000.0,3000.0,3000.0,3000.0,3000.0,3000.0,3000.0,3000.0,3000.0,3000.0,3000.0,3000.0,3000.0,3000.0,3000.0,3000.0,3000.0,3000.0,3000.0,3000.0,3000.0,3000.0,3000.0,3000.0,3000.0,3000.0,3000.0,3000.0,3000.0,3000.0,3000.0,3000.0,3000.0,3000.0,3000.0,3000.0,3000.0,3000.0,3000.0,3000.0,3000.0,3000.0,3000.0,3000.0,3000.0,3000.0,3000.0,3000.0,3000.0,3000.0,3000.0,3000.0,3000.0,3000.0,3000.0,3000.0,3000.0,3000.0,3000.0,3000.0,3000.0,3000.0,3000.0,3000.0,3000.0,3000.0,3000.0,3000.0,3000.0,3000.0,3000.0,3000.0,3000.0,3000.0,3000.0,3000.0,3000.0,3000.0,3000.0,3000.0,3000.0,3000.0,3000.0,3000.0,3000.0,3000.0,3000.0,3000.0,3000.0,3000.0,3000.0,3000.0,3000.0,3000.0,3000.0,3000.0,3000.0,3000.0,3000.0,3000.0,3000.0,3000.0,3000.0,3000.0,3000.0,3000.0,3000.0,3000.0,3000.0,3000.0,3000.0,3000.0,3000.0,3000.0,3000.0,3000.0,3000.0,3000.0,3000.0,3000.0,3000.0,3000.0,3000.0,3000.0,3000.0,3000.0,3000.0,3000.0,3000.0,3000.0,3000.0,3000.0
4733,816.6666666666666,825.8911888743394,854.6357344219341,906.4316157427063,988.4148409069127,1114.0639537937786,3000.0,3000.0,816.6666666666666,825.8911888743394,854.6357344219341,906.4316157427063,988.4148409069127,1114.0639537937786,3000.0,3000.0,816.6666666666666,825.8911888743394,854.6357344219341,906.4316157427063,988.4148409069127,1114.0639537937786,3000.0,3000.0,816.6666666666666,825.8911888743394,854.6357344219341,906.4316157427063,988.4148409069127,1114.0639537937786,3000.0,3000.0,816.6666666666666,825.8911888743394,854.6357344219341,906.4316157427063,988.4148409069127,1114.0639537937786,3000.0,3000.0,816.6666666666666,825.8911888743394,854.6357344219341,906.4316157427063,988.4148409069127,1114.0639537937786,3000.0,3000.0,816.6666666666666,825.8911888743394,854.6357344219341,906.4316157427063,988.4148409069127,1114.0639537937786,3000.0,3000.0,816.6666666666666,825.8911888743394,854.6357344219341,906.4316157427063,988.4148409069127,1114.0639537937786,3000.0,3000.0,3000.0,3000.0,1114.0639537937786,988.4148409069127,906.4316157427063,854.6357344219341,825.8911888743394,816.6666666666666,3000.0,3000.0,1114.0639537937786,988.4148409069127,906.4316157427063,854.6357344219341,825.8911888743394,816.6666666666666,3000.0,3000.0,1114.0639537937786,988.4148409069127,906.4316157427063,854.6357344219341,825.8911888743394,816.6666666666666,3000.0,3000.0,1114.0639537937786,988.4148409069127,906.4316157427063,854.6357344219341,825.8911888743394,816.6666666666666,3000.0,3000.0,1114.0639537937786,988.4148409069127,906.4316157427063,854.6357344219341,825.8911888743394,816.6666666666666,3000.0,3000.0,1114.0639537937786,988.4148409069127,906.4316157427063,854.6357344219341,825.8911888743394,816.6666666666666,3000.0,3000.0,1114.0639537937786,988.4148409069127,906.4316157427063,854.6357344219341,825.8911888743394,816.6666666666666,3000.0,3000.0,1114.0639537937786,988.4148409069127,906.4316157427063,854.6357344219341,825.8911888743394,816.6666666666666,3000.0,3000.0,3000.0,3000.0,3000.0,3000.0,3000.0,3000.0,3000.0,3000.0,3000.0,3000.0,3000.0,3000.0,3000.0,3000.0,3000.0,3000.0,3000.0,3000.0,3000.0,3000.0,3000.0,3000.0,3000.0,3000.0,3000.0,3000.0,3000.0,3000.0,3000.0,3000.0,3000.0,3000.0,3000.0,3000.0,3000.0,3000.0,3000.0,3000.0,3000.0,3000.0,3000.0,3000.0,3000.0,3000.0,3000.0,3000.0,3000.0,3000.0,3000.0,3000.0,3000.0,3000.0,3000.0,3000.0,3000.0,3000.0,3000.0,3000.0,3000.0,3000.0,3000.0,3000.0,3000.0,3000.0,3000.0,3000.0,3000.0,3000.0,3000.0,3000.0,3000.0,3000.0,3000.0,3000.0,3000.0,3000.0,3000.0,3000.0,3000.0,3000.0,3000.0,3000.0,3000.0,3000.0,3000.0,3000.0,3000.0,3000.0,3000.0,3000.0,3000.0,3000.0,3000.0,3000.0,3000.0,3000.0,3000.0,3000.0,3000.0,3000.0,3000.0,3000.0,3000.0,3000.0,3000.0,3000.0,3000.0,3000.0,3000.0,3000.0,3000.0,3000.0,3000.0,3000.0,3000.0,3000.0,3000.0,3000.0,3000.0,3000.0,3000.0,3000.0,3000.0,3000.0,3000.0,3000.0,3000.0,3000.0,3000.0,3000.0,3000.0,3000.0,3000.0,3000.0,3000.0,3000.0,3000.0,3000.0,3000.0,3000.0,3000.0,3000.0,3000.0,3000.0,3000.0,3000.0,3000.0,3000.0,3000.0,3000.0,3000.0,3000.0,3000.0,3000.0,3000.0,3000.0,3000.0,3000.0,3000.0,3000.0,3000.0,3000.0,3000.0,3000.0,3000.0,3000.0,3000.0,3000.0,3000.0,3000.0,3000.0,3000.0,3000.0,3000.0,3000.0,3000.0,3000.0,3000.0,3000.0,3000.0,3000.0,3000.0,3000.0,3000.0,3000.0,3000.0,3000.0,3000.0,3000.0,3000.0,3000.0,3000.0,3000.0,3000.0,3000.0,3000.0,3000.0,3000.0,3000.0,3000.0,3000.0,3000.0,3000.0,3000.0,3000.0,3000.0,3000.0,3000.0,3000.0,3000.0,3000.0,3000.0,3000.0,3000.0,3000.0,3000.0,3000.0,3000.0,3000.0,3000.0,3000.0,3000.0,3000.0,3000.0,3000.0,3000.0,3000.0,3000.0,3000.0,3000.0,3000.0,3000.0,3000.0,3000.0,3000.0,3000.0,3000.0,3000.0,3000.0,3000.0,3000.0,3000.0,3000.0,3000.0,3000.0,3000.0,3000.0,3000.0,3000.0,3000.0,3000.0,3000.0,3000.0,3000.0
4800,800.0000000000001,809.0362666524143,837.1941888214867,887.9330113397941,968.243109459833,1091.3279547367629,3000.0,3000.0,800.0000000000001,809.0362666524143,837.1941888214867,887.9330113397941,968.243109459833,1091.3279547367629,3000.0,3000.0,800.0000000000001,809.0362666524143,837.1941888214867,887.9330113397941,968.243109459833,1091.3279547367629,3000.0,3000.0,800.0000000000001,809.0362666524143,837.1941888214867,887.9330113397941,968.243109459833,1091.3279547367629,3000.0,3000.0,800.0000000000001,809.0362666524143,837.1941888214867,887.9330113397941,968.243109459833,1091.3279547367629,3000.0,3000.0,800.0000000000001,809.0362666524143,837.1941888214867,887.9330113397941,968.243109459833,1091.3279547367629,3000.0,3000.0,800.0000000000001,809.0362666524143,837.1941888214867,887.9330113397941,968.243109459833,1091.3279547367629,3000.0,3000.0,800.0000000000001,809.0362666524143,837.1941888214867,887.9330113397941,968.243109459833,1091.3279547367629,3000.0,3000.0,3000.0,3000.0,1091.3279547367629,968.243109459833,887.9330113397941,837.1941888214867,809.0362666524143,800.0000000000001,3000.0,3000.0,1091.3279547367629,968.243109459833,887.9330113397941,837.1941888214867,809.0362666524143,800.0000000000001,3000.0,3000.0,1091.3279547367629,968.243109459833,887.9330113397941,837.1941888214867,809.0362666524143,800.0000000000001,3000.0,3000.0,1091.3279547367629,968.243109459833,887.9330113397941,837.1941888214867,809.0362666524143,800.0000000000001,3000.0,3000.0,1091.3279547367629,968.243109459833,887.9330113397941,837.1941888214867,809.0362666524143,800.0000000000001,3000.0,3000.0,1091.3279547367629,968.243109459833,887.9330113397941,837.1941888214867,809.0362666524143,800.0000000000001,3000.0,3000.0,1091.3279547367629,968.243109459833,887.9330113397941,837.1941888214867,809.0362666524143,800.0000000000001,3000.0,3000.0,1091.3279547367629,968.243109459833,887.9330113397941,837.1941888214867,809.0362666524143,800.0000000000001,3000.0,3000.0,3000.0,3000.0,3000.0,3000.0,3000.0,3000.0,3000.0,3000.0,3000.0,3000.0,3000.0,3000.0,3000.0,3000.0,3000.0,3000.0,3000.0,3000.0,3000.0,3000.0,3000.0,3000.0,3000.0,3000.0,3000.0,3000.0,3000.0,3000.0,3000.0,3000.0,3000.0,3000.0,3000.0,3000.0,3000.0,3000.0,3000.0,3000.0,3000.0,3000.0,3000.0,3000.0,3000.0,3000.0,3000.0,3000.0,3000.0,3000.0,3000.0,3000.0,3000.0,3000.0,3000.0,3000.0,3000.0,3000.0,3000.0,3000.0,3000.0,3000.0,3000.0,3000.0,3000.0,3000.0,3000.0,3000.0,3000.0,3000.0,3000.0,3000.0,3000.0,3000.0,3000.0,3000.0,3000.0,3000.0,3000.0,3000.0,3000.0,3000.0,3000.0,3000.0,3000.0,3000.0,3000.0,3000.0,3000.0,3000.0,3000.0,3000.0,3000.0,3000.0,3000.0,3000.0,3000.0,3000.0,3000.0,3000.0,3000.0,3000.0,3000.0,3000.0,3000.0,3000.0,3000.0,3000.0,3000.0,3000.0,3000.0,3000.0,3000.0,3000.0,3000.0,3000.0,3000.0,3000.0,3000.0,3000.0,3000.0,3000.0,3000.0,3000.0,3000.0,3000.0,3000.0,3000.0,3000.0,3000.0,3000.0,3000.0,3000.0,3000.0,3000.0,3000.0,3000.0,3000.0,3000.0,3000.0,3000.0,3000.0,3000.0,3000.0,3000.0,3000.0,3000.0,3000.0,3000.0,3000.0,3000.0,3000.0,3000.0,3000.0,3000.0,3000.0,3000.0,3000.0,3000.0,3000.0,3000.0,3000.0,3000.0,3000.0,3000.0,3000.0,3000.0,3000.0,3000.0,3000.0,3000.0,3000.0,3000.0,3000.0,3000.0,3000.0,3000.0,3000.0,3000.0,3000.0,3000.0,3000.0,3000.0,3000.0,3000.0,3000.0,3000.0,3000.0,3000.0,3000.0,3000.0,3000.0,3000.0,3000.0,3000.0,3000.0,3000.0,3000.0,3000.0,3000.0,3000.0,3000.0,3000.0,3000.0,3000.0,3000.0,3000.0,3000.0,3000.0,3000.0,3000.0,3000.0,3000.0,3000.0,3000.0,3000.0,3000.0,3000.0,3000.0,3000.0,3000.0,3000.0,3000.0,3000.0,3000.0,3000.0,3000.0,3000.0,3000.0,3000.0,3000.0,3000.0,3000.0,3000.0,3000.0,3000.0,3000.0,3000.0,3000.0,3000.0,3000.0,3000.0,3000.0,3000.0,3000.0,3000.0,3000.0,3000.0,3000.0,3000.0,3000.0,3000.0,3000.0,3000.0,3000.0,3000.0
4867,783.3333333333335,792.1813444304889,819.7526432210391,869.4344069368817,948.0713780127533,1068.5919556797471,3000.0,3000.0,783.3333333333335,792.1813444304889,819.7526432210391,869.4344069368817,948.0713780127533,1068.5919556797471,3000.0,3000.0,783.3333333333335,792.1813444304889,819.7526432210391,869.4344069368817,948.0713780127533,1068.5919556797471,3000.0,3000.0,783.3333333333335,792.1813444304889,819.7526432210391,869.4344069368817,948.0713780127533,1068.5919556797471,3000.0,3000.0,783.3333333333335,792.1813444304889,819.7526432210391,869.4344069368817,948.0713780127533,1068.5919556797471,3000.0,3000.0,783.3333333333335,792.1813444304889,819.7526432210391,869.4344069368817,948.0713780127533,1068.5919556797471,3000.0,3000.0,783.3333333333335,792.1813444304889,819.7526432210391,869.4344069368817,948.0713780127533,1068.5919556797471,3000.0,3000.0,783.3333333333335,792.1813444304889,819.7526432210391,869.4344069368817,948.0713780127533,1068.5919556797471,3000.0,3000.0,3000.0,3000.0,1068.5919556797471,948.0713780127533,869.4344069368817,819.7526432210391,792.1813444304889,783.3333333333335,3000.0,3000.0,1068.5919556797471,948.0713780127533,869.4344069368817,819.7526432210391,792.1813444304889,783.3333333333335,3000.0,3000.0,1068.5919556797471,948.0713780127533,869.4344069368817,819.7526432210391,792.1813444304889,783.3333333333335,3000.0,3000.0,1068.5919556797471,948.0713780127533,869.4344069368817,819.7526432210391,792.1813444304889,783.3333333333335,3000.0,3000.0,1068.5919556797471,948.0713780127533,869.4344069368817,819.7526432210391,792.1813444304889,783.3333333333335,3000.0,3000.0,1068.5919556797471,948.0713780127533,869.4344069368817,819.7526432210391,792.1813444304889,783.3333333333335,3000.0,3000.0,1068.5919556797471,948.0713780127533,869.4344069368817,819.7526432210391,792.1813444304889,783.3333333333335,3000.0,3000.0,1068.5919556797471,948.0713780127533,869.4344069368817,819.7526432210391,792.1813444304889,783.3333333333335,3000.0,3000.0,3000.0,3000.0,3000.0,3000.0,3000.0,3000.0,3000.0,3000.0,3000.0,3000.0,3000.0,3000.0,3000.0,3000.0,3000.0,3000.0,3000.0,3000.0,3000.0,3000.0,3000.0,3000.0,3000.0,3000.0,3000.0,3000.0,3000.0,3000.0,3000.0,3000.0,3000.0,3000.0,3000.0,3000.0,3000.0,3000.0,3000.0,3000.0,3000.0,3000.0,3000.0,3000.0,3000.0,3000.0,3000.0,3000.0,3000.0,3000.0,3000.0,3000.0,3000.0,3000.0,3000.0,3000.0,3000.0,3000.0,3000.0,3000.0,3000.0,3000.0,3000.0,3000.0,3000.0,3000.0,3000.0,3000.0,3000.0,3000.0,3000.0,3000.0,3000.0,3000.0,3000.0,3000.0,3000.0,3000.0,3000.0,3000.0,3000.0,3000.0,3000.0,3000.0,3000.0,3000.0,3000.0,3000.0,3000.0,3000.0,3000.0,3000.0,3000.0,3000.0,3000.0,3000.0,3000.0,3000.0,3000.0,3000.0,3000.0,3000.0,3000.0,3000.0,3000.0,3000.0,3000.0,3000.0,3000.0,3000.0,3000.0,3000.0,3000.0,3000.0,3000.0,3000.0,3000.0,3000.0,3000.0,3000.0,3000.0,3000.0,3000.0,3000.0,3000.0,3000.0,3000.0,3000.0,3000.0,3000.0,3000.0,3000.0,3000.0,3000.0,3000.0,3000.0,3000.0,3000.0,3000.0,3000.0,3000.0,3000.0,3000.0,3000.0,3000.0,3000.0,3000.0,3000.0,3000.0,3000.0,3000.0,3000.0,3000.0,3000.0,3000.0,3000.0,3000.0,3000.0,3000.0,3000.0,3000.0,3000.0,3000.0,3000.0,3000.0,3000.0,3000.0,3000.0,3000.0,3000.0,3000.0,3000.0,3000.0,3000.0,3000.0,3000.0,3000.0,3000.0,3000.0,3000.0,3000.0,3000.0,3000.0,3000.0,3000.0,3000.0,3000.0,3000.0,3000.0,3000.0,3000.0,3000.0,3000.0,3000.0,3000.0,3000.0,3000.0,3000.0,3000.0,3000.0,3000.0,3000.0,3000.0,3000.0,3000.0,3000.0,3000.0,3000.0,3000.0,3000.0,3000.0,3000.0,3000.0,3000.0,3000.0,3000.0,3000.0,3000.0,3000.0,3000.0,3000.0,3000.0,3000.0,3000.0,3000.0,3000.0,3000.0,3000.0,3000.0,3000.0,3000.0,3000.0,3000.0,3000.0,3000.0,3000.0,3000.0,3000.0,3000.0,3000.0,3000.0,3000.0,3000.0,3000.0,3000.0,3000.0,3000.0,3000.0,3000.0,3000.0,3000.0,3000.0,3000.0,3000.0,3000.0,3000.0
4933,766.6666666666666,775.3264222085634,802.3110976205911,850.9358025339691,927.8996465656732,1045.855956622731,3000.0,3000.0,766.6666666666666,775.3264222085634,802.3110976205911,850.9358025339691,927.8996465656732,1045.855956622731,3000.0,3000.0,766.6666666666666,775.3264222085634,802.3110976205911,850.9358025339691,927.8996465656732,1045.855956622731,3000.0,3000.0,766.6666666666666,775.3264222085634,802.3110976205911,850.9358025339691,927.8996465656732,1045.855956622731,3000.0,3000.0,766.6666666666666,775.3264222085634,802.3110976205911,850.9358025339691,927.8996465656732,1045.855956622731,3000.0,3000.0,766.6666666666666,775.3264222085634,802.3110976205911,850.9358025339691,927.8996465656732,1045.855956622731,3000.0,3000.0,766.6666666666666,775.3264222085634,802.3110976205911,850.9358025339691,927.8996465656732,1045.855956622731,3000.0,3000.0,766.6666666666666,775.3264222085634,802.3110976205911,850.9358025339691,927.8996465656732,1045.855956622731,3000.0,3000.0,3000.0,3000.0,1045.855956622731,927.8996465656732,850.9358025339691,802.3110976205911,775.3264222085634,766.6666666666666,3000.0,3000.0,1045.855956622731,927.8996465656732,850.9358025339691,802.3110976205911,775.3264222085634,766.6666666666666,3000.0,3000.0,1045.855956622731,927.8996465656732,850.9358025339691,802.3110976205911,775.3264222085634,766.6666666666666,3000.0,3000.0,1045.855956622731,927.8996465656732,850.9358025339691,802.3110976205911,775.3264222085634,766.6666666666666,3000.0,3000.0,1045.855956622731,927.8996465656732,850.9358025339691,802.3110976205911,775.3264222085634,766.6666666666666,3000.0,3000.0,1045.855956622731,927.8996465656732,850.9358025339691,802.3110976205911,775.3264222085634,766.6666666666666,3000.0,3000.0,1045.855956622731,927.8996465656732,850.9358025339691,802.3110976205911,775.3264222085634,766.6666666666666,3000.0,3000.0,1045.855956622731,927.8996465656732,850.9358025339691,802.3110976205911,775.3264222085634,766.6666666666666,3000.0,3000.0,3000.0,3000.0,3000.0,3000.0,3000.0,3000.0,3000.0,3000.0,3000.0,3000.0,3000.0,3000.0,3000.0,3000.0,3000.0,3000.0,3000.0,3000.0,3000.0,3000.0,3000.0,3000.0,3000.0,3000.0,3000.0,3000.0,3000.0,3000.0,3000.0,3000.0,3000.0,3000.0,3000.0,3000.0,3000.0,3000.0,3000.0,3000.0,3000.0,3000.0,3000.0,3000.0,3000.0,3000.0,3000.0,3000.0,3000.0,3000.0,3000.0,3000.0,3000.0,3000.0,3000.0,3000.0,3000.0,3000.0,3000.0,3000.0,3000.0,3000.0,3000.0,3000.0,3000.0,3000.0,3000.0,3000.0,3000.0,3000.0,3000.0,3000.0,3000.0,3000.0,3000.0,3000.0,3000.0,3000.0,3000.0,3000.0,3000.0,3000.0,3000.0,3000.0,3000.0,3000.0,3000.0,3000.0,3000.0,3000.0,3000.0,3000.0,3000.0,3000.0,3000.0,3000.0,3000.0,3000.0,3000.0,3000.0,3000.0,3000.0,3000.0,3000.0,3000.0,3000.0,3000.0,3000.0,3000.0,3000.0,3000.0,3000.0,3000.0,3000.0,3000.0,3000.0,3000.0,3000.0,3000.0,3000.0,3000.0,3000.0,3000.0,3000.0,3000.0,3000.0,3000.0,3000.0,3000.0,3000.0,3000.0,3000.0,3000.0,3000.0,3000.0,3000.0,3000.0,3000.0,3000.0,3000.0,3000.0,3000.0,3000.0,3000.0,3000.0,3000.0,3000.0,3000.0,3000.0,3000.0,3000.0,3000.0,3000.0,3000.0,3000.0,3000.0,3000.0,3000.0,3000.0,3000.0,3000.0,3000.0,3000.0,3000.0,3000.0,3000.0,3000.0,3000.0,3000.0,3000.0,3000.0,3000.0,3000.0,3000.0,3000.0,3000.0,3000.0,3000.0,3000.0,3000.0,3000.0,3000.0,3000.0,3000.0,3000.0,3000.0,3000.0,3000.0,3000.0,3000.0,3000.0,3000.0,3000.0,3000.0,3000.0,3000.0,3000.0,3000.0,3000.0,3000.0,3000.0,3000.0,3000.0,3000.0,3000.0,3000.0,3000.0,3000.0,3000.0,3000.0,3000.0,3000.0,3000.0,3000.0,3000.0,3000.0,3000.0,3000.0,3000.0,3000.0,3000.0,3000.0,3000.0,3000.0,3000.0,3000.0,3000.0,3000.0,3000.0,3000.0,3000.0,3000.0,3000.0,3000.0,3000.0,3000.0,3000.0,3000.0,3000.0,3000.0,3000.0,3000.0,3000.0,3000.0,3000.0,3000.0,3000.0,3000.0,3000.0,3000.0,3000.0,3000.0,3000.0,3000.0,3000.0,3000.0
5000,750.0000000000001,758.4714999866383,784.8695520201436,832.4371981310569,907.7279151185934,1023.1199575657153,3000.0,3000.0,750.0000000000001,758.4714999866383,784.8695520201436,832.4371981310569,907.7279151185934,1023.1199575657153,3000.0,3000.0,750.0000000000001,758.4714999866383,784.8695520201436,832.4371981310569,907.7279151185934,1023.1199575657153,3000.0,3000.0,750.0000000000001,758.4714999866383,784.8695520201436,832.4371981310569,907.7279151185934,1023.1199575657153,3000.0,3000.0,750.0000000000001,758.4714999866383,784.8695520201436,832.4371981310569,907.7279151185934,1023.1199575657153,3000.0,3000.0,750.0000000000001,758.4714999866383,784.8695520201436,832.4371981310569,907.7279151185934,1023.1199575657153,3000.0,3000.0,750.0000000000001,758.4714999866383,784.8695520201436,832.4371981310569,907.7279151185934,1023.1199575657153,3000.0,3000.0,750.0000000000001,758.4714999866383,784.8695520201436,832.4371981310569,907.7279151185934,1023.1199575657153,3000.0,3000.0,3000.0,3000.0,1023.1199575657153,907.7279151185934,832.4371981310569,784.8695520201436,758.4714999866383,750.0000000000001,3000.0,3000.0,1023.1199575657153,907.7279151185934,832.4371981310569,784.8695520201436,758.4714999866383,750.0000000000001,3000.0,3000.0,1023.1199575657153,907.7279151185934,832.4371981310569,784.8695520201436,758.4714999866383,750.0000000000001,3000.0,3000.0,1023.1199575657153,907.7279151185934,832.4371981310569,784.8695520201436,758.4714999866383,750.0000000000001,3000.0,3000.0,1023.1199575657153,907.7279151185934,832.4371981310569,784.8695520201436,758.4714999866383,750.0000000000001,3000.0,3000.0,1023.1199575657153,907.7279151185934,832.4371981310569,784.8695520201436,758.4714999866383,750.0000000000001,3000.0,3000.0,1023.1199575657153,907.7279151185934,832.4371981310569,784.8695520201436,758.4714999866383,750.0000000000001,3000.0,3000.0,1023.1199575657153,907.7279151185934,832.4371981310569,784.8695520201436,758.4714999866383,750.0000000000001,3000.0,3000.0,3000.0,3000.0,3000.0,3000.0,3000.0,3000.0,3000.0,3000.0,3000.0,3000.0,3000.0,3000.0,3000.0,3000.0,3000.0,3000.0,3000.0,3000.0,3000.0,3000.0,3000.0,3000.0,3000.0,3000.0,3000.0,3000.0,3000.0,3000.0,3000.0,3000.0,3000.0,3000.0,3000.0,3000.0,3000.0,3000.0,3000.0,3000.0,3000.0,3000.0,3000.0,3000.0,3000.0,3000.0,3000.0,3000.0,3000.0,3000.0,3000.0,3000.0,3000.0,3000.0,3000.0,3000.0,3000.0,3000.0,3000.0,3000.0,3000.0,3000.0,3000.0,3000.0,3000.0,3000.0,3000.0,3000.0,3000.0,3000.0,3000.0,3000.0,3000.0,3000.0,3000.0,3000.0,3000.0,3000.0,3000.0,3000.0,3000.0,3000.0,3000.0,3000.0,3000.0,3000.0,3000.0,3000.0,3000.0,3000.0,3000.0,3000.0,3000.0,3000.0,3000.0,3000.0,3000.0,3000.0,3000.0,3000.0,3000.0,3000.0,3000.0,3000.0,3000.0,3000.0,3000.0,3000.0,3000.0,3000.0,3000.0,3000.0,3000.0,3000.0,3000.0,3000.0,3000.0,3000.0,3000.0,3000.0,3000.0,3000.0,3000.0,3000.0,3000.0,3000.0,3000.0,3000.0,3000.0,3000.0,3000.0,3000.0,3000.0,3000.0,3000.0,3000.0,3000.0,3000.0,3000.0,3000.0,3000.0,3000.0,3000.0,3000.0,3000.0,3000.0,3000.0,3000.0,3000.0,3000.0,3000.0,3000.0,3000.0,3000.0,3000.0,3000.0,3000.0,3000.0,3000.0,3000.0,3000.0,3000.0,3000.0,3000.0,3000.0,3000.0,3000.0,3000.0,3000.0,3000.0,3000.0,3000.0,3000.0,3000.0,3000.0,3000.0,3000.0,3000.0,3000.0,3000.0,3000.0,3000.0,3000.0,3000.0,3000.0,3000.0,3000.0,3000.0,3000.0,3000.0,3000.0,3000.0,3000.0,3000.0,3000.0,3000.0,3000.0,3000.0,3000.0,3000.0,3000.0,3000.0,3000.0,3000.0,3000.0,3000.0,3000.0,3000.0,3000.0,3000.0,3000.0,3000.0,3000.0,3000.0,3000.0,3000.0,3000.0,3000.0,3000.0,3000.0,3000.0,3000.0,3000.0,3000.0,3000.0,3000.0,3000.0,3000.0,3000.0,3000.0,3000.0,3000.0,3000.0,3000.0,3000.0,3000.0,3000.0,3000.0,3000.0,3000.0,3000.0,3000.0,3000.0,3000.0,3000.0,3000.0,3000.0,3000.0,3000.0,3000.0,3000.0,3000.0,3000.0,3000.0,3000.0,3000.0
5067,733.3333333333334,741.616577764713,767.4280064196961,813.9385937281446,887.5561836715136,1000.3839585086994,3000.0,3000.0,733.3333333333334,741.616577764713,767.4280064196961,813.9385937281446,887.5561836715136,1000.3839585086994,3000.0,3000.0,733.3333333333334,741.616577764713,767.4280064196961,813.9385937281446,887.5561836715136,1000.3839585086994,3000.0,3000.0,733.3333333333334,741.616577764713,767.4280064196961,813.9385937281446,887.5561836715136,1000.3839585086994,3000.0,3000.0,733.3333333333334,741.616577764713,767.4280064196961,813.9385937281446,887.5561836715136,1000.3839585086994,3000.0,3000.0,733.3333333333334,741.616577764713,767.4280064196961,813.9385937281446,887.5561836715136,1000.3839585086994,3000.0,3000.0,733.3333333333334,741.616577764713,767.4280064196961,813.9385937281446,887.5561836715136,1000.3839585086994,3000.0,3000.0,733.3333333333334,741.616577764713,767.4280064196961,813.9385937281446,887.5561836715136,1000.3839585086994,3000.0,3000.0,3000.0,3000.0,1000.3839585086994,887.5561836715136,813.9385937281446,767.4280064196961,741.616577764713,733.3333333333334,3000.0,3000.0,1000.3839585086994,887.5561836715136,813.9385937281446,767.4280064196961,741.616577764713,733.3333333333334,3000.0,3000.0,1000.3839585086994,887.5561836715136,813.9385937281446,767.4280064196961,741.616577764713,733.3333333333334,3000.0,3000.0,1000.3839585086994,887.5561836715136,813.9385937281446,767.4280064196961,741.616577764713,733.3333333333334,3000.0,3000.0,1000.3839585086994,887.5561836715136,813.9385937281446,767.4280064196961,741.616577764713,733.3333333333334,3000.0,3000.0,1000.3839585086994,887.5561836715136,813.9385937281446,767.4280064196961,741.616577764713,733.3333333333334,3000.0,3000.0,1000.3839585086994,887.5561836715136,813.9385937281446,767.4280064196961,741.616577764713,733.3333333333334,3000.0,3000.0,1000.3839585086994,887.5561836715136,813.9385937281446,767.4280064196961,741.616577764713,733.3333333333334,3000.0,3000.0,3000.0,3000.0,3000.0,3000.0,3000.0,3000.0,3000.0,3000.0,3000.0,3000.0,3000.0,3000.0,3000.0,3000.0,3000.0,3000.0,3000.0,3000.0,3000.0,3000.0,3000.0,3000.0,3000.0,3000.0,3000.0,3000.0,3000.0,3000.0,3000.0,3000.0,3000.0,3000.0,3000.0,3000.0,3000.0,3000.0,3000.0,3000.0,3000.0,3000.0,3000.0,3000.0,3000.0,3000.0,3000.0,3000.0,3000.0,3000.0,3000.0,3000.0,3000.0,3000.0,3000.0,3000.0,3000.0,3000.0,3000.0,3000.0,3000.0,3000.0,3000.0,3000.0,3000.0,3000.0,3000.0,3000.0,3000.0,3000.0,3000.0,3000.0,3000.0,3000.0,3000.0,3000.0,3000.0,3000.0,3000.0,3000.0,3000.0,3000.0,3000.0,3000.0,3000.0,3000.0,3000.0,3000.0,3000.0,3000.0,3000.0,3000.0,3000.0,3000.0,3000.0,3000.0,3000.0,3000.0,3000.0,3000.0,3000.0,3000.0,3000.0,3000.0,3000.0,3000.0,3000.0,3000.0,3000.0,3000.0,3000.0,3000.0,3000.0,3000.0,3000.0,3000.0,3000.0,3000.0,3000.0,3000.0,3000.0,3000.0,3000.0,3000.0,3000.0,3000.0,3000.0,3000.0,3000.0,3000.0,3000.0,3000.0,3000.0,3000.0,3000.0,3000.0,3000.0,3000.0,3000.0,3000.0,3000.0,3000.0,3000.0,3000.0,3000.0,3000.0,3000.0,3000.0,3000.0,3000.0,3000.0,3000.0,3000.0,3000.0,3000.0,3000.0,3000.0,3000.0,3000.0,3000.0,3000.0,3000.0,3000.0,3000.0,3000.0,3000.0,3000.0,3000.0,3000.0,3000.0,3000.0,3000.0,3000.0,3000.0,3000.0,3000.0,3000.0,3000.0,3000.0,3000.0,3000.0,3000.0,3000.0,3000.0,3000.0,3000.0,3000.0,3000.0,3000.0,3000.0,3000.0,3000.0,3000.0,3000.0,3000.0,3000.0,3000.0,3000.0,3000.0,3000.0,3000.0,3000.0,3000.0,3000.0,3000.0,3000.0,3000.0,3000.0,3000.0,3000.0,3000.0,3000.0,3000.0,3000.0,3000.0,3000.0,3000.0,3000.0,3000.0,3000.0,3000.0,3000.0,3000.0,3000.0,3000.0,3000.0,3000.0,3000.0,3000.0,3000.0,3000.0,3000.0,3000.0,3000.0,3000.0,3000.0,3000.0,3000.0,3000.0,3000.0,3000.0,3000.0,3000.0,3000.0,3000.0,3000.0,3000.0,3000.0,3000.0,3000.0,3000.0,3000.0,3000.0,3000.0,3000.0,3000.0
5133,716.6666666666665,724.7616555427875,749.9864608192482,795.4399893252319,867.3844522244335,977.6479594516833,3000.0,3000.0,716.6666666666665,724.7616555427875,749.9864608192482,795.4399893252319,867.3844522244335,977.6479594516833,3000.0,3000.0,716.6666666666665,724.7616555427875,749.9864608192482,795.4399893252319,867.3844522244335,977.6479594516833,3000.0,3000.0,716.6666666666665,724.7616555427875,749.9864608192482,795.4399893252319,867.3844522244335,977.6479594516833,3000.0,3000.0,716.6666666666665,724.7616555427875,749.9864608192482,795.4399893252319,867.3844522244335,977.6479594516833,3000.0,3000.0,716.6666666666665,724.7616555427875,749.9864608192482,795.4399893252319,867.3844522244335,977.6479594516833,3000.0,3000.0,716.6666666666665,724.7616555427875,749.9864608192482,795.4399893252319,867.3844522244335,977.6479594516833,3000.0,3000.0,716.6666666666665,724.7616555427875,749.9864608192482,795.4399893252319,867.3844522244335,977.6479594516833,3000.0,3000.0,3000.0,3000.0,977.6479594516833,867.3844522244335,795.4399893252319,749.9864608192482,724.7616555427875,716.6666666666665,3000.0,3000.0,977.6479594516833,867.3844522244335,795.4399893252319,749.9864608192482,724.7616555427875,716.6666666666665,3000.0,3000.0,977.6479594516833,867.3844522244335,795.4399893252319,749.9864608192482,724.7616555427875,716.6666666666665,3000.0,3000.0,977.6479594516833,867.3844522244335,795.4399893252319,749.9864608192482,724.7616555427875,716.6666666666665,3000.0,3000.0,977.6479594516833,867.3844522244335,795.4399893252319,749.9864608192482,724.7616555427875,716.6666666666665,3000.0,3000.0,977.6479594516833,867.3844522244335,795.4399893252319,749.9864608192482,724.7616555427875,716.6666666666665,3000.0,3000.0,977.6479594516833,867.3844522244335,795.4399893252319,749.9864608192482,724.7616555427875,716.6666666666665,3000.0,3000.0,977.6479594516833,867.3844522244335,795.4399893252319,749.9864608192482,724.7616555427875,716.6666666666665,3000.0,3000.0,3000.0,3000.0,3000.0,3000.0,3000.0,3000.0,3000.0,3000.0,3000.0,3000.0,3000.0,3000.0,3000.0,3000.0,3000.0,3000.0,3000.0,3000.0,3000.0,3000.0,3000.0,3000.0,3000.0,3000.0,3000.0,3000.0,3000.0,3000.0,3000.0,3000.0,3000.0,3000.0,3000.0,3000.0,3000.0,3000.0,3000.0,3000.0,3000.0,3000.0,3000.0,3000.0,3000.0,3000.0,3000.0,3000.0,3000.0,3000.0,3000.0,3000.0,3000.0,3000.0,3000.0,3000.0,3000.0,3000.0,3000.0,3000.0,3000.0,3000.0,3000.0,3000.0,3000.0,3000.0,3000.0,3000.0,3000.0,3000.0,3000.0,3000.0,3000.0,3000.0,3000.0,3000.0,3000.0,3000.0,3000.0,3000.0,3000.0,3000.0,3000.0,3000.0,3000.0,3000.0,3000.0,3000.0,3000.0,3000.0,3000.0,3000.0,3000.0,3000.0,3000.0,3000.0,3000.0,3000.0,3000.0,3000.0,3000.0,3000.0,3000.0,3000.0,3000.0,3000.0,3000.0,3000.0,3000.0,3000.0,3000.0,3000.0,3000.0,3000.0,3000.0,3000.0,3000.0,3000.0,3000.0,3000.0,3000.0,3000.0,3000.0,3000.0,3000.0,3000.0,3000.0,3000.0,3000.0,3000.0,3000.0,3000.0,3000.0,3000.0,3000.0,3000.0,3000.0,3000.0,3000.0,3000.0,3000.0,3000.0,3000.0,3000.0,3000.0,3000.0,3000.0,3000.0,3000.0,3000.0,3000.0,3000.0,3000.0,3000.0,3000.0,3000.0,3000.0,3000.0,3000.0,3000.0,3000.0,3000.0,3000.0,3000.0,3000.0,3000.0,3000.0,3000.0,3000.0,3000.0,3000.0,3000.0,3000.0,3000.0,3000.0,3000.0,3000.0,3000.0,3000.0,3000.0,3000.0,3000.0,3000.0,3000.0,3000.0,3000.0,3000.0,3000.0,3000.0,3000.0,3000.0,3000.0,3000.0,3000.0,3000.0,3000.0,3000.0,3000.0,3000.0,3000.0,3000.0,3000.0,3000.0,3000.0,3000.0,3000.0,3000.0,3000.0,3000.0,3000.0,3000.0,3000.0,3000.0,3000.0,3000.0,3000.0,3000.0,3000.0,3000.0,3000.0,3000.0,3000.0,3000.0,3000.0,3000.0,3000.0,3000.0,3000.0,3000.0,3000.0,3000.0,3000.0,3000.0,3000.0,3000.0,3000.0,3000.0,3000.0,3000.0,3000.0,3000.0,3000.0,3000.0,3000.0,3000.0,3000.0,3000.0,3000.0,3000.0,3000.0,3000.0,3000.0,3000.0,3000.0,3000.0,3000.0
5200,699.9999999999999,707.9067333208621,732.5449152188006,776.9413849223196,847.2127207773536,954.9119603946673,3000.0,3000.0,699.9999999999999,707.9067333208621,732.5449152188006,776.9413849223196,847.2127207773536,954.9119603946673,3000.0,3000.0,699.9999999999999,707.9067333208621,732.5449152188006,776.9413849223196,847.2127207773536,954.9119603946673,3000.0,3000.0,699.9999999999999,707.9067333208621,732.5449152188006,776.9413849223196,847.2127207773536,954.9119603946673,3000.0,3000.0,699.9999999999999,707.9067333208621,732.5449152188006,776.9413849223196,847.2127207773536,954.9119603946673,3000.0,3000.0,699.9999999999999,707.9067333208621,732.5449152188006,776.9413849223196,847.2127207773536,954.9119603946673,3000.0,3000.0,699.9999999999999,707.9067333208621,732.5449152188006,776.9413849223196,847.2127207773536,954.9119603946673,3000.0,3000.0,699.9999999999999,707.9067333208621,732.5449152188006,776.9413849223196,847.2127207773536,954.9119603946673,3000.0,3000.0,3000.0,3000.0,954.9119603946673,847.2127207773536,776.9413849223196,732.5449152188006,707.9067333208621,699.9999999999999,3000.0,3000.0,954.9119603946673,847.2127207773536,776.9413849223196,732.5449152188006,707.9067333208621,699.9999999999999,3000.0,3000.0,954.9119603946673,847.2127207773536,776.9413849223196,732.5449152188006,707.9067333208621,699.9999999999999,3000.0,3000.0,954.9119603946673,847.2127207773536,776.9413849223196,732.5449152188006,707.9067333208621,699.9999999999999,3000.0,3000.0,954.9119603946673,847.2127207773536,776.9413849223196,732.5449152188006,707.9067333208621,699.9999999999999,3000.0,3000.0,954.9119603946673,847.2127207773536,776.9413849223196,732.5449152188006,707.9067333208621,699.9999999999999,3000.0,3000.0,954.9119603946673,847.2127207773536,776.9413849223196,732.5449152188006,707.9067333208621,699.9999999999999,3000.0,3000.0,954.9119603946673,847.2127207773536,776.9413849223196,732.5449152188006,707.9067333208621,699.9999999999999,3000.0,3000.0,3000.0,3000.0,3000.0,3000.0,3000.0,3000.0,3000.0,3000.0,3000.0,3000.0,3000.0,3000.0,3000.0,3000.0,3000.0,3000.0,3000.0,3000.0,3000.0,3000.0,3000.0,3000.0,3000.0,3000.0,3000.0,3000.0,3000.0,3000.0,3000.0,3000.0,3000.0,3000.0,3000.0,3000.0,3000.0,3000.0,3000.0,3000.0,3000.0,3000.0,3000.0,3000.0,3000.0,3000.0,3000.0,3000.0,3000.0,3000.0,3000.0,3000.0,3000.0,3000.0,3000.0,3000.0,3000.0,3000.0,3000.0,3000.0,3000.0,3000.0,3000.0,3000.0,3000.0,3000.0,3000.0,3000.0,3000.0,3000.0,3000.0,3000.0,3000.0,3000.0,3000.0,3000.0,3000.0,3000.0,3000.0,3000.0,3000.0,3000.0,3000.0,3000.0,3000.0,3000.0,3000.0,3000.0,3000.0,3000.0,3000.0,3000.0,3000.0,3000.0,3000.0,3000.0,3000.0,3000.0,3000.0,3000.0,3000.0,3000.0,3000.0,3000.0,3000.0,3000.0,3000.0,3000.0,3000.0,3000.0,3000.0,3000.0,3000.0,3000.0,3000.0,3000.0,3000.0,3000.0,3000.0,3000.0,3000.0,3000.0,3000.0,3000.0,3000.0,3000.0,3000.0,3000.0,3000.0,3000.0,3000.0,3000.0,3000.0,3000.0,3000.0,3000.0,3000.0,3000.0,3000.0,3000.0,3000.0,3000.0,3000.0,3000.0,3000.0,3000.0,3000.0,3000.0,3000.0,3000.0,3000.0,3000.0,3000.0,3000.0,3000.0,3000.0,3000.0,3000.0,3000.0,3000.0,3000.0,3000.0,3000.0,3000.0,3000.0,3000.0,3000.0,3000.0,3000.0,3000.0,3000.0,3000.0,3000.0,3000.0,3000.0,3000.0,3000.0,3000.0,3000.0,3000.0,3000.0,3000.0,3000.0,3000.0,3000.0,3000.0,3000.0,3000.0,3000.0,3000.0,3000.0,3000.0,3000.0,3000.0,3000.0,3000.0,3000.0,3000.0,3000.0,3000.0,3000.0,3000.0,3000.0,3000.0,3000.0,3000.0,3000.0,3000.0,3000.0,3000.0,3000.0,3000.0,3000.0,3000.0,3000.0,3000.0,3000.0,3000.0,3000.0,3000.0,3000.0,3000.0,3000.0,3000.0,3000.0,3000.0,3000.0,3000.0,3000.0,3000.0,3000.0,3000.0,3000.0,3000.0,3000.0,3000.0,3000.0,3000.0,3000.0,3000.0,3000.0,3000.0,3000.0,3000.0,3000.0,3000.0,3000.0,3000.0,3000.0,3000.0,3000.0,3000.0,3000.0,3000.0,3000.0,3000.0
5267,683.3333333333334,691.0518110989372,715.1033696183531,758.4427805194074,827.040989330274,932.1759613376516,3000.0,3000.0,683.3333333333334,691.0518110989372,715.1033696183531,758.4427805194074,827.040989330274,932.1759613376516,3000.0,3000.0,683.3333333333334,691.0518110989372,715.1033696183531,758.4427805194074,827.040989330274,932.1759613376516,3000.0,3000.0,683.3333333333334,691.0518110989372,715.1033696183531,758.4427805194074,827.040989330274,932.1759613376516,3000.0,3000.0,683.3333333333334,691.0518110989372,715.1033696183531,758.4427805194074,827.040989330274,932.1759613376516,3000.0,3000.0,683.3333333333334,691.0518110989372,715.1033696183531,758.4427805194074,827.040989330274,932.1759613376516,3000.0,3000.0,683.3333333333334,691.0518110989372,715.1033696183531,758.4427805194074,827.040989330274,932.1759613376516,3000.0,3000.0,683.3333333333334,691.0518110989372,715.1033696183531,758.4427805194074,827.040989330274,932.1759613376516,3000.0,3000.0,3000.0,3000.0,932.1759613376516,827.040989330274,758.4427805194074,715.1033696183531,691.0518110989372,683.3333333333334,3000.0,3000.0,932.1759613376516,827.040989330274,758.4427805194074,715.1033696183531,691.0518110989372,683.3333333333334,3000.0,3000.0,932.1759613376516,827.040989330274,758.4427805194074,715.1033696183531,691.0518110989372,683.3333333333334,3000.0,3000.0,932.1759613376516,827.040989330274,758.4427805194074,715.1033696183531,691.0518110989372,683.3333333333334,3000.0,3000.0,932.1759613376516,827.040989330274,758.4427805194074,715.1033696183531,691.0518110989372,683.3333333333334,3000.0,3000.0,932.1759613376516,827.040989330274,758.4427805194074,715.1033696183531,691.0518110989372,683.3333333333334,3000.0,3000.0,932.1759613376516,827.040989330274,758.4427805194074,715.1033696183531,691.0518110989372,683.3333333333334,3000.0,3000.0,932.1759613376516,827.040989330274,758.4427805194074,715.1033696183531,691.0518110989372,683.3333333333334,3000.0,3000.0,3000.0,3000.0,3000.0,3000.0,3000.0,3000.0,3000.0,3000.0,3000.0,3000.0,3000.0,3000.0,3000.0,3000.0,3000.0,3000.0,3000.0,3000.0,3000.0,3000.0,3000.0,3000.0,3000.0,3000.0,3000.0,3000.0,3000.0,3000.0,3000.0,3000.0,3000.0,3000.0,3000.0,3000.0,3000.0,3000.0,3000.0,3000.0,3000.0,3000.0,3000.0,3000.0,3000.0,3000.0,3000.0,3000.0,3000.0,3000.0,3000.0,3000.0,3000.0,3000.0,3000.0,3000.0,3000.0,3000.0,3000.0,3000.0,3000.0,3000.0,3000.0,3000.0,3000.0,3000.0,3000.0,3000.0,3000.0,3000.0,3000.0,3000.0,3000.0,3000.0,3000.0,3000.0,3000.0,3000.0,3000.0,3000.0,3000.0,3000.0,3000.0,3000.0,3000.0,3000.0,3000.0,3000.0,3000.0,3000.0,3000.0,3000.0,3000.0,3000.0,3000.0,3000.0,3000.0,3000.0,3000.0,3000.0,3000.0,3000.0,3000.0,3000.0,3000.0,3000.0,3000.0,3000.0,3000.0,3000.0,3000.0,3000.0,3000.0,3000.0,3000.0,3000.0,3000.0,3000.0,3000.0,3000.0,3000.0,3000.0,3000.0,3000.0,3000.0,3000.0,3000.0,3000.0,3000.0,3000.0,3000.0,3000.0,3000.0,3000.0,3000.0,3000.0,3000.0,3000.0,3000.0,3000.0,3000.0,3000.0,3000.0,3000.0,3000.0,3000.0,3000.0,3000.0,3000.0,3000.0,3000.0,3000.0,3000.0,3000.0,3000.0,3000.0,3000.0,3000.0,3000.0,3000.0,3000.0,3000.0,3000.0,3000.0,3000.0,3000.0,3000.0,3000.0,3000.0,3000.0,3000.0,3000.0,3000.0,3000.0,3000.0,3000.0,3000.0,3000.0,3000.0,3000.0,3000.0,3000.0,3000.0,3000.0,3000.0,3000.0,3000.0,3000.0,3000.0,3000.0,3000.0,3000.0,3000.0,3000.0,3000.0,3000.0,3000.0,3000.0,3000.0,3000.0,3000.0,3000.0,3000.0,3000.0,3000.0,3000.0,3000.0,3000.0,3000.0,3000.0,3000.0,3000.0,3000.0,3000.0,3000.0,3000.0,3000.0,3000.0,3000.0,3000.0,3000.0,3000.0,3000.0,3000.0,3000.0,3000.0,3000.0,3000.0,3000.0,3000.0,3000.0,3000.0,3000.0,3000.0,3000.0,3000.0,3000.0,3000.0,3000.0,3000.0,3000.0,3000.0,3000.0,3000.0,3000.0,3000.0,3000.0,3000.0,3000.0,3000.0,3000.0,3000.0,3000.0,3000.0,3000.0,3000.0
5333,666.6666666666667,674.1968888770118,697.6618240179056,739.9441761164951,806.8692578831942,909.4399622806359,3000.0,3000.0,666.6666666666667,674.1968888770118,697.6618240179056,739.9441761164951,806.8692578831942,909.4399622806359,3000.0,3000.0,666.6666666666667,674.1968888770118,697.6618240179056,739.9441761164951,806.8692578831942,909.4399622806359,3000.0,3000.0,666.6666666666667,674.1968888770118,697.6618240179056,739.9441761164951,806.8692578831942,909.4399622806359,3000.0,3000.0,666.6666666666667,674.1968888770118,697.6618240179056,739.9441761164951,806.8692578831942,909.4399622806359,3000.0,3000.0,666.6666666666667,674.1968888770118,697.6618240179056,739.9441761164951,806.8692578831942,909.4399622806359,3000.0,3000.0,666.6666666666667,674.1968888770118,697.6618240179056,739.9441761164951,806.8692578831942,909.4399622806359,3000.0,3000.0,666.6666666666667,674.1968888770118,697.6618240179056,739.9441761164951,806.8692578831942,909.4399622806359,3000.0,3000.0,3000.0,3000.0,909.4399622806359,806.8692578831942,739.9441761164951,697.6618240179056,674.1968888770118,666.6666666666667,3000.0,3000.0,909.4399622806359,806.8692578831942,739.9441761164951,697.6618240179056,674.1968888770118,666.6666666666667,3000.0,3000.0,909.4399622806359,806.8692578831942,739.9441761164951,697.6618240179056,674.1968888770118,666.6666666666667,3000.0,3000.0,909.4399622806359,806.8692578831942,739.9441761164951,697.6618240179056,674.1968888770118,666.6666666666667,3000.0,3000.0,909.4399622806359,806.8692578831942,739.9441761164951,697.6618240179056,674.1968888770118,666.6666666666667,3000.0,3000.0,909.4399622806359,806.8692578831942,739.9441761164951,697.6618240179056,674.1968888770118,666.6666666666667,3000.0,3000.0,909.4399622806359,806.8692578831942,739.9441761164951,697.6618240179056,674.1968888770118,666.6666666666667,3000.0,3000.0,909.4399622806359,806.8692578831942,739.9441761164951,697.6618240179056,674.1968888770118,666.6666666666667,3000.0,3000.0,3000.0,3000.0,3000.0,3000.0,3000.0,3000.0,3000.0,3000.0,3000.0,3000.0,3000.0,3000.0,3000.0,3000.0,3000.0,3000.0,3000.0,3000.0,3000.0,3000.0,3000.0,3000.0,3000.0,3000.0,3000.0,3000.0,3000.0,3000.0,3000.0,3000.0,3000.0,3000.0,3000.0,3000.0,3000.0,3000.0,3000.0,3000.0,3000.0,3000.0,3000.0,3000.0,3000.0,3000.0,3000.0,3000.0,3000.0,3000.0,3000.0,3000.0,3000.0,3000.0,3000.0,3000.0,3000.0,3000.0,3000.0,3000.0,3000.0,3000.0,3000.0,3000.0,3000.0,3000.0,3000.0,3000.0,3000.0,3000.0,3000.0,3000.0,3000.0,3000.0,3000.0,3000.0,3000.0,3000.0,3000.0,3000.0,3000.0,3000.0,3000.0,3000.0,3000.0,3000.0,3000.0,3000.0,3000.0,3000.0,3000.0,3000.0,3000.0,3000.0,3000.0,3000.0,3000.0,3000.0,3000.0,3000.0,3000.0,3000.0,3000.0,3000.0,3000.0,3000.0,3000.0,3000.0,3000.0,3000.0,3000.0,3000.0,3000.0,3000.0,3000.0,3000.0,3000.0,3000.0,3000.0,3000.0,3000.0,3000.0,3000.0,3000.0,3000.0,3000.0,3000.0,3000.0,3000.0,3000.0,3000.0,3000.0,3000.0,3000.0,3000.0,3000.0,3000.0,3000.0,3000.0,3000.0,3000.0,3000.0,3000.0,3000.0,3000.0,3000.0,3000.0,3000.0,3000.0,3000.0,3000.0,3000.0,3000.0,3000.0,3000.0,3000.0,3000.0,3000.0,3000.0,3000.0,3000.0,3000.0,3000.0,3000.0,3000.0,3000.0,3000.0,3000.0,3000.0,3000.0,3000.0,3000.0,3000.0,3000.0,3000.0,3000.0,3000.0,3000.0,3000.0,3000.0,3000.0,3000.0,3000.0,3000.0,3000.0,3000.0,3000.0,3000.0,3000.0,3000.0,3000.0,3000.0,3000.0,3000.0,3000.0,3000.0,3000.0,3000.0,3000.0,3000.0,3000.0,3000.0,3000.0,3000.0,3000.0,3000.0,3000.0,3000.0,3000.0,3000.0,3000.0,3000.0,3000.0,3000.0,3000.0,3000.0,3000.0,3000.0,3000.0,3000.0,3000.0,3000.0,3000.0,3000.0,3000.0,3000.0,3000.0,3000.0,3000.0,3000.0,3000.0,3000.0,3000.0,3000.0,3000.0,3000.0,3000.0,3000.0,3000.0,3000.0,3000.0,3000.0,3000.0,3000.0,3000.0,3000.0,3000.0,3000.0,3000.0,3000.0,3000.0,3000.0,3000.0,3000.0,3000.0,3000.0
5400,649.9999999999998,657.3419666550863,680.2202784174577,721.4455717135824,786.697526436114,886.7039632236197,3000.0,3000.0,649.9999999999998,657.3419666550863,680.2202784174577,721.4455717135824,786.697526436114,886.7039632236197,3000.0,3000.0,649.9999999999998,657.3419666550863,680.2202784174577,721.4455717135824,786.697526436114,886.7039632236197,3000.0,3000.0,649.9999999999998,657.3419666550863,680.2202784174577,721.4455717135824,786.697526436114,886.7039632236197,3000.0,3000.0,649.9999999999998,657.3419666550863,680.2202784174577,721.4455717135824,786.697526436114,886.7039632236197,3000.0,3000.0,649.9999999999998,657.3419666550863,680.2202784174577,721.4455717135824,786.697526436114,886.7039632236197,3000.0,3000.0,649.9999999999998,657.3419666550863,680.2202784174577,721.4455717135824,786.697526436114,886.7039632236197,3000.0,3000.0,649.9999999999998,657.3419666550863,680.2202784174577,721.4455717135824,786.697526436114,886.7039632236197,3000.0,3000.0,3000.0,3000.0,886.7039632236197,786.697526436114,721.4455717135824,680.2202784174577,657.3419666550863,649.9999999999998,3000.0,3000.0,886.7039632236197,786.697526436114,721.4455717135824,680.2202784174577,657.3419666550863,649.9999999999998,3000.0,3000.0,886.7039632236197,786.697526436114,721.4455717135824,680.2202784174577,657.3419666550863,649.9999999999998,3000.0,3000.0,886.7039632236197,786.697526436114,721.4455717135824,680.2202784174577,657.3419666550863,649.9999999999998,3000.0,3000.0,886.7039632236197,786.697526436114,721.4455717135824,680.2202784174577,657.3419666550863,649.9999999999998,3000.0,3000.0,886.7039632236197,786.697526436114,721.4455717135824,680.2202784174577,657.3419666550863,649.9999999999998,3000.0,3000.0,886.7039632236197,786.697526436114,721.4455717135824,680.2202784174577,657.3419666550863,649.9999999999998,3000.0,3000.0,886.7039632236197,786.697526436114,721.4455717135824,680.2202784174577,657.3419666550863,649.9999999999998,3000.0,3000.0,3000.0,3000.0,3000.0,3000.0,3000.0,3000.0,3000.0,3000.0,3000.0,3000.0,3000.0,3000.0,3000.0,3000.0,3000.0,3000.0,3000.0,3000.0,3000.0,3000.0,3000.0,3000.0,3000.0,3000.0,3000.0,3000.0,3000.0,3000.0,3000.0,3000.0,3000.0,3000.0,3000.0,3000.0,3000.0,3000.0,3000.0,3000.0,3000.0,3000.0,3000.0,3000.0,3000.0,3000.0,3000.0,3000.0,3000.0,3000.0,3000.0,3000.0,3000.0,3000.0,3000.0,3000.0,3000.0,3000.0,3000.0,3000.0,3000.0,3000.0,3000.0,3000.0,3000.0,3000.0,3000.0,3000.0,3000.0,3000.0,3000.0,3000.0,3000.0,3000.0,3000.0,3000.0,3000.0,3000.0,3000.0,3000.0,3000.0,3000.0,3000.0,3000.0,3000.0,3000.0,3000.0,3000.0,3000.0,3000.0,3000.0,3000.0,3000.0,3000.0,3000.0,3000.0,3000.0,3000.0,3000.0,3000.0,3000.0,3000.0,3000.0,3000.0,3000.0,3000.0,3000.0,3000.0,3000.0,3000.0,3000.0,3000.0,3000.0,3000.0,3000.0,3000.0,3000.0,3000.0,3000.0,3000.0,3000.0,3000.0,3000.0,3000.0,3000.0,3000.0,3000.0,3000.0,3000.0,3000.0,3000.0,3000.0,3000.0,3000.0,3000.0,3000.0,3000.0,3000.0,3000.0,3000.0,3000.0,3000.0,3000.0,3000.0,3000.0,3000.0,3000.0,3000.0,3000.0,3000.0,3000.0,3000.0,3000.0,3000.0,3000.0,3000.0,3000.0,3000.0,3000.0,3000.0,3000.0,3000.0,3000.0,3000.0,3000.0,3000.0,3000.0,3000.0,3000.0,3000.0,3000.0,3000.0,3000.0,3000.0,3000.0,3000.0,3000.0,3000.0,3000.0,3000.0,3000.0,3000.0,3000.0,3000.0,3000.0,3000.0,3000.0,3000.0,3000.0,3000.0,3000.0,3000.0,3000.0,3000.0,3000.0,3000.0,3000.0,3000.0,3000.0,3000.0,3000.0,3000.0,3000.0,3000.0,3000.0,3000.0,3000.0,3000.0,3000.0,3000.0,3000.0,3000.0,3000.0,3000.0,3000.0,3000.0,3000.0,3000.0,3000.0,3000.0,3000.0,3000.0,3000.0,3000.0,3000.0,3000.0,3000.0,3000.0,3000.0,3000.0,3000.0,3000.0,3000.0,3000.0,3000.0,3000.0,3000.0,3000.0,3000.0,3000.0,3000.0,3000.0,3000.0,3000.0,3000.0,3000.0,3000.0,3000.0,3000.0,3000.0,3000.0,3000.0,3000.0,3000.0,3000.0,3000.0
5467,633.3333333333333,640.4870444331611,662.7787328170101,702.9469673106702,766.5257949890344,863.9679641666039,1015.7877986861283,3000.0,633.3333333333333,640.4870444331611,662.7787328170101,702.9469673106702,766.5257949890344,863.9679641666039,1015.7877986861283,3000.0,633.3333333333333,640.4870444331611,662.7787328170101,702.9469673106702,766.5257949890344,863.9679641666039,1015.7877986861283,3000.0,633.3333333333333,640.4870444331611,662.7787328170101,702.9469673106702,766.5257949890344,863.9679641666039,1015.7877986861283,3000.0,633.3333333333333,640.4870444331611,662.7787328170101,702.9469673106702,766.5257949890344,863.9679641666039,1015.7877986861283,3000.0,633.3333333333333,640.4870444331611,662.7787328170101,702.9469673106702,766.5257949890344,863.9679641666039,1015.7877986861283,3000.0,633.3333333333333,640.4870444331611,662.7787328170101,702.9469673106702,766.5257949890344,863.9679641666039,1015.7877986861283,3000.0,633.3333333333333,640.4870444331611,662.7787328170101,702.9469673106702,766.5257949890344,863.9679641666039,1015.7877986861283,3000.0,3000.0,1015.7877986861283,863.9679641666039,766.5257949890344,702.9469673106702,662.7787328170101,640.4870444331611,633.3333333333333,3000.0,1015.7877986861283,863.9679641666039,766.5257949890344,702.9469673106702,662.7787328170101,640.4870444331611,633.3333333333333,3000.0,1015.7877986861283,863.9679641666039,766.5257949890344,702.9469673106702,662.7787328170101,640.4870444331611,633.3333333333333,3000.0,1015.7877986861283,863.9679641666039,766.5257949890344,702.9469673106702,662.7787328170101,640.4870444331611,633.3333333333333,3000.0,1015.7877986861283,863.9679641666039,766.5257949890344,702.9469673106702,662.7787328170101,640.4870444331611,633.3333333333333,3000.0,1015.7877986861283,863.9679641666039,766.5257949890344,702.9469673106702,662.7787328170101,640.4870444331611,633.3333333333333,3000.0,1015.7877986861283,863.9679641666039,766.5257949890344,702.9469673106702,662.7787328170101,640.4870444331611,633.3333333333333,3000.0,1015.7877986861283,863.9679641666039,766.5257949890344,702.9469673106702,662.7787328170101,640.4870444331611,633.3333333333333,3000.0,3000.0,3000.0,3000.0,3000.0,3000.0,3000.0,3000.0,3000.0,3000.0,3000.0,3000.0,3000.0,3000.0,3000.0,3000.0,3000.0,3000.0,3000.0,3000.0,3000.0,3000.0,3000.0,3000.0,3000.0,3000.0,3000.0,3000.0,3000.0,3000.0,3000.0,3000.0,3000.0,3000.0,3000.0,3000.0,3000.0,3000.0,3000.0,3000.0,3000.0,3000.0,3000.0,3000.0,3000.0,3000.0,3000.0,3000.0,3000.0,3000.0,3000.0,3000.0,3000.0,3000.0,3000.0,3000.0,3000.0,3000.0,3000.0,3000.0,3000.0,3000.0,3000.0,3000.0,3000.0,3000.0,3000.0,3000.0,3000.0,3000.0,3000.0,3000.0,3000.0,3000.0,3000.0,3000.0,3000.0,3000.0,3000.0,3000.0,3000.0,3000.0,3000.0,3000.0,3000.0,3000.0,3000.0,3000.0,3000.0,3000.0,3000.0,3000.0,3000.0,3000.0,3000.0,3000.0,3000.0,3000.0,3000.0,3000.0,3000.0,3000.0,3000.0,3000.0,3000.0,3000.0,3000.0,3000.0,3000.0,3000.0,3000.0,3000.0,3000.0,3000.0,3000.0,3000.0,3000.0,3000.0,3000.0,3000.0,3000.0,3000.0,3000.0,3000.0,3000.0,3000.0,3000.0,3000.0,3000.0,3000.0,3000.0,3000.0,3000.0,3000.0,3000.0,3000.0,3000.0,3000.0,3000.0,3000.0,3000.0,3000.0,3000.0,3000.0,3000.0,3000.0,3000.0,3000.0,3000.0,3000.0,3000.0,3000.0,3000.0,3000.0,3000.0,3000.0,3000.0,3000.0,3000.0,3000.0,3000.0,3000.0,3000.0,3000.0,3000.0,3000.0,3000.0,3000.0,3000.0,3000.0,3000.0,3000.0,3000.0,3000.0,3000.0,3000.0,3000.0,3000.0,3000.0,3000.0,3000.0,3000.0,3000.0,3000.0,3000.0,3000.0,3000.0,3000.0,3000.0,3000.0,3000.0,3000.0,3000.0,3000.0,3000.0,3000.0,3000.0,3000.0,3000.0,3000.0,3000.0,3000.0,3000.0,3000.0,3000.0,3000.0,3000.0,3000.0,3000.0,3000.0,3000.0,3000.0,3000.0,3000.0,3000.0,3000.0,3000.0,3000.0,3000.0,3000.0,3000.0,3000.0,3000.0,3000.0,3000.0,3000.0,3000.0,3000.0,3000.0,3000.0,3000.0,3000.0,3000.0,3000.0,3000.0,3000.0,3000.0,3000.0,3000.0,3000.0,3000.0,3000.0,3000.0,3000.0,3000.0,3000.0,3000.0,3000.0,3000.0,3000.0,3000.0,3000.0,3000.0,3000.0,3000.0,3000.0
5533,616.6666666666667,623.6321222112359,645.3371872165626,684.4483629077579,746.3540635419546,841.231965109588,989.0565408259672,3000.0,616.6666666666667,623.6321222112359,645.3371872165626,684.4483629077579,746.3540635419546,841.231965109588,989.0565408259672,3000.0,616.6666666666667,623.6321222112359,645.3371872165626,684.4483629077579,746.3540635419546,841.231965109588,989.0565408259672,3000.0,616.6666666666667,623.6321222112359,645.3371872165626,684.4483629077579,746.3540635419546,841.231965109588,989.0565408259672,3000.0,616.6666666666667,623.6321222112359,645.3371872165626,684.4483629077579,746.3540635419546,841.231965109588,989.0565408259672,3000.0,616.6666666666667,623.6321222112359,645.3371872165626,684.4483629077579,746.3540635419546,841.231965109588,989.0565408259672,3000.0,616.6666666666667,623.6321222112359,645.3371872165626,684.4483629077579,746.3540635419546,841.231965109588,989.0565408259672,3000.0,616.6666666666667,623.6321222112359,645.3371872165626,684.4483629077579,746.3540635419546,841.231965109588,989.0565408259672,3000.0,3000.0,989.0565408259672,841.231965109588,746.3540635419546,684.4483629077579,645.3371872165626,623.6321222112359,616.6666666666667,3000.0,989.0565408259672,841.231965109588,746.3540635419546,684.4483629077579,645.3371872165626,623.6321222112359,616.6666666666667,3000.0,989.0565408259672,841.231965109588,746.3540635419546,684.4483629077579,645.3371872165626,623.6321222112359,616.6666666666667,3000.0,989.0565408259672,841.231965109588,746.3540635419546,684.4483629077579,645.3371872165626,623.6321222112359,616.6666666666667,3000.0,989.0565408259672,841.231965109588,746.3540635419546,684.4483629077579,645.3371872165626,623.6321222112359,616.6666666666667,3000.0,989.0565408259672,841.231965109588,746.3540635419546,684.4483629077579,645.3371872165626,623.6321222112359,616.6666666666667,3000.0,989.0565408259672,841.231965109588,746.3540635419546,684.4483629077579,645.3371872165626,623.6321222112359,616.6666666666667,3000.0,989.0565408259672,841.231965109588,746.3540635419546,684.4483629077579,645.3371872165626,623.6321222112359,616.6666666666667,3000.0,3000.0,3000.0,3000.0,3000.0,3000.0,3000.0,3000.0,3000.0,3000.0,3000.0,3000.0,3000.0,3000.0,3000.0,3000.0,3000.0,3000.0,3000.0,3000.0,3000.0,3000.0,3000.0,3000.0,3000.0,3000.0,3000.0,3000.0,3000.0,3000.0,3000.0,3000.0,3000.0,3000.0,3000.0,3000.0,3000.0,3000.0,3000.0,3000.0,3000.0,3000.0,3000.0,3000.0,3000.0,3000.0,3000.0,3000.0,3000.0,3000.0,3000.0,3000.0,3000.0,3000.0,3000.0,3000.0,3000.0,3000.0,3000.0,3000.0,3000.0,3000.0,3000.0,3000.0,3000.0,3000.0,3000.0,3000.0,3000.0,3000.0,3000.0,3000.0,3000.0,3000.0,3000.0,3000.0,3000.0,3000.0,3000.0,3000.0,3000.0,3000.0,3000.0,3000.0,3000.0,3000.0,3000.0,3000.0,3000.0,3000.0,3000.0,3000.0,3000.0,3000.0,3000.0,3000.0,3000.0,3000.0,3000.0,3000.0,3000.0,3000.0,3000.0,3000.0,3000.0,3000.0,3000.0,3000.0,3000.0,3000.0,3000.0,3000.0,3000.0,3000.0,3000.0,3000.0,3000.0,3000.0,3000.0,3000.0,3000.0,3000.0,3000.0,3000.0,3000.0,3000.0,3000.0,3000.0,3000.0,3000.0,3000.0,3000.0,3000.0,3000.0,3000.0,3000.0,3000.0,3000.0,3000.0,3000.0,3000.0,3000.0,3000.0,3000.0,3000.0,3000.0,3000.0,3000.0,3000.0,3000.0,3000.0,3000.0,3000.0,3000.0,3000.0,3000.0,3000.0,3000.0,3000.0,3000.0,3000.0,3000.0,3000.0,3000.0,3000.0,3000.0,3000.0,3000.0,3000.0,3000.0,3000.0,3000.0,3000.0,3000.0,3000.0,3000.0,3000.0,3000.0,3000.0,3000.0,3000.0,3000.0,3000.0,3000.0,3000.0,3000.0,3000.0,3000.0,3000.0,3000.0,3000.0,3000.0,3000.0,3000.0,3000.0,3000.0,3000.0,3000.0,3000.0,3000.0,3000.0,3000.0,3000.0,3000.0,3000.0,3000.0,3000.0,3000.0,3000.0,3000.0,3000.0,3000.0,3000.0,3000.0,3000.0,3000.0,3000.0,3000.0,3000.0,3000.0,3000.0,3000.0,3000.0,3000.0,3000.0,3000.0,3000.0,3000.0,3000.0,3000.0,3000.0,3000.0,3000.0,3000.0,3000.0,3000.0,3000.0,3000.0,3000.0,3000.0,3000.0,3000.0,3000.0,3000.0,3000.0,3000.0,3000.0,3000.0,3000.0,3000.0,3000.0,3000.0,3000.0,3000.0,3000.0,3000.0
5600,600.0000000000001,606.7771999893107,627.895641616115,665.9497585048455,726.1823320948748,818.4959660525723,962.3252829658059,3000.0,600.0000000000001,606.7771999893107,627.895641616115,665.9497585048455,726.1823320948748,818.4959660525723,962.3252829658059,3000.0,600.0000000000001,606.7771999893107,627.895641616115,665.9497585048455,726.1823320948748,818.4959660525723,962.3252829658059,3000.0,600.0000000000001,606.7771999893107,627.895641616115,665.9497585048455,726.1823320948748,818.4959660525723,962.3252829658059,3000.0,600.0000000000001,606.7771999893107,627.895641616115,665.9497585048455,726.1823320948748,818.4959660525723,962.3252829658059,3000.0,600.0000000000001,606.7771999893107,627.895641616115,665.9497585048455,726.1823320948748,818.4959660525723,962.3252829658059,3000.0,600.0000000000001,606.7771999893107,627.895641616115,665.9497585048455,726.1823320948748,818.4959660525723,962.3252829658059,3000.0,600.0000000000001,606.7771999893107,627.895641616115,665.9497585048455,726.1823320948748,818.4959660525723,962.3252829658059,3000.0,3000.0,962.3252829658059,818.4959660525723,726.1823320948748,665.9497585048455,627.895641616115,606.7771999893107,600.0000000000001,3000.0,962.3252829658059,818.4959660525723,726.1823320948748,665.9497585048455,627.895641616115,606.7771999893107,600.0000000000001,3000.0,962.3252829658059,818.4959660525723,726.1823320948748,665.9497585048455,627.895641616115,606.7771999893107,600.0000000000001,3000.0,962.3252829658059,818.4959660525723,726.1823320948748,665.9497585048455,627.895641616115,606.7771999893107,600.0000000000001,3000.0,962.3252829658059,818.4959660525723,726.1823320948748,665.9497585048455,627.895641616115,606.7771999893107,600.0000000000001,3000.0,962.3252829658059,818.4959660525723,726.1823320948748,665.9497585048455,627.895641616115,606.7771999893107,600.0000000000001,3000.0,962.3252829658059,818.4959660525723,726.1823320948748,665.9497585048455,627.895641616115,606.7771999893107,600.0000000000001,3000.0,962.3252829658059,818.4959660525723,726.1823320948748,665.9497585048455,627.895641616115,606.7771999893107,600.0000000000001,3000.0,3000.0,3000.0,3000.0,3000.0,3000.0,3000.0,3000.0,3000.0,3000.0,3000.0,3000.0,3000.0,3000.0,3000.0,3000.0,3000.0,3000.0,3000.0,3000.0,3000.0,3000.0,3000.0,3000.0,3000.0,3000.0,3000.0,3000.0,3000.0,3000.0,3000.0,3000.0,3000.0,3000.0,3000.0,3000.0,3000.0,3000.0,3000.0,3000.0,3000.0,3000.0,3000.0,3000.0,3000.0,3000.0,3000.0,3000.0,3000.0,3000.0,3000.0,3000.0,3000.0,3000.0,3000.0,3000.0,3000.0,3000.0,3000.0,3000.0,3000.0,3000.0,3000.0,3000.0,3000.0,3000.0,3000.0,3000.0,3000.0,3000.0,3000.0,3000.0,3000.0,3000.0,3000.0,3000.0,3000.0,3000.0,3000.0,3000.0,3000.0,3000.0,3000.0,3000.0,3000.0,3000.0,3000.0,3000.0,3000.0,3000.0,3000.0,3000.0,3000.0,3000.0,3000.0,3000.0,3000.0,3000.0,3000.0,3000.0,3000.0,3000.0,3000.0,3000.0,3000.0,3000.0,3000.0,3000.0,3000.0,3000.0,3000.0,3000.0,3000.0,3000.0,3000.0,3000.0,3000.0,3000.0,3000.0,3000.0,3000.0,3000.0,3000.0,3000.0,3000.0,3000.0,3000.0,3000.0,3000.0,3000.0,3000.0,3000.0,3000.0,3000.0,3000.0,3000.0,3000.0,3000.0,3000.0,3000.0,3000.0,3000.0,3000.0,3000.0,3000.0,3000.0,3000.0,3000.0,3000.0,3000.0,3000.0,3000.0,3000.0,3000.0,3000.0,3000.0,3000.0,3000.0,3000.0,3000.0,3000.0,3000.0,3000.0,3000.0,3000.0,3000.0,3000.0,3000.0,3000.0,3000.0,3000.0,3000.0,3000.0,3000.0,3000.0,3000.0,3000.0,3000.0,3000.0,3000.0,3000.0,3000.0,3000.0,3000.0,3000.0,3000.0,3000.0,3000.0,3000.0,3000.0,3000.0,3000.0,3000.0,3000.0,3000.0,3000.0,3000.0,3000.0,3000.0,3000.0,3000.0,3000.0,3000.0,3000.0,3000.0,3000.0,3000.0,3000.0,3000.0,3000.0,3000.0,3000.0,3000.0,3000.0,3000.0,3000.0,3000.0,3000.0,3000.0,3000.0,3000.0,3000.0,3000.0,3000.0,3000.0,3000.0,3000.0,3000.0,3000.0,3000.0,3000.0,3000.0,3000.0,3000.0,3000.0,3000.0,3000.0,3000.0,3000.0,3000.0,3000.0,3000.0,3000.0,3000.0,3000.0,3000.0,3000.0,3000.0,3000.0,3000.0,3000.0,3000.0,3000.0,3000.0,3000.0,3000.0
5667,583.3333333333333,589.9222777673851,610.4540960156671,647.451154101933,706.0106006477947,795.7599669955562,935.5940251056444,3000.0,583.3333333333333,589.9222777673851,610.4540960156671,647.451154101933,706.0106006477947,795.7599669955562,935.5940251056444,3000.0,583.3333333333333,589.9222777673851,610.4540960156671,647.451154101933,706.0106006477947,795.7599669955562,935.5940251056444,3000.0,583.3333333333333,589.9222777673851,610.4540960156671,647.451154101933,706.0106006477947,795.7599669955562,935.5940251056444,3000.0,583.3333333333333,589.9222777673851,610.4540960156671,647.451154101933,706.0106006477947,795.7599669955562,935.5940251056444,3000.0,583.3333333333333,589.9222777673851,610.4540960156671,647.451154101933,706.0106006477947,795.7599669955562,935.5940251056444,3000.0,583.3333333333333,589.9222777673851,610.4540960156671,647.451154101933,706.0106006477947,795.7599669955562,935.5940251056444,3000.0,583.3333333333333,589.9222777673851,610.4540960156671,647.451154101933,706.0106006477947,795.7599669955562,935.5940251056444,3000.0,3000.0,935.5940251056444,795.7599669955562,706.0106006477947,647.451154101933,610.4540960156671,589.9222777673851,583.3333333333333,3000.0,935.5940251056444,795.7599669955562,706.0106006477947,647.451154101933,610.4540960156671,589.9222777673851,583.3333333333333,3000.0,935.5940251056444,795.7599669955562,706.0106006477947,647.451154101933,610.4540960156671,589.9222777673851,583.3333333333333,3000.0,935.5940251056444,795.7599669955562,706.0106006477947,647.451154101933,610.4540960156671,589.9222777673851,583.3333333333333,3000.0,935.5940251056444,795.7599669955562,706.0106006477947,647.451154101933,610.4540960156671,589.9222777673851,583.3333333333333,3000.0,935.5940251056444,795.7599669955562,706.0106006477947,647.451154101933,610.4540960156671,589.9222777673851,583.3333333333333,3000.0,935.5940251056444,795.7599669955562,706.0106006477947,647.451154101933,610.4540960156671,589.9222777673851,583.3333333333333,3000.0,935.5940251056444,795.7599669955562,706.0106006477947,647.451154101933,610.4540960156671,589.9222777673851,583.3333333333333,3000.0,3000.0,3000.0,3000.0,3000.0,3000.0,3000.0,3000.0,3000.0,3000.0,3000.0,3000.0,3000.0,3000.0,3000.0,3000.0,3000.0,3000.0,3000.0,3000.0,3000.0,3000.0,3000.0,3000.0,3000.0,3000.0,3000.0,3000.0,3000.0,3000.0,3000.0,3000.0,3000.0,3000.0,3000.0,3000.0,3000.0,3000.0,3000.0,3000.0,3000.0,3000.0,3000.0,3000.0,3000.0,3000.0,3000.0,3000.0,3000.0,3000.0,3000.0,3000.0,3000.0,3000.0,3000.0,3000.0,3000.0,3000.0,3000.0,3000.0,3000.0,3000.0,3000.0,3000.0,3000.0,3000.0,3000.0,3000.0,3000.0,3000.0,3000.0,3000.0,3000.0,3000.0,3000.0,3000.0,3000.0,3000.0,3000.0,3000.0,3000.0,3000.0,3000.0,3000.0,3000.0,3000.0,3000.0,3000.0,3000.0,3000.0,3000.0,3000.0,3000.0,3000.0,3000.0,3000.0,3000.0,3000.0,3000.0,3000.0,3000.0,3000.0,3000.0,3000.0,3000.0,3000.0,3000.0,3000.0,3000.0,3000.0,3000.0,3000.0,3000.0,3000.0,3000.0,3000.0,3000.0,3000.0,3000.0,3000.0,3000.0,3000.0,3000.0,3000.0,3000.0,3000.0,3000.0,3000.0,3000.0,3000.0,3000.0,3000.0,3000.0,3000.0,3000.0,3000.0,3000.0,3000.0,3000.0,3000.0,3000.0,3000.0,3000.0,3000.0,3000.0,3000.0,3000.0,3000.0,3000.0,3000.0,3000.0,3000.0,3000.0,3000.0,3000.0,3000.0,3000.0,3000.0,3000.0,3000.0,3000.0,3000.0,3000.0,3000.0,3000.0,3000.0,3000.0,3000.0,3000.0,3000.0,3000.0,3000.0,3000.0,3000.0,3000.0,3000.0,3000.0,3000.0,3000.0,3000.0,3000.0,3000.0,3000.0,3000.0,3000.0,3000.0,3000.0,3000.0,3000.0,3000.0,3000.0,3000.0,3000.0,3000.0,3000.0,3000.0,3000.0,3000.0,3000.0,3000.0,3000.0,3000.0,3000.0,3000.0,3000.0,3000.0,3000.0,3000.0,3000.0,3000.0,3000.0,3000.0,3000.0,3000.0,3000.0,3000.0,3000.0,3000.0,3000.0,3000.0,3000.0,3000.0,3000.0,3000.0,3000.0,3000.0,3000.0,3000.0,3000.0,3000.0,3000.0,3000.0,3000.0,3000.0,3000.0,3000.0,3000.0,3000.0,3000.0,3000.0,3000.0,3000.0,3000.0,3000.0,3000.0,3000.0,3000.0,3000.0,3000.0,3000.0,3000.0,3000.0,3000.0,3000.0,3000.0,3000.0
5733,566.6666666666666,573.0673555454599,593.0125504152196,628.9525496990207,685.8388692007151,773.0239679385403,908.8627672454833,3000.0,566.6666666666666,573.0673555454599,593.0125504152196,628.9525496990207,685.8388692007151,773.0239679385403,908.8627672454833,3000.0,566.6666666666666,573.0673555454599,593.0125504152196,628.9525496990207,685.8388692007151,773.0239679385403,908.8627672454833,3000.0,566.6666666666666,573.0673555454599,593.0125504152196,628.9525496990207,685.8388692007151,773.0239679385403,908.8627672454833,3000.0,566.6666666666666,573.0673555454599,593.0125504152196,628.9525496990207,685.8388692007151,773.0239679385403,908.8627672454833,3000.0,566.6666666666666,573.0673555454599,593.0125504152196,628.9525496990207,685.8388692007151,773.0239679385403,908.8627672454833,3000.0,566.6666666666666,573.0673555454599,593.0125504152196,628.9525496990207,685.8388692007151,773.0239679385403,908.8627672454833,3000.0,566.6666666666666,573.0673555454599,593.0125504152196,628.9525496990207,685.8388692007151,773.0239679385403,908.8627672454833,3000.0,3000.0,908.8627672454833,773.0239679385403,685.8388692007151,628.9525496990207,593.0125504152196,573.0673555454599,566.6666666666666,3000.0,908.8627672454833,773.0239679385403,685.8388692007151,628.9525496990207,593.0125504152196,573.0673555454599,566.6666666666666,3000.0,908.8627672454833,773.0239679385403,685.8388692007151,628.9525496990207,593.0125504152196,573.0673555454599,566.6666666666666,3000.0,908.8627672454833,773.0239679385403,685.8388692007151,628.9525496990207,593.0125504152196,573.0673555454599,566.6666666666666,3000.0,908.8627672454833,773.0239679385403,685.8388692007151,628.9525496990207,593.0125504152196,573.0673555454599,566.6666666666666,3000.0,908.8627672454833,773.0239679385403,685.8388692007151,628.9525496990207,593.0125504152196,573.0673555454599,566.6666666666666,3000.0,908.8627672454833,773.0239679385403,685.8388692007151,628.9525496990207,593.0125504152196,573.0673555454599,566.6666666666666,3000.0,908.8627672454833,773.0239679385403,685.8388692007151,628.9525496990207,593.0125504152196,573.0673555454599,566.6666666666666,3000.0,3000.0,3000.0,3000.0,3000.0,3000.0,3000.0,3000.0,3000.0,3000.0,3000.0,3000.0,3000.0,3000.0,3000.0,3000.0,3000.0,3000.0,3000.0,3000.0,3000.0,3000.0,3000.0,3000.0,3000.0,3000.0,3000.0,3000.0,3000.0,3000.0,3000.0,3000.0,3000.0,3000.0,3000.0,3000.0,3000.0,3000.0,3000.0,3000.0,3000.0,3000.0,3000.0,3000.0,3000.0,3000.0,3000.0,3000.0,3000.0,3000.0,3000.0,3000.0,3000.0,3000.0,3000.0,3000.0,3000.0,3000.0,3000.0,3000.0,3000.0,3000.0,3000.0,3000.0,3000.0,3000.0,3000.0,3000.0,3000.0,3000.0,3000.0,3000.0,3000.0,3000.0,3000.0,3000.0,3000.0,3000.0,3000.0,3000.0,3000.0,3000.0,3000.0,3000.0,3000.0,3000.0,3000.0,3000.0,3000.0,3000.0,3000.0,3000.0,3000.0,3000.0,3000.0,3000.0,3000.0,3000.0,3000.0,3000.0,3000.0,3000.0,3000.0,3000.0,3000.0,3000.0,3000.0,3000.0,3000.0,3000.0,3000.0,3000.0,3000.0,3000.0,3000.0,3000.0,3000.0,3000.0,3000.0,3000.0,3000.0,3000.0,3000.0,3000.0,3000.0,3000.0,3000.0,3000.0,3000.0,3000.0,3000.0,3000.0,3000.0,3000.0,3000.0,3000.0,3000.0,3000.0,3000.0,3000.0,3000.0,3000.0,3000.0,3000.0,3000.0,3000.0,3000.0,3000.0,3000.0,3000.0,3000.0,3000.0,3000.0,3000.0,3000.0,3000.0,3000.0,3000.0,3000.0,3000.0,3000.0,3000.0,3000.0,3000.0,3000.0,3000.0,3000.0,3000.0,3000.0,3000.0,3000.0,3000.0,3000.0,3000.0,3000.0,3000.0,3000.0,3000.0,3000.0,3000.0,3000.0,3000.0,3000.0,3000.0,3000.0,3000.0,3000.0,3000.0,3000.0,3000.0,3000.0,3000.0,3000.0,3000.0,3000.0,3000.0,3000.0,3000.0,3000.0,3000.0,3000.0,3000.0,3000.0,3000.0,3000.0,3000.0,3000.0,3000.0,3000.0,3000.0,3000.0,3000.0,3000.0,3000.0,3000.0,3000.0,3000.0,3000.0,3000.0,3000.0,3000.0,3000.0,3000.0,3000.0,3000.0,3000.0,3000.0,3000.0,3000.0,3000.0,3000.0,3000.0,3000.0,3000.0,3000.0,3000.0,3000.0,3000.0,3000.0,3000.0,3000.0,3000.0,3000.0,3000.0,3000.0,3000.0,3000.0,3000.0,3000.0,3000.0,3000.0,3000.0,3000.0,3000.0,3000.0,3000.0
5800,550.0,556.2124333235348,575.5710048147721,610.4539452961084,665.6671377536352,750.2879688815245,882.131509385322,3000.0,550.0,556.2124333235348,575.5710048147721,610.4539452961084,665.6671377536352,750.2879688815245,882.131509385322,3000.0,550.0,556.2124333235348,575.5710048147721,610.4539452961084,665.6671377536352,750.2879688815245,882.131509385322,3000.0,550.0,556.2124333235348,575.5710048147721,610.4539452961084,665.6671377536352,750.2879688815245,882.131509385322,3000.0,550.0,556.2124333235348,575.5710048147721,610.4539452961084,665.6671377536352,750.2879688815245,882.131509385322,3000.0,550.0,556.2124333235348,575.5710048147721,610.4539452961084,665.6671377536352,750.2879688815245,882.131509385322,3000.0,550.0,556.2124333235348,575.5710048147721,610.4539452961084,665.6671377536352,750.2879688815245,882.131509385322,3000.0,550.0,556.2124333235348,575.5710048147721,610.4539452961084,665.6671377536352,750.2879688815245,882.131509385322,3000.0,3000.0,882.131509385322,750.2879688815245,665.6671377536352,610.4539452961084,575.5710048147721,556.2124333235348,550.0,3000.0,882.131509385322,750.2879688815245,665.6671377536352,610.4539452961084,575.5710048147721,556.2124333235348,550.0,3000.0,882.131509385322,750.2879688815245,665.6671377536352,610.4539452961084,575.5710048147721,556.2124333235348,550.0,3000.0,882.131509385322,750.2879688815245,665.6671377536352,610.4539452961084,575.5710048147721,556.2124333235348,550.0,3000.0,882.131509385322,750.2879688815245,665.6671377536352,610.4539452961084,575.5710048147721,556.2124333235348,550.0,3000.0,882.131509385322,750.2879688815245,665.6671377536352,610.4539452961084,575.5710048147721,556.2124333235348,550.0,3000.0,882.131509385322,750.2879688815245,665.6671377536352,610.4539452961084,575.5710048147721,556.2124333235348,550.0,3000.0,882.131509385322,750.2879688815245,665.6671377536352,610.4539452961084,575.5710048147721,556.2124333235348,550.0,3000.0,3000.0,3000.0,3000.0,3000.0,3000.0,3000.0,3000.0,3000.0,3000.0,3000.0,3000.0,3000.0,3000.0,3000.0,3000.0,3000.0,3000.0,3000.0,3000.0,3000.0,3000.0,3000.0,3000.0,3000.0,3000.0,3000.0,3000.0,3000.0,3000.0,3000.0,3000.0,3000.0,3000.0,3000.0,3000.0,3000.0,3000.0,3000.0,3000.0,3000.0,3000.0,3000.0,3000.0,3000.0,3000.0,3000.0,3000.0,3000.0,3000.0,3000.0,3000.0,3000.0,3000.0,3000.0,3000.0,3000.0,3000.0,3000.0,3000.0,3000.0,3000.0,3000.0,3000.0,3000.0,3000.0,3000.0,3000.0,3000.0,3000.0,3000.0,3000.0,3000.0,3000.0,3000.0,3000.0,3000.0,3000.0,3000.0,3000.0,3000.0,3000.0,3000.0,3000.0,3000.0,3000.0,3000.0,3000.0,3000.0,3000.0,3000.0,3000.0,3000.0,3000.0,3000.0,3000.0,3000.0,3000.0,3000.0,3000.0,3000.0,3000.0,3000.0,3000.0,3000.0,3000.0,3000.0,3000.0,3000.0,3000.0,3000.0,3000.0,3000.0,3000.0,3000.0,3000.0,3000.0,3000.0,3000.0,3000.0,3000.0,3000.0,3000.0,3000.0,3000.0,3000.0,3000.0,3000.0,3000.0,3000.0,3000.0,3000.0,3000.0,3000.0,3000.0,3000.0,3000.0,3000.0,3000.0,3000.0,3000.0,3000.0,3000.0,3000.0,3000.0,3000.0,3000.0,3000.0,3000.0,3000.0,3000.0,3000.0,3000.0,3000.0,3000.0,3000.0,3000.0,3000.0,3000.0,3000.0,3000.0,3000.0,3000.0,3000.0,3000.0,3000.0,3000.0,3000.0,3000.0,3000.0,3000.0,3000.0,3000.0,3000.0,3000.0,3000.0,3000.0,3000.0,3000.0,3000.0,3000.0,3000.0,3000.0,3000.0,3000.0,3000.0,3000.0,3000.0,3000.0,3000.0,3000.0,3000.0,3000.0,3000.0,3000.0,3000.0,3000.0,3000.0,3000.0,3000.0,3000.0,3000.0,3000.0,3000.0,3000.0,3000.0,3000.0,3000.0,3000.0,3000.0,3000.0,3000.0,3000.0,3000.0,3000.0,3000.0,3000.0,3000.0,3000.0,3000.0,3000.0,3000.0,3000.0,3000.0,3000.0,3000.0,3000.0,3000.0,3000.0,3000.0,3000.0,3000.0,3000.0,3000.0,3000.0,3000.0,3000.0,3000.0,3000.0,3000.0,3000.0,3000.0,3000.0,3000.0,3000.0,3000.0,3000.0,3000.0,3000.0,3000.0,3000.0,3000.0,3000.0,3000.0,3000.0,3000.0
5867,533.3333333333335,539.3575111016095,558.1294592143245,591.955340893196,645.4954063065553,727.5519698245087,855.4002515251609,3000.0,533.3333333333335,539.3575111016095,558.1294592143245,591.955340893196,645.4954063065553,727.5519698245087,855.4002515251609,3000.0,533.3333333333335,539.3575111016095,558.1294592143245,591.955340893196,645.4954063065553,727.5519698245087,855.4002515251609,3000.0,533.3333333333335,539.3575111016095,558.1294592143245,591.955340893196,645.4954063065553,727.5519698245087,855.4002515251609,3000.0,533.3333333333335,539.3575111016095,558.1294592143245,591.955340893196,645.4954063065553,727.5519698245087,855.4002515251609,3000.0,533.3333333333335,539.3575111016095,558.1294592143245,591.955340893196,645.4954063065553,727.5519698245087,855.4002515251609,3000.0,533.3333333333335,539.3575111016095,558.1294592143245,591.955340893196,645.4954063065553,727.5519698245087,855.4002515251609,3000.0,533.3333333333335,539.3575111016095,558.1294592143245,591.955340893196,645.4954063065553,727.5519698245087,855.4002515251609,3000.0,3000.0,855.4002515251609,727.5519698245087,645.4954063065553,591.955340893196,558.1294592143245,539.3575111016095,533.3333333333335,3000.0,855.4002515251609,727.5519698245087,645.4954063065553,591.955340893196,558.1294592143245,539.3575111016095,533.3333333333335,3000.0,855.4002515251609,727.5519698245087,645.4954063065553,591.955340893196,558.1294592143245,539.3575111016095,533.3333333333335,3000.0,855.4002515251609,727.5519698245087,645.4954063065553,591.955340893196,558.1294592143245,539.3575111016095,533.3333333333335,3000.0,855.4002515251609,727.5519698245087,645.4954063065553,591.955340893196,558.1294592143245,539.3575111016095,533.3333333333335,3000.0,855.4002515251609,727.5519698245087,645.4954063065553,591.955340893196,558.1294592143245,539.3575111016095,533.3333333333335,3000.0,855.4002515251609,727.5519698245087,645.4954063065553,591.955340893196,558.1294592143245,539.3575111016095,533.3333333333335,3000.0,855.4002515251609,727.5519698245087,645.4954063065553,591.955340893196,558.1294592143245,539.3575111016095,533.3333333333335,3000.0,3000.0,3000.0,3000.0,3000.0,3000.0,3000.0,3000.0,3000.0,3000.0,3000.0,3000.0,3000.0,3000.0,3000.0,3000.0,3000.0,3000.0,3000.0,3000.0,3000.0,3000.0,3000.0,3000.0,3000.0,3000.0,3000.0,3000.0,3000.0,3000.0,3000.0,3000.0,3000.0,3000.0,3000.0,3000.0,3000.0,3000.0,3000.0,3000.0,3000.0,3000.0,3000.0,3000.0,3000.0,3000.0,3000.0,3000.0,3000.0,3000.0,3000.0,3000.0,3000.0,3000.0,3000.0,3000.0,3000.0,3000.0,3000.0,3000.0,3000.0,3000.0,3000.0,3000.0,3000.0,3000.0,3000.0,3000.0,3000.0,3000.0,3000.0,3000.0,3000.0,3000.0,3000.0,3000.0,3000.0,3000.0,3000.0,3000.0,3000.0,3000.0,3000.0,3000.0,3000.0,3000.0,3000.0,3000.0,3000.0,3000.0,3000.0,3000.0,3000.0,3000.0,3000.0,3000.0,3000.0,3000.0,3000.0,3000.0,3000.0,3000.0,3000.0,3000.0,3000.0,3000.0,3000.0,3000.0,3000.0,3000.0,3000.0,3000.0,3000.0,3000.0,3000.0,3000.0,3000.0,3000.0,3000.0,3000.0,3000.0,3000.0,3000.0,3000.0,3000.0,3000.0,3000.0,3000.0,3000.0,3000.0,3000.0,3000.0,3000.0,3000.0,3000.0,3000.0,3000.0,3000.0,3000.0,3000.0,3000.0,3000.0,3000.0,3000.0,3000.0,3000.0,3000.0,3000.0,3000.0,3000.0,3000.0,3000.0,3000.0,3000.0,3000.0,3000.0,3000.0,3000.0,3000.0,3000.0,3000.0,3000.0,3000.0,3000.0,3000.0,3000.0,3000.0,3000.0,3000.0,3000.0,3000.0,3000.0,3000.0,3000.0,3000.0,3000.0,3000.0,3000.0,3000.0,3000.0,3000.0,3000.0,3000.0,3000.0,3000.0,3000.0,3000.0,3000.0,3000.0,3000.0,3000.0,3000.0,3000.0,3000.0,3000.0,3000.0,3000.0,3000.0,3000.0,3000.0,3000.0,3000.0,3000.0,3000.0,3000.0,3000.0,3000.0,3000.0,3000.0,3000.0,3000.0,3000.0,3000.0,3000.0,3000.0,3000.0,3000.0,3000.0,3000.0,3000.0,3000.0,3000.0,3000.0,3000.0,3000.0,3000.0,3000.0,3000.0,3000.0,3000.0,3000.0,3000.0,3000.0,3000.0,3000.0,3000.0,3000.0,3000.0,3000.0,3000.0,3000.0,3000.0,3000.0,3000.0,3000.0,3000.0,3000.0,3000.0,3000.0,3000.0,3000.0,3000.0,3000.0,3000.0,3000.0,3000.0
5933,516.6666666666666,522.502588879684,540.6879136138767,573.4567364902834,625.3236748594754,704.8159707674927,828.6689936649993,3000.0,516.6666666666666,522.502588879684,540.6879136138767,573.4567364902834,625.3236748594754,704.8159707674927,828.6689936649993,3000.0,516.6666666666666,522.502588879684,540.6879136138767,573.4567364902834,625.3236748594754,704.8159707674927,828.6689936649993,3000.0,516.6666666666666,522.502588879684,540.6879136138767,573.4567364902834,625.3236748594754,704.8159707674927,828.6689936649993,3000.0,516.6666666666666,522.502588879684,540.6879136138767,573.4567364902834,625.3236748594754,704.8159707674927,828.6689936649993,3000.0,516.6666666666666,522.502588879684,540.6879136138767,573.4567364902834,625.3236748594754,704.8159707674927,828.6689936649993,3000.0,516.6666666666666,522.502588879684,540.6879136138767,573.4567364902834,625.3236748594754,704.8159707674927,828.6689936649993,3000.0,516.6666666666666,522.502588879684,540.6879136138767,573.4567364902834,625.3236748594754,704.8159707674927,828.6689936649993,3000.0,3000.0,828.6689936649993,704.8159707674927,625.3236748594754,573.4567364902834,540.6879136138767,522.502588879684,516.6666666666666,3000.0,828.6689936649993,704.8159707674927,625.3236748594754,573.4567364902834,540.6879136138767,522.502588879684,516.6666666666666,3000.0,828.6689936649993,704.8159707674927,625.3236748594754,573.4567364902834,540.6879136138767,522.502588879684,516.6666666666666,3000.0,828.6689936649993,704.8159707674927,625.3236748594754,573.4567364902834,540.6879136138767,522.502588879684,516.6666666666666,3000.0,828.6689936649993,704.8159707674927,625.3236748594754,573.4567364902834,540.6879136138767,522.502588879684,516.6666666666666,3000.0,828.6689936649993,704.8159707674927,625.3236748594754,573.4567364902834,540.6879136138767,522.502588879684,516.6666666666666,3000.0,828.6689936649993,704.8159707674927,625.3236748594754,573.4567364902834,540.6879136138767,522.502588879684,516.6666666666666,3000.0,828.6689936649993,704.8159707674927,625.3236748594754,573.4567364902834,540.6879136138767,522.502588879684,516.6666666666666,3000.0,3000.0,3000.0,3000.0,3000.0,3000.0,3000.0,3000.0,3000.0,3000.0,3000.0,3000.0,3000.0,3000.0,3000.0,3000.0,3000.0,3000.0,3000.0,3000.0,3000.0,3000.0,3000.0,3000.0,3000.0,3000.0,3000.0,3000.0,3000.0,3000.0,3000.0,3000.0,3000.0,3000.0,3000.0,3000.0,3000.0,3000.0,3000.0,3000.0,3000.0,3000.0,3000.0,3000.0,3000.0,3000.0,3000.0,3000.0,3000.0,3000.0,3000.0,3000.0,3000.0,3000.0,3000.0,3000.0,3000.0,3000.0,3000.0,3000.0,3000.0,3000.0,3000.0,3000.0,3000.0,3000.0,3000.0,3000.0,3000.0,3000.0,3000.0,3000.0,3000.0,3000.0,3000.0,3000.0,3000.0,3000.0,3000.0,3000.0,3000.0,3000.0,3000.0,3000.0,3000.0,3000.0,3000.0,3000.0,3000.0,3000.0,3000.0,3000.0,3000.0,3000.0,3000.0,3000.0,3000.0,3000.0,3000.0,3000.0,3000.0,3000.0,3000.0,3000.0,3000.0,3000.0,3000.0,3000.0,3000.0,3000.0,3000.0,3000.0,3000.0,3000.0,3000.0,3000.0,3000.0,3000.0,3000.0,3000.0,3000.0,3000.0,3000.0,3000.0,3000.0,3000.0,3000.0,3000.0,3000.0,3000.0,3000.0,3000.0,3000.0,3000.0,3000.0,3000.0,3000.0,3000.0,3000.0,3000.0,3000.0,3000.0,3000.0,3000.0,3000.0,3000.0,3000.0,3000.0,3000.0,3000.0,3000.0,3000.0,3000.0,3000.0,3000.0,3000.0,3000.0,3000.0,3000.0,3000.0,3000.0,3000.0,3000.0,3000.0,3000.0,3000.0,3000.0,3000.0,3000.0,3000.0,3000.0,3000.0,3000.0,3000.0,3000.0,3000.0,3000.0,3000.0,3000.0,3000.0,3000.0,3000.0,3000.0,3000.0,3000.0,3000.0,3000.0,3000.0,3000.0,3000.0,3000.0,3000.0,3000.0,3000.0,3000.0,3000.0,3000.0,3000.0,3000.0,3000.0,3000.0,3000.0,3000.0,3000.0,3000.0,3000.0,3000.0,3000.0,3000.0,3000.0,3000.0,3000.0,3000.0,3000.0,3000.0,3000.0,3000.0,3000.0,3000.0,3000.0,3000.0,3000.0,3000.0,3000.0,3000.0,3000.0,3000.0,3000.0,3000.0,3000.0,3000.0,3000.0,3000.0,3000.0,3000.0,3000.0,3000.0,3000.0,3000.0,3000.0,3000.0,3000.0,3000.0,3000.0,3000.0,3000.0,3000.0,3000.0,3000.0,3000.0,3000.0,3000.0,3000.0,3000.0,3000.0,3000.0
6000,500.0,505.64766665775886,523.2463680134291,554.9581320873713,605.1519434123956,682.0799717104767,801.9377358048382,3000.0,500.0,505.64766665775886,523.2463680134291,554.9581320873713,605.1519434123956,682.0799717104767,801.9377358048382,3000.0,500.0,505.64766665775886,523.2463680134291,554.9581320873713,605.1519434123956,682.0799717104767,801.9377358048382,3000.0,500.0,505.64766665775886,523.2463680134291,554.9581320873713,605.1519434123956,682.0799717104767,801.9377358048382,3000.0,500.0,505.64766665775886,523.2463680134291,554.9581320873713,605.1519434123956,682.0799717104767,801.9377358048382,3000.0,500.0,505.64766665775886,523.2463680134291,554.9581320873713,605.1519434123956,682.0799717104767,801.9377358048382,3000.0,500.0,505.64766665775886,523.2463680134291,554.9581320873713,605.1519434123956,682.0799717104767,801.9377358048382,3000.0,500.0,505.64766665775886,523.2463680134291,554.9581320873713,605.1519434123956,682.0799717104767,801.9377358048382,3000.0,3000.0,801.9377358048382,682.0799717104767,605.1519434123956,554.9581320873713,523.2463680134291,505.64766665775886,500.0,3000.0,801.9377358048382,682.0799717104767,605.1519434123956,554.9581320873713,523.2463680134291,505.64766665775886,500.0,3000.0,801.9377358048382,682.0799717104767,605.1519434123956,554.9581320873713,523.2463680134291,505.64766665775886,500.0,3000.0,801.9377358048382,682.0799717104767,605.1519434123956,554.9581320873713,523.2463680134291,505.64766665775886,500.0,3000.0,801.9377358048382,682.0799717104767,605.1519434123956,554.9581320873713,523.2463680134291,505.64766665775886,500.0,3000.0,801.9377358048382,682.0799717104767,605.1519434123956,554.9581320873713,523.2463680134291,505.64766665775886,500.0,3000.0,801.9377358048382,682.0799717104767,605.1519434123956,554.9581320873713,523.2463680134291,505.64766665775886,500.0,3000.0,801.9377358048382,682.0799717104767,605.1519434123956,554.9581320873713,523.2463680134291,505.64766665775886,500.0,3000.0,3000.0,3000.0,3000.0,3000.0,3000.0,3000.0,3000.0,3000.0,3000.0,3000.0,3000.0,3000.0,3000.0,3000.0,3000.0,3000.0,3000.0,3000.0,3000.0,3000.0,3000.0,3000.0,3000.0,3000.0,3000.0,3000.0,3000.0,3000.0,3000.0,3000.0,3000.0,3000.0,3000.0,3000.0,3000.0,3000.0,3000.0,3000.0,3000.0,3000.0,3000.0,3000.0,3000.0,3000.0,3000.0,3000.0,3000.0,3000.0,3000.0,3000.0,3000.0,3000.0,3000.0,3000.0,3000.0,3000.0,3000.0,3000.0,3000.0,3000.0,3000.0,3000.0,3000.0,3000.0,3000.0,3000.0,3000.0,3000.0,3000.0,3000.0,3000.0,3000.0,3000.0,3000.0,3000.0,3000.0,3000.0,3000.0,3000.0,3000.0,3000.0,3000.0,3000.0,3000.0,3000.0,3000.0,3000.0,3000.0,3000.0,3000.0,3000.0,3000.0,3000.0,3000.0,3000.0,3000.0,3000.0,3000.0,3000.0,3000.0,3000.0,3000.0,3000.0,3000.0,3000.0,3000.0,3000.0,3000.0,3000.0,3000.0,3000.0,3000.0,3000.0,3000.0,3000.0,3000.0,3000.0,3000.0,3000.0,3000.0,3000.0,3000.0,3000.0,3000.0,3000.0,3000.0,3000.0,3000.0,3000.0,3000.0,3000.0,3000.0,3000.0,3000.0,3000.0,3000.0,3000.0,3000.0,3000.0,3000.0,3000.0,3000.0,3000.0,3000.0,3000.0,3000.0,3000.0,3000.0,3000.0,3000.0,3000.0,3000.0,3000.0,3000.0,3000.0,3000.0,3000.0,3000.0,3000.0,3000.0,3000.0,3000.0,3000.0,3000.0,3000.0,3000.0,3000.0,3000.0,3000.0,3000.0,3000.0,3000.0,3000.0,3000.0,3000.0,3000.0,3000.0,3000.0,3000.0,3000.0,3000.0,3000.0,3000.0,3000.0,3000.0,3000.0,3000.0,3000.0,3000.0,3000.0,3000.0,3000.0,3000.0,3000.0,3000.0,3000.0,3000.0,3000.0,3000.0,3000.0,3000.0,3000.0,3000.0,3000.0,3000.0,3000.0,3000.0,3000.0,3000.0,3000.0,3000.0,3000.0,3000.0,3000.0,3000.0,3000.0,3000.0,3000.0,3000.0,3000.0,3000.0,3000.0,3000.0,3000.0,3000.0,3000.0,3000.0,3000.0,3000.0,3000.0,3000.0,3000.0,3000.0,3000.0,3000.0,3000.0,3000.0,3000.0,3000.0,3000.0,3000.0,3000.0,3000.0,3000.0,3000.0,3000.0,3000.0,3000.0,3000.0,3000.0,3000.0,3000.0,3000.0,3000.0,3000.0
6067,483.33333333333337,488.7927444358335,505.80482241298154,536.459527684459,584.9802119653158,659.3439726534609,775.2064779446769,3000.0,483.33333333333337,488.7927444358335,505.80482241298154,536.459527684459,584.9802119653158,659.3439726534609,775.2064779446769,3000.0,483.33333333333337,488.7927444358335,505.80482241298154,536.459527684459,584.9802119653158,659.3439726534609,775.2064779446769,3000.0,483.33333333333337,488.7927444358335,505.80482241298154,536.459527684459,584.9802119653158,659.3439726534609,775.2064779446769,3000.0,483.33333333333337,488.7927444358335,505.80482241298154,536.459527684459,584.9802119653158,659.3439726534609,775.2064779446769,3000.0,483.33333333333337,488.7927444358335,505.80482241298154,536.459527684459,584.9802119653158,659.3439726534609,775.2064779446769,3000.0,483.33333333333337,488.7927444358335,505.80482241298154,536.459527684459,584.9802119653158,659.3439726534609,775.2064779446769,3000.0,483.33333333333337,488.7927444358335,505.80482241298154,536.459527684459,584.9802119653158,659.3439726534609,775.2064779446769,3000.0,3000.0,775.2064779446769,659.3439726534609,584.9802119653158,536.459527684459,505.80482241298154,488.7927444358335,483.33333333333337,3000.0,775.2064779446769,659.3439726534609,584.9802119653158,536.459527684459,505.80482241298154,488.7927444358335,483.33333333333337,3000.0,775.2064779446769,659.3439726534609,584.9802119653158,536.459527684459,505.80482241298154,488.7927444358335,483.33333333333337,3000.0,775.2064779446769,659.3439726534609,584.9802119653158,536.459527684459,505.80482241298154,488.7927444358335,483.33333333333337,3000.0,775.2064779446769,659.3439726534609,584.9802119653158,536.459527684459,505.80482241298154,488.7927444358335,483.33333333333337,3000.0,775.2064779446769,659.3439726534609,584.9802119653158,536.459527684459,505.80482241298154,488.7927444358335,483.33333333333337,3000.0,775.2064779446769,659.3439726534609,584.9802119653158,536.459527684459,505.80482241298154,488.7927444358335,483.33333333333337,3000.0,775.2064779446769,659.3439726534609,584.9802119653158,536.459527684459,505.80482241298154,488.7927444358335,483.33333333333337,3000.0,3000.0,3000.0,3000.0,3000.0,3000.0,3000.0,3000.0,3000.0,3000.0,3000.0,3000.0,3000.0,3000.0,3000.0,3000.0,3000.0,3000.0,3000.0,3000.0,3000.0,3000.0,3000.0,3000.0,3000.0,3000.0,3000.0,3000.0,3000.0,3000.0,3000.0,3000.0,3000.0,3000.0,3000.0,3000.0,3000.0,3000.0,3000.0,3000.0,3000.0,3000.0,3000.0,3000.0,3000.0,3000.0,3000.0,3000.0,3000.0,3000.0,3000.0,3000.0,3000.0,3000.0,3000.0,3000.0,3000.0,3000.0,3000.0,3000.0,3000.0,3000.0,3000.0,3000.0,3000.0,3000.0,3000.0,3000.0,3000.0,3000.0,3000.0,3000.0,3000.0,3000.0,3000.0,3000.0,3000.0,3000.0,3000.0,3000.0,3000.0,3000.0,3000.0,3000.0,3000.0,3000.0,3000.0,3000.0,3000.0,3000.0,3000.0,3000.0,3000.0,3000.0,3000.0,3000.0,3000.0,3000.0,3000.0,3000.0,3000.0,3000.0,3000.0,3000.0,3000.0,3000.0,3000.0,3000.0,3000.0,3000.0,3000.0,3000.0,3000.0,3000.0,3000.0,3000.0,3000.0,3000.0,3000.0,3000.0,3000.0,3000.0,3000.0,3000.0,3000.0,3000.0,3000.0,3000.0,3000.0,3000.0,3000.0,3000.0,3000.0,3000.0,3000.0,3000.0,3000.0,3000.0,3000.0,3000.0,3000.0,3000.0,3000.0,3000.0,3000.0,3000.0,3000.0,3000.0,3000.0,3000.0,3000.0,3000.0,3000.0,3000.0,3000.0,3000.0,3000.0,3000.0,3000.0,3000.0,3000.0,3000.0,3000.0,3000.0,3000.0,3000.0,3000.0,3000.0,3000.0,3000.0,3000.0,3000.0,3000.0,3000.0,3000.0,3000.0,3000.0,3000.0,3000.0,3000.0,3000.0,3000.0,3000.0,3000.0,3000.0,3000.0,3000.0,3000.0,3000.0,3000.0,3000.0,3000.0,3000.0,3000.0,3000.0,3000.0,3000.0,3000.0,3000.0,3000.0,3000.0,3000.0,3000.0,3000.0,3000.0,3000.0,3000.0,3000.0,3000.0,3000.0,3000.0,3000.0,3000.0,3000.0,3000.0,3000.0,3000.0,3000.0,3000.0,3000.0,3000.0,3000.0,3000.0,3000.0,3000.0,3000.0,3000.0,3000.0,3000.0,3000.0,3000.0,3000.0,3000.0,3000.0,3000.0,3000.0,3000.0,3000.0,3000.0,3000.0,3000.0,3000.0,3000.0,3000.0,3000.0,3000.0,3000.0,3000.0,3000.0,3000.0,3000.0,3000.0,3000.0,3000.0,3000.0,3000.0
6133,466.66666666666663,471.93782221390813,488.36327681253374,517.9609232815465,564.8084805182357,636.6079735964449,748.4752200845155,3000.0,466.66666666666663,471.93782221390813,488.36327681253374,517.9609232815465,564.8084805182357,636.6079735964449,748.4752200845155,3000.0,466.66666666666663,471.93782221390813,488.36327681253374,517.9609232815465,564.8084805182357,636.6079735964449,748.4752200845155,3000.0,466.66666666666663,471.93782221390813,488.36327681253374,517.9609232815465,564.8084805182357,636.6079735964449,748.4752200845155,3000.0,466.66666666666663,471.93782221390813,488.36327681253374,517.9609232815465,564.8084805182357,636.6079735964449,748.4752200845155,3000.0,466.66666666666663,471.93782221390813,488.36327681253374,517.9609232815465,564.8084805182357,636.6079735964449,748.4752200845155,3000.0,466.66666666666663,471.93782221390813,488.36327681253374,517.9609232815465,564.8084805182357,636.6079735964449,748.4752200845155,3000.0,466.66666666666663,471.93782221390813,488.36327681253374,517.9609232815465,564.8084805182357,636.6079735964449,748.4752200845155,3000.0,3000.0,748.4752200845155,636.6079735964449,564.8084805182357,517.9609232815465,488.36327681253374,471.93782221390813,466.66666666666663,3000.0,748.4752200845155,636.6079735964449,564.8084805182357,517.9609232815465,488.36327681253374,471.93782221390813,466.66666666666663,3000.0,748.4752200845155,636.6079735964449,564.8084805182357,517.9609232815465,488.36327681253374,471.93782221390813,466.66666666666663,3000.0,748.4752200845155,636.6079735964449,564.8084805182357,517.9609232815465,488.36327681253374,471.93782221390813,466.66666666666663,3000.0,748.4752200845155,636.6079735964449,564.8084805182357,517.9609232815465,488.36327681253374,471.93782221390813,466.66666666666663,3000.0,748.4752200845155,636.6079735964449,564.8084805182357,517.9609232815465,488.36327681253374,471.93782221390813,466.66666666666663,3000.0,748.4752200845155,636.6079735964449,564.8084805182357,517.9609232815465,488.36327681253374,471.93782221390813,466.66666666666663,3000.0,748.4752200845155,636.6079735964449,564.8084805182357,517.9609232815465,488.36327681253374,471.93782221390813,466.66666666666663,3000.0,3000.0,3000.0,3000.0,3000.0,3000.0,3000.0,3000.0,3000.0,3000.0,3000.0,3000.0,3000.0,3000.0,3000.0,3000.0,3000.0,3000.0,3000.0,3000.0,3000.0,3000.0,3000.0,3000.0,3000.0,3000.0,3000.0,3000.0,3000.0,3000.0,3000.0,3000.0,3000.0,3000.0,3000.0,3000.0,3000.0,3000.0,3000.0,3000.0,3000.0,3000.0,3000.0,3000.0,3000.0,3000.0,3000.0,3000.0,3000.0,3000.0,3000.0,3000.0,3000.0,3000.0,3000.0,3000.0,3000.0,3000.0,3000.0,3000.0,3000.0,3000.0,3000.0,3000.0,3000.0,3000.0,3000.0,3000.0,3000.0,3000.0,3000.0,3000.0,3000.0,3000.0,3000.0,3000.0,3000.0,3000.0,3000.0,3000.0,3000.0,3000.0,3000.0,3000.0,3000.0,3000.0,3000.0,3000.0,3000.0,3000.0,3000.0,3000.0,3000.0,3000.0,3000.0,3000.0,3000.0,3000.0,3000.0,3000.0,3000.0,3000.0,3000.0,3000.0,3000.0,3000.0,3000.0,3000.0,3000.0,3000.0,3000.0,3000.0,3000.0,3000.0,3000.0,3000.0,3000.0,3000.0,3000.0,3000.0,3000.0,3000.0,3000.0,3000.0,3000.0,3000.0,3000.0,3000.0,3000.0,3000.0,3000.0,3000.0,3000.0,3000.0,3000.0,3000.0,3000.0,3000.0,3000.0,3000.0,3000.0,3000.0,3000.0,3000.0,3000.0,3000.0,3000.0,3000.0,3000.0,3000.0,3000.0,3000.0,3000.0,3000.0,3000.0,3000.0,3000.0,3000.0,3000.0,3000.0,3000.0,3000.0,3000.0,3000.0,3000.0,3000.0,3000.0,3000.0,3000.0,3000.0,3000.0,3000.0,3000.0,3000.0,3000.0,3000.0,3000.0,3000.0,3000.0,3000.0,3000.0,3000.0,3000.0,3000.0,3000.0,3000.0,3000.0,3000.0,3000.0,3000.0,3000.0,3000.0,3000.0,3000.0,3000.0,3000.0,3000.0,3000.0,3000.0,3000.0,3000.0,3000.0,3000.0,3000.0,3000.0,3000.0,3000.0,3000.0,3000.0,3000.0,3000.0,3000.0,3000.0,3000.0,3000.0,3000.0,3000.0,3000.0,3000.0,3000.0,3000.0,3000.0,3000.0,3000.0,3000.0,3000.0,3000.0,3000.0,3000.0,3000.0,3000.0,3000.0,3000.0,3000.0,3000.0,3000.0,3000.0,3000.0,3000.0,3000.0,3000.0,3000.0,3000.0,3000.0,3000.0,3000.0,3000.0,3000.0,3000.0,3000.0,3000.0,3000.0,3000.0,3000.0,3000.0,3000.0
6200,449.99999999999994,455.08289999198286,470.9217312120861,499.462318878634,544.636749071156,613.8719745394291,721.7439622243543,899.9999999999997,449.99999999999994,455.08289999198286,470.9217312120861,499.462318878634,544.636749071156,613.8719745394291,721.7439622243543,899.9999999999997,449.99999999999994,455.08289999198286,470.9217312120861,499.462318878634,544.636749071156,613.8719745394291,721.7439622243543,899.9999999999997,449.99999999999994,455.08289999198286,470.9217312120861,499.462318878634,544.636749071156,613.8719745394291,721.7439622243543,899.9999999999997,449.99999999999994,455.08289999198286,470.9217312120861,499.462318878634,544.636749071156,613.8719745394291,721.7439622243543,899.9999999999997,449.99999999999994,455.08289999198286,470.9217312120861,499.462318878634,544.636749071156,613.8719745394291,721.7439622243543,899.9999999999997,449.99999999999994,455.08289999198286,470.9217312120861,499.462318878634,544.636749071156,613.8719745394291,721.7439622243543,899.9999999999997,449.99999999999994,455.08289999198286,470.9217312120861,499.462318878634,544.636749071156,613.8719745394291,721.7439622243543,899.9999999999997,899.9999999999997,721.7439622243543,613.8719745394291,544.636749071156,499.462318878634,470.9217312120861,455.08289999198286,449.99999999999994,899.9999999999997,721.7439622243543,613.8719745394291,544.636749071156,499.462318878634,470.9217312120861,455.08289999198286,449.99999999999994,899.9999999999997,721.7439622243543,613.8719745394291,544.636749071156,499.462318878634,470.9217312120861,455.08289999198286,449.99999999999994,899.9999999999997,721.7439622243543,613.8719745394291,544.636749071156,499.462318878634,470.9217312120861,455.08289999198286,449.99999999999994,899.9999999999997,721.7439622243543,613.8719745394291,544.636749071156,499.462318878634,470.9217312120861,455.08289999198286,449.99999999999994,899.9999999999997,721.7439622243543,613.8719745394291,544.636749071156,499.462318878634,470.9217312120861,455.08289999198286,449.99999999999994,899.9999999999997,721.7439622243543,613.8719745394291,544.636749071156,499.462318878634,470.9217312120861,455.08289999198286,449.99999999999994,899.9999999999997,721.7439622243543,613.8719745394291,544.636749071156,499.462318878634,470.9217312120861,455.08289999198286,449.99999999999994,3000.0,3000.0,3000.0,3000.0,3000.0,3000.0,3000.0,900.0000000000001,3000.0,3000.0,3000.0,3000.0,3000.0,3000.0,3000.0,900.0000000000001,3000.0,3000.0,3000.0,3000.0,3000.0,3000.0,3000.0,900.0000000000001,3000.0,3000.0,3000.0,3000.0,3000.0,3000.0,3000.0,900.0000000000001,3000.0,3000.0,3000.0,3000.0,3000.0,3000.0,3000.0,900.0000000000001,3000.0,3000.0,3000.0,3000.0,3000.0,3000.0,3000.0,900.0000000000001,3000.0,3000.0,3000.0,3000.0,3000.0,3000.0,3000.0,900.0000000000001,3000.0,3000.0,3000.0,3000.0,3000.0,3000.0,3000.0,900.0000000000001,3000.0,3000.0,3000.0,3000.0,3000.0,3000.0,3000.0,3000.0,3000.0,3000.0,3000.0,3000.0,3000.0,3000.0,3000.0,3000.0,3000.0,3000.0,3000.0,3000.0,3000.0,3000.0,3000.0,3000.0,3000.0,3000.0,3000.0,3000.0,3000.0,3000.0,3000.0,3000.0,3000.0,3000.0,3000.0,3000.0,3000.0,3000.0,3000.0,3000.0,3000.0,3000.0,3000.0,3000.0,3000.0,3000.0,3000.0,3000.0,3000.0,3000.0,3000.0,3000.0,3000.0,3000.0,3000.0,3000.0,3000.0,3000.0,3000.0,3000.0,3000.0,3000.0,3000.0,3000.0,3000.0,3000.0,3000.0,3000.0,3000.0,3000.0,3000.0,3000.0,3000.0,3000.0,3000.0,3000.0,3000.0,3000.0,3000.0,3000.0,3000.0,3000.0,3000.0,3000.0,3000.0,3000.0,3000.0,3000.0,3000.0,3000.0,3000.0,3000.0,3000.0,3000.0,3000.0,3000.0,3000.0,3000.0,3000.0,3000.0,3000.0,3000.0,3000.0,3000.0,3000.0,3000.0,3000.0,3000.0,3000.0,3000.0,3000.0,3000.0,3000.0,3000.0,3000.0,3000.0,3000.0,3000.0,3000.0,3000.0,3000.0,3000.0,3000.0,3000.0,3000.0,3000.0,3000.0,3000.0,900.0000000000001,3000.0,3000.0,3000.0,3000.0,3000.0,3000.0,3000.0,900.0000000000001,3000.0,3000.0,3000.0,3000.0,3000.0,3000.0,3000.0,900.0000000000001,3000.0,3000.0,3000.0,3000.0,3000.0,3000.0,3000.0,900.0000000000001,3000.0,3000.0,3000.0,3000.0,3000.0,3000.0,3000.0,900.0000000000001,3000.0,3000.0,3000.0,3000.0,3000.0,3000.0,3000.0,900.0000000000001,3000.0,3000.0,3000.0,3000.0,3000.0,3000.0,3000.0,900.0000000000001,3000.0,3000.0,3000.0,3000.0,3000.0,3000.0,3000.0,900.0000000000001,3000.0,3000.0,3000.0,3000.0,3000.0,3000.0,3000.0
6267,433.33333333333337,438.22797777005763,453.4801856116385,480.9637144757217,524.4650176240762,591.1359754824133,695.012704364193,866.6666666666664,433.33333333333337,438.22797777005763,453.4801856116385,480.9637144757217,524.4650176240762,591.1359754824133,695.012704364193,866.6666666666664,433.33333333333337,438.22797777005763,453.4801856116385,480.9637144757217,524.4650176240762,591.1359754824133,695.012704364193,866.6666666666664,433.33333333333337,438.22797777005763,453.4801856116385,480.9637144757217,524.4650176240762,591.1359754824133,695.012704364193,866.6666666666664,433.33333333333337,438.22797777005763,453.4801856116385,480.9637144757217,524.4650176240762,591.1359754824133,695.012704364193,866.6666666666664,433.33333333333337,438.22797777005763,453.4801856116385,480.9637144757217,524.4650176240762,591.1359754824133,695.012704364193,866.6666666666664,433.33333333333337,438.22797777005763,453.4801856116385,480.9637144757217,524.4650176240762,591.1359754824133,695.012704364193,866.6666666666664,433.33333333333337,438.22797777005763,453.4801856116385,480.9637144757217,524.4650176240762,591.1359754824133,695.012704364193,866.6666666666664,866.6666666666664,695.012704364193,591.1359754824133,524.4650176240762,480.9637144757217,453.4801856116385,438.22797777005763,433.33333333333337,866.6666666666664,695.012704364193,591.1359754824133,524.4650176240762,480.9637144757217,453.4801856116385,438.22797777005763,433.33333333333337,866.6666666666664,695.012704364193,591.1359754824133,524.4650176240762,480.9637144757217,453.4801856116385,438.22797777005763,433.33333333333337,866.6666666666664,695.012704364193,591.1359754824133,524.4650176240762,480.9637144757217,453.4801856116385,438.22797777005763,433.33333333333337,866.6666666666664,695.012704364193,591.1359754824133,524.4650176240762,480.9637144757217,453.4801856116385,438.22797777005763,433.33333333333337,866.6666666666664,695.012704364193,591.1359754824133,524.4650176240762,480.9637144757217,453.4801856116385,438.22797777005763,433.33333333333337,866.6666666666664,695.012704364193,591.1359754824133,524.4650176240762,480.9637144757217,453.4801856116385,438.22797777005763,433.33333333333337,866.6666666666664,695.012704364193,591.1359754824133,524.4650176240762,480.9637144757217,453.4801856116385,438.22797777005763,433.33333333333337,3000.0,3000.0,3000.0,3000.0,3000.0,3000.0,3000.0,866.666666666667,3000.0,3000.0,3000.0,3000.0,3000.0,3000.0,3000.0,866.666666666667,3000.0,3000.0,3000.0,3000.0,3000.0,3000.0,3000.0,866.666666666667,3000.0,3000.0,3000.0,3000.0,3000.0,3000.0,3000.0,866.666666666667,3000.0,3000.0,3000.0,3000.0,3000.0,3000.0,3000.0,866.666666666667,3000.0,3000.0,3000.0,3000.0,3000.0,3000.0,3000.0,866.666666666667,3000.0,3000.0,3000.0,3000.0,3000.0,3000.0,3000.0,866.666666666667,3000.0,3000.0,3000.0,3000.0,3000.0,3000.0,3000.0,866.666666666667,3000.0,3000.0,3000.0,3000.0,3000.0,3000.0,3000.0,3000.0,3000.0,3000.0,3000.0,3000.0,3000.0,3000.0,3000.0,3000.0,3000.0,3000.0,3000.0,3000.0,3000.0,3000.0,3000.0,3000.0,3000.0,3000.0,3000.0,3000.0,3000.0,3000.0,3000.0,3000.0,3000.0,3000.0,3000.0,3000.0,3000.0,3000.0,3000.0,3000.0,3000.0,3000.0,3000.0,3000.0,3000.0,3000.0,3000.0,3000.0,3000.0,3000.0,3000.0,3000.0,3000.0,3000.0,3000.0,3000.0,3000.0,3000.0,3000.0,3000.0,3000.0,3000.0,3000.0,3000.0,3000.0,3000.0,3000.0,3000.0,3000.0,3000.0,3000.0,3000.0,3000.0,3000.0,3000.0,3000.0,3000.0,3000.0,3000.0,3000.0,3000.0,3000.0,3000.0,3000.0,3000.0,3000.0,3000.0,3000.0,3000.0,3000.0,3000.0,3000.0,3000.0,3000.0,3000.0,3000.0,3000.0,3000.0,3000.0,3000.0,3000.0,3000.0,3000.0,3000.0,3000.0,3000.0,3000.0,3000.0,3000.0,3000.0,3000.0,3000.0,3000.0,3000.0,3000.0,3000.0,3000.0,3000.0,3000.0,3000.0,3000.0,3000.0,3000.0,3000.0,3000.0,3000.0,3000.0,3000.0,866.666666666667,3000.0,3000.0,3000.0,3000.0,3000.0,3000.0,3000.0,866.666666666667,3000.0,3000.0,3000.0,3000.0,3000.0,3000.0,3000.0,866.666666666667,3000.0,3000.0,3000.0,3000.0,3000.0,3000.0,3000.0,866.666666666667,3000.0,3000.0,3000.0,3000.0,3000.0,3000.0,3000.0,866.666666666667,3000.0,3000.0,3000.0,3000.0,3000.0,3000.0,3000.0,866.666666666667,3000.0,3000.0,3000.0,3000.0,3000.0,3000.0,3000.0,866.666666666667,3000.0,3000.0,3000.0,3000.0,3000.0,3000.0,3000.0,866.666666666667,3000.0,3000.0,3000.0,3000.0,3000.0,3000.0,3000.0
6333,416.66666666666674,421.3730555481324,436.038640011191,462.46511007280947,504.29328617699645,568.3999764253974,668.281446504032,833.3333333333333,416.66666666666674,421.3730555481324,436.038640011191,462.46511007280947,504.29328617699645,568.3999764253974,668.281446504032,833.3333333333333,416.66666666666674,421.3730555481324,436.038640011191,462.46511007280947,504.29328617699645,568.3999764253974,668.281446504032,833.3333333333333,416.66666666666674,421.3730555481324,436.038640011191,462.46511007280947,504.29328617699645,568.3999764253974,668.281446504032,833.3333333333333,416.66666666666674,421.3730555481324,436.038640011191,462.46511007280947,504.29328617699645,568.3999764253974,668.281446504032,833.3333333333333,416.66666666666674,421.3730555481324,436.038640011191,462.46511007280947,504.29328617699645,568.3999764253974,668.281446504032,833.3333333333333,416.66666666666674,421.3730555481324,436.038640011191,462.46511007280947,504.29328617699645,568.3999764253974,668.281446504032,833.3333333333333,416.66666666666674,421.3730555481324,436.038640011191,462.46511007280947,504.29328617699645,568.3999764253974,668.281446504032,833.3333333333333,833.3333333333333,668.281446504032,568.3999764253974,504.29328617699645,462.46511007280947,436.038640011191,421.3730555481324,416.66666666666674,833.3333333333333,668.281446504032,568.3999764253974,504.29328617699645,462.46511007280947,436.038640011191,421.3730555481324,416.66666666666674,833.3333333333333,668.281446504032,568.3999764253974,504.29328617699645,462.46511007280947,436.038640011191,421.3730555481324,416.66666666666674,833.3333333333333,668.281446504032,568.3999764253974,504.29328617699645,462.46511007280947,436.038640011191,421.3730555481324,416.66666666666674,833.3333333333333,668.281446504032,568.3999764253974,504.29328617699645,462.46511007280947,436.038640011191,421.3730555481324,416.66666666666674,833.3333333333333,668.281446504032,568.3999764253974,504.29328617699645,462.46511007280947,436.038640011191,421.3730555481324,416.66666666666674,833.3333333333333,668.281446504032,568.3999764253974,504.29328617699645,462.46511007280947,436.038640011191,421.3730555481324,416.66666666666674,833.3333333333333,668.281446504032,568.3999764253974,504.29328617699645,462.46511007280947,436.038640011191,421.3730555481324,416.66666666666674,3000.0,3000.0,3000.0,3000.0,3000.0,3000.0,3000.0,833.3333333333337,3000.0,3000.0,3000.0,3000.0,3000.0,3000.0,3000.0,833.3333333333337,3000.0,3000.0,3000.0,3000.0,3000.0,3000.0,3000.0,833.3333333333337,3000.0,3000.0,3000.0,3000.0,3000.0,3000.0,3000.0,833.3333333333337,3000.0,3000.0,3000.0,3000.0,3000.0,3000.0,3000.0,833.3333333333337,3000.0,3000.0,3000.0,3000.0,3000.0,3000.0,3000.0,833.3333333333337,3000.0,3000.0,3000.0,3000.0,3000.0,3000.0,3000.0,833.3333333333337,3000.0,3000.0,3000.0,3000.0,3000.0,3000.0,3000.0,833.3333333333337,3000.0,3000.0,3000.0,3000.0,3000.0,3000.0,3000.0,3000.0,3000.0,3000.0,3000.0,3000.0,3000.0,3000.0,3000.0,3000.0,3000.0,3000.0,3000.0,3000.0,3000.0,3000.0,3000.0,3000.0,3000.0,3000.0,3000.0,3000.0,3000.0,3000.0,3000.0,3000.0,3000.0,3000.0,3000.0,3000.0,3000.0,3000.0,3000.0,3000.0,3000.0,3000.0,3000.0,3000.0,3000.0,3000.0,3000.0,3000.0,3000.0,3000.0,3000.0,3000.0,3000.0,3000.0,3000.0,3000.0,3000.0,3000.0,3000.0,3000.0,3000.0,3000.0,3000.0,3000.0,3000.0,3000.0,3000.0,3000.0,3000.0,3000.0,3000.0,3000.0,3000.0,3000.0,3000.0,3000.0,3000.0,3000.0,3000.0,3000.0,3000.0,3000.0,3000.0,3000.0,3000.0,3000.0,3000.0,3000.0,3000.0,3000.0,3000.0,3000.0,3000.0,3000.0,3000.0,3000.0,3000.0,3000.0,3000.0,3000.0,3000.0,3000.0,3000.0,3000.0,3000.0,3000.0,3000.0,3000.0,3000.0,3000.0,3000.0,3000.0,3000.0,3000.0,3000.0,3000.0,3000.0,3000.0,3000.0,3000.0,3000.0,3000.0,3000.0,3000.0,3000.0,3000.0,3000.0,3000.0,833.3333333333337,3000.0,3000.0,3000.0,3000.0,3000.0,3000.0,3000.0,833.3333333333337,3000.0,3000.0,3000.0,3000.0,3000.0,3000.0,3000.0,833.3333333333337,3000.0,3000.0,3000.0,3000.0,3000.0,3000.0,3000.0,833.3333333333337,3000.0,3000.0,3000.0,3000.0,3000.0,3000.0,3000.0,833.3333333333337,3000.0,3000.0,3000.0,3000.0,3000.0,3000.0,3000.0,833.3333333333337,3000.0,3000.0,3000.0,3000.0,3000.0,3000.0,3000.0,833.3333333333337,3000.0,3000.0,3000.0,3000.0,3000.0,3000.0,3000.0,833.3333333333337,3000.0,3000.0,3000.0,3000.0,3000.0,3000.0,3000.0
6400,399.9999999999999,404.51813332620696,418.5970944107432,443.9665056698969,484.12155472991634,545.6639773683813,641.5501886438703,799.9999999999995,399.9999999999999,404.51813332620696,418.5970944107432,443.9665056698969,484.12155472991634,545.6639773683813,641.5501886438703,799.9999999999995,399.9999999999999,404.51813332620696,418.5970944107432,443.9665056698969,484.12155472991634,545.6639773683813,641.5501886438703,799.9999999999995,399.9999999999999,404.51813332620696,418.5970944107432,443.9665056698969,484.12155472991634,545.6639773683813,641.5501886438703,799.9999999999995,399.9999999999999,404.51813332620696,418.5970944107432,443.9665056698969,484.12155472991634,545.6639773683813,641.5501886438703,799.9999999999995,399.9999999999999,404.51813332620696,418.5970944107432,443.9665056698969,484.12155472991634,545.6639773683813,641.5501886438703,799.9999999999995,399.9999999999999,404.51813332620696,418.5970944107432,443.9665056698969,484.12155472991634,545.6639773683813,641.5501886438703,799.9999999999995,399.9999999999999,404.51813332620696,418.5970944107432,443.9665056698969,484.12155472991634,545.6639773683813,641.5501886438703,799.9999999999995,799.9999999999995,641.5501886438703,545.6639773683813,484.12155472991634,443.9665056698969,418.5970944107432,404.51813332620696,399.9999999999999,799.9999999999995,641.5501886438703,545.6639773683813,484.12155472991634,443.9665056698969,418.5970944107432,404.51813332620696,399.9999999999999,799.9999999999995,641.5501886438703,545.6639773683813,484.12155472991634,443.9665056698969,418.5970944107432,404.51813332620696,399.9999999999999,799.9999999999995,641.5501886438703,545.6639773683813,484.12155472991634,443.9665056698969,418.5970944107432,404.51813332620696,399.9999999999999,799.9999999999995,641.5501886438703,545.6639773683813,484.12155472991634,443.9665056698969,418.5970944107432,404.51813332620696,399.9999999999999,799.9999999999995,641.5501886438703,545.6639773683813,484.12155472991634,443.9665056698969,418.5970944107432,404.51813332620696,399.9999999999999,799.9999999999995,641.5501886438703,545.6639773683813,484.12155472991634,443.9665056698969,418.5970944107432,404.51813332620696,399.9999999999999,799.9999999999995,641.5501886438703,545.6639773683813,484.12155472991634,443.9665056698969,418.5970944107432,404.51813332620696,399.9999999999999,3000.0,3000.0,3000.0,3000.0,3000.0,3000.0,3000.0,800.0,3000.0,3000.0,3000.0,3000.0,3000.0,3000.0,3000.0,800.0,3000.0,3000.0,3000.0,3000.0,3000.0,3000.0,3000.0,800.0,3000.0,3000.0,3000.0,3000.0,3000.0,3000.0,3000.0,800.0,3000.0,3000.0,3000.0,3000.0,3000.0,3000.0,3000.0,800.0,3000.0,3000.0,3000.0,3000.0,3000.0,3000.0,3000.0,800.0,3000.0,3000.0,3000.0,3000.0,3000.0,3000.0,3000.0,800.0,3000.0,3000.0,3000.0,3000.0,3000.0,3000.0,3000.0,800.0,3000.0,3000.0,3000.0,3000.0,3000.0,3000.0,3000.0,3000.0,3000.0,3000.0,3000.0,3000.0,3000.0,3000.0,3000.0,3000.0,3000.0,3000.0,3000.0,3000.0,3000.0,3000.0,3000.0,3000.0,3000.0,3000.0,3000.0,3000.0,3000.0,3000.0,3000.0,3000.0,3000.0,3000.0,3000.0,3000.0,3000.0,3000.0,3000.0,3000.0,3000.0,3000.0,3000.0,3000.0,3000.0,3000.0,3000.0,3000.0,3000.0,3000.0,3000.0,3000.0,3000.0,3000.0,3000.0,3000.0,3000.0,3000.0,3000.0,3000.0,3000.0,3000.0,3000.0,3000.0,3000.0,3000.0,3000.0,3000.0,3000.0,3000.0,3000.0,3000.0,3000.0,3000.0,3000.0,3000.0,3000.0,3000.0,3000.0,3000.0,3000.0,3000.0,3000.0,3000.0,3000.0,3000.0,3000.0,3000.0,3000.0,3000.0,3000.0,3000.0,3000.0,3000.0,3000.0,3000.0,3000.0,3000.0,3000.0,3000.0,3000.0,3000.0,3000.0,3000.0,3000.0,3000.0,3000.0,3000.0,3000.0,3000.0,3000.0,3000.0,3000.0,3000.0,3000.0,3000.0,3000.0,3000.0,3000.0,3000.0,3000.0,3000.0,3000.0,3000.0,3000.0,3000.0,3000.0,3000.0,800.0,3000.0,3000.0,3000.0,3000.0,3000.0,3000.0,3000.0,800.0,3000.0,3000.0,3000.0,3000.0,3000.0,3000.0,3000.0,800.0,3000.0,3000.0,3000.0,3000.0,3000.0,3000.0,3000.0,800.0,3000.0,3000.0,3000.0,3000.0,3000.0,3000.0,3000.0,800.0,3000.0,3000.0,3000.0,3000.0,3000.0,3000.0,3000.0,800.0,3000.0,3000.0,3000.0,3000.0,3000.0,3000.0,3000.0,800.0,3000.0,3000.0,3000.0,3000.0,3000.0,3000.0,3000.0,800.0,3000.0,3000.0,3000.0,3000.0,3000.0,3000.0,3000.0
6467,383.3333333333333,387.6632111042817,401.15554881029556,425.46790126698454,463.9498232828366,522.9279783113655,614.8189307837092,766.6666666666664,383.3333333333333,387.6632111042817,401.15554881029556,425.46790126698454,463.9498232828366,522.9279783113655,614.8189307837092,766.6666666666664,383.3333333333333,387.6632111042817,401.15554881029556,425.46790126698454,463.9498232828366,522.9279783113655,614.8189307837092,766.6666666666664,383.3333333333333,387.6632111042817,401.15554881029556,425.46790126698454,463.9498232828366,522.9279783113655,614.8189307837092,766.6666666666664,383.3333333333333,387.6632111042817,401.15554881029556,425.46790126698454,463.9498232828366,522.9279783113655,614.8189307837092,766.6666666666664,383.3333333333333,387.6632111042817,401.15554881029556,425.46790126698454,463.9498232828366,522.9279783113655,614.8189307837092,766.6666666666664,383.3333333333333,387.6632111042817,401.15554881029556,425.46790126698454,463.9498232828366,522.9279783113655,614.8189307837092,766.6666666666664,383.3333333333333,387.6632111042817,401.15554881029556,425.46790126698454,463.9498232828366,522.9279783113655,614.8189307837092,766.6666666666664,766.6666666666664,614.8189307837092,522.9279783113655,463.9498232828366,425.46790126698454,401.15554881029556,387.6632111042817,383.3333333333333,766.6666666666664,614.8189307837092,522.9279783113655,463.9498232828366,425.46790126698454,401.15554881029556,387.6632111042817,383.3333333333333,766.6666666666664,614.8189307837092,522.9279783113655,463.9498232828366,425.46790126698454,401.15554881029556,387.6632111042817,383.3333333333333,766.6666666666664,614.8189307837092,522.9279783113655,463.9498232828366,425.46790126698454,401.15554881029556,387.6632111042817,383.3333333333333,766.6666666666664,614.8189307837092,522.9279783113655,463.9498232828366,425.46790126698454,401.15554881029556,387.6632111042817,383.3333333333333,766.6666666666664,614.8189307837092,522.9279783113655,463.9498232828366,425.46790126698454,401.15554881029556,387.6632111042817,383.3333333333333,766.6666666666664,614.8189307837092,522.9279783113655,463.9498232828366,425.46790126698454,401.15554881029556,387.6632111042817,383.3333333333333,766.6666666666664,614.8189307837092,522.9279783113655,463.9498232828366,425.46790126698454,401.15554881029556,387.6632111042817,383.3333333333333,3000.0,3000.0,3000.0,3000.0,3000.0,3000.0,3000.0,766.6666666666669,3000.0,3000.0,3000.0,3000.0,3000.0,3000.0,3000.0,766.6666666666669,3000.0,3000.0,3000.0,3000.0,3000.0,3000.0,3000.0,766.6666666666669,3000.0,3000.0,3000.0,3000.0,3000.0,3000.0,3000.0,766.6666666666669,3000.0,3000.0,3000.0,3000.0,3000.0,3000.0,3000.0,766.6666666666669,3000.0,3000.0,3000.0,3000.0,3000.0,3000.0,3000.0,766.6666666666669,3000.0,3000.0,3000.0,3000.0,3000.0,3000.0,3000.0,766.6666666666669,3000.0,3000.0,3000.0,3000.0,3000.0,3000.0,3000.0,766.6666666666669,3000.0,3000.0,3000.0,3000.0,3000.0,3000.0,3000.0,3000.0,3000.0,3000.0,3000.0,3000.0,3000.0,3000.0,3000.0,3000.0,3000.0,3000.0,3000.0,3000.0,3000.0,3000.0,3000.0,3000.0,3000.0,3000.0,3000.0,3000.0,3000.0,3000.0,3000.0,3000.0,3000.0,3000.0,3000.0,3000.0,3000.0,3000.0,3000.0,3000.0,3000.0,3000.0,3000.0,3000.0,3000.0,3000.0,3000.0,3000.0,3000.0,3000.0,3000.0,3000.0,3000.0,3000.0,3000.0,3000.0,3000.0,3000.0,3000.0,3000.0,3000.0,3000.0,3000.0,3000.0,3000.0,3000.0,3000.0,3000.0,3000.0,3000.0,3000.0,3000.0,3000.0,3000.0,3000.0,3000.0,3000.0,3000.0,3000.0,3000.0,3000.0,3000.0,3000.0,3000.0,3000.0,3000.0,3000.0,3000.0,3000.0,3000.0,3000.0,3000.0,3000.0,3000.0,3000.0,3000.0,3000.0,3000.0,3000.0,3000.0,3000.0,3000.0,3000.0,3000.0,3000.0,3000.0,3000.0,3000.0,3000.0,3000.0,3000.0,3000.0,3000.0,3000.0,3000.0,3000.0,3000.0,3000.0,3000.0,3000.0,3000.0,3000.0,3000.0,3000.0,3000.0,3000.0,3000.0,3000.0,766.6666666666669,3000.0,3000.0,3000.0,3000.0,3000.0,3000.0,3000.0,766.6666666666669,3000.0,3000.0,3000.0,3000.0,3000.0,3000.0,3000.0,766.6666666666669,3000.0,3000.0,3000.0,3000.0,3000.0,3000.0,3000.0,766.6666666666669,3000.0,3000.0,3000.0,3000.0,3000.0,3000.0,3000.0,766.6666666666669,3000.0,3000.0,3000.0,3000.0,3000.0,3000.0,3000.0,766.6666666666669,3000.0,3000.0,3000.0,3000.0,3000.0,3000.0,3000.0,766.6666666666669,3000.0,3000.0,3000.0,3000.0,3000.0,3000.0,3000.0,766.6666666666669,3000.0,3000.0,3000.0,3000.0,3000.0,3000.0,3000.0
6533,366.6666666666667,370.8082888823565,383.71400320984804,406.9692968640723,443.7780918357568,500.1919792543497,588.087672923548,733.3333333333333,366.6666666666667,370.8082888823565,383.71400320984804,406.9692968640723,443.7780918357568,500.1919792543497,588.087672923548,733.3333333333333,366.6666666666667,370.8082888823565,383.71400320984804,406.9692968640723,443.7780918357568,500.1919792543497,588.087672923548,733.3333333333333,366.6666666666667,370.8082888823565,383.71400320984804,406.9692968640723,443.7780918357568,500.1919792543497,588.087672923548,733.3333333333333,366.6666666666667,370.8082888823565,383.71400320984804,406.9692968640723,443.7780918357568,500.1919792543497,588.087672923548,733.3333333333333,366.6666666666667,370.8082888823565,383.71400320984804,406.9692968640723,443.7780918357568,500.1919792543497,588.087672923548,733.3333333333333,366.6666666666667,370.8082888823565,383.71400320984804,406.9692968640723,443.7780918357568,500.1919792543497,588.087672923548,733.3333333333333,366.6666666666667,370.8082888823565,383.71400320984804,406.9692968640723,443.7780918357568,500.1919792543497,588.087672923548,733.3333333333333,733.3333333333333,588.087672923548,500.1919792543497,443.7780918357568,406.9692968640723,383.71400320984804,370.8082888823565,366.6666666666667,733.3333333333333,588.087672923548,500.1919792543497,443.7780918357568,406.9692968640723,383.71400320984804,370.8082888823565,366.6666666666667,733.3333333333333,588.087672923548,500.1919792543497,443.7780918357568,406.9692968640723,383.71400320984804,370.8082888823565,366.6666666666667,733.3333333333333,588.087672923548,500.1919792543497,443.7780918357568,406.9692968640723,383.71400320984804,370.8082888823565,366.6666666666667,733.3333333333333,588.087672923548,500.1919792543497,443.7780918357568,406.9692968640723,383.71400320984804,370.8082888823565,366.6666666666667,733.3333333333333,588.087672923548,500.1919792543497,443.7780918357568,406.9692968640723,383.71400320984804,370.8082888823565,366.6666666666667,733.3333333333333,588.087672923548,500.1919792543497,443.7780918357568,406.9692968640723,383.71400320984804,370.8082888823565,366.6666666666667,733.3333333333333,588.087672923548,500.1919792543497,443.7780918357568,406.9692968640723,383.71400320984804,370.8082888823565,366.6666666666667,3000.0,3000.0,3000.0,3000.0,3000.0,3000.0,3000.0,733.3333333333336,3000.0,3000.0,3000.0,3000.0,3000.0,3000.0,3000.0,733.3333333333336,3000.0,3000.0,3000.0,3000.0,3000.0,3000.0,3000.0,733.3333333333336,3000.0,3000.0,3000.0,3000.0,3000.0,3000.0,3000.0,733.3333333333336,3000.0,3000.0,3000.0,3000.0,3000.0,3000.0,3000.0,733.3333333333336,3000.0,3000.0,3000.0,3000.0,3000.0,3000.0,3000.0,733.3333333333336,3000.0,3000.0,3000.0,3000.0,3000.0,3000.0,3000.0,733.3333333333336,3000.0,3000.0,3000.0,3000.0,3000.0,3000.0,3000.0,733.3333333333336,3000.0,3000.0,3000.0,3000.0,3000.0,3000.0,3000.0,3000.0,3000.0,3000.0,3000.0,3000.0,3000.0,3000.0,3000.0,3000.0,3000.0,3000.0,3000.0,3000.0,3000.0,3000.0,3000.0,3000.0,3000.0,3000.0,3000.0,3000.0,3000.0,3000.0,3000.0,3000.0,3000.0,3000.0,3000.0,3000.0,3000.0,3000.0,3000.0,3000.0,3000.0,3000.0,3000.0,3000.0,3000.0,3000.0,3000.0,3000.0,3000.0,3000.0,3000.0,3000.0,3000.0,3000.0,3000.0,3000.0,3000.0,3000.0,3000.0,3000.0,3000.0,3000.0,3000.0,3000.0,3000.0,3000.0,3000.0,3000.0,3000.0,3000.0,3000.0,3000.0,3000.0,3000.0,3000.0,3000.0,3000.0,3000.0,3000.0,3000.0,3000.0,3000.0,3000.0,3000.0,3000.0,3000.0,3000.0,3000.0,3000.0,3000.0,3000.0,3000.0,3000.0,3000.0,3000.0,3000.0,3000.0,3000.0,3000.0,3000.0,3000.0,3000.0,3000.0,3000.0,3000.0,3000.0,3000.0,3000.0,3000.0,3000.0,3000.0,3000.0,3000.0,3000.0,3000.0,3000.0,3000.0,3000.0,3000.0,3000.0,3000.0,3000.0,3000.0,3000.0,3000.0,3000.0,3000.0,3000.0,733.3333333333336,3000.0,3000.0,3000.0,3000.0,3000.0,3000.0,3000.0,733.3333333333336,3000.0,3000.0,3000.0,3000.0,3000.0,3000.0,3000.0,733.3333333333336,3000.0,3000.0,3000.0,3000.0,3000.0,3000.0,3000.0,733.3333333333336,3000.0,3000.0,3000.0,3000.0,3000.0,3000.0,3000.0,733.3333333333336,3000.0,3000.0,3000.0,3000.0,3000.0,3000.0,3000.0,733.3333333333336,3000.0,3000.0,3000.0,3000.0,3000.0,3000.0,3000.0,733.3333333333336,3000.0,3000.0,3000.0,3000.0,3000.0,3000.0,3000.0,733.3333333333336,3000.0,3000.0,3000.0,3000.0,3000.0,3000.0,3000.0
6600,350.0000000000001,353.95336666043124,366.2724576094004,388.47069246115996,423.606360388677,477.4559801973339,561.3564150633869,700.0,350.0000000000001,353.95336666043124,366.2724576094004,388.47069246115996,423.606360388677,477.4559801973339,561.3564150633869,700.0,350.0000000000001,353.95336666043124,366.2724576094004,388.47069246115996,423.606360388677,477.4559801973339,561.3564150633869,700.0,350.0000000000001,353.95336666043124,366.2724576094004,388.47069246115996,423.606360388677,477.4559801973339,561.3564150633869,700.0,350.0000000000001,353.95336666043124,366.2724576094004,388.47069246115996,423.606360388677,477.4559801973339,561.3564150633869,700.0,350.0000000000001,353.95336666043124,366.2724576094004,388.47069246115996,423.606360388677,477.4559801973339,561.3564150633869,700.0,350.0000000000001,353.95336666043124,366.2724576094004,388.47069246115996,423.606360388677,477.4559801973339,561.3564150633869,700.0,350.0000000000001,353.95336666043124,366.2724576094004,388.47069246115996,423.606360388677,477.4559801973339,561.3564150633869,700.0,700.0,561.3564150633869,477.4559801973339,423.606360388677,388.47069246115996,366.2724576094004,353.95336666043124,350.0000000000001,700.0,561.3564150633869,477.4559801973339,423.606360388677,388.47069246115996,366.2724576094004,353.95336666043124,350.0000000000001,700.0,561.3564150633869,477.4559801973339,423.606360388677,388.47069246115996,366.2724576094004,353.95336666043124,350.0000000000001,700.0,561.3564150633869,477.4559801973339,423.606360388677,388.47069246115996,366.2724576094004,353.95336666043124,350.0000000000001,700.0,561.3564150633869,477.4559801973339,423.606360388677,388.47069246115996,366.2724576094004,353.95336666043124,350.0000000000001,700.0,561.3564150633869,477.4559801973339,423.606360388677,388.47069246115996,366.2724576094004,353.95336666043124,350.0000000000001,700.0,561.3564150633869,477.4559801973339,423.606360388677,388.47069246115996,366.2724576094004,353.95336666043124,350.0000000000001,700.0,561.3564150633869,477.4559801973339,423.606360388677,388.47069246115996,366.2724576094004,353.95336666043124,350.0000000000001,3000.0,3000.0,3000.0,3000.0,3000.0,3000.0,3000.0,700.0000000000005,3000.0,3000.0,3000.0,3000.0,3000.0,3000.0,3000.0,700.0000000000005,3000.0,3000.0,3000.0,3000.0,3000.0,3000.0,3000.0,700.0000000000005,3000.0,3000.0,3000.0,3000.0,3000.0,3000.0,3000.0,700.0000000000005,3000.0,3000.0,3000.0,3000.0,3000.0,3000.0,3000.0,700.0000000000005,3000.0,3000.0,3000.0,3000.0,3000.0,3000.0,3000.0,700.0000000000005,3000.0,3000.0,3000.0,3000.0,3000.0,3000.0,3000.0,700.0000000000005,3000.0,3000.0,3000.0,3000.0,3000.0,3000.0,3000.0,700.0000000000005,3000.0,3000.0,3000.0,3000.0,3000.0,3000.0,3000.0,3000.0,3000.0,3000.0,3000.0,3000.0,3000.0,3000.0,3000.0,3000.0,3000.0,3000.0,3000.0,3000.0,3000.0,3000.0,3000.0,3000.0,3000.0,3000.0,3000.0,3000.0,3000.0,3000.0,3000.0,3000.0,3000.0,3000.0,3000.0,3000.0,3000.0,3000.0,3000.0,3000.0,3000.0,3000.0,3000.0,3000.0,3000.0,3000.0,3000.0,3000.0,3000.0,3000.0,3000.0,3000.0,3000.0,3000.0,3000.0,3000.0,3000.0,3000.0,3000.0,3000.0,3000.0,3000.0,3000.0,3000.0,3000.0,3000.0,3000.0,3000.0,3000.0,3000.0,3000.0,3000.0,3000.0,3000.0,3000.0,3000.0,3000.0,3000.0,3000.0,3000.0,3000.0,3000.0,3000.0,3000.0,3000.0,3000.0,3000.0,3000.0,3000.0,3000.0,3000.0,3000.0,3000.0,3000.0,3000.0,3000.0,3000.0,3000.0,3000.0,3000.0,3000.0,3000.0,3000.0,3000.0,3000.0,3000.0,3000.0,3000.0,3000.0,3000.0,3000.0,3000.0,3000.0,3000.0,3000.0,3000.0,3000.0,3000.0,3000.0,3000.0,3000.0,3000.0,3000.0,3000.0,3000.0,3000.0,3000.0,3000.0,700.0000000000005,3000.0,3000.0,3000.0,3000.0,3000.0,3000.0,3000.0,700.0000000000005,3000.0,3000.0,3000.0,3000.0,3000.0,3000.0,3000.0,700.0000000000005,3000.0,3000.0,3000.0,3000.0,3000.0,3000.0,3000.0,700.0000000000005,3000.0,3000.0,3000.0,3000.0,3000.0,3000.0,3000.0,700.0000000000005,3000.0,3000.0,3000.0,3000.0,3000.0,3000.0,3000.0,700.0000000000005,3000.0,3000.0,3000.0,3000.0,3000.0,3000.0,3000.0,700.0000000000005,3000.0,3000.0,3000.0,3000.0,3000.0,3000.0,3000.0,700.0000000000005,3000.0,3000.0,3000.0,3000.0,3000.0,3000.0,3000.0
6667,333.33333333333326,337.0984444385058,348.8309120089526,369.9720880582474,403.43462894159694,454.71998114031777,534.6251572032254,666.6666666666663,333.33333333333326,337.0984444385058,348.8309120089526,369.9720880582474,403.43462894159694,454.71998114031777,534.6251572032254,666.6666666666663,333.33333333333326,337.0984444385058,348.8309120089526,369.9720880582474,403.43462894159694,454.71998114031777,534.6251572032254,666.6666666666663,333.33333333333326,337.0984444385058,348.8309120089526,369.9720880582474,403.43462894159694,454.71998114031777,534.6251572032254,666.6666666666663,333.33333333333326,337.0984444385058,348.8309120089526,369.9720880582474,403.43462894159694,454.71998114031777,534.6251572032254,666.6666666666663,333.33333333333326,337.0984444385058,348.8309120089526,369.9720880582474,403.43462894159694,454.71998114031777,534.6251572032254,666.6666666666663,333.33333333333326,337.0984444385058,348.8309120089526,369.9720880582474,403.43462894159694,454.71998114031777,534.6251572032254,666.6666666666663,333.33333333333326,337.0984444385058,348.8309120089526,369.9720880582474,403.43462894159694,454.71998114031777,534.6251572032254,666.6666666666663,666.6666666666663,534.6251572032254,454.71998114031777,403.43462894159694,369.9720880582474,348.8309120089526,337.0984444385058,333.33333333333326,666.6666666666663,534.6251572032254,454.71998114031777,403.43462894159694,369.9720880582474,348.8309120089526,337.0984444385058,333.33333333333326,666.6666666666663,534.6251572032254,454.71998114031777,403.43462894159694,369.9720880582474,348.8309120089526,337.0984444385058,333.33333333333326,666.6666666666663,534.6251572032254,454.71998114031777,403.43462894159694,369.9720880582474,348.8309120089526,337.0984444385058,333.33333333333326,666.6666666666663,534.6251572032254,454.71998114031777,403.43462894159694,369.9720880582474,348.8309120089526,337.0984444385058,333.33333333333326,666.6666666666663,534.6251572032254,454.71998114031777,403.43462894159694,369.9720880582474,348.8309120089526,337.0984444385058,333.33333333333326,666.6666666666663,534.6251572032254,454.71998114031777,403.43462894159694,369.9720880582474,348.8309120089526,337.0984444385058,333.33333333333326,666.6666666666663,534.6251572032254,454.71998114031777,403.43462894159694,369.9720880582474,348.8309120089526,337.0984444385058,333.33333333333326,3000.0,3000.0,3000.0,3000.0,3000.0,3000.0,3000.0,666.6666666666666,3000.0,3000.0,3000.0,3000.0,3000.0,3000.0,3000.0,666.6666666666666,3000.0,3000.0,3000.0,3000.0,3000.0,3000.0,3000.0,666.6666666666666,3000.0,3000.0,3000.0,3000.0,3000.0,3000.0,3000.0,666.6666666666666,3000.0,3000.0,3000.0,3000.0,3000.0,3000.0,3000.0,666.6666666666666,3000.0,3000.0,3000.0,3000.0,3000.0,3000.0,3000.0,666.6666666666666,3000.0,3000.0,3000.0,3000.0,3000.0,3000.0,3000.0,666.6666666666666,3000.0,3000.0,3000.0,3000.0,3000.0,3000.0,3000.0,666.6666666666666,3000.0,3000.0,3000.0,3000.0,3000.0,3000.0,3000.0,3000.0,3000.0,3000.0,3000.0,3000.0,3000.0,3000.0,3000.0,3000.0,3000.0,3000.0,3000.0,3000.0,3000.0,3000.0,3000.0,3000.0,3000.0,3000.0,3000.0,3000.0,3000.0,3000.0,3000.0,3000.0,3000.0,3000.0,3000.0,3000.0,3000.0,3000.0,3000.0,3000.0,3000.0,3000.0,3000.0,3000.0,3000.0,3000.0,3000.0,3000.0,3000.0,3000.0,3000.0,3000.0,3000.0,3000.0,3000.0,3000.0,3000.0,3000.0,3000.0,3000.0,3000.0,3000.0,3000.0,3000.0,3000.0,3000.0,3000.0,3000.0,3000.0,3000.0,3000.0,3000.0,3000.0,3000.0,3000.0,3000.0,3000.0,3000.0,3000.0,3000.0,3000.0,3000.0,3000.0,3000.0,3000.0,3000.0,3000.0,3000.0,3000.0,3000.0,3000.0,3000.0,3000.0,3000.0,3000.0,3000.0,3000.0,3000.0,3000.0,3000.0,3000.0,3000.0,3000.0,3000.0,3000.0,3000.0,3000.0,3000.0,3000.0,3000.0,3000.0,3000.0,3000.0,3000.0,3000.0,3000.0,3000.0,3000.0,3000.0,3000.0,3000.0,3000.0,3000.0,3000.0,3000.0,3000.0,3000.0,3000.0,666.6666666666666,3000.0,3000.0,3000.0,3000.0,3000.0,3000.0,3000.0,666.6666666666666,3000.0,3000.0,3000.0,3000.0,3000.0,3000.0,3000.0,666.6666666666666,3000.0,3000.0,3000.0,3000.0,3000.0,3000.0,3000.0,666.6666666666666,3000.0,3000.0,3000.0,3000.0,3000.0,3000.0,3000.0,666.6666666666666,3000.0,3000.0,3000.0,3000.0,3000.0,3000.0,3000.0,666.6666666666666,3000.0,3000.0,3000.0,3000.0,3000.0,3000.0,3000.0,666.6666666666666,3000.0,3000.0,3000.0,3000.0,3000.0,3000.0,3000.0,666.6666666666666,3000.0,3000.0,3000.0,3000.0,3000.0,3000.0,3000.0
6733,316.66666666666663,320.2435222165806,331.38936640850505,351.4734836553351,383.2628974945172,431.98398208330195,507.89389934306416,633.3333333333331,316.66666666666663,320.2435222165806,331.38936640850505,351.4734836553351,383.2628974945172,431.98398208330195,507.89389934306416,633.3333333333331,316.66666666666663,320.2435222165806,331.38936640850505,351.4734836553351,383.2628974945172,431.98398208330195,507.89389934306416,633.3333333333331,316.66666666666663,320.2435222165806,331.38936640850505,351.4734836553351,383.2628974945172,431.98398208330195,507.89389934306416,633.3333333333331,316.66666666666663,320.2435222165806,331.38936640850505,351.4734836553351,383.2628974945172,431.98398208330195,507.89389934306416,633.3333333333331,316.66666666666663,320.2435222165806,331.38936640850505,351.4734836553351,383.2628974945172,431.98398208330195,507.89389934306416,633.3333333333331,316.66666666666663,320.2435222165806,331.38936640850505,351.4734836553351,383.2628974945172,431.98398208330195,507.89389934306416,633.3333333333331,316.66666666666663,320.2435222165806,331.38936640850505,351.4734836553351,383.2628974945172,431.98398208330195,507.89389934306416,633.3333333333331,633.3333333333331,507.89389934306416,431.98398208330195,383.2628974945172,351.4734836553351,331.38936640850505,320.2435222165806,316.66666666666663,633.3333333333331,507.89389934306416,431.98398208330195,383.2628974945172,351.4734836553351,331.38936640850505,320.2435222165806,316.66666666666663,633.3333333333331,507.89389934306416,431.98398208330195,383.2628974945172,351.4734836553351,331.38936640850505,320.2435222165806,316.66666666666663,633.3333333333331,507.89389934306416,431.98398208330195,383.2628974945172,351.4734836553351,331.38936640850505,320.2435222165806,316.66666666666663,633.3333333333331,507.89389934306416,431.98398208330195,383.2628974945172,351.4734836553351,331.38936640850505,320.2435222165806,316.66666666666663,633.3333333333331,507.89389934306416,431.98398208330195,383.2628974945172,351.4734836553351,331.38936640850505,320.2435222165806,316.66666666666663,633.3333333333331,507.89389934306416,431.98398208330195,383.2628974945172,351.4734836553351,331.38936640850505,320.2435222165806,316.66666666666663,633.3333333333331,507.89389934306416,431.98398208330195,383.2628974945172,351.4734836553351,331.38936640850505,320.2435222165806,316.66666666666663,3000.0,3000.0,3000.0,3000.0,3000.0,3000.0,3000.0,633.3333333333335,3000.0,3000.0,3000.0,3000.0,3000.0,3000.0,3000.0,633.3333333333335,3000.0,3000.0,3000.0,3000.0,3000.0,3000.0,3000.0,633.3333333333335,3000.0,3000.0,3000.0,3000.0,3000.0,3000.0,3000.0,633.3333333333335,3000.0,3000.0,3000.0,3000.0,3000.0,3000.0,3000.0,633.3333333333335,3000.0,3000.0,3000.0,3000.0,3000.0,3000.0,3000.0,633.3333333333335,3000.0,3000.0,3000.0,3000.0,3000.0,3000.0,3000.0,633.3333333333335,3000.0,3000.0,3000.0,3000.0,3000.0,3000.0,3000.0,633.3333333333335,3000.0,3000.0,3000.0,3000.0,3000.0,3000.0,3000.0,3000.0,3000.0,3000.0,3000.0,3000.0,3000.0,3000.0,3000.0,3000.0,3000.0,3000.0,3000.0,3000.0,3000.0,3000.0,3000.0,3000.0,3000.0,3000.0,3000.0,3000.0,3000.0,3000.0,3000.0,3000.0,3000.0,3000.0,3000.0,3000.0,3000.0,3000.0,3000.0,3000.0,3000.0,3000.0,3000.0,3000.0,3000.0,3000.0,3000.0,3000.0,3000.0,3000.0,3000.0,3000.0,3000.0,3000.0,3000.0,3000.0,3000.0,3000.0,3000.0,3000.0,3000.0,3000.0,3000.0,3000.0,3000.0,3000.0,3000.0,3000.0,3000.0,3000.0,3000.0,3000.0,3000.0,3000.0,3000.0,3000.0,3000.0,3000.0,3000.0,3000.0,3000.0,3000.0,3000.0,3000.0,3000.0,3000.0,3000.0,3000.0,3000.0,3000.0,3000.0,3000.0,3000.0,3000.0,3000.0,3000.0,3000.0,3000.0,3000.0,3000.0,3000.0,3000.0,3000.0,3000.0,3000.0,3000.0,3000.0,3000.0,3000.0,3000.0,3000.0,3000.0,3000.0,3000.0,3000.0,3000.0,3000.0,3000.0,3000.0,3000.0,3000.0,3000.0,3000.0,3000.0,3000.0,3000.0,3000.0,3000.0,633.3333333333335,3000.0,3000.0,3000.0,3000.0,3000.0,3000.0,3000.0,633.3333333333335,3000.0,3000.0,3000.0,3000.0,3000.0,3000.0,3000.0,633.3333333333335,3000.0,3000.0,3000.0,3000.0,3000.0,3000.0,3000.0,633.3333333333335,3000.0,3000.0,3000.0,3000.0,3000.0,3000.0,3000.0,633.3333333333335,3000.0,3000.0,3000.0,3000.0,3000.0,3000.0,3000.0,633.3333333333335,3000.0,3000.0,3000.0,3000.0,3000.0,3000.0,3000.0,633.3333333333335,3000.0,3000.0,3000.0,3000.0,3000.0,3000.0,3000.0,633.3333333333335,3000.0,3000.0,3000.0,3000.0,3000.0,3000.0,3000.0
6800,300.00000000000006,303.38859999465535,313.9478208080575,332.97487925242274,363.0911660474374,409.24798302628614,481.1626414829029,599.9999999999999,300.00000000000006,303.38859999465535,313.9478208080575,332.97487925242274,363.0911660474374,409.24798302628614,481.1626414829029,599.9999999999999,300.00000000000006,303.38859999465535,313.9478208080575,332.97487925242274,363.0911660474374,409.24798302628614,481.1626414829029,599.9999999999999,300.00000000000006,303.38859999465535,313.9478208080575,332.97487925242274,363.0911660474374,409.24798302628614,481.1626414829029,599.9999999999999,300.00000000000006,303.38859999465535,313.9478208080575,332.97487925242274,363.0911660474374,409.24798302628614,481.1626414829029,599.9999999999999,300.00000000000006,303.38859999465535,313.9478208080575,332.97487925242274,363.0911660474374,409.24798302628614,481.1626414829029,599.9999999999999,300.00000000000006,303.38859999465535,313.9478208080575,332.97487925242274,363.0911660474374,409.24798302628614,481.1626414829029,599.9999999999999,300.00000000000006,303.38859999465535,313.9478208080575,332.97487925242274,363.0911660474374,409.24798302628614,481.1626414829029,599.9999999999999,599.9999999999999,481.1626414829029,409.24798302628614,363.0911660474374,332.97487925242274,313.9478208080575,303.38859999465535,300.00000000000006,599.9999999999999,481.1626414829029,409.24798302628614,363.0911660474374,332.97487925242274,313.9478208080575,303.38859999465535,300.00000000000006,599.9999999999999,481.1626414829029,409.24798302628614,363.0911660474374,332.97487925242274,313.9478208080575,303.38859999465535,300.00000000000006,599.9999999999999,481.1626414829029,409.24798302628614,363.0911660474374,332.97487925242274,313.9478208080575,303.38859999465535,300.00000000000006,599.9999999999999,481.1626414829029,409.24798302628614,363.0911660474374,332.97487925242274,313.9478208080575,303.38859999465535,300.00000000000006,599.9999999999999,481.1626414829029,409.24798302628614,363.0911660474374,332.97487925242274,313.9478208080575,303.38859999465535,300.00000000000006,599.9999999999999,481.1626414829029,409.24798302628614,363.0911660474374,332.97487925242274,313.9478208080575,303.38859999465535,300.00000000000006,599.9999999999999,481.1626414829029,409.24798302628614,363.0911660474374,332.97487925242274,313.9478208080575,303.38859999465535,300.00000000000006,3000.0,3000.0,3000.0,3000.0,3000.0,3000.0,821.1505962690206,600.0000000000002,3000.0,3000.0,3000.0,3000.0,3000.0,3000.0,821.1505962690206,600.0000000000002,3000.0,3000.0,3000.0,3000.0,3000.0,3000.0,821.1505962690206,600.0000000000002,3000.0,3000.0,3000.0,3000.0,3000.0,3000.0,821.1505962690206,600.0000000000002,3000.0,3000.0,3000.0,3000.0,3000.0,3000.0,821.1505962690206,600.0000000000002,3000.0,3000.0,3000.0,3000.0,3000.0,3000.0,821.1505962690206,600.0000000000002,3000.0,3000.0,3000.0,3000.0,3000.0,3000.0,821.1505962690206,600.0000000000002,3000.0,3000.0,3000.0,3000.0,3000.0,3000.0,821.1505962690206,600.0000000000002,3000.0,3000.0,3000.0,3000.0,3000.0,3000.0,3000.0,3000.0,3000.0,3000.0,3000.0,3000.0,3000.0,3000.0,3000.0,3000.0,3000.0,3000.0,3000.0,3000.0,3000.0,3000.0,3000.0,3000.0,3000.0,3000.0,3000.0,3000.0,3000.0,3000.0,3000.0,3000.0,3000.0,3000.0,3000.0,3000.0,3000.0,3000.0,3000.0,3000.0,3000.0,3000.0,3000.0,3000.0,3000.0,3000.0,3000.0,3000.0,3000.0,3000.0,3000.0,3000.0,3000.0,3000.0,3000.0,3000.0,3000.0,3000.0,3000.0,3000.0,3000.0,3000.0,3000.0,3000.0,3000.0,3000.0,3000.0,3000.0,3000.0,3000.0,3000.0,3000.0,3000.0,3000.0,3000.0,3000.0,3000.0,3000.0,3000.0,3000.0,3000.0,3000.0,3000.0,3000.0,3000.0,3000.0,3000.0,3000.0,3000.0,3000.0,3000.0,3000.0,3000.0,3000.0,3000.0,3000.0,3000.0,3000.0,3000.0,3000.0,3000.0,3000.0,3000.0,3000.0,3000.0,3000.0,3000.0,3000.0,3000.0,3000.0,3000.0,3000.0,3000.0,3000.0,3000.0,3000.0,3000.0,3000.0,3000.0,3000.0,3000.0,3000.0,3000.0,3000.0,3000.0,3000.0,3000.0,3000.0,600.0000000000002,821.1505962690202,3000.0,3000.0,3000.0,3000.0,3000.0,3000.0,600.0000000000002,821.1505962690202,3000.0,3000.0,3000.0,3000.0,3000.0,3000.0,600.0000000000002,821.1505962690202,3000.0,3000.0,3000.0,3000.0,3000.0,3000.0,600.0000000000002,821.1505962690202,3000.0,3000.0,3000.0,3000.0,3000.0,3000.0,600.0000000000002,821.1505962690202,3000.0,3000.0,3000.0,3000.0,3000.0,3000.0,600.0000000000002,821.1505962690202,3000.0,3000.0,3000.0,3000.0,3000.0,3000.0,600.0000000000002,821.1505962690202,3000.0,3000.0,3000.0,3000.0,3000.0,3000.0,600.0000000000002,821.1505962690202,3000.0,3000.0,3000.0,3000.0,3000.0,3000.0
6867,283.3333333333334,286.5336777727301,296.5062752076099,314.47627484951045,342.91943460035765,386.5119839692703,454.4313836227418,566.6666666666667,283.3333333333334,286.5336777727301,296.5062752076099,314.47627484951045,342.91943460035765,386.5119839692703,454.4313836227418,566.6666666666667,283.3333333333334,286.5336777727301,296.5062752076099,314.47627484951045,342.91943460035765,386.5119839692703,454.4313836227418,566.6666666666667,283.3333333333334,286.5336777727301,296.5062752076099,314.47627484951045,342.91943460035765,386.5119839692703,454.4313836227418,566.6666666666667,283.3333333333334,286.5336777727301,296.5062752076099,314.47627484951045,342.91943460035765,386.5119839692703,454.4313836227418,566.6666666666667,283.3333333333334,286.5336777727301,296.5062752076099,314.47627484951045,342.91943460035765,386.5119839692703,454.4313836227418,566.6666666666667,283.3333333333334,286.5336777727301,296.5062752076099,314.47627484951045,342.91943460035765,386.5119839692703,454.4313836227418,566.6666666666667,283.3333333333334,286.5336777727301,296.5062752076099,314.47627484951045,342.91943460035765,386.5119839692703,454.4313836227418,566.6666666666667,566.6666666666667,454.4313836227418,386.5119839692703,342.91943460035765,314.47627484951045,296.5062752076099,286.5336777727301,283.3333333333334,566.6666666666667,454.4313836227418,386.5119839692703,342.91943460035765,314.47627484951045,296.5062752076099,286.5336777727301,283.3333333333334,566.6666666666667,454.4313836227418,386.5119839692703,342.91943460035765,314.47627484951045,296.5062752076099,286.5336777727301,283.3333333333334,566.6666666666667,454.4313836227418,386.5119839692703,342.91943460035765,314.47627484951045,296.5062752076099,286.5336777727301,283.3333333333334,566.6666666666667,454.4313836227418,386.5119839692703,342.91943460035765,314.47627484951045,296.5062752076099,286.5336777727301,283.3333333333334,566.6666666666667,454.4313836227418,386.5119839692703,342.91943460035765,314.47627484951045,296.5062752076099,286.5336777727301,283.3333333333334,566.6666666666667,454.4313836227418,386.5119839692703,342.91943460035765,314.47627484951045,296.5062752076099,286.5336777727301,283.3333333333334,566.6666666666667,454.4313836227418,386.5119839692703,342.91943460035765,314.47627484951045,296.5062752076099,286.5336777727301,283.3333333333334,3000.0,3000.0,3000.0,3000.0,3000.0,3000.0,775.5311186985197,566.6666666666671,3000.0,3000.0,3000.0,3000.0,3000.0,3000.0,775.5311186985197,566.6666666666671,3000.0,3000.0,3000.0,3000.0,3000.0,3000.0,775.5311186985197,566.6666666666671,3000.0,3000.0,3000.0,3000.0,3000.0,3000.0,775.5311186985197,566.6666666666671,3000.0,3000.0,3000.0,3000.0,3000.0,3000.0,775.5311186985197,566.6666666666671,3000.0,3000.0,3000.0,3000.0,3000.0,3000.0,775.5311186985197,566.6666666666671,3000.0,3000.0,3000.0,3000.0,3000.0,3000.0,775.5311186985197,566.6666666666671,3000.0,3000.0,3000.0,3000.0,3000.0,3000.0,775.5311186985197,566.6666666666671,3000.0,3000.0,3000.0,3000.0,3000.0,3000.0,3000.0,3000.0,3000.0,3000.0,3000.0,3000.0,3000.0,3000.0,3000.0,3000.0,3000.0,3000.0,3000.0,3000.0,3000.0,3000.0,3000.0,3000.0,3000.0,3000.0,3000.0,3000.0,3000.0,3000.0,3000.0,3000.0,3000.0,3000.0,3000.0,3000.0,3000.0,3000.0,3000.0,3000.0,3000.0,3000.0,3000.0,3000.0,3000.0,3000.0,3000.0,3000.0,3000.0,3000.0,3000.0,3000.0,3000.0,3000.0,3000.0,3000.0,3000.0,3000.0,3000.0,3000.0,3000.0,3000.0,3000.0,3000.0,3000.0,3000.0,3000.0,3000.0,3000.0,3000.0,3000.0,3000.0,3000.0,3000.0,3000.0,3000.0,3000.0,3000.0,3000.0,3000.0,3000.0,3000.0,3000.0,3000.0,3000.0,3000.0,3000.0,3000.0,3000.0,3000.0,3000.0,3000.0,3000.0,3000.0,3000.0,3000.0,3000.0,3000.0,3000.0,3000.0,3000.0,3000.0,3000.0,3000.0,3000.0,3000.0,3000.0,3000.0,3000.0,3000.0,3000.0,3000.0,3000.0,3000.0,3000.0,3000.0,3000.0,3000.0,3000.0,3000.0,3000.0,3000.0,3000.0,3000.0,3000.0,3000.0,3000.0,3000.0,566.6666666666671,775.5311186985192,3000.0,3000.0,3000.0,3000.0,3000.0,3000.0,566.6666666666671,775.5311186985192,3000.0,3000.0,3000.0,3000.0,3000.0,3000.0,566.6666666666671,775.5311186985192,3000.0,3000.0,3000.0,3000.0,3000.0,3000.0,566.6666666666671,775.5311186985192,3000.0,3000.0,3000.0,3000.0,3000.0,3000.0,566.6666666666671,775.5311186985192,3000.0,3000.0,3000.0,3000.0,3000.0,3000.0,566.6666666666671,775.5311186985192,3000.0,3000.0,3000.0,3000.0,3000.0,3000.0,566.6666666666671,775.5311186985192,3000.0,3000.0,3000.0,3000.0,3000.0,3000.0,566.6666666666671,775.5311186985192,3000.0,3000.0,3000.0,3000.0,3000.0,3000.0
6933,266.66666666666663,269.6787555508046,279.0647296071621,295.97767044659787,322.74770315327754,363.7759849122542,427.7001257625803,533.3333333333331,266.66666666666663,269.6787555508046,279.0647296071621,295.97767044659787,322.74770315327754,363.7759849122542,427.7001257625803,533.3333333333331,266.66666666666663,269.6787555508046,279.0647296071621,295.97767044659787,322.74770315327754,363.7759849122542,427.7001257625803,533.3333333333331,266.66666666666663,269.6787555508046,279.0647296071621,295.97767044659787,322.74770315327754,363.7759849122542,427.7001257625803,533.3333333333331,266.66666666666663,269.6787555508046,279.0647296071621,295.97767044659787,322.74770315327754,363.7759849122542,427.7001257625803,533.3333333333331,266.66666666666663,269.6787555508046,279.0647296071621,295.97767044659787,322.74770315327754,363.7759849122542,427.7001257625803,533.3333333333331,266.66666666666663,269.6787555508046,279.0647296071621,295.97767044659787,322.74770315327754,363.7759849122542,427.7001257625803,533.3333333333331,266.66666666666663,269.6787555508046,279.0647296071621,295.97767044659787,322.74770315327754,363.7759849122542,427.7001257625803,533.3333333333331,533.3333333333331,427.7001257625803,363.7759849122542,322.74770315327754,295.97767044659787,279.0647296071621,269.6787555508046,266.66666666666663,533.3333333333331,427.7001257625803,363.7759849122542,322.74770315327754,295.97767044659787,279.0647296071621,269.6787555508046,266.66666666666663,533.3333333333331,427.7001257625803,363.7759849122542,322.74770315327754,295.97767044659787,279.0647296071621,269.6787555508046,266.66666666666663,533.3333333333331,427.7001257625803,363.7759849122542,322.74770315327754,295.97767044659787,279.0647296071621,269.6787555508046,266.66666666666663,533.3333333333331,427.7001257625803,363.7759849122542,322.74770315327754,295.97767044659787,279.0647296071621,269.6787555508046,266.66666666666663,533.3333333333331,427.7001257625803,363.7759849122542,322.74770315327754,295.97767044659787,279.0647296071621,269.6787555508046,266.66666666666663,533.3333333333331,427.7001257625803,363.7759849122542,322.74770315327754,295.97767044659787,279.0647296071621,269.6787555508046,266.66666666666663,533.3333333333331,427.7001257625803,363.7759849122542,322.74770315327754,295.97767044659787,279.0647296071621,269.6787555508046,266.66666666666663,3000.0,3000.0,3000.0,3000.0,3000.0,3000.0,729.9116411280181,533.3333333333334,3000.0,3000.0,3000.0,3000.0,3000.0,3000.0,729.9116411280181,533.3333333333334,3000.0,3000.0,3000.0,3000.0,3000.0,3000.0,729.9116411280181,533.3333333333334,3000.0,3000.0,3000.0,3000.0,3000.0,3000.0,729.9116411280181,533.3333333333334,3000.0,3000.0,3000.0,3000.0,3000.0,3000.0,729.9116411280181,533.3333333333334,3000.0,3000.0,3000.0,3000.0,3000.0,3000.0,729.9116411280181,533.3333333333334,3000.0,3000.0,3000.0,3000.0,3000.0,3000.0,729.9116411280181,533.3333333333334,3000.0,3000.0,3000.0,3000.0,3000.0,3000.0,729.9116411280181,533.3333333333334,3000.0,3000.0,3000.0,3000.0,3000.0,3000.0,3000.0,3000.0,3000.0,3000.0,3000.0,3000.0,3000.0,3000.0,3000.0,3000.0,3000.0,3000.0,3000.0,3000.0,3000.0,3000.0,3000.0,3000.0,3000.0,3000.0,3000.0,3000.0,3000.0,3000.0,3000.0,3000.0,3000.0,3000.0,3000.0,3000.0,3000.0,3000.0,3000.0,3000.0,3000.0,3000.0,3000.0,3000.0,3000.0,3000.0,3000.0,3000.0,3000.0,3000.0,3000.0,3000.0,3000.0,3000.0,3000.0,3000.0,3000.0,3000.0,3000.0,3000.0,3000.0,3000.0,3000.0,3000.0,3000.0,3000.0,3000.0,3000.0,3000.0,3000.0,3000.0,3000.0,3000.0,3000.0,3000.0,3000.0,3000.0,3000.0,3000.0,3000.0,3000.0,3000.0,3000.0,3000.0,3000.0,3000.0,3000.0,3000.0,3000.0,3000.0,3000.0,3000.0,3000.0,3000.0,3000.0,3000.0,3000.0,3000.0,3000.0,3000.0,3000.0,3000.0,3000.0,3000.0,3000.0,3000.0,3000.0,3000.0,3000.0,3000.0,3000.0,3000.0,3000.0,3000.0,3000.0,3000.0,3000.0,3000.0,3000.0,3000.0,3000.0,3000.0,3000.0,3000.0,3000.0,3000.0,3000.0,3000.0,533.3333333333334,729.9116411280177,3000.0,3000.0,3000.0,3000.0,3000.0,3000.0,533.3333333333334,729.9116411280177,3000.0,3000.0,3000.0,3000.0,3000.0,3000.0,533.3333333333334,729.9116411280177,3000.0,3000.0,3000.0,3000.0,3000.0,3000.0,533.3333333333334,729.9116411280177,3000.0,3000.0,3000.0,3000.0,3000.0,3000.0,533.3333333333334,729.9116411280177,3000.0,3000.0,3000.0,3000.0,3000.0,3000.0,533.3333333333334,729.9116411280177,3000.0,3000.0,3000.0,3000.0,3000.0,3000.0,533.3333333333334,729.9116411280177,3000.0,3000.0,3000.0,3000.0,3000.0,3000.0,533.3333333333334,729.9116411280177,3000.0,3000.0,3000.0,3000.0,3000.0,3000.0
7000,250.0,252.82383332887943,261.62318400671455,277.47906604368563,302.5759717061978,341.03998585523834,400.9688679024191,499.9999999999999,250.0,252.82383332887943,261.62318400671455,277.47906604368563,302.5759717061978,341.03998585523834,400.9688679024191,499.9999999999999,250.0,252.82383332887943,261.62318400671455,277.47906604368563,302.5759717061978,341.03998585523834,400.9688679024191,499.9999999999999,250.0,252.82383332887943,261.62318400671455,277.47906604368563,302.5759717061978,341.03998585523834,400.9688679024191,499.9999999999999,250.0,252.82383332887943,261.62318400671455,277.47906604368563,302.5759717061978,341.03998585523834,400.9688679024191,499.9999999999999,250.0,252.82383332887943,261.62318400671455,277.47906604368563,302.5759717061978,341.03998585523834,400.9688679024191,499.9999999999999,250.0,252.82383332887943,261.62318400671455,277.47906604368563,302.5759717061978,341.03998585523834,400.9688679024191,499.9999999999999,250.0,252.82383332887943,261.62318400671455,277.47906604368563,302.5759717061978,341.03998585523834,400.9688679024191,499.9999999999999,499.9999999999999,400.9688679024191,341.03998585523834,302.5759717061978,277.47906604368563,261.62318400671455,252.82383332887943,250.0,499.9999999999999,400.9688679024191,341.03998585523834,302.5759717061978,277.47906604368563,261.62318400671455,252.82383332887943,250.0,499.9999999999999,400.9688679024191,341.03998585523834,302.5759717061978,277.47906604368563,261.62318400671455,252.82383332887943,250.0,499.9999999999999,400.9688679024191,341.03998585523834,302.5759717061978,277.47906604368563,261.62318400671455,252.82383332887943,250.0,499.9999999999999,400.9688679024191,341.03998585523834,302.5759717061978,277.47906604368563,261.62318400671455,252.82383332887943,250.0,499.9999999999999,400.9688679024191,341.03998585523834,302.5759717061978,277.47906604368563,261.62318400671455,252.82383332887943,250.0,499.9999999999999,400.9688679024191,341.03998585523834,302.5759717061978,277.47906604368563,261.62318400671455,252.82383332887943,250.0,499.9999999999999,400.9688679024191,341.03998585523834,302.5759717061978,277.47906604368563,261.62318400671455,252.82383332887943,250.0,3000.0,3000.0,3000.0,3000.0,3000.0,3000.0,684.2921635575171,500.0000000000001,3000.0,3000.0,3000.0,3000.0,3000.0,3000.0,684.2921635575171,500.0000000000001,3000.0,3000.0,3000.0,3000.0,3000.0,3000.0,684.2921635575171,500.0000000000001,3000.0,3000.0,3000.0,3000.0,3000.0,3000.0,684.2921635575171,500.0000000000001,3000.0,3000.0,3000.0,3000.0,3000.0,3000.0,684.2921635575171,500.0000000000001,3000.0,3000.0,3000.0,3000.0,3000.0,3000.0,684.2921635575171,500.0000000000001,3000.0,3000.0,3000.0,3000.0,3000.0,3000.0,684.2921635575171,500.0000000000001,3000.0,3000.0,3000.0,3000.0,3000.0,3000.0,684.2921635575171,500.0000000000001,3000.0,3000.0,3000.0,3000.0,3000.0,3000.0,3000.0,3000.0,3000.0,3000.0,3000.0,3000.0,3000.0,3000.0,3000.0,3000.0,3000.0,3000.0,3000.0,3000.0,3000.0,3000.0,3000.0,3000.0,3000.0,3000.0,3000.0,3000.0,3000.0,3000.0,3000.0,3000.0,3000.0,3000.0,3000.0,3000.0,3000.0,3000.0,3000.0,3000.0,3000.0,3000.0,3000.0,3000.0,3000.0,3000.0,3000.0,3000.0,3000.0,3000.0,3000.0,3000.0,3000.0,3000.0,3000.0,3000.0,3000.0,3000.0,3000.0,3000.0,3000.0,3000.0,3000.0,3000.0,3000.0,3000.0,3000.0,3000.0,3000.0,3000.0,3000.0,3000.0,3000.0,3000.0,3000.0,3000.0,3000.0,3000.0,3000.0,3000.0,3000.0,3000.0,3000.0,3000.0,3000.0,3000.0,3000.0,3000.0,3000.0,3000.0,3000.0,3000.0,3000.0,3000.0,3000.0,3000.0,3000.0,3000.0,3000.0,3000.0,3000.0,3000.0,3000.0,3000.0,3000.0,3000.0,3000.0,3000.0,3000.0,3000.0,3000.0,3000.0,3000.0,3000.0,3000.0,3000.0,3000.0,3000.0,3000.0,3000.0,3000.0,3000.0,3000.0,3000.0,3000.0,3000.0,3000.0,3000.0,500.0000000000001,684.2921635575167,3000.0,3000.0,3000.0,3000.0,3000.0,3000.0,500.0000000000001,684.2921635575167,3000.0,3000.0,3000.0,3000.0,3000.0,3000.0,500.0000000000001,684.2921635575167,3000.0,3000.0,3000.0,3000.0,3000.0,3000.0,500.0000000000001,684.2921635575167,3000.0,3000.0,3000.0,3000.0,3000.0,3000.0,500.0000000000001,684.2921635575167,3000.0,3000.0,3000.0,3000.0,3000.0,3000.0,500.0000000000001,684.2921635575167,3000.0,3000.0,3000.0,3000.0,3000.0,3000.0,500.0000000000001,684.2921635575167,3000.0,3000.0,3000.0,3000.0,3000.0,3000.0,500.0000000000001,684.2921635575167,3000.0,3000.0,3000.0,3000.0,3000.0,3000.0
7067,233.3333333333334,235.96891110695418,244.18163840626698,258.98046164077334,282.404240259118,318.3039867982226,374.2376100422579,466.6666666666667,233.3333333333334,235.96891110695418,244.18163840626698,258.98046164077334,282.404240259118,318.3039867982226,374.2376100422579,466.6666666666667,233.3333333333334,235.96891110695418,244.18163840626698,258.98046164077334,282.404240259118,318.3039867982226,374.2376100422579,466.6666666666667,233.3333333333334,235.96891110695418,244.18163840626698,258.98046164077334,282.404240259118,318.3039867982226,374.2376100422579,466.6666666666667,233.3333333333334,235.96891110695418,244.18163840626698,258.98046164077334,282.404240259118,318.3039867982226,374.2376100422579,466.6666666666667,233.3333333333334,235.96891110695418,244.18163840626698,258.98046164077334,282.404240259118,318.3039867982226,374.2376100422579,466.6666666666667,233.3333333333334,235.96891110695418,244.18163840626698,258.98046164077334,282.404240259118,318.3039867982226,374.2376100422579,466.6666666666667,233.3333333333334,235.96891110695418,244.18163840626698,258.98046164077334,282.404240259118,318.3039867982226,374.2376100422579,466.6666666666667,466.6666666666667,374.2376100422579,318.3039867982226,282.404240259118,258.98046164077334,244.18163840626698,235.96891110695418,233.3333333333334,466.6666666666667,374.2376100422579,318.3039867982226,282.404240259118,258.98046164077334,244.18163840626698,235.96891110695418,233.3333333333334,466.6666666666667,374.2376100422579,318.3039867982226,282.404240259118,258.98046164077334,244.18163840626698,235.96891110695418,233.3333333333334,466.6666666666667,374.2376100422579,318.3039867982226,282.404240259118,258.98046164077334,244.18163840626698,235.96891110695418,233.3333333333334,466.6666666666667,374.2376100422579,318.3039867982226,282.404240259118,258.98046164077334,244.18163840626698,235.96891110695418,233.3333333333334,466.6666666666667,374.2376100422579,318.3039867982226,282.404240259118,258.98046164077334,244.18163840626698,235.96891110695418,233.3333333333334,466.6666666666667,374.2376100422579,318.3039867982226,282.404240259118,258.98046164077334,244.18163840626698,235.96891110695418,233.3333333333334,466.6666666666667,374.2376100422579,318.3039867982226,282.404240259118,258.98046164077334,244.18163840626698,235.96891110695418,233.3333333333334,3000.0,3000.0,3000.0,3000.0,3000.0,3000.0,638.672685987016,466.66666666666697,3000.0,3000.0,3000.0,3000.0,3000.0,3000.0,638.672685987016,466.66666666666697,3000.0,3000.0,3000.0,3000.0,3000.0,3000.0,638.672685987016,466.66666666666697,3000.0,3000.0,3000.0,3000.0,3000.0,3000.0,638.672685987016,466.66666666666697,3000.0,3000.0,3000.0,3000.0,3000.0,3000.0,638.672685987016,466.66666666666697,3000.0,3000.0,3000.0,3000.0,3000.0,3000.0,638.672685987016,466.66666666666697,3000.0,3000.0,3000.0,3000.0,3000.0,3000.0,638.672685987016,466.66666666666697,3000.0,3000.0,3000.0,3000.0,3000.0,3000.0,638.672685987016,466.66666666666697,3000.0,3000.0,3000.0,3000.0,3000.0,3000.0,3000.0,3000.0,3000.0,3000.0,3000.0,3000.0,3000.0,3000.0,3000.0,3000.0,3000.0,3000.0,3000.0,3000.0,3000.0,3000.0,3000.0,3000.0,3000.0,3000.0,3000.0,3000.0,3000.0,3000.0,3000.0,3000.0,3000.0,3000.0,3000.0,3000.0,3000.0,3000.0,3000.0,3000.0,3000.0,3000.0,3000.0,3000.0,3000.0,3000.0,3000.0,3000.0,3000.0,3000.0,3000.0,3000.0,3000.0,3000.0,3000.0,3000.0,3000.0,3000.0,3000.0,3000.0,3000.0,3000.0,3000.0,3000.0,3000.0,3000.0,3000.0,3000.0,3000.0,3000.0,3000.0,3000.0,3000.0,3000.0,3000.0,3000.0,3000.0,3000.0,3000.0,3000.0,3000.0,3000.0,3000.0,3000.0,3000.0,3000.0,3000.0,3000.0,3000.0,3000.0,3000.0,3000.0,3000.0,3000.0,3000.0,3000.0,3000.0,3000.0,3000.0,3000.0,3000.0,3000.0,3000.0,3000.0,3000.0,3000.0,3000.0,3000.0,3000.0,3000.0,3000.0,3000.0,3000.0,3000.0,3000.0,3000.0,3000.0,3000.0,3000.0,3000.0,3000.0,3000.0,3000.0,3000.0,3000.0,3000.0,3000.0,3000.0,466.66666666666697,638.6726859870157,3000.0,3000.0,3000.0,3000.0,3000.0,3000.0,466.66666666666697,638.6726859870157,3000.0,3000.0,3000.0,3000.0,3000.0,3000.0,466.66666666666697,638.6726859870157,3000.0,3000.0,3000.0,3000.0,3000.0,3000.0,466.66666666666697,638.6726859870157,3000.0,3000.0,3000.0,3000.0,3000.0,3000.0,466.66666666666697,638.6726859870157,3000.0,3000.0,3000.0,3000.0,3000.0,3000.0,466.66666666666697,638.6726859870157,3000.0,3000.0,3000.0,3000.0,3000.0,3000.0,466.66666666666697,638.6726859870157,3000.0,3000.0,3000.0,3000.0,3000.0,3000.0,466.66666666666697,638.6726859870157,3000.0,3000.0,3000.0,3000.0,3000.0,3000.0
7133,216.66666666666657,219.1139888850287,226.74009280581916,240.48185723786074,262.23250881203796,295.5679877412065,347.50635218209635,433.33333333333303,216.66666666666657,219.1139888850287,226.74009280581916,240.48185723786074,262.23250881203796,295.5679877412065,347.50635218209635,433.33333333333303,216.66666666666657,219.1139888850287,226.74009280581916,240.48185723786074,262.23250881203796,295.5679877412065,347.50635218209635,433.33333333333303,216.66666666666657,219.1139888850287,226.74009280581916,240.48185723786074,262.23250881203796,295.5679877412065,347.50635218209635,433.33333333333303,216.66666666666657,219.1139888850287,226.74009280581916,240.48185723786074,262.23250881203796,295.5679877412065,347.50635218209635,433.33333333333303,216.66666666666657,219.1139888850287,226.74009280581916,240.48185723786074,262.23250881203796,295.5679877412065,347.50635218209635,433.33333333333303,216.66666666666657,219.1139888850287,226.74009280581916,240.48185723786074,262.23250881203796,295.5679877412065,347.50635218209635,433.33333333333303,216.66666666666657,219.1139888850287,226.74009280581916,240.48185723786074,262.23250881203796,295.5679877412065,347.50635218209635,433.33333333333303,433.33333333333303,347.50635218209635,295.5679877412065,262.23250881203796,240.48185723786074,226.74009280581916,219.1139888850287,216.66666666666657,433.33333333333303,347.50635218209635,295.5679877412065,262.23250881203796,240.48185723786074,226.74009280581916,219.1139888850287,216.66666666666657,433.33333333333303,347.50635218209635,295.5679877412065,262.23250881203796,240.48185723786074,226.74009280581916,219.1139888850287,216.66666666666657,433.33333333333303,347.50635218209635,295.5679877412065,262.23250881203796,240.48185723786074,226.74009280581916,219.1139888850287,216.66666666666657,433.33333333333303,347.50635218209635,295.5679877412065,262.23250881203796,240.48185723786074,226.74009280581916,219.1139888850287,216.66666666666657,433.33333333333303,347.50635218209635,295.5679877412065,262.23250881203796,240.48185723786074,226.74009280581916,219.1139888850287,216.66666666666657,433.33333333333303,347.50635218209635,295.5679877412065,262.23250881203796,240.48185723786074,226.74009280581916,219.1139888850287,216.66666666666657,433.33333333333303,347.50635218209635,295.5679877412065,262.23250881203796,240.48185723786074,226.74009280581916,219.1139888850287,216.66666666666657,3000.0,3000.0,3000.0,3000.0,3000.0,3000.0,593.0532084165145,433.33333333333326,3000.0,3000.0,3000.0,3000.0,3000.0,3000.0,593.0532084165145,433.33333333333326,3000.0,3000.0,3000.0,3000.0,3000.0,3000.0,593.0532084165145,433.33333333333326,3000.0,3000.0,3000.0,3000.0,3000.0,3000.0,593.0532084165145,433.33333333333326,3000.0,3000.0,3000.0,3000.0,3000.0,3000.0,593.0532084165145,433.33333333333326,3000.0,3000.0,3000.0,3000.0,3000.0,3000.0,593.0532084165145,433.33333333333326,3000.0,3000.0,3000.0,3000.0,3000.0,3000.0,593.0532084165145,433.33333333333326,3000.0,3000.0,3000.0,3000.0,3000.0,3000.0,593.0532084165145,433.33333333333326,3000.0,3000.0,3000.0,3000.0,3000.0,3000.0,3000.0,3000.0,3000.0,3000.0,3000.0,3000.0,3000.0,3000.0,3000.0,3000.0,3000.0,3000.0,3000.0,3000.0,3000.0,3000.0,3000.0,3000.0,3000.0,3000.0,3000.0,3000.0,3000.0,3000.0,3000.0,3000.0,3000.0,3000.0,3000.0,3000.0,3000.0,3000.0,3000.0,3000.0,3000.0,3000.0,3000.0,3000.0,3000.0,3000.0,3000.0,3000.0,3000.0,3000.0,3000.0,3000.0,3000.0,3000.0,3000.0,3000.0,3000.0,3000.0,3000.0,3000.0,3000.0,3000.0,3000.0,3000.0,3000.0,3000.0,3000.0,3000.0,3000.0,3000.0,3000.0,3000.0,3000.0,3000.0,3000.0,3000.0,3000.0,3000.0,3000.0,3000.0,3000.0,3000.0,3000.0,3000.0,3000.0,3000.0,3000.0,3000.0,3000.0,3000.0,3000.0,3000.0,3000.0,3000.0,3000.0,3000.0,3000.0,3000.0,3000.0,3000.0,3000.0,3000.0,3000.0,3000.0,3000.0,3000.0,3000.0,3000.0,3000.0,3000.0,3000.0,3000.0,3000.0,3000.0,3000.0,3000.0,3000.0,3000.0,3000.0,3000.0,3000.0,3000.0,3000.0,3000.0,3000.0,3000.0,3000.0,3000.0,433.33333333333326,593.0532084165142,3000.0,3000.0,3000.0,3000.0,3000.0,3000.0,433.33333333333326,593.0532084165142,3000.0,3000.0,3000.0,3000.0,3000.0,3000.0,433.33333333333326,593.0532084165142,3000.0,3000.0,3000.0,3000.0,3000.0,3000.0,433.33333333333326,593.0532084165142,3000.0,3000.0,3000.0,3000.0,3000.0,3000.0,433.33333333333326,593.0532084165142,3000.0,3000.0,3000.0,3000.0,3000.0,3000.0,433.33333333333326,593.0532084165142,3000.0,3000.0,3000.0,3000.0,3000.0,3000.0,433.33333333333326,593.0532084165142,3000.0,3000.0,3000.0,3000.0,3000.0,3000.0,433.33333333333326,593.0532084165142,3000.0,3000.0,3000.0,3000.0,3000.0,3000.0
7200,199.99999999999994,202.25906666310348,209.2985472053716,221.98325283494844,242.06077736495817,272.83198868419066,320.77509432193517,399.9999999999998,199.99999999999994,202.25906666310348,209.2985472053716,221.98325283494844,242.06077736495817,272.83198868419066,320.77509432193517,399.9999999999998,199.99999999999994,202.25906666310348,209.2985472053716,221.98325283494844,242.06077736495817,272.83198868419066,320.77509432193517,399.9999999999998,199.99999999999994,202.25906666310348,209.2985472053716,221.98325283494844,242.06077736495817,272.83198868419066,320.77509432193517,399.9999999999998,199.99999999999994,202.25906666310348,209.2985472053716,221.98325283494844,242.06077736495817,272.83198868419066,320.77509432193517,399.9999999999998,199.99999999999994,202.25906666310348,209.2985472053716,221.98325283494844,242.06077736495817,272.83198868419066,320.77509432193517,399.9999999999998,199.99999999999994,202.25906666310348,209.2985472053716,221.98325283494844,242.06077736495817,272.83198868419066,320.77509432193517,399.9999999999998,199.99999999999994,202.25906666310348,209.2985472053716,221.98325283494844,242.06077736495817,272.83198868419066,320.77509432193517,399.9999999999998,399.9999999999998,320.77509432193517,272.83198868419066,242.06077736495817,221.98325283494844,209.2985472053716,202.25906666310348,199.99999999999994,399.9999999999998,320.77509432193517,272.83198868419066,242.06077736495817,221.98325283494844,209.2985472053716,202.25906666310348,199.99999999999994,399.9999999999998,320.77509432193517,272.83198868419066,242.06077736495817,221.98325283494844,209.2985472053716,202.25906666310348,199.99999999999994,399.9999999999998,320.77509432193517,272.83198868419066,242.06077736495817,221.98325283494844,209.2985472053716,202.25906666310348,199.99999999999994,399.9999999999998,320.77509432193517,272.83198868419066,242.06077736495817,221.98325283494844,209.2985472053716,202.25906666310348,199.99999999999994,399.9999999999998,320.77509432193517,272.83198868419066,242.06077736495817,221.98325283494844,209.2985472053716,202.25906666310348,199.99999999999994,399.9999999999998,320.77509432193517,272.83198868419066,242.06077736495817,221.98325283494844,209.2985472053716,202.25906666310348,199.99999999999994,399.9999999999998,320.77509432193517,272.83198868419066,242.06077736495817,221.98325283494844,209.2985472053716,202.25906666310348,199.99999999999994,3000.0,3000.0,3000.0,3000.0,3000.0,3000.0,547.4337308460135,400.0,3000.0,3000.0,3000.0,3000.0,3000.0,3000.0,547.4337308460135,400.0,3000.0,3000.0,3000.0,3000.0,3000.0,3000.0,547.4337308460135,400.0,3000.0,3000.0,3000.0,3000.0,3000.0,3000.0,547.4337308460135,400.0,3000.0,3000.0,3000.0,3000.0,3000.0,3000.0,547.4337308460135,400.0,3000.0,3000.0,3000.0,3000.0,3000.0,3000.0,547.4337308460135,400.0,3000.0,3000.0,3000.0,3000.0,3000.0,3000.0,547.4337308460135,400.0,3000.0,3000.0,3000.0,3000.0,3000.0,3000.0,547.4337308460135,400.0,3000.0,3000.0,3000.0,3000.0,3000.0,3000.0,3000.0,3000.0,3000.0,3000.0,3000.0,3000.0,3000.0,3000.0,3000.0,3000.0,3000.0,3000.0,3000.0,3000.0,3000.0,3000.0,3000.0,3000.0,3000.0,3000.0,3000.0,3000.0,3000.0,3000.0,3000.0,3000.0,3000.0,3000.0,3000.0,3000.0,3000.0,3000.0,3000.0,3000.0,3000.0,3000.0,3000.0,3000.0,3000.0,3000.0,3000.0,3000.0,3000.0,3000.0,3000.0,3000.0,3000.0,3000.0,3000.0,3000.0,3000.0,3000.0,3000.0,3000.0,3000.0,3000.0,3000.0,3000.0,3000.0,3000.0,3000.0,3000.0,3000.0,3000.0,3000.0,3000.0,3000.0,3000.0,3000.0,3000.0,3000.0,3000.0,3000.0,3000.0,3000.0,3000.0,3000.0,3000.0,3000.0,3000.0,3000.0,3000.0,3000.0,3000.0,3000.0,3000.0,3000.0,3000.0,3000.0,3000.0,3000.0,3000.0,3000.0,3000.0,3000.0,3000.0,3000.0,3000.0,3000.0,3000.0,3000.0,3000.0,3000.0,3000.0,3000.0,3000.0,3000.0,3000.0,3000.0,3000.0,3000.0,3000.0,3000.0,3000.0,3000.0,3000.0,3000.0,3000.0,3000.0,3000.0,3000.0,3000.0,400.0,547.4337308460132,3000.0,3000.0,3000.0,3000.0,3000.0,3000.0,400.0,547.4337308460132,3000.0,3000.0,3000.0,3000.0,3000.0,3000.0,400.0,547.4337308460132,3000.0,3000.0,3000.0,3000.0,3000.0,3000.0,400.0,547.4337308460132,3000.0,3000.0,3000.0,3000.0,3000.0,3000.0,400.0,547.4337308460132,3000.0,3000.0,3000.0,3000.0,3000.0,3000.0,400.0,547.4337308460132,3000.0,3000.0,3000.0,3000.0,3000.0,3000.0,400.0,547.4337308460132,3000.0,3000.0,3000.0,3000.0,3000.0,3000.0,400.0,547.4337308460132,3000.0,3000.0,3000.0,3000.0,3000.0,3000.0
7267,183.33333333333334,185.40414444117826,191.85700160492402,203.48464843203615,221.8890459178784,250.09598962717484,294.043836461774,366.66666666666663,183.33333333333334,185.40414444117826,191.85700160492402,203.48464843203615,221.8890459178784,250.09598962717484,294.043836461774,366.66666666666663,183.33333333333334,185.40414444117826,191.85700160492402,203.48464843203615,221.8890459178784,250.09598962717484,294.043836461774,366.66666666666663,183.33333333333334,185.40414444117826,191.85700160492402,203.48464843203615,221.8890459178784,250.09598962717484,294.043836461774,366.66666666666663,183.33333333333334,185.40414444117826,191.85700160492402,203.48464843203615,221.8890459178784,250.09598962717484,294.043836461774,366.66666666666663,183.33333333333334,185.40414444117826,191.85700160492402,203.48464843203615,221.8890459178784,250.09598962717484,294.043836461774,366.66666666666663,183.33333333333334,185.40414444117826,191.85700160492402,203.48464843203615,221.8890459178784,250.09598962717484,294.043836461774,366.66666666666663,183.33333333333334,185.40414444117826,191.85700160492402,203.48464843203615,221.8890459178784,250.09598962717484,294.043836461774,366.66666666666663,366.66666666666663,294.043836461774,250.09598962717484,221.8890459178784,203.48464843203615,191.85700160492402,185.40414444117826,183.33333333333334,366.66666666666663,294.043836461774,250.09598962717484,221.8890459178784,203.48464843203615,191.85700160492402,185.40414444117826,183.33333333333334,366.66666666666663,294.043836461774,250.09598962717484,221.8890459178784,203.48464843203615,191.85700160492402,185.40414444117826,183.33333333333334,366.66666666666663,294.043836461774,250.09598962717484,221.8890459178784,203.48464843203615,191.85700160492402,185.40414444117826,183.33333333333334,366.66666666666663,294.043836461774,250.09598962717484,221.8890459178784,203.48464843203615,191.85700160492402,185.40414444117826,183.33333333333334,366.66666666666663,294.043836461774,250.09598962717484,221.8890459178784,203.48464843203615,191.85700160492402,185.40414444117826,183.33333333333334,366.66666666666663,294.043836461774,250.09598962717484,221.8890459178784,203.48464843203615,191.85700160492402,185.40414444117826,183.33333333333334,366.66666666666663,294.043836461774,250.09598962717484,221.8890459178784,203.48464843203615,191.85700160492402,185.40414444117826,183.33333333333334,3000.0,3000.0,3000.0,3000.0,3000.0,3000.0,501.81425327551267,366.6666666666668,3000.0,3000.0,3000.0,3000.0,3000.0,3000.0,501.81425327551267,366.6666666666668,3000.0,3000.0,3000.0,3000.0,3000.0,3000.0,501.81425327551267,366.6666666666668,3000.0,3000.0,3000.0,3000.0,3000.0,3000.0,501.81425327551267,366.6666666666668,3000.0,3000.0,3000.0,3000.0,3000.0,3000.0,501.81425327551267,366.6666666666668,3000.0,3000.0,3000.0,3000.0,3000.0,3000.0,501.81425327551267,366.6666666666668,3000.0,3000.0,3000.0,3000.0,3000.0,3000.0,501.81425327551267,366.6666666666668,3000.0,3000.0,3000.0,3000.0,3000.0,3000.0,501.81425327551267,366.6666666666668,3000.0,3000.0,3000.0,3000.0,3000.0,3000.0,3000.0,3000.0,3000.0,3000.0,3000.0,3000.0,3000.0,3000.0,3000.0,3000.0,3000.0,3000.0,3000.0,3000.0,3000.0,3000.0,3000.0,3000.0,3000.0,3000.0,3000.0,3000.0,3000.0,3000.0,3000.0,3000.0,3000.0,3000.0,3000.0,3000.0,3000.0,3000.0,3000.0,3000.0,3000.0,3000.0,3000.0,3000.0,3000.0,3000.0,3000.0,3000.0,3000.0,3000.0,3000.0,3000.0,3000.0,3000.0,3000.0,3000.0,3000.0,3000.0,3000.0,3000.0,3000.0,3000.0,3000.0,3000.0,3000.0,3000.0,3000.0,3000.0,3000.0,3000.0,3000.0,3000.0,3000.0,3000.0,3000.0,3000.0,3000.0,3000.0,3000.0,3000.0,3000.0,3000.0,3000.0,3000.0,3000.0,3000.0,3000.0,3000.0,3000.0,3000.0,3000.0,3000.0,3000.0,3000.0,3000.0,3000.0,3000.0,3000.0,3000.0,3000.0,3000.0,3000.0,3000.0,3000.0,3000.0,3000.0,3000.0,3000.0,3000.0,3000.0,3000.0,3000.0,3000.0,3000.0,3000.0,3000.0,3000.0,3000.0,3000.0,3000.0,3000.0,3000.0,3000.0,3000.0,3000.0,3000.0,3000.0,3000.0,366.6666666666668,501.8142532755123,3000.0,3000.0,3000.0,3000.0,3000.0,3000.0,366.6666666666668,501.8142532755123,3000.0,3000.0,3000.0,3000.0,3000.0,3000.0,366.6666666666668,501.8142532755123,3000.0,3000.0,3000.0,3000.0,3000.0,3000.0,366.6666666666668,501.8142532755123,3000.0,3000.0,3000.0,3000.0,3000.0,3000.0,366.6666666666668,501.8142532755123,3000.0,3000.0,3000.0,3000.0,3000.0,3000.0,366.6666666666668,501.8142532755123,3000.0,3000.0,3000.0,3000.0,3000.0,3000.0,366.6666666666668,501.8142532755123,3000.0,3000.0,3000.0,3000.0,3000.0,3000.0,366.6666666666668,501.8142532755123,3000.0,3000.0,3000.0,3000.0,3000.0,3000.0
7333,166.6666666666667,168.549222219253,174.41545600447643,184.9860440291238,201.7173144707986,227.35999057015903,267.3125786016128,333.33333333333337,166.6666666666667,168.549222219253,174.41545600447643,184.9860440291238,201.7173144707986,227.35999057015903,267.3125786016128,333.33333333333337,166.6666666666667,168.549222219253,174.41545600447643,184.9860440291238,201.7173144707986,227.35999057015903,267.3125786016128,333.33333333333337,166.6666666666667,168.549222219253,174.41545600447643,184.9860440291238,201.7173144707986,227.35999057015903,267.3125786016128,333.33333333333337,166.6666666666667,168.549222219253,174.41545600447643,184.9860440291238,201.7173144707986,227.35999057015903,267.3125786016128,333.33333333333337,166.6666666666667,168.549222219253,174.41545600447643,184.9860440291238,201.7173144707986,227.35999057015903,267.3125786016128,333.33333333333337,166.6666666666667,168.549222219253,174.41545600447643,184.9860440291238,201.7173144707986,227.35999057015903,267.3125786016128,333.33333333333337,166.6666666666667,168.549222219253,174.41545600447643,184.9860440291238,201.7173144707986,227.35999057015903,267.3125786016128,333.33333333333337,333.33333333333337,267.3125786016128,227.35999057015903,201.7173144707986,184.9860440291238,174.41545600447643,168.549222219253,166.6666666666667,333.33333333333337,267.3125786016128,227.35999057015903,201.7173144707986,184.9860440291238,174.41545600447643,168.549222219253,166.6666666666667,333.33333333333337,267.3125786016128,227.35999057015903,201.7173144707986,184.9860440291238,174.41545600447643,168.549222219253,166.6666666666667,333.33333333333337,267.3125786016128,227.35999057015903,201.7173144707986,184.9860440291238,174.41545600447643,168.549222219253,166.6666666666667,333.33333333333337,267.3125786016128,227.35999057015903,201.7173144707986,184.9860440291238,174.41545600447643,168.549222219253,166.6666666666667,333.33333333333337,267.3125786016128,227.35999057015903,201.7173144707986,184.9860440291238,174.41545600447643,168.549222219253,166.6666666666667,333.33333333333337,267.3125786016128,227.35999057015903,201.7173144707986,184.9860440291238,174.41545600447643,168.549222219253,166.6666666666667,333.33333333333337,267.3125786016128,227.35999057015903,201.7173144707986,184.9860440291238,174.41545600447643,168.549222219253,166.6666666666667,3000.0,3000.0,3000.0,3000.0,3000.0,748.9932012391558,456.1947757050115,333.33333333333354,3000.0,3000.0,3000.0,3000.0,3000.0,748.9932012391558,456.1947757050115,333.33333333333354,3000.0,3000.0,3000.0,3000.0,3000.0,748.9932012391558,456.1947757050115,333.33333333333354,3000.0,3000.0,3000.0,3000.0,3000.0,748.9932012391558,456.1947757050115,333.33333333333354,3000.0,3000.0,3000.0,3000.0,3000.0,748.9932012391558,456.1947757050115,333.33333333333354,3000.0,3000.0,3000.0,3000.0,3000.0,748.9932012391558,456.1947757050115,333.33333333333354,3000.0,3000.0,3000.0,3000.0,3000.0,748.9932012391558,456.1947757050115,333.33333333333354,3000.0,3000.0,3000.0,3000.0,3000.0,748.9932012391558,456.1947757050115,333.33333333333354,3000.0,3000.0,3000.0,3000.0,3000.0,3000.0,3000.0,3000.0,3000.0,3000.0,3000.0,3000.0,3000.0,3000.0,3000.0,3000.0,3000.0,3000.0,3000.0,3000.0,3000.0,3000.0,3000.0,3000.0,3000.0,3000.0,3000.0,3000.0,3000.0,3000.0,3000.0,3000.0,3000.0,3000.0,3000.0,3000.0,3000.0,3000.0,3000.0,3000.0,3000.0,3000.0,3000.0,3000.0,3000.0,3000.0,3000.0,3000.0,3000.0,3000.0,3000.0,3000.0,3000.0,3000.0,3000.0,3000.0,3000.0,3000.0,3000.0,3000.0,3000.0,3000.0,3000.0,3000.0,3000.0,3000.0,3000.0,3000.0,3000.0,3000.0,3000.0,3000.0,3000.0,3000.0,3000.0,3000.0,3000.0,3000.0,3000.0,3000.0,3000.0,3000.0,3000.0,3000.0,3000.0,3000.0,3000.0,3000.0,3000.0,3000.0,3000.0,3000.0,3000.0,3000.0,3000.0,3000.0,3000.0,3000.0,3000.0,3000.0,3000.0,3000.0,3000.0,3000.0,3000.0,3000.0,3000.0,3000.0,3000.0,3000.0,3000.0,3000.0,3000.0,3000.0,3000.0,3000.0,3000.0,3000.0,3000.0,3000.0,3000.0,3000.0,3000.0,3000.0,3000.0,3000.0,3000.0,3000.0,333.33333333333354,456.1947757050113,748.9932012391558,3000.0,3000.0,3000.0,3000.0,3000.0,333.33333333333354,456.1947757050113,748.9932012391558,3000.0,3000.0,3000.0,3000.0,3000.0,333.33333333333354,456.1947757050113,748.9932012391558,3000.0,3000.0,3000.0,3000.0,3000.0,333.33333333333354,456.1947757050113,748.9932012391558,3000.0,3000.0,3000.0,3000.0,3000.0,333.33333333333354,456.1947757050113,748.9932012391558,3000.0,3000.0,3000.0,3000.0,3000.0,333.33333333333354,456.1947757050113,748.9932012391558,3000.0,3000.0,3000.0,3000.0,3000.0,333.33333333333354,456.1947757050113,748.9932012391558,3000.0,3000.0,3000.0,3000.0,3000.0,333.33333333333354,456.1947757050113,748.9932012391558,3000.0,3000.0,3000.0,3000.0,3000.0
7400,149.99999999999991,151.69429999732756,156.97391040402863,166.48743962621126,181.54558302371856,204.62399151314293,240.5813207414513,299.9999999999998,149.99999999999991,151.69429999732756,156.97391040402863,166.48743962621126,181.54558302371856,204.62399151314293,240.5813207414513,299.9999999999998,149.99999999999991,151.69429999732756,156.97391040402863,166.48743962621126,181.54558302371856,204.62399151314293,240.5813207414513,299.9999999999998,149.99999999999991,151.69429999732756,156.97391040402863,166.48743962621126,181.54558302371856,204.62399151314293,240.5813207414513,299.9999999999998,149.99999999999991,151.69429999732756,156.97391040402863,166.48743962621126,181.54558302371856,204.62399151314293,240.5813207414513,299.9999999999998,149.99999999999991,151.69429999732756,156.97391040402863,166.48743962621126,181.54558302371856,204.62399151314293,240.5813207414513,299.9999999999998,149.99999999999991,151.69429999732756,156.97391040402863,166.48743962621126,181.54558302371856,204.62399151314293,240.5813207414513,299.9999999999998,149.99999999999991,151.69429999732756,156.97391040402863,166.48743962621126,181.54558302371856,204.62399151314293,240.5813207414513,299.9999999999998,299.9999999999998,240.5813207414513,204.62399151314293,181.54558302371856,166.48743962621126,156.97391040402863,151.69429999732756,149.99999999999991,299.9999999999998,240.5813207414513,204.62399151314293,181.54558302371856,166.48743962621126,156.97391040402863,151.69429999732756,149.99999999999991,299.9999999999998,240.5813207414513,204.62399151314293,181.54558302371856,166.48743962621126,156.97391040402863,151.69429999732756,149.99999999999991,299.9999999999998,240.5813207414513,204.62399151314293,181.54558302371856,166.48743962621126,156.97391040402863,151.69429999732756,149.99999999999991,299.9999999999998,240.5813207414513,204.62399151314293,181.54558302371856,166.48743962621126,156.97391040402863,151.69429999732756,149.99999999999991,299.9999999999998,240.5813207414513,204.62399151314293,181.54558302371856,166.48743962621126,156.97391040402863,151.69429999732756,149.99999999999991,299.9999999999998,240.5813207414513,204.62399151314293,181.54558302371856,166.48743962621126,156.97391040402863,151.69429999732756,149.99999999999991,299.9999999999998,240.5813207414513,204.62399151314293,181.54558302371856,166.48743962621126,156.97391040402863,151.69429999732756,149.99999999999991,3000.0,3000.0,3000.0,3000.0,3000.0,674.0938811152396,410.57529813451004,299.99999999999994,3000.0,3000.0,3000.0,3000.0,3000.0,674.0938811152396,410.57529813451004,299.99999999999994,3000.0,3000.0,3000.0,3000.0,3000.0,674.0938811152396,410.57529813451004,299.99999999999994,3000.0,3000.0,3000.0,3000.0,3000.0,674.0938811152396,410.57529813451004,299.99999999999994,3000.0,3000.0,3000.0,3000.0,3000.0,674.0938811152396,410.57529813451004,299.99999999999994,3000.0,3000.0,3000.0,3000.0,3000.0,674.0938811152396,410.57529813451004,299.99999999999994,3000.0,3000.0,3000.0,3000.0,3000.0,674.0938811152396,410.57529813451004,299.99999999999994,3000.0,3000.0,3000.0,3000.0,3000.0,674.0938811152396,410.57529813451004,299.99999999999994,3000.0,3000.0,3000.0,3000.0,3000.0,3000.0,3000.0,3000.0,3000.0,3000.0,3000.0,3000.0,3000.0,3000.0,3000.0,3000.0,3000.0,3000.0,3000.0,3000.0,3000.0,3000.0,3000.0,3000.0,3000.0,3000.0,3000.0,3000.0,3000.0,3000.0,3000.0,3000.0,3000.0,3000.0,3000.0,3000.0,3000.0,3000.0,3000.0,3000.0,3000.0,3000.0,3000.0,3000.0,3000.0,3000.0,3000.0,3000.0,3000.0,3000.0,3000.0,3000.0,3000.0,3000.0,3000.0,3000.0,3000.0,3000.0,3000.0,3000.0,3000.0,3000.0,3000.0,3000.0,3000.0,3000.0,3000.0,3000.0,3000.0,3000.0,3000.0,3000.0,3000.0,3000.0,3000.0,3000.0,3000.0,3000.0,3000.0,3000.0,3000.0,3000.0,3000.0,3000.0,3000.0,3000.0,3000.0,3000.0,3000.0,3000.0,3000.0,3000.0,3000.0,3000.0,3000.0,3000.0,3000.0,3000.0,3000.0,3000.0,3000.0,3000.0,3000.0,3000.0,3000.0,3000.0,3000.0,3000.0,3000.0,3000.0,3000.0,3000.0,3000.0,3000.0,3000.0,3000.0,3000.0,3000.0,3000.0,3000.0,3000.0,3000.0,3000.0,3000.0,3000.0,3000.0,3000.0,3000.0,299.99999999999994,410.57529813450975,674.0938811152396,3000.0,3000.0,3000.0,3000.0,3000.0,299.99999999999994,410.57529813450975,674.0938811152396,3000.0,3000.0,3000.0,3000.0,3000.0,299.99999999999994,410.57529813450975,674.0938811152396,3000.0,3000.0,3000.0,3000.0,3000.0,299.99999999999994,410.57529813450975,674.0938811152396,3000.0,3000.0,3000.0,3000.0,3000.0,299.99999999999994,410.57529813450975,674.0938811152396,3000.0,3000.0,3000.0,3000.0,3000.0,299.99999999999994,410.57529813450975,674.0938811152396,3000.0,3000.0,3000.0,3000.0,3000.0,299.99999999999994,410.57529813450975,674.0938811152396,3000.0,3000.0,3000.0,3000.0,3000.0,299.99999999999994,410.57529813450975,674.0938811152396,3000.0,3000.0,3000.0,3000.0,3000.0
7467,133.33333333333331,134.8393777754023,139.53236480358106,147.98883522329893,161.37385157663877,181.8879924561271,213.85006288129014,266.6666666666666,133.33333333333331,134.8393777754023,139.53236480358106,147.98883522329893,161.37385157663877,181.8879924561271,213.85006288129014,266.6666666666666,133.33333333333331,134.8393777754023,139.53236480358106,147.98883522329893,161.37385157663877,181.8879924561271,213.85006288129014,266.6666666666666,133.33333333333331,134.8393777754023,139.53236480358106,147.98883522329893,161.37385157663877,181.8879924561271,213.85006288129014,266.6666666666666,133.33333333333331,134.8393777754023,139.53236480358106,147.98883522329893,161.37385157663877,181.8879924561271,213.85006288129014,266.6666666666666,133.33333333333331,134.8393777754023,139.53236480358106,147.98883522329893,161.37385157663877,181.8879924561271,213.85006288129014,266.6666666666666,133.33333333333331,134.8393777754023,139.53236480358106,147.98883522329893,161.37385157663877,181.8879924561271,213.85006288129014,266.6666666666666,133.33333333333331,134.8393777754023,139.53236480358106,147.98883522329893,161.37385157663877,181.8879924561271,213.85006288129014,266.6666666666666,266.6666666666666,213.85006288129014,181.8879924561271,161.37385157663877,147.98883522329893,139.53236480358106,134.8393777754023,133.33333333333331,266.6666666666666,213.85006288129014,181.8879924561271,161.37385157663877,147.98883522329893,139.53236480358106,134.8393777754023,133.33333333333331,266.6666666666666,213.85006288129014,181.8879924561271,161.37385157663877,147.98883522329893,139.53236480358106,134.8393777754023,133.33333333333331,266.6666666666666,213.85006288129014,181.8879924561271,161.37385157663877,147.98883522329893,139.53236480358106,134.8393777754023,133.33333333333331,266.6666666666666,213.85006288129014,181.8879924561271,161.37385157663877,147.98883522329893,139.53236480358106,134.8393777754023,133.33333333333331,266.6666666666666,213.85006288129014,181.8879924561271,161.37385157663877,147.98883522329893,139.53236480358106,134.8393777754023,133.33333333333331,266.6666666666666,213.85006288129014,181.8879924561271,161.37385157663877,147.98883522329893,139.53236480358106,134.8393777754023,133.33333333333331,266.6666666666666,213.85006288129014,181.8879924561271,161.37385157663877,147.98883522329893,139.53236480358106,134.8393777754023,133.33333333333331,3000.0,3000.0,3000.0,3000.0,3000.0,599.1945609913242,364.95582056400906,266.6666666666667,3000.0,3000.0,3000.0,3000.0,3000.0,599.1945609913242,364.95582056400906,266.6666666666667,3000.0,3000.0,3000.0,3000.0,3000.0,599.1945609913242,364.95582056400906,266.6666666666667,3000.0,3000.0,3000.0,3000.0,3000.0,599.1945609913242,364.95582056400906,266.6666666666667,3000.0,3000.0,3000.0,3000.0,3000.0,599.1945609913242,364.95582056400906,266.6666666666667,3000.0,3000.0,3000.0,3000.0,3000.0,599.1945609913242,364.95582056400906,266.6666666666667,3000.0,3000.0,3000.0,3000.0,3000.0,599.1945609913242,364.95582056400906,266.6666666666667,3000.0,3000.0,3000.0,3000.0,3000.0,599.1945609913242,364.95582056400906,266.6666666666667,3000.0,3000.0,3000.0,3000.0,3000.0,3000.0,3000.0,3000.0,3000.0,3000.0,3000.0,3000.0,3000.0,3000.0,3000.0,3000.0,3000.0,3000.0,3000.0,3000.0,3000.0,3000.0,3000.0,3000.0,3000.0,3000.0,3000.0,3000.0,3000.0,3000.0,3000.0,3000.0,3000.0,3000.0,3000.0,3000.0,3000.0,3000.0,3000.0,3000.0,3000.0,3000.0,3000.0,3000.0,3000.0,3000.0,3000.0,3000.0,3000.0,3000.0,3000.0,3000.0,3000.0,3000.0,3000.0,3000.0,3000.0,3000.0,3000.0,3000.0,3000.0,3000.0,3000.0,3000.0,3000.0,3000.0,3000.0,3000.0,3000.0,3000.0,3000.0,3000.0,3000.0,3000.0,3000.0,3000.0,3000.0,3000.0,3000.0,3000.0,3000.0,3000.0,3000.0,3000.0,3000.0,3000.0,3000.0,3000.0,3000.0,3000.0,3000.0,3000.0,3000.0,3000.0,3000.0,3000.0,3000.0,3000.0,3000.0,3000.0,3000.0,3000.0,3000.0,3000.0,3000.0,3000.0,3000.0,3000.0,3000.0,3000.0,3000.0,3000.0,3000.0,3000.0,3000.0,3000.0,3000.0,3000.0,3000.0,3000.0,3000.0,3000.0,3000.0,3000.0,3000.0,3000.0,3000.0,3000.0,266.6666666666667,364.95582056400883,599.1945609913242,3000.0,3000.0,3000.0,3000.0,3000.0,266.6666666666667,364.95582056400883,599.1945609913242,3000.0,3000.0,3000.0,3000.0,3000.0,266.6666666666667,364.95582056400883,599.1945609913242,3000.0,3000.0,3000.0,3000.0,3000.0,266.6666666666667,364.95582056400883,599.1945609913242,3000.0,3000.0,3000.0,3000.0,3000.0,266.6666666666667,364.95582056400883,599.1945609913242,3000.0,3000.0,3000.0,3000.0,3000.0,266.6666666666667,364.95582056400883,599.1945609913242,3000.0,3000.0,3000.0,3000.0,3000.0,266.6666666666667,364.95582056400883,599.1945609913242,3000.0,3000.0,3000.0,3000.0,3000.0,266.6666666666667,364.95582056400883,599.1945609913242,3000.0,3000.0,3000.0,3000.0,3000.0
7533,116.6666666666667,117.98445555347709,122.09081920313349,129.49023082038667,141.202120129559,159.1519933991113,187.11880502112896,233.33333333333334,116.6666666666667,117.98445555347709,122.09081920313349,129.49023082038667,141.202120129559,159.1519933991113,187.11880502112896,233.33333333333334,116.6666666666667,117.98445555347709,122.09081920313349,129.49023082038667,141.202120129559,159.1519933991113,187.11880502112896,233.33333333333334,116.6666666666667,117.98445555347709,122.09081920313349,129.49023082038667,141.202120129559,159.1519933991113,187.11880502112896,233.33333333333334,116.6666666666667,117.98445555347709,122.09081920313349,129.49023082038667,141.202120129559,159.1519933991113,187.11880502112896,233.33333333333334,116.6666666666667,117.98445555347709,122.09081920313349,129.49023082038667,141.202120129559,159.1519933991113,187.11880502112896,233.33333333333334,116.6666666666667,117.98445555347709,122.09081920313349,129.49023082038667,141.202120129559,159.1519933991113,187.11880502112896,233.33333333333334,116.6666666666667,117.98445555347709,122.09081920313349,129.49023082038667,141.202120129559,159.1519933991113,187.11880502112896,233.33333333333334,233.33333333333334,187.11880502112896,159.1519933991113,141.202120129559,129.49023082038667,122.09081920313349,117.98445555347709,116.6666666666667,233.33333333333334,187.11880502112896,159.1519933991113,141.202120129559,129.49023082038667,122.09081920313349,117.98445555347709,116.6666666666667,233.33333333333334,187.11880502112896,159.1519933991113,141.202120129559,129.49023082038667,122.09081920313349,117.98445555347709,116.6666666666667,233.33333333333334,187.11880502112896,159.1519933991113,141.202120129559,129.49023082038667,122.09081920313349,117.98445555347709,116.6666666666667,233.33333333333334,187.11880502112896,159.1519933991113,141.202120129559,129.49023082038667,122.09081920313349,117.98445555347709,116.6666666666667,233.33333333333334,187.11880502112896,159.1519933991113,141.202120129559,129.49023082038667,122.09081920313349,117.98445555347709,116.6666666666667,233.33333333333334,187.11880502112896,159.1519933991113,141.202120129559,129.49023082038667,122.09081920313349,117.98445555347709,116.6666666666667,233.33333333333334,187.11880502112896,159.1519933991113,141.202120129559,129.49023082038667,122.09081920313349,117.98445555347709,116.6666666666667,3000.0,3000.0,3000.0,3000.0,3000.0,524.2952408674091,319.336342993508,233.33333333333348,3000.0,3000.0,3000.0,3000.0,3000.0,524.2952408674091,319.336342993508,233.33333333333348,3000.0,3000.0,3000.0,3000.0,3000.0,524.2952408674091,319.336342993508,233.33333333333348,3000.0,3000.0,3000.0,3000.0,3000.0,524.2952408674091,319.336342993508,233.33333333333348,3000.0,3000.0,3000.0,3000.0,3000.0,524.2952408674091,319.336342993508,233.33333333333348,3000.0,3000.0,3000.0,3000.0,3000.0,524.2952408674091,319.336342993508,233.33333333333348,3000.0,3000.0,3000.0,3000.0,3000.0,524.2952408674091,319.336342993508,233.33333333333348,3000.0,3000.0,3000.0,3000.0,3000.0,524.2952408674091,319.336342993508,233.33333333333348,3000.0,3000.0,3000.0,3000.0,3000.0,3000.0,3000.0,3000.0,3000.0,3000.0,3000.0,3000.0,3000.0,3000.0,3000.0,3000.0,3000.0,3000.0,3000.0,3000.0,3000.0,3000.0,3000.0,3000.0,3000.0,3000.0,3000.0,3000.0,3000.0,3000.0,3000.0,3000.0,3000.0,3000.0,3000.0,3000.0,3000.0,3000.0,3000.0,3000.0,3000.0,3000.0,3000.0,3000.0,3000.0,3000.0,3000.0,3000.0,3000.0,3000.0,3000.0,3000.0,3000.0,3000.0,3000.0,3000.0,3000.0,3000.0,3000.0,3000.0,3000.0,3000.0,3000.0,3000.0,3000.0,3000.0,3000.0,3000.0,3000.0,3000.0,3000.0,3000.0,3000.0,3000.0,3000.0,3000.0,3000.0,3000.0,3000.0,3000.0,3000.0,3000.0,3000.0,3000.0,3000.0,3000.0,3000.0,3000.0,3000.0,3000.0,3000.0,3000.0,3000.0,3000.0,3000.0,3000.0,3000.0,3000.0,3000.0,3000.0,3000.0,3000.0,3000.0,3000.0,3000.0,3000.0,3000.0,3000.0,3000.0,3000.0,3000.0,3000.0,3000.0,3000.0,3000.0,3000.0,3000.0,3000.0,3000.0,3000.0,3000.0,3000.0,3000.0,3000.0,3000.0,3000.0,3000.0,3000.0,233.33333333333348,319.33634299350786,524.2952408674091,3000.0,3000.0,3000.0,3000.0,3000.0,233.33333333333348,319.33634299350786,524.2952408674091,3000.0,3000.0,3000.0,3000.0,3000.0,233.33333333333348,319.33634299350786,524.2952408674091,3000.0,3000.0,3000.0,3000.0,3000.0,233.33333333333348,319.33634299350786,524.2952408674091,3000.0,3000.0,3000.0,3000.0,3000.0,233.33333333333348,319.33634299350786,524.2952408674091,3000.0,3000.0,3000.0,3000.0,3000.0,233.33333333333348,319.33634299350786,524.2952408674091,3000.0,3000.0,3000.0,3000.0,3000.0,233.33333333333348,319.33634299350786,524.2952408674091,3000.0,3000.0,3000.0,3000.0,3000.0,233.33333333333348,319.33634299350786,524.2952408674091,3000.0,3000.0,3000.0,3000.0,3000.0
7600,100.00000000000009,101.12953333155185,104.64927360268591,110.99162641747432,121.03038868247921,136.41599434209547,160.38754716096776,200.0000000000001,100.00000000000009,101.12953333155185,104.64927360268591,110.99162641747432,121.03038868247921,136.41599434209547,160.38754716096776,200.0000000000001,100.00000000000009,101.12953333155185,104.64927360268591,110.99162641747432,121.03038868247921,136.41599434209547,160.38754716096776,200.0000000000001,100.00000000000009,101.12953333155185,104.64927360268591,110.99162641747432,121.03038868247921,136.41599434209547,160.38754716096776,200.0000000000001,100.00000000000009,101.12953333155185,104.64927360268591,110.99162641747432,121.03038868247921,136.41599434209547,160.38754716096776,200.0000000000001,100.00000000000009,101.12953333155185,104.64927360268591,110.99162641747432,121.03038868247921,136.41599434209547,160.38754716096776,200.0000000000001,100.00000000000009,101.12953333155185,104.64927360268591,110.99162641747432,121.03038868247921,136.41599434209547,160.38754716096776,200.0000000000001,100.00000000000009,101.12953333155185,104.64927360268591,110.99162641747432,121.03038868247921,136.41599434209547,160.38754716096776,200.0000000000001,200.0000000000001,160.38754716096776,136.41599434209547,121.03038868247921,110.99162641747432,104.64927360268591,101.12953333155185,100.00000000000009,200.0000000000001,160.38754716096776,136.41599434209547,121.03038868247921,110.99162641747432,104.64927360268591,101.12953333155185,100.00000000000009,200.0000000000001,160.38754716096776,136.41599434209547,121.03038868247921,110.99162641747432,104.64927360268591,101.12953333155185,100.00000000000009,200.0000000000001,160.38754716096776,136.41599434209547,121.03038868247921,110.99162641747432,104.64927360268591,101.12953333155185,100.00000000000009,200.0000000000001,160.38754716096776,136.41599434209547,121.03038868247921,110.99162641747432,104.64927360268591,101.12953333155185,100.00000000000009,200.0000000000001,160.38754716096776,136.41599434209547,121.03038868247921,110.99162641747432,104.64927360268591,101.12953333155185,100.00000000000009,200.0000000000001,160.38754716096776,136.41599434209547,121.03038868247921,110.99162641747432,104.64927360268591,101.12953333155185,100.00000000000009,200.0000000000001,160.38754716096776,136.41599434209547,121.03038868247921,110.99162641747432,104.64927360268591,101.12953333155185,100.00000000000009,3000.0,3000.0,3000.0,3000.0,3000.0,449.3959207434937,273.71686542300705,200.00000000000023,3000.0,3000.0,3000.0,3000.0,3000.0,449.3959207434937,273.71686542300705,200.00000000000023,3000.0,3000.0,3000.0,3000.0,3000.0,449.3959207434937,273.71686542300705,200.00000000000023,3000.0,3000.0,3000.0,3000.0,3000.0,449.3959207434937,273.71686542300705,200.00000000000023,3000.0,3000.0,3000.0,3000.0,3000.0,449.3959207434937,273.71686542300705,200.00000000000023,3000.0,3000.0,3000.0,3000.0,3000.0,449.3959207434937,273.71686542300705,200.00000000000023,3000.0,3000.0,3000.0,3000.0,3000.0,449.3959207434937,273.71686542300705,200.00000000000023,3000.0,3000.0,3000.0,3000.0,3000.0,449.3959207434937,273.71686542300705,200.00000000000023,3000.0,3000.0,3000.0,3000.0,3000.0,3000.0,3000.0,3000.0,3000.0,3000.0,3000.0,3000.0,3000.0,3000.0,3000.0,3000.0,3000.0,3000.0,3000.0,3000.0,3000.0,3000.0,3000.0,3000.0,3000.0,3000.0,3000.0,3000.0,3000.0,3000.0,3000.0,3000.0,3000.0,3000.0,3000.0,3000.0,3000.0,3000.0,3000.0,3000.0,3000.0,3000.0,3000.0,3000.0,3000.0,3000.0,3000.0,3000.0,3000.0,3000.0,3000.0,3000.0,3000.0,3000.0,3000.0,3000.0,3000.0,3000.0,3000.0,3000.0,3000.0,3000.0,3000.0,3000.0,3000.0,3000.0,3000.0,3000.0,3000.0,3000.0,3000.0,3000.0,3000.0,3000.0,3000.0,3000.0,3000.0,3000.0,3000.0,3000.0,3000.0,3000.0,3000.0,3000.0,3000.0,3000.0,3000.0,3000.0,3000.0,3000.0,3000.0,3000.0,3000.0,3000.0,3000.0,3000.0,3000.0,3000.0,3000.0,3000.0,3000.0,3000.0,3000.0,3000.0,3000.0,3000.0,3000.0,3000.0,3000.0,3000.0,3000.0,3000.0,3000.0,3000.0,3000.0,3000.0,3000.0,3000.0,3000.0,3000.0,3000.0,3000.0,3000.0,3000.0,3000.0,3000.0,3000.0,3000.0,200.00000000000023,273.7168654230069,449.3959207434937,3000.0,3000.0,3000.0,3000.0,3000.0,200.00000000000023,273.7168654230069,449.3959207434937,3000.0,3000.0,3000.0,3000.0,3000.0,200.00000000000023,273.7168654230069,449.3959207434937,3000.0,3000.0,3000.0,3000.0,3000.0,200.00000000000023,273.7168654230069,449.3959207434937,3000.0,3000.0,3000.0,3000.0,3000.0,200.00000000000023,273.7168654230069,449.3959207434937,3000.0,3000.0,3000.0,3000.0,3000.0,200.00000000000023,273.7168654230069,449.3959207434937,3000.0,3000.0,3000.0,3000.0,3000.0,200.00000000000023,273.7168654230069,449.3959207434937,3000.0,3000.0,3000.0,3000.0,3000.0,200.00000000000023,273.7168654230069,449.3959207434937,3000.0,3000.0,3000.0,3000.0,3000.0
7667,83.33333333333326,84.27461110962639,87.2077280022381,92.49302201456179,100.85865723539918,113.67999528507937,133.65628930080626,166.66666666666646,83.33333333333326,84.27461110962639,87.2077280022381,92.49302201456179,100.85865723539918,113.67999528507937,133.65628930080626,166.66666666666646,83.33333333333326,84.27461110962639,87.2077280022381,92.49302201456179,100.85865723539918,113.67999528507937,133.65628930080626,166.66666666666646,83.33333333333326,84.27461110962639,87.2077280022381,92.49302201456179,100.85865723539918,113.67999528507937,133.65628930080626,166.66666666666646,83.33333333333326,84.27461110962639,87.2077280022381,92.49302201456179,100.85865723539918,113.67999528507937,133.65628930080626,166.66666666666646,83.33333333333326,84.27461110962639,87.2077280022381,92.49302201456179,100.85865723539918,113.67999528507937,133.65628930080626,166.66666666666646,83.33333333333326,84.27461110962639,87.2077280022381,92.49302201456179,100.85865723539918,113.67999528507937,133.65628930080626,166.66666666666646,83.33333333333326,84.27461110962639,87.2077280022381,92.49302201456179,100.85865723539918,113.67999528507937,133.65628930080626,166.66666666666646,166.66666666666646,133.65628930080626,113.67999528507937,100.85865723539918,92.49302201456179,87.2077280022381,84.27461110962639,83.33333333333326,166.66666666666646,133.65628930080626,113.67999528507937,100.85865723539918,92.49302201456179,87.2077280022381,84.27461110962639,83.33333333333326,166.66666666666646,133.65628930080626,113.67999528507937,100.85865723539918,92.49302201456179,87.2077280022381,84.27461110962639,83.33333333333326,166.66666666666646,133.65628930080626,113.67999528507937,100.85865723539918,92.49302201456179,87.2077280022381,84.27461110962639,83.33333333333326,166.66666666666646,133.65628930080626,113.67999528507937,100.85865723539918,92.49302201456179,87.2077280022381,84.27461110962639,83.33333333333326,166.66666666666646,133.65628930080626,113.67999528507937,100.85865723539918,92.49302201456179,87.2077280022381,84.27461110962639,83.33333333333326,166.66666666666646,133.65628930080626,113.67999528507937,100.85865723539918,92.49302201456179,87.2077280022381,84.27461110962639,83.33333333333326,166.66666666666646,133.65628930080626,113.67999528507937,100.85865723539918,92.49302201456179,87.2077280022381,84.27461110962639,83.33333333333326,3000.0,3000.0,3000.0,3000.0,3000.0,374.49660061957746,228.0973878525055,166.66666666666657,3000.0,3000.0,3000.0,3000.0,3000.0,374.49660061957746,228.0973878525055,166.66666666666657,3000.0,3000.0,3000.0,3000.0,3000.0,374.49660061957746,228.0973878525055,166.66666666666657,3000.0,3000.0,3000.0,3000.0,3000.0,374.49660061957746,228.0973878525055,166.66666666666657,3000.0,3000.0,3000.0,3000.0,3000.0,374.49660061957746,228.0973878525055,166.66666666666657,3000.0,3000.0,3000.0,3000.0,3000.0,374.49660061957746,228.0973878525055,166.66666666666657,3000.0,3000.0,3000.0,3000.0,3000.0,374.49660061957746,228.0973878525055,166.66666666666657,3000.0,3000.0,3000.0,3000.0,3000.0,374.49660061957746,228.0973878525055,166.66666666666657,3000.0,3000.0,3000.0,3000.0,3000.0,3000.0,3000.0,3000.0,3000.0,3000.0,3000.0,3000.0,3000.0,3000.0,3000.0,3000.0,3000.0,3000.0,3000.0,3000.0,3000.0,3000.0,3000.0,3000.0,3000.0,3000.0,3000.0,3000.0,3000.0,3000.0,3000.0,3000.0,3000.0,3000.0,3000.0,3000.0,3000.0,3000.0,3000.0,3000.0,3000.0,3000.0,3000.0,3000.0,3000.0,3000.0,3000.0,3000.0,3000.0,3000.0,3000.0,3000.0,3000.0,3000.0,3000.0,3000.0,3000.0,3000.0,3000.0,3000.0,3000.0,3000.0,3000.0,3000.0,3000.0,3000.0,3000.0,3000.0,3000.0,3000.0,3000.0,3000.0,3000.0,3000.0,3000.0,3000.0,3000.0,3000.0,3000.0,3000.0,3000.0,3000.0,3000.0,3000.0,3000.0,3000.0,3000.0,3000.0,3000.0,3000.0,3000.0,3000.0,3000.0,3000.0,3000.0,3000.0,3000.0,3000.0,3000.0,3000.0,3000.0,3000.0,3000.0,3000.0,3000.0,3000.0,3000.0,3000.0,3000.0,3000.0,3000.0,3000.0,3000.0,3000.0,3000.0,3000.0,3000.0,3000.0,3000.0,3000.0,3000.0,3000.0,3000.0,3000.0,3000.0,3000.0,3000.0,3000.0,166.66666666666657,228.09738785250536,374.49660061957746,3000.0,3000.0,3000.0,3000.0,3000.0,166.66666666666657,228.09738785250536,374.49660061957746,3000.0,3000.0,3000.0,3000.0,3000.0,166.66666666666657,228.09738785250536,374.49660061957746,3000.0,3000.0,3000.0,3000.0,3000.0,166.66666666666657,228.09738785250536,374.49660061957746,3000.0,3000.0,3000.0,3000.0,3000.0,166.66666666666657,228.09738785250536,374.49660061957746,3000.0,3000.0,3000.0,3000.0,3000.0,166.66666666666657,228.09738785250536,374.49660061957746,3000.0,3000.0,3000.0,3000.0,3000.0,166.66666666666657,228.09738785250536,374.49660061957746,3000.0,3000.0,3000.0,3000.0,3000.0,166.66666666666657,228.09738785250536,374.49660061957746,3000.0,3000.0,3000.0,3000.0,3000.0
7733,66.66666666666666,67.41968888770116,69.76618240179053,73.99441761164947,80.68692578831939,90.94399622806355,106.92503144064507,133.3333333333333,66.66666666666666,67.41968888770116,69.76618240179053,73.99441761164947,80.68692578831939,90.94399622806355,106.92503144064507,133.3333333333333,66.66666666666666,67.41968888770116,69.76618240179053,73.99441761164947,80.68692578831939,90.94399622806355,106.92503144064507,133.3333333333333,66.66666666666666,67.41968888770116,69.76618240179053,73.99441761164947,80.68692578831939,90.94399622806355,106.92503144064507,133.3333333333333,66.66666666666666,67.41968888770116,69.76618240179053,73.99441761164947,80.68692578831939,90.94399622806355,106.92503144064507,133.3333333333333,66.66666666666666,67.41968888770116,69.76618240179053,73.99441761164947,80.68692578831939,90.94399622806355,106.92503144064507,133.3333333333333,66.66666666666666,67.41968888770116,69.76618240179053,73.99441761164947,80.68692578831939,90.94399622806355,106.92503144064507,133.3333333333333,66.66666666666666,67.41968888770116,69.76618240179053,73.99441761164947,80.68692578831939,90.94399622806355,106.92503144064507,133.3333333333333,133.3333333333333,106.92503144064507,90.94399622806355,80.68692578831939,73.99441761164947,69.76618240179053,67.41968888770116,66.66666666666666,133.3333333333333,106.92503144064507,90.94399622806355,80.68692578831939,73.99441761164947,69.76618240179053,67.41968888770116,66.66666666666666,133.3333333333333,106.92503144064507,90.94399622806355,80.68692578831939,73.99441761164947,69.76618240179053,67.41968888770116,66.66666666666666,133.3333333333333,106.92503144064507,90.94399622806355,80.68692578831939,73.99441761164947,69.76618240179053,67.41968888770116,66.66666666666666,133.3333333333333,106.92503144064507,90.94399622806355,80.68692578831939,73.99441761164947,69.76618240179053,67.41968888770116,66.66666666666666,133.3333333333333,106.92503144064507,90.94399622806355,80.68692578831939,73.99441761164947,69.76618240179053,67.41968888770116,66.66666666666666,133.3333333333333,106.92503144064507,90.94399622806355,80.68692578831939,73.99441761164947,69.76618240179053,67.41968888770116,66.66666666666666,133.3333333333333,106.92503144064507,90.94399622806355,80.68692578831939,73.99441761164947,69.76618240179053,67.41968888770116,66.66666666666666,3000.0,3000.0,3000.0,3000.0,3000.0,299.5972804956621,182.47791028200453,133.33333333333334,3000.0,3000.0,3000.0,3000.0,3000.0,299.5972804956621,182.47791028200453,133.33333333333334,3000.0,3000.0,3000.0,3000.0,3000.0,299.5972804956621,182.47791028200453,133.33333333333334,3000.0,3000.0,3000.0,3000.0,3000.0,299.5972804956621,182.47791028200453,133.33333333333334,3000.0,3000.0,3000.0,3000.0,3000.0,299.5972804956621,182.47791028200453,133.33333333333334,3000.0,3000.0,3000.0,3000.0,3000.0,299.5972804956621,182.47791028200453,133.33333333333334,3000.0,3000.0,3000.0,3000.0,3000.0,299.5972804956621,182.47791028200453,133.33333333333334,3000.0,3000.0,3000.0,3000.0,3000.0,299.5972804956621,182.47791028200453,133.33333333333334,3000.0,3000.0,3000.0,3000.0,3000.0,3000.0,3000.0,3000.0,3000.0,3000.0,3000.0,3000.0,3000.0,3000.0,3000.0,3000.0,3000.0,3000.0,3000.0,3000.0,3000.0,3000.0,3000.0,3000.0,3000.0,3000.0,3000.0,3000.0,3000.0,3000.0,3000.0,3000.0,3000.0,3000.0,3000.0,3000.0,3000.0,3000.0,3000.0,3000.0,3000.0,3000.0,3000.0,3000.0,3000.0,3000.0,3000.0,3000.0,3000.0,3000.0,3000.0,3000.0,3000.0,3000.0,3000.0,3000.0,3000.0,3000.0,3000.0,3000.0,3000.0,3000.0,3000.0,3000.0,3000.0,3000.0,3000.0,3000.0,3000.0,3000.0,3000.0,3000.0,3000.0,3000.0,3000.0,3000.0,3000.0,3000.0,3000.0,3000.0,3000.0,3000.0,3000.0,3000.0,3000.0,3000.0,3000.0,3000.0,3000.0,3000.0,3000.0,3000.0,3000.0,3000.0,3000.0,3000.0,3000.0,3000.0,3000.0,3000.0,3000.0,3000.0,3000.0,3000.0,3000.0,3000.0,3000.0,3000.0,3000.0,3000.0,3000.0,3000.0,3000.0,3000.0,3000.0,3000.0,3000.0,3000.0,3000.0,3000.0,3000.0,3000.0,3000.0,3000.0,3000.0,3000.0,3000.0,3000.0,133.33333333333334,182.47791028200442,299.5972804956621,3000.0,3000.0,3000.0,3000.0,3000.0,133.33333333333334,182.47791028200442,299.5972804956621,3000.0,3000.0,3000.0,3000.0,3000.0,133.33333333333334,182.47791028200442,299.5972804956621,3000.0,3000.0,3000.0,3000.0,3000.0,133.33333333333334,182.47791028200442,299.5972804956621,3000.0,3000.0,3000.0,3000.0,3000.0,133.33333333333334,182.47791028200442,299.5972804956621,3000.0,3000.0,3000.0,3000.0,3000.0,133.33333333333334,182.47791028200442,299.5972804956621,3000.0,3000.0,3000.0,3000.0,3000.0,133.33333333333334,182.47791028200442,299.5972804956621,3000.0,3000.0,3000.0,3000.0,3000.0,133.33333333333334,182.47791028200442,299.5972804956621,3000.0,3000.0,3000.0,3000.0,3000.0
7800,50.00000000000004,50.56476666577593,52.324636801342955,55.49581320873716,60.51519434123961,68.20799717104774,80.19377358048388,100.00000000000006,50.00000000000004,50.56476666577593,52.324636801342955,55.49581320873716,60.51519434123961,68.20799717104774,80.19377358048388,100.00000000000006,50.00000000000004,50.56476666577593,52.324636801342955,55.49581320873716,60.51519434123961,68.20799717104774,80.19377358048388,100.00000000000006,50.00000000000004,50.56476666577593,52.324636801342955,55.49581320873716,60.51519434123961,68.20799717104774,80.19377358048388,100.00000000000006,50.00000000000004,50.56476666577593,52.324636801342955,55.49581320873716,60.51519434123961,68.20799717104774,80.19377358048388,100.00000000000006,50.00000000000004,50.56476666577593,52.324636801342955,55.49581320873716,60.51519434123961,68.20799717104774,80.19377358048388,100.00000000000006,50.00000000000004,50.56476666577593,52.324636801342955,55.49581320873716,60.51519434123961,68.20799717104774,80.19377358048388,100.00000000000006,50.00000000000004,50.56476666577593,52.324636801342955,55.49581320873716,60.51519434123961,68.20799717104774,80.19377358048388,100.00000000000006,100.00000000000006,80.19377358048388,68.20799717104774,60.51519434123961,55.49581320873716,52.324636801342955,50.56476666577593,50.00000000000004,100.00000000000006,80.19377358048388,68.20799717104774,60.51519434123961,55.49581320873716,52.324636801342955,50.56476666577593,50.00000000000004,100.00000000000006,80.19377358048388,68.20799717104774,60.51519434123961,55.49581320873716,52.324636801342955,50.56476666577593,50.00000000000004,100.00000000000006,80.19377358048388,68.20799717104774,60.51519434123961,55.49581320873716,52.324636801342955,50.56476666577593,50.00000000000004,100.00000000000006,80.19377358048388,68.20799717104774,60.51519434123961,55.49581320873716,52.324636801342955,50.56476666577593,50.00000000000004,100.00000000000006,80.19377358048388,68.20799717104774,60.51519434123961,55.49581320873716,52.324636801342955,50.56476666577593,50.00000000000004,100.00000000000006,80.19377358048388,68.20799717104774,60.51519434123961,55.49581320873716,52.324636801342955,50.56476666577593,50.00000000000004,100.00000000000006,80.19377358048388,68.20799717104774,60.51519434123961,55.49581320873716,52.324636801342955,50.56476666577593,50.00000000000004,3000.0,3000.0,3000.0,3000.0,669.074499982737,224.69796037174686,136.85843271150353,100.00000000000011,3000.0,3000.0,3000.0,3000.0,669.074499982737,224.69796037174686,136.85843271150353,100.00000000000011,3000.0,3000.0,3000.0,3000.0,669.074499982737,224.69796037174686,136.85843271150353,100.00000000000011,3000.0,3000.0,3000.0,3000.0,669.074499982737,224.69796037174686,136.85843271150353,100.00000000000011,3000.0,3000.0,3000.0,3000.0,669.074499982737,224.69796037174686,136.85843271150353,100.00000000000011,3000.0,3000.0,3000.0,3000.0,669.074499982737,224.69796037174686,136.85843271150353,100.00000000000011,3000.0,3000.0,3000.0,3000.0,669.074499982737,224.69796037174686,136.85843271150353,100.00000000000011,3000.0,3000.0,3000.0,3000.0,669.074499982737,224.69796037174686,136.85843271150353,100.00000000000011,3000.0,3000.0,3000.0,3000.0,3000.0,3000.0,3000.0,3000.0,3000.0,3000.0,3000.0,3000.0,3000.0,3000.0,3000.0,3000.0,3000.0,3000.0,3000.0,3000.0,3000.0,3000.0,3000.0,3000.0,3000.0,3000.0,3000.0,3000.0,3000.0,3000.0,3000.0,3000.0,3000.0,3000.0,3000.0,3000.0,3000.0,3000.0,3000.0,3000.0,3000.0,3000.0,3000.0,3000.0,3000.0,3000.0,3000.0,3000.0,3000.0,3000.0,3000.0,3000.0,3000.0,3000.0,3000.0,3000.0,3000.0,3000.0,3000.0,3000.0,3000.0,3000.0,3000.0,3000.0,3000.0,3000.0,3000.0,3000.0,3000.0,3000.0,3000.0,3000.0,3000.0,3000.0,3000.0,3000.0,3000.0,3000.0,3000.0,3000.0,3000.0,3000.0,3000.0,3000.0,3000.0,3000.0,3000.0,3000.0,3000.0,3000.0,3000.0,3000.0,3000.0,3000.0,3000.0,3000.0,3000.0,3000.0,3000.0,3000.0,3000.0,3000.0,3000.0,3000.0,3000.0,3000.0,3000.0,3000.0,3000.0,3000.0,3000.0,3000.0,3000.0,3000.0,3000.0,3000.0,3000.0,3000.0,3000.0,3000.0,3000.0,3000.0,3000.0,3000.0,3000.0,3000.0,3000.0,3000.0,100.00000000000011,136.85843271150344,224.69796037174686,669.074499982737,3000.0,3000.0,3000.0,3000.0,100.00000000000011,136.85843271150344,224.69796037174686,669.074499982737,3000.0,3000.0,3000.0,3000.0,100.00000000000011,136.85843271150344,224.69796037174686,669.074499982737,3000.0,3000.0,3000.0,3000.0,100.00000000000011,136.85843271150344,224.69796037174686,669.074499982737,3000.0,3000.0,3000.0,3000.0,100.00000000000011,136.85843271150344,224.69796037174686,669.074499982737,3000.0,3000.0,3000.0,3000.0,100.00000000000011,136.85843271150344,224.69796037174686,669.074499982737,3000.0,3000.0,3000.0,3000.0,100.00000000000011,136.85843271150344,224.69796037174686,669.074499982737,3000.0,3000.0,3000.0,3000.0,100.00000000000011,136.85843271150344,224.69796037174686,669.074499982737,3000.0,3000.0,3000.0,3000.0
7867,33.333333333333435,33.70984444385069,34.88309120089538,36.99720880582486,40.343462894159835,45.471998114031926,53.46251572032271,66.66666666666686,33.333333333333435,33.70984444385069,34.88309120089538,36.99720880582486,40.343462894159835,45.471998114031926,53.46251572032271,66.66666666666686,33.333333333333435,33.70984444385069,34.88309120089538,36.99720880582486,40.343462894159835,45.471998114031926,53.46251572032271,66.66666666666686,33.333333333333435,33.70984444385069,34.88309120089538,36.99720880582486,40.343462894159835,45.471998114031926,53.46251572032271,66.66666666666686,33.333333333333435,33.70984444385069,34.88309120089538,36.99720880582486,40.343462894159835,45.471998114031926,53.46251572032271,66.66666666666686,33.333333333333435,33.70984444385069,34.88309120089538,36.99720880582486,40.343462894159835,45.471998114031926,53.46251572032271,66.66666666666686,33.333333333333435,33.70984444385069,34.88309120089538,36.99720880582486,40.343462894159835,45.471998114031926,53.46251572032271,66.66666666666686,33.333333333333435,33.70984444385069,34.88309120089538,36.99720880582486,40.343462894159835,45.471998114031926,53.46251572032271,66.66666666666686,66.66666666666686,53.46251572032271,45.471998114031926,40.343462894159835,36.99720880582486,34.88309120089538,33.70984444385069,33.333333333333435,66.66666666666686,53.46251572032271,45.471998114031926,40.343462894159835,36.99720880582486,34.88309120089538,33.70984444385069,33.333333333333435,66.66666666666686,53.46251572032271,45.471998114031926,40.343462894159835,36.99720880582486,34.88309120089538,33.70984444385069,33.333333333333435,66.66666666666686,53.46251572032271,45.471998114031926,40.343462894159835,36.99720880582486,34.88309120089538,33.70984444385069,33.333333333333435,66.66666666666686,53.46251572032271,45.471998114031926,40.343462894159835,36.99720880582486,34.88309120089538,33.70984444385069,33.333333333333435,66.66666666666686,53.46251572032271,45.471998114031926,40.343462894159835,36.99720880582486,34.88309120089538,33.70984444385069,33.333333333333435,66.66666666666686,53.46251572032271,45.471998114031926,40.343462894159835,36.99720880582486,34.88309120089538,33.70984444385069,33.333333333333435,66.66666666666686,53.46251572032271,45.471998114031926,40.343462894159835,36.99720880582486,34.88309120089538,33.70984444385069,33.333333333333435,3000.0,3000.0,3000.0,3000.0,446.04966665515906,149.79864024783157,91.23895514100256,66.66666666666688,3000.0,3000.0,3000.0,3000.0,446.04966665515906,149.79864024783157,91.23895514100256,66.66666666666688,3000.0,3000.0,3000.0,3000.0,446.04966665515906,149.79864024783157,91.23895514100256,66.66666666666688,3000.0,3000.0,3000.0,3000.0,446.04966665515906,149.79864024783157,91.23895514100256,66.66666666666688,3000.0,3000.0,3000.0,3000.0,446.04966665515906,149.79864024783157,91.23895514100256,66.66666666666688,3000.0,3000.0,3000.0,3000.0,446.04966665515906,149.79864024783157,91.23895514100256,66.66666666666688,3000.0,3000.0,3000.0,3000.0,446.04966665515906,149.79864024783157,91.23895514100256,66.66666666666688,3000.0,3000.0,3000.0,3000.0,446.04966665515906,149.79864024783157,91.23895514100256,66.66666666666688,3000.0,3000.0,3000.0,3000.0,3000.0,3000.0,3000.0,3000.0,3000.0,3000.0,3000.0,3000.0,3000.0,3000.0,3000.0,3000.0,3000.0,3000.0,3000.0,3000.0,3000.0,3000.0,3000.0,3000.0,3000.0,3000.0,3000.0,3000.0,3000.0,3000.0,3000.0,3000.0,3000.0,3000.0,3000.0,3000.0,3000.0,3000.0,3000.0,3000.0,3000.0,3000.0,3000.0,3000.0,3000.0,3000.0,3000.0,3000.0,3000.0,3000.0,3000.0,3000.0,3000.0,3000.0,3000.0,3000.0,3000.0,3000.0,3000.0,3000.0,3000.0,3000.0,3000.0,3000.0,3000.0,3000.0,3000.0,3000.0,3000.0,3000.0,3000.0,3000.0,3000.0,3000.0,3000.0,3000.0,3000.0,3000.0,3000.0,3000.0,3000.0,3000.0,3000.0,3000.0,3000.0,3000.0,3000.0,3000.0,3000.0,3000.0,3000.0,3000.0,3000.0,3000.0,3000.0,3000.0,3000.0,3000.0,3000.0,3000.0,3000.0,3000.0,3000.0,3000.0,3000.0,3000.0,3000.0,3000.0,3000.0,3000.0,3000.0,3000.0,3000.0,3000.0,3000.0,3000.0,3000.0,3000.0,3000.0,3000.0,3000.0,3000.0,3000.0,3000.0,3000.0,3000.0,3000.0,3000.0,66.66666666666688,91.2389551410025,149.79864024783157,446.04966665515906,3000.0,3000.0,3000.0,3000.0,66.66666666666688,91.2389551410025,149.79864024783157,446.04966665515906,3000.0,3000.0,3000.0,3000.0,66.66666666666688,91.2389551410025,149.79864024783157,446.04966665515906,3000.0,3000.0,3000.0,3000.0,66.66666666666688,91.2389551410025,149.79864024783157,446.04966665515906,3000.0,3000.0,3000.0,3000.0,66.66666666666688,91.2389551410025,149.79864024783157,446.04966665515906,3000.0,3000.0,3000.0,3000.0,66.66666666666688,91.2389551410025,149.79864024783157,446.04966665515906,3000.0,3000.0,3000.0,3000.0,66.66666666666688,91.2389551410025,149.79864024783157,446.04966665515906,3000.0,3000.0,3000.0,3000.0,66.66666666666688,91.2389551410025,149.79864024783157,446.04966665515906,3000.0,3000.0,3000.0,3000.0
7933,16.666666666666607,16.854922221925232,17.441545600447576,18.49860440291231,20.171731447079782,22.73599905701581,26.73125786016118,33.33333333333321,16.666666666666607,16.854922221925232,17.441545600447576,18.49860440291231,20.171731447079782,22.73599905701581,26.73125786016118,33.33333333333321,16.666666666666607,16.854922221925232,17.441545600447576,18.49860440291231,20.171731447079782,22.73599905701581,26.73125786016118,33.33333333333321,16.666666666666607,16.854922221925232,17.441545600447576,18.49860440291231,20.171731447079782,22.73599905701581,26.73125786016118,33.33333333333321,16.666666666666607,16.854922221925232,17.441545600447576,18.49860440291231,20.171731447079782,22.73599905701581,26.73125786016118,33.33333333333321,16.666666666666607,16.854922221925232,17.441545600447576,18.49860440291231,20.171731447079782,22.73599905701581,26.73125786016118,33.33333333333321,16.666666666666607,16.854922221925232,17.441545600447576,18.49860440291231,20.171731447079782,22.73599905701581,26.73125786016118,33.33333333333321,16.666666666666607,16.854922221925232,17.441545600447576,18.49860440291231,20.171731447079782,22.73599905701581,26.73125786016118,33.33333333333321,33.33333333333321,26.73125786016118,22.73599905701581,20.171731447079782,18.49860440291231,17.441545600447576,16.854922221925232,16.666666666666607,33.33333333333321,26.73125786016118,22.73599905701581,20.171731447079782,18.49860440291231,17.441545600447576,16.854922221925232,16.666666666666607,33.33333333333321,26.73125786016118,22.73599905701581,20.171731447079782,18.49860440291231,17.441545600447576,16.854922221925232,16.666666666666607,33.33333333333321,26.73125786016118,22.73599905701581,20.171731447079782,18.49860440291231,17.441545600447576,16.854922221925232,16.666666666666607,33.33333333333321,26.73125786016118,22.73599905701581,20.171731447079782,18.49860440291231,17.441545600447576,16.854922221925232,16.666666666666607,33.33333333333321,26.73125786016118,22.73599905701581,20.171731447079782,18.49860440291231,17.441545600447576,16.854922221925232,16.666666666666607,33.33333333333321,26.73125786016118,22.73599905701581,20.171731447079782,18.49860440291231,17.441545600447576,16.854922221925232,16.666666666666607,33.33333333333321,26.73125786016118,22.73599905701581,20.171731447079782,18.49860440291231,17.441545600447576,16.854922221925232,16.666666666666607,3000.0,3000.0,3000.0,3000.0,223.02483332757802,74.8993201239153,45.619477570500976,33.33333333333323,3000.0,3000.0,3000.0,3000.0,223.02483332757802,74.8993201239153,45.619477570500976,33.33333333333323,3000.0,3000.0,3000.0,3000.0,223.02483332757802,74.8993201239153,45.619477570500976,33.33333333333323,3000.0,3000.0,3000.0,3000.0,223.02483332757802,74.8993201239153,45.619477570500976,33.33333333333323,3000.0,3000.0,3000.0,3000.0,223.02483332757802,74.8993201239153,45.619477570500976,33.33333333333323,3000.0,3000.0,3000.0,3000.0,223.02483332757802,74.8993201239153,45.619477570500976,33.33333333333323,3000.0,3000.0,3000.0,3000.0,223.02483332757802,74.8993201239153,45.619477570500976,33.33333333333323,3000.0,3000.0,3000.0,3000.0,223.02483332757802,74.8993201239153,45.619477570500976,33.33333333333323,3000.0,3000.0,3000.0,3000.0,3000.0,3000.0,3000.0,3000.0,3000.0,3000.0,3000.0,3000.0,3000.0,3000.0,3000.0,3000.0,3000.0,3000.0,3000.0,3000.0,3000.0,3000.0,3000.0,3000.0,3000.0,3000.0,3000.0,3000.0,3000.0,3000.0,3000.0,3000.0,3000.0,3000.0,3000.0,3000.0,3000.0,3000.0,3000.0,3000.0,3000.0,3000.0,3000.0,3000.0,3000.0,3000.0,3000.0,3000.0,3000.0,3000.0,3000.0,3000.0,3000.0,3000.0,3000.0,3000.0,3000.0,3000.0,3000.0,3000.0,3000.0,3000.0,3000.0,3000.0,3000.0,3000.0,3000.0,3000.0,3000.0,3000.0,3000.0,3000.0,3000.0,3000.0,3000.0,3000.0,3000.0,3000.0,3000.0,3000.0,3000.0,3000.0,3000.0,3000.0,3000.0,3000.0,3000.0,3000.0,3000.0,3000.0,3000.0,3000.0,3000.0,3000.0,3000.0,3000.0,3000.0,3000.0,3000.0,3000.0,3000.0,3000.0,3000.0,3000.0,3000.0,3000.0,3000.0,3000.0,3000.0,3000.0,3000.0,3000.0,3000.0,3000.0,3000.0,3000.0,3000.0,3000.0,3000.0,3000.0,3000.0,3000.0,3000.0,3000.0,3000.0,3000.0,3000.0,3000.0,33.33333333333323,45.61947757050095,74.8993201239153,223.02483332757802,3000.0,3000.0,3000.0,3000.0,33.33333333333323,45.61947757050095,74.8993201239153,223.02483332757802,3000.0,3000.0,3000.0,3000.0,33.33333333333323,45.61947757050095,74.8993201239153,223.02483332757802,3000.0,3000.0,3000.0,3000.0,33.33333333333323,45.61947757050095,74.8993201239153,223.02483332757802,3000.0,3000.0,3000.0,3000.0,33.33333333333323,45.61947757050095,74.8993201239153,223.02483332757802,3000.0,3000.0,3000.0,3000.0,33.33333333333323,45.61947757050095,74.8993201239153,223.02483332757802,3000.0,3000.0,3000.0,3000.0,33.33333333333323,45.61947757050095,74.8993201239153,223.02483332757802,3000.0,3000.0,3000.0,3000.0,33.33333333333323,45.61947757050095,74.8993201239153,223.02483332757802,3000.0,3000.0,3000.0,3000.0
8000,0.0,0.0,0.0,0.0,0.0,0.0,0.0,0.0,0.0,0.0,0.0,0.0,0.0,0.0,0.0,0.0,0.0,0.0,0.0,0.0,0.0,0.0,0.0,0.0,0.0,0.0,0.0,0.0,0.0,0.0,0.0,0.0,0.0,0.0,0.0,0.0,0.0,0.0,0.0,0.0,0.0,0.0,0.0,0.0,0.0,0.0,0.0,0.0,0.0,0.0,0.0,0.0,0.0,0.0,0.0,0.0,0.0,0.0,0.0,0.0,0.0,0.0,0.0,0.0,0.0,0.0,0.0,0.0,0.0,0.0,0.0,0.0,0.0,0.0,0.0,0.0,0.0,0.0,0.0,0.0,0.0,0.0,0.0,0.0,0.0,0.0,0.0,0.0,0.0,0.0,0.0,0.0,0.0,0.0,0.0,0.0,0.0,0.0,0.0,0.0,0.0,0.0,0.0,0.0,0.0,0.0,0.0,0.0,0.0,0.0,0.0,0.0,0.0,0.0,0.0,0.0,0.0,0.0,0.0,0.0,0.0,0.0,0.0,0.0,0.0,0.0,0.0,0.0,-0.0,-0.0,-0.0,-0.0,0.0,0.0,0.0,0.0,-0.0,-0.0,-0.0,-0.0,0.0,0.0,0.0,0.0,-0.0,-0.0,-0.0,-0.0,0.0,0.0,0.0,0.0,-0.0,-0.0,-0.0,-0.0,0.0,0.0,0.0,0.0,-0.0,-0.0,-0.0,-0.0,0.0,0.0,0.0,0.0,-0.0,-0.0,-0.0,-0.0,0.0,0.0,0.0,0.0,-0.0,-0.0,-0.0,-0.0,0.0,0.0,0.0,0.0,-0.0,-0.0,-0.0,-0.0,0.0,0.0,0.0,0.0,-0.0,-0.0,-0.0,-0.0,-0.0,-0.0,-0.0,-0.0,-0.0,-0.0,-0.0,-0.0,-0.0,-0.0,-0.0,-0.0,-0.0,-0.0,-0.0,-0.0,-0.0,-0.0,-0.0,-0.0,-0.0,-0.0,-0.0,-0.0,-0.0,-0.0,-0.0,-0.0,-0.0,-0.0,-0.0,-0.0,-0.0,-0.0,-0.0,-0.0,-0.0,-0.0,-0.0,-0.0,-0.0,-0.0,-0.0,-0.0,-0.0,-0.0,-0.0,-0.0,-0.0,-0.0,-0.0,-0.0,-0.0,-0.0,-0.0,-0.0,-0.0,-0.0,-0.0,-0.0,-0.0,-0.0,-0.0,-0.0,-0.0,-0.0,-0.0,-0.0,-0.0,-0.0,-0.0,-0.0,-0.0,-0.0,-0.0,-0.0,-0.0,-0.0,-0.0,-0.0,-0.0,-0.0,-0.0,-0.0,-0.0,-0.0,-0.0,-0.0,-0.0,-0.0,-0.0,-0.0,-0.0,-0.0,-0.0,-0.0,-0.0,-0.0,-0.0,-0.0,-0.0,-0.0,-0.0,-0.0,-0.0,-0.0,-0.0,-0.0,-0.0,-0.0,-0.0,-0.0,-0.0,-0.0,-0.0,-0.0,-0.0,-0.0,-0.0,-0.0,-0.0,-0.0,-0.0,-0.0,0.0,0.0,0.0,0.0,-0.0,-0.0,-0.0,-0.0,0.0,0.0,0.0,0.0,-0.0,-0.0,-0.0,-0.0,0.0,0.0,0.0,0.0,-0.0,-0.0,-0.0,-0.0,0.0,0.0,0.0,0.0,-0.0,-0.0,-0.0,-0.0,0.0,0.0,0.0,0.0,-0.0,-0.0,-0.0,-0.0,0.0,0.0,0.0,0.0,-0.0,-0.0,-0.0,-0.0,0.0,0.0,0.0,0.0,-0.0,-0.0,-0.0,-0.0,0.0,0.0,0.0,0.0,-0.0,-0.0,-0.0,-0.0
8067,3000.0,3000.0,3000.0,3000.0,3000.0,3000.0,3000.0,3000.0,3000.0,3000.0,3000.0,3000.0,3000.0,3000.0,3000.0,3000.0,3000.0,3000.0,3000.0,3000.0,3000.0,3000.0,3000.0,3000.0,3000.0,3000.0,3000.0,3000.0,3000.0,3000.0,3000.0,3000.0,3000.0,3000.0,3000.0,3000.0,3000.0,3000.0,3000.0,3000.0,3000.0,3000.0,3000.0,3000.0,3000.0,3000.0,3000.0,3000.0,3000.0,3000.0,3000.0,3000.0,3000.0,3000.0,3000.0,3000.0,3000.0,3000.0,3000.0,3000.0,3000.0,3000.0,3000.0,3000.0,3000.0,3000.0,3000.0,3000.0,3000.0,3000.0,3000.0,3000.0,3000.0,3000.0,3000.0,3000.0,3000.0,3000.0,3000.0,3000.0,3000.0,3000.0,3000.0,3000.0,3000.0,3000.0,3000.0,3000.0,3000.0,3000.0,3000.0,3000.0,3000.0,3000.0,3000.0,3000.0,3000.0,3000.0,3000.0,3000.0,3000.0,3000.0,3000.0,3000.0,3000.0,3000.0,3000.0,3000.0,3000.0,3000.0,3000.0,3000.0,3000.0,3000.0,3000.0,3000.0,3000.0,3000.0,3000.0,3000.0,3000.0,3000.0,3000.0,3000.0,3000.0,3000.0,3000.0,3000.0,33.33333333333323,45.61947757050097,74.89932012391533,223.0248333275784,3000.0,3000.0,3000.0,3000.0,33.33333333333323,45.61947757050097,74.89932012391533,223.0248333275784,3000.0,3000.0,3000.0,3000.0,33.33333333333323,45.61947757050097,74.89932012391533,223.0248333275784,3000.0,3000.0,3000.0,3000.0,33.33333333333323,45.61947757050097,74.89932012391533,223.0248333275784,3000.0,3000.0,3000.0,3000.0,33.33333333333323,45.61947757050097,74.89932012391533,223.0248333275784,3000.0,3000.0,3000.0,3000.0,33.33333333333323,45.61947757050097,74.89932012391533,223.0248333275784,3000.0,3000.0,3000.0,3000.0,33.33333333333323,45.61947757050097,74.89932012391533,223.0248333275784,3000.0,3000.0,3000.0,3000.0,33.33333333333323,45.61947757050097,74.89932012391533,223.0248333275784,3000.0,3000.0,3000.0,3000.0,33.3333333333332,26.731257860161183,22.73599905701581,20.17173144707978,18.49860440291231,17.441545600447576,16.854922221925232,16.666666666666607,33.3333333333332,26.731257860161183,22.73599905701581,20.17173144707978,18.49860440291231,17.441545600447576,16.854922221925232,16.666666666666607,33.3333333333332,26.731257860161183,22.73599905701581,20.17173144707978,18.49860440291231,17.441545600447576,16.854922221925232,16.666666666666607,33.3333333333332,26.731257860161183,22.73599905701581,20.17173144707978,18.49860440291231,17.441545600447576,16.854922221925232,16.666666666666607,33.3333333333332,26.731257860161183,22.73599905701581,20.17173144707978,18.49860440291231,17.441545600447576,16.854922221925232,16.666666666666607,33.3333333333332,26.731257860161183,22.73599905701581,20.17173144707978,18.49860440291231,17.441545600447576,16.854922221925232,16.666666666666607,33.3333333333332,26.731257860161183,22.73599905701581,20.17173144707978,18.49860440291231,17.441545600447576,16.854922221925232,16.666666666666607,33.3333333333332,26.731257860161183,22.73599905701581,20.17173144707978,18.49860440291231,17.441545600447576,16.854922221925232,16.666666666666607,16.666666666666607,16.854922221925232,17.441545600447576,18.49860440291231,20.17173144707978,22.73599905701581,26.731257860161183,33.3333333333332,16.666666666666607,16.854922221925232,17.441545600447576,18.49860440291231,20.17173144707978,22.73599905701581,26.731257860161183,33.3333333333332,16.666666666666607,16.854922221925232,17.441545600447576,18.49860440291231,20.17173144707978,22.73599905701581,26.731257860161183,33.3333333333332,16.666666666666607,16.854922221925232,17.441545600447576,18.49860440291231,20.17173144707978,22.73599905701581,26.731257860161183,33.3333333333332,16.666666666666607,16.854922221925232,17.441545600447576,18.49860440291231,20.17173144707978,22.73599905701581,26.731257860161183,33.3333333333332,16.666666666666607,16.854922221925232,17.441545600447576,18.49860440291231,20.17173144707978,22.73599905701581,26.731257860161183,33.3333333333332,16.666666666666607,16.854922221925232,17.441545600447576,18.49860440291231,20.17173144707978,22.73599905701581,26.731257860161183,33.3333333333332,16.666666666666607,16.854922221925232,17.441545600447576,18.49860440291231,20.17173144707978,22.73599905701581,26.731257860161183,33.3333333333332,3000.0,3000.0,3000.0,3000.0,223.0248333275784,74.89932012391533,45.619477570501,33.33333333333323,3000.0,3000.0,3000.0,3000.0,223.0248333275784,74.89932012391533,45.619477570501,33.33333333333323,3000.0,3000.0,3000.0,3000.0,223.0248333275784,74.89932012391533,45.619477570501,33.33333333333323,3000.0,3000.0,3000.0,3000.0,223.0248333275784,74.89932012391533,45.619477570501,33.33333333333323,3000.0,3000.0,3000.0,3000.0,223.0248333275784,74.89932012391533,45.619477570501,33.33333333333323,3000.0,3000.0,3000.0,3000.0,223.0248333275784,74.89932012391533,45.619477570501,33.33333333333323,3000.0,3000.0,3000.0,3000.0,223.0248333275784,74.89932012391533,45.619477570501,33.33333333333323,3000.0,3000.0,3000.0,3000.0,223.0248333275784,74.89932012391533,45.619477570501,33.33333333333323
8133,3000.0,3000.0,3000.0,3000.0,3000.0,3000.0,3000.0,3000.0,3000.0,3000.0,3000.0,3000.0,3000.0,3000.0,3000.0,3000.0,3000.0,3000.0,3000.0,3000.0,3000.0,3000.0,3000.0,3000.0,3000.0,3000.0,3000.0,3000.0,3000.0,3000.0,3000.0,3000.0,3000.0,3000.0,3000.0,3000.0,3000.0,3000.0,3000.0,3000.0,3000.0,3000.0,3000.0,3000.0,3000.0,3000.0,3000.0,3000.0,3000.0,3000.0,3000.0,3000.0,3000.0,3000.0,3000.0,3000.0,3000.0,3000.0,3000.0,3000.0,3000.0,3000.0,3000.0,3000.0,3000.0,3000.0,3000.0,3000.0,3000.0,3000.0,3000.0,3000.0,3000.0,3000.0,3000.0,3000.0,3000.0,3000.0,3000.0,3000.0,3000.0,3000.0,3000.0,3000.0,3000.0,3000.0,3000.0,3000.0,3000.0,3000.0,3000.0,3000.0,3000.0,3000.0,3000.0,3000.0,3000.0,3000.0,3000.0,3000.0,3000.0,3000.0,3000.0,3000.0,3000.0,3000.0,3000.0,3000.0,3000.0,3000.0,3000.0,3000.0,3000.0,3000.0,3000.0,3000.0,3000.0,3000.0,3000.0,3000.0,3000.0,3000.0,3000.0,3000.0,3000.0,3000.0,3000.0,3000.0,66.66666666666646,91.23895514100194,149.79864024783066,446.0496666551568,3000.0,3000.0,3000.0,3000.0,66.66666666666646,91.23895514100194,149.79864024783066,446.0496666551568,3000.0,3000.0,3000.0,3000.0,66.66666666666646,91.23895514100194,149.79864024783066,446.0496666551568,3000.0,3000.0,3000.0,3000.0,66.66666666666646,91.23895514100194,149.79864024783066,446.0496666551568,3000.0,3000.0,3000.0,3000.0,66.66666666666646,91.23895514100194,149.79864024783066,446.0496666551568,3000.0,3000.0,3000.0,3000.0,66.66666666666646,91.23895514100194,149.79864024783066,446.0496666551568,3000.0,3000.0,3000.0,3000.0,66.66666666666646,91.23895514100194,149.79864024783066,446.0496666551568,3000.0,3000.0,3000.0,3000.0,66.66666666666646,91.23895514100194,149.79864024783066,446.0496666551568,3000.0,3000.0,3000.0,3000.0,66.6666666666664,53.462515720322365,45.47199811403162,40.34346289415956,36.99720880582462,34.88309120089515,33.709844443850464,33.333333333333215,66.6666666666664,53.462515720322365,45.47199811403162,40.34346289415956,36.99720880582462,34.88309120089515,33.709844443850464,33.333333333333215,66.6666666666664,53.462515720322365,45.47199811403162,40.34346289415956,36.99720880582462,34.88309120089515,33.709844443850464,33.333333333333215,66.6666666666664,53.462515720322365,45.47199811403162,40.34346289415956,36.99720880582462,34.88309120089515,33.709844443850464,33.333333333333215,66.6666666666664,53.462515720322365,45.47199811403162,40.34346289415956,36.99720880582462,34.88309120089515,33.709844443850464,33.333333333333215,66.6666666666664,53.462515720322365,45.47199811403162,40.34346289415956,36.99720880582462,34.88309120089515,33.709844443850464,33.333333333333215,66.6666666666664,53.462515720322365,45.47199811403162,40.34346289415956,36.99720880582462,34.88309120089515,33.709844443850464,33.333333333333215,66.6666666666664,53.462515720322365,45.47199811403162,40.34346289415956,36.99720880582462,34.88309120089515,33.709844443850464,33.333333333333215,33.333333333333215,33.709844443850464,34.88309120089515,36.99720880582462,40.34346289415956,45.47199811403162,53.462515720322365,66.6666666666664,33.333333333333215,33.709844443850464,34.88309120089515,36.99720880582462,40.34346289415956,45.47199811403162,53.462515720322365,66.6666666666664,33.333333333333215,33.709844443850464,34.88309120089515,36.99720880582462,40.34346289415956,45.47199811403162,53.462515720322365,66.6666666666664,33.333333333333215,33.709844443850464,34.88309120089515,36.99720880582462,40.34346289415956,45.47199811403162,53.462515720322365,66.6666666666664,33.333333333333215,33.709844443850464,34.88309120089515,36.99720880582462,40.34346289415956,45.47199811403162,53.462515720322365,66.6666666666664,33.333333333333215,33.709844443850464,34.88309120089515,36.99720880582462,40.34346289415956,45.47199811403162,53.462515720322365,66.6666666666664,33.333333333333215,33.709844443850464,34.88309120089515,36.99720880582462,40.34346289415956,45.47199811403162,53.462515720322365,66.6666666666664,33.333333333333215,33.709844443850464,34.88309120089515,36.99720880582462,40.34346289415956,45.47199811403162,53.462515720322365,66.6666666666664,3000.0,3000.0,3000.0,3000.0,446.0496666551568,149.79864024783066,91.238955141002,66.66666666666646,3000.0,3000.0,3000.0,3000.0,446.0496666551568,149.79864024783066,91.238955141002,66.66666666666646,3000.0,3000.0,3000.0,3000.0,446.0496666551568,149.79864024783066,91.238955141002,66.66666666666646,3000.0,3000.0,3000.0,3000.0,446.0496666551568,149.79864024783066,91.238955141002,66.66666666666646,3000.0,3000.0,3000.0,3000.0,446.0496666551568,149.79864024783066,91.238955141002,66.66666666666646,3000.0,3000.0,3000.0,3000.0,446.0496666551568,149.79864024783066,91.238955141002,66.66666666666646,3000.0,3000.0,3000.0,3000.0,446.0496666551568,149.79864024783066,91.238955141002,66.66666666666646,3000.0,3000.0,3000.0,3000.0,446.0496666551568,149.79864024783066,91.238955141002,66.66666666666646
8200,3000.0,3000.0,3000.0,3000.0,3000.0,3000.0,3000.0,3000.0,3000.0,3000.0,3000.0,3000.0,3000.0,3000.0,3000.0,3000.0,3000.0,3000.0,3000.0,3000.0,3000.0,3000.0,3000.0,3000.0,3000.0,3000.0,3000.0,3000.0,3000.0,3000.0,3000.0,3000.0,3000.0,3000.0,3000.0,3000.0,3000.0,3000.0,3000.0,3000.0,3000.0,3000.0,3000.0,3000.0,3000.0,3000.0,3000.0,3000.0,3000.0,3000.0,3000.0,3000.0,3000.0,3000.0,3000.0,3000.0,3000.0,3000.0,3000.0,3000.0,3000.0,3000.0,3000.0,3000.0,3000.0,3000.0,3000.0,3000.0,3000.0,3000.0,3000.0,3000.0,3000.0,3000.0,3000.0,3000.0,3000.0,3000.0,3000.0,3000.0,3000.0,3000.0,3000.0,3000.0,3000.0,3000.0,3000.0,3000.0,3000.0,3000.0,3000.0,3000.0,3000.0,3000.0,3000.0,3000.0,3000.0,3000.0,3000.0,3000.0,3000.0,3000.0,3000.0,3000.0,3000.0,3000.0,3000.0,3000.0,3000.0,3000.0,3000.0,3000.0,3000.0,3000.0,3000.0,3000.0,3000.0,3000.0,3000.0,3000.0,3000.0,3000.0,3000.0,3000.0,3000.0,3000.0,3000.0,3000.0,99.99999999999969,136.85843271150293,224.697960371746,669.0744999827351,3000.0,3000.0,3000.0,3000.0,99.99999999999969,136.85843271150293,224.697960371746,669.0744999827351,3000.0,3000.0,3000.0,3000.0,99.99999999999969,136.85843271150293,224.697960371746,669.0744999827351,3000.0,3000.0,3000.0,3000.0,99.99999999999969,136.85843271150293,224.697960371746,669.0744999827351,3000.0,3000.0,3000.0,3000.0,99.99999999999969,136.85843271150293,224.697960371746,669.0744999827351,3000.0,3000.0,3000.0,3000.0,99.99999999999969,136.85843271150293,224.697960371746,669.0744999827351,3000.0,3000.0,3000.0,3000.0,99.99999999999969,136.85843271150293,224.697960371746,669.0744999827351,3000.0,3000.0,3000.0,3000.0,99.99999999999969,136.85843271150293,224.697960371746,669.0744999827351,3000.0,3000.0,3000.0,3000.0,99.9999999999996,80.19377358048355,68.20799717104745,60.51519434123934,55.49581320873693,52.32463680134272,50.5647666657757,49.99999999999982,99.9999999999996,80.19377358048355,68.20799717104745,60.51519434123934,55.49581320873693,52.32463680134272,50.5647666657757,49.99999999999982,99.9999999999996,80.19377358048355,68.20799717104745,60.51519434123934,55.49581320873693,52.32463680134272,50.5647666657757,49.99999999999982,99.9999999999996,80.19377358048355,68.20799717104745,60.51519434123934,55.49581320873693,52.32463680134272,50.5647666657757,49.99999999999982,99.9999999999996,80.19377358048355,68.20799717104745,60.51519434123934,55.49581320873693,52.32463680134272,50.5647666657757,49.99999999999982,99.9999999999996,80.19377358048355,68.20799717104745,60.51519434123934,55.49581320873693,52.32463680134272,50.5647666657757,49.99999999999982,99.9999999999996,80.19377358048355,68.20799717104745,60.51519434123934,55.49581320873693,52.32463680134272,50.5647666657757,49.99999999999982,99.9999999999996,80.19377358048355,68.20799717104745,60.51519434123934,55.49581320873693,52.32463680134272,50.5647666657757,49.99999999999982,49.99999999999982,50.5647666657757,52.32463680134272,55.49581320873693,60.51519434123934,68.20799717104745,80.19377358048355,99.9999999999996,49.99999999999982,50.5647666657757,52.32463680134272,55.49581320873693,60.51519434123934,68.20799717104745,80.19377358048355,99.9999999999996,49.99999999999982,50.5647666657757,52.32463680134272,55.49581320873693,60.51519434123934,68.20799717104745,80.19377358048355,99.9999999999996,49.99999999999982,50.5647666657757,52.32463680134272,55.49581320873693,60.51519434123934,68.20799717104745,80.19377358048355,99.9999999999996,49.99999999999982,50.5647666657757,52.32463680134272,55.49581320873693,60.51519434123934,68.20799717104745,80.19377358048355,99.9999999999996,49.99999999999982,50.5647666657757,52.32463680134272,55.49581320873693,60.51519434123934,68.20799717104745,80.19377358048355,99.9999999999996,49.99999999999982,50.5647666657757,52.32463680134272,55.49581320873693,60.51519434123934,68.20799717104745,80.19377358048355,99.9999999999996,49.99999999999982,50.5647666657757,52.32463680134272,55.49581320873693,60.51519434123934,68.20799717104745,80.19377358048355,99.9999999999996,3000.0,3000.0,3000.0,3000.0,669.0744999827351,224.697960371746,136.85843271150299,99.99999999999969,3000.0,3000.0,3000.0,3000.0,669.0744999827351,224.697960371746,136.85843271150299,99.99999999999969,3000.0,3000.0,3000.0,3000.0,669.0744999827351,224.697960371746,136.85843271150299,99.99999999999969,3000.0,3000.0,3000.0,3000.0,669.0744999827351,224.697960371746,136.85843271150299,99.99999999999969,3000.0,3000.0,3000.0,3000.0,669.0744999827351,224.697960371746,136.85843271150299,99.99999999999969,3000.0,3000.0,3000.0,3000.0,669.0744999827351,224.697960371746,136.85843271150299,99.99999999999969,3000.0,3000.0,3000.0,3000.0,669.0744999827351,224.697960371746,136.85843271150299,99.99999999999969,3000.0,3000.0,3000.0,3000.0,669.0744999827351,224.697960371746,136.85843271150299,99.99999999999969
8267,3000.0,3000.0,3000.0,3000.0,3000.0,3000.0,3000.0,3000.0,3000.0,3000.0,3000.0,3000.0,3000.0,3000.0,3000.0,3000.0,3000.0,3000.0,3000.0,3000.0,3000.0,3000.0,3000.0,3000.0,3000.0,3000.0,3000.0,3000.0,3000.0,3000.0,3000.0,3000.0,3000.0,3000.0,3000.0,3000.0,3000.0,3000.0,3000.0,3000.0,3000.0,3000.0,3000.0,3000.0,3000.0,3000.0,3000.0,3000.0,3000.0,3000.0,3000.0,3000.0,3000.0,3000.0,3000.0,3000.0,3000.0,3000.0,3000.0,3000.0,3000.0,3000.0,3000.0,3000.0,3000.0,3000.0,3000.0,3000.0,3000.0,3000.0,3000.0,3000.0,3000.0,3000.0,3000.0,3000.0,3000.0,3000.0,3000.0,3000.0,3000.0,3000.0,3000.0,3000.0,3000.0,3000.0,3000.0,3000.0,3000.0,3000.0,3000.0,3000.0,3000.0,3000.0,3000.0,3000.0,3000.0,3000.0,3000.0,3000.0,3000.0,3000.0,3000.0,3000.0,3000.0,3000.0,3000.0,3000.0,3000.0,3000.0,3000.0,3000.0,3000.0,3000.0,3000.0,3000.0,3000.0,3000.0,3000.0,3000.0,3000.0,3000.0,3000.0,3000.0,3000.0,3000.0,3000.0,3000.0,133.3333333333338,182.4779102820051,299.5972804956633,3000.0,3000.0,3000.0,3000.0,3000.0,133.3333333333338,182.4779102820051,299.5972804956633,3000.0,3000.0,3000.0,3000.0,3000.0,133.3333333333338,182.4779102820051,299.5972804956633,3000.0,3000.0,3000.0,3000.0,3000.0,133.3333333333338,182.4779102820051,299.5972804956633,3000.0,3000.0,3000.0,3000.0,3000.0,133.3333333333338,182.4779102820051,299.5972804956633,3000.0,3000.0,3000.0,3000.0,3000.0,133.3333333333338,182.4779102820051,299.5972804956633,3000.0,3000.0,3000.0,3000.0,3000.0,133.3333333333338,182.4779102820051,299.5972804956633,3000.0,3000.0,3000.0,3000.0,3000.0,133.3333333333338,182.4779102820051,299.5972804956633,3000.0,3000.0,3000.0,3000.0,3000.0,133.33333333333368,106.92503144064544,90.94399622806385,80.68692578831966,73.99441761164972,69.76618240179076,67.41968888770138,66.66666666666687,133.33333333333368,106.92503144064544,90.94399622806385,80.68692578831966,73.99441761164972,69.76618240179076,67.41968888770138,66.66666666666687,133.33333333333368,106.92503144064544,90.94399622806385,80.68692578831966,73.99441761164972,69.76618240179076,67.41968888770138,66.66666666666687,133.33333333333368,106.92503144064544,90.94399622806385,80.68692578831966,73.99441761164972,69.76618240179076,67.41968888770138,66.66666666666687,133.33333333333368,106.92503144064544,90.94399622806385,80.68692578831966,73.99441761164972,69.76618240179076,67.41968888770138,66.66666666666687,133.33333333333368,106.92503144064544,90.94399622806385,80.68692578831966,73.99441761164972,69.76618240179076,67.41968888770138,66.66666666666687,133.33333333333368,106.92503144064544,90.94399622806385,80.68692578831966,73.99441761164972,69.76618240179076,67.41968888770138,66.66666666666687,133.33333333333368,106.92503144064544,90.94399622806385,80.68692578831966,73.99441761164972,69.76618240179076,67.41968888770138,66.66666666666687,66.66666666666687,67.41968888770138,69.76618240179076,73.99441761164972,80.68692578831966,90.94399622806385,106.92503144064544,133.33333333333368,66.66666666666687,67.41968888770138,69.76618240179076,73.99441761164972,80.68692578831966,90.94399622806385,106.92503144064544,133.33333333333368,66.66666666666687,67.41968888770138,69.76618240179076,73.99441761164972,80.68692578831966,90.94399622806385,106.92503144064544,133.33333333333368,66.66666666666687,67.41968888770138,69.76618240179076,73.99441761164972,80.68692578831966,90.94399622806385,106.92503144064544,133.33333333333368,66.66666666666687,67.41968888770138,69.76618240179076,73.99441761164972,80.68692578831966,90.94399622806385,106.92503144064544,133.33333333333368,66.66666666666687,67.41968888770138,69.76618240179076,73.99441761164972,80.68692578831966,90.94399622806385,106.92503144064544,133.33333333333368,66.66666666666687,67.41968888770138,69.76618240179076,73.99441761164972,80.68692578831966,90.94399622806385,106.92503144064544,133.33333333333368,66.66666666666687,67.41968888770138,69.76618240179076,73.99441761164972,80.68692578831966,90.94399622806385,106.92503144064544,133.33333333333368,3000.0,3000.0,3000.0,3000.0,3000.0,299.5972804956633,182.47791028200518,133.3333333333338,3000.0,3000.0,3000.0,3000.0,3000.0,299.5972804956633,182.47791028200518,133.3333333333338,3000.0,3000.0,3000.0,3000.0,3000.0,299.5972804956633,182.47791028200518,133.3333333333338,3000.0,3000.0,3000.0,3000.0,3000.0,299.5972804956633,182.47791028200518,133.3333333333338,3000.0,3000.0,3000.0,3000.0,3000.0,299.5972804956633,182.47791028200518,133.3333333333338,3000.0,3000.0,3000.0,3000.0,3000.0,299.5972804956633,182.47791028200518,133.3333333333338,3000.0,3000.0,3000.0,3000.0,3000.0,299.5972804956633,182.47791028200518,133.3333333333338,3000.0,3000.0,3000.0,3000.0,3000.0,299.5972804956633,182.47791028200518,133.3333333333338
8333,3000.0,3000.0,3000.0,3000.0,3000.0,3000.0,3000.0,3000.0,3000.0,3000.0,3000.0,3000.0,3000.0,3000.0,3000.0,3000.0,3000.0,3000.0,3000.0,3000.0,3000.0,3000.0,3000.0,3000.0,3000.0,3000.0,3000.0,3000.0,3000.0,3000.0,3000.0,3000.0,3000.0,3000.0,3000.0,3000.0,3000.0,3000.0,3000.0,3000.0,3000.0,3000.0,3000.0,3000.0,3000.0,3000.0,3000.0,3000.0,3000.0,3000.0,3000.0,3000.0,3000.0,3000.0,3000.0,3000.0,3000.0,3000.0,3000.0,3000.0,3000.0,3000.0,3000.0,3000.0,3000.0,3000.0,3000.0,3000.0,3000.0,3000.0,3000.0,3000.0,3000.0,3000.0,3000.0,3000.0,3000.0,3000.0,3000.0,3000.0,3000.0,3000.0,3000.0,3000.0,3000.0,3000.0,3000.0,3000.0,3000.0,3000.0,3000.0,3000.0,3000.0,3000.0,3000.0,3000.0,3000.0,3000.0,3000.0,3000.0,3000.0,3000.0,3000.0,3000.0,3000.0,3000.0,3000.0,3000.0,3000.0,3000.0,3000.0,3000.0,3000.0,3000.0,3000.0,3000.0,3000.0,3000.0,3000.0,3000.0,3000.0,3000.0,3000.0,3000.0,3000.0,3000.0,3000.0,3000.0,166.66666666666706,228.09738785250607,374.4966006195786,3000.0,3000.0,3000.0,3000.0,3000.0,166.66666666666706,228.09738785250607,374.4966006195786,3000.0,3000.0,3000.0,3000.0,3000.0,166.66666666666706,228.09738785250607,374.4966006195786,3000.0,3000.0,3000.0,3000.0,3000.0,166.66666666666706,228.09738785250607,374.4966006195786,3000.0,3000.0,3000.0,3000.0,3000.0,166.66666666666706,228.09738785250607,374.4966006195786,3000.0,3000.0,3000.0,3000.0,3000.0,166.66666666666706,228.09738785250607,374.4966006195786,3000.0,3000.0,3000.0,3000.0,3000.0,166.66666666666706,228.09738785250607,374.4966006195786,3000.0,3000.0,3000.0,3000.0,3000.0,166.66666666666706,228.09738785250607,374.4966006195786,3000.0,3000.0,3000.0,3000.0,3000.0,166.6666666666669,133.65628930080663,113.67999528507967,100.85865723539942,92.49302201456204,87.20772800223833,84.27461110962662,83.33333333333348,166.6666666666669,133.65628930080663,113.67999528507967,100.85865723539942,92.49302201456204,87.20772800223833,84.27461110962662,83.33333333333348,166.6666666666669,133.65628930080663,113.67999528507967,100.85865723539942,92.49302201456204,87.20772800223833,84.27461110962662,83.33333333333348,166.6666666666669,133.65628930080663,113.67999528507967,100.85865723539942,92.49302201456204,87.20772800223833,84.27461110962662,83.33333333333348,166.6666666666669,133.65628930080663,113.67999528507967,100.85865723539942,92.49302201456204,87.20772800223833,84.27461110962662,83.33333333333348,166.6666666666669,133.65628930080663,113.67999528507967,100.85865723539942,92.49302201456204,87.20772800223833,84.27461110962662,83.33333333333348,166.6666666666669,133.65628930080663,113.67999528507967,100.85865723539942,92.49302201456204,87.20772800223833,84.27461110962662,83.33333333333348,166.6666666666669,133.65628930080663,113.67999528507967,100.85865723539942,92.49302201456204,87.20772800223833,84.27461110962662,83.33333333333348,83.33333333333348,84.27461110962662,87.20772800223833,92.49302201456204,100.85865723539942,113.67999528507967,133.65628930080663,166.6666666666669,83.33333333333348,84.27461110962662,87.20772800223833,92.49302201456204,100.85865723539942,113.67999528507967,133.65628930080663,166.6666666666669,83.33333333333348,84.27461110962662,87.20772800223833,92.49302201456204,100.85865723539942,113.67999528507967,133.65628930080663,166.6666666666669,83.33333333333348,84.27461110962662,87.20772800223833,92.49302201456204,100.85865723539942,113.67999528507967,133.65628930080663,166.6666666666669,83.33333333333348,84.27461110962662,87.20772800223833,92.49302201456204,100.85865723539942,113.67999528507967,133.65628930080663,166.6666666666669,83.33333333333348,84.27461110962662,87.20772800223833,92.49302201456204,100.85865723539942,113.67999528507967,133.65628930080663,166.6666666666669,83.33333333333348,84.27461110962662,87.20772800223833,92.49302201456204,100.85865723539942,113.67999528507967,133.65628930080663,166.6666666666669,83.33333333333348,84.27461110962662,87.20772800223833,92.49302201456204,100.85865723539942,113.67999528507967,133.65628930080663,166.6666666666669,3000.0,3000.0,3000.0,3000.0,3000.0,374.4966006195786,228.0973878525062,166.66666666666706,3000.0,3000.0,3000.0,3000.0,3000.0,374.4966006195786,228.0973878525062,166.66666666666706,3000.0,3000.0,3000.0,3000.0,3000.0,374.4966006195786,228.0973878525062,166.66666666666706,3000.0,3000.0,3000.0,3000.0,3000.0,374.4966006195786,228.0973878525062,166.66666666666706,3000.0,3000.0,3000.0,3000.0,3000.0,374.4966006195786,228.0973878525062,166.66666666666706,3000.0,3000.0,3000.0,3000.0,3000.0,374.4966006195786,228.0973878525062,166.66666666666706,3000.0,3000.0,3000.0,3000.0,3000.0,374.4966006195786,228.0973878525062,166.66666666666706,3000.0,3000.0,3000.0,3000.0,3000.0,374.4966006195786,228.0973878525062,166.66666666666706
8400,3000.0,3000.0,3000.0,3000.0,3000.0,3000.0,3000.0,3000.0,3000.0,3000.0,3000.0,3000.0,3000.0,3000.0,3000.0,3000.0,3000.0,3000.0,3000.0,3000.0,3000.0,3000.0,3000.0,3000.0,3000.0,3000.0,3000.0,3000.0,3000.0,3000.0,3000.0,3000.0,3000.0,3000.0,3000.0,3000.0,3000.0,3000.0,3000.0,3000.0,3000.0,3000.0,3000.0,3000.0,3000.0,3000.0,3000.0,3000.0,3000.0,3000.0,3000.0,3000.0,3000.0,3000.0,3000.0,3000.0,3000.0,3000.0,3000.0,3000.0,3000.0,3000.0,3000.0,3000.0,3000.0,3000.0,3000.0,3000.0,3000.0,3000.0,3000.0,3000.0,3000.0,3000.0,3000.0,3000.0,3000.0,3000.0,3000.0,3000.0,3000.0,3000.0,3000.0,3000.0,3000.0,3000.0,3000.0,3000.0,3000.0,3000.0,3000.0,3000.0,3000.0,3000.0,3000.0,3000.0,3000.0,3000.0,3000.0,3000.0,3000.0,3000.0,3000.0,3000.0,3000.0,3000.0,3000.0,3000.0,3000.0,3000.0,3000.0,3000.0,3000.0,3000.0,3000.0,3000.0,3000.0,3000.0,3000.0,3000.0,3000.0,3000.0,3000.0,3000.0,3000.0,3000.0,3000.0,3000.0,200.00000000000026,273.716865423007,449.39592074349395,3000.0,3000.0,3000.0,3000.0,3000.0,200.00000000000026,273.716865423007,449.39592074349395,3000.0,3000.0,3000.0,3000.0,3000.0,200.00000000000026,273.716865423007,449.39592074349395,3000.0,3000.0,3000.0,3000.0,3000.0,200.00000000000026,273.716865423007,449.39592074349395,3000.0,3000.0,3000.0,3000.0,3000.0,200.00000000000026,273.716865423007,449.39592074349395,3000.0,3000.0,3000.0,3000.0,3000.0,200.00000000000026,273.716865423007,449.39592074349395,3000.0,3000.0,3000.0,3000.0,3000.0,200.00000000000026,273.716865423007,449.39592074349395,3000.0,3000.0,3000.0,3000.0,3000.0,200.00000000000026,273.716865423007,449.39592074349395,3000.0,3000.0,3000.0,3000.0,3000.0,200.00000000000009,160.3875471609678,136.41599434209547,121.0303886824792,110.99162641747432,104.64927360268591,101.12953333155185,100.00000000000009,200.00000000000009,160.3875471609678,136.41599434209547,121.0303886824792,110.99162641747432,104.64927360268591,101.12953333155185,100.00000000000009,200.00000000000009,160.3875471609678,136.41599434209547,121.0303886824792,110.99162641747432,104.64927360268591,101.12953333155185,100.00000000000009,200.00000000000009,160.3875471609678,136.41599434209547,121.0303886824792,110.99162641747432,104.64927360268591,101.12953333155185,100.00000000000009,200.00000000000009,160.3875471609678,136.41599434209547,121.0303886824792,110.99162641747432,104.64927360268591,101.12953333155185,100.00000000000009,200.00000000000009,160.3875471609678,136.41599434209547,121.0303886824792,110.99162641747432,104.64927360268591,101.12953333155185,100.00000000000009,200.00000000000009,160.3875471609678,136.41599434209547,121.0303886824792,110.99162641747432,104.64927360268591,101.12953333155185,100.00000000000009,200.00000000000009,160.3875471609678,136.41599434209547,121.0303886824792,110.99162641747432,104.64927360268591,101.12953333155185,100.00000000000009,100.00000000000009,101.12953333155185,104.64927360268591,110.99162641747432,121.0303886824792,136.41599434209547,160.3875471609678,200.00000000000009,100.00000000000009,101.12953333155185,104.64927360268591,110.99162641747432,121.0303886824792,136.41599434209547,160.3875471609678,200.00000000000009,100.00000000000009,101.12953333155185,104.64927360268591,110.99162641747432,121.0303886824792,136.41599434209547,160.3875471609678,200.00000000000009,100.00000000000009,101.12953333155185,104.64927360268591,110.99162641747432,121.0303886824792,136.41599434209547,160.3875471609678,200.00000000000009,100.00000000000009,101.12953333155185,104.64927360268591,110.99162641747432,121.0303886824792,136.41599434209547,160.3875471609678,200.00000000000009,100.00000000000009,101.12953333155185,104.64927360268591,110.99162641747432,121.0303886824792,136.41599434209547,160.3875471609678,200.00000000000009,100.00000000000009,101.12953333155185,104.64927360268591,110.99162641747432,121.0303886824792,136.41599434209547,160.3875471609678,200.00000000000009,100.00000000000009,101.12953333155185,104.64927360268591,110.99162641747432,121.0303886824792,136.41599434209547,160.3875471609678,200.00000000000009,3000.0,3000.0,3000.0,3000.0,3000.0,449.39592074349395,273.71686542300716,200.00000000000026,3000.0,3000.0,3000.0,3000.0,3000.0,449.39592074349395,273.71686542300716,200.00000000000026,3000.0,3000.0,3000.0,3000.0,3000.0,449.39592074349395,273.71686542300716,200.00000000000026,3000.0,3000.0,3000.0,3000.0,3000.0,449.39592074349395,273.71686542300716,200.00000000000026,3000.0,3000.0,3000.0,3000.0,3000.0,449.39592074349395,273.71686542300716,200.00000000000026,3000.0,3000.0,3000.0,3000.0,3000.0,449.39592074349395,273.71686542300716,200.00000000000026,3000.0,3000.0,3000.0,3000.0,3000.0,449.39592074349395,273.71686542300716,200.00000000000026,3000.0,3000.0,3000.0,3000.0,3000.0,449.39592074349395,273.71686542300716,200.00000000000026
8467,3000.0,3000.0,3000.0,3000.0,3000.0,3000.0,3000.0,3000.0,3000.0,3000.0,3000.0,3000.0,3000.0,3000.0,3000.0,3000.0,3000.0,3000.0,3000.0,3000.0,3000.0,3000.0,3000.0,3000.0,3000.0,3000.0,3000.0,3000.0,3000.0,3000.0,3000.0,3000.0,3000.0,3000.0,3000.0,3000.0,3000.0,3000.0,3000.0,3000.0,3000.0,3000.0,3000.0,3000.0,3000.0,3000.0,3000.0,3000.0,3000.0,3000.0,3000.0,3000.0,3000.0,3000.0,3000.0,3000.0,3000.0,3000.0,3000.0,3000.0,3000.0,3000.0,3000.0,3000.0,3000.0,3000.0,3000.0,3000.0,3000.0,3000.0,3000.0,3000.0,3000.0,3000.0,3000.0,3000.0,3000.0,3000.0,3000.0,3000.0,3000.0,3000.0,3000.0,3000.0,3000.0,3000.0,3000.0,3000.0,3000.0,3000.0,3000.0,3000.0,3000.0,3000.0,3000.0,3000.0,3000.0,3000.0,3000.0,3000.0,3000.0,3000.0,3000.0,3000.0,3000.0,3000.0,3000.0,3000.0,3000.0,3000.0,3000.0,3000.0,3000.0,3000.0,3000.0,3000.0,3000.0,3000.0,3000.0,3000.0,3000.0,3000.0,3000.0,3000.0,3000.0,3000.0,3000.0,3000.0,233.3333333333335,319.33634299350797,524.2952408674093,3000.0,3000.0,3000.0,3000.0,3000.0,233.3333333333335,319.33634299350797,524.2952408674093,3000.0,3000.0,3000.0,3000.0,3000.0,233.3333333333335,319.33634299350797,524.2952408674093,3000.0,3000.0,3000.0,3000.0,3000.0,233.3333333333335,319.33634299350797,524.2952408674093,3000.0,3000.0,3000.0,3000.0,3000.0,233.3333333333335,319.33634299350797,524.2952408674093,3000.0,3000.0,3000.0,3000.0,3000.0,233.3333333333335,319.33634299350797,524.2952408674093,3000.0,3000.0,3000.0,3000.0,3000.0,233.3333333333335,319.33634299350797,524.2952408674093,3000.0,3000.0,3000.0,3000.0,3000.0,233.3333333333335,319.33634299350797,524.2952408674093,3000.0,3000.0,3000.0,3000.0,3000.0,233.33333333333331,187.118805021129,159.1519933991113,141.20212012955898,129.49023082038667,122.09081920313349,117.98445555347709,116.6666666666667,233.33333333333331,187.118805021129,159.1519933991113,141.20212012955898,129.49023082038667,122.09081920313349,117.98445555347709,116.6666666666667,233.33333333333331,187.118805021129,159.1519933991113,141.20212012955898,129.49023082038667,122.09081920313349,117.98445555347709,116.6666666666667,233.33333333333331,187.118805021129,159.1519933991113,141.20212012955898,129.49023082038667,122.09081920313349,117.98445555347709,116.6666666666667,233.33333333333331,187.118805021129,159.1519933991113,141.20212012955898,129.49023082038667,122.09081920313349,117.98445555347709,116.6666666666667,233.33333333333331,187.118805021129,159.1519933991113,141.20212012955898,129.49023082038667,122.09081920313349,117.98445555347709,116.6666666666667,233.33333333333331,187.118805021129,159.1519933991113,141.20212012955898,129.49023082038667,122.09081920313349,117.98445555347709,116.6666666666667,233.33333333333331,187.118805021129,159.1519933991113,141.20212012955898,129.49023082038667,122.09081920313349,117.98445555347709,116.6666666666667,116.6666666666667,117.98445555347709,122.09081920313349,129.49023082038667,141.20212012955898,159.1519933991113,187.118805021129,233.33333333333331,116.6666666666667,117.98445555347709,122.09081920313349,129.49023082038667,141.20212012955898,159.1519933991113,187.118805021129,233.33333333333331,116.6666666666667,117.98445555347709,122.09081920313349,129.49023082038667,141.20212012955898,159.1519933991113,187.118805021129,233.33333333333331,116.6666666666667,117.98445555347709,122.09081920313349,129.49023082038667,141.20212012955898,159.1519933991113,187.118805021129,233.33333333333331,116.6666666666667,117.98445555347709,122.09081920313349,129.49023082038667,141.20212012955898,159.1519933991113,187.118805021129,233.33333333333331,116.6666666666667,117.98445555347709,122.09081920313349,129.49023082038667,141.20212012955898,159.1519933991113,187.118805021129,233.33333333333331,116.6666666666667,117.98445555347709,122.09081920313349,129.49023082038667,141.20212012955898,159.1519933991113,187.118805021129,233.33333333333331,116.6666666666667,117.98445555347709,122.09081920313349,129.49023082038667,141.20212012955898,159.1519933991113,187.118805021129,233.33333333333331,3000.0,3000.0,3000.0,3000.0,3000.0,524.2952408674093,319.3363429935082,233.3333333333335,3000.0,3000.0,3000.0,3000.0,3000.0,524.2952408674093,319.3363429935082,233.3333333333335,3000.0,3000.0,3000.0,3000.0,3000.0,524.2952408674093,319.3363429935082,233.3333333333335,3000.0,3000.0,3000.0,3000.0,3000.0,524.2952408674093,319.3363429935082,233.3333333333335,3000.0,3000.0,3000.0,3000.0,3000.0,524.2952408674093,319.3363429935082,233.3333333333335,3000.0,3000.0,3000.0,3000.0,3000.0,524.2952408674093,319.3363429935082,233.3333333333335,3000.0,3000.0,3000.0,3000.0,3000.0,524.2952408674093,319.3363429935082,233.3333333333335,3000.0,3000.0,3000.0,3000.0,3000.0,524.2952408674093,319.3363429935082,233.3333333333335
8533,3000.0,3000.0,3000.0,3000.0,3000.0,3000.0,3000.0,3000.0,3000.0,3000.0,3000.0,3000.0,3000.0,3000.0,3000.0,3000.0,3000.0,3000.0,3000.0,3000.0,3000.0,3000.0,3000.0,3000.0,3000.0,3000.0,3000.0,3000.0,3000.0,3000.0,3000.0,3000.0,3000.0,3000.0,3000.0,3000.0,3000.0,3000.0,3000.0,3000.0,3000.0,3000.0,3000.0,3000.0,3000.0,3000.0,3000.0,3000.0,3000.0,3000.0,3000.0,3000.0,3000.0,3000.0,3000.0,3000.0,3000.0,3000.0,3000.0,3000.0,3000.0,3000.0,3000.0,3000.0,3000.0,3000.0,3000.0,3000.0,3000.0,3000.0,3000.0,3000.0,3000.0,3000.0,3000.0,3000.0,3000.0,3000.0,3000.0,3000.0,3000.0,3000.0,3000.0,3000.0,3000.0,3000.0,3000.0,3000.0,3000.0,3000.0,3000.0,3000.0,3000.0,3000.0,3000.0,3000.0,3000.0,3000.0,3000.0,3000.0,3000.0,3000.0,3000.0,3000.0,3000.0,3000.0,3000.0,3000.0,3000.0,3000.0,3000.0,3000.0,3000.0,3000.0,3000.0,3000.0,3000.0,3000.0,3000.0,3000.0,3000.0,3000.0,3000.0,3000.0,3000.0,3000.0,3000.0,3000.0,266.66666666666674,364.95582056400895,599.1945609913246,3000.0,3000.0,3000.0,3000.0,3000.0,266.66666666666674,364.95582056400895,599.1945609913246,3000.0,3000.0,3000.0,3000.0,3000.0,266.66666666666674,364.95582056400895,599.1945609913246,3000.0,3000.0,3000.0,3000.0,3000.0,266.66666666666674,364.95582056400895,599.1945609913246,3000.0,3000.0,3000.0,3000.0,3000.0,266.66666666666674,364.95582056400895,599.1945609913246,3000.0,3000.0,3000.0,3000.0,3000.0,266.66666666666674,364.95582056400895,599.1945609913246,3000.0,3000.0,3000.0,3000.0,3000.0,266.66666666666674,364.95582056400895,599.1945609913246,3000.0,3000.0,3000.0,3000.0,3000.0,266.66666666666674,364.95582056400895,599.1945609913246,3000.0,3000.0,3000.0,3000.0,3000.0,266.6666666666665,213.85006288129017,181.8879924561271,161.37385157663874,147.98883522329893,139.53236480358106,134.8393777754023,133.33333333333331,266.6666666666665,213.85006288129017,181.8879924561271,161.37385157663874,147.98883522329893,139.53236480358106,134.8393777754023,133.33333333333331,266.6666666666665,213.85006288129017,181.8879924561271,161.37385157663874,147.98883522329893,139.53236480358106,134.8393777754023,133.33333333333331,266.6666666666665,213.85006288129017,181.8879924561271,161.37385157663874,147.98883522329893,139.53236480358106,134.8393777754023,133.33333333333331,266.6666666666665,213.85006288129017,181.8879924561271,161.37385157663874,147.98883522329893,139.53236480358106,134.8393777754023,133.33333333333331,266.6666666666665,213.85006288129017,181.8879924561271,161.37385157663874,147.98883522329893,139.53236480358106,134.8393777754023,133.33333333333331,266.6666666666665,213.85006288129017,181.8879924561271,161.37385157663874,147.98883522329893,139.53236480358106,134.8393777754023,133.33333333333331,266.6666666666665,213.85006288129017,181.8879924561271,161.37385157663874,147.98883522329893,139.53236480358106,134.8393777754023,133.33333333333331,133.33333333333331,134.8393777754023,139.53236480358106,147.98883522329893,161.37385157663874,181.8879924561271,213.85006288129017,266.6666666666665,133.33333333333331,134.8393777754023,139.53236480358106,147.98883522329893,161.37385157663874,181.8879924561271,213.85006288129017,266.6666666666665,133.33333333333331,134.8393777754023,139.53236480358106,147.98883522329893,161.37385157663874,181.8879924561271,213.85006288129017,266.6666666666665,133.33333333333331,134.8393777754023,139.53236480358106,147.98883522329893,161.37385157663874,181.8879924561271,213.85006288129017,266.6666666666665,133.33333333333331,134.8393777754023,139.53236480358106,147.98883522329893,161.37385157663874,181.8879924561271,213.85006288129017,266.6666666666665,133.33333333333331,134.8393777754023,139.53236480358106,147.98883522329893,161.37385157663874,181.8879924561271,213.85006288129017,266.6666666666665,133.33333333333331,134.8393777754023,139.53236480358106,147.98883522329893,161.37385157663874,181.8879924561271,213.85006288129017,266.6666666666665,133.33333333333331,134.8393777754023,139.53236480358106,147.98883522329893,161.37385157663874,181.8879924561271,213.85006288129017,266.6666666666665,3000.0,3000.0,3000.0,3000.0,3000.0,599.1945609913246,364.9558205640092,266.66666666666674,3000.0,3000.0,3000.0,3000.0,3000.0,599.1945609913246,364.9558205640092,266.66666666666674,3000.0,3000.0,3000.0,3000.0,3000.0,599.1945609913246,364.9558205640092,266.66666666666674,3000.0,3000.0,3000.0,3000.0,3000.0,599.1945609913246,364.9558205640092,266.66666666666674,3000.0,3000.0,3000.0,3000.0,3000.0,599.1945609913246,364.9558205640092,266.66666666666674,3000.0,3000.0,3000.0,3000.0,3000.0,599.1945609913246,364.9558205640092,266.66666666666674,3000.0,3000.0,3000.0,3000.0,3000.0,599.1945609913246,364.9558205640092,266.66666666666674,3000.0,3000.0,3000.0,3000.0,3000.0,599.1945609913246,364.9558205640092,266.66666666666674
8600,3000.0,3000.0,3000.0,3000.0,3000.0,3000.0,3000.0,3000.0,3000.0,3000.0,3000.0,3000.0,3000.0,3000.0,3000.0,3000.0,3000.0,3000.0,3000.0,3000.0,3000.0,3000.0,3000.0,3000.0,3000.0,3000.0,3000.0,3000.0,3000.0,3000.0,3000.0,3000.0,3000.0,3000.0,3000.0,3000.0,3000.0,3000.0,3000.0,3000.0,3000.0,3000.0,3000.0,3000.0,3000.0,3000.0,3000.0,3000.0,3000.0,3000.0,3000.0,3000.0,3000.0,3000.0,3000.0,3000.0,3000.0,3000.0,3000.0,3000.0,3000.0,3000.0,3000.0,3000.0,3000.0,3000.0,3000.0,3000.0,3000.0,3000.0,3000.0,3000.0,3000.0,3000.0,3000.0,3000.0,3000.0,3000.0,3000.0,3000.0,3000.0,3000.0,3000.0,3000.0,3000.0,3000.0,3000.0,3000.0,3000.0,3000.0,3000.0,3000.0,3000.0,3000.0,3000.0,3000.0,3000.0,3000.0,3000.0,3000.0,3000.0,3000.0,3000.0,3000.0,3000.0,3000.0,3000.0,3000.0,3000.0,3000.0,3000.0,3000.0,3000.0,3000.0,3000.0,3000.0,3000.0,3000.0,3000.0,3000.0,3000.0,3000.0,3000.0,3000.0,3000.0,3000.0,3000.0,3000.0,299.99999999999994,410.5752981345099,674.0938811152399,3000.0,3000.0,3000.0,3000.0,3000.0,299.99999999999994,410.5752981345099,674.0938811152399,3000.0,3000.0,3000.0,3000.0,3000.0,299.99999999999994,410.5752981345099,674.0938811152399,3000.0,3000.0,3000.0,3000.0,3000.0,299.99999999999994,410.5752981345099,674.0938811152399,3000.0,3000.0,3000.0,3000.0,3000.0,299.99999999999994,410.5752981345099,674.0938811152399,3000.0,3000.0,3000.0,3000.0,3000.0,299.99999999999994,410.5752981345099,674.0938811152399,3000.0,3000.0,3000.0,3000.0,3000.0,299.99999999999994,410.5752981345099,674.0938811152399,3000.0,3000.0,3000.0,3000.0,3000.0,299.99999999999994,410.5752981345099,674.0938811152399,3000.0,3000.0,3000.0,3000.0,3000.0,299.9999999999997,240.58132074145135,204.62399151314293,181.54558302371854,166.48743962621126,156.97391040402863,151.69429999732756,149.99999999999991,299.9999999999997,240.58132074145135,204.62399151314293,181.54558302371854,166.48743962621126,156.97391040402863,151.69429999732756,149.99999999999991,299.9999999999997,240.58132074145135,204.62399151314293,181.54558302371854,166.48743962621126,156.97391040402863,151.69429999732756,149.99999999999991,299.9999999999997,240.58132074145135,204.62399151314293,181.54558302371854,166.48743962621126,156.97391040402863,151.69429999732756,149.99999999999991,299.9999999999997,240.58132074145135,204.62399151314293,181.54558302371854,166.48743962621126,156.97391040402863,151.69429999732756,149.99999999999991,299.9999999999997,240.58132074145135,204.62399151314293,181.54558302371854,166.48743962621126,156.97391040402863,151.69429999732756,149.99999999999991,299.9999999999997,240.58132074145135,204.62399151314293,181.54558302371854,166.48743962621126,156.97391040402863,151.69429999732756,149.99999999999991,299.9999999999997,240.58132074145135,204.62399151314293,181.54558302371854,166.48743962621126,156.97391040402863,151.69429999732756,149.99999999999991,149.99999999999991,151.69429999732756,156.97391040402863,166.48743962621126,181.54558302371854,204.62399151314293,240.58132074145135,299.9999999999997,149.99999999999991,151.69429999732756,156.97391040402863,166.48743962621126,181.54558302371854,204.62399151314293,240.58132074145135,299.9999999999997,149.99999999999991,151.69429999732756,156.97391040402863,166.48743962621126,181.54558302371854,204.62399151314293,240.58132074145135,299.9999999999997,149.99999999999991,151.69429999732756,156.97391040402863,166.48743962621126,181.54558302371854,204.62399151314293,240.58132074145135,299.9999999999997,149.99999999999991,151.69429999732756,156.97391040402863,166.48743962621126,181.54558302371854,204.62399151314293,240.58132074145135,299.9999999999997,149.99999999999991,151.69429999732756,156.97391040402863,166.48743962621126,181.54558302371854,204.62399151314293,240.58132074145135,299.9999999999997,149.99999999999991,151.69429999732756,156.97391040402863,166.48743962621126,181.54558302371854,204.62399151314293,240.58132074145135,299.9999999999997,149.99999999999991,151.69429999732756,156.97391040402863,166.48743962621126,181.54558302371854,204.62399151314293,240.58132074145135,299.9999999999997,3000.0,3000.0,3000.0,3000.0,3000.0,674.0938811152399,410.57529813451015,299.99999999999994,3000.0,3000.0,3000.0,3000.0,3000.0,674.0938811152399,410.57529813451015,299.99999999999994,3000.0,3000.0,3000.0,3000.0,3000.0,674.0938811152399,410.57529813451015,299.99999999999994,3000.0,3000.0,3000.0,3000.0,3000.0,674.0938811152399,410.57529813451015,299.99999999999994,3000.0,3000.0,3000.0,3000.0,3000.0,674.0938811152399,410.57529813451015,299.99999999999994,3000.0,3000.0,3000.0,3000.0,3000.0,674.0938811152399,410.57529813451015,299.99999999999994,3000.0,3000.0,3000.0,3000.0,3000.0,674.0938811152399,410.57529813451015,299.99999999999994,3000.0,3000.0,3000.0,3000.0,3000.0,674.0938811152399,410.57529813451015,299.99999999999994
8667,3000.0,3000.0,3000.0,3000.0,3000.0,3000.0,3000.0,3000.0,3000.0,3000.0,3000.0,3000.0,3000.0,3000.0,3000.0,3000.0,3000.0,3000.0,3000.0,3000.0,3000.0,3000.0,3000.0,3000.0,3000.0,3000.0,3000.0,3000.0,3000.0,3000.0,3000.0,3000.0,3000.0,3000.0,3000.0,3000.0,3000.0,3000.0,3000.0,3000.0,3000.0,3000.0,3000.0,3000.0,3000.0,3000.0,3000.0,3000.0,3000.0,3000.0,3000.0,3000.0,3000.0,3000.0,3000.0,3000.0,3000.0,3000.0,3000.0,3000.0,3000.0,3000.0,3000.0,3000.0,3000.0,3000.0,3000.0,3000.0,3000.0,3000.0,3000.0,3000.0,3000.0,3000.0,3000.0,3000.0,3000.0,3000.0,3000.0,3000.0,3000.0,3000.0,3000.0,3000.0,3000.0,3000.0,3000.0,3000.0,3000.0,3000.0,3000.0,3000.0,3000.0,3000.0,3000.0,3000.0,3000.0,3000.0,3000.0,3000.0,3000.0,3000.0,3000.0,3000.0,3000.0,3000.0,3000.0,3000.0,3000.0,3000.0,3000.0,3000.0,3000.0,3000.0,3000.0,3000.0,3000.0,3000.0,3000.0,3000.0,3000.0,3000.0,3000.0,3000.0,3000.0,3000.0,3000.0,3000.0,333.33333333333314,456.1947757050109,748.9932012391553,3000.0,3000.0,3000.0,3000.0,3000.0,333.33333333333314,456.1947757050109,748.9932012391553,3000.0,3000.0,3000.0,3000.0,3000.0,333.33333333333314,456.1947757050109,748.9932012391553,3000.0,3000.0,3000.0,3000.0,3000.0,333.33333333333314,456.1947757050109,748.9932012391553,3000.0,3000.0,3000.0,3000.0,3000.0,333.33333333333314,456.1947757050109,748.9932012391553,3000.0,3000.0,3000.0,3000.0,3000.0,333.33333333333314,456.1947757050109,748.9932012391553,3000.0,3000.0,3000.0,3000.0,3000.0,333.33333333333314,456.1947757050109,748.9932012391553,3000.0,3000.0,3000.0,3000.0,3000.0,333.33333333333314,456.1947757050109,748.9932012391553,3000.0,3000.0,3000.0,3000.0,3000.0,333.33333333333286,267.3125786016126,227.35999057015874,201.7173144707983,184.98604402912358,174.4154560044762,168.54922221925278,166.66666666666652,333.33333333333286,267.3125786016126,227.35999057015874,201.7173144707983,184.98604402912358,174.4154560044762,168.54922221925278,166.66666666666652,333.33333333333286,267.3125786016126,227.35999057015874,201.7173144707983,184.98604402912358,174.4154560044762,168.54922221925278,166.66666666666652,333.33333333333286,267.3125786016126,227.35999057015874,201.7173144707983,184.98604402912358,174.4154560044762,168.54922221925278,166.66666666666652,333.33333333333286,267.3125786016126,227.35999057015874,201.7173144707983,184.98604402912358,174.4154560044762,168.54922221925278,166.66666666666652,333.33333333333286,267.3125786016126,227.35999057015874,201.7173144707983,184.98604402912358,174.4154560044762,168.54922221925278,166.66666666666652,333.33333333333286,267.3125786016126,227.35999057015874,201.7173144707983,184.98604402912358,174.4154560044762,168.54922221925278,166.66666666666652,333.33333333333286,267.3125786016126,227.35999057015874,201.7173144707983,184.98604402912358,174.4154560044762,168.54922221925278,166.66666666666652,166.66666666666652,168.54922221925278,174.4154560044762,184.98604402912358,201.7173144707983,227.35999057015874,267.3125786016126,333.33333333333286,166.66666666666652,168.54922221925278,174.4154560044762,184.98604402912358,201.7173144707983,227.35999057015874,267.3125786016126,333.33333333333286,166.66666666666652,168.54922221925278,174.4154560044762,184.98604402912358,201.7173144707983,227.35999057015874,267.3125786016126,333.33333333333286,166.66666666666652,168.54922221925278,174.4154560044762,184.98604402912358,201.7173144707983,227.35999057015874,267.3125786016126,333.33333333333286,166.66666666666652,168.54922221925278,174.4154560044762,184.98604402912358,201.7173144707983,227.35999057015874,267.3125786016126,333.33333333333286,166.66666666666652,168.54922221925278,174.4154560044762,184.98604402912358,201.7173144707983,227.35999057015874,267.3125786016126,333.33333333333286,166.66666666666652,168.54922221925278,174.4154560044762,184.98604402912358,201.7173144707983,227.35999057015874,267.3125786016126,333.33333333333286,166.66666666666652,168.54922221925278,174.4154560044762,184.98604402912358,201.7173144707983,227.35999057015874,267.3125786016126,333.33333333333286,3000.0,3000.0,3000.0,3000.0,3000.0,748.9932012391553,456.1947757050112,333.33333333333314,3000.0,3000.0,3000.0,3000.0,3000.0,748.9932012391553,456.1947757050112,333.33333333333314,3000.0,3000.0,3000.0,3000.0,3000.0,748.9932012391553,456.1947757050112,333.33333333333314,3000.0,3000.0,3000.0,3000.0,3000.0,748.9932012391553,456.1947757050112,333.33333333333314,3000.0,3000.0,3000.0,3000.0,3000.0,748.9932012391553,456.1947757050112,333.33333333333314,3000.0,3000.0,3000.0,3000.0,3000.0,748.9932012391553,456.1947757050112,333.33333333333314,3000.0,3000.0,3000.0,3000.0,3000.0,748.9932012391553,456.1947757050112,333.33333333333314,3000.0,3000.0,3000.0,3000.0,3000.0,748.9932012391553,456.1947757050112,333.33333333333314
8733,3000.0,3000.0,3000.0,3000.0,3000.0,3000.0,3000.0,3000.0,3000.0,3000.0,3000.0,3000.0,3000.0,3000.0,3000.0,3000.0,3000.0,3000.0,3000.0,3000.0,3000.0,3000.0,3000.0,3000.0,3000.0,3000.0,3000.0,3000.0,3000.0,3000.0,3000.0,3000.0,3000.0,3000.0,3000.0,3000.0,3000.0,3000.0,3000.0,3000.0,3000.0,3000.0,3000.0,3000.0,3000.0,3000.0,3000.0,3000.0,3000.0,3000.0,3000.0,3000.0,3000.0,3000.0,3000.0,3000.0,3000.0,3000.0,3000.0,3000.0,3000.0,3000.0,3000.0,3000.0,3000.0,3000.0,3000.0,3000.0,3000.0,3000.0,3000.0,3000.0,3000.0,3000.0,3000.0,3000.0,3000.0,3000.0,3000.0,3000.0,3000.0,3000.0,3000.0,3000.0,3000.0,3000.0,3000.0,3000.0,3000.0,3000.0,3000.0,3000.0,3000.0,3000.0,3000.0,3000.0,3000.0,3000.0,3000.0,3000.0,3000.0,3000.0,3000.0,3000.0,3000.0,3000.0,3000.0,3000.0,3000.0,3000.0,3000.0,3000.0,3000.0,3000.0,3000.0,3000.0,3000.0,3000.0,3000.0,3000.0,3000.0,3000.0,3000.0,3000.0,3000.0,3000.0,3000.0,3000.0,366.66666666666634,501.8142532755119,3000.0,3000.0,3000.0,3000.0,3000.0,3000.0,366.66666666666634,501.8142532755119,3000.0,3000.0,3000.0,3000.0,3000.0,3000.0,366.66666666666634,501.8142532755119,3000.0,3000.0,3000.0,3000.0,3000.0,3000.0,366.66666666666634,501.8142532755119,3000.0,3000.0,3000.0,3000.0,3000.0,3000.0,366.66666666666634,501.8142532755119,3000.0,3000.0,3000.0,3000.0,3000.0,3000.0,366.66666666666634,501.8142532755119,3000.0,3000.0,3000.0,3000.0,3000.0,3000.0,366.66666666666634,501.8142532755119,3000.0,3000.0,3000.0,3000.0,3000.0,3000.0,366.66666666666634,501.8142532755119,3000.0,3000.0,3000.0,3000.0,3000.0,3000.0,366.66666666666606,294.0438364617737,250.09598962717456,221.8890459178781,203.48464843203587,191.85700160492377,185.404144441178,183.33333333333312,366.66666666666606,294.0438364617737,250.09598962717456,221.8890459178781,203.48464843203587,191.85700160492377,185.404144441178,183.33333333333312,366.66666666666606,294.0438364617737,250.09598962717456,221.8890459178781,203.48464843203587,191.85700160492377,185.404144441178,183.33333333333312,366.66666666666606,294.0438364617737,250.09598962717456,221.8890459178781,203.48464843203587,191.85700160492377,185.404144441178,183.33333333333312,366.66666666666606,294.0438364617737,250.09598962717456,221.8890459178781,203.48464843203587,191.85700160492377,185.404144441178,183.33333333333312,366.66666666666606,294.0438364617737,250.09598962717456,221.8890459178781,203.48464843203587,191.85700160492377,185.404144441178,183.33333333333312,366.66666666666606,294.0438364617737,250.09598962717456,221.8890459178781,203.48464843203587,191.85700160492377,185.404144441178,183.33333333333312,366.66666666666606,294.0438364617737,250.09598962717456,221.8890459178781,203.48464843203587,191.85700160492377,185.404144441178,183.33333333333312,183.33333333333312,185.404144441178,191.85700160492377,203.48464843203587,221.8890459178781,250.09598962717456,294.0438364617737,366.66666666666606,183.33333333333312,185.404144441178,191.85700160492377,203.48464843203587,221.8890459178781,250.09598962717456,294.0438364617737,366.66666666666606,183.33333333333312,185.404144441178,191.85700160492377,203.48464843203587,221.8890459178781,250.09598962717456,294.0438364617737,366.66666666666606,183.33333333333312,185.404144441178,191.85700160492377,203.48464843203587,221.8890459178781,250.09598962717456,294.0438364617737,366.66666666666606,183.33333333333312,185.404144441178,191.85700160492377,203.48464843203587,221.8890459178781,250.09598962717456,294.0438364617737,366.66666666666606,183.33333333333312,185.404144441178,191.85700160492377,203.48464843203587,221.8890459178781,250.09598962717456,294.0438364617737,366.66666666666606,183.33333333333312,185.404144441178,191.85700160492377,203.48464843203587,221.8890459178781,250.09598962717456,294.0438364617737,366.66666666666606,183.33333333333312,185.404144441178,191.85700160492377,203.48464843203587,221.8890459178781,250.09598962717456,294.0438364617737,366.66666666666606,3000.0,3000.0,3000.0,3000.0,3000.0,3000.0,501.8142532755121,366.66666666666634,3000.0,3000.0,3000.0,3000.0,3000.0,3000.0,501.8142532755121,366.66666666666634,3000.0,3000.0,3000.0,3000.0,3000.0,3000.0,501.8142532755121,366.66666666666634,3000.0,3000.0,3000.0,3000.0,3000.0,3000.0,501.8142532755121,366.66666666666634,3000.0,3000.0,3000.0,3000.0,3000.0,3000.0,501.8142532755121,366.66666666666634,3000.0,3000.0,3000.0,3000.0,3000.0,3000.0,501.8142532755121,366.66666666666634,3000.0,3000.0,3000.0,3000.0,3000.0,3000.0,501.8142532755121,366.66666666666634,3000.0,3000.0,3000.0,3000.0,3000.0,3000.0,501.8142532755121,366.66666666666634
8800,3000.0,3000.0,3000.0,3000.0,3000.0,3000.0,3000.0,3000.0,3000.0,3000.0,3000.0,3000.0,3000.0,3000.0,3000.0,3000.0,3000.0,3000.0,3000.0,3000.0,3000.0,3000.0,3000.0,3000.0,3000.0,3000.0,3000.0,3000.0,3000.0,3000.0,3000.0,3000.0,3000.0,3000.0,3000.0,3000.0,3000.0,3000.0,3000.0,3000.0,3000.0,3000.0,3000.0,3000.0,3000.0,3000.0,3000.0,3000.0,3000.0,3000.0,3000.0,3000.0,3000.0,3000.0,3000.0,3000.0,3000.0,3000.0,3000.0,3000.0,3000.0,3000.0,3000.0,3000.0,3000.0,3000.0,3000.0,3000.0,3000.0,3000.0,3000.0,3000.0,3000.0,3000.0,3000.0,3000.0,3000.0,3000.0,3000.0,3000.0,3000.0,3000.0,3000.0,3000.0,3000.0,3000.0,3000.0,3000.0,3000.0,3000.0,3000.0,3000.0,3000.0,3000.0,3000.0,3000.0,3000.0,3000.0,3000.0,3000.0,3000.0,3000.0,3000.0,3000.0,3000.0,3000.0,3000.0,3000.0,3000.0,3000.0,3000.0,3000.0,3000.0,3000.0,3000.0,3000.0,3000.0,3000.0,3000.0,3000.0,3000.0,3000.0,3000.0,3000.0,3000.0,3000.0,3000.0,3000.0,400.0000000000005,547.433730846014,3000.0,3000.0,3000.0,3000.0,3000.0,3000.0,400.0000000000005,547.433730846014,3000.0,3000.0,3000.0,3000.0,3000.0,3000.0,400.0000000000005,547.433730846014,3000.0,3000.0,3000.0,3000.0,3000.0,3000.0,400.0000000000005,547.433730846014,3000.0,3000.0,3000.0,3000.0,3000.0,3000.0,400.0000000000005,547.433730846014,3000.0,3000.0,3000.0,3000.0,3000.0,3000.0,400.0000000000005,547.433730846014,3000.0,3000.0,3000.0,3000.0,3000.0,3000.0,400.0000000000005,547.433730846014,3000.0,3000.0,3000.0,3000.0,3000.0,3000.0,400.0000000000005,547.433730846014,3000.0,3000.0,3000.0,3000.0,3000.0,3000.0,400.00000000000017,320.7750943219356,272.83198868419095,242.0607773649584,221.98325283494864,209.29854720537182,202.2590666631037,200.00000000000017,400.00000000000017,320.7750943219356,272.83198868419095,242.0607773649584,221.98325283494864,209.29854720537182,202.2590666631037,200.00000000000017,400.00000000000017,320.7750943219356,272.83198868419095,242.0607773649584,221.98325283494864,209.29854720537182,202.2590666631037,200.00000000000017,400.00000000000017,320.7750943219356,272.83198868419095,242.0607773649584,221.98325283494864,209.29854720537182,202.2590666631037,200.00000000000017,400.00000000000017,320.7750943219356,272.83198868419095,242.0607773649584,221.98325283494864,209.29854720537182,202.2590666631037,200.00000000000017,400.00000000000017,320.7750943219356,272.83198868419095,242.0607773649584,221.98325283494864,209.29854720537182,202.2590666631037,200.00000000000017,400.00000000000017,320.7750943219356,272.83198868419095,242.0607773649584,221.98325283494864,209.29854720537182,202.2590666631037,200.00000000000017,400.00000000000017,320.7750943219356,272.83198868419095,242.0607773649584,221.98325283494864,209.29854720537182,202.2590666631037,200.00000000000017,200.00000000000017,202.2590666631037,209.29854720537182,221.98325283494864,242.0607773649584,272.83198868419095,320.7750943219356,400.00000000000017,200.00000000000017,202.2590666631037,209.29854720537182,221.98325283494864,242.0607773649584,272.83198868419095,320.7750943219356,400.00000000000017,200.00000000000017,202.2590666631037,209.29854720537182,221.98325283494864,242.0607773649584,272.83198868419095,320.7750943219356,400.00000000000017,200.00000000000017,202.2590666631037,209.29854720537182,221.98325283494864,242.0607773649584,272.83198868419095,320.7750943219356,400.00000000000017,200.00000000000017,202.2590666631037,209.29854720537182,221.98325283494864,242.0607773649584,272.83198868419095,320.7750943219356,400.00000000000017,200.00000000000017,202.2590666631037,209.29854720537182,221.98325283494864,242.0607773649584,272.83198868419095,320.7750943219356,400.00000000000017,200.00000000000017,202.2590666631037,209.29854720537182,221.98325283494864,242.0607773649584,272.83198868419095,320.7750943219356,400.00000000000017,200.00000000000017,202.2590666631037,209.29854720537182,221.98325283494864,242.0607773649584,272.83198868419095,320.7750943219356,400.00000000000017,3000.0,3000.0,3000.0,3000.0,3000.0,3000.0,547.4337308460143,400.0000000000005,3000.0,3000.0,3000.0,3000.0,3000.0,3000.0,547.4337308460143,400.0000000000005,3000.0,3000.0,3000.0,3000.0,3000.0,3000.0,547.4337308460143,400.0000000000005,3000.0,3000.0,3000.0,3000.0,3000.0,3000.0,547.4337308460143,400.0000000000005,3000.0,3000.0,3000.0,3000.0,3000.0,3000.0,547.4337308460143,400.0000000000005,3000.0,3000.0,3000.0,3000.0,3000.0,3000.0,547.4337308460143,400.0000000000005,3000.0,3000.0,3000.0,3000.0,3000.0,3000.0,547.4337308460143,400.0000000000005,3000.0,3000.0,3000.0,3000.0,3000.0,3000.0,547.4337308460143,400.0000000000005
8867,3000.0,3000.0,3000.0,3000.0,3000.0,3000.0,3000.0,3000.0,3000.0,3000.0,3000.0,3000.0,3000.0,3000.0,3000.0,3000.0,3000.0,3000.0,3000.0,3000.0,3000.0,3000.0,3000.0,3000.0,3000.0,3000.0,3000.0,3000.0,3000.0,3000.0,3000.0,3000.0,3000.0,3000.0,3000.0,3000.0,3000.0,3000.0,3000.0,3000.0,3000.0,3000.0,3000.0,3000.0,3000.0,3000.0,3000.0,3000.0,3000.0,3000.0,3000.0,3000.0,3000.0,3000.0,3000.0,3000.0,3000.0,3000.0,3000.0,3000.0,3000.0,3000.0,3000.0,3000.0,3000.0,3000.0,3000.0,3000.0,3000.0,3000.0,3000.0,3000.0,3000.0,3000.0,3000.0,3000.0,3000.0,3000.0,3000.0,3000.0,3000.0,3000.0,3000.0,3000.0,3000.0,3000.0,3000.0,3000.0,3000.0,3000.0,3000.0,3000.0,3000.0,3000.0,3000.0,3000.0,3000.0,3000.0,3000.0,3000.0,3000.0,3000.0,3000.0,3000.0,3000.0,3000.0,3000.0,3000.0,3000.0,3000.0,3000.0,3000.0,3000.0,3000.0,3000.0,3000.0,3000.0,3000.0,3000.0,3000.0,3000.0,3000.0,3000.0,3000.0,3000.0,3000.0,3000.0,3000.0,433.33333333333377,593.0532084165151,3000.0,3000.0,3000.0,3000.0,3000.0,3000.0,433.33333333333377,593.0532084165151,3000.0,3000.0,3000.0,3000.0,3000.0,3000.0,433.33333333333377,593.0532084165151,3000.0,3000.0,3000.0,3000.0,3000.0,3000.0,433.33333333333377,593.0532084165151,3000.0,3000.0,3000.0,3000.0,3000.0,3000.0,433.33333333333377,593.0532084165151,3000.0,3000.0,3000.0,3000.0,3000.0,3000.0,433.33333333333377,593.0532084165151,3000.0,3000.0,3000.0,3000.0,3000.0,3000.0,433.33333333333377,593.0532084165151,3000.0,3000.0,3000.0,3000.0,3000.0,3000.0,433.33333333333377,593.0532084165151,3000.0,3000.0,3000.0,3000.0,3000.0,3000.0,433.3333333333334,347.50635218209686,295.5679877412068,262.2325088120382,240.481857237861,226.74009280581942,219.11398888502896,216.6666666666668,433.3333333333334,347.50635218209686,295.5679877412068,262.2325088120382,240.481857237861,226.74009280581942,219.11398888502896,216.6666666666668,433.3333333333334,347.50635218209686,295.5679877412068,262.2325088120382,240.481857237861,226.74009280581942,219.11398888502896,216.6666666666668,433.3333333333334,347.50635218209686,295.5679877412068,262.2325088120382,240.481857237861,226.74009280581942,219.11398888502896,216.6666666666668,433.3333333333334,347.50635218209686,295.5679877412068,262.2325088120382,240.481857237861,226.74009280581942,219.11398888502896,216.6666666666668,433.3333333333334,347.50635218209686,295.5679877412068,262.2325088120382,240.481857237861,226.74009280581942,219.11398888502896,216.6666666666668,433.3333333333334,347.50635218209686,295.5679877412068,262.2325088120382,240.481857237861,226.74009280581942,219.11398888502896,216.6666666666668,433.3333333333334,347.50635218209686,295.5679877412068,262.2325088120382,240.481857237861,226.74009280581942,219.11398888502896,216.6666666666668,216.6666666666668,219.11398888502896,226.74009280581942,240.481857237861,262.2325088120382,295.5679877412068,347.50635218209686,433.3333333333334,216.6666666666668,219.11398888502896,226.74009280581942,240.481857237861,262.2325088120382,295.5679877412068,347.50635218209686,433.3333333333334,216.6666666666668,219.11398888502896,226.74009280581942,240.481857237861,262.2325088120382,295.5679877412068,347.50635218209686,433.3333333333334,216.6666666666668,219.11398888502896,226.74009280581942,240.481857237861,262.2325088120382,295.5679877412068,347.50635218209686,433.3333333333334,216.6666666666668,219.11398888502896,226.74009280581942,240.481857237861,262.2325088120382,295.5679877412068,347.50635218209686,433.3333333333334,216.6666666666668,219.11398888502896,226.74009280581942,240.481857237861,262.2325088120382,295.5679877412068,347.50635218209686,433.3333333333334,216.6666666666668,219.11398888502896,226.74009280581942,240.481857237861,262.2325088120382,295.5679877412068,347.50635218209686,433.3333333333334,216.6666666666668,219.11398888502896,226.74009280581942,240.481857237861,262.2325088120382,295.5679877412068,347.50635218209686,433.3333333333334,3000.0,3000.0,3000.0,3000.0,3000.0,3000.0,593.0532084165154,433.33333333333377,3000.0,3000.0,3000.0,3000.0,3000.0,3000.0,593.0532084165154,433.33333333333377,3000.0,3000.0,3000.0,3000.0,3000.0,3000.0,593.0532084165154,433.33333333333377,3000.0,3000.0,3000.0,3000.0,3000.0,3000.0,593.0532084165154,433.33333333333377,3000.0,3000.0,3000.0,3000.0,3000.0,3000.0,593.0532084165154,433.33333333333377,3000.0,3000.0,3000.0,3000.0,3000.0,3000.0,593.0532084165154,433.33333333333377,3000.0,3000.0,3000.0,3000.0,3000.0,3000.0,593.0532084165154,433.33333333333377,3000.0,3000.0,3000.0,3000.0,3000.0,3000.0,593.0532084165154,433.33333333333377
8933,3000.0,3000.0,3000.0,3000.0,3000.0,3000.0,3000.0,3000.0,3000.0,3000.0,3000.0,3000.0,3000.0,3000.0,3000.0,3000.0,3000.0,3000.0,3000.0,3000.0,3000.0,3000.0,3000.0,3000.0,3000.0,3000.0,3000.0,3000.0,3000.0,3000.0,3000.0,3000.0,3000.0,3000.0,3000.0,3000.0,3000.0,3000.0,3000.0,3000.0,3000.0,3000.0,3000.0,3000.0,3000.0,3000.0,3000.0,3000.0,3000.0,3000.0,3000.0,3000.0,3000.0,3000.0,3000.0,3000.0,3000.0,3000.0,3000.0,3000.0,3000.0,3000.0,3000.0,3000.0,3000.0,3000.0,3000.0,3000.0,3000.0,3000.0,3000.0,3000.0,3000.0,3000.0,3000.0,3000.0,3000.0,3000.0,3000.0,3000.0,3000.0,3000.0,3000.0,3000.0,3000.0,3000.0,3000.0,3000.0,3000.0,3000.0,3000.0,3000.0,3000.0,3000.0,3000.0,3000.0,3000.0,3000.0,3000.0,3000.0,3000.0,3000.0,3000.0,3000.0,3000.0,3000.0,3000.0,3000.0,3000.0,3000.0,3000.0,3000.0,3000.0,3000.0,3000.0,3000.0,3000.0,3000.0,3000.0,3000.0,3000.0,3000.0,3000.0,3000.0,3000.0,3000.0,3000.0,3000.0,466.666666666667,638.6726859870159,3000.0,3000.0,3000.0,3000.0,3000.0,3000.0,466.666666666667,638.6726859870159,3000.0,3000.0,3000.0,3000.0,3000.0,3000.0,466.666666666667,638.6726859870159,3000.0,3000.0,3000.0,3000.0,3000.0,3000.0,466.666666666667,638.6726859870159,3000.0,3000.0,3000.0,3000.0,3000.0,3000.0,466.666666666667,638.6726859870159,3000.0,3000.0,3000.0,3000.0,3000.0,3000.0,466.666666666667,638.6726859870159,3000.0,3000.0,3000.0,3000.0,3000.0,3000.0,466.666666666667,638.6726859870159,3000.0,3000.0,3000.0,3000.0,3000.0,3000.0,466.666666666667,638.6726859870159,3000.0,3000.0,3000.0,3000.0,3000.0,3000.0,466.66666666666663,374.237610042258,318.3039867982226,282.40424025911796,258.98046164077334,244.18163840626698,235.96891110695418,233.3333333333334,466.66666666666663,374.237610042258,318.3039867982226,282.40424025911796,258.98046164077334,244.18163840626698,235.96891110695418,233.3333333333334,466.66666666666663,374.237610042258,318.3039867982226,282.40424025911796,258.98046164077334,244.18163840626698,235.96891110695418,233.3333333333334,466.66666666666663,374.237610042258,318.3039867982226,282.40424025911796,258.98046164077334,244.18163840626698,235.96891110695418,233.3333333333334,466.66666666666663,374.237610042258,318.3039867982226,282.40424025911796,258.98046164077334,244.18163840626698,235.96891110695418,233.3333333333334,466.66666666666663,374.237610042258,318.3039867982226,282.40424025911796,258.98046164077334,244.18163840626698,235.96891110695418,233.3333333333334,466.66666666666663,374.237610042258,318.3039867982226,282.40424025911796,258.98046164077334,244.18163840626698,235.96891110695418,233.3333333333334,466.66666666666663,374.237610042258,318.3039867982226,282.40424025911796,258.98046164077334,244.18163840626698,235.96891110695418,233.3333333333334,233.3333333333334,235.96891110695418,244.18163840626698,258.98046164077334,282.40424025911796,318.3039867982226,374.237610042258,466.66666666666663,233.3333333333334,235.96891110695418,244.18163840626698,258.98046164077334,282.40424025911796,318.3039867982226,374.237610042258,466.66666666666663,233.3333333333334,235.96891110695418,244.18163840626698,258.98046164077334,282.40424025911796,318.3039867982226,374.237610042258,466.66666666666663,233.3333333333334,235.96891110695418,244.18163840626698,258.98046164077334,282.40424025911796,318.3039867982226,374.237610042258,466.66666666666663,233.3333333333334,235.96891110695418,244.18163840626698,258.98046164077334,282.40424025911796,318.3039867982226,374.237610042258,466.66666666666663,233.3333333333334,235.96891110695418,244.18163840626698,258.98046164077334,282.40424025911796,318.3039867982226,374.237610042258,466.66666666666663,233.3333333333334,235.96891110695418,244.18163840626698,258.98046164077334,282.40424025911796,318.3039867982226,374.237610042258,466.66666666666663,233.3333333333334,235.96891110695418,244.18163840626698,258.98046164077334,282.40424025911796,318.3039867982226,374.237610042258,466.66666666666663,3000.0,3000.0,3000.0,3000.0,3000.0,3000.0,638.6726859870164,466.666666666667,3000.0,3000.0,3000.0,3000.0,3000.0,3000.0,638.6726859870164,466.666666666667,3000.0,3000.0,3000.0,3000.0,3000.0,3000.0,638.6726859870164,466.666666666667,3000.0,3000.0,3000.0,3000.0,3000.0,3000.0,638.6726859870164,466.666666666667,3000.0,3000.0,3000.0,3000.0,3000.0,3000.0,638.6726859870164,466.666666666667,3000.0,3000.0,3000.0,3000.0,3000.0,3000.0,638.6726859870164,466.666666666667,3000.0,3000.0,3000.0,3000.0,3000.0,3000.0,638.6726859870164,466.666666666667,3000.0,3000.0,3000.0,3000.0,3000.0,3000.0,638.6726859870164,466.666666666667
9000,3000.0,3000.0,3000.0,3000.0,3000.0,3000.0,3000.0,3000.0,3000.0,3000.0,3000.0,3000.0,3000.0,3000.0,3000.0,3000.0,3000.0,3000.0,3000.0,3000.0,3000.0,3000.0,3000.0,3000.0,3000.0,3000.0,3000.0,3000.0,3000.0,3000.0,3000.0,3000.0,3000.0,3000.0,3000.0,3000.0,3000.0,3000.0,3000.0,3000.0,3000.0,3000.0,3000.0,3000.0,3000.0,3000.0,3000.0,3000.0,3000.0,3000.0,3000.0,3000.0,3000.0,3000.0,3000.0,3000.0,3000.0,3000.0,3000.0,3000.0,3000.0,3000.0,3000.0,3000.0,3000.0,3000.0,3000.0,3000.0,3000.0,3000.0,3000.0,3000.0,3000.0,3000.0,3000.0,3000.0,3000.0,3000.0,3000.0,3000.0,3000.0,3000.0,3000.0,3000.0,3000.0,3000.0,3000.0,3000.0,3000.0,3000.0,3000.0,3000.0,3000.0,3000.0,3000.0,3000.0,3000.0,3000.0,3000.0,3000.0,3000.0,3000.0,3000.0,3000.0,3000.0,3000.0,3000.0,3000.0,3000.0,3000.0,3000.0,3000.0,3000.0,3000.0,3000.0,3000.0,3000.0,3000.0,3000.0,3000.0,3000.0,3000.0,3000.0,3000.0,3000.0,3000.0,3000.0,3000.0,500.0000000000002,684.292163557517,3000.0,3000.0,3000.0,3000.0,3000.0,3000.0,500.0000000000002,684.292163557517,3000.0,3000.0,3000.0,3000.0,3000.0,3000.0,500.0000000000002,684.292163557517,3000.0,3000.0,3000.0,3000.0,3000.0,3000.0,500.0000000000002,684.292163557517,3000.0,3000.0,3000.0,3000.0,3000.0,3000.0,500.0000000000002,684.292163557517,3000.0,3000.0,3000.0,3000.0,3000.0,3000.0,500.0000000000002,684.292163557517,3000.0,3000.0,3000.0,3000.0,3000.0,3000.0,500.0000000000002,684.292163557517,3000.0,3000.0,3000.0,3000.0,3000.0,3000.0,500.0000000000002,684.292163557517,3000.0,3000.0,3000.0,3000.0,3000.0,3000.0,499.9999999999998,400.96886790241916,341.03998585523834,302.5759717061977,277.47906604368563,261.62318400671455,252.82383332887943,250.0,499.9999999999998,400.96886790241916,341.03998585523834,302.5759717061977,277.47906604368563,261.62318400671455,252.82383332887943,250.0,499.9999999999998,400.96886790241916,341.03998585523834,302.5759717061977,277.47906604368563,261.62318400671455,252.82383332887943,250.0,499.9999999999998,400.96886790241916,341.03998585523834,302.5759717061977,277.47906604368563,261.62318400671455,252.82383332887943,250.0,499.9999999999998,400.96886790241916,341.03998585523834,302.5759717061977,277.47906604368563,261.62318400671455,252.82383332887943,250.0,499.9999999999998,400.96886790241916,341.03998585523834,302.5759717061977,277.47906604368563,261.62318400671455,252.82383332887943,250.0,499.9999999999998,400.96886790241916,341.03998585523834,302.5759717061977,277.47906604368563,261.62318400671455,252.82383332887943,250.0,499.9999999999998,400.96886790241916,341.03998585523834,302.5759717061977,277.47906604368563,261.62318400671455,252.82383332887943,250.0,250.0,252.82383332887943,261.62318400671455,277.47906604368563,302.5759717061977,341.03998585523834,400.96886790241916,499.9999999999998,250.0,252.82383332887943,261.62318400671455,277.47906604368563,302.5759717061977,341.03998585523834,400.96886790241916,499.9999999999998,250.0,252.82383332887943,261.62318400671455,277.47906604368563,302.5759717061977,341.03998585523834,400.96886790241916,499.9999999999998,250.0,252.82383332887943,261.62318400671455,277.47906604368563,302.5759717061977,341.03998585523834,400.96886790241916,499.9999999999998,250.0,252.82383332887943,261.62318400671455,277.47906604368563,302.5759717061977,341.03998585523834,400.96886790241916,499.9999999999998,250.0,252.82383332887943,261.62318400671455,277.47906604368563,302.5759717061977,341.03998585523834,400.96886790241916,499.9999999999998,250.0,252.82383332887943,261.62318400671455,277.47906604368563,302.5759717061977,341.03998585523834,400.96886790241916,499.9999999999998,250.0,252.82383332887943,261.62318400671455,277.47906604368563,302.5759717061977,341.03998585523834,400.96886790241916,499.9999999999998,3000.0,3000.0,3000.0,3000.0,3000.0,3000.0,684.2921635575174,500.0000000000002,3000.0,3000.0,3000.0,3000.0,3000.0,3000.0,684.2921635575174,500.0000000000002,3000.0,3000.0,3000.0,3000.0,3000.0,3000.0,684.2921635575174,500.0000000000002,3000.0,3000.0,3000.0,3000.0,3000.0,3000.0,684.2921635575174,500.0000000000002,3000.0,3000.0,3000.0,3000.0,3000.0,3000.0,684.2921635575174,500.0000000000002,3000.0,3000.0,3000.0,3000.0,3000.0,3000.0,684.2921635575174,500.0000000000002,3000.0,3000.0,3000.0,3000.0,3000.0,3000.0,684.2921635575174,500.0000000000002,3000.0,3000.0,3000.0,3000.0,3000.0,3000.0,684.2921635575174,500.0000000000002
9067,3000.0,3000.0,3000.0,3000.0,3000.0,3000.0,3000.0,3000.0,3000.0,3000.0,3000.0,3000.0,3000.0,3000.0,3000.0,3000.0,3000.0,3000.0,3000.0,3000.0,3000.0,3000.0,3000.0,3000.0,3000.0,3000.0,3000.0,3000.0,3000.0,3000.0,3000.0,3000.0,3000.0,3000.0,3000.0,3000.0,3000.0,3000.0,3000.0,3000.0,3000.0,3000.0,3000.0,3000.0,3000.0,3000.0,3000.0,3000.0,3000.0,3000.0,3000.0,3000.0,3000.0,3000.0,3000.0,3000.0,3000.0,3000.0,3000.0,3000.0,3000.0,3000.0,3000.0,3000.0,3000.0,3000.0,3000.0,3000.0,3000.0,3000.0,3000.0,3000.0,3000.0,3000.0,3000.0,3000.0,3000.0,3000.0,3000.0,3000.0,3000.0,3000.0,3000.0,3000.0,3000.0,3000.0,3000.0,3000.0,3000.0,3000.0,3000.0,3000.0,3000.0,3000.0,3000.0,3000.0,3000.0,3000.0,3000.0,3000.0,3000.0,3000.0,3000.0,3000.0,3000.0,3000.0,3000.0,3000.0,3000.0,3000.0,3000.0,3000.0,3000.0,3000.0,3000.0,3000.0,3000.0,3000.0,3000.0,3000.0,3000.0,3000.0,3000.0,3000.0,3000.0,3000.0,3000.0,3000.0,533.3333333333335,729.9116411280179,3000.0,3000.0,3000.0,3000.0,3000.0,3000.0,533.3333333333335,729.9116411280179,3000.0,3000.0,3000.0,3000.0,3000.0,3000.0,533.3333333333335,729.9116411280179,3000.0,3000.0,3000.0,3000.0,3000.0,3000.0,533.3333333333335,729.9116411280179,3000.0,3000.0,3000.0,3000.0,3000.0,3000.0,533.3333333333335,729.9116411280179,3000.0,3000.0,3000.0,3000.0,3000.0,3000.0,533.3333333333335,729.9116411280179,3000.0,3000.0,3000.0,3000.0,3000.0,3000.0,533.3333333333335,729.9116411280179,3000.0,3000.0,3000.0,3000.0,3000.0,3000.0,533.3333333333335,729.9116411280179,3000.0,3000.0,3000.0,3000.0,3000.0,3000.0,533.333333333333,427.70012576258034,363.7759849122542,322.7477031532775,295.97767044659787,279.0647296071621,269.6787555508046,266.66666666666663,533.333333333333,427.70012576258034,363.7759849122542,322.7477031532775,295.97767044659787,279.0647296071621,269.6787555508046,266.66666666666663,533.333333333333,427.70012576258034,363.7759849122542,322.7477031532775,295.97767044659787,279.0647296071621,269.6787555508046,266.66666666666663,533.333333333333,427.70012576258034,363.7759849122542,322.7477031532775,295.97767044659787,279.0647296071621,269.6787555508046,266.66666666666663,533.333333333333,427.70012576258034,363.7759849122542,322.7477031532775,295.97767044659787,279.0647296071621,269.6787555508046,266.66666666666663,533.333333333333,427.70012576258034,363.7759849122542,322.7477031532775,295.97767044659787,279.0647296071621,269.6787555508046,266.66666666666663,533.333333333333,427.70012576258034,363.7759849122542,322.7477031532775,295.97767044659787,279.0647296071621,269.6787555508046,266.66666666666663,533.333333333333,427.70012576258034,363.7759849122542,322.7477031532775,295.97767044659787,279.0647296071621,269.6787555508046,266.66666666666663,266.66666666666663,269.6787555508046,279.0647296071621,295.97767044659787,322.7477031532775,363.7759849122542,427.70012576258034,533.333333333333,266.66666666666663,269.6787555508046,279.0647296071621,295.97767044659787,322.7477031532775,363.7759849122542,427.70012576258034,533.333333333333,266.66666666666663,269.6787555508046,279.0647296071621,295.97767044659787,322.7477031532775,363.7759849122542,427.70012576258034,533.333333333333,266.66666666666663,269.6787555508046,279.0647296071621,295.97767044659787,322.7477031532775,363.7759849122542,427.70012576258034,533.333333333333,266.66666666666663,269.6787555508046,279.0647296071621,295.97767044659787,322.7477031532775,363.7759849122542,427.70012576258034,533.333333333333,266.66666666666663,269.6787555508046,279.0647296071621,295.97767044659787,322.7477031532775,363.7759849122542,427.70012576258034,533.333333333333,266.66666666666663,269.6787555508046,279.0647296071621,295.97767044659787,322.7477031532775,363.7759849122542,427.70012576258034,533.333333333333,266.66666666666663,269.6787555508046,279.0647296071621,295.97767044659787,322.7477031532775,363.7759849122542,427.70012576258034,533.333333333333,3000.0,3000.0,3000.0,3000.0,3000.0,3000.0,729.9116411280183,533.3333333333335,3000.0,3000.0,3000.0,3000.0,3000.0,3000.0,729.9116411280183,533.3333333333335,3000.0,3000.0,3000.0,3000.0,3000.0,3000.0,729.9116411280183,533.3333333333335,3000.0,3000.0,3000.0,3000.0,3000.0,3000.0,729.9116411280183,533.3333333333335,3000.0,3000.0,3000.0,3000.0,3000.0,3000.0,729.9116411280183,533.3333333333335,3000.0,3000.0,3000.0,3000.0,3000.0,3000.0,729.9116411280183,533.3333333333335,3000.0,3000.0,3000.0,3000.0,3000.0,3000.0,729.9116411280183,533.3333333333335,3000.0,3000.0,3000.0,3000.0,3000.0,3000.0,729.9116411280183,533.3333333333335
9133,3000.0,3000.0,3000.0,3000.0,3000.0,3000.0,3000.0,3000.0,3000.0,3000.0,3000.0,3000.0,3000.0,3000.0,3000.0,3000.0,3000.0,3000.0,3000.0,3000.0,3000.0,3000.0,3000.0,3000.0,3000.0,3000.0,3000.0,3000.0,3000.0,3000.0,3000.0,3000.0,3000.0,3000.0,3000.0,3000.0,3000.0,3000.0,3000.0,3000.0,3000.0,3000.0,3000.0,3000.0,3000.0,3000.0,3000.0,3000.0,3000.0,3000.0,3000.0,3000.0,3000.0,3000.0,3000.0,3000.0,3000.0,3000.0,3000.0,3000.0,3000.0,3000.0,3000.0,3000.0,3000.0,3000.0,3000.0,3000.0,3000.0,3000.0,3000.0,3000.0,3000.0,3000.0,3000.0,3000.0,3000.0,3000.0,3000.0,3000.0,3000.0,3000.0,3000.0,3000.0,3000.0,3000.0,3000.0,3000.0,3000.0,3000.0,3000.0,3000.0,3000.0,3000.0,3000.0,3000.0,3000.0,3000.0,3000.0,3000.0,3000.0,3000.0,3000.0,3000.0,3000.0,3000.0,3000.0,3000.0,3000.0,3000.0,3000.0,3000.0,3000.0,3000.0,3000.0,3000.0,3000.0,3000.0,3000.0,3000.0,3000.0,3000.0,3000.0,3000.0,3000.0,3000.0,3000.0,3000.0,566.6666666666666,775.5311186985189,3000.0,3000.0,3000.0,3000.0,3000.0,3000.0,566.6666666666666,775.5311186985189,3000.0,3000.0,3000.0,3000.0,3000.0,3000.0,566.6666666666666,775.5311186985189,3000.0,3000.0,3000.0,3000.0,3000.0,3000.0,566.6666666666666,775.5311186985189,3000.0,3000.0,3000.0,3000.0,3000.0,3000.0,566.6666666666666,775.5311186985189,3000.0,3000.0,3000.0,3000.0,3000.0,3000.0,566.6666666666666,775.5311186985189,3000.0,3000.0,3000.0,3000.0,3000.0,3000.0,566.6666666666666,775.5311186985189,3000.0,3000.0,3000.0,3000.0,3000.0,3000.0,566.6666666666666,775.5311186985189,3000.0,3000.0,3000.0,3000.0,3000.0,3000.0,566.6666666666662,454.43138362274146,386.51198396927,342.9194346003573,314.47627484951016,296.5062752076097,286.53367777272985,283.3333333333332,566.6666666666662,454.43138362274146,386.51198396927,342.9194346003573,314.47627484951016,296.5062752076097,286.53367777272985,283.3333333333332,566.6666666666662,454.43138362274146,386.51198396927,342.9194346003573,314.47627484951016,296.5062752076097,286.53367777272985,283.3333333333332,566.6666666666662,454.43138362274146,386.51198396927,342.9194346003573,314.47627484951016,296.5062752076097,286.53367777272985,283.3333333333332,566.6666666666662,454.43138362274146,386.51198396927,342.9194346003573,314.47627484951016,296.5062752076097,286.53367777272985,283.3333333333332,566.6666666666662,454.43138362274146,386.51198396927,342.9194346003573,314.47627484951016,296.5062752076097,286.53367777272985,283.3333333333332,566.6666666666662,454.43138362274146,386.51198396927,342.9194346003573,314.47627484951016,296.5062752076097,286.53367777272985,283.3333333333332,566.6666666666662,454.43138362274146,386.51198396927,342.9194346003573,314.47627484951016,296.5062752076097,286.53367777272985,283.3333333333332,283.3333333333332,286.53367777272985,296.5062752076097,314.47627484951016,342.9194346003573,386.51198396927,454.43138362274146,566.6666666666662,283.3333333333332,286.53367777272985,296.5062752076097,314.47627484951016,342.9194346003573,386.51198396927,454.43138362274146,566.6666666666662,283.3333333333332,286.53367777272985,296.5062752076097,314.47627484951016,342.9194346003573,386.51198396927,454.43138362274146,566.6666666666662,283.3333333333332,286.53367777272985,296.5062752076097,314.47627484951016,342.9194346003573,386.51198396927,454.43138362274146,566.6666666666662,283.3333333333332,286.53367777272985,296.5062752076097,314.47627484951016,342.9194346003573,386.51198396927,454.43138362274146,566.6666666666662,283.3333333333332,286.53367777272985,296.5062752076097,314.47627484951016,342.9194346003573,386.51198396927,454.43138362274146,566.6666666666662,283.3333333333332,286.53367777272985,296.5062752076097,314.47627484951016,342.9194346003573,386.51198396927,454.43138362274146,566.6666666666662,283.3333333333332,286.53367777272985,296.5062752076097,314.47627484951016,342.9194346003573,386.51198396927,454.43138362274146,566.6666666666662,3000.0,3000.0,3000.0,3000.0,3000.0,3000.0,775.5311186985193,566.6666666666666,3000.0,3000.0,3000.0,3000.0,3000.0,3000.0,775.5311186985193,566.6666666666666,3000.0,3000.0,3000.0,3000.0,3000.0,3000.0,775.5311186985193,566.6666666666666,3000.0,3000.0,3000.0,3000.0,3000.0,3000.0,775.5311186985193,566.6666666666666,3000.0,3000.0,3000.0,3000.0,3000.0,3000.0,775.5311186985193,566.6666666666666,3000.0,3000.0,3000.0,3000.0,3000.0,3000.0,775.5311186985193,566.6666666666666,3000.0,3000.0,3000.0,3000.0,3000.0,3000.0,775.5311186985193,566.6666666666666,3000.0,3000.0,3000.0,3000.0,3000.0,3000.0,775.5311186985193,566.6666666666666
9200,3000.0,3000.0,3000.0,3000.0,3000.0,3000.0,3000.0,3000.0,3000.0,3000.0,3000.0,3000.0,3000.0,3000.0,3000.0,3000.0,3000.0,3000.0,3000.0,3000.0,3000.0,3000.0,3000.0,3000.0,3000.0,3000.0,3000.0,3000.0,3000.0,3000.0,3000.0,3000.0,3000.0,3000.0,3000.0,3000.0,3000.0,3000.0,3000.0,3000.0,3000.0,3000.0,3000.0,3000.0,3000.0,3000.0,3000.0,3000.0,3000.0,3000.0,3000.0,3000.0,3000.0,3000.0,3000.0,3000.0,3000.0,3000.0,3000.0,3000.0,3000.0,3000.0,3000.0,3000.0,3000.0,3000.0,3000.0,3000.0,3000.0,3000.0,3000.0,3000.0,3000.0,3000.0,3000.0,3000.0,3000.0,3000.0,3000.0,3000.0,3000.0,3000.0,3000.0,3000.0,3000.0,3000.0,3000.0,3000.0,3000.0,3000.0,3000.0,3000.0,3000.0,3000.0,3000.0,3000.0,3000.0,3000.0,3000.0,3000.0,3000.0,3000.0,3000.0,3000.0,3000.0,3000.0,3000.0,3000.0,3000.0,3000.0,3000.0,3000.0,3000.0,3000.0,3000.0,3000.0,3000.0,3000.0,3000.0,3000.0,3000.0,3000.0,3000.0,3000.0,3000.0,3000.0,3000.0,3000.0,599.9999999999999,821.1505962690198,3000.0,3000.0,3000.0,3000.0,3000.0,3000.0,599.9999999999999,821.1505962690198,3000.0,3000.0,3000.0,3000.0,3000.0,3000.0,599.9999999999999,821.1505962690198,3000.0,3000.0,3000.0,3000.0,3000.0,3000.0,599.9999999999999,821.1505962690198,3000.0,3000.0,3000.0,3000.0,3000.0,3000.0,599.9999999999999,821.1505962690198,3000.0,3000.0,3000.0,3000.0,3000.0,3000.0,599.9999999999999,821.1505962690198,3000.0,3000.0,3000.0,3000.0,3000.0,3000.0,599.9999999999999,821.1505962690198,3000.0,3000.0,3000.0,3000.0,3000.0,3000.0,599.9999999999999,821.1505962690198,3000.0,3000.0,3000.0,3000.0,3000.0,3000.0,599.9999999999994,481.1626414829027,409.24798302628585,363.09116604743707,332.9748792524225,313.94782080805726,303.3885999946551,299.99999999999983,599.9999999999994,481.1626414829027,409.24798302628585,363.09116604743707,332.9748792524225,313.94782080805726,303.3885999946551,299.99999999999983,599.9999999999994,481.1626414829027,409.24798302628585,363.09116604743707,332.9748792524225,313.94782080805726,303.3885999946551,299.99999999999983,599.9999999999994,481.1626414829027,409.24798302628585,363.09116604743707,332.9748792524225,313.94782080805726,303.3885999946551,299.99999999999983,599.9999999999994,481.1626414829027,409.24798302628585,363.09116604743707,332.9748792524225,313.94782080805726,303.3885999946551,299.99999999999983,599.9999999999994,481.1626414829027,409.24798302628585,363.09116604743707,332.9748792524225,313.94782080805726,303.3885999946551,299.99999999999983,599.9999999999994,481.1626414829027,409.24798302628585,363.09116604743707,332.9748792524225,313.94782080805726,303.3885999946551,299.99999999999983,599.9999999999994,481.1626414829027,409.24798302628585,363.09116604743707,332.9748792524225,313.94782080805726,303.3885999946551,299.99999999999983,299.99999999999983,303.3885999946551,313.94782080805726,332.9748792524225,363.09116604743707,409.24798302628585,481.1626414829027,599.9999999999994,299.99999999999983,303.3885999946551,313.94782080805726,332.9748792524225,363.09116604743707,409.24798302628585,481.1626414829027,599.9999999999994,299.99999999999983,303.3885999946551,313.94782080805726,332.9748792524225,363.09116604743707,409.24798302628585,481.1626414829027,599.9999999999994,299.99999999999983,303.3885999946551,313.94782080805726,332.9748792524225,363.09116604743707,409.24798302628585,481.1626414829027,599.9999999999994,299.99999999999983,303.3885999946551,313.94782080805726,332.9748792524225,363.09116604743707,409.24798302628585,481.1626414829027,599.9999999999994,299.99999999999983,303.3885999946551,313.94782080805726,332.9748792524225,363.09116604743707,409.24798302628585,481.1626414829027,599.9999999999994,299.99999999999983,303.3885999946551,313.94782080805726,332.9748792524225,363.09116604743707,409.24798302628585,481.1626414829027,599.9999999999994,299.99999999999983,303.3885999946551,313.94782080805726,332.9748792524225,363.09116604743707,409.24798302628585,481.1626414829027,599.9999999999994,3000.0,3000.0,3000.0,3000.0,3000.0,3000.0,821.1505962690203,599.9999999999999,3000.0,3000.0,3000.0,3000.0,3000.0,3000.0,821.1505962690203,599.9999999999999,3000.0,3000.0,3000.0,3000.0,3000.0,3000.0,821.1505962690203,599.9999999999999,3000.0,3000.0,3000.0,3000.0,3000.0,3000.0,821.1505962690203,599.9999999999999,3000.0,3000.0,3000.0,3000.0,3000.0,3000.0,821.1505962690203,599.9999999999999,3000.0,3000.0,3000.0,3000.0,3000.0,3000.0,821.1505962690203,599.9999999999999,3000.0,3000.0,3000.0,3000.0,3000.0,3000.0,821.1505962690203,599.9999999999999,3000.0,3000.0,3000.0,3000.0,3000.0,3000.0,821.1505962690203,599.9999999999999
9267,3000.0,3000.0,3000.0,3000.0,3000.0,3000.0,3000.0,3000.0,3000.0,3000.0,3000.0,3000.0,3000.0,3000.0,3000.0,3000.0,3000.0,3000.0,3000.0,3000.0,3000.0,3000.0,3000.0,3000.0,3000.0,3000.0,3000.0,3000.0,3000.0,3000.0,3000.0,3000.0,3000.0,3000.0,3000.0,3000.0,3000.0,3000.0,3000.0,3000.0,3000.0,3000.0,3000.0,3000.0,3000.0,3000.0,3000.0,3000.0,3000.0,3000.0,3000.0,3000.0,3000.0,3000.0,3000.0,3000.0,3000.0,3000.0,3000.0,3000.0,3000.0,3000.0,3000.0,3000.0,3000.0,3000.0,3000.0,3000.0,3000.0,3000.0,3000.0,3000.0,3000.0,3000.0,3000.0,3000.0,3000.0,3000.0,3000.0,3000.0,3000.0,3000.0,3000.0,3000.0,3000.0,3000.0,3000.0,3000.0,3000.0,3000.0,3000.0,3000.0,3000.0,3000.0,3000.0,3000.0,3000.0,3000.0,3000.0,3000.0,3000.0,3000.0,3000.0,3000.0,3000.0,3000.0,3000.0,3000.0,3000.0,3000.0,3000.0,3000.0,3000.0,3000.0,3000.0,3000.0,3000.0,3000.0,3000.0,3000.0,3000.0,3000.0,3000.0,3000.0,3000.0,3000.0,3000.0,3000.0,633.333333333334,3000.0,3000.0,3000.0,3000.0,3000.0,3000.0,3000.0,633.333333333334,3000.0,3000.0,3000.0,3000.0,3000.0,3000.0,3000.0,633.333333333334,3000.0,3000.0,3000.0,3000.0,3000.0,3000.0,3000.0,633.333333333334,3000.0,3000.0,3000.0,3000.0,3000.0,3000.0,3000.0,633.333333333334,3000.0,3000.0,3000.0,3000.0,3000.0,3000.0,3000.0,633.333333333334,3000.0,3000.0,3000.0,3000.0,3000.0,3000.0,3000.0,633.333333333334,3000.0,3000.0,3000.0,3000.0,3000.0,3000.0,3000.0,633.333333333334,3000.0,3000.0,3000.0,3000.0,3000.0,3000.0,3000.0,633.3333333333335,507.8938993430646,431.98398208330224,383.2628974945174,351.4734836553353,331.3893664085053,320.2435222165808,316.66666666666686,633.3333333333335,507.8938993430646,431.98398208330224,383.2628974945174,351.4734836553353,331.3893664085053,320.2435222165808,316.66666666666686,633.3333333333335,507.8938993430646,431.98398208330224,383.2628974945174,351.4734836553353,331.3893664085053,320.2435222165808,316.66666666666686,633.3333333333335,507.8938993430646,431.98398208330224,383.2628974945174,351.4734836553353,331.3893664085053,320.2435222165808,316.66666666666686,633.3333333333335,507.8938993430646,431.98398208330224,383.2628974945174,351.4734836553353,331.3893664085053,320.2435222165808,316.66666666666686,633.3333333333335,507.8938993430646,431.98398208330224,383.2628974945174,351.4734836553353,331.3893664085053,320.2435222165808,316.66666666666686,633.3333333333335,507.8938993430646,431.98398208330224,383.2628974945174,351.4734836553353,331.3893664085053,320.2435222165808,316.66666666666686,633.3333333333335,507.8938993430646,431.98398208330224,383.2628974945174,351.4734836553353,331.3893664085053,320.2435222165808,316.66666666666686,316.66666666666686,320.2435222165808,331.3893664085053,351.4734836553353,383.2628974945174,431.98398208330224,507.8938993430646,633.3333333333335,316.66666666666686,320.2435222165808,331.3893664085053,351.4734836553353,383.2628974945174,431.98398208330224,507.8938993430646,633.3333333333335,316.66666666666686,320.2435222165808,331.3893664085053,351.4734836553353,383.2628974945174,431.98398208330224,507.8938993430646,633.3333333333335,316.66666666666686,320.2435222165808,331.3893664085053,351.4734836553353,383.2628974945174,431.98398208330224,507.8938993430646,633.3333333333335,316.66666666666686,320.2435222165808,331.3893664085053,351.4734836553353,383.2628974945174,431.98398208330224,507.8938993430646,633.3333333333335,316.66666666666686,320.2435222165808,331.3893664085053,351.4734836553353,383.2628974945174,431.98398208330224,507.8938993430646,633.3333333333335,316.66666666666686,320.2435222165808,331.3893664085053,351.4734836553353,383.2628974945174,431.98398208330224,507.8938993430646,633.3333333333335,316.66666666666686,320.2435222165808,331.3893664085053,351.4734836553353,383.2628974945174,431.98398208330224,507.8938993430646,633.3333333333335,3000.0,3000.0,3000.0,3000.0,3000.0,3000.0,3000.0,633.333333333334,3000.0,3000.0,3000.0,3000.0,3000.0,3000.0,3000.0,633.333333333334,3000.0,3000.0,3000.0,3000.0,3000.0,3000.0,3000.0,633.333333333334,3000.0,3000.0,3000.0,3000.0,3000.0,3000.0,3000.0,633.333333333334,3000.0,3000.0,3000.0,3000.0,3000.0,3000.0,3000.0,633.333333333334,3000.0,3000.0,3000.0,3000.0,3000.0,3000.0,3000.0,633.333333333334,3000.0,3000.0,3000.0,3000.0,3000.0,3000.0,3000.0,633.333333333334,3000.0,3000.0,3000.0,3000.0,3000.0,3000.0,3000.0,633.333333333334
9333,3000.0,3000.0,3000.0,3000.0,3000.0,3000.0,3000.0,3000.0,3000.0,3000.0,3000.0,3000.0,3000.0,3000.0,3000.0,3000.0,3000.0,3000.0,3000.0,3000.0,3000.0,3000.0,3000.0,3000.0,3000.0,3000.0,3000.0,3000.0,3000.0,3000.0,3000.0,3000.0,3000.0,3000.0,3000.0,3000.0,3000.0,3000.0,3000.0,3000.0,3000.0,3000.0,3000.0,3000.0,3000.0,3000.0,3000.0,3000.0,3000.0,3000.0,3000.0,3000.0,3000.0,3000.0,3000.0,3000.0,3000.0,3000.0,3000.0,3000.0,3000.0,3000.0,3000.0,3000.0,3000.0,3000.0,3000.0,3000.0,3000.0,3000.0,3000.0,3000.0,3000.0,3000.0,3000.0,3000.0,3000.0,3000.0,3000.0,3000.0,3000.0,3000.0,3000.0,3000.0,3000.0,3000.0,3000.0,3000.0,3000.0,3000.0,3000.0,3000.0,3000.0,3000.0,3000.0,3000.0,3000.0,3000.0,3000.0,3000.0,3000.0,3000.0,3000.0,3000.0,3000.0,3000.0,3000.0,3000.0,3000.0,3000.0,3000.0,3000.0,3000.0,3000.0,3000.0,3000.0,3000.0,3000.0,3000.0,3000.0,3000.0,3000.0,3000.0,3000.0,3000.0,3000.0,3000.0,3000.0,666.6666666666672,3000.0,3000.0,3000.0,3000.0,3000.0,3000.0,3000.0,666.6666666666672,3000.0,3000.0,3000.0,3000.0,3000.0,3000.0,3000.0,666.6666666666672,3000.0,3000.0,3000.0,3000.0,3000.0,3000.0,3000.0,666.6666666666672,3000.0,3000.0,3000.0,3000.0,3000.0,3000.0,3000.0,666.6666666666672,3000.0,3000.0,3000.0,3000.0,3000.0,3000.0,3000.0,666.6666666666672,3000.0,3000.0,3000.0,3000.0,3000.0,3000.0,3000.0,666.6666666666672,3000.0,3000.0,3000.0,3000.0,3000.0,3000.0,3000.0,666.6666666666672,3000.0,3000.0,3000.0,3000.0,3000.0,3000.0,3000.0,666.6666666666666,534.6251572032257,454.71998114031805,403.4346289415971,369.9720880582476,348.83091200895285,337.098444438506,333.3333333333334,666.6666666666666,534.6251572032257,454.71998114031805,403.4346289415971,369.9720880582476,348.83091200895285,337.098444438506,333.3333333333334,666.6666666666666,534.6251572032257,454.71998114031805,403.4346289415971,369.9720880582476,348.83091200895285,337.098444438506,333.3333333333334,666.6666666666666,534.6251572032257,454.71998114031805,403.4346289415971,369.9720880582476,348.83091200895285,337.098444438506,333.3333333333334,666.6666666666666,534.6251572032257,454.71998114031805,403.4346289415971,369.9720880582476,348.83091200895285,337.098444438506,333.3333333333334,666.6666666666666,534.6251572032257,454.71998114031805,403.4346289415971,369.9720880582476,348.83091200895285,337.098444438506,333.3333333333334,666.6666666666666,534.6251572032257,454.71998114031805,403.4346289415971,369.9720880582476,348.83091200895285,337.098444438506,333.3333333333334,666.6666666666666,534.6251572032257,454.71998114031805,403.4346289415971,369.9720880582476,348.83091200895285,337.098444438506,333.3333333333334,333.3333333333334,337.098444438506,348.83091200895285,369.9720880582476,403.4346289415971,454.71998114031805,534.6251572032257,666.6666666666666,333.3333333333334,337.098444438506,348.83091200895285,369.9720880582476,403.4346289415971,454.71998114031805,534.6251572032257,666.6666666666666,333.3333333333334,337.098444438506,348.83091200895285,369.9720880582476,403.4346289415971,454.71998114031805,534.6251572032257,666.6666666666666,333.3333333333334,337.098444438506,348.83091200895285,369.9720880582476,403.4346289415971,454.71998114031805,534.6251572032257,666.6666666666666,333.3333333333334,337.098444438506,348.83091200895285,369.9720880582476,403.4346289415971,454.71998114031805,534.6251572032257,666.6666666666666,333.3333333333334,337.098444438506,348.83091200895285,369.9720880582476,403.4346289415971,454.71998114031805,534.6251572032257,666.6666666666666,333.3333333333334,337.098444438506,348.83091200895285,369.9720880582476,403.4346289415971,454.71998114031805,534.6251572032257,666.6666666666666,333.3333333333334,337.098444438506,348.83091200895285,369.9720880582476,403.4346289415971,454.71998114031805,534.6251572032257,666.6666666666666,3000.0,3000.0,3000.0,3000.0,3000.0,3000.0,3000.0,666.6666666666672,3000.0,3000.0,3000.0,3000.0,3000.0,3000.0,3000.0,666.6666666666672,3000.0,3000.0,3000.0,3000.0,3000.0,3000.0,3000.0,666.6666666666672,3000.0,3000.0,3000.0,3000.0,3000.0,3000.0,3000.0,666.6666666666672,3000.0,3000.0,3000.0,3000.0,3000.0,3000.0,3000.0,666.6666666666672,3000.0,3000.0,3000.0,3000.0,3000.0,3000.0,3000.0,666.6666666666672,3000.0,3000.0,3000.0,3000.0,3000.0,3000.0,3000.0,666.6666666666672,3000.0,3000.0,3000.0,3000.0,3000.0,3000.0,3000.0,666.6666666666672
9400,3000.0,3000.0,3000.0,3000.0,3000.0,3000.0,3000.0,3000.0,3000.0,3000.0,3000.0,3000.0,3000.0,3000.0,3000.0,3000.0,3000.0,3000.0,3000.0,3000.0,3000.0,3000.0,3000.0,3000.0,3000.0,3000.0,3000.0,3000.0,3000.0,3000.0,3000.0,3000.0,3000.0,3000.0,3000.0,3000.0,3000.0,3000.0,3000.0,3000.0,3000.0,3000.0,3000.0,3000.0,3000.0,3000.0,3000.0,3000.0,3000.0,3000.0,3000.0,3000.0,3000.0,3000.0,3000.0,3000.0,3000.0,3000.0,3000.0,3000.0,3000.0,3000.0,3000.0,3000.0,3000.0,3000.0,3000.0,3000.0,3000.0,3000.0,3000.0,3000.0,3000.0,3000.0,3000.0,3000.0,3000.0,3000.0,3000.0,3000.0,3000.0,3000.0,3000.0,3000.0,3000.0,3000.0,3000.0,3000.0,3000.0,3000.0,3000.0,3000.0,3000.0,3000.0,3000.0,3000.0,3000.0,3000.0,3000.0,3000.0,3000.0,3000.0,3000.0,3000.0,3000.0,3000.0,3000.0,3000.0,3000.0,3000.0,3000.0,3000.0,3000.0,3000.0,3000.0,3000.0,3000.0,3000.0,3000.0,3000.0,3000.0,3000.0,3000.0,3000.0,3000.0,3000.0,3000.0,3000.0,700.0000000000005,3000.0,3000.0,3000.0,3000.0,3000.0,3000.0,3000.0,700.0000000000005,3000.0,3000.0,3000.0,3000.0,3000.0,3000.0,3000.0,700.0000000000005,3000.0,3000.0,3000.0,3000.0,3000.0,3000.0,3000.0,700.0000000000005,3000.0,3000.0,3000.0,3000.0,3000.0,3000.0,3000.0,700.0000000000005,3000.0,3000.0,3000.0,3000.0,3000.0,3000.0,3000.0,700.0000000000005,3000.0,3000.0,3000.0,3000.0,3000.0,3000.0,3000.0,700.0000000000005,3000.0,3000.0,3000.0,3000.0,3000.0,3000.0,3000.0,700.0000000000005,3000.0,3000.0,3000.0,3000.0,3000.0,3000.0,3000.0,699.9999999999999,561.356415063387,477.4559801973339,423.60636038867693,388.47069246115996,366.2724576094004,353.95336666043124,350.0000000000001,699.9999999999999,561.356415063387,477.4559801973339,423.60636038867693,388.47069246115996,366.2724576094004,353.95336666043124,350.0000000000001,699.9999999999999,561.356415063387,477.4559801973339,423.60636038867693,388.47069246115996,366.2724576094004,353.95336666043124,350.0000000000001,699.9999999999999,561.356415063387,477.4559801973339,423.60636038867693,388.47069246115996,366.2724576094004,353.95336666043124,350.0000000000001,699.9999999999999,561.356415063387,477.4559801973339,423.60636038867693,388.47069246115996,366.2724576094004,353.95336666043124,350.0000000000001,699.9999999999999,561.356415063387,477.4559801973339,423.60636038867693,388.47069246115996,366.2724576094004,353.95336666043124,350.0000000000001,699.9999999999999,561.356415063387,477.4559801973339,423.60636038867693,388.47069246115996,366.2724576094004,353.95336666043124,350.0000000000001,699.9999999999999,561.356415063387,477.4559801973339,423.60636038867693,388.47069246115996,366.2724576094004,353.95336666043124,350.0000000000001,350.0000000000001,353.95336666043124,366.2724576094004,388.47069246115996,423.60636038867693,477.4559801973339,561.356415063387,699.9999999999999,350.0000000000001,353.95336666043124,366.2724576094004,388.47069246115996,423.60636038867693,477.4559801973339,561.356415063387,699.9999999999999,350.0000000000001,353.95336666043124,366.2724576094004,388.47069246115996,423.60636038867693,477.4559801973339,561.356415063387,699.9999999999999,350.0000000000001,353.95336666043124,366.2724576094004,388.47069246115996,423.60636038867693,477.4559801973339,561.356415063387,699.9999999999999,350.0000000000001,353.95336666043124,366.2724576094004,388.47069246115996,423.60636038867693,477.4559801973339,561.356415063387,699.9999999999999,350.0000000000001,353.95336666043124,366.2724576094004,388.47069246115996,423.60636038867693,477.4559801973339,561.356415063387,699.9999999999999,350.0000000000001,353.95336666043124,366.2724576094004,388.47069246115996,423.60636038867693,477.4559801973339,561.356415063387,699.9999999999999,350.0000000000001,353.95336666043124,366.2724576094004,388.47069246115996,423.60636038867693,477.4559801973339,561.356415063387,699.9999999999999,3000.0,3000.0,3000.0,3000.0,3000.0,3000.0,3000.0,700.0000000000005,3000.0,3000.0,3000.0,3000.0,3000.0,3000.0,3000.0,700.0000000000005,3000.0,3000.0,3000.0,3000.0,3000.0,3000.0,3000.0,700.0000000000005,3000.0,3000.0,3000.0,3000.0,3000.0,3000.0,3000.0,700.0000000000005,3000.0,3000.0,3000.0,3000.0,3000.0,3000.0,3000.0,700.0000000000005,3000.0,3000.0,3000.0,3000.0,3000.0,3000.0,3000.0,700.0000000000005,3000.0,3000.0,3000.0,3000.0,3000.0,3000.0,3000.0,700.0000000000005,3000.0,3000.0,3000.0,3000.0,3000.0,3000.0,3000.0,700.0000000000005
9467,3000.0,3000.0,3000.0,3000.0,3000.0,3000.0,3000.0,3000.0,3000.0,3000.0,3000.0,3000.0,3000.0,3000.0,3000.0,3000.0,3000.0,3000.0,3000.0,3000.0,3000.0,3000.0,3000.0,3000.0,3000.0,3000.0,3000.0,3000.0,3000.0,3000.0,3000.0,3000.0,3000.0,3000.0,3000.0,3000.0,3000.0,3000.0,3000.0,3000.0,3000.0,3000.0,3000.0,3000.0,3000.0,3000.0,3000.0,3000.0,3000.0,3000.0,3000.0,3000.0,3000.0,3000.0,3000.0,3000.0,3000.0,3000.0,3000.0,3000.0,3000.0,3000.0,3000.0,3000.0,3000.0,3000.0,3000.0,3000.0,3000.0,3000.0,3000.0,3000.0,3000.0,3000.0,3000.0,3000.0,3000.0,3000.0,3000.0,3000.0,3000.0,3000.0,3000.0,3000.0,3000.0,3000.0,3000.0,3000.0,3000.0,3000.0,3000.0,3000.0,3000.0,3000.0,3000.0,3000.0,3000.0,3000.0,3000.0,3000.0,3000.0,3000.0,3000.0,3000.0,3000.0,3000.0,3000.0,3000.0,3000.0,3000.0,3000.0,3000.0,3000.0,3000.0,3000.0,3000.0,3000.0,3000.0,3000.0,3000.0,3000.0,3000.0,3000.0,3000.0,3000.0,3000.0,3000.0,3000.0,733.3333333333337,3000.0,3000.0,3000.0,3000.0,3000.0,3000.0,3000.0,733.3333333333337,3000.0,3000.0,3000.0,3000.0,3000.0,3000.0,3000.0,733.3333333333337,3000.0,3000.0,3000.0,3000.0,3000.0,3000.0,3000.0,733.3333333333337,3000.0,3000.0,3000.0,3000.0,3000.0,3000.0,3000.0,733.3333333333337,3000.0,3000.0,3000.0,3000.0,3000.0,3000.0,3000.0,733.3333333333337,3000.0,3000.0,3000.0,3000.0,3000.0,3000.0,3000.0,733.3333333333337,3000.0,3000.0,3000.0,3000.0,3000.0,3000.0,3000.0,733.3333333333337,3000.0,3000.0,3000.0,3000.0,3000.0,3000.0,3000.0,733.3333333333331,588.0876729235482,500.1919792543497,443.77809183575675,406.9692968640723,383.71400320984804,370.8082888823565,366.6666666666667,733.3333333333331,588.0876729235482,500.1919792543497,443.77809183575675,406.9692968640723,383.71400320984804,370.8082888823565,366.6666666666667,733.3333333333331,588.0876729235482,500.1919792543497,443.77809183575675,406.9692968640723,383.71400320984804,370.8082888823565,366.6666666666667,733.3333333333331,588.0876729235482,500.1919792543497,443.77809183575675,406.9692968640723,383.71400320984804,370.8082888823565,366.6666666666667,733.3333333333331,588.0876729235482,500.1919792543497,443.77809183575675,406.9692968640723,383.71400320984804,370.8082888823565,366.6666666666667,733.3333333333331,588.0876729235482,500.1919792543497,443.77809183575675,406.9692968640723,383.71400320984804,370.8082888823565,366.6666666666667,733.3333333333331,588.0876729235482,500.1919792543497,443.77809183575675,406.9692968640723,383.71400320984804,370.8082888823565,366.6666666666667,733.3333333333331,588.0876729235482,500.1919792543497,443.77809183575675,406.9692968640723,383.71400320984804,370.8082888823565,366.6666666666667,366.6666666666667,370.8082888823565,383.71400320984804,406.9692968640723,443.77809183575675,500.1919792543497,588.0876729235482,733.3333333333331,366.6666666666667,370.8082888823565,383.71400320984804,406.9692968640723,443.77809183575675,500.1919792543497,588.0876729235482,733.3333333333331,366.6666666666667,370.8082888823565,383.71400320984804,406.9692968640723,443.77809183575675,500.1919792543497,588.0876729235482,733.3333333333331,366.6666666666667,370.8082888823565,383.71400320984804,406.9692968640723,443.77809183575675,500.1919792543497,588.0876729235482,733.3333333333331,366.6666666666667,370.8082888823565,383.71400320984804,406.9692968640723,443.77809183575675,500.1919792543497,588.0876729235482,733.3333333333331,366.6666666666667,370.8082888823565,383.71400320984804,406.9692968640723,443.77809183575675,500.1919792543497,588.0876729235482,733.3333333333331,366.6666666666667,370.8082888823565,383.71400320984804,406.9692968640723,443.77809183575675,500.1919792543497,588.0876729235482,733.3333333333331,366.6666666666667,370.8082888823565,383.71400320984804,406.9692968640723,443.77809183575675,500.1919792543497,588.0876729235482,733.3333333333331,3000.0,3000.0,3000.0,3000.0,3000.0,3000.0,3000.0,733.3333333333337,3000.0,3000.0,3000.0,3000.0,3000.0,3000.0,3000.0,733.3333333333337,3000.0,3000.0,3000.0,3000.0,3000.0,3000.0,3000.0,733.3333333333337,3000.0,3000.0,3000.0,3000.0,3000.0,3000.0,3000.0,733.3333333333337,3000.0,3000.0,3000.0,3000.0,3000.0,3000.0,3000.0,733.3333333333337,3000.0,3000.0,3000.0,3000.0,3000.0,3000.0,3000.0,733.3333333333337,3000.0,3000.0,3000.0,3000.0,3000.0,3000.0,3000.0,733.3333333333337,3000.0,3000.0,3000.0,3000.0,3000.0,3000.0,3000.0,733.3333333333337
9533,3000.0,3000.0,3000.0,3000.0,3000.0,3000.0,3000.0,3000.0,3000.0,3000.0,3000.0,3000.0,3000.0,3000.0,3000.0,3000.0,3000.0,3000.0,3000.0,3000.0,3000.0,3000.0,3000.0,3000.0,3000.0,3000.0,3000.0,3000.0,3000.0,3000.0,3000.0,3000.0,3000.0,3000.0,3000.0,3000.0,3000.0,3000.0,3000.0,3000.0,3000.0,3000.0,3000.0,3000.0,3000.0,3000.0,3000.0,3000.0,3000.0,3000.0,3000.0,3000.0,3000.0,3000.0,3000.0,3000.0,3000.0,3000.0,3000.0,3000.0,3000.0,3000.0,3000.0,3000.0,3000.0,3000.0,3000.0,3000.0,3000.0,3000.0,3000.0,3000.0,3000.0,3000.0,3000.0,3000.0,3000.0,3000.0,3000.0,3000.0,3000.0,3000.0,3000.0,3000.0,3000.0,3000.0,3000.0,3000.0,3000.0,3000.0,3000.0,3000.0,3000.0,3000.0,3000.0,3000.0,3000.0,3000.0,3000.0,3000.0,3000.0,3000.0,3000.0,3000.0,3000.0,3000.0,3000.0,3000.0,3000.0,3000.0,3000.0,3000.0,3000.0,3000.0,3000.0,3000.0,3000.0,3000.0,3000.0,3000.0,3000.0,3000.0,3000.0,3000.0,3000.0,3000.0,3000.0,3000.0,766.6666666666669,3000.0,3000.0,3000.0,3000.0,3000.0,3000.0,3000.0,766.6666666666669,3000.0,3000.0,3000.0,3000.0,3000.0,3000.0,3000.0,766.6666666666669,3000.0,3000.0,3000.0,3000.0,3000.0,3000.0,3000.0,766.6666666666669,3000.0,3000.0,3000.0,3000.0,3000.0,3000.0,3000.0,766.6666666666669,3000.0,3000.0,3000.0,3000.0,3000.0,3000.0,3000.0,766.6666666666669,3000.0,3000.0,3000.0,3000.0,3000.0,3000.0,3000.0,766.6666666666669,3000.0,3000.0,3000.0,3000.0,3000.0,3000.0,3000.0,766.6666666666669,3000.0,3000.0,3000.0,3000.0,3000.0,3000.0,3000.0,766.6666666666663,614.8189307837093,522.9279783113655,463.94982328283646,425.46790126698454,401.15554881029556,387.6632111042817,383.3333333333333,766.6666666666663,614.8189307837093,522.9279783113655,463.94982328283646,425.46790126698454,401.15554881029556,387.6632111042817,383.3333333333333,766.6666666666663,614.8189307837093,522.9279783113655,463.94982328283646,425.46790126698454,401.15554881029556,387.6632111042817,383.3333333333333,766.6666666666663,614.8189307837093,522.9279783113655,463.94982328283646,425.46790126698454,401.15554881029556,387.6632111042817,383.3333333333333,766.6666666666663,614.8189307837093,522.9279783113655,463.94982328283646,425.46790126698454,401.15554881029556,387.6632111042817,383.3333333333333,766.6666666666663,614.8189307837093,522.9279783113655,463.94982328283646,425.46790126698454,401.15554881029556,387.6632111042817,383.3333333333333,766.6666666666663,614.8189307837093,522.9279783113655,463.94982328283646,425.46790126698454,401.15554881029556,387.6632111042817,383.3333333333333,766.6666666666663,614.8189307837093,522.9279783113655,463.94982328283646,425.46790126698454,401.15554881029556,387.6632111042817,383.3333333333333,383.3333333333333,387.6632111042817,401.15554881029556,425.46790126698454,463.94982328283646,522.9279783113655,614.8189307837093,766.6666666666663,383.3333333333333,387.6632111042817,401.15554881029556,425.46790126698454,463.94982328283646,522.9279783113655,614.8189307837093,766.6666666666663,383.3333333333333,387.6632111042817,401.15554881029556,425.46790126698454,463.94982328283646,522.9279783113655,614.8189307837093,766.6666666666663,383.3333333333333,387.6632111042817,401.15554881029556,425.46790126698454,463.94982328283646,522.9279783113655,614.8189307837093,766.6666666666663,383.3333333333333,387.6632111042817,401.15554881029556,425.46790126698454,463.94982328283646,522.9279783113655,614.8189307837093,766.6666666666663,383.3333333333333,387.6632111042817,401.15554881029556,425.46790126698454,463.94982328283646,522.9279783113655,614.8189307837093,766.6666666666663,383.3333333333333,387.6632111042817,401.15554881029556,425.46790126698454,463.94982328283646,522.9279783113655,614.8189307837093,766.6666666666663,383.3333333333333,387.6632111042817,401.15554881029556,425.46790126698454,463.94982328283646,522.9279783113655,614.8189307837093,766.6666666666663,3000.0,3000.0,3000.0,3000.0,3000.0,3000.0,3000.0,766.6666666666669,3000.0,3000.0,3000.0,3000.0,3000.0,3000.0,3000.0,766.6666666666669,3000.0,3000.0,3000.0,3000.0,3000.0,3000.0,3000.0,766.6666666666669,3000.0,3000.0,3000.0,3000.0,3000.0,3000.0,3000.0,766.6666666666669,3000.0,3000.0,3000.0,3000.0,3000.0,3000.0,3000.0,766.6666666666669,3000.0,3000.0,3000.0,3000.0,3000.0,3000.0,3000.0,766.6666666666669,3000.0,3000.0,3000.0,3000.0,3000.0,3000.0,3000.0,766.6666666666669,3000.0,3000.0,3000.0,3000.0,3000.0,3000.0,3000.0,766.6666666666669
9600,3000.0,3000.0,3000.0,3000.0,3000.0,3000.0,3000.0,3000.0,3000.0,3000.0,3000.0,3000.0,3000.0,3000.0,3000.0,3000.0,3000.0,3000.0,3000.0,3000.0,3000.0,3000.0,3000.0,3000.0,3000.0,3000.0,3000.0,3000.0,3000.0,3000.0,3000.0,3000.0,3000.0,3000.0,3000.0,3000.0,3000.0,3000.0,3000.0,3000.0,3000.0,3000.0,3000.0,3000.0,3000.0,3000.0,3000.0,3000.0,3000.0,3000.0,3000.0,3000.0,3000.0,3000.0,3000.0,3000.0,3000.0,3000.0,3000.0,3000.0,3000.0,3000.0,3000.0,3000.0,3000.0,3000.0,3000.0,3000.0,3000.0,3000.0,3000.0,3000.0,3000.0,3000.0,3000.0,3000.0,3000.0,3000.0,3000.0,3000.0,3000.0,3000.0,3000.0,3000.0,3000.0,3000.0,3000.0,3000.0,3000.0,3000.0,3000.0,3000.0,3000.0,3000.0,3000.0,3000.0,3000.0,3000.0,3000.0,3000.0,3000.0,3000.0,3000.0,3000.0,3000.0,3000.0,3000.0,3000.0,3000.0,3000.0,3000.0,3000.0,3000.0,3000.0,3000.0,3000.0,3000.0,3000.0,3000.0,3000.0,3000.0,3000.0,3000.0,3000.0,3000.0,3000.0,3000.0,3000.0,800.0000000000001,3000.0,3000.0,3000.0,3000.0,3000.0,3000.0,3000.0,800.0000000000001,3000.0,3000.0,3000.0,3000.0,3000.0,3000.0,3000.0,800.0000000000001,3000.0,3000.0,3000.0,3000.0,3000.0,3000.0,3000.0,800.0000000000001,3000.0,3000.0,3000.0,3000.0,3000.0,3000.0,3000.0,800.0000000000001,3000.0,3000.0,3000.0,3000.0,3000.0,3000.0,3000.0,800.0000000000001,3000.0,3000.0,3000.0,3000.0,3000.0,3000.0,3000.0,800.0000000000001,3000.0,3000.0,3000.0,3000.0,3000.0,3000.0,3000.0,800.0000000000001,3000.0,3000.0,3000.0,3000.0,3000.0,3000.0,3000.0,799.9999999999995,641.5501886438706,545.6639773683813,484.1215547299163,443.9665056698969,418.5970944107432,404.51813332620696,399.9999999999999,799.9999999999995,641.5501886438706,545.6639773683813,484.1215547299163,443.9665056698969,418.5970944107432,404.51813332620696,399.9999999999999,799.9999999999995,641.5501886438706,545.6639773683813,484.1215547299163,443.9665056698969,418.5970944107432,404.51813332620696,399.9999999999999,799.9999999999995,641.5501886438706,545.6639773683813,484.1215547299163,443.9665056698969,418.5970944107432,404.51813332620696,399.9999999999999,799.9999999999995,641.5501886438706,545.6639773683813,484.1215547299163,443.9665056698969,418.5970944107432,404.51813332620696,399.9999999999999,799.9999999999995,641.5501886438706,545.6639773683813,484.1215547299163,443.9665056698969,418.5970944107432,404.51813332620696,399.9999999999999,799.9999999999995,641.5501886438706,545.6639773683813,484.1215547299163,443.9665056698969,418.5970944107432,404.51813332620696,399.9999999999999,799.9999999999995,641.5501886438706,545.6639773683813,484.1215547299163,443.9665056698969,418.5970944107432,404.51813332620696,399.9999999999999,399.9999999999999,404.51813332620696,418.5970944107432,443.9665056698969,484.1215547299163,545.6639773683813,641.5501886438706,799.9999999999995,399.9999999999999,404.51813332620696,418.5970944107432,443.9665056698969,484.1215547299163,545.6639773683813,641.5501886438706,799.9999999999995,399.9999999999999,404.51813332620696,418.5970944107432,443.9665056698969,484.1215547299163,545.6639773683813,641.5501886438706,799.9999999999995,399.9999999999999,404.51813332620696,418.5970944107432,443.9665056698969,484.1215547299163,545.6639773683813,641.5501886438706,799.9999999999995,399.9999999999999,404.51813332620696,418.5970944107432,443.9665056698969,484.1215547299163,545.6639773683813,641.5501886438706,799.9999999999995,399.9999999999999,404.51813332620696,418.5970944107432,443.9665056698969,484.1215547299163,545.6639773683813,641.5501886438706,799.9999999999995,399.9999999999999,404.51813332620696,418.5970944107432,443.9665056698969,484.1215547299163,545.6639773683813,641.5501886438706,799.9999999999995,399.9999999999999,404.51813332620696,418.5970944107432,443.9665056698969,484.1215547299163,545.6639773683813,641.5501886438706,799.9999999999995,3000.0,3000.0,3000.0,3000.0,3000.0,3000.0,3000.0,800.0000000000001,3000.0,3000.0,3000.0,3000.0,3000.0,3000.0,3000.0,800.0000000000001,3000.0,3000.0,3000.0,3000.0,3000.0,3000.0,3000.0,800.0000000000001,3000.0,3000.0,3000.0,3000.0,3000.0,3000.0,3000.0,800.0000000000001,3000.0,3000.0,3000.0,3000.0,3000.0,3000.0,3000.0,800.0000000000001,3000.0,3000.0,3000.0,3000.0,3000.0,3000.0,3000.0,800.0000000000001,3000.0,3000.0,3000.0,3000.0,3000.0,3000.0,3000.0,800.0000000000001,3000.0,3000.0,3000.0,3000.0,3000.0,3000.0,3000.0,800.0000000000001
9667,3000.0,3000.0,3000.0,3000.0,3000.0,3000.0,3000.0,3000.0,3000.0,3000.0,3000.0,3000.0,3000.0,3000.0,3000.0,3000.0,3000.0,3000.0,3000.0,3000.0,3000.0,3000.0,3000.0,3000.0,3000.0,3000.0,3000.0,3000.0,3000.0,3000.0,3000.0,3000.0,3000.0,3000.0,3000.0,3000.0,3000.0,3000.0,3000.0,3000.0,3000.0,3000.0,3000.0,3000.0,3000.0,3000.0,3000.0,3000.0,3000.0,3000.0,3000.0,3000.0,3000.0,3000.0,3000.0,3000.0,3000.0,3000.0,3000.0,3000.0,3000.0,3000.0,3000.0,3000.0,3000.0,3000.0,3000.0,3000.0,3000.0,3000.0,3000.0,3000.0,3000.0,3000.0,3000.0,3000.0,3000.0,3000.0,3000.0,3000.0,3000.0,3000.0,3000.0,3000.0,3000.0,3000.0,3000.0,3000.0,3000.0,3000.0,3000.0,3000.0,3000.0,3000.0,3000.0,3000.0,3000.0,3000.0,3000.0,3000.0,3000.0,3000.0,3000.0,3000.0,3000.0,3000.0,3000.0,3000.0,3000.0,3000.0,3000.0,3000.0,3000.0,3000.0,3000.0,3000.0,3000.0,3000.0,3000.0,3000.0,3000.0,3000.0,3000.0,3000.0,3000.0,3000.0,3000.0,3000.0,833.3333333333335,3000.0,3000.0,3000.0,3000.0,3000.0,3000.0,3000.0,833.3333333333335,3000.0,3000.0,3000.0,3000.0,3000.0,3000.0,3000.0,833.3333333333335,3000.0,3000.0,3000.0,3000.0,3000.0,3000.0,3000.0,833.3333333333335,3000.0,3000.0,3000.0,3000.0,3000.0,3000.0,3000.0,833.3333333333335,3000.0,3000.0,3000.0,3000.0,3000.0,3000.0,3000.0,833.3333333333335,3000.0,3000.0,3000.0,3000.0,3000.0,3000.0,3000.0,833.3333333333335,3000.0,3000.0,3000.0,3000.0,3000.0,3000.0,3000.0,833.3333333333335,3000.0,3000.0,3000.0,3000.0,3000.0,3000.0,3000.0,833.3333333333327,668.2814465040318,568.3999764253972,504.2932861769961,462.46511007280924,436.0386400111908,421.3730555481322,416.6666666666666,833.3333333333327,668.2814465040318,568.3999764253972,504.2932861769961,462.46511007280924,436.0386400111908,421.3730555481322,416.6666666666666,833.3333333333327,668.2814465040318,568.3999764253972,504.2932861769961,462.46511007280924,436.0386400111908,421.3730555481322,416.6666666666666,833.3333333333327,668.2814465040318,568.3999764253972,504.2932861769961,462.46511007280924,436.0386400111908,421.3730555481322,416.6666666666666,833.3333333333327,668.2814465040318,568.3999764253972,504.2932861769961,462.46511007280924,436.0386400111908,421.3730555481322,416.6666666666666,833.3333333333327,668.2814465040318,568.3999764253972,504.2932861769961,462.46511007280924,436.0386400111908,421.3730555481322,416.6666666666666,833.3333333333327,668.2814465040318,568.3999764253972,504.2932861769961,462.46511007280924,436.0386400111908,421.3730555481322,416.6666666666666,833.3333333333327,668.2814465040318,568.3999764253972,504.2932861769961,462.46511007280924,436.0386400111908,421.3730555481322,416.6666666666666,416.6666666666666,421.3730555481322,436.0386400111908,462.46511007280924,504.2932861769961,568.3999764253972,668.2814465040318,833.3333333333327,416.6666666666666,421.3730555481322,436.0386400111908,462.46511007280924,504.2932861769961,568.3999764253972,668.2814465040318,833.3333333333327,416.6666666666666,421.3730555481322,436.0386400111908,462.46511007280924,504.2932861769961,568.3999764253972,668.2814465040318,833.3333333333327,416.6666666666666,421.3730555481322,436.0386400111908,462.46511007280924,504.2932861769961,568.3999764253972,668.2814465040318,833.3333333333327,416.6666666666666,421.3730555481322,436.0386400111908,462.46511007280924,504.2932861769961,568.3999764253972,668.2814465040318,833.3333333333327,416.6666666666666,421.3730555481322,436.0386400111908,462.46511007280924,504.2932861769961,568.3999764253972,668.2814465040318,833.3333333333327,416.6666666666666,421.3730555481322,436.0386400111908,462.46511007280924,504.2932861769961,568.3999764253972,668.2814465040318,833.3333333333327,416.6666666666666,421.3730555481322,436.0386400111908,462.46511007280924,504.2932861769961,568.3999764253972,668.2814465040318,833.3333333333327,3000.0,3000.0,3000.0,3000.0,3000.0,3000.0,3000.0,833.3333333333335,3000.0,3000.0,3000.0,3000.0,3000.0,3000.0,3000.0,833.3333333333335,3000.0,3000.0,3000.0,3000.0,3000.0,3000.0,3000.0,833.3333333333335,3000.0,3000.0,3000.0,3000.0,3000.0,3000.0,3000.0,833.3333333333335,3000.0,3000.0,3000.0,3000.0,3000.0,3000.0,3000.0,833.3333333333335,3000.0,3000.0,3000.0,3000.0,3000.0,3000.0,3000.0,833.3333333333335,3000.0,3000.0,3000.0,3000.0,3000.0,3000.0,3000.0,833.3333333333335,3000.0,3000.0,3000.0,3000.0,3000.0,3000.0,3000.0,833.3333333333335
9733,3000.0,3000.0,3000.0,3000.0,3000.0,3000.0,3000.0,3000.0,3000.0,3000.0,3000.0,3000.0,3000.0,3000.0,3000.0,3000.0,3000.0,3000.0,3000.0,3000.0,3000.0,3000.0,3000.0,3000.0,3000.0,3000.0,3000.0,3000.0,3000.0,3000.0,3000.0,3000.0,3000.0,3000.0,3000.0,3000.0,3000.0,3000.0,3000.0,3000.0,3000.0,3000.0,3000.0,3000.0,3000.0,3000.0,3000.0,3000.0,3000.0,3000.0,3000.0,3000.0,3000.0,3000.0,3000.0,3000.0,3000.0,3000.0,3000.0,3000.0,3000.0,3000.0,3000.0,3000.0,3000.0,3000.0,3000.0,3000.0,3000.0,3000.0,3000.0,3000.0,3000.0,3000.0,3000.0,3000.0,3000.0,3000.0,3000.0,3000.0,3000.0,3000.0,3000.0,3000.0,3000.0,3000.0,3000.0,3000.0,3000.0,3000.0,3000.0,3000.0,3000.0,3000.0,3000.0,3000.0,3000.0,3000.0,3000.0,3000.0,3000.0,3000.0,3000.0,3000.0,3000.0,3000.0,3000.0,3000.0,3000.0,3000.0,3000.0,3000.0,3000.0,3000.0,3000.0,3000.0,3000.0,3000.0,3000.0,3000.0,3000.0,3000.0,3000.0,3000.0,3000.0,3000.0,3000.0,3000.0,866.6666666666666,3000.0,3000.0,3000.0,3000.0,3000.0,3000.0,3000.0,866.6666666666666,3000.0,3000.0,3000.0,3000.0,3000.0,3000.0,3000.0,866.6666666666666,3000.0,3000.0,3000.0,3000.0,3000.0,3000.0,3000.0,866.6666666666666,3000.0,3000.0,3000.0,3000.0,3000.0,3000.0,3000.0,866.6666666666666,3000.0,3000.0,3000.0,3000.0,3000.0,3000.0,3000.0,866.6666666666666,3000.0,3000.0,3000.0,3000.0,3000.0,3000.0,3000.0,866.6666666666666,3000.0,3000.0,3000.0,3000.0,3000.0,3000.0,3000.0,866.6666666666666,3000.0,3000.0,3000.0,3000.0,3000.0,3000.0,3000.0,866.666666666666,695.0127043641928,591.135975482413,524.4650176240758,480.9637144757215,453.4801856116383,438.2279777700574,433.33333333333314,866.666666666666,695.0127043641928,591.135975482413,524.4650176240758,480.9637144757215,453.4801856116383,438.2279777700574,433.33333333333314,866.666666666666,695.0127043641928,591.135975482413,524.4650176240758,480.9637144757215,453.4801856116383,438.2279777700574,433.33333333333314,866.666666666666,695.0127043641928,591.135975482413,524.4650176240758,480.9637144757215,453.4801856116383,438.2279777700574,433.33333333333314,866.666666666666,695.0127043641928,591.135975482413,524.4650176240758,480.9637144757215,453.4801856116383,438.2279777700574,433.33333333333314,866.666666666666,695.0127043641928,591.135975482413,524.4650176240758,480.9637144757215,453.4801856116383,438.2279777700574,433.33333333333314,866.666666666666,695.0127043641928,591.135975482413,524.4650176240758,480.9637144757215,453.4801856116383,438.2279777700574,433.33333333333314,866.666666666666,695.0127043641928,591.135975482413,524.4650176240758,480.9637144757215,453.4801856116383,438.2279777700574,433.33333333333314,433.33333333333314,438.2279777700574,453.4801856116383,480.9637144757215,524.4650176240758,591.135975482413,695.0127043641928,866.666666666666,433.33333333333314,438.2279777700574,453.4801856116383,480.9637144757215,524.4650176240758,591.135975482413,695.0127043641928,866.666666666666,433.33333333333314,438.2279777700574,453.4801856116383,480.9637144757215,524.4650176240758,591.135975482413,695.0127043641928,866.666666666666,433.33333333333314,438.2279777700574,453.4801856116383,480.9637144757215,524.4650176240758,591.135975482413,695.0127043641928,866.666666666666,433.33333333333314,438.2279777700574,453.4801856116383,480.9637144757215,524.4650176240758,591.135975482413,695.0127043641928,866.666666666666,433.33333333333314,438.2279777700574,453.4801856116383,480.9637144757215,524.4650176240758,591.135975482413,695.0127043641928,866.666666666666,433.33333333333314,438.2279777700574,453.4801856116383,480.9637144757215,524.4650176240758,591.135975482413,695.0127043641928,866.666666666666,433.33333333333314,438.2279777700574,453.4801856116383,480.9637144757215,524.4650176240758,591.135975482413,695.0127043641928,866.666666666666,3000.0,3000.0,3000.0,3000.0,3000.0,3000.0,3000.0,866.6666666666666,3000.0,3000.0,3000.0,3000.0,3000.0,3000.0,3000.0,866.6666666666666,3000.0,3000.0,3000.0,3000.0,3000.0,3000.0,3000.0,866.6666666666666,3000.0,3000.0,3000.0,3000.0,3000.0,3000.0,3000.0,866.6666666666666,3000.0,3000.0,3000.0,3000.0,3000.0,3000.0,3000.0,866.6666666666666,3000.0,3000.0,3000.0,3000.0,3000.0,3000.0,3000.0,866.6666666666666,3000.0,3000.0,3000.0,3000.0,3000.0,3000.0,3000.0,866.6666666666666,3000.0,3000.0,3000.0,3000.0,3000.0,3000.0,3000.0,866.6666666666666
9800,3000.0,3000.0,3000.0,3000.0,3000.0,3000.0,3000.0,3000.0,3000.0,3000.0,3000.0,3000.0,3000.0,3000.0,3000.0,3000.0,3000.0,3000.0,3000.0,3000.0,3000.0,3000.0,3000.0,3000.0,3000.0,3000.0,3000.0,3000.0,3000.0,3000.0,3000.0,3000.0,3000.0,3000.0,3000.0,3000.0,3000.0,3000.0,3000.0,3000.0,3000.0,3000.0,3000.0,3000.0,3000.0,3000.0,3000.0,3000.0,3000.0,3000.0,3000.0,3000.0,3000.0,3000.0,3000.0,3000.0,3000.0,3000.0,3000.0,3000.0,3000.0,3000.0,3000.0,3000.0,3000.0,3000.0,3000.0,3000.0,3000.0,3000.0,3000.0,3000.0,3000.0,3000.0,3000.0,3000.0,3000.0,3000.0,3000.0,3000.0,3000.0,3000.0,3000.0,3000.0,3000.0,3000.0,3000.0,3000.0,3000.0,3000.0,3000.0,3000.0,3000.0,3000.0,3000.0,3000.0,3000.0,3000.0,3000.0,3000.0,3000.0,3000.0,3000.0,3000.0,3000.0,3000.0,3000.0,3000.0,3000.0,3000.0,3000.0,3000.0,3000.0,3000.0,3000.0,3000.0,3000.0,3000.0,3000.0,3000.0,3000.0,3000.0,3000.0,3000.0,3000.0,3000.0,3000.0,3000.0,900.0000000000007,3000.0,3000.0,3000.0,3000.0,3000.0,3000.0,3000.0,900.0000000000007,3000.0,3000.0,3000.0,3000.0,3000.0,3000.0,3000.0,900.0000000000007,3000.0,3000.0,3000.0,3000.0,3000.0,3000.0,3000.0,900.0000000000007,3000.0,3000.0,3000.0,3000.0,3000.0,3000.0,3000.0,900.0000000000007,3000.0,3000.0,3000.0,3000.0,3000.0,3000.0,3000.0,900.0000000000007,3000.0,3000.0,3000.0,3000.0,3000.0,3000.0,3000.0,900.0000000000007,3000.0,3000.0,3000.0,3000.0,3000.0,3000.0,3000.0,900.0000000000007,3000.0,3000.0,3000.0,3000.0,3000.0,3000.0,3000.0,899.9999999999999,721.7439622243547,613.8719745394293,544.6367490711561,499.4623188786343,470.92173121208634,455.0828999919831,450.00000000000017,899.9999999999999,721.7439622243547,613.8719745394293,544.6367490711561,499.4623188786343,470.92173121208634,455.0828999919831,450.00000000000017,899.9999999999999,721.7439622243547,613.8719745394293,544.6367490711561,499.4623188786343,470.92173121208634,455.0828999919831,450.00000000000017,899.9999999999999,721.7439622243547,613.8719745394293,544.6367490711561,499.4623188786343,470.92173121208634,455.0828999919831,450.00000000000017,899.9999999999999,721.7439622243547,613.8719745394293,544.6367490711561,499.4623188786343,470.92173121208634,455.0828999919831,450.00000000000017,899.9999999999999,721.7439622243547,613.8719745394293,544.6367490711561,499.4623188786343,470.92173121208634,455.0828999919831,450.00000000000017,899.9999999999999,721.7439622243547,613.8719745394293,544.6367490711561,499.4623188786343,470.92173121208634,455.0828999919831,450.00000000000017,899.9999999999999,721.7439622243547,613.8719745394293,544.6367490711561,499.4623188786343,470.92173121208634,455.0828999919831,450.00000000000017,450.00000000000017,455.0828999919831,470.92173121208634,499.4623188786343,544.6367490711561,613.8719745394293,721.7439622243547,899.9999999999999,450.00000000000017,455.0828999919831,470.92173121208634,499.4623188786343,544.6367490711561,613.8719745394293,721.7439622243547,899.9999999999999,450.00000000000017,455.0828999919831,470.92173121208634,499.4623188786343,544.6367490711561,613.8719745394293,721.7439622243547,899.9999999999999,450.00000000000017,455.0828999919831,470.92173121208634,499.4623188786343,544.6367490711561,613.8719745394293,721.7439622243547,899.9999999999999,450.00000000000017,455.0828999919831,470.92173121208634,499.4623188786343,544.6367490711561,613.8719745394293,721.7439622243547,899.9999999999999,450.00000000000017,455.0828999919831,470.92173121208634,499.4623188786343,544.6367490711561,613.8719745394293,721.7439622243547,899.9999999999999,450.00000000000017,455.0828999919831,470.92173121208634,499.4623188786343,544.6367490711561,613.8719745394293,721.7439622243547,899.9999999999999,450.00000000000017,455.0828999919831,470.92173121208634,499.4623188786343,544.6367490711561,613.8719745394293,721.7439622243547,899.9999999999999,3000.0,3000.0,3000.0,3000.0,3000.0,3000.0,3000.0,900.0000000000007,3000.0,3000.0,3000.0,3000.0,3000.0,3000.0,3000.0,900.0000000000007,3000.0,3000.0,3000.0,3000.0,3000.0,3000.0,3000.0,900.0000000000007,3000.0,3000.0,3000.0,3000.0,3000.0,3000.0,3000.0,900.0000000000007,3000.0,3000.0,3000.0,3000.0,3000.0,3000.0,3000.0,900.0000000000007,3000.0,3000.0,3000.0,3000.0,3000.0,3000.0,3000.0,900.0000000000007,3000.0,3000.0,3000.0,3000.0,3000.0,3000.0,3000.0,900.0000000000007,3000.0,3000.0,3000.0,3000.0,3000.0,3000.0,3000.0,900.0000000000007
9867,3000.0,3000.0,3000.0,3000.0,3000.0,3000.0,3000.0,3000.0,3000.0,3000.0,3000.0,3000.0,3000.0,3000.0,3000.0,3000.0,3000.0,3000.0,3000.0,3000.0,3000.0,3000.0,3000.0,3000.0,3000.0,3000.0,3000.0,3000.0,3000.0,3000.0,3000.0,3000.0,3000.0,3000.0,3000.0,3000.0,3000.0,3000.0,3000.0,3000.0,3000.0,3000.0,3000.0,3000.0,3000.0,3000.0,3000.0,3000.0,3000.0,3000.0,3000.0,3000.0,3000.0,3000.0,3000.0,3000.0,3000.0,3000.0,3000.0,3000.0,3000.0,3000.0,3000.0,3000.0,3000.0,3000.0,3000.0,3000.0,3000.0,3000.0,3000.0,3000.0,3000.0,3000.0,3000.0,3000.0,3000.0,3000.0,3000.0,3000.0,3000.0,3000.0,3000.0,3000.0,3000.0,3000.0,3000.0,3000.0,3000.0,3000.0,3000.0,3000.0,3000.0,3000.0,3000.0,3000.0,3000.0,3000.0,3000.0,3000.0,3000.0,3000.0,3000.0,3000.0,3000.0,3000.0,3000.0,3000.0,3000.0,3000.0,3000.0,3000.0,3000.0,3000.0,3000.0,3000.0,3000.0,3000.0,3000.0,3000.0,3000.0,3000.0,3000.0,3000.0,3000.0,3000.0,3000.0,3000.0,3000.0,3000.0,3000.0,3000.0,3000.0,3000.0,3000.0,3000.0,3000.0,3000.0,3000.0,3000.0,3000.0,3000.0,3000.0,3000.0,3000.0,3000.0,3000.0,3000.0,3000.0,3000.0,3000.0,3000.0,3000.0,3000.0,3000.0,3000.0,3000.0,3000.0,3000.0,3000.0,3000.0,3000.0,3000.0,3000.0,3000.0,3000.0,3000.0,3000.0,3000.0,3000.0,3000.0,3000.0,3000.0,3000.0,3000.0,3000.0,3000.0,3000.0,3000.0,3000.0,3000.0,3000.0,3000.0,3000.0,3000.0,3000.0,3000.0,3000.0,3000.0,3000.0,3000.0,3000.0,3000.0,748.475220084516,636.6079735964452,564.8084805182359,517.9609232815467,488.36327681253397,471.93782221390836,466.6666666666668,3000.0,748.475220084516,636.6079735964452,564.8084805182359,517.9609232815467,488.36327681253397,471.93782221390836,466.6666666666668,3000.0,748.475220084516,636.6079735964452,564.8084805182359,517.9609232815467,488.36327681253397,471.93782221390836,466.6666666666668,3000.0,748.475220084516,636.6079735964452,564.8084805182359,517.9609232815467,488.36327681253397,471.93782221390836,466.6666666666668,3000.0,748.475220084516,636.6079735964452,564.8084805182359,517.9609232815467,488.36327681253397,471.93782221390836,466.6666666666668,3000.0,748.475220084516,636.6079735964452,564.8084805182359,517.9609232815467,488.36327681253397,471.93782221390836,466.6666666666668,3000.0,748.475220084516,636.6079735964452,564.8084805182359,517.9609232815467,488.36327681253397,471.93782221390836,466.6666666666668,3000.0,748.475220084516,636.6079735964452,564.8084805182359,517.9609232815467,488.36327681253397,471.93782221390836,466.6666666666668,466.6666666666668,471.93782221390836,488.36327681253397,517.9609232815467,564.8084805182359,636.6079735964452,748.475220084516,3000.0,466.6666666666668,471.93782221390836,488.36327681253397,517.9609232815467,564.8084805182359,636.6079735964452,748.475220084516,3000.0,466.6666666666668,471.93782221390836,488.36327681253397,517.9609232815467,564.8084805182359,636.6079735964452,748.475220084516,3000.0,466.6666666666668,471.93782221390836,488.36327681253397,517.9609232815467,564.8084805182359,636.6079735964452,748.475220084516,3000.0,466.6666666666668,471.93782221390836,488.36327681253397,517.9609232815467,564.8084805182359,636.6079735964452,748.475220084516,3000.0,466.6666666666668,471.93782221390836,488.36327681253397,517.9609232815467,564.8084805182359,636.6079735964452,748.475220084516,3000.0,466.6666666666668,471.93782221390836,488.36327681253397,517.9609232815467,564.8084805182359,636.6079735964452,748.475220084516,3000.0,466.6666666666668,471.93782221390836,488.36327681253397,517.9609232815467,564.8084805182359,636.6079735964452,748.475220084516,3000.0,3000.0,3000.0,3000.0,3000.0,3000.0,3000.0,3000.0,3000.0,3000.0,3000.0,3000.0,3000.0,3000.0,3000.0,3000.0,3000.0,3000.0,3000.0,3000.0,3000.0,3000.0,3000.0,3000.0,3000.0,3000.0,3000.0,3000.0,3000.0,3000.0,3000.0,3000.0,3000.0,3000.0,3000.0,3000.0,3000.0,3000.0,3000.0,3000.0,3000.0,3000.0,3000.0,3000.0,3000.0,3000.0,3000.0,3000.0,3000.0,3000.0,3000.0,3000.0,3000.0,3000.0,3000.0,3000.0,3000.0,3000.0,3000.0,3000.0,3000.0,3000.0,3000.0,3000.0,3000.0
9933,3000.0,3000.0,3000.0,3000.0,3000.0,3000.0,3000.0,3000.0,3000.0,3000.0,3000.0,3000.0,3000.0,3000.0,3000.0,3000.0,3000.0,3000.0,3000.0,3000.0,3000.0,3000.0,3000.0,3000.0,3000.0,3000.0,3000.0,3000.0,3000.0,3000.0,3000.0,3000.0,3000.0,3000.0,3000.0,3000.0,3000.0,3000.0,3000.0,3000.0,3000.0,3000.0,3000.0,3000.0,3000.0,3000.0,3000.0,3000.0,3000.0,3000.0,3000.0,3000.0,3000.0,3000.0,3000.0,3000.0,3000.0,3000.0,3000.0,3000.0,3000.0,3000.0,3000.0,3000.0,3000.0,3000.0,3000.0,3000.0,3000.0,3000.0,3000.0,3000.0,3000.0,3000.0,3000.0,3000.0,3000.0,3000.0,3000.0,3000.0,3000.0,3000.0,3000.0,3000.0,3000.0,3000.0,3000.0,3000.0,3000.0,3000.0,3000.0,3000.0,3000.0,3000.0,3000.0,3000.0,3000.0,3000.0,3000.0,3000.0,3000.0,3000.0,3000.0,3000.0,3000.0,3000.0,3000.0,3000.0,3000.0,3000.0,3000.0,3000.0,3000.0,3000.0,3000.0,3000.0,3000.0,3000.0,3000.0,3000.0,3000.0,3000.0,3000.0,3000.0,3000.0,3000.0,3000.0,3000.0,3000.0,3000.0,3000.0,3000.0,3000.0,3000.0,3000.0,3000.0,3000.0,3000.0,3000.0,3000.0,3000.0,3000.0,3000.0,3000.0,3000.0,3000.0,3000.0,3000.0,3000.0,3000.0,3000.0,3000.0,3000.0,3000.0,3000.0,3000.0,3000.0,3000.0,3000.0,3000.0,3000.0,3000.0,3000.0,3000.0,3000.0,3000.0,3000.0,3000.0,3000.0,3000.0,3000.0,3000.0,3000.0,3000.0,3000.0,3000.0,3000.0,3000.0,3000.0,3000.0,3000.0,3000.0,3000.0,3000.0,3000.0,3000.0,3000.0,3000.0,3000.0,3000.0,3000.0,3000.0,3000.0,775.2064779446771,659.3439726534609,584.9802119653157,536.459527684459,505.80482241298154,488.7927444358335,483.33333333333337,3000.0,775.2064779446771,659.3439726534609,584.9802119653157,536.459527684459,505.80482241298154,488.7927444358335,483.33333333333337,3000.0,775.2064779446771,659.3439726534609,584.9802119653157,536.459527684459,505.80482241298154,488.7927444358335,483.33333333333337,3000.0,775.2064779446771,659.3439726534609,584.9802119653157,536.459527684459,505.80482241298154,488.7927444358335,483.33333333333337,3000.0,775.2064779446771,659.3439726534609,584.9802119653157,536.459527684459,505.80482241298154,488.7927444358335,483.33333333333337,3000.0,775.2064779446771,659.3439726534609,584.9802119653157,536.459527684459,505.80482241298154,488.7927444358335,483.33333333333337,3000.0,775.2064779446771,659.3439726534609,584.9802119653157,536.459527684459,505.80482241298154,488.7927444358335,483.33333333333337,3000.0,775.2064779446771,659.3439726534609,584.9802119653157,536.459527684459,505.80482241298154,488.7927444358335,483.33333333333337,483.33333333333337,488.7927444358335,505.80482241298154,536.459527684459,584.9802119653157,659.3439726534609,775.2064779446771,3000.0,483.33333333333337,488.7927444358335,505.80482241298154,536.459527684459,584.9802119653157,659.3439726534609,775.2064779446771,3000.0,483.33333333333337,488.7927444358335,505.80482241298154,536.459527684459,584.9802119653157,659.3439726534609,775.2064779446771,3000.0,483.33333333333337,488.7927444358335,505.80482241298154,536.459527684459,584.9802119653157,659.3439726534609,775.2064779446771,3000.0,483.33333333333337,488.7927444358335,505.80482241298154,536.459527684459,584.9802119653157,659.3439726534609,775.2064779446771,3000.0,483.33333333333337,488.7927444358335,505.80482241298154,536.459527684459,584.9802119653157,659.3439726534609,775.2064779446771,3000.0,483.33333333333337,488.7927444358335,505.80482241298154,536.459527684459,584.9802119653157,659.3439726534609,775.2064779446771,3000.0,483.33333333333337,488.7927444358335,505.80482241298154,536.459527684459,584.9802119653157,659.3439726534609,775.2064779446771,3000.0,3000.0,3000.0,3000.0,3000.0,3000.0,3000.0,3000.0,3000.0,3000.0,3000.0,3000.0,3000.0,3000.0,3000.0,3000.0,3000.0,3000.0,3000.0,3000.0,3000.0,3000.0,3000.0,3000.0,3000.0,3000.0,3000.0,3000.0,3000.0,3000.0,3000.0,3000.0,3000.0,3000.0,3000.0,3000.0,3000.0,3000.0,3000.0,3000.0,3000.0,3000.0,3000.0,3000.0,3000.0,3000.0,3000.0,3000.0,3000.0,3000.0,3000.0,3000.0,3000.0,3000.0,3000.0,3000.0,3000.0,3000.0,3000.0,3000.0,3000.0,3000.0,3000.0,3000.0,3000.0
10000,3000.0,3000.0,3000.0,3000.0,3000.0,3000.0,3000.0,3000.0,3000.0,3000.0,3000.0,3000.0,3000.0,3000.0,3000.0,3000.0,3000.0,3000.0,3000.0,3000.0,3000.0,3000.0,3000.0,3000.0,3000.0,3000.0,3000.0,3000.0,3000.0,3000.0,3000.0,3000.0,3000.0,3000.0,3000.0,3000.0,3000.0,3000.0,3000.0,3000.0,3000.0,3000.0,3000.0,3000.0,3000.0,3000.0,3000.0,3000.0,3000.0,3000.0,3000.0,3000.0,3000.0,3000.0,3000.0,3000.0,3000.0,3000.0,3000.0,3000.0,3000.0,3000.0,3000.0,3000.0,3000.0,3000.0,3000.0,3000.0,3000.0,3000.0,3000.0,3000.0,3000.0,3000.0,3000.0,3000.0,3000.0,3000.0,3000.0,3000.0,3000.0,3000.0,3000.0,3000.0,3000.0,3000.0,3000.0,3000.0,3000.0,3000.0,3000.0,3000.0,3000.0,3000.0,3000.0,3000.0,3000.0,3000.0,3000.0,3000.0,3000.0,3000.0,3000.0,3000.0,3000.0,3000.0,3000.0,3000.0,3000.0,3000.0,3000.0,3000.0,3000.0,3000.0,3000.0,3000.0,3000.0,3000.0,3000.0,3000.0,3000.0,3000.0,3000.0,3000.0,3000.0,3000.0,3000.0,3000.0,3000.0,3000.0,3000.0,3000.0,3000.0,3000.0,3000.0,3000.0,3000.0,3000.0,3000.0,3000.0,3000.0,3000.0,3000.0,3000.0,3000.0,3000.0,3000.0,3000.0,3000.0,3000.0,3000.0,3000.0,3000.0,3000.0,3000.0,3000.0,3000.0,3000.0,3000.0,3000.0,3000.0,3000.0,3000.0,3000.0,3000.0,3000.0,3000.0,3000.0,3000.0,3000.0,3000.0,3000.0,3000.0,3000.0,3000.0,3000.0,3000.0,3000.0,3000.0,3000.0,3000.0,3000.0,3000.0,3000.0,3000.0,3000.0,3000.0,3000.0,3000.0,3000.0,3000.0,3000.0,3000.0,801.9377358048383,682.0799717104767,605.1519434123954,554.9581320873713,523.2463680134291,505.64766665775886,500.0,3000.0,801.9377358048383,682.0799717104767,605.1519434123954,554.9581320873713,523.2463680134291,505.64766665775886,500.0,3000.0,801.9377358048383,682.0799717104767,605.1519434123954,554.9581320873713,523.2463680134291,505.64766665775886,500.0,3000.0,801.9377358048383,682.0799717104767,605.1519434123954,554.9581320873713,523.2463680134291,505.64766665775886,500.0,3000.0,801.9377358048383,682.0799717104767,605.1519434123954,554.9581320873713,523.2463680134291,505.64766665775886,500.0,3000.0,801.9377358048383,682.0799717104767,605.1519434123954,554.9581320873713,523.2463680134291,505.64766665775886,500.0,3000.0,801.9377358048383,682.0799717104767,605.1519434123954,554.9581320873713,523.2463680134291,505.64766665775886,500.0,3000.0,801.9377358048383,682.0799717104767,605.1519434123954,554.9581320873713,523.2463680134291,505.64766665775886,500.0,500.0,505.64766665775886,523.2463680134291,554.9581320873713,605.1519434123954,682.0799717104767,801.9377358048383,3000.0,500.0,505.64766665775886,523.2463680134291,554.9581320873713,605.1519434123954,682.0799717104767,801.9377358048383,3000.0,500.0,505.64766665775886,523.2463680134291,554.9581320873713,605.1519434123954,682.0799717104767,801.9377358048383,3000.0,500.0,505.64766665775886,523.2463680134291,554.9581320873713,605.1519434123954,682.0799717104767,801.9377358048383,3000.0,500.0,505.64766665775886,523.2463680134291,554.9581320873713,605.1519434123954,682.0799717104767,801.9377358048383,3000.0,500.0,505.64766665775886,523.2463680134291,554.9581320873713,605.1519434123954,682.0799717104767,801.9377358048383,3000.0,500.0,505.64766665775886,523.2463680134291,554.9581320873713,605.1519434123954,682.0799717104767,801.9377358048383,3000.0,500.0,505.64766665775886,523.2463680134291,554.9581320873713,605.1519434123954,682.0799717104767,801.9377358048383,3000.0,3000.0,3000.0,3000.0,3000.0,3000.0,3000.0,3000.0,3000.0,3000.0,3000.0,3000.0,3000.0,3000.0,3000.0,3000.0,3000.0,3000.0,3000.0,3000.0,3000.0,3000.0,3000.0,3000.0,3000.0,3000.0,3000.0,3000.0,3000.0,3000.0,3000.0,3000.0,3000.0,3000.0,3000.0,3000.0,3000.0,3000.0,3000.0,3000.0,3000.0,3000.0,3000.0,3000.0,3000.0,3000.0,3000.0,3000.0,3000.0,3000.0,3000.0,3000.0,3000.0,3000.0,3000.0,3000.0,3000.0,3000.0,3000.0,3000.0,3000.0,3000.0,3000.0,3000.0,3000.0
10067,3000.0,3000.0,3000.0,3000.0,3000.0,3000.0,3000.0,3000.0,3000.0,3000.0,3000.0,3000.0,3000.0,3000.0,3000.0,3000.0,3000.0,3000.0,3000.0,3000.0,3000.0,3000.0,3000.0,3000.0,3000.0,3000.0,3000.0,3000.0,3000.0,3000.0,3000.0,3000.0,3000.0,3000.0,3000.0,3000.0,3000.0,3000.0,3000.0,3000.0,3000.0,3000.0,3000.0,3000.0,3000.0,3000.0,3000.0,3000.0,3000.0,3000.0,3000.0,3000.0,3000.0,3000.0,3000.0,3000.0,3000.0,3000.0,3000.0,3000.0,3000.0,3000.0,3000.0,3000.0,3000.0,3000.0,3000.0,3000.0,3000.0,3000.0,3000.0,3000.0,3000.0,3000.0,3000.0,3000.0,3000.0,3000.0,3000.0,3000.0,3000.0,3000.0,3000.0,3000.0,3000.0,3000.0,3000.0,3000.0,3000.0,3000.0,3000.0,3000.0,3000.0,3000.0,3000.0,3000.0,3000.0,3000.0,3000.0,3000.0,3000.0,3000.0,3000.0,3000.0,3000.0,3000.0,3000.0,3000.0,3000.0,3000.0,3000.0,3000.0,3000.0,3000.0,3000.0,3000.0,3000.0,3000.0,3000.0,3000.0,3000.0,3000.0,3000.0,3000.0,3000.0,3000.0,3000.0,3000.0,3000.0,3000.0,3000.0,3000.0,3000.0,3000.0,3000.0,3000.0,3000.0,3000.0,3000.0,3000.0,3000.0,3000.0,3000.0,3000.0,3000.0,3000.0,3000.0,3000.0,3000.0,3000.0,3000.0,3000.0,3000.0,3000.0,3000.0,3000.0,3000.0,3000.0,3000.0,3000.0,3000.0,3000.0,3000.0,3000.0,3000.0,3000.0,3000.0,3000.0,3000.0,3000.0,3000.0,3000.0,3000.0,3000.0,3000.0,3000.0,3000.0,3000.0,3000.0,3000.0,3000.0,3000.0,3000.0,3000.0,3000.0,3000.0,3000.0,3000.0,3000.0,3000.0,3000.0,3000.0,3000.0,828.6689936649996,704.8159707674927,625.3236748594753,573.4567364902834,540.6879136138767,522.502588879684,516.6666666666666,3000.0,828.6689936649996,704.8159707674927,625.3236748594753,573.4567364902834,540.6879136138767,522.502588879684,516.6666666666666,3000.0,828.6689936649996,704.8159707674927,625.3236748594753,573.4567364902834,540.6879136138767,522.502588879684,516.6666666666666,3000.0,828.6689936649996,704.8159707674927,625.3236748594753,573.4567364902834,540.6879136138767,522.502588879684,516.6666666666666,3000.0,828.6689936649996,704.8159707674927,625.3236748594753,573.4567364902834,540.6879136138767,522.502588879684,516.6666666666666,3000.0,828.6689936649996,704.8159707674927,625.3236748594753,573.4567364902834,540.6879136138767,522.502588879684,516.6666666666666,3000.0,828.6689936649996,704.8159707674927,625.3236748594753,573.4567364902834,540.6879136138767,522.502588879684,516.6666666666666,3000.0,828.6689936649996,704.8159707674927,625.3236748594753,573.4567364902834,540.6879136138767,522.502588879684,516.6666666666666,516.6666666666666,522.502588879684,540.6879136138767,573.4567364902834,625.3236748594753,704.8159707674927,828.6689936649996,3000.0,516.6666666666666,522.502588879684,540.6879136138767,573.4567364902834,625.3236748594753,704.8159707674927,828.6689936649996,3000.0,516.6666666666666,522.502588879684,540.6879136138767,573.4567364902834,625.3236748594753,704.8159707674927,828.6689936649996,3000.0,516.6666666666666,522.502588879684,540.6879136138767,573.4567364902834,625.3236748594753,704.8159707674927,828.6689936649996,3000.0,516.6666666666666,522.502588879684,540.6879136138767,573.4567364902834,625.3236748594753,704.8159707674927,828.6689936649996,3000.0,516.6666666666666,522.502588879684,540.6879136138767,573.4567364902834,625.3236748594753,704.8159707674927,828.6689936649996,3000.0,516.6666666666666,522.502588879684,540.6879136138767,573.4567364902834,625.3236748594753,704.8159707674927,828.6689936649996,3000.0,516.6666666666666,522.502588879684,540.6879136138767,573.4567364902834,625.3236748594753,704.8159707674927,828.6689936649996,3000.0,3000.0,3000.0,3000.0,3000.0,3000.0,3000.0,3000.0,3000.0,3000.0,3000.0,3000.0,3000.0,3000.0,3000.0,3000.0,3000.0,3000.0,3000.0,3000.0,3000.0,3000.0,3000.0,3000.0,3000.0,3000.0,3000.0,3000.0,3000.0,3000.0,3000.0,3000.0,3000.0,3000.0,3000.0,3000.0,3000.0,3000.0,3000.0,3000.0,3000.0,3000.0,3000.0,3000.0,3000.0,3000.0,3000.0,3000.0,3000.0,3000.0,3000.0,3000.0,3000.0,3000.0,3000.0,3000.0,3000.0,3000.0,3000.0,3000.0,3000.0,3000.0,3000.0,3000.0,3000.0
10133,3000.0,3000.0,3000.0,3000.0,3000.0,3000.0,3000.0,3000.0,3000.0,3000.0,3000.0,3000.0,3000.0,3000.0,3000.0,3000.0,3000.0,3000.0,3000.0,3000.0,3000.0,3000.0,3000.0,3000.0,3000.0,3000.0,3000.0,3000.0,3000.0,3000.0,3000.0,3000.0,3000.0,3000.0,3000.0,3000.0,3000.0,3000.0,3000.0,3000.0,3000.0,3000.0,3000.0,3000.0,3000.0,3000.0,3000.0,3000.0,3000.0,3000.0,3000.0,3000.0,3000.0,3000.0,3000.0,3000.0,3000.0,3000.0,3000.0,3000.0,3000.0,3000.0,3000.0,3000.0,3000.0,3000.0,3000.0,3000.0,3000.0,3000.0,3000.0,3000.0,3000.0,3000.0,3000.0,3000.0,3000.0,3000.0,3000.0,3000.0,3000.0,3000.0,3000.0,3000.0,3000.0,3000.0,3000.0,3000.0,3000.0,3000.0,3000.0,3000.0,3000.0,3000.0,3000.0,3000.0,3000.0,3000.0,3000.0,3000.0,3000.0,3000.0,3000.0,3000.0,3000.0,3000.0,3000.0,3000.0,3000.0,3000.0,3000.0,3000.0,3000.0,3000.0,3000.0,3000.0,3000.0,3000.0,3000.0,3000.0,3000.0,3000.0,3000.0,3000.0,3000.0,3000.0,3000.0,3000.0,3000.0,3000.0,3000.0,3000.0,3000.0,3000.0,3000.0,3000.0,3000.0,3000.0,3000.0,3000.0,3000.0,3000.0,3000.0,3000.0,3000.0,3000.0,3000.0,3000.0,3000.0,3000.0,3000.0,3000.0,3000.0,3000.0,3000.0,3000.0,3000.0,3000.0,3000.0,3000.0,3000.0,3000.0,3000.0,3000.0,3000.0,3000.0,3000.0,3000.0,3000.0,3000.0,3000.0,3000.0,3000.0,3000.0,3000.0,3000.0,3000.0,3000.0,3000.0,3000.0,3000.0,3000.0,3000.0,3000.0,3000.0,3000.0,3000.0,3000.0,3000.0,3000.0,3000.0,3000.0,3000.0,855.4002515251607,727.5519698245084,645.495406306555,591.9553408931957,558.1294592143242,539.3575111016092,533.3333333333333,3000.0,855.4002515251607,727.5519698245084,645.495406306555,591.9553408931957,558.1294592143242,539.3575111016092,533.3333333333333,3000.0,855.4002515251607,727.5519698245084,645.495406306555,591.9553408931957,558.1294592143242,539.3575111016092,533.3333333333333,3000.0,855.4002515251607,727.5519698245084,645.495406306555,591.9553408931957,558.1294592143242,539.3575111016092,533.3333333333333,3000.0,855.4002515251607,727.5519698245084,645.495406306555,591.9553408931957,558.1294592143242,539.3575111016092,533.3333333333333,3000.0,855.4002515251607,727.5519698245084,645.495406306555,591.9553408931957,558.1294592143242,539.3575111016092,533.3333333333333,3000.0,855.4002515251607,727.5519698245084,645.495406306555,591.9553408931957,558.1294592143242,539.3575111016092,533.3333333333333,3000.0,855.4002515251607,727.5519698245084,645.495406306555,591.9553408931957,558.1294592143242,539.3575111016092,533.3333333333333,533.3333333333333,539.3575111016092,558.1294592143242,591.9553408931957,645.495406306555,727.5519698245084,855.4002515251607,3000.0,533.3333333333333,539.3575111016092,558.1294592143242,591.9553408931957,645.495406306555,727.5519698245084,855.4002515251607,3000.0,533.3333333333333,539.3575111016092,558.1294592143242,591.9553408931957,645.495406306555,727.5519698245084,855.4002515251607,3000.0,533.3333333333333,539.3575111016092,558.1294592143242,591.9553408931957,645.495406306555,727.5519698245084,855.4002515251607,3000.0,533.3333333333333,539.3575111016092,558.1294592143242,591.9553408931957,645.495406306555,727.5519698245084,855.4002515251607,3000.0,533.3333333333333,539.3575111016092,558.1294592143242,591.9553408931957,645.495406306555,727.5519698245084,855.4002515251607,3000.0,533.3333333333333,539.3575111016092,558.1294592143242,591.9553408931957,645.495406306555,727.5519698245084,855.4002515251607,3000.0,533.3333333333333,539.3575111016092,558.1294592143242,591.9553408931957,645.495406306555,727.5519698245084,855.4002515251607,3000.0,3000.0,3000.0,3000.0,3000.0,3000.0,3000.0,3000.0,3000.0,3000.0,3000.0,3000.0,3000.0,3000.0,3000.0,3000.0,3000.0,3000.0,3000.0,3000.0,3000.0,3000.0,3000.0,3000.0,3000.0,3000.0,3000.0,3000.0,3000.0,3000.0,3000.0,3000.0,3000.0,3000.0,3000.0,3000.0,3000.0,3000.0,3000.0,3000.0,3000.0,3000.0,3000.0,3000.0,3000.0,3000.0,3000.0,3000.0,3000.0,3000.0,3000.0,3000.0,3000.0,3000.0,3000.0,3000.0,3000.0,3000.0,3000.0,3000.0,3000.0,3000.0,3000.0,3000.0,3000.0
10200,3000.0,3000.0,3000.0,3000.0,3000.0,3000.0,3000.0,3000.0,3000.0,3000.0,3000.0,3000.0,3000.0,3000.0,3000.0,3000.0,3000.0,3000.0,3000.0,3000.0,3000.0,3000.0,3000.0,3000.0,3000.0,3000.0,3000.0,3000.0,3000.0,3000.0,3000.0,3000.0,3000.0,3000.0,3000.0,3000.0,3000.0,3000.0,3000.0,3000.0,3000.0,3000.0,3000.0,3000.0,3000.0,3000.0,3000.0,3000.0,3000.0,3000.0,3000.0,3000.0,3000.0,3000.0,3000.0,3000.0,3000.0,3000.0,3000.0,3000.0,3000.0,3000.0,3000.0,3000.0,3000.0,3000.0,3000.0,3000.0,3000.0,3000.0,3000.0,3000.0,3000.0,3000.0,3000.0,3000.0,3000.0,3000.0,3000.0,3000.0,3000.0,3000.0,3000.0,3000.0,3000.0,3000.0,3000.0,3000.0,3000.0,3000.0,3000.0,3000.0,3000.0,3000.0,3000.0,3000.0,3000.0,3000.0,3000.0,3000.0,3000.0,3000.0,3000.0,3000.0,3000.0,3000.0,3000.0,3000.0,3000.0,3000.0,3000.0,3000.0,3000.0,3000.0,3000.0,3000.0,3000.0,3000.0,3000.0,3000.0,3000.0,3000.0,3000.0,3000.0,3000.0,3000.0,3000.0,3000.0,3000.0,3000.0,3000.0,3000.0,3000.0,3000.0,3000.0,3000.0,3000.0,3000.0,3000.0,3000.0,3000.0,3000.0,3000.0,3000.0,3000.0,3000.0,3000.0,3000.0,3000.0,3000.0,3000.0,3000.0,3000.0,3000.0,3000.0,3000.0,3000.0,3000.0,3000.0,3000.0,3000.0,3000.0,3000.0,3000.0,3000.0,3000.0,3000.0,3000.0,3000.0,3000.0,3000.0,3000.0,3000.0,3000.0,3000.0,3000.0,3000.0,3000.0,3000.0,3000.0,3000.0,3000.0,3000.0,3000.0,3000.0,3000.0,3000.0,3000.0,3000.0,3000.0,3000.0,3000.0,3000.0,882.1315093853219,750.2879688815243,665.6671377536348,610.4539452961081,575.5710048147719,556.2124333235346,549.9999999999998,3000.0,882.1315093853219,750.2879688815243,665.6671377536348,610.4539452961081,575.5710048147719,556.2124333235346,549.9999999999998,3000.0,882.1315093853219,750.2879688815243,665.6671377536348,610.4539452961081,575.5710048147719,556.2124333235346,549.9999999999998,3000.0,882.1315093853219,750.2879688815243,665.6671377536348,610.4539452961081,575.5710048147719,556.2124333235346,549.9999999999998,3000.0,882.1315093853219,750.2879688815243,665.6671377536348,610.4539452961081,575.5710048147719,556.2124333235346,549.9999999999998,3000.0,882.1315093853219,750.2879688815243,665.6671377536348,610.4539452961081,575.5710048147719,556.2124333235346,549.9999999999998,3000.0,882.1315093853219,750.2879688815243,665.6671377536348,610.4539452961081,575.5710048147719,556.2124333235346,549.9999999999998,3000.0,882.1315093853219,750.2879688815243,665.6671377536348,610.4539452961081,575.5710048147719,556.2124333235346,549.9999999999998,549.9999999999998,556.2124333235346,575.5710048147719,610.4539452961081,665.6671377536348,750.2879688815243,882.1315093853219,3000.0,549.9999999999998,556.2124333235346,575.5710048147719,610.4539452961081,665.6671377536348,750.2879688815243,882.1315093853219,3000.0,549.9999999999998,556.2124333235346,575.5710048147719,610.4539452961081,665.6671377536348,750.2879688815243,882.1315093853219,3000.0,549.9999999999998,556.2124333235346,575.5710048147719,610.4539452961081,665.6671377536348,750.2879688815243,882.1315093853219,3000.0,549.9999999999998,556.2124333235346,575.5710048147719,610.4539452961081,665.6671377536348,750.2879688815243,882.1315093853219,3000.0,549.9999999999998,556.2124333235346,575.5710048147719,610.4539452961081,665.6671377536348,750.2879688815243,882.1315093853219,3000.0,549.9999999999998,556.2124333235346,575.5710048147719,610.4539452961081,665.6671377536348,750.2879688815243,882.1315093853219,3000.0,549.9999999999998,556.2124333235346,575.5710048147719,610.4539452961081,665.6671377536348,750.2879688815243,882.1315093853219,3000.0,3000.0,3000.0,3000.0,3000.0,3000.0,3000.0,3000.0,3000.0,3000.0,3000.0,3000.0,3000.0,3000.0,3000.0,3000.0,3000.0,3000.0,3000.0,3000.0,3000.0,3000.0,3000.0,3000.0,3000.0,3000.0,3000.0,3000.0,3000.0,3000.0,3000.0,3000.0,3000.0,3000.0,3000.0,3000.0,3000.0,3000.0,3000.0,3000.0,3000.0,3000.0,3000.0,3000.0,3000.0,3000.0,3000.0,3000.0,3000.0,3000.0,3000.0,3000.0,3000.0,3000.0,3000.0,3000.0,3000.0,3000.0,3000.0,3000.0,3000.0,3000.0,3000.0,3000.0,3000.0
10267,3000.0,3000.0,3000.0,3000.0,3000.0,3000.0,3000.0,3000.0,3000.0,3000.0,3000.0,3000.0,3000.0,3000.0,3000.0,3000.0,3000.0,3000.0,3000.0,3000.0,3000.0,3000.0,3000.0,3000.0,3000.0,3000.0,3000.0,3000.0,3000.0,3000.0,3000.0,3000.0,3000.0,3000.0,3000.0,3000.0,3000.0,3000.0,3000.0,3000.0,3000.0,3000.0,3000.0,3000.0,3000.0,3000.0,3000.0,3000.0,3000.0,3000.0,3000.0,3000.0,3000.0,3000.0,3000.0,3000.0,3000.0,3000.0,3000.0,3000.0,3000.0,3000.0,3000.0,3000.0,3000.0,3000.0,3000.0,3000.0,3000.0,3000.0,3000.0,3000.0,3000.0,3000.0,3000.0,3000.0,3000.0,3000.0,3000.0,3000.0,3000.0,3000.0,3000.0,3000.0,3000.0,3000.0,3000.0,3000.0,3000.0,3000.0,3000.0,3000.0,3000.0,3000.0,3000.0,3000.0,3000.0,3000.0,3000.0,3000.0,3000.0,3000.0,3000.0,3000.0,3000.0,3000.0,3000.0,3000.0,3000.0,3000.0,3000.0,3000.0,3000.0,3000.0,3000.0,3000.0,3000.0,3000.0,3000.0,3000.0,3000.0,3000.0,3000.0,3000.0,3000.0,3000.0,3000.0,3000.0,3000.0,3000.0,3000.0,3000.0,3000.0,3000.0,3000.0,3000.0,3000.0,3000.0,3000.0,3000.0,3000.0,3000.0,3000.0,3000.0,3000.0,3000.0,3000.0,3000.0,3000.0,3000.0,3000.0,3000.0,3000.0,3000.0,3000.0,3000.0,3000.0,3000.0,3000.0,3000.0,3000.0,3000.0,3000.0,3000.0,3000.0,3000.0,3000.0,3000.0,3000.0,3000.0,3000.0,3000.0,3000.0,3000.0,3000.0,3000.0,3000.0,3000.0,3000.0,3000.0,3000.0,3000.0,3000.0,3000.0,3000.0,3000.0,3000.0,3000.0,3000.0,3000.0,3000.0,3000.0,3000.0,908.8627672454837,773.0239679385406,685.8388692007152,628.9525496990209,593.0125504152198,573.0673555454601,566.6666666666669,3000.0,908.8627672454837,773.0239679385406,685.8388692007152,628.9525496990209,593.0125504152198,573.0673555454601,566.6666666666669,3000.0,908.8627672454837,773.0239679385406,685.8388692007152,628.9525496990209,593.0125504152198,573.0673555454601,566.6666666666669,3000.0,908.8627672454837,773.0239679385406,685.8388692007152,628.9525496990209,593.0125504152198,573.0673555454601,566.6666666666669,3000.0,908.8627672454837,773.0239679385406,685.8388692007152,628.9525496990209,593.0125504152198,573.0673555454601,566.6666666666669,3000.0,908.8627672454837,773.0239679385406,685.8388692007152,628.9525496990209,593.0125504152198,573.0673555454601,566.6666666666669,3000.0,908.8627672454837,773.0239679385406,685.8388692007152,628.9525496990209,593.0125504152198,573.0673555454601,566.6666666666669,3000.0,908.8627672454837,773.0239679385406,685.8388692007152,628.9525496990209,593.0125504152198,573.0673555454601,566.6666666666669,566.6666666666669,573.0673555454601,593.0125504152198,628.9525496990209,685.8388692007152,773.0239679385406,908.8627672454837,3000.0,566.6666666666669,573.0673555454601,593.0125504152198,628.9525496990209,685.8388692007152,773.0239679385406,908.8627672454837,3000.0,566.6666666666669,573.0673555454601,593.0125504152198,628.9525496990209,685.8388692007152,773.0239679385406,908.8627672454837,3000.0,566.6666666666669,573.0673555454601,593.0125504152198,628.9525496990209,685.8388692007152,773.0239679385406,908.8627672454837,3000.0,566.6666666666669,573.0673555454601,593.0125504152198,628.9525496990209,685.8388692007152,773.0239679385406,908.8627672454837,3000.0,566.6666666666669,573.0673555454601,593.0125504152198,628.9525496990209,685.8388692007152,773.0239679385406,908.8627672454837,3000.0,566.6666666666669,573.0673555454601,593.0125504152198,628.9525496990209,685.8388692007152,773.0239679385406,908.8627672454837,3000.0,566.6666666666669,573.0673555454601,593.0125504152198,628.9525496990209,685.8388692007152,773.0239679385406,908.8627672454837,3000.0,3000.0,3000.0,3000.0,3000.0,3000.0,3000.0,3000.0,3000.0,3000.0,3000.0,3000.0,3000.0,3000.0,3000.0,3000.0,3000.0,3000.0,3000.0,3000.0,3000.0,3000.0,3000.0,3000.0,3000.0,3000.0,3000.0,3000.0,3000.0,3000.0,3000.0,3000.0,3000.0,3000.0,3000.0,3000.0,3000.0,3000.0,3000.0,3000.0,3000.0,3000.0,3000.0,3000.0,3000.0,3000.0,3000.0,3000.0,3000.0,3000.0,3000.0,3000.0,3000.0,3000.0,3000.0,3000.0,3000.0,3000.0,3000.0,3000.0,3000.0,3000.0,3000.0,3000.0,3000.0
10333,3000.0,3000.0,3000.0,3000.0,3000.0,3000.0,3000.0,3000.0,3000.0,3000.0,3000.0,3000.0,3000.0,3000.0,3000.0,3000.0,3000.0,3000.0,3000.0,3000.0,3000.0,3000.0,3000.0,3000.0,3000.0,3000.0,3000.0,3000.0,3000.0,3000.0,3000.0,3000.0,3000.0,3000.0,3000.0,3000.0,3000.0,3000.0,3000.0,3000.0,3000.0,3000.0,3000.0,3000.0,3000.0,3000.0,3000.0,3000.0,3000.0,3000.0,3000.0,3000.0,3000.0,3000.0,3000.0,3000.0,3000.0,3000.0,3000.0,3000.0,3000.0,3000.0,3000.0,3000.0,3000.0,3000.0,3000.0,3000.0,3000.0,3000.0,3000.0,3000.0,3000.0,3000.0,3000.0,3000.0,3000.0,3000.0,3000.0,3000.0,3000.0,3000.0,3000.0,3000.0,3000.0,3000.0,3000.0,3000.0,3000.0,3000.0,3000.0,3000.0,3000.0,3000.0,3000.0,3000.0,3000.0,3000.0,3000.0,3000.0,3000.0,3000.0,3000.0,3000.0,3000.0,3000.0,3000.0,3000.0,3000.0,3000.0,3000.0,3000.0,3000.0,3000.0,3000.0,3000.0,3000.0,3000.0,3000.0,3000.0,3000.0,3000.0,3000.0,3000.0,3000.0,3000.0,3000.0,3000.0,3000.0,3000.0,3000.0,3000.0,3000.0,3000.0,3000.0,3000.0,3000.0,3000.0,3000.0,3000.0,3000.0,3000.0,3000.0,3000.0,3000.0,3000.0,3000.0,3000.0,3000.0,3000.0,3000.0,3000.0,3000.0,3000.0,3000.0,3000.0,3000.0,3000.0,3000.0,3000.0,3000.0,3000.0,3000.0,3000.0,3000.0,3000.0,3000.0,3000.0,3000.0,3000.0,3000.0,3000.0,3000.0,3000.0,3000.0,3000.0,3000.0,3000.0,3000.0,3000.0,3000.0,3000.0,3000.0,3000.0,3000.0,3000.0,3000.0,3000.0,3000.0,3000.0,3000.0,3000.0,3000.0,935.594025105645,795.7599669955564,706.0106006477948,647.4511541019332,610.4540960156673,589.9222777673854,583.3333333333335,3000.0,935.594025105645,795.7599669955564,706.0106006477948,647.4511541019332,610.4540960156673,589.9222777673854,583.3333333333335,3000.0,935.594025105645,795.7599669955564,706.0106006477948,647.4511541019332,610.4540960156673,589.9222777673854,583.3333333333335,3000.0,935.594025105645,795.7599669955564,706.0106006477948,647.4511541019332,610.4540960156673,589.9222777673854,583.3333333333335,3000.0,935.594025105645,795.7599669955564,706.0106006477948,647.4511541019332,610.4540960156673,589.9222777673854,583.3333333333335,3000.0,935.594025105645,795.7599669955564,706.0106006477948,647.4511541019332,610.4540960156673,589.9222777673854,583.3333333333335,3000.0,935.594025105645,795.7599669955564,706.0106006477948,647.4511541019332,610.4540960156673,589.9222777673854,583.3333333333335,3000.0,935.594025105645,795.7599669955564,706.0106006477948,647.4511541019332,610.4540960156673,589.9222777673854,583.3333333333335,583.3333333333335,589.9222777673854,610.4540960156673,647.4511541019332,706.0106006477948,795.7599669955564,935.594025105645,3000.0,583.3333333333335,589.9222777673854,610.4540960156673,647.4511541019332,706.0106006477948,795.7599669955564,935.594025105645,3000.0,583.3333333333335,589.9222777673854,610.4540960156673,647.4511541019332,706.0106006477948,795.7599669955564,935.594025105645,3000.0,583.3333333333335,589.9222777673854,610.4540960156673,647.4511541019332,706.0106006477948,795.7599669955564,935.594025105645,3000.0,583.3333333333335,589.9222777673854,610.4540960156673,647.4511541019332,706.0106006477948,795.7599669955564,935.594025105645,3000.0,583.3333333333335,589.9222777673854,610.4540960156673,647.4511541019332,706.0106006477948,795.7599669955564,935.594025105645,3000.0,583.3333333333335,589.9222777673854,610.4540960156673,647.4511541019332,706.0106006477948,795.7599669955564,935.594025105645,3000.0,583.3333333333335,589.9222777673854,610.4540960156673,647.4511541019332,706.0106006477948,795.7599669955564,935.594025105645,3000.0,3000.0,3000.0,3000.0,3000.0,3000.0,3000.0,3000.0,3000.0,3000.0,3000.0,3000.0,3000.0,3000.0,3000.0,3000.0,3000.0,3000.0,3000.0,3000.0,3000.0,3000.0,3000.0,3000.0,3000.0,3000.0,3000.0,3000.0,3000.0,3000.0,3000.0,3000.0,3000.0,3000.0,3000.0,3000.0,3000.0,3000.0,3000.0,3000.0,3000.0,3000.0,3000.0,3000.0,3000.0,3000.0,3000.0,3000.0,3000.0,3000.0,3000.0,3000.0,3000.0,3000.0,3000.0,3000.0,3000.0,3000.0,3000.0,3000.0,3000.0,3000.0,3000.0,3000.0,3000.0
10400,3000.0,3000.0,3000.0,3000.0,3000.0,3000.0,3000.0,3000.0,3000.0,3000.0,3000.0,3000.0,3000.0,3000.0,3000.0,3000.0,3000.0,3000.0,3000.0,3000.0,3000.0,3000.0,3000.0,3000.0,3000.0,3000.0,3000.0,3000.0,3000.0,3000.0,3000.0,3000.0,3000.0,3000.0,3000.0,3000.0,3000.0,3000.0,3000.0,3000.0,3000.0,3000.0,3000.0,3000.0,3000.0,3000.0,3000.0,3000.0,3000.0,3000.0,3000.0,3000.0,3000.0,3000.0,3000.0,3000.0,3000.0,3000.0,3000.0,3000.0,3000.0,3000.0,3000.0,3000.0,3000.0,3000.0,3000.0,3000.0,3000.0,3000.0,3000.0,3000.0,3000.0,3000.0,3000.0,3000.0,3000.0,3000.0,3000.0,3000.0,3000.0,3000.0,3000.0,3000.0,3000.0,3000.0,3000.0,3000.0,3000.0,3000.0,3000.0,3000.0,3000.0,3000.0,3000.0,3000.0,3000.0,3000.0,3000.0,3000.0,3000.0,3000.0,3000.0,3000.0,3000.0,3000.0,3000.0,3000.0,3000.0,3000.0,3000.0,3000.0,3000.0,3000.0,3000.0,3000.0,3000.0,3000.0,3000.0,3000.0,3000.0,3000.0,3000.0,3000.0,3000.0,3000.0,3000.0,3000.0,3000.0,3000.0,3000.0,3000.0,3000.0,3000.0,3000.0,3000.0,3000.0,3000.0,3000.0,3000.0,3000.0,3000.0,3000.0,3000.0,3000.0,3000.0,3000.0,3000.0,3000.0,3000.0,3000.0,3000.0,3000.0,3000.0,3000.0,3000.0,3000.0,3000.0,3000.0,3000.0,3000.0,3000.0,3000.0,3000.0,3000.0,3000.0,3000.0,3000.0,3000.0,3000.0,3000.0,3000.0,3000.0,3000.0,3000.0,3000.0,3000.0,3000.0,3000.0,3000.0,3000.0,3000.0,3000.0,3000.0,3000.0,3000.0,3000.0,3000.0,3000.0,3000.0,3000.0,3000.0,3000.0,962.3252829658061,818.4959660525723,726.1823320948747,665.9497585048455,627.895641616115,606.7771999893107,600.0000000000001,3000.0,962.3252829658061,818.4959660525723,726.1823320948747,665.9497585048455,627.895641616115,606.7771999893107,600.0000000000001,3000.0,962.3252829658061,818.4959660525723,726.1823320948747,665.9497585048455,627.895641616115,606.7771999893107,600.0000000000001,3000.0,962.3252829658061,818.4959660525723,726.1823320948747,665.9497585048455,627.895641616115,606.7771999893107,600.0000000000001,3000.0,962.3252829658061,818.4959660525723,726.1823320948747,665.9497585048455,627.895641616115,606.7771999893107,600.0000000000001,3000.0,962.3252829658061,818.4959660525723,726.1823320948747,665.9497585048455,627.895641616115,606.7771999893107,600.0000000000001,3000.0,962.3252829658061,818.4959660525723,726.1823320948747,665.9497585048455,627.895641616115,606.7771999893107,600.0000000000001,3000.0,962.3252829658061,818.4959660525723,726.1823320948747,665.9497585048455,627.895641616115,606.7771999893107,600.0000000000001,600.0000000000001,606.7771999893107,627.895641616115,665.9497585048455,726.1823320948747,818.4959660525723,962.3252829658061,3000.0,600.0000000000001,606.7771999893107,627.895641616115,665.9497585048455,726.1823320948747,818.4959660525723,962.3252829658061,3000.0,600.0000000000001,606.7771999893107,627.895641616115,665.9497585048455,726.1823320948747,818.4959660525723,962.3252829658061,3000.0,600.0000000000001,606.7771999893107,627.895641616115,665.9497585048455,726.1823320948747,818.4959660525723,962.3252829658061,3000.0,600.0000000000001,606.7771999893107,627.895641616115,665.9497585048455,726.1823320948747,818.4959660525723,962.3252829658061,3000.0,600.0000000000001,606.7771999893107,627.895641616115,665.9497585048455,726.1823320948747,818.4959660525723,962.3252829658061,3000.0,600.0000000000001,606.7771999893107,627.895641616115,665.9497585048455,726.1823320948747,818.4959660525723,962.3252829658061,3000.0,600.0000000000001,606.7771999893107,627.895641616115,665.9497585048455,726.1823320948747,818.4959660525723,962.3252829658061,3000.0,3000.0,3000.0,3000.0,3000.0,3000.0,3000.0,3000.0,3000.0,3000.0,3000.0,3000.0,3000.0,3000.0,3000.0,3000.0,3000.0,3000.0,3000.0,3000.0,3000.0,3000.0,3000.0,3000.0,3000.0,3000.0,3000.0,3000.0,3000.0,3000.0,3000.0,3000.0,3000.0,3000.0,3000.0,3000.0,3000.0,3000.0,3000.0,3000.0,3000.0,3000.0,3000.0,3000.0,3000.0,3000.0,3000.0,3000.0,3000.0,3000.0,3000.0,3000.0,3000.0,3000.0,3000.0,3000.0,3000.0,3000.0,3000.0,3000.0,3000.0,3000.0,3000.0,3000.0,3000.0
10467,3000.0,3000.0,3000.0,3000.0,3000.0,3000.0,3000.0,3000.0,3000.0,3000.0,3000.0,3000.0,3000.0,3000.0,3000.0,3000.0,3000.0,3000.0,3000.0,3000.0,3000.0,3000.0,3000.0,3000.0,3000.0,3000.0,3000.0,3000.0,3000.0,3000.0,3000.0,3000.0,3000.0,3000.0,3000.0,3000.0,3000.0,3000.0,3000.0,3000.0,3000.0,3000.0,3000.0,3000.0,3000.0,3000.0,3000.0,3000.0,3000.0,3000.0,3000.0,3000.0,3000.0,3000.0,3000.0,3000.0,3000.0,3000.0,3000.0,3000.0,3000.0,3000.0,3000.0,3000.0,3000.0,3000.0,3000.0,3000.0,3000.0,3000.0,3000.0,3000.0,3000.0,3000.0,3000.0,3000.0,3000.0,3000.0,3000.0,3000.0,3000.0,3000.0,3000.0,3000.0,3000.0,3000.0,3000.0,3000.0,3000.0,3000.0,3000.0,3000.0,3000.0,3000.0,3000.0,3000.0,3000.0,3000.0,3000.0,3000.0,3000.0,3000.0,3000.0,3000.0,3000.0,3000.0,3000.0,3000.0,3000.0,3000.0,3000.0,3000.0,3000.0,3000.0,3000.0,3000.0,3000.0,3000.0,3000.0,3000.0,3000.0,3000.0,3000.0,3000.0,3000.0,3000.0,3000.0,3000.0,3000.0,3000.0,3000.0,3000.0,3000.0,3000.0,3000.0,3000.0,3000.0,3000.0,3000.0,3000.0,3000.0,3000.0,3000.0,3000.0,3000.0,3000.0,3000.0,3000.0,3000.0,3000.0,3000.0,3000.0,3000.0,3000.0,3000.0,3000.0,3000.0,3000.0,3000.0,3000.0,3000.0,3000.0,3000.0,3000.0,3000.0,3000.0,3000.0,3000.0,3000.0,3000.0,3000.0,3000.0,3000.0,3000.0,3000.0,3000.0,3000.0,3000.0,3000.0,3000.0,3000.0,3000.0,3000.0,3000.0,3000.0,3000.0,3000.0,3000.0,3000.0,3000.0,3000.0,3000.0,3000.0,989.0565408259674,841.231965109588,746.3540635419545,684.4483629077579,645.3371872165626,623.6321222112359,616.6666666666667,3000.0,989.0565408259674,841.231965109588,746.3540635419545,684.4483629077579,645.3371872165626,623.6321222112359,616.6666666666667,3000.0,989.0565408259674,841.231965109588,746.3540635419545,684.4483629077579,645.3371872165626,623.6321222112359,616.6666666666667,3000.0,989.0565408259674,841.231965109588,746.3540635419545,684.4483629077579,645.3371872165626,623.6321222112359,616.6666666666667,3000.0,989.0565408259674,841.231965109588,746.3540635419545,684.4483629077579,645.3371872165626,623.6321222112359,616.6666666666667,3000.0,989.0565408259674,841.231965109588,746.3540635419545,684.4483629077579,645.3371872165626,623.6321222112359,616.6666666666667,3000.0,989.0565408259674,841.231965109588,746.3540635419545,684.4483629077579,645.3371872165626,623.6321222112359,616.6666666666667,3000.0,989.0565408259674,841.231965109588,746.3540635419545,684.4483629077579,645.3371872165626,623.6321222112359,616.6666666666667,616.6666666666667,623.6321222112359,645.3371872165626,684.4483629077579,746.3540635419545,841.231965109588,989.0565408259674,3000.0,616.6666666666667,623.6321222112359,645.3371872165626,684.4483629077579,746.3540635419545,841.231965109588,989.0565408259674,3000.0,616.6666666666667,623.6321222112359,645.3371872165626,684.4483629077579,746.3540635419545,841.231965109588,989.0565408259674,3000.0,616.6666666666667,623.6321222112359,645.3371872165626,684.4483629077579,746.3540635419545,841.231965109588,989.0565408259674,3000.0,616.6666666666667,623.6321222112359,645.3371872165626,684.4483629077579,746.3540635419545,841.231965109588,989.0565408259674,3000.0,616.6666666666667,623.6321222112359,645.3371872165626,684.4483629077579,746.3540635419545,841.231965109588,989.0565408259674,3000.0,616.6666666666667,623.6321222112359,645.3371872165626,684.4483629077579,746.3540635419545,841.231965109588,989.0565408259674,3000.0,616.6666666666667,623.6321222112359,645.3371872165626,684.4483629077579,746.3540635419545,841.231965109588,989.0565408259674,3000.0,3000.0,3000.0,3000.0,3000.0,3000.0,3000.0,3000.0,3000.0,3000.0,3000.0,3000.0,3000.0,3000.0,3000.0,3000.0,3000.0,3000.0,3000.0,3000.0,3000.0,3000.0,3000.0,3000.0,3000.0,3000.0,3000.0,3000.0,3000.0,3000.0,3000.0,3000.0,3000.0,3000.0,3000.0,3000.0,3000.0,3000.0,3000.0,3000.0,3000.0,3000.0,3000.0,3000.0,3000.0,3000.0,3000.0,3000.0,3000.0,3000.0,3000.0,3000.0,3000.0,3000.0,3000.0,3000.0,3000.0,3000.0,3000.0,3000.0,3000.0,3000.0,3000.0,3000.0,3000.0
10533,3000.0,3000.0,3000.0,3000.0,3000.0,3000.0,3000.0,3000.0,3000.0,3000.0,3000.0,3000.0,3000.0,3000.0,3000.0,3000.0,3000.0,3000.0,3000.0,3000.0,3000.0,3000.0,3000.0,3000.0,3000.0,3000.0,3000.0,3000.0,3000.0,3000.0,3000.0,3000.0,3000.0,3000.0,3000.0,3000.0,3000.0,3000.0,3000.0,3000.0,3000.0,3000.0,3000.0,3000.0,3000.0,3000.0,3000.0,3000.0,3000.0,3000.0,3000.0,3000.0,3000.0,3000.0,3000.0,3000.0,3000.0,3000.0,3000.0,3000.0,3000.0,3000.0,3000.0,3000.0,3000.0,3000.0,3000.0,3000.0,3000.0,3000.0,3000.0,3000.0,3000.0,3000.0,3000.0,3000.0,3000.0,3000.0,3000.0,3000.0,3000.0,3000.0,3000.0,3000.0,3000.0,3000.0,3000.0,3000.0,3000.0,3000.0,3000.0,3000.0,3000.0,3000.0,3000.0,3000.0,3000.0,3000.0,3000.0,3000.0,3000.0,3000.0,3000.0,3000.0,3000.0,3000.0,3000.0,3000.0,3000.0,3000.0,3000.0,3000.0,3000.0,3000.0,3000.0,3000.0,3000.0,3000.0,3000.0,3000.0,3000.0,3000.0,3000.0,3000.0,3000.0,3000.0,3000.0,3000.0,3000.0,3000.0,3000.0,3000.0,3000.0,3000.0,3000.0,3000.0,3000.0,3000.0,3000.0,3000.0,3000.0,3000.0,3000.0,3000.0,3000.0,3000.0,3000.0,3000.0,3000.0,3000.0,3000.0,3000.0,3000.0,3000.0,3000.0,3000.0,3000.0,3000.0,3000.0,3000.0,3000.0,3000.0,3000.0,3000.0,3000.0,3000.0,3000.0,3000.0,3000.0,3000.0,3000.0,3000.0,3000.0,3000.0,3000.0,3000.0,3000.0,3000.0,3000.0,3000.0,3000.0,3000.0,3000.0,3000.0,3000.0,3000.0,3000.0,3000.0,3000.0,3000.0,3000.0,3000.0,3000.0,1015.7877986861286,863.9679641666039,766.5257949890342,702.9469673106702,662.7787328170101,640.4870444331611,633.3333333333333,3000.0,1015.7877986861286,863.9679641666039,766.5257949890342,702.9469673106702,662.7787328170101,640.4870444331611,633.3333333333333,3000.0,1015.7877986861286,863.9679641666039,766.5257949890342,702.9469673106702,662.7787328170101,640.4870444331611,633.3333333333333,3000.0,1015.7877986861286,863.9679641666039,766.5257949890342,702.9469673106702,662.7787328170101,640.4870444331611,633.3333333333333,3000.0,1015.7877986861286,863.9679641666039,766.5257949890342,702.9469673106702,662.7787328170101,640.4870444331611,633.3333333333333,3000.0,1015.7877986861286,863.9679641666039,766.5257949890342,702.9469673106702,662.7787328170101,640.4870444331611,633.3333333333333,3000.0,1015.7877986861286,863.9679641666039,766.5257949890342,702.9469673106702,662.7787328170101,640.4870444331611,633.3333333333333,3000.0,1015.7877986861286,863.9679641666039,766.5257949890342,702.9469673106702,662.7787328170101,640.4870444331611,633.3333333333333,633.3333333333333,640.4870444331611,662.7787328170101,702.9469673106702,766.5257949890342,863.9679641666039,1015.7877986861286,3000.0,633.3333333333333,640.4870444331611,662.7787328170101,702.9469673106702,766.5257949890342,863.9679641666039,1015.7877986861286,3000.0,633.3333333333333,640.4870444331611,662.7787328170101,702.9469673106702,766.5257949890342,863.9679641666039,1015.7877986861286,3000.0,633.3333333333333,640.4870444331611,662.7787328170101,702.9469673106702,766.5257949890342,863.9679641666039,1015.7877986861286,3000.0,633.3333333333333,640.4870444331611,662.7787328170101,702.9469673106702,766.5257949890342,863.9679641666039,1015.7877986861286,3000.0,633.3333333333333,640.4870444331611,662.7787328170101,702.9469673106702,766.5257949890342,863.9679641666039,1015.7877986861286,3000.0,633.3333333333333,640.4870444331611,662.7787328170101,702.9469673106702,766.5257949890342,863.9679641666039,1015.7877986861286,3000.0,633.3333333333333,640.4870444331611,662.7787328170101,702.9469673106702,766.5257949890342,863.9679641666039,1015.7877986861286,3000.0,3000.0,3000.0,3000.0,3000.0,3000.0,3000.0,3000.0,3000.0,3000.0,3000.0,3000.0,3000.0,3000.0,3000.0,3000.0,3000.0,3000.0,3000.0,3000.0,3000.0,3000.0,3000.0,3000.0,3000.0,3000.0,3000.0,3000.0,3000.0,3000.0,3000.0,3000.0,3000.0,3000.0,3000.0,3000.0,3000.0,3000.0,3000.0,3000.0,3000.0,3000.0,3000.0,3000.0,3000.0,3000.0,3000.0,3000.0,3000.0,3000.0,3000.0,3000.0,3000.0,3000.0,3000.0,3000.0,3000.0,3000.0,3000.0,3000.0,3000.0,3000.0,3000.0,3000.0,3000.0
10600,3000.0,3000.0,3000.0,3000.0,3000.0,3000.0,3000.0,3000.0,3000.0,3000.0,3000.0,3000.0,3000.0,3000.0,3000.0,3000.0,3000.0,3000.0,3000.0,3000.0,3000.0,3000.0,3000.0,3000.0,3000.0,3000.0,3000.0,3000.0,3000.0,3000.0,3000.0,3000.0,3000.0,3000.0,3000.0,3000.0,3000.0,3000.0,3000.0,3000.0,3000.0,3000.0,3000.0,3000.0,3000.0,3000.0,3000.0,3000.0,3000.0,3000.0,3000.0,3000.0,3000.0,3000.0,3000.0,3000.0,3000.0,3000.0,3000.0,3000.0,3000.0,3000.0,3000.0,3000.0,3000.0,3000.0,3000.0,3000.0,3000.0,3000.0,3000.0,3000.0,3000.0,3000.0,3000.0,3000.0,3000.0,3000.0,3000.0,3000.0,3000.0,3000.0,3000.0,3000.0,3000.0,3000.0,3000.0,3000.0,3000.0,3000.0,3000.0,3000.0,3000.0,3000.0,3000.0,3000.0,3000.0,3000.0,3000.0,3000.0,3000.0,3000.0,3000.0,3000.0,3000.0,3000.0,3000.0,3000.0,3000.0,3000.0,3000.0,3000.0,3000.0,3000.0,3000.0,3000.0,3000.0,3000.0,3000.0,3000.0,3000.0,3000.0,3000.0,3000.0,3000.0,3000.0,3000.0,3000.0,3000.0,3000.0,3000.0,3000.0,3000.0,3000.0,3000.0,3000.0,3000.0,3000.0,3000.0,3000.0,3000.0,3000.0,3000.0,3000.0,3000.0,3000.0,3000.0,3000.0,3000.0,3000.0,3000.0,3000.0,3000.0,3000.0,3000.0,3000.0,3000.0,3000.0,3000.0,3000.0,3000.0,3000.0,3000.0,3000.0,3000.0,3000.0,3000.0,3000.0,3000.0,3000.0,3000.0,3000.0,3000.0,3000.0,3000.0,3000.0,3000.0,3000.0,3000.0,3000.0,3000.0,3000.0,3000.0,3000.0,3000.0,3000.0,3000.0,3000.0,3000.0,3000.0,3000.0,3000.0,3000.0,3000.0,886.7039632236197,786.6975264361139,721.4455717135824,680.2202784174577,657.3419666550863,649.9999999999998,3000.0,3000.0,886.7039632236197,786.6975264361139,721.4455717135824,680.2202784174577,657.3419666550863,649.9999999999998,3000.0,3000.0,886.7039632236197,786.6975264361139,721.4455717135824,680.2202784174577,657.3419666550863,649.9999999999998,3000.0,3000.0,886.7039632236197,786.6975264361139,721.4455717135824,680.2202784174577,657.3419666550863,649.9999999999998,3000.0,3000.0,886.7039632236197,786.6975264361139,721.4455717135824,680.2202784174577,657.3419666550863,649.9999999999998,3000.0,3000.0,886.7039632236197,786.6975264361139,721.4455717135824,680.2202784174577,657.3419666550863,649.9999999999998,3000.0,3000.0,886.7039632236197,786.6975264361139,721.4455717135824,680.2202784174577,657.3419666550863,649.9999999999998,3000.0,3000.0,886.7039632236197,786.6975264361139,721.4455717135824,680.2202784174577,657.3419666550863,649.9999999999998,649.9999999999998,657.3419666550863,680.2202784174577,721.4455717135824,786.6975264361139,886.7039632236197,3000.0,3000.0,649.9999999999998,657.3419666550863,680.2202784174577,721.4455717135824,786.6975264361139,886.7039632236197,3000.0,3000.0,649.9999999999998,657.3419666550863,680.2202784174577,721.4455717135824,786.6975264361139,886.7039632236197,3000.0,3000.0,649.9999999999998,657.3419666550863,680.2202784174577,721.4455717135824,786.6975264361139,886.7039632236197,3000.0,3000.0,649.9999999999998,657.3419666550863,680.2202784174577,721.4455717135824,786.6975264361139,886.7039632236197,3000.0,3000.0,649.9999999999998,657.3419666550863,680.2202784174577,721.4455717135824,786.6975264361139,886.7039632236197,3000.0,3000.0,649.9999999999998,657.3419666550863,680.2202784174577,721.4455717135824,786.6975264361139,886.7039632236197,3000.0,3000.0,649.9999999999998,657.3419666550863,680.2202784174577,721.4455717135824,786.6975264361139,886.7039632236197,3000.0,3000.0,3000.0,3000.0,3000.0,3000.0,3000.0,3000.0,3000.0,3000.0,3000.0,3000.0,3000.0,3000.0,3000.0,3000.0,3000.0,3000.0,3000.0,3000.0,3000.0,3000.0,3000.0,3000.0,3000.0,3000.0,3000.0,3000.0,3000.0,3000.0,3000.0,3000.0,3000.0,3000.0,3000.0,3000.0,3000.0,3000.0,3000.0,3000.0,3000.0,3000.0,3000.0,3000.0,3000.0,3000.0,3000.0,3000.0,3000.0,3000.0,3000.0,3000.0,3000.0,3000.0,3000.0,3000.0,3000.0,3000.0,3000.0,3000.0,3000.0,3000.0,3000.0,3000.0,3000.0,3000.0
10667,3000.0,3000.0,3000.0,3000.0,3000.0,3000.0,3000.0,3000.0,3000.0,3000.0,3000.0,3000.0,3000.0,3000.0,3000.0,3000.0,3000.0,3000.0,3000.0,3000.0,3000.0,3000.0,3000.0,3000.0,3000.0,3000.0,3000.0,3000.0,3000.0,3000.0,3000.0,3000.0,3000.0,3000.0,3000.0,3000.0,3000.0,3000.0,3000.0,3000.0,3000.0,3000.0,3000.0,3000.0,3000.0,3000.0,3000.0,3000.0,3000.0,3000.0,3000.0,3000.0,3000.0,3000.0,3000.0,3000.0,3000.0,3000.0,3000.0,3000.0,3000.0,3000.0,3000.0,3000.0,3000.0,3000.0,3000.0,3000.0,3000.0,3000.0,3000.0,3000.0,3000.0,3000.0,3000.0,3000.0,3000.0,3000.0,3000.0,3000.0,3000.0,3000.0,3000.0,3000.0,3000.0,3000.0,3000.0,3000.0,3000.0,3000.0,3000.0,3000.0,3000.0,3000.0,3000.0,3000.0,3000.0,3000.0,3000.0,3000.0,3000.0,3000.0,3000.0,3000.0,3000.0,3000.0,3000.0,3000.0,3000.0,3000.0,3000.0,3000.0,3000.0,3000.0,3000.0,3000.0,3000.0,3000.0,3000.0,3000.0,3000.0,3000.0,3000.0,3000.0,3000.0,3000.0,3000.0,3000.0,3000.0,3000.0,3000.0,3000.0,3000.0,3000.0,3000.0,3000.0,3000.0,3000.0,3000.0,3000.0,3000.0,3000.0,3000.0,3000.0,3000.0,3000.0,3000.0,3000.0,3000.0,3000.0,3000.0,3000.0,3000.0,3000.0,3000.0,3000.0,3000.0,3000.0,3000.0,3000.0,3000.0,3000.0,3000.0,3000.0,3000.0,3000.0,3000.0,3000.0,3000.0,3000.0,3000.0,3000.0,3000.0,3000.0,3000.0,3000.0,3000.0,3000.0,3000.0,3000.0,3000.0,3000.0,3000.0,3000.0,3000.0,3000.0,3000.0,3000.0,3000.0,3000.0,3000.0,3000.0,3000.0,3000.0,909.4399622806355,806.8692578831938,739.9441761164948,697.6618240179052,674.1968888770116,666.6666666666665,3000.0,3000.0,909.4399622806355,806.8692578831938,739.9441761164948,697.6618240179052,674.1968888770116,666.6666666666665,3000.0,3000.0,909.4399622806355,806.8692578831938,739.9441761164948,697.6618240179052,674.1968888770116,666.6666666666665,3000.0,3000.0,909.4399622806355,806.8692578831938,739.9441761164948,697.6618240179052,674.1968888770116,666.6666666666665,3000.0,3000.0,909.4399622806355,806.8692578831938,739.9441761164948,697.6618240179052,674.1968888770116,666.6666666666665,3000.0,3000.0,909.4399622806355,806.8692578831938,739.9441761164948,697.6618240179052,674.1968888770116,666.6666666666665,3000.0,3000.0,909.4399622806355,806.8692578831938,739.9441761164948,697.6618240179052,674.1968888770116,666.6666666666665,3000.0,3000.0,909.4399622806355,806.8692578831938,739.9441761164948,697.6618240179052,674.1968888770116,666.6666666666665,666.6666666666665,674.1968888770116,697.6618240179052,739.9441761164948,806.8692578831938,909.4399622806355,3000.0,3000.0,666.6666666666665,674.1968888770116,697.6618240179052,739.9441761164948,806.8692578831938,909.4399622806355,3000.0,3000.0,666.6666666666665,674.1968888770116,697.6618240179052,739.9441761164948,806.8692578831938,909.4399622806355,3000.0,3000.0,666.6666666666665,674.1968888770116,697.6618240179052,739.9441761164948,806.8692578831938,909.4399622806355,3000.0,3000.0,666.6666666666665,674.1968888770116,697.6618240179052,739.9441761164948,806.8692578831938,909.4399622806355,3000.0,3000.0,666.6666666666665,674.1968888770116,697.6618240179052,739.9441761164948,806.8692578831938,909.4399622806355,3000.0,3000.0,666.6666666666665,674.1968888770116,697.6618240179052,739.9441761164948,806.8692578831938,909.4399622806355,3000.0,3000.0,666.6666666666665,674.1968888770116,697.6618240179052,739.9441761164948,806.8692578831938,909.4399622806355,3000.0,3000.0,3000.0,3000.0,3000.0,3000.0,3000.0,3000.0,3000.0,3000.0,3000.0,3000.0,3000.0,3000.0,3000.0,3000.0,3000.0,3000.0,3000.0,3000.0,3000.0,3000.0,3000.0,3000.0,3000.0,3000.0,3000.0,3000.0,3000.0,3000.0,3000.0,3000.0,3000.0,3000.0,3000.0,3000.0,3000.0,3000.0,3000.0,3000.0,3000.0,3000.0,3000.0,3000.0,3000.0,3000.0,3000.0,3000.0,3000.0,3000.0,3000.0,3000.0,3000.0,3000.0,3000.0,3000.0,3000.0,3000.0,3000.0,3000.0,3000.0,3000.0,3000.0,3000.0,3000.0,3000.0
10733,3000.0,3000.0,3000.0,3000.0,3000.0,3000.0,3000.0,3000.0,3000.0,3000.0,3000.0,3000.0,3000.0,3000.0,3000.0,3000.0,3000.0,3000.0,3000.0,3000.0,3000.0,3000.0,3000.0,3000.0,3000.0,3000.0,3000.0,3000.0,3000.0,3000.0,3000.0,3000.0,3000.0,3000.0,3000.0,3000.0,3000.0,3000.0,3000.0,3000.0,3000.0,3000.0,3000.0,3000.0,3000.0,3000.0,3000.0,3000.0,3000.0,3000.0,3000.0,3000.0,3000.0,3000.0,3000.0,3000.0,3000.0,3000.0,3000.0,3000.0,3000.0,3000.0,3000.0,3000.0,3000.0,3000.0,3000.0,3000.0,3000.0,3000.0,3000.0,3000.0,3000.0,3000.0,3000.0,3000.0,3000.0,3000.0,3000.0,3000.0,3000.0,3000.0,3000.0,3000.0,3000.0,3000.0,3000.0,3000.0,3000.0,3000.0,3000.0,3000.0,3000.0,3000.0,3000.0,3000.0,3000.0,3000.0,3000.0,3000.0,3000.0,3000.0,3000.0,3000.0,3000.0,3000.0,3000.0,3000.0,3000.0,3000.0,3000.0,3000.0,3000.0,3000.0,3000.0,3000.0,3000.0,3000.0,3000.0,3000.0,3000.0,3000.0,3000.0,3000.0,3000.0,3000.0,3000.0,3000.0,3000.0,3000.0,3000.0,3000.0,3000.0,3000.0,3000.0,3000.0,3000.0,3000.0,3000.0,3000.0,3000.0,3000.0,3000.0,3000.0,3000.0,3000.0,3000.0,3000.0,3000.0,3000.0,3000.0,3000.0,3000.0,3000.0,3000.0,3000.0,3000.0,3000.0,3000.0,3000.0,3000.0,3000.0,3000.0,3000.0,3000.0,3000.0,3000.0,3000.0,3000.0,3000.0,3000.0,3000.0,3000.0,3000.0,3000.0,3000.0,3000.0,3000.0,3000.0,3000.0,3000.0,3000.0,3000.0,3000.0,3000.0,3000.0,3000.0,3000.0,3000.0,3000.0,3000.0,3000.0,3000.0,3000.0,932.1759613376513,827.0409893302736,758.442780519407,715.1033696183529,691.0518110989368,683.3333333333331,3000.0,3000.0,932.1759613376513,827.0409893302736,758.442780519407,715.1033696183529,691.0518110989368,683.3333333333331,3000.0,3000.0,932.1759613376513,827.0409893302736,758.442780519407,715.1033696183529,691.0518110989368,683.3333333333331,3000.0,3000.0,932.1759613376513,827.0409893302736,758.442780519407,715.1033696183529,691.0518110989368,683.3333333333331,3000.0,3000.0,932.1759613376513,827.0409893302736,758.442780519407,715.1033696183529,691.0518110989368,683.3333333333331,3000.0,3000.0,932.1759613376513,827.0409893302736,758.442780519407,715.1033696183529,691.0518110989368,683.3333333333331,3000.0,3000.0,932.1759613376513,827.0409893302736,758.442780519407,715.1033696183529,691.0518110989368,683.3333333333331,3000.0,3000.0,932.1759613376513,827.0409893302736,758.442780519407,715.1033696183529,691.0518110989368,683.3333333333331,683.3333333333331,691.0518110989368,715.1033696183529,758.442780519407,827.0409893302736,932.1759613376513,3000.0,3000.0,683.3333333333331,691.0518110989368,715.1033696183529,758.442780519407,827.0409893302736,932.1759613376513,3000.0,3000.0,683.3333333333331,691.0518110989368,715.1033696183529,758.442780519407,827.0409893302736,932.1759613376513,3000.0,3000.0,683.3333333333331,691.0518110989368,715.1033696183529,758.442780519407,827.0409893302736,932.1759613376513,3000.0,3000.0,683.3333333333331,691.0518110989368,715.1033696183529,758.442780519407,827.0409893302736,932.1759613376513,3000.0,3000.0,683.3333333333331,691.0518110989368,715.1033696183529,758.442780519407,827.0409893302736,932.1759613376513,3000.0,3000.0,683.3333333333331,691.0518110989368,715.1033696183529,758.442780519407,827.0409893302736,932.1759613376513,3000.0,3000.0,683.3333333333331,691.0518110989368,715.1033696183529,758.442780519407,827.0409893302736,932.1759613376513,3000.0,3000.0,3000.0,3000.0,3000.0,3000.0,3000.0,3000.0,3000.0,3000.0,3000.0,3000.0,3000.0,3000.0,3000.0,3000.0,3000.0,3000.0,3000.0,3000.0,3000.0,3000.0,3000.0,3000.0,3000.0,3000.0,3000.0,3000.0,3000.0,3000.0,3000.0,3000.0,3000.0,3000.0,3000.0,3000.0,3000.0,3000.0,3000.0,3000.0,3000.0,3000.0,3000.0,3000.0,3000.0,3000.0,3000.0,3000.0,3000.0,3000.0,3000.0,3000.0,3000.0,3000.0,3000.0,3000.0,3000.0,3000.0,3000.0,3000.0,3000.0,3000.0,3000.0,3000.0,3000.0,3000.0
10800,3000.0,3000.0,3000.0,3000.0,3000.0,3000.0,3000.0,3000.0,3000.0,3000.0,3000.0,3000.0,3000.0,3000.0,3000.0,3000.0,3000.0,3000.0,3000.0,3000.0,3000.0,3000.0,3000.0,3000.0,3000.0,3000.0,3000.0,3000.0,3000.0,3000.0,3000.0,3000.0,3000.0,3000.0,3000.0,3000.0,3000.0,3000.0,3000.0,3000.0,3000.0,3000.0,3000.0,3000.0,3000.0,3000.0,3000.0,3000.0,3000.0,3000.0,3000.0,3000.0,3000.0,3000.0,3000.0,3000.0,3000.0,3000.0,3000.0,3000.0,3000.0,3000.0,3000.0,3000.0,3000.0,3000.0,3000.0,3000.0,3000.0,3000.0,3000.0,3000.0,3000.0,3000.0,3000.0,3000.0,3000.0,3000.0,3000.0,3000.0,3000.0,3000.0,3000.0,3000.0,3000.0,3000.0,3000.0,3000.0,3000.0,3000.0,3000.0,3000.0,3000.0,3000.0,3000.0,3000.0,3000.0,3000.0,3000.0,3000.0,3000.0,3000.0,3000.0,3000.0,3000.0,3000.0,3000.0,3000.0,3000.0,3000.0,3000.0,3000.0,3000.0,3000.0,3000.0,3000.0,3000.0,3000.0,3000.0,3000.0,3000.0,3000.0,3000.0,3000.0,3000.0,3000.0,3000.0,3000.0,3000.0,3000.0,3000.0,3000.0,3000.0,3000.0,3000.0,3000.0,3000.0,3000.0,3000.0,3000.0,3000.0,3000.0,3000.0,3000.0,3000.0,3000.0,3000.0,3000.0,3000.0,3000.0,3000.0,3000.0,3000.0,3000.0,3000.0,3000.0,3000.0,3000.0,3000.0,3000.0,3000.0,3000.0,3000.0,3000.0,3000.0,3000.0,3000.0,3000.0,3000.0,3000.0,3000.0,3000.0,3000.0,3000.0,3000.0,3000.0,3000.0,3000.0,3000.0,3000.0,3000.0,3000.0,3000.0,3000.0,3000.0,3000.0,3000.0,3000.0,3000.0,3000.0,3000.0,3000.0,3000.0,3000.0,954.9119603946677,847.2127207773539,776.9413849223199,732.5449152188008,707.9067333208625,700.0000000000002,3000.0,3000.0,954.9119603946677,847.2127207773539,776.9413849223199,732.5449152188008,707.9067333208625,700.0000000000002,3000.0,3000.0,954.9119603946677,847.2127207773539,776.9413849223199,732.5449152188008,707.9067333208625,700.0000000000002,3000.0,3000.0,954.9119603946677,847.2127207773539,776.9413849223199,732.5449152188008,707.9067333208625,700.0000000000002,3000.0,3000.0,954.9119603946677,847.2127207773539,776.9413849223199,732.5449152188008,707.9067333208625,700.0000000000002,3000.0,3000.0,954.9119603946677,847.2127207773539,776.9413849223199,732.5449152188008,707.9067333208625,700.0000000000002,3000.0,3000.0,954.9119603946677,847.2127207773539,776.9413849223199,732.5449152188008,707.9067333208625,700.0000000000002,3000.0,3000.0,954.9119603946677,847.2127207773539,776.9413849223199,732.5449152188008,707.9067333208625,700.0000000000002,700.0000000000002,707.9067333208625,732.5449152188008,776.9413849223199,847.2127207773539,954.9119603946677,3000.0,3000.0,700.0000000000002,707.9067333208625,732.5449152188008,776.9413849223199,847.2127207773539,954.9119603946677,3000.0,3000.0,700.0000000000002,707.9067333208625,732.5449152188008,776.9413849223199,847.2127207773539,954.9119603946677,3000.0,3000.0,700.0000000000002,707.9067333208625,732.5449152188008,776.9413849223199,847.2127207773539,954.9119603946677,3000.0,3000.0,700.0000000000002,707.9067333208625,732.5449152188008,776.9413849223199,847.2127207773539,954.9119603946677,3000.0,3000.0,700.0000000000002,707.9067333208625,732.5449152188008,776.9413849223199,847.2127207773539,954.9119603946677,3000.0,3000.0,700.0000000000002,707.9067333208625,732.5449152188008,776.9413849223199,847.2127207773539,954.9119603946677,3000.0,3000.0,700.0000000000002,707.9067333208625,732.5449152188008,776.9413849223199,847.2127207773539,954.9119603946677,3000.0,3000.0,3000.0,3000.0,3000.0,3000.0,3000.0,3000.0,3000.0,3000.0,3000.0,3000.0,3000.0,3000.0,3000.0,3000.0,3000.0,3000.0,3000.0,3000.0,3000.0,3000.0,3000.0,3000.0,3000.0,3000.0,3000.0,3000.0,3000.0,3000.0,3000.0,3000.0,3000.0,3000.0,3000.0,3000.0,3000.0,3000.0,3000.0,3000.0,3000.0,3000.0,3000.0,3000.0,3000.0,3000.0,3000.0,3000.0,3000.0,3000.0,3000.0,3000.0,3000.0,3000.0,3000.0,3000.0,3000.0,3000.0,3000.0,3000.0,3000.0,3000.0,3000.0,3000.0,3000.0,3000.0
10867,3000.0,3000.0,3000.0,3000.0,3000.0,3000.0,3000.0,3000.0,3000.0,3000.0,3000.0,3000.0,3000.0,3000.0,3000.0,3000.0,3000.0,3000.0,3000.0,3000.0,3000.0,3000.0,3000.0,3000.0,3000.0,3000.0,3000.0,3000.0,3000.0,3000.0,3000.0,3000.0,3000.0,3000.0,3000.0,3000.0,3000.0,3000.0,3000.0,3000.0,3000.0,3000.0,3000.0,3000.0,3000.0,3000.0,3000.0,3000.0,3000.0,3000.0,3000.0,3000.0,3000.0,3000.0,3000.0,3000.0,3000.0,3000.0,3000.0,3000.0,3000.0,3000.0,3000.0,3000.0,3000.0,3000.0,3000.0,3000.0,3000.0,3000.0,3000.0,3000.0,3000.0,3000.0,3000.0,3000.0,3000.0,3000.0,3000.0,3000.0,3000.0,3000.0,3000.0,3000.0,3000.0,3000.0,3000.0,3000.0,3000.0,3000.0,3000.0,3000.0,3000.0,3000.0,3000.0,3000.0,3000.0,3000.0,3000.0,3000.0,3000.0,3000.0,3000.0,3000.0,3000.0,3000.0,3000.0,3000.0,3000.0,3000.0,3000.0,3000.0,3000.0,3000.0,3000.0,3000.0,3000.0,3000.0,3000.0,3000.0,3000.0,3000.0,3000.0,3000.0,3000.0,3000.0,3000.0,3000.0,3000.0,3000.0,3000.0,3000.0,3000.0,3000.0,3000.0,3000.0,3000.0,3000.0,3000.0,3000.0,3000.0,3000.0,3000.0,3000.0,3000.0,3000.0,3000.0,3000.0,3000.0,3000.0,3000.0,3000.0,3000.0,3000.0,3000.0,3000.0,3000.0,3000.0,3000.0,3000.0,3000.0,3000.0,3000.0,3000.0,3000.0,3000.0,3000.0,3000.0,3000.0,3000.0,3000.0,3000.0,3000.0,3000.0,3000.0,3000.0,3000.0,3000.0,3000.0,3000.0,3000.0,3000.0,3000.0,3000.0,3000.0,3000.0,3000.0,3000.0,3000.0,3000.0,3000.0,3000.0,3000.0,3000.0,977.6479594516836,867.3844522244337,795.4399893252322,749.9864608192485,724.7616555427877,716.6666666666667,3000.0,3000.0,977.6479594516836,867.3844522244337,795.4399893252322,749.9864608192485,724.7616555427877,716.6666666666667,3000.0,3000.0,977.6479594516836,867.3844522244337,795.4399893252322,749.9864608192485,724.7616555427877,716.6666666666667,3000.0,3000.0,977.6479594516836,867.3844522244337,795.4399893252322,749.9864608192485,724.7616555427877,716.6666666666667,3000.0,3000.0,977.6479594516836,867.3844522244337,795.4399893252322,749.9864608192485,724.7616555427877,716.6666666666667,3000.0,3000.0,977.6479594516836,867.3844522244337,795.4399893252322,749.9864608192485,724.7616555427877,716.6666666666667,3000.0,3000.0,977.6479594516836,867.3844522244337,795.4399893252322,749.9864608192485,724.7616555427877,716.6666666666667,3000.0,3000.0,977.6479594516836,867.3844522244337,795.4399893252322,749.9864608192485,724.7616555427877,716.6666666666667,716.6666666666667,724.7616555427877,749.9864608192485,795.4399893252322,867.3844522244337,977.6479594516836,3000.0,3000.0,716.6666666666667,724.7616555427877,749.9864608192485,795.4399893252322,867.3844522244337,977.6479594516836,3000.0,3000.0,716.6666666666667,724.7616555427877,749.9864608192485,795.4399893252322,867.3844522244337,977.6479594516836,3000.0,3000.0,716.6666666666667,724.7616555427877,749.9864608192485,795.4399893252322,867.3844522244337,977.6479594516836,3000.0,3000.0,716.6666666666667,724.7616555427877,749.9864608192485,795.4399893252322,867.3844522244337,977.6479594516836,3000.0,3000.0,716.6666666666667,724.7616555427877,749.9864608192485,795.4399893252322,867.3844522244337,977.6479594516836,3000.0,3000.0,716.6666666666667,724.7616555427877,749.9864608192485,795.4399893252322,867.3844522244337,977.6479594516836,3000.0,3000.0,716.6666666666667,724.7616555427877,749.9864608192485,795.4399893252322,867.3844522244337,977.6479594516836,3000.0,3000.0,3000.0,3000.0,3000.0,3000.0,3000.0,3000.0,3000.0,3000.0,3000.0,3000.0,3000.0,3000.0,3000.0,3000.0,3000.0,3000.0,3000.0,3000.0,3000.0,3000.0,3000.0,3000.0,3000.0,3000.0,3000.0,3000.0,3000.0,3000.0,3000.0,3000.0,3000.0,3000.0,3000.0,3000.0,3000.0,3000.0,3000.0,3000.0,3000.0,3000.0,3000.0,3000.0,3000.0,3000.0,3000.0,3000.0,3000.0,3000.0,3000.0,3000.0,3000.0,3000.0,3000.0,3000.0,3000.0,3000.0,3000.0,3000.0,3000.0,3000.0,3000.0,3000.0,3000.0,3000.0
10933,3000.0,3000.0,3000.0,3000.0,3000.0,3000.0,3000.0,3000.0,3000.0,3000.0,3000.0,3000.0,3000.0,3000.0,3000.0,3000.0,3000.0,3000.0,3000.0,3000.0,3000.0,3000.0,3000.0,3000.0,3000.0,3000.0,3000.0,3000.0,3000.0,3000.0,3000.0,3000.0,3000.0,3000.0,3000.0,3000.0,3000.0,3000.0,3000.0,3000.0,3000.0,3000.0,3000.0,3000.0,3000.0,3000.0,3000.0,3000.0,3000.0,3000.0,3000.0,3000.0,3000.0,3000.0,3000.0,3000.0,3000.0,3000.0,3000.0,3000.0,3000.0,3000.0,3000.0,3000.0,3000.0,3000.0,3000.0,3000.0,3000.0,3000.0,3000.0,3000.0,3000.0,3000.0,3000.0,3000.0,3000.0,3000.0,3000.0,3000.0,3000.0,3000.0,3000.0,3000.0,3000.0,3000.0,3000.0,3000.0,3000.0,3000.0,3000.0,3000.0,3000.0,3000.0,3000.0,3000.0,3000.0,3000.0,3000.0,3000.0,3000.0,3000.0,3000.0,3000.0,3000.0,3000.0,3000.0,3000.0,3000.0,3000.0,3000.0,3000.0,3000.0,3000.0,3000.0,3000.0,3000.0,3000.0,3000.0,3000.0,3000.0,3000.0,3000.0,3000.0,3000.0,3000.0,3000.0,3000.0,3000.0,3000.0,3000.0,3000.0,3000.0,3000.0,3000.0,3000.0,3000.0,3000.0,3000.0,3000.0,3000.0,3000.0,3000.0,3000.0,3000.0,3000.0,3000.0,3000.0,3000.0,3000.0,3000.0,3000.0,3000.0,3000.0,3000.0,3000.0,3000.0,3000.0,3000.0,3000.0,3000.0,3000.0,3000.0,3000.0,3000.0,3000.0,3000.0,3000.0,3000.0,3000.0,3000.0,3000.0,3000.0,3000.0,3000.0,3000.0,3000.0,3000.0,3000.0,3000.0,3000.0,3000.0,3000.0,3000.0,3000.0,3000.0,3000.0,3000.0,3000.0,3000.0,3000.0,3000.0,3000.0,3000.0,1000.3839585086994,887.5561836715135,813.9385937281446,767.4280064196961,741.616577764713,733.3333333333334,3000.0,3000.0,1000.3839585086994,887.5561836715135,813.9385937281446,767.4280064196961,741.616577764713,733.3333333333334,3000.0,3000.0,1000.3839585086994,887.5561836715135,813.9385937281446,767.4280064196961,741.616577764713,733.3333333333334,3000.0,3000.0,1000.3839585086994,887.5561836715135,813.9385937281446,767.4280064196961,741.616577764713,733.3333333333334,3000.0,3000.0,1000.3839585086994,887.5561836715135,813.9385937281446,767.4280064196961,741.616577764713,733.3333333333334,3000.0,3000.0,1000.3839585086994,887.5561836715135,813.9385937281446,767.4280064196961,741.616577764713,733.3333333333334,3000.0,3000.0,1000.3839585086994,887.5561836715135,813.9385937281446,767.4280064196961,741.616577764713,733.3333333333334,3000.0,3000.0,1000.3839585086994,887.5561836715135,813.9385937281446,767.4280064196961,741.616577764713,733.3333333333334,733.3333333333334,741.616577764713,767.4280064196961,813.9385937281446,887.5561836715135,1000.3839585086994,3000.0,3000.0,733.3333333333334,741.616577764713,767.4280064196961,813.9385937281446,887.5561836715135,1000.3839585086994,3000.0,3000.0,733.3333333333334,741.616577764713,767.4280064196961,813.9385937281446,887.5561836715135,1000.3839585086994,3000.0,3000.0,733.3333333333334,741.616577764713,767.4280064196961,813.9385937281446,887.5561836715135,1000.3839585086994,3000.0,3000.0,733.3333333333334,741.616577764713,767.4280064196961,813.9385937281446,887.5561836715135,1000.3839585086994,3000.0,3000.0,733.3333333333334,741.616577764713,767.4280064196961,813.9385937281446,887.5561836715135,1000.3839585086994,3000.0,3000.0,733.3333333333334,741.616577764713,767.4280064196961,813.9385937281446,887.5561836715135,1000.3839585086994,3000.0,3000.0,733.3333333333334,741.616577764713,767.4280064196961,813.9385937281446,887.5561836715135,1000.3839585086994,3000.0,3000.0,3000.0,3000.0,3000.0,3000.0,3000.0,3000.0,3000.0,3000.0,3000.0,3000.0,3000.0,3000.0,3000.0,3000.0,3000.0,3000.0,3000.0,3000.0,3000.0,3000.0,3000.0,3000.0,3000.0,3000.0,3000.0,3000.0,3000.0,3000.0,3000.0,3000.0,3000.0,3000.0,3000.0,3000.0,3000.0,3000.0,3000.0,3000.0,3000.0,3000.0,3000.0,3000.0,3000.0,3000.0,3000.0,3000.0,3000.0,3000.0,3000.0,3000.0,3000.0,3000.0,3000.0,3000.0,3000.0,3000.0,3000.0,3000.0,3000.0,3000.0,3000.0,3000.0,3000.0,3000.0
11000,3000.0,3000.0,3000.0,3000.0,3000.0,3000.0,3000.0,3000.0,3000.0,3000.0,3000.0,3000.0,3000.0,3000.0,3000.0,3000.0,3000.0,3000.0,3000.0,3000.0,3000.0,3000.0,3000.0,3000.0,3000.0,3000.0,3000.0,3000.0,3000.0,3000.0,3000.0,3000.0,3000.0,3000.0,3000.0,3000.0,3000.0,3000.0,3000.0,3000.0,3000.0,3000.0,3000.0,3000.0,3000.0,3000.0,3000.0,3000.0,3000.0,3000.0,3000.0,3000.0,3000.0,3000.0,3000.0,3000.0,3000.0,3000.0,3000.0,3000.0,3000.0,3000.0,3000.0,3000.0,3000.0,3000.0,3000.0,3000.0,3000.0,3000.0,3000.0,3000.0,3000.0,3000.0,3000.0,3000.0,3000.0,3000.0,3000.0,3000.0,3000.0,3000.0,3000.0,3000.0,3000.0,3000.0,3000.0,3000.0,3000.0,3000.0,3000.0,3000.0,3000.0,3000.0,3000.0,3000.0,3000.0,3000.0,3000.0,3000.0,3000.0,3000.0,3000.0,3000.0,3000.0,3000.0,3000.0,3000.0,3000.0,3000.0,3000.0,3000.0,3000.0,3000.0,3000.0,3000.0,3000.0,3000.0,3000.0,3000.0,3000.0,3000.0,3000.0,3000.0,3000.0,3000.0,3000.0,3000.0,3000.0,3000.0,3000.0,3000.0,3000.0,3000.0,3000.0,3000.0,3000.0,3000.0,3000.0,3000.0,3000.0,3000.0,3000.0,3000.0,3000.0,3000.0,3000.0,3000.0,3000.0,3000.0,3000.0,3000.0,3000.0,3000.0,3000.0,3000.0,3000.0,3000.0,3000.0,3000.0,3000.0,3000.0,3000.0,3000.0,3000.0,3000.0,3000.0,3000.0,3000.0,3000.0,3000.0,3000.0,3000.0,3000.0,3000.0,3000.0,3000.0,3000.0,3000.0,3000.0,3000.0,3000.0,3000.0,3000.0,3000.0,3000.0,3000.0,3000.0,3000.0,3000.0,3000.0,3000.0,3000.0,3000.0,1023.1199575657153,907.7279151185933,832.4371981310569,784.8695520201436,758.4714999866383,750.0000000000001,3000.0,3000.0,1023.1199575657153,907.7279151185933,832.4371981310569,784.8695520201436,758.4714999866383,750.0000000000001,3000.0,3000.0,1023.1199575657153,907.7279151185933,832.4371981310569,784.8695520201436,758.4714999866383,750.0000000000001,3000.0,3000.0,1023.1199575657153,907.7279151185933,832.4371981310569,784.8695520201436,758.4714999866383,750.0000000000001,3000.0,3000.0,1023.1199575657153,907.7279151185933,832.4371981310569,784.8695520201436,758.4714999866383,750.0000000000001,3000.0,3000.0,1023.1199575657153,907.7279151185933,832.4371981310569,784.8695520201436,758.4714999866383,750.0000000000001,3000.0,3000.0,1023.1199575657153,907.7279151185933,832.4371981310569,784.8695520201436,758.4714999866383,750.0000000000001,3000.0,3000.0,1023.1199575657153,907.7279151185933,832.4371981310569,784.8695520201436,758.4714999866383,750.0000000000001,750.0000000000001,758.4714999866383,784.8695520201436,832.4371981310569,907.7279151185933,1023.1199575657153,3000.0,3000.0,750.0000000000001,758.4714999866383,784.8695520201436,832.4371981310569,907.7279151185933,1023.1199575657153,3000.0,3000.0,750.0000000000001,758.4714999866383,784.8695520201436,832.4371981310569,907.7279151185933,1023.1199575657153,3000.0,3000.0,750.0000000000001,758.4714999866383,784.8695520201436,832.4371981310569,907.7279151185933,1023.1199575657153,3000.0,3000.0,750.0000000000001,758.4714999866383,784.8695520201436,832.4371981310569,907.7279151185933,1023.1199575657153,3000.0,3000.0,750.0000000000001,758.4714999866383,784.8695520201436,832.4371981310569,907.7279151185933,1023.1199575657153,3000.0,3000.0,750.0000000000001,758.4714999866383,784.8695520201436,832.4371981310569,907.7279151185933,1023.1199575657153,3000.0,3000.0,750.0000000000001,758.4714999866383,784.8695520201436,832.4371981310569,907.7279151185933,1023.1199575657153,3000.0,3000.0,3000.0,3000.0,3000.0,3000.0,3000.0,3000.0,3000.0,3000.0,3000.0,3000.0,3000.0,3000.0,3000.0,3000.0,3000.0,3000.0,3000.0,3000.0,3000.0,3000.0,3000.0,3000.0,3000.0,3000.0,3000.0,3000.0,3000.0,3000.0,3000.0,3000.0,3000.0,3000.0,3000.0,3000.0,3000.0,3000.0,3000.0,3000.0,3000.0,3000.0,3000.0,3000.0,3000.0,3000.0,3000.0,3000.0,3000.0,3000.0,3000.0,3000.0,3000.0,3000.0,3000.0,3000.0,3000.0,3000.0,3000.0,3000.0,3000.0,3000.0,3000.0,3000.0,3000.0,3000.0
11067,3000.0,3000.0,3000.0,3000.0,3000.0,3000.0,3000.0,3000.0,3000.0,3000.0,3000.0,3000.0,3000.0,3000.0,3000.0,3000.0,3000.0,3000.0,3000.0,3000.0,3000.0,3000.0,3000.0,3000.0,3000.0,3000.0,3000.0,3000.0,3000.0,3000.0,3000.0,3000.0,3000.0,3000.0,3000.0,3000.0,3000.0,3000.0,3000.0,3000.0,3000.0,3000.0,3000.0,3000.0,3000.0,3000.0,3000.0,3000.0,3000.0,3000.0,3000.0,3000.0,3000.0,3000.0,3000.0,3000.0,3000.0,3000.0,3000.0,3000.0,3000.0,3000.0,3000.0,3000.0,3000.0,3000.0,3000.0,3000.0,3000.0,3000.0,3000.0,3000.0,3000.0,3000.0,3000.0,3000.0,3000.0,3000.0,3000.0,3000.0,3000.0,3000.0,3000.0,3000.0,3000.0,3000.0,3000.0,3000.0,3000.0,3000.0,3000.0,3000.0,3000.0,3000.0,3000.0,3000.0,3000.0,3000.0,3000.0,3000.0,3000.0,3000.0,3000.0,3000.0,3000.0,3000.0,3000.0,3000.0,3000.0,3000.0,3000.0,3000.0,3000.0,3000.0,3000.0,3000.0,3000.0,3000.0,3000.0,3000.0,3000.0,3000.0,3000.0,3000.0,3000.0,3000.0,3000.0,3000.0,3000.0,3000.0,3000.0,3000.0,3000.0,3000.0,3000.0,3000.0,3000.0,3000.0,3000.0,3000.0,3000.0,3000.0,3000.0,3000.0,3000.0,3000.0,3000.0,3000.0,3000.0,3000.0,3000.0,3000.0,3000.0,3000.0,3000.0,3000.0,3000.0,3000.0,3000.0,3000.0,3000.0,3000.0,3000.0,3000.0,3000.0,3000.0,3000.0,3000.0,3000.0,3000.0,3000.0,3000.0,3000.0,3000.0,3000.0,3000.0,3000.0,3000.0,3000.0,3000.0,3000.0,3000.0,3000.0,3000.0,3000.0,3000.0,3000.0,3000.0,3000.0,3000.0,3000.0,3000.0,3000.0,3000.0,1045.855956622731,927.8996465656729,850.9358025339691,802.3110976205911,775.3264222085634,766.6666666666666,3000.0,3000.0,1045.855956622731,927.8996465656729,850.9358025339691,802.3110976205911,775.3264222085634,766.6666666666666,3000.0,3000.0,1045.855956622731,927.8996465656729,850.9358025339691,802.3110976205911,775.3264222085634,766.6666666666666,3000.0,3000.0,1045.855956622731,927.8996465656729,850.9358025339691,802.3110976205911,775.3264222085634,766.6666666666666,3000.0,3000.0,1045.855956622731,927.8996465656729,850.9358025339691,802.3110976205911,775.3264222085634,766.6666666666666,3000.0,3000.0,1045.855956622731,927.8996465656729,850.9358025339691,802.3110976205911,775.3264222085634,766.6666666666666,3000.0,3000.0,1045.855956622731,927.8996465656729,850.9358025339691,802.3110976205911,775.3264222085634,766.6666666666666,3000.0,3000.0,1045.855956622731,927.8996465656729,850.9358025339691,802.3110976205911,775.3264222085634,766.6666666666666,766.6666666666666,775.3264222085634,802.3110976205911,850.9358025339691,927.8996465656729,1045.855956622731,3000.0,3000.0,766.6666666666666,775.3264222085634,802.3110976205911,850.9358025339691,927.8996465656729,1045.855956622731,3000.0,3000.0,766.6666666666666,775.3264222085634,802.3110976205911,850.9358025339691,927.8996465656729,1045.855956622731,3000.0,3000.0,766.6666666666666,775.3264222085634,802.3110976205911,850.9358025339691,927.8996465656729,1045.855956622731,3000.0,3000.0,766.6666666666666,775.3264222085634,802.3110976205911,850.9358025339691,927.8996465656729,1045.855956622731,3000.0,3000.0,766.6666666666666,775.3264222085634,802.3110976205911,850.9358025339691,927.8996465656729,1045.855956622731,3000.0,3000.0,766.6666666666666,775.3264222085634,802.3110976205911,850.9358025339691,927.8996465656729,1045.855956622731,3000.0,3000.0,766.6666666666666,775.3264222085634,802.3110976205911,850.9358025339691,927.8996465656729,1045.855956622731,3000.0,3000.0,3000.0,3000.0,3000.0,3000.0,3000.0,3000.0,3000.0,3000.0,3000.0,3000.0,3000.0,3000.0,3000.0,3000.0,3000.0,3000.0,3000.0,3000.0,3000.0,3000.0,3000.0,3000.0,3000.0,3000.0,3000.0,3000.0,3000.0,3000.0,3000.0,3000.0,3000.0,3000.0,3000.0,3000.0,3000.0,3000.0,3000.0,3000.0,3000.0,3000.0,3000.0,3000.0,3000.0,3000.0,3000.0,3000.0,3000.0,3000.0,3000.0,3000.0,3000.0,3000.0,3000.0,3000.0,3000.0,3000.0,3000.0,3000.0,3000.0,3000.0,3000.0,3000.0,3000.0,3000.0
11133,3000.0,3000.0,3000.0,3000.0,3000.0,3000.0,3000.0,3000.0,3000.0,3000.0,3000.0,3000.0,3000.0,3000.0,3000.0,3000.0,3000.0,3000.0,3000.0,3000.0,3000.0,3000.0,3000.0,3000.0,3000.0,3000.0,3000.0,3000.0,3000.0,3000.0,3000.0,3000.0,3000.0,3000.0,3000.0,3000.0,3000.0,3000.0,3000.0,3000.0,3000.0,3000.0,3000.0,3000.0,3000.0,3000.0,3000.0,3000.0,3000.0,3000.0,3000.0,3000.0,3000.0,3000.0,3000.0,3000.0,3000.0,3000.0,3000.0,3000.0,3000.0,3000.0,3000.0,3000.0,3000.0,3000.0,3000.0,3000.0,3000.0,3000.0,3000.0,3000.0,3000.0,3000.0,3000.0,3000.0,3000.0,3000.0,3000.0,3000.0,3000.0,3000.0,3000.0,3000.0,3000.0,3000.0,3000.0,3000.0,3000.0,3000.0,3000.0,3000.0,3000.0,3000.0,3000.0,3000.0,3000.0,3000.0,3000.0,3000.0,3000.0,3000.0,3000.0,3000.0,3000.0,3000.0,3000.0,3000.0,3000.0,3000.0,3000.0,3000.0,3000.0,3000.0,3000.0,3000.0,3000.0,3000.0,3000.0,3000.0,3000.0,3000.0,3000.0,3000.0,3000.0,3000.0,3000.0,3000.0,3000.0,3000.0,3000.0,3000.0,3000.0,3000.0,3000.0,3000.0,3000.0,3000.0,3000.0,3000.0,3000.0,3000.0,3000.0,3000.0,3000.0,3000.0,3000.0,3000.0,3000.0,3000.0,3000.0,3000.0,3000.0,3000.0,3000.0,3000.0,3000.0,3000.0,3000.0,3000.0,3000.0,3000.0,3000.0,3000.0,3000.0,3000.0,3000.0,3000.0,3000.0,3000.0,3000.0,3000.0,3000.0,3000.0,3000.0,3000.0,3000.0,3000.0,3000.0,3000.0,3000.0,3000.0,3000.0,3000.0,3000.0,3000.0,3000.0,3000.0,3000.0,3000.0,3000.0,3000.0,3000.0,3000.0,1068.5919556797467,948.0713780127528,869.4344069368815,819.7526432210389,792.1813444304886,783.3333333333333,3000.0,3000.0,1068.5919556797467,948.0713780127528,869.4344069368815,819.7526432210389,792.1813444304886,783.3333333333333,3000.0,3000.0,1068.5919556797467,948.0713780127528,869.4344069368815,819.7526432210389,792.1813444304886,783.3333333333333,3000.0,3000.0,1068.5919556797467,948.0713780127528,869.4344069368815,819.7526432210389,792.1813444304886,783.3333333333333,3000.0,3000.0,1068.5919556797467,948.0713780127528,869.4344069368815,819.7526432210389,792.1813444304886,783.3333333333333,3000.0,3000.0,1068.5919556797467,948.0713780127528,869.4344069368815,819.7526432210389,792.1813444304886,783.3333333333333,3000.0,3000.0,1068.5919556797467,948.0713780127528,869.4344069368815,819.7526432210389,792.1813444304886,783.3333333333333,3000.0,3000.0,1068.5919556797467,948.0713780127528,869.4344069368815,819.7526432210389,792.1813444304886,783.3333333333333,783.3333333333333,792.1813444304886,819.7526432210389,869.4344069368815,948.0713780127528,1068.5919556797467,3000.0,3000.0,783.3333333333333,792.1813444304886,819.7526432210389,869.4344069368815,948.0713780127528,1068.5919556797467,3000.0,3000.0,783.3333333333333,792.1813444304886,819.7526432210389,869.4344069368815,948.0713780127528,1068.5919556797467,3000.0,3000.0,783.3333333333333,792.1813444304886,819.7526432210389,869.4344069368815,948.0713780127528,1068.5919556797467,3000.0,3000.0,783.3333333333333,792.1813444304886,819.7526432210389,869.4344069368815,948.0713780127528,1068.5919556797467,3000.0,3000.0,783.3333333333333,792.1813444304886,819.7526432210389,869.4344069368815,948.0713780127528,1068.5919556797467,3000.0,3000.0,783.3333333333333,792.1813444304886,819.7526432210389,869.4344069368815,948.0713780127528,1068.5919556797467,3000.0,3000.0,783.3333333333333,792.1813444304886,819.7526432210389,869.4344069368815,948.0713780127528,1068.5919556797467,3000.0,3000.0,3000.0,3000.0,3000.0,3000.0,3000.0,3000.0,3000.0,3000.0,3000.0,3000.0,3000.0,3000.0,3000.0,3000.0,3000.0,3000.0,3000.0,3000.0,3000.0,3000.0,3000.0,3000.0,3000.0,3000.0,3000.0,3000.0,3000.0,3000.0,3000.0,3000.0,3000.0,3000.0,3000.0,3000.0,3000.0,3000.0,3000.0,3000.0,3000.0,3000.0,3000.0,3000.0,3000.0,3000.0,3000.0,3000.0,3000.0,3000.0,3000.0,3000.0,3000.0,3000.0,3000.0,3000.0,3000.0,3000.0,3000.0,3000.0,3000.0,3000.0,3000.0,3000.0,3000.0,3000.0
11200,3000.0,3000.0,3000.0,3000.0,3000.0,3000.0,3000.0,3000.0,3000.0,3000.0,3000.0,3000.0,3000.0,3000.0,3000.0,3000.0,3000.0,3000.0,3000.0,3000.0,3000.0,3000.0,3000.0,3000.0,3000.0,3000.0,3000.0,3000.0,3000.0,3000.0,3000.0,3000.0,3000.0,3000.0,3000.0,3000.0,3000.0,3000.0,3000.0,3000.0,3000.0,3000.0,3000.0,3000.0,3000.0,3000.0,3000.0,3000.0,3000.0,3000.0,3000.0,3000.0,3000.0,3000.0,3000.0,3000.0,3000.0,3000.0,3000.0,3000.0,3000.0,3000.0,3000.0,3000.0,3000.0,3000.0,3000.0,3000.0,3000.0,3000.0,3000.0,3000.0,3000.0,3000.0,3000.0,3000.0,3000.0,3000.0,3000.0,3000.0,3000.0,3000.0,3000.0,3000.0,3000.0,3000.0,3000.0,3000.0,3000.0,3000.0,3000.0,3000.0,3000.0,3000.0,3000.0,3000.0,3000.0,3000.0,3000.0,3000.0,3000.0,3000.0,3000.0,3000.0,3000.0,3000.0,3000.0,3000.0,3000.0,3000.0,3000.0,3000.0,3000.0,3000.0,3000.0,3000.0,3000.0,3000.0,3000.0,3000.0,3000.0,3000.0,3000.0,3000.0,3000.0,3000.0,3000.0,3000.0,3000.0,3000.0,3000.0,3000.0,3000.0,3000.0,3000.0,3000.0,3000.0,3000.0,3000.0,3000.0,3000.0,3000.0,3000.0,3000.0,3000.0,3000.0,3000.0,3000.0,3000.0,3000.0,3000.0,3000.0,3000.0,3000.0,3000.0,3000.0,3000.0,3000.0,3000.0,3000.0,3000.0,3000.0,3000.0,3000.0,3000.0,3000.0,3000.0,3000.0,3000.0,3000.0,3000.0,3000.0,3000.0,3000.0,3000.0,3000.0,3000.0,3000.0,3000.0,3000.0,3000.0,3000.0,3000.0,3000.0,3000.0,3000.0,3000.0,3000.0,3000.0,3000.0,3000.0,3000.0,3000.0,3000.0,1091.3279547367626,968.2431094598326,887.9330113397938,837.1941888214864,809.0362666524139,799.9999999999998,3000.0,3000.0,1091.3279547367626,968.2431094598326,887.9330113397938,837.1941888214864,809.0362666524139,799.9999999999998,3000.0,3000.0,1091.3279547367626,968.2431094598326,887.9330113397938,837.1941888214864,809.0362666524139,799.9999999999998,3000.0,3000.0,1091.3279547367626,968.2431094598326,887.9330113397938,837.1941888214864,809.0362666524139,799.9999999999998,3000.0,3000.0,1091.3279547367626,968.2431094598326,887.9330113397938,837.1941888214864,809.0362666524139,799.9999999999998,3000.0,3000.0,1091.3279547367626,968.2431094598326,887.9330113397938,837.1941888214864,809.0362666524139,799.9999999999998,3000.0,3000.0,1091.3279547367626,968.2431094598326,887.9330113397938,837.1941888214864,809.0362666524139,799.9999999999998,3000.0,3000.0,1091.3279547367626,968.2431094598326,887.9330113397938,837.1941888214864,809.0362666524139,799.9999999999998,799.9999999999998,809.0362666524139,837.1941888214864,887.9330113397938,968.2431094598326,1091.3279547367626,3000.0,3000.0,799.9999999999998,809.0362666524139,837.1941888214864,887.9330113397938,968.2431094598326,1091.3279547367626,3000.0,3000.0,799.9999999999998,809.0362666524139,837.1941888214864,887.9330113397938,968.2431094598326,1091.3279547367626,3000.0,3000.0,799.9999999999998,809.0362666524139,837.1941888214864,887.9330113397938,968.2431094598326,1091.3279547367626,3000.0,3000.0,799.9999999999998,809.0362666524139,837.1941888214864,887.9330113397938,968.2431094598326,1091.3279547367626,3000.0,3000.0,799.9999999999998,809.0362666524139,837.1941888214864,887.9330113397938,968.2431094598326,1091.3279547367626,3000.0,3000.0,799.9999999999998,809.0362666524139,837.1941888214864,887.9330113397938,968.2431094598326,1091.3279547367626,3000.0,3000.0,799.9999999999998,809.0362666524139,837.1941888214864,887.9330113397938,968.2431094598326,1091.3279547367626,3000.0,3000.0,3000.0,3000.0,3000.0,3000.0,3000.0,3000.0,3000.0,3000.0,3000.0,3000.0,3000.0,3000.0,3000.0,3000.0,3000.0,3000.0,3000.0,3000.0,3000.0,3000.0,3000.0,3000.0,3000.0,3000.0,3000.0,3000.0,3000.0,3000.0,3000.0,3000.0,3000.0,3000.0,3000.0,3000.0,3000.0,3000.0,3000.0,3000.0,3000.0,3000.0,3000.0,3000.0,3000.0,3000.0,3000.0,3000.0,3000.0,3000.0,3000.0,3000.0,3000.0,3000.0,3000.0,3000.0,3000.0,3000.0,3000.0,3000.0,3000.0,3000.0,3000.0,3000.0,3000.0,3000.0
11267,3000.0,3000.0,3000.0,3000.0,3000.0,3000.0,3000.0,3000.0,3000.0,3000.0,3000.0,3000.0,3000.0,3000.0,3000.0,3000.0,3000.0,3000.0,3000.0,3000.0,3000.0,3000.0,3000.0,3000.0,3000.0,3000.0,3000.0,3000.0,3000.0,3000.0,3000.0,3000.0,3000.0,3000.0,3000.0,3000.0,3000.0,3000.0,3000.0,3000.0,3000.0,3000.0,3000.0,3000.0,3000.0,3000.0,3000.0,3000.0,3000.0,3000.0,3000.0,3000.0,3000.0,3000.0,3000.0,3000.0,3000.0,3000.0,3000.0,3000.0,3000.0,3000.0,3000.0,3000.0,3000.0,3000.0,3000.0,3000.0,3000.0,3000.0,3000.0,3000.0,3000.0,3000.0,3000.0,3000.0,3000.0,3000.0,3000.0,3000.0,3000.0,3000.0,3000.0,3000.0,3000.0,3000.0,3000.0,3000.0,3000.0,3000.0,3000.0,3000.0,3000.0,3000.0,3000.0,3000.0,3000.0,3000.0,3000.0,3000.0,3000.0,3000.0,3000.0,3000.0,3000.0,3000.0,3000.0,3000.0,3000.0,3000.0,3000.0,3000.0,3000.0,3000.0,3000.0,3000.0,3000.0,3000.0,3000.0,3000.0,3000.0,3000.0,3000.0,3000.0,3000.0,3000.0,3000.0,3000.0,3000.0,3000.0,3000.0,3000.0,3000.0,3000.0,3000.0,3000.0,3000.0,3000.0,3000.0,3000.0,3000.0,3000.0,3000.0,3000.0,3000.0,3000.0,3000.0,3000.0,3000.0,3000.0,3000.0,3000.0,3000.0,3000.0,3000.0,3000.0,3000.0,3000.0,3000.0,3000.0,3000.0,3000.0,3000.0,3000.0,3000.0,3000.0,3000.0,3000.0,3000.0,3000.0,3000.0,3000.0,3000.0,3000.0,3000.0,3000.0,3000.0,3000.0,3000.0,3000.0,3000.0,3000.0,3000.0,3000.0,3000.0,3000.0,3000.0,3000.0,3000.0,3000.0,3000.0,3000.0,3000.0,3000.0,1114.063953793779,988.4148409069129,906.4316157427066,854.6357344219344,825.8911888743395,816.6666666666669,3000.0,3000.0,1114.063953793779,988.4148409069129,906.4316157427066,854.6357344219344,825.8911888743395,816.6666666666669,3000.0,3000.0,1114.063953793779,988.4148409069129,906.4316157427066,854.6357344219344,825.8911888743395,816.6666666666669,3000.0,3000.0,1114.063953793779,988.4148409069129,906.4316157427066,854.6357344219344,825.8911888743395,816.6666666666669,3000.0,3000.0,1114.063953793779,988.4148409069129,906.4316157427066,854.6357344219344,825.8911888743395,816.6666666666669,3000.0,3000.0,1114.063953793779,988.4148409069129,906.4316157427066,854.6357344219344,825.8911888743395,816.6666666666669,3000.0,3000.0,1114.063953793779,988.4148409069129,906.4316157427066,854.6357344219344,825.8911888743395,816.6666666666669,3000.0,3000.0,1114.063953793779,988.4148409069129,906.4316157427066,854.6357344219344,825.8911888743395,816.6666666666669,816.6666666666669,825.8911888743395,854.6357344219344,906.4316157427066,988.4148409069129,1114.063953793779,3000.0,3000.0,816.6666666666669,825.8911888743395,854.6357344219344,906.4316157427066,988.4148409069129,1114.063953793779,3000.0,3000.0,816.6666666666669,825.8911888743395,854.6357344219344,906.4316157427066,988.4148409069129,1114.063953793779,3000.0,3000.0,816.6666666666669,825.8911888743395,854.6357344219344,906.4316157427066,988.4148409069129,1114.063953793779,3000.0,3000.0,816.6666666666669,825.8911888743395,854.6357344219344,906.4316157427066,988.4148409069129,1114.063953793779,3000.0,3000.0,816.6666666666669,825.8911888743395,854.6357344219344,906.4316157427066,988.4148409069129,1114.063953793779,3000.0,3000.0,816.6666666666669,825.8911888743395,854.6357344219344,906.4316157427066,988.4148409069129,1114.063953793779,3000.0,3000.0,816.6666666666669,825.8911888743395,854.6357344219344,906.4316157427066,988.4148409069129,1114.063953793779,3000.0,3000.0,3000.0,3000.0,3000.0,3000.0,3000.0,3000.0,3000.0,3000.0,3000.0,3000.0,3000.0,3000.0,3000.0,3000.0,3000.0,3000.0,3000.0,3000.0,3000.0,3000.0,3000.0,3000.0,3000.0,3000.0,3000.0,3000.0,3000.0,3000.0,3000.0,3000.0,3000.0,3000.0,3000.0,3000.0,3000.0,3000.0,3000.0,3000.0,3000.0,3000.0,3000.0,3000.0,3000.0,3000.0,3000.0,3000.0,3000.0,3000.0,3000.0,3000.0,3000.0,3000.0,3000.0,3000.0,3000.0,3000.0,3000.0,3000.0,3000.0,3000.0,3000.0,3000.0,3000.0,3000.0
11333,3000.0,3000.0,3000.0,3000.0,3000.0,3000.0,3000.0,3000.0,3000.0,3000.0,3000.0,3000.0,3000.0,3000.0,3000.0,3000.0,3000.0,3000.0,3000.0,3000.0,3000.0,3000.0,3000.0,3000.0,3000.0,3000.0,3000.0,3000.0,3000.0,3000.0,3000.0,3000.0,3000.0,3000.0,3000.0,3000.0,3000.0,3000.0,3000.0,3000.0,3000.0,3000.0,3000.0,3000.0,3000.0,3000.0,3000.0,3000.0,3000.0,3000.0,3000.0,3000.0,3000.0,3000.0,3000.0,3000.0,3000.0,3000.0,3000.0,3000.0,3000.0,3000.0,3000.0,3000.0,3000.0,3000.0,3000.0,3000.0,3000.0,3000.0,3000.0,3000.0,3000.0,3000.0,3000.0,3000.0,3000.0,3000.0,3000.0,3000.0,3000.0,3000.0,3000.0,3000.0,3000.0,3000.0,3000.0,3000.0,3000.0,3000.0,3000.0,3000.0,3000.0,3000.0,3000.0,3000.0,3000.0,3000.0,3000.0,3000.0,3000.0,3000.0,3000.0,3000.0,3000.0,3000.0,3000.0,3000.0,3000.0,3000.0,3000.0,3000.0,3000.0,3000.0,3000.0,3000.0,3000.0,3000.0,3000.0,3000.0,3000.0,3000.0,3000.0,3000.0,3000.0,3000.0,3000.0,3000.0,3000.0,3000.0,3000.0,3000.0,3000.0,3000.0,3000.0,3000.0,3000.0,3000.0,3000.0,3000.0,3000.0,3000.0,3000.0,3000.0,3000.0,3000.0,3000.0,3000.0,3000.0,3000.0,3000.0,3000.0,3000.0,3000.0,3000.0,3000.0,3000.0,3000.0,3000.0,3000.0,3000.0,3000.0,3000.0,3000.0,3000.0,3000.0,3000.0,3000.0,3000.0,3000.0,3000.0,3000.0,3000.0,3000.0,3000.0,3000.0,3000.0,3000.0,3000.0,3000.0,3000.0,3000.0,3000.0,3000.0,3000.0,3000.0,3000.0,3000.0,3000.0,3000.0,3000.0,3000.0,3000.0,3000.0,1136.7999528507949,1008.5865723539927,924.9302201456189,872.077280022382,842.7461110962648,833.3333333333335,3000.0,3000.0,1136.7999528507949,1008.5865723539927,924.9302201456189,872.077280022382,842.7461110962648,833.3333333333335,3000.0,3000.0,1136.7999528507949,1008.5865723539927,924.9302201456189,872.077280022382,842.7461110962648,833.3333333333335,3000.0,3000.0,1136.7999528507949,1008.5865723539927,924.9302201456189,872.077280022382,842.7461110962648,833.3333333333335,3000.0,3000.0,1136.7999528507949,1008.5865723539927,924.9302201456189,872.077280022382,842.7461110962648,833.3333333333335,3000.0,3000.0,1136.7999528507949,1008.5865723539927,924.9302201456189,872.077280022382,842.7461110962648,833.3333333333335,3000.0,3000.0,1136.7999528507949,1008.5865723539927,924.9302201456189,872.077280022382,842.7461110962648,833.3333333333335,3000.0,3000.0,1136.7999528507949,1008.5865723539927,924.9302201456189,872.077280022382,842.7461110962648,833.3333333333335,833.3333333333335,842.7461110962648,872.077280022382,924.9302201456189,1008.5865723539927,1136.7999528507949,3000.0,3000.0,833.3333333333335,842.7461110962648,872.077280022382,924.9302201456189,1008.5865723539927,1136.7999528507949,3000.0,3000.0,833.3333333333335,842.7461110962648,872.077280022382,924.9302201456189,1008.5865723539927,1136.7999528507949,3000.0,3000.0,833.3333333333335,842.7461110962648,872.077280022382,924.9302201456189,1008.5865723539927,1136.7999528507949,3000.0,3000.0,833.3333333333335,842.7461110962648,872.077280022382,924.9302201456189,1008.5865723539927,1136.7999528507949,3000.0,3000.0,833.3333333333335,842.7461110962648,872.077280022382,924.9302201456189,1008.5865723539927,1136.7999528507949,3000.0,3000.0,833.3333333333335,842.7461110962648,872.077280022382,924.9302201456189,1008.5865723539927,1136.7999528507949,3000.0,3000.0,833.3333333333335,842.7461110962648,872.077280022382,924.9302201456189,1008.5865723539927,1136.7999528507949,3000.0,3000.0,3000.0,3000.0,3000.0,3000.0,3000.0,3000.0,3000.0,3000.0,3000.0,3000.0,3000.0,3000.0,3000.0,3000.0,3000.0,3000.0,3000.0,3000.0,3000.0,3000.0,3000.0,3000.0,3000.0,3000.0,3000.0,3000.0,3000.0,3000.0,3000.0,3000.0,3000.0,3000.0,3000.0,3000.0,3000.0,3000.0,3000.0,3000.0,3000.0,3000.0,3000.0,3000.0,3000.0,3000.0,3000.0,3000.0,3000.0,3000.0,3000.0,3000.0,3000.0,3000.0,3000.0,3000.0,3000.0,3000.0,3000.0,3000.0,3000.0,3000.0,3000.0,3000.0,3000.0,3000.0
11400,3000.0,3000.0,3000.0,3000.0,3000.0,3000.0,3000.0,3000.0,3000.0,3000.0,3000.0,3000.0,3000.0,3000.0,3000.0,3000.0,3000.0,3000.0,3000.0,3000.0,3000.0,3000.0,3000.0,3000.0,3000.0,3000.0,3000.0,3000.0,3000.0,3000.0,3000.0,3000.0,3000.0,3000.0,3000.0,3000.0,3000.0,3000.0,3000.0,3000.0,3000.0,3000.0,3000.0,3000.0,3000.0,3000.0,3000.0,3000.0,3000.0,3000.0,3000.0,3000.0,3000.0,3000.0,3000.0,3000.0,3000.0,3000.0,3000.0,3000.0,3000.0,3000.0,3000.0,3000.0,3000.0,3000.0,3000.0,3000.0,3000.0,3000.0,3000.0,3000.0,3000.0,3000.0,3000.0,3000.0,3000.0,3000.0,3000.0,3000.0,3000.0,3000.0,3000.0,3000.0,3000.0,3000.0,3000.0,3000.0,3000.0,3000.0,3000.0,3000.0,3000.0,3000.0,3000.0,3000.0,3000.0,3000.0,3000.0,3000.0,3000.0,3000.0,3000.0,3000.0,3000.0,3000.0,3000.0,3000.0,3000.0,3000.0,3000.0,3000.0,3000.0,3000.0,3000.0,3000.0,3000.0,3000.0,3000.0,3000.0,3000.0,3000.0,3000.0,3000.0,3000.0,3000.0,3000.0,3000.0,3000.0,3000.0,3000.0,3000.0,3000.0,3000.0,3000.0,3000.0,3000.0,3000.0,3000.0,3000.0,3000.0,3000.0,3000.0,3000.0,3000.0,3000.0,3000.0,3000.0,3000.0,3000.0,3000.0,3000.0,3000.0,3000.0,3000.0,3000.0,3000.0,3000.0,3000.0,3000.0,3000.0,3000.0,3000.0,3000.0,3000.0,3000.0,3000.0,3000.0,3000.0,3000.0,3000.0,3000.0,3000.0,3000.0,3000.0,3000.0,3000.0,3000.0,3000.0,3000.0,3000.0,3000.0,3000.0,3000.0,3000.0,3000.0,3000.0,3000.0,3000.0,3000.0,3000.0,3000.0,3000.0,3000.0,1159.5359519078108,1028.7583038010725,943.4288245485312,889.5188256228296,859.6010333181902,850.0000000000002,3000.0,3000.0,1159.5359519078108,1028.7583038010725,943.4288245485312,889.5188256228296,859.6010333181902,850.0000000000002,3000.0,3000.0,1159.5359519078108,1028.7583038010725,943.4288245485312,889.5188256228296,859.6010333181902,850.0000000000002,3000.0,3000.0,1159.5359519078108,1028.7583038010725,943.4288245485312,889.5188256228296,859.6010333181902,850.0000000000002,3000.0,3000.0,1159.5359519078108,1028.7583038010725,943.4288245485312,889.5188256228296,859.6010333181902,850.0000000000002,3000.0,3000.0,1159.5359519078108,1028.7583038010725,943.4288245485312,889.5188256228296,859.6010333181902,850.0000000000002,3000.0,3000.0,1159.5359519078108,1028.7583038010725,943.4288245485312,889.5188256228296,859.6010333181902,850.0000000000002,3000.0,3000.0,1159.5359519078108,1028.7583038010725,943.4288245485312,889.5188256228296,859.6010333181902,850.0000000000002,850.0000000000002,859.6010333181902,889.5188256228296,943.4288245485312,1028.7583038010725,1159.5359519078108,3000.0,3000.0,850.0000000000002,859.6010333181902,889.5188256228296,943.4288245485312,1028.7583038010725,1159.5359519078108,3000.0,3000.0,850.0000000000002,859.6010333181902,889.5188256228296,943.4288245485312,1028.7583038010725,1159.5359519078108,3000.0,3000.0,850.0000000000002,859.6010333181902,889.5188256228296,943.4288245485312,1028.7583038010725,1159.5359519078108,3000.0,3000.0,850.0000000000002,859.6010333181902,889.5188256228296,943.4288245485312,1028.7583038010725,1159.5359519078108,3000.0,3000.0,850.0000000000002,859.6010333181902,889.5188256228296,943.4288245485312,1028.7583038010725,1159.5359519078108,3000.0,3000.0,850.0000000000002,859.6010333181902,889.5188256228296,943.4288245485312,1028.7583038010725,1159.5359519078108,3000.0,3000.0,850.0000000000002,859.6010333181902,889.5188256228296,943.4288245485312,1028.7583038010725,1159.5359519078108,3000.0,3000.0,3000.0,3000.0,3000.0,3000.0,3000.0,3000.0,3000.0,3000.0,3000.0,3000.0,3000.0,3000.0,3000.0,3000.0,3000.0,3000.0,3000.0,3000.0,3000.0,3000.0,3000.0,3000.0,3000.0,3000.0,3000.0,3000.0,3000.0,3000.0,3000.0,3000.0,3000.0,3000.0,3000.0,3000.0,3000.0,3000.0,3000.0,3000.0,3000.0,3000.0,3000.0,3000.0,3000.0,3000.0,3000.0,3000.0,3000.0,3000.0,3000.0,3000.0,3000.0,3000.0,3000.0,3000.0,3000.0,3000.0,3000.0,3000.0,3000.0,3000.0,3000.0,3000.0,3000.0,3000.0
11467,3000.0,3000.0,3000.0,3000.0,3000.0,3000.0,3000.0,3000.0,3000.0,3000.0,3000.0,3000.0,3000.0,3000.0,3000.0,3000.0,3000.0,3000.0,3000.0,3000.0,3000.0,3000.0,3000.0,3000.0,3000.0,3000.0,3000.0,3000.0,3000.0,3000.0,3000.0,3000.0,3000.0,3000.0,3000.0,3000.0,3000.0,3000.0,3000.0,3000.0,3000.0,3000.0,3000.0,3000.0,3000.0,3000.0,3000.0,3000.0,3000.0,3000.0,3000.0,3000.0,3000.0,3000.0,3000.0,3000.0,3000.0,3000.0,3000.0,3000.0,3000.0,3000.0,3000.0,3000.0,3000.0,3000.0,3000.0,3000.0,3000.0,3000.0,3000.0,3000.0,3000.0,3000.0,3000.0,3000.0,3000.0,3000.0,3000.0,3000.0,3000.0,3000.0,3000.0,3000.0,3000.0,3000.0,3000.0,3000.0,3000.0,3000.0,3000.0,3000.0,3000.0,3000.0,3000.0,3000.0,3000.0,3000.0,3000.0,3000.0,3000.0,3000.0,3000.0,3000.0,3000.0,3000.0,3000.0,3000.0,3000.0,3000.0,3000.0,3000.0,3000.0,3000.0,3000.0,3000.0,3000.0,3000.0,3000.0,3000.0,3000.0,3000.0,3000.0,3000.0,3000.0,3000.0,3000.0,3000.0,3000.0,3000.0,3000.0,3000.0,3000.0,3000.0,3000.0,3000.0,3000.0,3000.0,3000.0,3000.0,3000.0,3000.0,3000.0,3000.0,3000.0,3000.0,3000.0,3000.0,3000.0,3000.0,3000.0,3000.0,3000.0,3000.0,3000.0,3000.0,3000.0,3000.0,3000.0,3000.0,3000.0,3000.0,3000.0,3000.0,3000.0,3000.0,3000.0,3000.0,3000.0,3000.0,3000.0,3000.0,3000.0,3000.0,3000.0,3000.0,3000.0,3000.0,3000.0,3000.0,3000.0,3000.0,3000.0,3000.0,3000.0,3000.0,3000.0,3000.0,3000.0,3000.0,3000.0,3000.0,3000.0,3000.0,3000.0,1048.930035248152,961.9274289514434,906.960371223277,876.4559555401153,866.6666666666667,3000.0,3000.0,3000.0,1048.930035248152,961.9274289514434,906.960371223277,876.4559555401153,866.6666666666667,3000.0,3000.0,3000.0,1048.930035248152,961.9274289514434,906.960371223277,876.4559555401153,866.6666666666667,3000.0,3000.0,3000.0,1048.930035248152,961.9274289514434,906.960371223277,876.4559555401153,866.6666666666667,3000.0,3000.0,3000.0,1048.930035248152,961.9274289514434,906.960371223277,876.4559555401153,866.6666666666667,3000.0,3000.0,3000.0,1048.930035248152,961.9274289514434,906.960371223277,876.4559555401153,866.6666666666667,3000.0,3000.0,3000.0,1048.930035248152,961.9274289514434,906.960371223277,876.4559555401153,866.6666666666667,3000.0,3000.0,3000.0,1048.930035248152,961.9274289514434,906.960371223277,876.4559555401153,866.6666666666667,866.6666666666667,876.4559555401153,906.960371223277,961.9274289514434,1048.930035248152,3000.0,3000.0,3000.0,866.6666666666667,876.4559555401153,906.960371223277,961.9274289514434,1048.930035248152,3000.0,3000.0,3000.0,866.6666666666667,876.4559555401153,906.960371223277,961.9274289514434,1048.930035248152,3000.0,3000.0,3000.0,866.6666666666667,876.4559555401153,906.960371223277,961.9274289514434,1048.930035248152,3000.0,3000.0,3000.0,866.6666666666667,876.4559555401153,906.960371223277,961.9274289514434,1048.930035248152,3000.0,3000.0,3000.0,866.6666666666667,876.4559555401153,906.960371223277,961.9274289514434,1048.930035248152,3000.0,3000.0,3000.0,866.6666666666667,876.4559555401153,906.960371223277,961.9274289514434,1048.930035248152,3000.0,3000.0,3000.0,866.6666666666667,876.4559555401153,906.960371223277,961.9274289514434,1048.930035248152,3000.0,3000.0,3000.0,3000.0,3000.0,3000.0,3000.0,3000.0,3000.0,3000.0,3000.0,3000.0,3000.0,3000.0,3000.0,3000.0,3000.0,3000.0,3000.0,3000.0,3000.0,3000.0,3000.0,3000.0,3000.0,3000.0,3000.0,3000.0,3000.0,3000.0,3000.0,3000.0,3000.0,3000.0,3000.0,3000.0,3000.0,3000.0,3000.0,3000.0,3000.0,3000.0,3000.0,3000.0,3000.0,3000.0,3000.0,3000.0,3000.0,3000.0,3000.0,3000.0,3000.0,3000.0,3000.0,3000.0,3000.0,3000.0,3000.0,3000.0,3000.0,3000.0,3000.0,3000.0,3000.0,3000.0,3000.0
11533,3000.0,3000.0,3000.0,3000.0,3000.0,3000.0,3000.0,3000.0,3000.0,3000.0,3000.0,3000.0,3000.0,3000.0,3000.0,3000.0,3000.0,3000.0,3000.0,3000.0,3000.0,3000.0,3000.0,3000.0,3000.0,3000.0,3000.0,3000.0,3000.0,3000.0,3000.0,3000.0,3000.0,3000.0,3000.0,3000.0,3000.0,3000.0,3000.0,3000.0,3000.0,3000.0,3000.0,3000.0,3000.0,3000.0,3000.0,3000.0,3000.0,3000.0,3000.0,3000.0,3000.0,3000.0,3000.0,3000.0,3000.0,3000.0,3000.0,3000.0,3000.0,3000.0,3000.0,3000.0,3000.0,3000.0,3000.0,3000.0,3000.0,3000.0,3000.0,3000.0,3000.0,3000.0,3000.0,3000.0,3000.0,3000.0,3000.0,3000.0,3000.0,3000.0,3000.0,3000.0,3000.0,3000.0,3000.0,3000.0,3000.0,3000.0,3000.0,3000.0,3000.0,3000.0,3000.0,3000.0,3000.0,3000.0,3000.0,3000.0,3000.0,3000.0,3000.0,3000.0,3000.0,3000.0,3000.0,3000.0,3000.0,3000.0,3000.0,3000.0,3000.0,3000.0,3000.0,3000.0,3000.0,3000.0,3000.0,3000.0,3000.0,3000.0,3000.0,3000.0,3000.0,3000.0,3000.0,3000.0,3000.0,3000.0,3000.0,3000.0,3000.0,3000.0,3000.0,3000.0,3000.0,3000.0,3000.0,3000.0,3000.0,3000.0,3000.0,3000.0,3000.0,3000.0,3000.0,3000.0,3000.0,3000.0,3000.0,3000.0,3000.0,3000.0,3000.0,3000.0,3000.0,3000.0,3000.0,3000.0,3000.0,3000.0,3000.0,3000.0,3000.0,3000.0,3000.0,3000.0,3000.0,3000.0,3000.0,3000.0,3000.0,3000.0,3000.0,3000.0,3000.0,3000.0,3000.0,3000.0,3000.0,3000.0,3000.0,3000.0,3000.0,3000.0,3000.0,3000.0,3000.0,3000.0,3000.0,3000.0,3000.0,3000.0,3000.0,1069.101766695232,980.4260333543557,924.4019168237246,893.3108777620405,883.3333333333333,3000.0,3000.0,3000.0,1069.101766695232,980.4260333543557,924.4019168237246,893.3108777620405,883.3333333333333,3000.0,3000.0,3000.0,1069.101766695232,980.4260333543557,924.4019168237246,893.3108777620405,883.3333333333333,3000.0,3000.0,3000.0,1069.101766695232,980.4260333543557,924.4019168237246,893.3108777620405,883.3333333333333,3000.0,3000.0,3000.0,1069.101766695232,980.4260333543557,924.4019168237246,893.3108777620405,883.3333333333333,3000.0,3000.0,3000.0,1069.101766695232,980.4260333543557,924.4019168237246,893.3108777620405,883.3333333333333,3000.0,3000.0,3000.0,1069.101766695232,980.4260333543557,924.4019168237246,893.3108777620405,883.3333333333333,3000.0,3000.0,3000.0,1069.101766695232,980.4260333543557,924.4019168237246,893.3108777620405,883.3333333333333,883.3333333333333,893.3108777620405,924.4019168237246,980.4260333543557,1069.101766695232,3000.0,3000.0,3000.0,883.3333333333333,893.3108777620405,924.4019168237246,980.4260333543557,1069.101766695232,3000.0,3000.0,3000.0,883.3333333333333,893.3108777620405,924.4019168237246,980.4260333543557,1069.101766695232,3000.0,3000.0,3000.0,883.3333333333333,893.3108777620405,924.4019168237246,980.4260333543557,1069.101766695232,3000.0,3000.0,3000.0,883.3333333333333,893.3108777620405,924.4019168237246,980.4260333543557,1069.101766695232,3000.0,3000.0,3000.0,883.3333333333333,893.3108777620405,924.4019168237246,980.4260333543557,1069.101766695232,3000.0,3000.0,3000.0,883.3333333333333,893.3108777620405,924.4019168237246,980.4260333543557,1069.101766695232,3000.0,3000.0,3000.0,883.3333333333333,893.3108777620405,924.4019168237246,980.4260333543557,1069.101766695232,3000.0,3000.0,3000.0,3000.0,3000.0,3000.0,3000.0,3000.0,3000.0,3000.0,3000.0,3000.0,3000.0,3000.0,3000.0,3000.0,3000.0,3000.0,3000.0,3000.0,3000.0,3000.0,3000.0,3000.0,3000.0,3000.0,3000.0,3000.0,3000.0,3000.0,3000.0,3000.0,3000.0,3000.0,3000.0,3000.0,3000.0,3000.0,3000.0,3000.0,3000.0,3000.0,3000.0,3000.0,3000.0,3000.0,3000.0,3000.0,3000.0,3000.0,3000.0,3000.0,3000.0,3000.0,3000.0,3000.0,3000.0,3000.0,3000.0,3000.0,3000.0,3000.0,3000.0,3000.0,3000.0,3000.0,3000.0
11600,3000.0,3000.0,3000.0,3000.0,3000.0,3000.0,3000.0,3000.0,3000.0,3000.0,3000.0,3000.0,3000.0,3000.0,3000.0,3000.0,3000.0,3000.0,3000.0,3000.0,3000.0,3000.0,3000.0,3000.0,3000.0,3000.0,3000.0,3000.0,3000.0,3000.0,3000.0,3000.0,3000.0,3000.0,3000.0,3000.0,3000.0,3000.0,3000.0,3000.0,3000.0,3000.0,3000.0,3000.0,3000.0,3000.0,3000.0,3000.0,3000.0,3000.0,3000.0,3000.0,3000.0,3000.0,3000.0,3000.0,3000.0,3000.0,3000.0,3000.0,3000.0,3000.0,3000.0,3000.0,3000.0,3000.0,3000.0,3000.0,3000.0,3000.0,3000.0,3000.0,3000.0,3000.0,3000.0,3000.0,3000.0,3000.0,3000.0,3000.0,3000.0,3000.0,3000.0,3000.0,3000.0,3000.0,3000.0,3000.0,3000.0,3000.0,3000.0,3000.0,3000.0,3000.0,3000.0,3000.0,3000.0,3000.0,3000.0,3000.0,3000.0,3000.0,3000.0,3000.0,3000.0,3000.0,3000.0,3000.0,3000.0,3000.0,3000.0,3000.0,3000.0,3000.0,3000.0,3000.0,3000.0,3000.0,3000.0,3000.0,3000.0,3000.0,3000.0,3000.0,3000.0,3000.0,3000.0,3000.0,3000.0,3000.0,3000.0,3000.0,3000.0,3000.0,3000.0,3000.0,3000.0,3000.0,3000.0,3000.0,3000.0,3000.0,3000.0,3000.0,3000.0,3000.0,3000.0,3000.0,3000.0,3000.0,3000.0,3000.0,3000.0,3000.0,3000.0,3000.0,3000.0,3000.0,3000.0,3000.0,3000.0,3000.0,3000.0,3000.0,3000.0,3000.0,3000.0,3000.0,3000.0,3000.0,3000.0,3000.0,3000.0,3000.0,3000.0,3000.0,3000.0,3000.0,3000.0,3000.0,3000.0,3000.0,3000.0,3000.0,3000.0,3000.0,3000.0,3000.0,3000.0,3000.0,3000.0,3000.0,3000.0,3000.0,3000.0,1089.2734981423118,998.924637757268,941.8434624241722,910.1657999839657,899.9999999999999,3000.0,3000.0,3000.0,1089.2734981423118,998.924637757268,941.8434624241722,910.1657999839657,899.9999999999999,3000.0,3000.0,3000.0,1089.2734981423118,998.924637757268,941.8434624241722,910.1657999839657,899.9999999999999,3000.0,3000.0,3000.0,1089.2734981423118,998.924637757268,941.8434624241722,910.1657999839657,899.9999999999999,3000.0,3000.0,3000.0,1089.2734981423118,998.924637757268,941.8434624241722,910.1657999839657,899.9999999999999,3000.0,3000.0,3000.0,1089.2734981423118,998.924637757268,941.8434624241722,910.1657999839657,899.9999999999999,3000.0,3000.0,3000.0,1089.2734981423118,998.924637757268,941.8434624241722,910.1657999839657,899.9999999999999,3000.0,3000.0,3000.0,1089.2734981423118,998.924637757268,941.8434624241722,910.1657999839657,899.9999999999999,899.9999999999999,910.1657999839657,941.8434624241722,998.924637757268,1089.2734981423118,3000.0,3000.0,3000.0,899.9999999999999,910.1657999839657,941.8434624241722,998.924637757268,1089.2734981423118,3000.0,3000.0,3000.0,899.9999999999999,910.1657999839657,941.8434624241722,998.924637757268,1089.2734981423118,3000.0,3000.0,3000.0,899.9999999999999,910.1657999839657,941.8434624241722,998.924637757268,1089.2734981423118,3000.0,3000.0,3000.0,899.9999999999999,910.1657999839657,941.8434624241722,998.924637757268,1089.2734981423118,3000.0,3000.0,3000.0,899.9999999999999,910.1657999839657,941.8434624241722,998.924637757268,1089.2734981423118,3000.0,3000.0,3000.0,899.9999999999999,910.1657999839657,941.8434624241722,998.924637757268,1089.2734981423118,3000.0,3000.0,3000.0,899.9999999999999,910.1657999839657,941.8434624241722,998.924637757268,1089.2734981423118,3000.0,3000.0,3000.0,3000.0,3000.0,3000.0,3000.0,3000.0,3000.0,3000.0,3000.0,3000.0,3000.0,3000.0,3000.0,3000.0,3000.0,3000.0,3000.0,3000.0,3000.0,3000.0,3000.0,3000.0,3000.0,3000.0,3000.0,3000.0,3000.0,3000.0,3000.0,3000.0,3000.0,3000.0,3000.0,3000.0,3000.0,3000.0,3000.0,3000.0,3000.0,3000.0,3000.0,3000.0,3000.0,3000.0,3000.0,3000.0,3000.0,3000.0,3000.0,3000.0,3000.0,3000.0,3000.0,3000.0,3000.0,3000.0,3000.0,3000.0,3000.0,3000.0,3000.0,3000.0,3000.0,3000.0,3000.0
11667,3000.0,3000.0,3000.0,3000.0,3000.0,3000.0,3000.0,3000.0,3000.0,3000.0,3000.0,3000.0,3000.0,3000.0,3000.0,3000.0,3000.0,3000.0,3000.0,3000.0,3000.0,3000.0,3000.0,3000.0,3000.0,3000.0,3000.0,3000.0,3000.0,3000.0,3000.0,3000.0,3000.0,3000.0,3000.0,3000.0,3000.0,3000.0,3000.0,3000.0,3000.0,3000.0,3000.0,3000.0,3000.0,3000.0,3000.0,3000.0,3000.0,3000.0,3000.0,3000.0,3000.0,3000.0,3000.0,3000.0,3000.0,3000.0,3000.0,3000.0,3000.0,3000.0,3000.0,3000.0,3000.0,3000.0,3000.0,3000.0,3000.0,3000.0,3000.0,3000.0,3000.0,3000.0,3000.0,3000.0,3000.0,3000.0,3000.0,3000.0,3000.0,3000.0,3000.0,3000.0,3000.0,3000.0,3000.0,3000.0,3000.0,3000.0,3000.0,3000.0,3000.0,3000.0,3000.0,3000.0,3000.0,3000.0,3000.0,3000.0,3000.0,3000.0,3000.0,3000.0,3000.0,3000.0,3000.0,3000.0,3000.0,3000.0,3000.0,3000.0,3000.0,3000.0,3000.0,3000.0,3000.0,3000.0,3000.0,3000.0,3000.0,3000.0,3000.0,3000.0,3000.0,3000.0,3000.0,3000.0,3000.0,3000.0,3000.0,3000.0,3000.0,3000.0,3000.0,3000.0,3000.0,3000.0,3000.0,3000.0,3000.0,3000.0,3000.0,3000.0,3000.0,3000.0,3000.0,3000.0,3000.0,3000.0,3000.0,3000.0,3000.0,3000.0,3000.0,3000.0,3000.0,3000.0,3000.0,3000.0,3000.0,3000.0,3000.0,3000.0,3000.0,3000.0,3000.0,3000.0,3000.0,3000.0,3000.0,3000.0,3000.0,3000.0,3000.0,3000.0,3000.0,3000.0,3000.0,3000.0,3000.0,3000.0,3000.0,3000.0,3000.0,3000.0,3000.0,3000.0,3000.0,3000.0,3000.0,3000.0,3000.0,3000.0,3000.0,1109.4452295893916,1017.4232421601803,959.2850080246199,927.020722205891,916.6666666666665,3000.0,3000.0,3000.0,1109.4452295893916,1017.4232421601803,959.2850080246199,927.020722205891,916.6666666666665,3000.0,3000.0,3000.0,1109.4452295893916,1017.4232421601803,959.2850080246199,927.020722205891,916.6666666666665,3000.0,3000.0,3000.0,1109.4452295893916,1017.4232421601803,959.2850080246199,927.020722205891,916.6666666666665,3000.0,3000.0,3000.0,1109.4452295893916,1017.4232421601803,959.2850080246199,927.020722205891,916.6666666666665,3000.0,3000.0,3000.0,1109.4452295893916,1017.4232421601803,959.2850080246199,927.020722205891,916.6666666666665,3000.0,3000.0,3000.0,1109.4452295893916,1017.4232421601803,959.2850080246199,927.020722205891,916.6666666666665,3000.0,3000.0,3000.0,1109.4452295893916,1017.4232421601803,959.2850080246199,927.020722205891,916.6666666666665,916.6666666666665,927.020722205891,959.2850080246199,1017.4232421601803,1109.4452295893916,3000.0,3000.0,3000.0,916.6666666666665,927.020722205891,959.2850080246199,1017.4232421601803,1109.4452295893916,3000.0,3000.0,3000.0,916.6666666666665,927.020722205891,959.2850080246199,1017.4232421601803,1109.4452295893916,3000.0,3000.0,3000.0,916.6666666666665,927.020722205891,959.2850080246199,1017.4232421601803,1109.4452295893916,3000.0,3000.0,3000.0,916.6666666666665,927.020722205891,959.2850080246199,1017.4232421601803,1109.4452295893916,3000.0,3000.0,3000.0,916.6666666666665,927.020722205891,959.2850080246199,1017.4232421601803,1109.4452295893916,3000.0,3000.0,3000.0,916.6666666666665,927.020722205891,959.2850080246199,1017.4232421601803,1109.4452295893916,3000.0,3000.0,3000.0,916.6666666666665,927.020722205891,959.2850080246199,1017.4232421601803,1109.4452295893916,3000.0,3000.0,3000.0,3000.0,3000.0,3000.0,3000.0,3000.0,3000.0,3000.0,3000.0,3000.0,3000.0,3000.0,3000.0,3000.0,3000.0,3000.0,3000.0,3000.0,3000.0,3000.0,3000.0,3000.0,3000.0,3000.0,3000.0,3000.0,3000.0,3000.0,3000.0,3000.0,3000.0,3000.0,3000.0,3000.0,3000.0,3000.0,3000.0,3000.0,3000.0,3000.0,3000.0,3000.0,3000.0,3000.0,3000.0,3000.0,3000.0,3000.0,3000.0,3000.0,3000.0,3000.0,3000.0,3000.0,3000.0,3000.0,3000.0,3000.0,3000.0,3000.0,3000.0,3000.0,3000.0,3000.0,3000.0
11733,3000.0,3000.0,3000.0,3000.0,3000.0,3000.0,3000.0,3000.0,3000.0,3000.0,3000.0,3000.0,3000.0,3000.0,3000.0,3000.0,3000.0,3000.0,3000.0,3000.0,3000.0,3000.0,3000.0,3000.0,3000.0,3000.0,3000.0,3000.0,3000.0,3000.0,3000.0,3000.0,3000.0,3000.0,3000.0,3000.0,3000.0,3000.0,3000.0,3000.0,3000.0,3000.0,3000.0,3000.0,3000.0,3000.0,3000.0,3000.0,3000.0,3000.0,3000.0,3000.0,3000.0,3000.0,3000.0,3000.0,3000.0,3000.0,3000.0,3000.0,3000.0,3000.0,3000.0,3000.0,3000.0,3000.0,3000.0,3000.0,3000.0,3000.0,3000.0,3000.0,3000.0,3000.0,3000.0,3000.0,3000.0,3000.0,3000.0,3000.0,3000.0,3000.0,3000.0,3000.0,3000.0,3000.0,3000.0,3000.0,3000.0,3000.0,3000.0,3000.0,3000.0,3000.0,3000.0,3000.0,3000.0,3000.0,3000.0,3000.0,3000.0,3000.0,3000.0,3000.0,3000.0,3000.0,3000.0,3000.0,3000.0,3000.0,3000.0,3000.0,3000.0,3000.0,3000.0,3000.0,3000.0,3000.0,3000.0,3000.0,3000.0,3000.0,3000.0,3000.0,3000.0,3000.0,3000.0,3000.0,3000.0,3000.0,3000.0,3000.0,3000.0,3000.0,3000.0,3000.0,3000.0,3000.0,3000.0,3000.0,3000.0,3000.0,3000.0,3000.0,3000.0,3000.0,3000.0,3000.0,3000.0,3000.0,3000.0,3000.0,3000.0,3000.0,3000.0,3000.0,3000.0,3000.0,3000.0,3000.0,3000.0,3000.0,3000.0,3000.0,3000.0,3000.0,3000.0,3000.0,3000.0,3000.0,3000.0,3000.0,3000.0,3000.0,3000.0,3000.0,3000.0,3000.0,3000.0,3000.0,3000.0,3000.0,3000.0,3000.0,3000.0,3000.0,3000.0,3000.0,3000.0,3000.0,3000.0,3000.0,3000.0,3000.0,3000.0,1129.6169610364714,1035.921846563093,976.7265536250675,943.8756444278163,933.3333333333333,3000.0,3000.0,3000.0,1129.6169610364714,1035.921846563093,976.7265536250675,943.8756444278163,933.3333333333333,3000.0,3000.0,3000.0,1129.6169610364714,1035.921846563093,976.7265536250675,943.8756444278163,933.3333333333333,3000.0,3000.0,3000.0,1129.6169610364714,1035.921846563093,976.7265536250675,943.8756444278163,933.3333333333333,3000.0,3000.0,3000.0,1129.6169610364714,1035.921846563093,976.7265536250675,943.8756444278163,933.3333333333333,3000.0,3000.0,3000.0,1129.6169610364714,1035.921846563093,976.7265536250675,943.8756444278163,933.3333333333333,3000.0,3000.0,3000.0,1129.6169610364714,1035.921846563093,976.7265536250675,943.8756444278163,933.3333333333333,3000.0,3000.0,3000.0,1129.6169610364714,1035.921846563093,976.7265536250675,943.8756444278163,933.3333333333333,933.3333333333333,943.8756444278163,976.7265536250675,1035.921846563093,1129.6169610364714,3000.0,3000.0,3000.0,933.3333333333333,943.8756444278163,976.7265536250675,1035.921846563093,1129.6169610364714,3000.0,3000.0,3000.0,933.3333333333333,943.8756444278163,976.7265536250675,1035.921846563093,1129.6169610364714,3000.0,3000.0,3000.0,933.3333333333333,943.8756444278163,976.7265536250675,1035.921846563093,1129.6169610364714,3000.0,3000.0,3000.0,933.3333333333333,943.8756444278163,976.7265536250675,1035.921846563093,1129.6169610364714,3000.0,3000.0,3000.0,933.3333333333333,943.8756444278163,976.7265536250675,1035.921846563093,1129.6169610364714,3000.0,3000.0,3000.0,933.3333333333333,943.8756444278163,976.7265536250675,1035.921846563093,1129.6169610364714,3000.0,3000.0,3000.0,933.3333333333333,943.8756444278163,976.7265536250675,1035.921846563093,1129.6169610364714,3000.0,3000.0,3000.0,3000.0,3000.0,3000.0,3000.0,3000.0,3000.0,3000.0,3000.0,3000.0,3000.0,3000.0,3000.0,3000.0,3000.0,3000.0,3000.0,3000.0,3000.0,3000.0,3000.0,3000.0,3000.0,3000.0,3000.0,3000.0,3000.0,3000.0,3000.0,3000.0,3000.0,3000.0,3000.0,3000.0,3000.0,3000.0,3000.0,3000.0,3000.0,3000.0,3000.0,3000.0,3000.0,3000.0,3000.0,3000.0,3000.0,3000.0,3000.0,3000.0,3000.0,3000.0,3000.0,3000.0,3000.0,3000.0,3000.0,3000.0,3000.0,3000.0,3000.0,3000.0,3000.0,3000.0,3000.0
11800,3000.0,3000.0,3000.0,3000.0,3000.0,3000.0,3000.0,3000.0,3000.0,3000.0,3000.0,3000.0,3000.0,3000.0,3000.0,3000.0,3000.0,3000.0,3000.0,3000.0,3000.0,3000.0,3000.0,3000.0,3000.0,3000.0,3000.0,3000.0,3000.0,3000.0,3000.0,3000.0,3000.0,3000.0,3000.0,3000.0,3000.0,3000.0,3000.0,3000.0,3000.0,3000.0,3000.0,3000.0,3000.0,3000.0,3000.0,3000.0,3000.0,3000.0,3000.0,3000.0,3000.0,3000.0,3000.0,3000.0,3000.0,3000.0,3000.0,3000.0,3000.0,3000.0,3000.0,3000.0,3000.0,3000.0,3000.0,3000.0,3000.0,3000.0,3000.0,3000.0,3000.0,3000.0,3000.0,3000.0,3000.0,3000.0,3000.0,3000.0,3000.0,3000.0,3000.0,3000.0,3000.0,3000.0,3000.0,3000.0,3000.0,3000.0,3000.0,3000.0,3000.0,3000.0,3000.0,3000.0,3000.0,3000.0,3000.0,3000.0,3000.0,3000.0,3000.0,3000.0,3000.0,3000.0,3000.0,3000.0,3000.0,3000.0,3000.0,3000.0,3000.0,3000.0,3000.0,3000.0,3000.0,3000.0,3000.0,3000.0,3000.0,3000.0,3000.0,3000.0,3000.0,3000.0,3000.0,3000.0,3000.0,3000.0,3000.0,3000.0,3000.0,3000.0,3000.0,3000.0,3000.0,3000.0,3000.0,3000.0,3000.0,3000.0,3000.0,3000.0,3000.0,3000.0,3000.0,3000.0,3000.0,3000.0,3000.0,3000.0,3000.0,3000.0,3000.0,3000.0,3000.0,3000.0,3000.0,3000.0,3000.0,3000.0,3000.0,3000.0,3000.0,3000.0,3000.0,3000.0,3000.0,3000.0,3000.0,3000.0,3000.0,3000.0,3000.0,3000.0,3000.0,3000.0,3000.0,3000.0,3000.0,3000.0,3000.0,3000.0,3000.0,3000.0,3000.0,3000.0,3000.0,3000.0,3000.0,3000.0,3000.0,3000.0,3000.0,1149.7886924835516,1054.4204509660055,994.1680992255156,960.730566649742,950.0000000000003,3000.0,3000.0,3000.0,1149.7886924835516,1054.4204509660055,994.1680992255156,960.730566649742,950.0000000000003,3000.0,3000.0,3000.0,1149.7886924835516,1054.4204509660055,994.1680992255156,960.730566649742,950.0000000000003,3000.0,3000.0,3000.0,1149.7886924835516,1054.4204509660055,994.1680992255156,960.730566649742,950.0000000000003,3000.0,3000.0,3000.0,1149.7886924835516,1054.4204509660055,994.1680992255156,960.730566649742,950.0000000000003,3000.0,3000.0,3000.0,1149.7886924835516,1054.4204509660055,994.1680992255156,960.730566649742,950.0000000000003,3000.0,3000.0,3000.0,1149.7886924835516,1054.4204509660055,994.1680992255156,960.730566649742,950.0000000000003,3000.0,3000.0,3000.0,1149.7886924835516,1054.4204509660055,994.1680992255156,960.730566649742,950.0000000000003,950.0000000000003,960.730566649742,994.1680992255156,1054.4204509660055,1149.7886924835516,3000.0,3000.0,3000.0,950.0000000000003,960.730566649742,994.1680992255156,1054.4204509660055,1149.7886924835516,3000.0,3000.0,3000.0,950.0000000000003,960.730566649742,994.1680992255156,1054.4204509660055,1149.7886924835516,3000.0,3000.0,3000.0,950.0000000000003,960.730566649742,994.1680992255156,1054.4204509660055,1149.7886924835516,3000.0,3000.0,3000.0,950.0000000000003,960.730566649742,994.1680992255156,1054.4204509660055,1149.7886924835516,3000.0,3000.0,3000.0,950.0000000000003,960.730566649742,994.1680992255156,1054.4204509660055,1149.7886924835516,3000.0,3000.0,3000.0,950.0000000000003,960.730566649742,994.1680992255156,1054.4204509660055,1149.7886924835516,3000.0,3000.0,3000.0,950.0000000000003,960.730566649742,994.1680992255156,1054.4204509660055,1149.7886924835516,3000.0,3000.0,3000.0,3000.0,3000.0,3000.0,3000.0,3000.0,3000.0,3000.0,3000.0,3000.0,3000.0,3000.0,3000.0,3000.0,3000.0,3000.0,3000.0,3000.0,3000.0,3000.0,3000.0,3000.0,3000.0,3000.0,3000.0,3000.0,3000.0,3000.0,3000.0,3000.0,3000.0,3000.0,3000.0,3000.0,3000.0,3000.0,3000.0,3000.0,3000.0,3000.0,3000.0,3000.0,3000.0,3000.0,3000.0,3000.0,3000.0,3000.0,3000.0,3000.0,3000.0,3000.0,3000.0,3000.0,3000.0,3000.0,3000.0,3000.0,3000.0,3000.0,3000.0,3000.0,3000.0,3000.0,3000.0
11867,3000.0,3000.0,3000.0,3000.0,3000.0,3000.0,3000.0,3000.0,3000.0,3000.0,3000.0,3000.0,3000.0,3000.0,3000.0,3000.0,3000.0,3000.0,3000.0,3000.0,3000.0,3000.0,3000.0,3000.0,3000.0,3000.0,3000.0,3000.0,3000.0,3000.0,3000.0,3000.0,3000.0,3000.0,3000.0,3000.0,3000.0,3000.0,3000.0,3000.0,3000.0,3000.0,3000.0,3000.0,3000.0,3000.0,3000.0,3000.0,3000.0,3000.0,3000.0,3000.0,3000.0,3000.0,3000.0,3000.0,3000.0,3000.0,3000.0,3000.0,3000.0,3000.0,3000.0,3000.0,3000.0,3000.0,3000.0,3000.0,3000.0,3000.0,3000.0,3000.0,3000.0,3000.0,3000.0,3000.0,3000.0,3000.0,3000.0,3000.0,3000.0,3000.0,3000.0,3000.0,3000.0,3000.0,3000.0,3000.0,3000.0,3000.0,3000.0,3000.0,3000.0,3000.0,3000.0,3000.0,3000.0,3000.0,3000.0,3000.0,3000.0,3000.0,3000.0,3000.0,3000.0,3000.0,3000.0,3000.0,3000.0,3000.0,3000.0,3000.0,3000.0,3000.0,3000.0,3000.0,3000.0,3000.0,3000.0,3000.0,3000.0,3000.0,3000.0,3000.0,3000.0,3000.0,3000.0,3000.0,3000.0,3000.0,3000.0,3000.0,3000.0,3000.0,3000.0,3000.0,3000.0,3000.0,3000.0,3000.0,3000.0,3000.0,3000.0,3000.0,3000.0,3000.0,3000.0,3000.0,3000.0,3000.0,3000.0,3000.0,3000.0,3000.0,3000.0,3000.0,3000.0,3000.0,3000.0,3000.0,3000.0,3000.0,3000.0,3000.0,3000.0,3000.0,3000.0,3000.0,3000.0,3000.0,3000.0,3000.0,3000.0,3000.0,3000.0,3000.0,3000.0,3000.0,3000.0,3000.0,3000.0,3000.0,3000.0,3000.0,3000.0,3000.0,3000.0,3000.0,3000.0,3000.0,3000.0,3000.0,3000.0,3000.0,3000.0,1169.9604239306314,1072.919055368918,1011.6096448259631,977.585488871667,966.6666666666667,3000.0,3000.0,3000.0,1169.9604239306314,1072.919055368918,1011.6096448259631,977.585488871667,966.6666666666667,3000.0,3000.0,3000.0,1169.9604239306314,1072.919055368918,1011.6096448259631,977.585488871667,966.6666666666667,3000.0,3000.0,3000.0,1169.9604239306314,1072.919055368918,1011.6096448259631,977.585488871667,966.6666666666667,3000.0,3000.0,3000.0,1169.9604239306314,1072.919055368918,1011.6096448259631,977.585488871667,966.6666666666667,3000.0,3000.0,3000.0,1169.9604239306314,1072.919055368918,1011.6096448259631,977.585488871667,966.6666666666667,3000.0,3000.0,3000.0,1169.9604239306314,1072.919055368918,1011.6096448259631,977.585488871667,966.6666666666667,3000.0,3000.0,3000.0,1169.9604239306314,1072.919055368918,1011.6096448259631,977.585488871667,966.6666666666667,966.6666666666667,977.585488871667,1011.6096448259631,1072.919055368918,1169.9604239306314,3000.0,3000.0,3000.0,966.6666666666667,977.585488871667,1011.6096448259631,1072.919055368918,1169.9604239306314,3000.0,3000.0,3000.0,966.6666666666667,977.585488871667,1011.6096448259631,1072.919055368918,1169.9604239306314,3000.0,3000.0,3000.0,966.6666666666667,977.585488871667,1011.6096448259631,1072.919055368918,1169.9604239306314,3000.0,3000.0,3000.0,966.6666666666667,977.585488871667,1011.6096448259631,1072.919055368918,1169.9604239306314,3000.0,3000.0,3000.0,966.6666666666667,977.585488871667,1011.6096448259631,1072.919055368918,1169.9604239306314,3000.0,3000.0,3000.0,966.6666666666667,977.585488871667,1011.6096448259631,1072.919055368918,1169.9604239306314,3000.0,3000.0,3000.0,966.6666666666667,977.585488871667,1011.6096448259631,1072.919055368918,1169.9604239306314,3000.0,3000.0,3000.0,3000.0,3000.0,3000.0,3000.0,3000.0,3000.0,3000.0,3000.0,3000.0,3000.0,3000.0,3000.0,3000.0,3000.0,3000.0,3000.0,3000.0,3000.0,3000.0,3000.0,3000.0,3000.0,3000.0,3000.0,3000.0,3000.0,3000.0,3000.0,3000.0,3000.0,3000.0,3000.0,3000.0,3000.0,3000.0,3000.0,3000.0,3000.0,3000.0,3000.0,3000.0,3000.0,3000.0,3000.0,3000.0,3000.0,3000.0,3000.0,3000.0,3000.0,3000.0,3000.0,3000.0,3000.0,3000.0,3000.0,3000.0,3000.0,3000.0,3000.0,3000.0,3000.0,3000.0,3000.0
11933,3000.0,3000.0,3000.0,3000.0,3000.0,3000.0,3000.0,3000.0,3000.0,3000.0,3000.0,3000.0,3000.0,3000.0,3000.0,3000.0,3000.0,3000.0,3000.0,3000.0,3000.0,3000.0,3000.0,3000.0,3000.0,3000.0,3000.0,3000.0,3000.0,3000.0,3000.0,3000.0,3000.0,3000.0,3000.0,3000.0,3000.0,3000.0,3000.0,3000.0,3000.0,3000.0,3000.0,3000.0,3000.0,3000.0,3000.0,3000.0,3000.0,3000.0,3000.0,3000.0,3000.0,3000.0,3000.0,3000.0,3000.0,3000.0,3000.0,3000.0,3000.0,3000.0,3000.0,3000.0,3000.0,3000.0,3000.0,3000.0,3000.0,3000.0,3000.0,3000.0,3000.0,3000.0,3000.0,3000.0,3000.0,3000.0,3000.0,3000.0,3000.0,3000.0,3000.0,3000.0,3000.0,3000.0,3000.0,3000.0,3000.0,3000.0,3000.0,3000.0,3000.0,3000.0,3000.0,3000.0,3000.0,3000.0,3000.0,3000.0,3000.0,3000.0,3000.0,3000.0,3000.0,3000.0,3000.0,3000.0,3000.0,3000.0,3000.0,3000.0,3000.0,3000.0,3000.0,3000.0,3000.0,3000.0,3000.0,3000.0,3000.0,3000.0,3000.0,3000.0,3000.0,3000.0,3000.0,3000.0,3000.0,3000.0,3000.0,3000.0,3000.0,3000.0,3000.0,3000.0,3000.0,3000.0,3000.0,3000.0,3000.0,3000.0,3000.0,3000.0,3000.0,3000.0,3000.0,3000.0,3000.0,3000.0,3000.0,3000.0,3000.0,3000.0,3000.0,3000.0,3000.0,3000.0,3000.0,3000.0,3000.0,3000.0,3000.0,3000.0,3000.0,3000.0,3000.0,3000.0,3000.0,3000.0,3000.0,3000.0,3000.0,3000.0,3000.0,3000.0,3000.0,3000.0,3000.0,3000.0,3000.0,3000.0,3000.0,3000.0,3000.0,3000.0,3000.0,3000.0,3000.0,3000.0,3000.0,3000.0,3000.0,3000.0,3000.0,1190.1321553777111,1091.4176597718301,1029.0511904264106,994.4404110935924,983.3333333333334,3000.0,3000.0,3000.0,1190.1321553777111,1091.4176597718301,1029.0511904264106,994.4404110935924,983.3333333333334,3000.0,3000.0,3000.0,1190.1321553777111,1091.4176597718301,1029.0511904264106,994.4404110935924,983.3333333333334,3000.0,3000.0,3000.0,1190.1321553777111,1091.4176597718301,1029.0511904264106,994.4404110935924,983.3333333333334,3000.0,3000.0,3000.0,1190.1321553777111,1091.4176597718301,1029.0511904264106,994.4404110935924,983.3333333333334,3000.0,3000.0,3000.0,1190.1321553777111,1091.4176597718301,1029.0511904264106,994.4404110935924,983.3333333333334,3000.0,3000.0,3000.0,1190.1321553777111,1091.4176597718301,1029.0511904264106,994.4404110935924,983.3333333333334,3000.0,3000.0,3000.0,1190.1321553777111,1091.4176597718301,1029.0511904264106,994.4404110935924,983.3333333333334,983.3333333333334,994.4404110935924,1029.0511904264106,1091.4176597718301,1190.1321553777111,3000.0,3000.0,3000.0,983.3333333333334,994.4404110935924,1029.0511904264106,1091.4176597718301,1190.1321553777111,3000.0,3000.0,3000.0,983.3333333333334,994.4404110935924,1029.0511904264106,1091.4176597718301,1190.1321553777111,3000.0,3000.0,3000.0,983.3333333333334,994.4404110935924,1029.0511904264106,1091.4176597718301,1190.1321553777111,3000.0,3000.0,3000.0,983.3333333333334,994.4404110935924,1029.0511904264106,1091.4176597718301,1190.1321553777111,3000.0,3000.0,3000.0,983.3333333333334,994.4404110935924,1029.0511904264106,1091.4176597718301,1190.1321553777111,3000.0,3000.0,3000.0,983.3333333333334,994.4404110935924,1029.0511904264106,1091.4176597718301,1190.1321553777111,3000.0,3000.0,3000.0,983.3333333333334,994.4404110935924,1029.0511904264106,1091.4176597718301,1190.1321553777111,3000.0,3000.0,3000.0,3000.0,3000.0,3000.0,3000.0,3000.0,3000.0,3000.0,3000.0,3000.0,3000.0,3000.0,3000.0,3000.0,3000.0,3000.0,3000.0,3000.0,3000.0,3000.0,3000.0,3000.0,3000.0,3000.0,3000.0,3000.0,3000.0,3000.0,3000.0,3000.0,3000.0,3000.0,3000.0,3000.0,3000.0,3000.0,3000.0,3000.0,3000.0,3000.0,3000.0,3000.0,3000.0,3000.0,3000.0,3000.0,3000.0,3000.0,3000.0,3000.0,3000.0,3000.0,3000.0,3000.0,3000.0,3000.0,3000.0,3000.0,3000.0,3000.0,3000.0,3000.0,3000.0,3000.0,3000.0
12000,3000.0,3000.0,3000.0,3000.0,3000.0,3000.0,3000.0,3000.0,3000.0,3000.0,3000.0,3000.0,3000.0,3000.0,3000.0,3000.0,3000.0,3000.0,3000.0,3000.0,3000.0,3000.0,3000.0,3000.0,3000.0,3000.0,3000.0,3000.0,3000.0,3000.0,3000.0,3000.0,3000.0,3000.0,3000.0,3000.0,3000.0,3000.0,3000.0,3000.0,3000.0,3000.0,3000.0,3000.0,3000.0,3000.0,3000.0,3000.0,3000.0,3000.0,3000.0,3000.0,3000.0,3000.0,3000.0,3000.0,3000.0,3000.0,3000.0,3000.0,3000.0,3000.0,3000.0,3000.0,3000.0,3000.0,3000.0,3000.0,3000.0,3000.0,3000.0,3000.0,3000.0,3000.0,3000.0,3000.0,3000.0,3000.0,3000.0,3000.0,3000.0,3000.0,3000.0,3000.0,3000.0,3000.0,3000.0,3000.0,3000.0,3000.0,3000.0,3000.0,3000.0,3000.0,3000.0,3000.0,3000.0,3000.0,3000.0,3000.0,3000.0,3000.0,3000.0,3000.0,3000.0,3000.0,3000.0,3000.0,3000.0,3000.0,3000.0,3000.0,3000.0,3000.0,3000.0,3000.0,3000.0,3000.0,3000.0,3000.0,3000.0,3000.0,3000.0,3000.0,3000.0,3000.0,3000.0,3000.0,3000.0,3000.0,3000.0,3000.0,3000.0,3000.0,3000.0,3000.0,3000.0,3000.0,3000.0,3000.0,3000.0,3000.0,3000.0,3000.0,3000.0,3000.0,3000.0,3000.0,3000.0,3000.0,3000.0,3000.0,3000.0,3000.0,3000.0,3000.0,3000.0,3000.0,3000.0,3000.0,3000.0,3000.0,3000.0,3000.0,3000.0,3000.0,3000.0,3000.0,3000.0,3000.0,3000.0,3000.0,3000.0,3000.0,3000.0,3000.0,3000.0,3000.0,3000.0,3000.0,3000.0,3000.0,3000.0,3000.0,3000.0,3000.0,3000.0,3000.0,3000.0,3000.0,3000.0,3000.0,3000.0,3000.0,3000.0,1210.3038868247909,1109.9162641747425,1046.4927360268582,1011.2953333155177,1000.0,3000.0,3000.0,3000.0,1210.3038868247909,1109.9162641747425,1046.4927360268582,1011.2953333155177,1000.0,3000.0,3000.0,3000.0,1210.3038868247909,1109.9162641747425,1046.4927360268582,1011.2953333155177,1000.0,3000.0,3000.0,3000.0,1210.3038868247909,1109.9162641747425,1046.4927360268582,1011.2953333155177,1000.0,3000.0,3000.0,3000.0,1210.3038868247909,1109.9162641747425,1046.4927360268582,1011.2953333155177,1000.0,3000.0,3000.0,3000.0,1210.3038868247909,1109.9162641747425,1046.4927360268582,1011.2953333155177,1000.0,3000.0,3000.0,3000.0,1210.3038868247909,1109.9162641747425,1046.4927360268582,1011.2953333155177,1000.0,3000.0,3000.0,3000.0,1210.3038868247909,1109.9162641747425,1046.4927360268582,1011.2953333155177,1000.0,1000.0,1011.2953333155177,1046.4927360268582,1109.9162641747425,1210.3038868247909,3000.0,3000.0,3000.0,1000.0,1011.2953333155177,1046.4927360268582,1109.9162641747425,1210.3038868247909,3000.0,3000.0,3000.0,1000.0,1011.2953333155177,1046.4927360268582,1109.9162641747425,1210.3038868247909,3000.0,3000.0,3000.0,1000.0,1011.2953333155177,1046.4927360268582,1109.9162641747425,1210.3038868247909,3000.0,3000.0,3000.0,1000.0,1011.2953333155177,1046.4927360268582,1109.9162641747425,1210.3038868247909,3000.0,3000.0,3000.0,1000.0,1011.2953333155177,1046.4927360268582,1109.9162641747425,1210.3038868247909,3000.0,3000.0,3000.0,1000.0,1011.2953333155177,1046.4927360268582,1109.9162641747425,1210.3038868247909,3000.0,3000.0,3000.0,1000.0,1011.2953333155177,1046.4927360268582,1109.9162641747425,1210.3038868247909,3000.0,3000.0,3000.0,3000.0,3000.0,3000.0,3000.0,3000.0,3000.0,3000.0,3000.0,3000.0,3000.0,3000.0,3000.0,3000.0,3000.0,3000.0,3000.0,3000.0,3000.0,3000.0,3000.0,3000.0,3000.0,3000.0,3000.0,3000.0,3000.0,3000.0,3000.0,3000.0,3000.0,3000.0,3000.0,3000.0,3000.0,3000.0,3000.0,3000.0,3000.0,3000.0,3000.0,3000.0,3000.0,3000.0,3000.0,3000.0,3000.0,3000.0,3000.0,3000.0,3000.0,3000.0,3000.0,3000.0,3000.0,3000.0,3000.0,3000.0,3000.0,3000.0,3000.0,3000.0,3000.0,3000.0,3000.0
12067,3000.0,3000.0,3000.0,3000.0,3000.0,3000.0,3000.0,3000.0,3000.0,3000.0,3000.0,3000.0,3000.0,3000.0,3000.0,3000.0,3000.0,3000.0,3000.0,3000.0,3000.0,3000.0,3000.0,3000.0,3000.0,3000.0,3000.0,3000.0,3000.0,3000.0,3000.0,3000.0,3000.0,3000.0,3000.0,3000.0,3000.0,3000.0,3000.0,3000.0,3000.0,3000.0,3000.0,3000.0,3000.0,3000.0,3000.0,3000.0,3000.0,3000.0,3000.0,3000.0,3000.0,3000.0,3000.0,3000.0,3000.0,3000.0,3000.0,3000.0,3000.0,3000.0,3000.0,3000.0,3000.0,3000.0,3000.0,3000.0,3000.0,3000.0,3000.0,3000.0,3000.0,3000.0,3000.0,3000.0,3000.0,3000.0,3000.0,3000.0,3000.0,3000.0,3000.0,3000.0,3000.0,3000.0,3000.0,3000.0,3000.0,3000.0,3000.0,3000.0,3000.0,3000.0,3000.0,3000.0,3000.0,3000.0,3000.0,3000.0,3000.0,3000.0,3000.0,3000.0,3000.0,3000.0,3000.0,3000.0,3000.0,3000.0,3000.0,3000.0,3000.0,3000.0,3000.0,3000.0,3000.0,3000.0,3000.0,3000.0,3000.0,3000.0,3000.0,3000.0,3000.0,3000.0,3000.0,3000.0,3000.0,3000.0,3000.0,3000.0,3000.0,3000.0,3000.0,3000.0,3000.0,3000.0,3000.0,3000.0,3000.0,3000.0,3000.0,3000.0,3000.0,3000.0,3000.0,3000.0,3000.0,3000.0,3000.0,3000.0,3000.0,3000.0,3000.0,3000.0,3000.0,3000.0,3000.0,3000.0,3000.0,3000.0,3000.0,3000.0,3000.0,3000.0,3000.0,3000.0,3000.0,3000.0,3000.0,3000.0,3000.0,3000.0,3000.0,3000.0,3000.0,3000.0,3000.0,3000.0,3000.0,3000.0,3000.0,3000.0,3000.0,3000.0,3000.0,3000.0,3000.0,3000.0,3000.0,3000.0,3000.0,3000.0,3000.0,1230.4756182718709,1128.4148685776547,1063.9342816273058,1028.150255537443,1016.6666666666666,3000.0,3000.0,3000.0,1230.4756182718709,1128.4148685776547,1063.9342816273058,1028.150255537443,1016.6666666666666,3000.0,3000.0,3000.0,1230.4756182718709,1128.4148685776547,1063.9342816273058,1028.150255537443,1016.6666666666666,3000.0,3000.0,3000.0,1230.4756182718709,1128.4148685776547,1063.9342816273058,1028.150255537443,1016.6666666666666,3000.0,3000.0,3000.0,1230.4756182718709,1128.4148685776547,1063.9342816273058,1028.150255537443,1016.6666666666666,3000.0,3000.0,3000.0,1230.4756182718709,1128.4148685776547,1063.9342816273058,1028.150255537443,1016.6666666666666,3000.0,3000.0,3000.0,1230.4756182718709,1128.4148685776547,1063.9342816273058,1028.150255537443,1016.6666666666666,3000.0,3000.0,3000.0,1230.4756182718709,1128.4148685776547,1063.9342816273058,1028.150255537443,1016.6666666666666,1016.6666666666666,1028.150255537443,1063.9342816273058,1128.4148685776547,1230.4756182718709,3000.0,3000.0,3000.0,1016.6666666666666,1028.150255537443,1063.9342816273058,1128.4148685776547,1230.4756182718709,3000.0,3000.0,3000.0,1016.6666666666666,1028.150255537443,1063.9342816273058,1128.4148685776547,1230.4756182718709,3000.0,3000.0,3000.0,1016.6666666666666,1028.150255537443,1063.9342816273058,1128.4148685776547,1230.4756182718709,3000.0,3000.0,3000.0,1016.6666666666666,1028.150255537443,1063.9342816273058,1128.4148685776547,1230.4756182718709,3000.0,3000.0,3000.0,1016.6666666666666,1028.150255537443,1063.9342816273058,1128.4148685776547,1230.4756182718709,3000.0,3000.0,3000.0,1016.6666666666666,1028.150255537443,1063.9342816273058,1128.4148685776547,1230.4756182718709,3000.0,3000.0,3000.0,1016.6666666666666,1028.150255537443,1063.9342816273058,1128.4148685776547,1230.4756182718709,3000.0,3000.0,3000.0,3000.0,3000.0,3000.0,3000.0,3000.0,3000.0,3000.0,3000.0,3000.0,3000.0,3000.0,3000.0,3000.0,3000.0,3000.0,3000.0,3000.0,3000.0,3000.0,3000.0,3000.0,3000.0,3000.0,3000.0,3000.0,3000.0,3000.0,3000.0,3000.0,3000.0,3000.0,3000.0,3000.0,3000.0,3000.0,3000.0,3000.0,3000.0,3000.0,3000.0,3000.0,3000.0,3000.0,3000.0,3000.0,3000.0,3000.0,3000.0,3000.0,3000.0,3000.0,3000.0,3000.0,3000.0,3000.0,3000.0,3000.0,3000.0,3000.0,3000.0,3000.0,3000.0,3000.0,3000.0
12133,3000.0,3000.0,3000.0,3000.0,3000.0,3000.0,3000.0,3000.0,3000.0,3000.0,3000.0,3000.0,3000.0,3000.0,3000.0,3000.0,3000.0,3000.0,3000.0,3000.0,3000.0,3000.0,3000.0,3000.0,3000.0,3000.0,3000.0,3000.0,3000.0,3000.0,3000.0,3000.0,3000.0,3000.0,3000.0,3000.0,3000.0,3000.0,3000.0,3000.0,3000.0,3000.0,3000.0,3000.0,3000.0,3000.0,3000.0,3000.0,3000.0,3000.0,3000.0,3000.0,3000.0,3000.0,3000.0,3000.0,3000.0,3000.0,3000.0,3000.0,3000.0,3000.0,3000.0,3000.0,3000.0,3000.0,3000.0,3000.0,3000.0,3000.0,3000.0,3000.0,3000.0,3000.0,3000.0,3000.0,3000.0,3000.0,3000.0,3000.0,3000.0,3000.0,3000.0,3000.0,3000.0,3000.0,3000.0,3000.0,3000.0,3000.0,3000.0,3000.0,3000.0,3000.0,3000.0,3000.0,3000.0,3000.0,3000.0,3000.0,3000.0,3000.0,3000.0,3000.0,3000.0,3000.0,3000.0,3000.0,3000.0,3000.0,3000.0,3000.0,3000.0,3000.0,3000.0,3000.0,3000.0,3000.0,3000.0,3000.0,3000.0,3000.0,3000.0,3000.0,3000.0,3000.0,3000.0,3000.0,3000.0,3000.0,3000.0,3000.0,3000.0,3000.0,3000.0,3000.0,3000.0,3000.0,3000.0,3000.0,3000.0,3000.0,3000.0,3000.0,3000.0,3000.0,3000.0,3000.0,3000.0,3000.0,3000.0,3000.0,3000.0,3000.0,3000.0,3000.0,3000.0,3000.0,3000.0,3000.0,3000.0,3000.0,3000.0,3000.0,3000.0,3000.0,3000.0,3000.0,3000.0,3000.0,3000.0,3000.0,3000.0,3000.0,3000.0,3000.0,3000.0,3000.0,3000.0,3000.0,3000.0,3000.0,3000.0,3000.0,3000.0,3000.0,3000.0,3000.0,3000.0,3000.0,3000.0,3000.0,3000.0,3000.0,3000.0,1250.6473497189506,1146.913472980567,1081.3758272277535,1045.005177759368,1033.3333333333333,3000.0,3000.0,3000.0,1250.6473497189506,1146.913472980567,1081.3758272277535,1045.005177759368,1033.3333333333333,3000.0,3000.0,3000.0,1250.6473497189506,1146.913472980567,1081.3758272277535,1045.005177759368,1033.3333333333333,3000.0,3000.0,3000.0,1250.6473497189506,1146.913472980567,1081.3758272277535,1045.005177759368,1033.3333333333333,3000.0,3000.0,3000.0,1250.6473497189506,1146.913472980567,1081.3758272277535,1045.005177759368,1033.3333333333333,3000.0,3000.0,3000.0,1250.6473497189506,1146.913472980567,1081.3758272277535,1045.005177759368,1033.3333333333333,3000.0,3000.0,3000.0,1250.6473497189506,1146.913472980567,1081.3758272277535,1045.005177759368,1033.3333333333333,3000.0,3000.0,3000.0,1250.6473497189506,1146.913472980567,1081.3758272277535,1045.005177759368,1033.3333333333333,1033.3333333333333,1045.005177759368,1081.3758272277535,1146.913472980567,1250.6473497189506,3000.0,3000.0,3000.0,1033.3333333333333,1045.005177759368,1081.3758272277535,1146.913472980567,1250.6473497189506,3000.0,3000.0,3000.0,1033.3333333333333,1045.005177759368,1081.3758272277535,1146.913472980567,1250.6473497189506,3000.0,3000.0,3000.0,1033.3333333333333,1045.005177759368,1081.3758272277535,1146.913472980567,1250.6473497189506,3000.0,3000.0,3000.0,1033.3333333333333,1045.005177759368,1081.3758272277535,1146.913472980567,1250.6473497189506,3000.0,3000.0,3000.0,1033.3333333333333,1045.005177759368,1081.3758272277535,1146.913472980567,1250.6473497189506,3000.0,3000.0,3000.0,1033.3333333333333,1045.005177759368,1081.3758272277535,1146.913472980567,1250.6473497189506,3000.0,3000.0,3000.0,1033.3333333333333,1045.005177759368,1081.3758272277535,1146.913472980567,1250.6473497189506,3000.0,3000.0,3000.0,3000.0,3000.0,3000.0,3000.0,3000.0,3000.0,3000.0,3000.0,3000.0,3000.0,3000.0,3000.0,3000.0,3000.0,3000.0,3000.0,3000.0,3000.0,3000.0,3000.0,3000.0,3000.0,3000.0,3000.0,3000.0,3000.0,3000.0,3000.0,3000.0,3000.0,3000.0,3000.0,3000.0,3000.0,3000.0,3000.0,3000.0,3000.0,3000.0,3000.0,3000.0,3000.0,3000.0,3000.0,3000.0,3000.0,3000.0,3000.0,3000.0,3000.0,3000.0,3000.0,3000.0,3000.0,3000.0,3000.0,3000.0,3000.0,3000.0,3000.0,3000.0,3000.0,3000.0,3000.0
12200,3000.0,3000.0,3000.0,3000.0,3000.0,3000.0,3000.0,3000.0,3000.0,3000.0,3000.0,3000.0,3000.0,3000.0,3000.0,3000.0,3000.0,3000.0,3000.0,3000.0,3000.0,3000.0,3000.0,3000.0,3000.0,3000.0,3000.0,3000.0,3000.0,3000.0,3000.0,3000.0,3000.0,3000.0,3000.0,3000.0,3000.0,3000.0,3000.0,3000.0,3000.0,3000.0,3000.0,3000.0,3000.0,3000.0,3000.0,3000.0,3000.0,3000.0,3000.0,3000.0,3000.0,3000.0,3000.0,3000.0,3000.0,3000.0,3000.0,3000.0,3000.0,3000.0,3000.0,3000.0,3000.0,3000.0,3000.0,3000.0,3000.0,3000.0,3000.0,3000.0,3000.0,3000.0,3000.0,3000.0,3000.0,3000.0,3000.0,3000.0,3000.0,3000.0,3000.0,3000.0,3000.0,3000.0,3000.0,3000.0,3000.0,3000.0,3000.0,3000.0,3000.0,3000.0,3000.0,3000.0,3000.0,3000.0,3000.0,3000.0,3000.0,3000.0,3000.0,3000.0,3000.0,3000.0,3000.0,3000.0,3000.0,3000.0,3000.0,3000.0,3000.0,3000.0,3000.0,3000.0,3000.0,3000.0,3000.0,3000.0,3000.0,3000.0,3000.0,3000.0,3000.0,3000.0,3000.0,3000.0,3000.0,3000.0,3000.0,3000.0,3000.0,3000.0,3000.0,3000.0,3000.0,3000.0,3000.0,3000.0,3000.0,3000.0,3000.0,3000.0,3000.0,3000.0,3000.0,3000.0,3000.0,3000.0,3000.0,3000.0,3000.0,3000.0,3000.0,3000.0,3000.0,3000.0,3000.0,3000.0,3000.0,3000.0,3000.0,3000.0,3000.0,3000.0,3000.0,3000.0,3000.0,3000.0,3000.0,3000.0,3000.0,3000.0,3000.0,3000.0,3000.0,3000.0,3000.0,3000.0,3000.0,3000.0,3000.0,3000.0,3000.0,3000.0,3000.0,3000.0,3000.0,3000.0,3000.0,3000.0,3000.0,3000.0,3000.0,1270.8190811660302,1165.4120773834793,1098.8173728282009,1061.8600999812932,1049.9999999999998,3000.0,3000.0,3000.0,1270.8190811660302,1165.4120773834793,1098.8173728282009,1061.8600999812932,1049.9999999999998,3000.0,3000.0,3000.0,1270.8190811660302,1165.4120773834793,1098.8173728282009,1061.8600999812932,1049.9999999999998,3000.0,3000.0,3000.0,1270.8190811660302,1165.4120773834793,1098.8173728282009,1061.8600999812932,1049.9999999999998,3000.0,3000.0,3000.0,1270.8190811660302,1165.4120773834793,1098.8173728282009,1061.8600999812932,1049.9999999999998,3000.0,3000.0,3000.0,1270.8190811660302,1165.4120773834793,1098.8173728282009,1061.8600999812932,1049.9999999999998,3000.0,3000.0,3000.0,1270.8190811660302,1165.4120773834793,1098.8173728282009,1061.8600999812932,1049.9999999999998,3000.0,3000.0,3000.0,1270.8190811660302,1165.4120773834793,1098.8173728282009,1061.8600999812932,1049.9999999999998,1049.9999999999998,1061.8600999812932,1098.8173728282009,1165.4120773834793,1270.8190811660302,3000.0,3000.0,3000.0,1049.9999999999998,1061.8600999812932,1098.8173728282009,1165.4120773834793,1270.8190811660302,3000.0,3000.0,3000.0,1049.9999999999998,1061.8600999812932,1098.8173728282009,1165.4120773834793,1270.8190811660302,3000.0,3000.0,3000.0,1049.9999999999998,1061.8600999812932,1098.8173728282009,1165.4120773834793,1270.8190811660302,3000.0,3000.0,3000.0,1049.9999999999998,1061.8600999812932,1098.8173728282009,1165.4120773834793,1270.8190811660302,3000.0,3000.0,3000.0,1049.9999999999998,1061.8600999812932,1098.8173728282009,1165.4120773834793,1270.8190811660302,3000.0,3000.0,3000.0,1049.9999999999998,1061.8600999812932,1098.8173728282009,1165.4120773834793,1270.8190811660302,3000.0,3000.0,3000.0,1049.9999999999998,1061.8600999812932,1098.8173728282009,1165.4120773834793,1270.8190811660302,3000.0,3000.0,3000.0,3000.0,3000.0,3000.0,3000.0,3000.0,3000.0,3000.0,3000.0,3000.0,3000.0,3000.0,3000.0,3000.0,3000.0,3000.0,3000.0,3000.0,3000.0,3000.0,3000.0,3000.0,3000.0,3000.0,3000.0,3000.0,3000.0,3000.0,3000.0,3000.0,3000.0,3000.0,3000.0,3000.0,3000.0,3000.0,3000.0,3000.0,3000.0,3000.0,3000.0,3000.0,3000.0,3000.0,3000.0,3000.0,3000.0,3000.0,3000.0,3000.0,3000.0,3000.0,3000.0,3000.0,3000.0,3000.0,3000.0,3000.0,3000.0,3000.0,3000.0,3000.0,3000.0,3000.0,3000.0
12267,3000.0,3000.0,3000.0,3000.0,3000.0,3000.0,3000.0,3000.0,3000.0,3000.0,3000.0,3000.0,3000.0,3000.0,3000.0,3000.0,3000.0,3000.0,3000.0,3000.0,3000.0,3000.0,3000.0,3000.0,3000.0,3000.0,3000.0,3000.0,3000.0,3000.0,3000.0,3000.0,3000.0,3000.0,3000.0,3000.0,3000.0,3000.0,3000.0,3000.0,3000.0,3000.0,3000.0,3000.0,3000.0,3000.0,3000.0,3000.0,3000.0,3000.0,3000.0,3000.0,3000.0,3000.0,3000.0,3000.0,3000.0,3000.0,3000.0,3000.0,3000.0,3000.0,3000.0,3000.0,3000.0,3000.0,3000.0,3000.0,3000.0,3000.0,3000.0,3000.0,3000.0,3000.0,3000.0,3000.0,3000.0,3000.0,3000.0,3000.0,3000.0,3000.0,3000.0,3000.0,3000.0,3000.0,3000.0,3000.0,3000.0,3000.0,3000.0,3000.0,3000.0,3000.0,3000.0,3000.0,3000.0,3000.0,3000.0,3000.0,3000.0,3000.0,3000.0,3000.0,3000.0,3000.0,3000.0,3000.0,3000.0,3000.0,3000.0,3000.0,3000.0,3000.0,3000.0,3000.0,3000.0,3000.0,3000.0,3000.0,3000.0,3000.0,3000.0,3000.0,3000.0,3000.0,3000.0,3000.0,3000.0,3000.0,3000.0,3000.0,3000.0,3000.0,3000.0,3000.0,3000.0,3000.0,3000.0,3000.0,3000.0,3000.0,3000.0,3000.0,3000.0,3000.0,3000.0,3000.0,3000.0,3000.0,3000.0,3000.0,3000.0,3000.0,3000.0,3000.0,3000.0,3000.0,3000.0,3000.0,3000.0,3000.0,3000.0,3000.0,3000.0,3000.0,3000.0,3000.0,3000.0,3000.0,3000.0,3000.0,3000.0,3000.0,3000.0,3000.0,3000.0,3000.0,3000.0,3000.0,3000.0,3000.0,3000.0,3000.0,3000.0,3000.0,3000.0,3000.0,3000.0,3000.0,3000.0,3000.0,3000.0,3000.0,3000.0,1290.9908126131104,1183.910681786392,1116.258918428649,1078.715022203219,1066.666666666667,3000.0,3000.0,3000.0,1290.9908126131104,1183.910681786392,1116.258918428649,1078.715022203219,1066.666666666667,3000.0,3000.0,3000.0,1290.9908126131104,1183.910681786392,1116.258918428649,1078.715022203219,1066.666666666667,3000.0,3000.0,3000.0,1290.9908126131104,1183.910681786392,1116.258918428649,1078.715022203219,1066.666666666667,3000.0,3000.0,3000.0,1290.9908126131104,1183.910681786392,1116.258918428649,1078.715022203219,1066.666666666667,3000.0,3000.0,3000.0,1290.9908126131104,1183.910681786392,1116.258918428649,1078.715022203219,1066.666666666667,3000.0,3000.0,3000.0,1290.9908126131104,1183.910681786392,1116.258918428649,1078.715022203219,1066.666666666667,3000.0,3000.0,3000.0,1290.9908126131104,1183.910681786392,1116.258918428649,1078.715022203219,1066.666666666667,1066.666666666667,1078.715022203219,1116.258918428649,1183.910681786392,1290.9908126131104,3000.0,3000.0,3000.0,1066.666666666667,1078.715022203219,1116.258918428649,1183.910681786392,1290.9908126131104,3000.0,3000.0,3000.0,1066.666666666667,1078.715022203219,1116.258918428649,1183.910681786392,1290.9908126131104,3000.0,3000.0,3000.0,1066.666666666667,1078.715022203219,1116.258918428649,1183.910681786392,1290.9908126131104,3000.0,3000.0,3000.0,1066.666666666667,1078.715022203219,1116.258918428649,1183.910681786392,1290.9908126131104,3000.0,3000.0,3000.0,1066.666666666667,1078.715022203219,1116.258918428649,1183.910681786392,1290.9908126131104,3000.0,3000.0,3000.0,1066.666666666667,1078.715022203219,1116.258918428649,1183.910681786392,1290.9908126131104,3000.0,3000.0,3000.0,1066.666666666667,1078.715022203219,1116.258918428649,1183.910681786392,1290.9908126131104,3000.0,3000.0,3000.0,3000.0,3000.0,3000.0,3000.0,3000.0,3000.0,3000.0,3000.0,3000.0,3000.0,3000.0,3000.0,3000.0,3000.0,3000.0,3000.0,3000.0,3000.0,3000.0,3000.0,3000.0,3000.0,3000.0,3000.0,3000.0,3000.0,3000.0,3000.0,3000.0,3000.0,3000.0,3000.0,3000.0,3000.0,3000.0,3000.0,3000.0,3000.0,3000.0,3000.0,3000.0,3000.0,3000.0,3000.0,3000.0,3000.0,3000.0,3000.0,3000.0,3000.0,3000.0,3000.0,3000.0,3000.0,3000.0,3000.0,3000.0,3000.0,3000.0,3000.0,3000.0,3000.0,3000.0,3000.0
12333,3000.0,3000.0,3000.0,3000.0,3000.0,3000.0,3000.0,3000.0,3000.0,3000.0,3000.0,3000.0,3000.0,3000.0,3000.0,3000.0,3000.0,3000.0,3000.0,3000.0,3000.0,3000.0,3000.0,3000.0,3000.0,3000.0,3000.0,3000.0,3000.0,3000.0,3000.0,3000.0,3000.0,3000.0,3000.0,3000.0,3000.0,3000.0,3000.0,3000.0,3000.0,3000.0,3000.0,3000.0,3000.0,3000.0,3000.0,3000.0,3000.0,3000.0,3000.0,3000.0,3000.0,3000.0,3000.0,3000.0,3000.0,3000.0,3000.0,3000.0,3000.0,3000.0,3000.0,3000.0,3000.0,3000.0,3000.0,3000.0,3000.0,3000.0,3000.0,3000.0,3000.0,3000.0,3000.0,3000.0,3000.0,3000.0,3000.0,3000.0,3000.0,3000.0,3000.0,3000.0,3000.0,3000.0,3000.0,3000.0,3000.0,3000.0,3000.0,3000.0,3000.0,3000.0,3000.0,3000.0,3000.0,3000.0,3000.0,3000.0,3000.0,3000.0,3000.0,3000.0,3000.0,3000.0,3000.0,3000.0,3000.0,3000.0,3000.0,3000.0,3000.0,3000.0,3000.0,3000.0,3000.0,3000.0,3000.0,3000.0,3000.0,3000.0,3000.0,3000.0,3000.0,3000.0,3000.0,3000.0,3000.0,3000.0,3000.0,3000.0,3000.0,3000.0,3000.0,3000.0,3000.0,3000.0,3000.0,3000.0,3000.0,3000.0,3000.0,3000.0,3000.0,3000.0,3000.0,3000.0,3000.0,3000.0,3000.0,3000.0,3000.0,3000.0,3000.0,3000.0,3000.0,3000.0,3000.0,3000.0,3000.0,3000.0,3000.0,3000.0,3000.0,3000.0,3000.0,3000.0,3000.0,3000.0,3000.0,3000.0,3000.0,3000.0,3000.0,3000.0,3000.0,3000.0,3000.0,3000.0,3000.0,3000.0,3000.0,3000.0,3000.0,3000.0,3000.0,3000.0,3000.0,3000.0,3000.0,3000.0,3000.0,3000.0,3000.0,1311.1625440601904,1202.4092861893043,1133.7004640290963,1095.569944425144,1083.3333333333335,3000.0,3000.0,3000.0,1311.1625440601904,1202.4092861893043,1133.7004640290963,1095.569944425144,1083.3333333333335,3000.0,3000.0,3000.0,1311.1625440601904,1202.4092861893043,1133.7004640290963,1095.569944425144,1083.3333333333335,3000.0,3000.0,3000.0,1311.1625440601904,1202.4092861893043,1133.7004640290963,1095.569944425144,1083.3333333333335,3000.0,3000.0,3000.0,1311.1625440601904,1202.4092861893043,1133.7004640290963,1095.569944425144,1083.3333333333335,3000.0,3000.0,3000.0,1311.1625440601904,1202.4092861893043,1133.7004640290963,1095.569944425144,1083.3333333333335,3000.0,3000.0,3000.0,1311.1625440601904,1202.4092861893043,1133.7004640290963,1095.569944425144,1083.3333333333335,3000.0,3000.0,3000.0,1311.1625440601904,1202.4092861893043,1133.7004640290963,1095.569944425144,1083.3333333333335,1083.3333333333335,1095.569944425144,1133.7004640290963,1202.4092861893043,1311.1625440601904,3000.0,3000.0,3000.0,1083.3333333333335,1095.569944425144,1133.7004640290963,1202.4092861893043,1311.1625440601904,3000.0,3000.0,3000.0,1083.3333333333335,1095.569944425144,1133.7004640290963,1202.4092861893043,1311.1625440601904,3000.0,3000.0,3000.0,1083.3333333333335,1095.569944425144,1133.7004640290963,1202.4092861893043,1311.1625440601904,3000.0,3000.0,3000.0,1083.3333333333335,1095.569944425144,1133.7004640290963,1202.4092861893043,1311.1625440601904,3000.0,3000.0,3000.0,1083.3333333333335,1095.569944425144,1133.7004640290963,1202.4092861893043,1311.1625440601904,3000.0,3000.0,3000.0,1083.3333333333335,1095.569944425144,1133.7004640290963,1202.4092861893043,1311.1625440601904,3000.0,3000.0,3000.0,1083.3333333333335,1095.569944425144,1133.7004640290963,1202.4092861893043,1311.1625440601904,3000.0,3000.0,3000.0,3000.0,3000.0,3000.0,3000.0,3000.0,3000.0,3000.0,3000.0,3000.0,3000.0,3000.0,3000.0,3000.0,3000.0,3000.0,3000.0,3000.0,3000.0,3000.0,3000.0,3000.0,3000.0,3000.0,3000.0,3000.0,3000.0,3000.0,3000.0,3000.0,3000.0,3000.0,3000.0,3000.0,3000.0,3000.0,3000.0,3000.0,3000.0,3000.0,3000.0,3000.0,3000.0,3000.0,3000.0,3000.0,3000.0,3000.0,3000.0,3000.0,3000.0,3000.0,3000.0,3000.0,3000.0,3000.0,3000.0,3000.0,3000.0,3000.0,3000.0,3000.0,3000.0,3000.0,3000.0
12400,3000.0,3000.0,3000.0,3000.0,3000.0,3000.0,3000.0,3000.0,3000.0,3000.0,3000.0,3000.0,3000.0,3000.0,3000.0,3000.0,3000.0,3000.0,3000.0,3000.0,3000.0,3000.0,3000.0,3000.0,3000.0,3000.0,3000.0,3000.0,3000.0,3000.0,3000.0,3000.0,3000.0,3000.0,3000.0,3000.0,3000.0,3000.0,3000.0,3000.0,3000.0,3000.0,3000.0,3000.0,3000.0,3000.0,3000.0,3000.0,3000.0,3000.0,3000.0,3000.0,3000.0,3000.0,3000.0,3000.0,3000.0,3000.0,3000.0,3000.0,3000.0,3000.0,3000.0,3000.0,3000.0,3000.0,3000.0,3000.0,3000.0,3000.0,3000.0,3000.0,3000.0,3000.0,3000.0,3000.0,3000.0,3000.0,3000.0,3000.0,3000.0,3000.0,3000.0,3000.0,3000.0,3000.0,3000.0,3000.0,3000.0,3000.0,3000.0,3000.0,3000.0,3000.0,3000.0,3000.0,3000.0,3000.0,3000.0,3000.0,3000.0,3000.0,3000.0,3000.0,3000.0,3000.0,3000.0,3000.0,3000.0,3000.0,3000.0,3000.0,3000.0,3000.0,3000.0,3000.0,3000.0,3000.0,3000.0,3000.0,3000.0,3000.0,3000.0,3000.0,3000.0,3000.0,3000.0,3000.0,3000.0,3000.0,3000.0,3000.0,3000.0,3000.0,3000.0,3000.0,3000.0,3000.0,3000.0,3000.0,3000.0,3000.0,3000.0,3000.0,3000.0,3000.0,3000.0,3000.0,3000.0,3000.0,3000.0,3000.0,3000.0,3000.0,3000.0,3000.0,3000.0,3000.0,3000.0,3000.0,3000.0,3000.0,3000.0,3000.0,3000.0,3000.0,3000.0,3000.0,3000.0,3000.0,3000.0,3000.0,3000.0,3000.0,3000.0,3000.0,3000.0,3000.0,3000.0,3000.0,3000.0,3000.0,3000.0,3000.0,3000.0,3000.0,3000.0,3000.0,3000.0,3000.0,3000.0,3000.0,3000.0,3000.0,3000.0,1331.3342755072701,1220.9078905922167,1151.1420096295442,1112.4248666470696,1100.0,3000.0,3000.0,3000.0,1331.3342755072701,1220.9078905922167,1151.1420096295442,1112.4248666470696,1100.0,3000.0,3000.0,3000.0,1331.3342755072701,1220.9078905922167,1151.1420096295442,1112.4248666470696,1100.0,3000.0,3000.0,3000.0,1331.3342755072701,1220.9078905922167,1151.1420096295442,1112.4248666470696,1100.0,3000.0,3000.0,3000.0,1331.3342755072701,1220.9078905922167,1151.1420096295442,1112.4248666470696,1100.0,3000.0,3000.0,3000.0,1331.3342755072701,1220.9078905922167,1151.1420096295442,1112.4248666470696,1100.0,3000.0,3000.0,3000.0,1331.3342755072701,1220.9078905922167,1151.1420096295442,1112.4248666470696,1100.0,3000.0,3000.0,3000.0,1331.3342755072701,1220.9078905922167,1151.1420096295442,1112.4248666470696,1100.0,1100.0,1112.4248666470696,1151.1420096295442,1220.9078905922167,1331.3342755072701,3000.0,3000.0,3000.0,1100.0,1112.4248666470696,1151.1420096295442,1220.9078905922167,1331.3342755072701,3000.0,3000.0,3000.0,1100.0,1112.4248666470696,1151.1420096295442,1220.9078905922167,1331.3342755072701,3000.0,3000.0,3000.0,1100.0,1112.4248666470696,1151.1420096295442,1220.9078905922167,1331.3342755072701,3000.0,3000.0,3000.0,1100.0,1112.4248666470696,1151.1420096295442,1220.9078905922167,1331.3342755072701,3000.0,3000.0,3000.0,1100.0,1112.4248666470696,1151.1420096295442,1220.9078905922167,1331.3342755072701,3000.0,3000.0,3000.0,1100.0,1112.4248666470696,1151.1420096295442,1220.9078905922167,1331.3342755072701,3000.0,3000.0,3000.0,1100.0,1112.4248666470696,1151.1420096295442,1220.9078905922167,1331.3342755072701,3000.0,3000.0,3000.0,3000.0,3000.0,3000.0,3000.0,3000.0,3000.0,3000.0,3000.0,3000.0,3000.0,3000.0,3000.0,3000.0,3000.0,3000.0,3000.0,3000.0,3000.0,3000.0,3000.0,3000.0,3000.0,3000.0,3000.0,3000.0,3000.0,3000.0,3000.0,3000.0,3000.0,3000.0,3000.0,3000.0,3000.0,3000.0,3000.0,3000.0,3000.0,3000.0,3000.0,3000.0,3000.0,3000.0,3000.0,3000.0,3000.0,3000.0,3000.0,3000.0,3000.0,3000.0,3000.0,3000.0,3000.0,3000.0,3000.0,3000.0,3000.0,3000.0,3000.0,3000.0,3000.0,3000.0,3000.0
12467,3000.0,3000.0,3000.0,3000.0,3000.0,3000.0,3000.0,3000.0,3000.0,3000.0,3000.0,3000.0,3000.0,3000.0,3000.0,3000.0,3000.0,3000.0,3000.0,3000.0,3000.0,3000.0,3000.0,3000.0,3000.0,3000.0,3000.0,3000.0,3000.0,3000.0,3000.0,3000.0,3000.0,3000.0,3000.0,3000.0,3000.0,3000.0,3000.0,3000.0,3000.0,3000.0,3000.0,3000.0,3000.0,3000.0,3000.0,3000.0,3000.0,3000.0,3000.0,3000.0,3000.0,3000.0,3000.0,3000.0,3000.0,3000.0,3000.0,3000.0,3000.0,3000.0,3000.0,3000.0,3000.0,3000.0,3000.0,3000.0,3000.0,3000.0,3000.0,3000.0,3000.0,3000.0,3000.0,3000.0,3000.0,3000.0,3000.0,3000.0,3000.0,3000.0,3000.0,3000.0,3000.0,3000.0,3000.0,3000.0,3000.0,3000.0,3000.0,3000.0,3000.0,3000.0,3000.0,3000.0,3000.0,3000.0,3000.0,3000.0,3000.0,3000.0,3000.0,3000.0,3000.0,3000.0,3000.0,3000.0,3000.0,3000.0,3000.0,3000.0,3000.0,3000.0,3000.0,3000.0,3000.0,3000.0,3000.0,3000.0,3000.0,3000.0,3000.0,3000.0,3000.0,3000.0,3000.0,3000.0,3000.0,3000.0,3000.0,3000.0,3000.0,3000.0,3000.0,3000.0,3000.0,3000.0,3000.0,3000.0,3000.0,3000.0,3000.0,3000.0,3000.0,3000.0,3000.0,3000.0,3000.0,3000.0,3000.0,3000.0,3000.0,3000.0,3000.0,3000.0,3000.0,3000.0,3000.0,3000.0,3000.0,3000.0,3000.0,3000.0,3000.0,3000.0,3000.0,3000.0,3000.0,3000.0,3000.0,3000.0,3000.0,3000.0,3000.0,3000.0,3000.0,3000.0,3000.0,3000.0,3000.0,3000.0,3000.0,3000.0,3000.0,3000.0,3000.0,3000.0,3000.0,3000.0,3000.0,3000.0,3000.0,3000.0,3000.0,1351.50600695435,1239.4064949951292,1168.5835552299916,1129.2797888689947,1116.6666666666667,3000.0,3000.0,3000.0,1351.50600695435,1239.4064949951292,1168.5835552299916,1129.2797888689947,1116.6666666666667,3000.0,3000.0,3000.0,1351.50600695435,1239.4064949951292,1168.5835552299916,1129.2797888689947,1116.6666666666667,3000.0,3000.0,3000.0,1351.50600695435,1239.4064949951292,1168.5835552299916,1129.2797888689947,1116.6666666666667,3000.0,3000.0,3000.0,1351.50600695435,1239.4064949951292,1168.5835552299916,1129.2797888689947,1116.6666666666667,3000.0,3000.0,3000.0,1351.50600695435,1239.4064949951292,1168.5835552299916,1129.2797888689947,1116.6666666666667,3000.0,3000.0,3000.0,1351.50600695435,1239.4064949951292,1168.5835552299916,1129.2797888689947,1116.6666666666667,3000.0,3000.0,3000.0,1351.50600695435,1239.4064949951292,1168.5835552299916,1129.2797888689947,1116.6666666666667,1116.6666666666667,1129.2797888689947,1168.5835552299916,1239.4064949951292,1351.50600695435,3000.0,3000.0,3000.0,1116.6666666666667,1129.2797888689947,1168.5835552299916,1239.4064949951292,1351.50600695435,3000.0,3000.0,3000.0,1116.6666666666667,1129.2797888689947,1168.5835552299916,1239.4064949951292,1351.50600695435,3000.0,3000.0,3000.0,1116.6666666666667,1129.2797888689947,1168.5835552299916,1239.4064949951292,1351.50600695435,3000.0,3000.0,3000.0,1116.6666666666667,1129.2797888689947,1168.5835552299916,1239.4064949951292,1351.50600695435,3000.0,3000.0,3000.0,1116.6666666666667,1129.2797888689947,1168.5835552299916,1239.4064949951292,1351.50600695435,3000.0,3000.0,3000.0,1116.6666666666667,1129.2797888689947,1168.5835552299916,1239.4064949951292,1351.50600695435,3000.0,3000.0,3000.0,1116.6666666666667,1129.2797888689947,1168.5835552299916,1239.4064949951292,1351.50600695435,3000.0,3000.0,3000.0,3000.0,3000.0,3000.0,3000.0,3000.0,3000.0,3000.0,3000.0,3000.0,3000.0,3000.0,3000.0,3000.0,3000.0,3000.0,3000.0,3000.0,3000.0,3000.0,3000.0,3000.0,3000.0,3000.0,3000.0,3000.0,3000.0,3000.0,3000.0,3000.0,3000.0,3000.0,3000.0,3000.0,3000.0,3000.0,3000.0,3000.0,3000.0,3000.0,3000.0,3000.0,3000.0,3000.0,3000.0,3000.0,3000.0,3000.0,3000.0,3000.0,3000.0,3000.0,3000.0,3000.0,3000.0,3000.0,3000.0,3000.0,3000.0,3000.0,3000.0,3000.0,3000.0,3000.0,3000.0
12533,3000.0,3000.0,3000.0,3000.0,3000.0,3000.0,3000.0,3000.0,3000.0,3000.0,3000.0,3000.0,3000.0,3000.0,3000.0,3000.0,3000.0,3000.0,3000.0,3000.0,3000.0,3000.0,3000.0,3000.0,3000.0,3000.0,3000.0,3000.0,3000.0,3000.0,3000.0,3000.0,3000.0,3000.0,3000.0,3000.0,3000.0,3000.0,3000.0,3000.0,3000.0,3000.0,3000.0,3000.0,3000.0,3000.0,3000.0,3000.0,3000.0,3000.0,3000.0,3000.0,3000.0,3000.0,3000.0,3000.0,3000.0,3000.0,3000.0,3000.0,3000.0,3000.0,3000.0,3000.0,3000.0,3000.0,3000.0,3000.0,3000.0,3000.0,3000.0,3000.0,3000.0,3000.0,3000.0,3000.0,3000.0,3000.0,3000.0,3000.0,3000.0,3000.0,3000.0,3000.0,3000.0,3000.0,3000.0,3000.0,3000.0,3000.0,3000.0,3000.0,3000.0,3000.0,3000.0,3000.0,3000.0,3000.0,3000.0,3000.0,3000.0,3000.0,3000.0,3000.0,3000.0,3000.0,3000.0,3000.0,3000.0,3000.0,3000.0,3000.0,3000.0,3000.0,3000.0,3000.0,3000.0,3000.0,3000.0,3000.0,3000.0,3000.0,3000.0,3000.0,3000.0,3000.0,3000.0,3000.0,3000.0,3000.0,3000.0,3000.0,3000.0,3000.0,3000.0,3000.0,3000.0,3000.0,3000.0,3000.0,3000.0,3000.0,3000.0,3000.0,3000.0,3000.0,3000.0,3000.0,3000.0,3000.0,3000.0,3000.0,3000.0,3000.0,3000.0,3000.0,3000.0,3000.0,3000.0,3000.0,3000.0,3000.0,3000.0,3000.0,3000.0,3000.0,3000.0,3000.0,3000.0,3000.0,3000.0,3000.0,3000.0,3000.0,3000.0,3000.0,3000.0,3000.0,3000.0,3000.0,3000.0,3000.0,3000.0,3000.0,3000.0,3000.0,3000.0,3000.0,3000.0,3000.0,3000.0,3000.0,3000.0,3000.0,3000.0,1371.67773840143,1257.9050993980413,1186.0251008304392,1146.1347110909198,1133.3333333333333,3000.0,3000.0,3000.0,1371.67773840143,1257.9050993980413,1186.0251008304392,1146.1347110909198,1133.3333333333333,3000.0,3000.0,3000.0,1371.67773840143,1257.9050993980413,1186.0251008304392,1146.1347110909198,1133.3333333333333,3000.0,3000.0,3000.0,1371.67773840143,1257.9050993980413,1186.0251008304392,1146.1347110909198,1133.3333333333333,3000.0,3000.0,3000.0,1371.67773840143,1257.9050993980413,1186.0251008304392,1146.1347110909198,1133.3333333333333,3000.0,3000.0,3000.0,1371.67773840143,1257.9050993980413,1186.0251008304392,1146.1347110909198,1133.3333333333333,3000.0,3000.0,3000.0,1371.67773840143,1257.9050993980413,1186.0251008304392,1146.1347110909198,1133.3333333333333,3000.0,3000.0,3000.0,1371.67773840143,1257.9050993980413,1186.0251008304392,1146.1347110909198,1133.3333333333333,1133.3333333333333,1146.1347110909198,1186.0251008304392,1257.9050993980413,1371.67773840143,3000.0,3000.0,3000.0,1133.3333333333333,1146.1347110909198,1186.0251008304392,1257.9050993980413,1371.67773840143,3000.0,3000.0,3000.0,1133.3333333333333,1146.1347110909198,1186.0251008304392,1257.9050993980413,1371.67773840143,3000.0,3000.0,3000.0,1133.3333333333333,1146.1347110909198,1186.0251008304392,1257.9050993980413,1371.67773840143,3000.0,3000.0,3000.0,1133.3333333333333,1146.1347110909198,1186.0251008304392,1257.9050993980413,1371.67773840143,3000.0,3000.0,3000.0,1133.3333333333333,1146.1347110909198,1186.0251008304392,1257.9050993980413,1371.67773840143,3000.0,3000.0,3000.0,1133.3333333333333,1146.1347110909198,1186.0251008304392,1257.9050993980413,1371.67773840143,3000.0,3000.0,3000.0,1133.3333333333333,1146.1347110909198,1186.0251008304392,1257.9050993980413,1371.67773840143,3000.0,3000.0,3000.0,3000.0,3000.0,3000.0,3000.0,3000.0,3000.0,3000.0,3000.0,3000.0,3000.0,3000.0,3000.0,3000.0,3000.0,3000.0,3000.0,3000.0,3000.0,3000.0,3000.0,3000.0,3000.0,3000.0,3000.0,3000.0,3000.0,3000.0,3000.0,3000.0,3000.0,3000.0,3000.0,3000.0,3000.0,3000.0,3000.0,3000.0,3000.0,3000.0,3000.0,3000.0,3000.0,3000.0,3000.0,3000.0,3000.0,3000.0,3000.0,3000.0,3000.0,3000.0,3000.0,3000.0,3000.0,3000.0,3000.0,3000.0,3000.0,3000.0,3000.0,3000.0,3000.0,3000.0,3000.0
12600,3000.0,3000.0,3000.0,3000.0,3000.0,3000.0,3000.0,3000.0,3000.0,3000.0,3000.0,3000.0,3000.0,3000.0,3000.0,3000.0,3000.0,3000.0,3000.0,3000.0,3000.0,3000.0,3000.0,3000.0,3000.0,3000.0,3000.0,3000.0,3000.0,3000.0,3000.0,3000.0,3000.0,3000.0,3000.0,3000.0,3000.0,3000.0,3000.0,3000.0,3000.0,3000.0,3000.0,3000.0,3000.0,3000.0,3000.0,3000.0,3000.0,3000.0,3000.0,3000.0,3000.0,3000.0,3000.0,3000.0,3000.0,3000.0,3000.0,3000.0,3000.0,3000.0,3000.0,3000.0,3000.0,3000.0,3000.0,3000.0,3000.0,3000.0,3000.0,3000.0,3000.0,3000.0,3000.0,3000.0,3000.0,3000.0,3000.0,3000.0,3000.0,3000.0,3000.0,3000.0,3000.0,3000.0,3000.0,3000.0,3000.0,3000.0,3000.0,3000.0,3000.0,3000.0,3000.0,3000.0,3000.0,3000.0,3000.0,3000.0,3000.0,3000.0,3000.0,3000.0,3000.0,3000.0,3000.0,3000.0,3000.0,3000.0,3000.0,3000.0,3000.0,3000.0,3000.0,3000.0,3000.0,3000.0,3000.0,3000.0,3000.0,3000.0,3000.0,3000.0,3000.0,3000.0,3000.0,3000.0,3000.0,3000.0,3000.0,3000.0,3000.0,3000.0,3000.0,3000.0,3000.0,3000.0,3000.0,3000.0,3000.0,3000.0,3000.0,3000.0,3000.0,3000.0,3000.0,3000.0,3000.0,3000.0,3000.0,3000.0,3000.0,3000.0,3000.0,3000.0,3000.0,3000.0,3000.0,3000.0,3000.0,3000.0,3000.0,3000.0,3000.0,3000.0,3000.0,3000.0,3000.0,3000.0,3000.0,3000.0,3000.0,3000.0,3000.0,3000.0,3000.0,3000.0,3000.0,3000.0,3000.0,3000.0,3000.0,3000.0,3000.0,3000.0,3000.0,3000.0,3000.0,3000.0,3000.0,3000.0,3000.0,3000.0,3000.0,1391.8494698485092,1276.4037038009537,1203.4666464308868,1162.9896333128452,1150.0,3000.0,3000.0,3000.0,1391.8494698485092,1276.4037038009537,1203.4666464308868,1162.9896333128452,1150.0,3000.0,3000.0,3000.0,1391.8494698485092,1276.4037038009537,1203.4666464308868,1162.9896333128452,1150.0,3000.0,3000.0,3000.0,1391.8494698485092,1276.4037038009537,1203.4666464308868,1162.9896333128452,1150.0,3000.0,3000.0,3000.0,1391.8494698485092,1276.4037038009537,1203.4666464308868,1162.9896333128452,1150.0,3000.0,3000.0,3000.0,1391.8494698485092,1276.4037038009537,1203.4666464308868,1162.9896333128452,1150.0,3000.0,3000.0,3000.0,1391.8494698485092,1276.4037038009537,1203.4666464308868,1162.9896333128452,1150.0,3000.0,3000.0,3000.0,1391.8494698485092,1276.4037038009537,1203.4666464308868,1162.9896333128452,1150.0,1150.0,1162.9896333128452,1203.4666464308868,1276.4037038009537,1391.8494698485092,3000.0,3000.0,3000.0,1150.0,1162.9896333128452,1203.4666464308868,1276.4037038009537,1391.8494698485092,3000.0,3000.0,3000.0,1150.0,1162.9896333128452,1203.4666464308868,1276.4037038009537,1391.8494698485092,3000.0,3000.0,3000.0,1150.0,1162.9896333128452,1203.4666464308868,1276.4037038009537,1391.8494698485092,3000.0,3000.0,3000.0,1150.0,1162.9896333128452,1203.4666464308868,1276.4037038009537,1391.8494698485092,3000.0,3000.0,3000.0,1150.0,1162.9896333128452,1203.4666464308868,1276.4037038009537,1391.8494698485092,3000.0,3000.0,3000.0,1150.0,1162.9896333128452,1203.4666464308868,1276.4037038009537,1391.8494698485092,3000.0,3000.0,3000.0,1150.0,1162.9896333128452,1203.4666464308868,1276.4037038009537,1391.8494698485092,3000.0,3000.0,3000.0,3000.0,3000.0,3000.0,3000.0,3000.0,3000.0,3000.0,3000.0,3000.0,3000.0,3000.0,3000.0,3000.0,3000.0,3000.0,3000.0,3000.0,3000.0,3000.0,3000.0,3000.0,3000.0,3000.0,3000.0,3000.0,3000.0,3000.0,3000.0,3000.0,3000.0,3000.0,3000.0,3000.0,3000.0,3000.0,3000.0,3000.0,3000.0,3000.0,3000.0,3000.0,3000.0,3000.0,3000.0,3000.0,3000.0,3000.0,3000.0,3000.0,3000.0,3000.0,3000.0,3000.0,3000.0,3000.0,3000.0,3000.0,3000.0,3000.0,3000.0,3000.0,3000.0,3000.0,3000.0
12667,3000.0,3000.0,3000.0,3000.0,3000.0,3000.0,3000.0,3000.0,3000.0,3000.0,3000.0,3000.0,3000.0,3000.0,3000.0,3000.0,3000.0,3000.0,3000.0,3000.0,3000.0,3000.0,3000.0,3000.0,3000.0,3000.0,3000.0,3000.0,3000.0,3000.0,3000.0,3000.0,3000.0,3000.0,3000.0,3000.0,3000.0,3000.0,3000.0,3000.0,3000.0,3000.0,3000.0,3000.0,3000.0,3000.0,3000.0,3000.0,3000.0,3000.0,3000.0,3000.0,3000.0,3000.0,3000.0,3000.0,3000.0,3000.0,3000.0,3000.0,3000.0,3000.0,3000.0,3000.0,3000.0,3000.0,3000.0,3000.0,3000.0,3000.0,3000.0,3000.0,3000.0,3000.0,3000.0,3000.0,3000.0,3000.0,3000.0,3000.0,3000.0,3000.0,3000.0,3000.0,3000.0,3000.0,3000.0,3000.0,3000.0,3000.0,3000.0,3000.0,3000.0,3000.0,3000.0,3000.0,3000.0,3000.0,3000.0,3000.0,3000.0,3000.0,3000.0,3000.0,3000.0,3000.0,3000.0,3000.0,3000.0,3000.0,3000.0,3000.0,3000.0,3000.0,3000.0,3000.0,3000.0,3000.0,3000.0,3000.0,3000.0,3000.0,3000.0,3000.0,3000.0,3000.0,3000.0,3000.0,3000.0,3000.0,3000.0,3000.0,3000.0,3000.0,3000.0,3000.0,3000.0,3000.0,3000.0,3000.0,3000.0,3000.0,3000.0,3000.0,3000.0,3000.0,3000.0,3000.0,3000.0,3000.0,3000.0,3000.0,3000.0,3000.0,3000.0,3000.0,3000.0,3000.0,3000.0,3000.0,3000.0,3000.0,3000.0,3000.0,3000.0,3000.0,3000.0,3000.0,3000.0,3000.0,3000.0,3000.0,3000.0,3000.0,3000.0,3000.0,3000.0,3000.0,3000.0,3000.0,3000.0,3000.0,3000.0,3000.0,3000.0,3000.0,3000.0,3000.0,3000.0,3000.0,3000.0,3000.0,3000.0,3000.0,3000.0,1412.0212012955892,1294.902308203866,1220.9081920313342,1179.8445555347703,1166.6666666666665,3000.0,3000.0,3000.0,1412.0212012955892,1294.902308203866,1220.9081920313342,1179.8445555347703,1166.6666666666665,3000.0,3000.0,3000.0,1412.0212012955892,1294.902308203866,1220.9081920313342,1179.8445555347703,1166.6666666666665,3000.0,3000.0,3000.0,1412.0212012955892,1294.902308203866,1220.9081920313342,1179.8445555347703,1166.6666666666665,3000.0,3000.0,3000.0,1412.0212012955892,1294.902308203866,1220.9081920313342,1179.8445555347703,1166.6666666666665,3000.0,3000.0,3000.0,1412.0212012955892,1294.902308203866,1220.9081920313342,1179.8445555347703,1166.6666666666665,3000.0,3000.0,3000.0,1412.0212012955892,1294.902308203866,1220.9081920313342,1179.8445555347703,1166.6666666666665,3000.0,3000.0,3000.0,1412.0212012955892,1294.902308203866,1220.9081920313342,1179.8445555347703,1166.6666666666665,1166.6666666666665,1179.8445555347703,1220.9081920313342,1294.902308203866,1412.0212012955892,3000.0,3000.0,3000.0,1166.6666666666665,1179.8445555347703,1220.9081920313342,1294.902308203866,1412.0212012955892,3000.0,3000.0,3000.0,1166.6666666666665,1179.8445555347703,1220.9081920313342,1294.902308203866,1412.0212012955892,3000.0,3000.0,3000.0,1166.6666666666665,1179.8445555347703,1220.9081920313342,1294.902308203866,1412.0212012955892,3000.0,3000.0,3000.0,1166.6666666666665,1179.8445555347703,1220.9081920313342,1294.902308203866,1412.0212012955892,3000.0,3000.0,3000.0,1166.6666666666665,1179.8445555347703,1220.9081920313342,1294.902308203866,1412.0212012955892,3000.0,3000.0,3000.0,1166.6666666666665,1179.8445555347703,1220.9081920313342,1294.902308203866,1412.0212012955892,3000.0,3000.0,3000.0,1166.6666666666665,1179.8445555347703,1220.9081920313342,1294.902308203866,1412.0212012955892,3000.0,3000.0,3000.0,3000.0,3000.0,3000.0,3000.0,3000.0,3000.0,3000.0,3000.0,3000.0,3000.0,3000.0,3000.0,3000.0,3000.0,3000.0,3000.0,3000.0,3000.0,3000.0,3000.0,3000.0,3000.0,3000.0,3000.0,3000.0,3000.0,3000.0,3000.0,3000.0,3000.0,3000.0,3000.0,3000.0,3000.0,3000.0,3000.0,3000.0,3000.0,3000.0,3000.0,3000.0,3000.0,3000.0,3000.0,3000.0,3000.0,3000.0,3000.0,3000.0,3000.0,3000.0,3000.0,3000.0,3000.0,3000.0,3000.0,3000.0,3000.0,3000.0,3000.0,3000.0,3000.0,3000.0,3000.0
12733,3000.0,3000.0,3000.0,3000.0,3000.0,3000.0,3000.0,3000.0,3000.0,3000.0,3000.0,3000.0,3000.0,3000.0,3000.0,3000.0,3000.0,3000.0,3000.0,3000.0,3000.0,3000.0,3000.0,3000.0,3000.0,3000.0,3000.0,3000.0,3000.0,3000.0,3000.0,3000.0,3000.0,3000.0,3000.0,3000.0,3000.0,3000.0,3000.0,3000.0,3000.0,3000.0,3000.0,3000.0,3000.0,3000.0,3000.0,3000.0,3000.0,3000.0,3000.0,3000.0,3000.0,3000.0,3000.0,3000.0,3000.0,3000.0,3000.0,3000.0,3000.0,3000.0,3000.0,3000.0,3000.0,3000.0,3000.0,3000.0,3000.0,3000.0,3000.0,3000.0,3000.0,3000.0,3000.0,3000.0,3000.0,3000.0,3000.0,3000.0,3000.0,3000.0,3000.0,3000.0,3000.0,3000.0,3000.0,3000.0,3000.0,3000.0,3000.0,3000.0,3000.0,3000.0,3000.0,3000.0,3000.0,3000.0,3000.0,3000.0,3000.0,3000.0,3000.0,3000.0,3000.0,3000.0,3000.0,3000.0,3000.0,3000.0,3000.0,3000.0,3000.0,3000.0,3000.0,3000.0,3000.0,3000.0,3000.0,3000.0,3000.0,3000.0,3000.0,3000.0,3000.0,3000.0,3000.0,3000.0,3000.0,3000.0,3000.0,3000.0,3000.0,3000.0,3000.0,3000.0,3000.0,3000.0,3000.0,3000.0,3000.0,3000.0,3000.0,3000.0,3000.0,3000.0,3000.0,3000.0,3000.0,3000.0,3000.0,3000.0,3000.0,3000.0,3000.0,3000.0,3000.0,3000.0,3000.0,3000.0,3000.0,3000.0,3000.0,3000.0,3000.0,3000.0,3000.0,3000.0,3000.0,3000.0,3000.0,3000.0,3000.0,3000.0,3000.0,3000.0,3000.0,3000.0,3000.0,3000.0,3000.0,3000.0,3000.0,3000.0,3000.0,3000.0,3000.0,3000.0,3000.0,3000.0,3000.0,3000.0,3000.0,3000.0,3000.0,3000.0,1313.4009126067783,1238.349737631782,1196.6994777566954,1183.333333333333,3000.0,3000.0,3000.0,3000.0,1313.4009126067783,1238.349737631782,1196.6994777566954,1183.333333333333,3000.0,3000.0,3000.0,3000.0,1313.4009126067783,1238.349737631782,1196.6994777566954,1183.333333333333,3000.0,3000.0,3000.0,3000.0,1313.4009126067783,1238.349737631782,1196.6994777566954,1183.333333333333,3000.0,3000.0,3000.0,3000.0,1313.4009126067783,1238.349737631782,1196.6994777566954,1183.333333333333,3000.0,3000.0,3000.0,3000.0,1313.4009126067783,1238.349737631782,1196.6994777566954,1183.333333333333,3000.0,3000.0,3000.0,3000.0,1313.4009126067783,1238.349737631782,1196.6994777566954,1183.333333333333,3000.0,3000.0,3000.0,3000.0,1313.4009126067783,1238.349737631782,1196.6994777566954,1183.333333333333,1183.333333333333,1196.6994777566954,1238.349737631782,1313.4009126067783,3000.0,3000.0,3000.0,3000.0,1183.333333333333,1196.6994777566954,1238.349737631782,1313.4009126067783,3000.0,3000.0,3000.0,3000.0,1183.333333333333,1196.6994777566954,1238.349737631782,1313.4009126067783,3000.0,3000.0,3000.0,3000.0,1183.333333333333,1196.6994777566954,1238.349737631782,1313.4009126067783,3000.0,3000.0,3000.0,3000.0,1183.333333333333,1196.6994777566954,1238.349737631782,1313.4009126067783,3000.0,3000.0,3000.0,3000.0,1183.333333333333,1196.6994777566954,1238.349737631782,1313.4009126067783,3000.0,3000.0,3000.0,3000.0,1183.333333333333,1196.6994777566954,1238.349737631782,1313.4009126067783,3000.0,3000.0,3000.0,3000.0,1183.333333333333,1196.6994777566954,1238.349737631782,1313.4009126067783,3000.0,3000.0,3000.0,3000.0,3000.0,3000.0,3000.0,3000.0,3000.0,3000.0,3000.0,3000.0,3000.0,3000.0,3000.0,3000.0,3000.0,3000.0,3000.0,3000.0,3000.0,3000.0,3000.0,3000.0,3000.0,3000.0,3000.0,3000.0,3000.0,3000.0,3000.0,3000.0,3000.0,3000.0,3000.0,3000.0,3000.0,3000.0,3000.0,3000.0,3000.0,3000.0,3000.0,3000.0,3000.0,3000.0,3000.0,3000.0,3000.0,3000.0,3000.0,3000.0,3000.0,3000.0,3000.0,3000.0,3000.0,3000.0,3000.0,3000.0,3000.0,3000.0,3000.0,3000.0,3000.0,3000.0,3000.0,3000.0
12800,3000.0,3000.0,3000.0,3000.0,3000.0,3000.0,3000.0,3000.0,3000.0,3000.0,3000.0,3000.0,3000.0,3000.0,3000.0,3000.0,3000.0,3000.0,3000.0,3000.0,3000.0,3000.0,3000.0,3000.0,3000.0,3000.0,3000.0,3000.0,3000.0,3000.0,3000.0,3000.0,3000.0,3000.0,3000.0,3000.0,3000.0,3000.0,3000.0,3000.0,3000.0,3000.0,3000.0,3000.0,3000.0,3000.0,3000.0,3000.0,3000.0,3000.0,3000.0,3000.0,3000.0,3000.0,3000.0,3000.0,3000.0,3000.0,3000.0,3000.0,3000.0,3000.0,3000.0,3000.0,3000.0,3000.0,3000.0,3000.0,3000.0,3000.0,3000.0,3000.0,3000.0,3000.0,3000.0,3000.0,3000.0,3000.0,3000.0,3000.0,3000.0,3000.0,3000.0,3000.0,3000.0,3000.0,3000.0,3000.0,3000.0,3000.0,3000.0,3000.0,3000.0,3000.0,3000.0,3000.0,3000.0,3000.0,3000.0,3000.0,3000.0,3000.0,3000.0,3000.0,3000.0,3000.0,3000.0,3000.0,3000.0,3000.0,3000.0,3000.0,3000.0,3000.0,3000.0,3000.0,3000.0,3000.0,3000.0,3000.0,3000.0,3000.0,3000.0,3000.0,3000.0,3000.0,3000.0,3000.0,3000.0,3000.0,3000.0,3000.0,3000.0,3000.0,3000.0,3000.0,3000.0,3000.0,3000.0,3000.0,3000.0,3000.0,3000.0,3000.0,3000.0,3000.0,3000.0,3000.0,3000.0,3000.0,3000.0,3000.0,3000.0,3000.0,3000.0,3000.0,3000.0,3000.0,3000.0,3000.0,3000.0,3000.0,3000.0,3000.0,3000.0,3000.0,3000.0,3000.0,3000.0,3000.0,3000.0,3000.0,3000.0,3000.0,3000.0,3000.0,3000.0,3000.0,3000.0,3000.0,3000.0,3000.0,3000.0,3000.0,3000.0,3000.0,3000.0,3000.0,3000.0,3000.0,3000.0,3000.0,3000.0,3000.0,3000.0,3000.0,1331.899517009691,1255.79128323223,1213.5543999786214,1200.0000000000002,3000.0,3000.0,3000.0,3000.0,1331.899517009691,1255.79128323223,1213.5543999786214,1200.0000000000002,3000.0,3000.0,3000.0,3000.0,1331.899517009691,1255.79128323223,1213.5543999786214,1200.0000000000002,3000.0,3000.0,3000.0,3000.0,1331.899517009691,1255.79128323223,1213.5543999786214,1200.0000000000002,3000.0,3000.0,3000.0,3000.0,1331.899517009691,1255.79128323223,1213.5543999786214,1200.0000000000002,3000.0,3000.0,3000.0,3000.0,1331.899517009691,1255.79128323223,1213.5543999786214,1200.0000000000002,3000.0,3000.0,3000.0,3000.0,1331.899517009691,1255.79128323223,1213.5543999786214,1200.0000000000002,3000.0,3000.0,3000.0,3000.0,1331.899517009691,1255.79128323223,1213.5543999786214,1200.0000000000002,1200.0000000000002,1213.5543999786214,1255.79128323223,1331.899517009691,3000.0,3000.0,3000.0,3000.0,1200.0000000000002,1213.5543999786214,1255.79128323223,1331.899517009691,3000.0,3000.0,3000.0,3000.0,1200.0000000000002,1213.5543999786214,1255.79128323223,1331.899517009691,3000.0,3000.0,3000.0,3000.0,1200.0000000000002,1213.5543999786214,1255.79128323223,1331.899517009691,3000.0,3000.0,3000.0,3000.0,1200.0000000000002,1213.5543999786214,1255.79128323223,1331.899517009691,3000.0,3000.0,3000.0,3000.0,1200.0000000000002,1213.5543999786214,1255.79128323223,1331.899517009691,3000.0,3000.0,3000.0,3000.0,1200.0000000000002,1213.5543999786214,1255.79128323223,1331.899517009691,3000.0,3000.0,3000.0,3000.0,1200.0000000000002,1213.5543999786214,1255.79128323223,1331.899517009691,3000.0,3000.0,3000.0,3000.0,3000.0,3000.0,3000.0,3000.0,3000.0,3000.0,3000.0,3000.0,3000.0,3000.0,3000.0,3000.0,3000.0,3000.0,3000.0,3000.0,3000.0,3000.0,3000.0,3000.0,3000.0,3000.0,3000.0,3000.0,3000.0,3000.0,3000.0,3000.0,3000.0,3000.0,3000.0,3000.0,3000.0,3000.0,3000.0,3000.0,3000.0,3000.0,3000.0,3000.0,3000.0,3000.0,3000.0,3000.0,3000.0,3000.0,3000.0,3000.0,3000.0,3000.0,3000.0,3000.0,3000.0,3000.0,3000.0,3000.0,3000.0,3000.0,3000.0,3000.0,3000.0,3000.0,3000.0,3000.0
12867,3000.0,3000.0,3000.0,3000.0,3000.0,3000.0,3000.0,3000.0,3000.0,3000.0,3000.0,3000.0,3000.0,3000.0,3000.0,3000.0,3000.0,3000.0,3000.0,3000.0,3000.0,3000.0,3000.0,3000.0,3000.0,3000.0,3000.0,3000.0,3000.0,3000.0,3000.0,3000.0,3000.0,3000.0,3000.0,3000.0,3000.0,3000.0,3000.0,3000.0,3000.0,3000.0,3000.0,3000.0,3000.0,3000.0,3000.0,3000.0,3000.0,3000.0,3000.0,3000.0,3000.0,3000.0,3000.0,3000.0,3000.0,3000.0,3000.0,3000.0,3000.0,3000.0,3000.0,3000.0,3000.0,3000.0,3000.0,3000.0,3000.0,3000.0,3000.0,3000.0,3000.0,3000.0,3000.0,3000.0,3000.0,3000.0,3000.0,3000.0,3000.0,3000.0,3000.0,3000.0,3000.0,3000.0,3000.0,3000.0,3000.0,3000.0,3000.0,3000.0,3000.0,3000.0,3000.0,3000.0,3000.0,3000.0,3000.0,3000.0,3000.0,3000.0,3000.0,3000.0,3000.0,3000.0,3000.0,3000.0,3000.0,3000.0,3000.0,3000.0,3000.0,3000.0,3000.0,3000.0,3000.0,3000.0,3000.0,3000.0,3000.0,3000.0,3000.0,3000.0,3000.0,3000.0,3000.0,3000.0,3000.0,3000.0,3000.0,3000.0,3000.0,3000.0,3000.0,3000.0,3000.0,3000.0,3000.0,3000.0,3000.0,3000.0,3000.0,3000.0,3000.0,3000.0,3000.0,3000.0,3000.0,3000.0,3000.0,3000.0,3000.0,3000.0,3000.0,3000.0,3000.0,3000.0,3000.0,3000.0,3000.0,3000.0,3000.0,3000.0,3000.0,3000.0,3000.0,3000.0,3000.0,3000.0,3000.0,3000.0,3000.0,3000.0,3000.0,3000.0,3000.0,3000.0,3000.0,3000.0,3000.0,3000.0,3000.0,3000.0,3000.0,3000.0,3000.0,3000.0,3000.0,3000.0,3000.0,3000.0,3000.0,3000.0,3000.0,3000.0,1350.3981214126036,1273.2328288326776,1230.4093222005465,1216.6666666666667,3000.0,3000.0,3000.0,3000.0,1350.3981214126036,1273.2328288326776,1230.4093222005465,1216.6666666666667,3000.0,3000.0,3000.0,3000.0,1350.3981214126036,1273.2328288326776,1230.4093222005465,1216.6666666666667,3000.0,3000.0,3000.0,3000.0,1350.3981214126036,1273.2328288326776,1230.4093222005465,1216.6666666666667,3000.0,3000.0,3000.0,3000.0,1350.3981214126036,1273.2328288326776,1230.4093222005465,1216.6666666666667,3000.0,3000.0,3000.0,3000.0,1350.3981214126036,1273.2328288326776,1230.4093222005465,1216.6666666666667,3000.0,3000.0,3000.0,3000.0,1350.3981214126036,1273.2328288326776,1230.4093222005465,1216.6666666666667,3000.0,3000.0,3000.0,3000.0,1350.3981214126036,1273.2328288326776,1230.4093222005465,1216.6666666666667,1216.6666666666667,1230.4093222005465,1273.2328288326776,1350.3981214126036,3000.0,3000.0,3000.0,3000.0,1216.6666666666667,1230.4093222005465,1273.2328288326776,1350.3981214126036,3000.0,3000.0,3000.0,3000.0,1216.6666666666667,1230.4093222005465,1273.2328288326776,1350.3981214126036,3000.0,3000.0,3000.0,3000.0,1216.6666666666667,1230.4093222005465,1273.2328288326776,1350.3981214126036,3000.0,3000.0,3000.0,3000.0,1216.6666666666667,1230.4093222005465,1273.2328288326776,1350.3981214126036,3000.0,3000.0,3000.0,3000.0,1216.6666666666667,1230.4093222005465,1273.2328288326776,1350.3981214126036,3000.0,3000.0,3000.0,3000.0,1216.6666666666667,1230.4093222005465,1273.2328288326776,1350.3981214126036,3000.0,3000.0,3000.0,3000.0,1216.6666666666667,1230.4093222005465,1273.2328288326776,1350.3981214126036,3000.0,3000.0,3000.0,3000.0,3000.0,3000.0,3000.0,3000.0,3000.0,3000.0,3000.0,3000.0,3000.0,3000.0,3000.0,3000.0,3000.0,3000.0,3000.0,3000.0,3000.0,3000.0,3000.0,3000.0,3000.0,3000.0,3000.0,3000.0,3000.0,3000.0,3000.0,3000.0,3000.0,3000.0,3000.0,3000.0,3000.0,3000.0,3000.0,3000.0,3000.0,3000.0,3000.0,3000.0,3000.0,3000.0,3000.0,3000.0,3000.0,3000.0,3000.0,3000.0,3000.0,3000.0,3000.0,3000.0,3000.0,3000.0,3000.0,3000.0,3000.0,3000.0,3000.0,3000.0,3000.0,3000.0,3000.0,3000.0
12933,3000.0,3000.0,3000.0,3000.0,3000.0,3000.0,3000.0,3000.0,3000.0,3000.0,3000.0,3000.0,3000.0,3000.0,3000.0,3000.0,3000.0,3000.0,3000.0,3000.0,3000.0,3000.0,3000.0,3000.0,3000.0,3000.0,3000.0,3000.0,3000.0,3000.0,3000.0,3000.0,3000.0,3000.0,3000.0,3000.0,3000.0,3000.0,3000.0,3000.0,3000.0,3000.0,3000.0,3000.0,3000.0,3000.0,3000.0,3000.0,3000.0,3000.0,3000.0,3000.0,3000.0,3000.0,3000.0,3000.0,3000.0,3000.0,3000.0,3000.0,3000.0,3000.0,3000.0,3000.0,3000.0,3000.0,3000.0,3000.0,3000.0,3000.0,3000.0,3000.0,3000.0,3000.0,3000.0,3000.0,3000.0,3000.0,3000.0,3000.0,3000.0,3000.0,3000.0,3000.0,3000.0,3000.0,3000.0,3000.0,3000.0,3000.0,3000.0,3000.0,3000.0,3000.0,3000.0,3000.0,3000.0,3000.0,3000.0,3000.0,3000.0,3000.0,3000.0,3000.0,3000.0,3000.0,3000.0,3000.0,3000.0,3000.0,3000.0,3000.0,3000.0,3000.0,3000.0,3000.0,3000.0,3000.0,3000.0,3000.0,3000.0,3000.0,3000.0,3000.0,3000.0,3000.0,3000.0,3000.0,3000.0,3000.0,3000.0,3000.0,3000.0,3000.0,3000.0,3000.0,3000.0,3000.0,3000.0,3000.0,3000.0,3000.0,3000.0,3000.0,3000.0,3000.0,3000.0,3000.0,3000.0,3000.0,3000.0,3000.0,3000.0,3000.0,3000.0,3000.0,3000.0,3000.0,3000.0,3000.0,3000.0,3000.0,3000.0,3000.0,3000.0,3000.0,3000.0,3000.0,3000.0,3000.0,3000.0,3000.0,3000.0,3000.0,3000.0,3000.0,3000.0,3000.0,3000.0,3000.0,3000.0,3000.0,3000.0,3000.0,3000.0,3000.0,3000.0,3000.0,3000.0,3000.0,3000.0,3000.0,3000.0,3000.0,3000.0,3000.0,1368.8967258155158,1290.6743744331252,1247.2642444224718,1233.3333333333335,3000.0,3000.0,3000.0,3000.0,1368.8967258155158,1290.6743744331252,1247.2642444224718,1233.3333333333335,3000.0,3000.0,3000.0,3000.0,1368.8967258155158,1290.6743744331252,1247.2642444224718,1233.3333333333335,3000.0,3000.0,3000.0,3000.0,1368.8967258155158,1290.6743744331252,1247.2642444224718,1233.3333333333335,3000.0,3000.0,3000.0,3000.0,1368.8967258155158,1290.6743744331252,1247.2642444224718,1233.3333333333335,3000.0,3000.0,3000.0,3000.0,1368.8967258155158,1290.6743744331252,1247.2642444224718,1233.3333333333335,3000.0,3000.0,3000.0,3000.0,1368.8967258155158,1290.6743744331252,1247.2642444224718,1233.3333333333335,3000.0,3000.0,3000.0,3000.0,1368.8967258155158,1290.6743744331252,1247.2642444224718,1233.3333333333335,1233.3333333333335,1247.2642444224718,1290.6743744331252,1368.8967258155158,3000.0,3000.0,3000.0,3000.0,1233.3333333333335,1247.2642444224718,1290.6743744331252,1368.8967258155158,3000.0,3000.0,3000.0,3000.0,1233.3333333333335,1247.2642444224718,1290.6743744331252,1368.8967258155158,3000.0,3000.0,3000.0,3000.0,1233.3333333333335,1247.2642444224718,1290.6743744331252,1368.8967258155158,3000.0,3000.0,3000.0,3000.0,1233.3333333333335,1247.2642444224718,1290.6743744331252,1368.8967258155158,3000.0,3000.0,3000.0,3000.0,1233.3333333333335,1247.2642444224718,1290.6743744331252,1368.8967258155158,3000.0,3000.0,3000.0,3000.0,1233.3333333333335,1247.2642444224718,1290.6743744331252,1368.8967258155158,3000.0,3000.0,3000.0,3000.0,1233.3333333333335,1247.2642444224718,1290.6743744331252,1368.8967258155158,3000.0,3000.0,3000.0,3000.0,3000.0,3000.0,3000.0,3000.0,3000.0,3000.0,3000.0,3000.0,3000.0,3000.0,3000.0,3000.0,3000.0,3000.0,3000.0,3000.0,3000.0,3000.0,3000.0,3000.0,3000.0,3000.0,3000.0,3000.0,3000.0,3000.0,3000.0,3000.0,3000.0,3000.0,3000.0,3000.0,3000.0,3000.0,3000.0,3000.0,3000.0,3000.0,3000.0,3000.0,3000.0,3000.0,3000.0,3000.0,3000.0,3000.0,3000.0,3000.0,3000.0,3000.0,3000.0,3000.0,3000.0,3000.0,3000.0,3000.0,3000.0,3000.0,3000.0,3000.0,3000.0,3000.0,3000.0,3000.0
13000,3000.0,3000.0,3000.0,3000.0,3000.0,3000.0,3000.0,3000.0,3000.0,3000.0,3000.0,3000.0,3000.0,3000.0,3000.0,3000.0,3000.0,3000.0,3000.0,3000.0,3000.0,3000.0,3000.0,3000.0,3000.0,3000.0,3000.0,3000.0,3000.0,3000.0,3000.0,3000.0,3000.0,3000.0,3000.0,3000.0,3000.0,3000.0,3000.0,3000.0,3000.0,3000.0,3000.0,3000.0,3000.0,3000.0,3000.0,3000.0,3000.0,3000.0,3000.0,3000.0,3000.0,3000.0,3000.0,3000.0,3000.0,3000.0,3000.0,3000.0,3000.0,3000.0,3000.0,3000.0,3000.0,3000.0,3000.0,3000.0,3000.0,3000.0,3000.0,3000.0,3000.0,3000.0,3000.0,3000.0,3000.0,3000.0,3000.0,3000.0,3000.0,3000.0,3000.0,3000.0,3000.0,3000.0,3000.0,3000.0,3000.0,3000.0,3000.0,3000.0,3000.0,3000.0,3000.0,3000.0,3000.0,3000.0,3000.0,3000.0,3000.0,3000.0,3000.0,3000.0,3000.0,3000.0,3000.0,3000.0,3000.0,3000.0,3000.0,3000.0,3000.0,3000.0,3000.0,3000.0,3000.0,3000.0,3000.0,3000.0,3000.0,3000.0,3000.0,3000.0,3000.0,3000.0,3000.0,3000.0,3000.0,3000.0,3000.0,3000.0,3000.0,3000.0,3000.0,3000.0,3000.0,3000.0,3000.0,3000.0,3000.0,3000.0,3000.0,3000.0,3000.0,3000.0,3000.0,3000.0,3000.0,3000.0,3000.0,3000.0,3000.0,3000.0,3000.0,3000.0,3000.0,3000.0,3000.0,3000.0,3000.0,3000.0,3000.0,3000.0,3000.0,3000.0,3000.0,3000.0,3000.0,3000.0,3000.0,3000.0,3000.0,3000.0,3000.0,3000.0,3000.0,3000.0,3000.0,3000.0,3000.0,3000.0,3000.0,3000.0,3000.0,3000.0,3000.0,3000.0,3000.0,3000.0,3000.0,3000.0,3000.0,3000.0,3000.0,3000.0,1387.395330218428,1308.1159200335726,1264.119166644397,1250.0,3000.0,3000.0,3000.0,3000.0,1387.395330218428,1308.1159200335726,1264.119166644397,1250.0,3000.0,3000.0,3000.0,3000.0,1387.395330218428,1308.1159200335726,1264.119166644397,1250.0,3000.0,3000.0,3000.0,3000.0,1387.395330218428,1308.1159200335726,1264.119166644397,1250.0,3000.0,3000.0,3000.0,3000.0,1387.395330218428,1308.1159200335726,1264.119166644397,1250.0,3000.0,3000.0,3000.0,3000.0,1387.395330218428,1308.1159200335726,1264.119166644397,1250.0,3000.0,3000.0,3000.0,3000.0,1387.395330218428,1308.1159200335726,1264.119166644397,1250.0,3000.0,3000.0,3000.0,3000.0,1387.395330218428,1308.1159200335726,1264.119166644397,1250.0,1250.0,1264.119166644397,1308.1159200335726,1387.395330218428,3000.0,3000.0,3000.0,3000.0,1250.0,1264.119166644397,1308.1159200335726,1387.395330218428,3000.0,3000.0,3000.0,3000.0,1250.0,1264.119166644397,1308.1159200335726,1387.395330218428,3000.0,3000.0,3000.0,3000.0,1250.0,1264.119166644397,1308.1159200335726,1387.395330218428,3000.0,3000.0,3000.0,3000.0,1250.0,1264.119166644397,1308.1159200335726,1387.395330218428,3000.0,3000.0,3000.0,3000.0,1250.0,1264.119166644397,1308.1159200335726,1387.395330218428,3000.0,3000.0,3000.0,3000.0,1250.0,1264.119166644397,1308.1159200335726,1387.395330218428,3000.0,3000.0,3000.0,3000.0,1250.0,1264.119166644397,1308.1159200335726,1387.395330218428,3000.0,3000.0,3000.0,3000.0,3000.0,3000.0,3000.0,3000.0,3000.0,3000.0,3000.0,3000.0,3000.0,3000.0,3000.0,3000.0,3000.0,3000.0,3000.0,3000.0,3000.0,3000.0,3000.0,3000.0,3000.0,3000.0,3000.0,3000.0,3000.0,3000.0,3000.0,3000.0,3000.0,3000.0,3000.0,3000.0,3000.0,3000.0,3000.0,3000.0,3000.0,3000.0,3000.0,3000.0,3000.0,3000.0,3000.0,3000.0,3000.0,3000.0,3000.0,3000.0,3000.0,3000.0,3000.0,3000.0,3000.0,3000.0,3000.0,3000.0,3000.0,3000.0,3000.0,3000.0,3000.0,3000.0,3000.0,3000.0
13067,3000.0,3000.0,3000.0,3000.0,3000.0,3000.0,3000.0,3000.0,3000.0,3000.0,3000.0,3000.0,3000.0,3000.0,3000.0,3000.0,3000.0,3000.0,3000.0,3000.0,3000.0,3000.0,3000.0,3000.0,3000.0,3000.0,3000.0,3000.0,3000.0,3000.0,3000.0,3000.0,3000.0,3000.0,3000.0,3000.0,3000.0,3000.0,3000.0,3000.0,3000.0,3000.0,3000.0,3000.0,3000.0,3000.0,3000.0,3000.0,3000.0,3000.0,3000.0,3000.0,3000.0,3000.0,3000.0,3000.0,3000.0,3000.0,3000.0,3000.0,3000.0,3000.0,3000.0,3000.0,3000.0,3000.0,3000.0,3000.0,3000.0,3000.0,3000.0,3000.0,3000.0,3000.0,3000.0,3000.0,3000.0,3000.0,3000.0,3000.0,3000.0,3000.0,3000.0,3000.0,3000.0,3000.0,3000.0,3000.0,3000.0,3000.0,3000.0,3000.0,3000.0,3000.0,3000.0,3000.0,3000.0,3000.0,3000.0,3000.0,3000.0,3000.0,3000.0,3000.0,3000.0,3000.0,3000.0,3000.0,3000.0,3000.0,3000.0,3000.0,3000.0,3000.0,3000.0,3000.0,3000.0,3000.0,3000.0,3000.0,3000.0,3000.0,3000.0,3000.0,3000.0,3000.0,3000.0,3000.0,3000.0,3000.0,3000.0,3000.0,3000.0,3000.0,3000.0,3000.0,3000.0,3000.0,3000.0,3000.0,3000.0,3000.0,3000.0,3000.0,3000.0,3000.0,3000.0,3000.0,3000.0,3000.0,3000.0,3000.0,3000.0,3000.0,3000.0,3000.0,3000.0,3000.0,3000.0,3000.0,3000.0,3000.0,3000.0,3000.0,3000.0,3000.0,3000.0,3000.0,3000.0,3000.0,3000.0,3000.0,3000.0,3000.0,3000.0,3000.0,3000.0,3000.0,3000.0,3000.0,3000.0,3000.0,3000.0,3000.0,3000.0,3000.0,3000.0,3000.0,3000.0,3000.0,3000.0,3000.0,3000.0,3000.0,3000.0,3000.0,1405.8939346213403,1325.5574656340202,1280.9740888663223,1266.6666666666665,3000.0,3000.0,3000.0,3000.0,1405.8939346213403,1325.5574656340202,1280.9740888663223,1266.6666666666665,3000.0,3000.0,3000.0,3000.0,1405.8939346213403,1325.5574656340202,1280.9740888663223,1266.6666666666665,3000.0,3000.0,3000.0,3000.0,1405.8939346213403,1325.5574656340202,1280.9740888663223,1266.6666666666665,3000.0,3000.0,3000.0,3000.0,1405.8939346213403,1325.5574656340202,1280.9740888663223,1266.6666666666665,3000.0,3000.0,3000.0,3000.0,1405.8939346213403,1325.5574656340202,1280.9740888663223,1266.6666666666665,3000.0,3000.0,3000.0,3000.0,1405.8939346213403,1325.5574656340202,1280.9740888663223,1266.6666666666665,3000.0,3000.0,3000.0,3000.0,1405.8939346213403,1325.5574656340202,1280.9740888663223,1266.6666666666665,1266.6666666666665,1280.9740888663223,1325.5574656340202,1405.8939346213403,3000.0,3000.0,3000.0,3000.0,1266.6666666666665,1280.9740888663223,1325.5574656340202,1405.8939346213403,3000.0,3000.0,3000.0,3000.0,1266.6666666666665,1280.9740888663223,1325.5574656340202,1405.8939346213403,3000.0,3000.0,3000.0,3000.0,1266.6666666666665,1280.9740888663223,1325.5574656340202,1405.8939346213403,3000.0,3000.0,3000.0,3000.0,1266.6666666666665,1280.9740888663223,1325.5574656340202,1405.8939346213403,3000.0,3000.0,3000.0,3000.0,1266.6666666666665,1280.9740888663223,1325.5574656340202,1405.8939346213403,3000.0,3000.0,3000.0,3000.0,1266.6666666666665,1280.9740888663223,1325.5574656340202,1405.8939346213403,3000.0,3000.0,3000.0,3000.0,1266.6666666666665,1280.9740888663223,1325.5574656340202,1405.8939346213403,3000.0,3000.0,3000.0,3000.0,3000.0,3000.0,3000.0,3000.0,3000.0,3000.0,3000.0,3000.0,3000.0,3000.0,3000.0,3000.0,3000.0,3000.0,3000.0,3000.0,3000.0,3000.0,3000.0,3000.0,3000.0,3000.0,3000.0,3000.0,3000.0,3000.0,3000.0,3000.0,3000.0,3000.0,3000.0,3000.0,3000.0,3000.0,3000.0,3000.0,3000.0,3000.0,3000.0,3000.0,3000.0,3000.0,3000.0,3000.0,3000.0,3000.0,3000.0,3000.0,3000.0,3000.0,3000.0,3000.0,3000.0,3000.0,3000.0,3000.0,3000.0,3000.0,3000.0,3000.0,3000.0,3000.0,3000.0,3000.0
13133,3000.0,3000.0,3000.0,3000.0,3000.0,3000.0,3000.0,3000.0,3000.0,3000.0,3000.0,3000.0,3000.0,3000.0,3000.0,3000.0,3000.0,3000.0,3000.0,3000.0,3000.0,3000.0,3000.0,3000.0,3000.0,3000.0,3000.0,3000.0,3000.0,3000.0,3000.0,3000.0,3000.0,3000.0,3000.0,3000.0,3000.0,3000.0,3000.0,3000.0,3000.0,3000.0,3000.0,3000.0,3000.0,3000.0,3000.0,3000.0,3000.0,3000.0,3000.0,3000.0,3000.0,3000.0,3000.0,3000.0,3000.0,3000.0,3000.0,3000.0,3000.0,3000.0,3000.0,3000.0,3000.0,3000.0,3000.0,3000.0,3000.0,3000.0,3000.0,3000.0,3000.0,3000.0,3000.0,3000.0,3000.0,3000.0,3000.0,3000.0,3000.0,3000.0,3000.0,3000.0,3000.0,3000.0,3000.0,3000.0,3000.0,3000.0,3000.0,3000.0,3000.0,3000.0,3000.0,3000.0,3000.0,3000.0,3000.0,3000.0,3000.0,3000.0,3000.0,3000.0,3000.0,3000.0,3000.0,3000.0,3000.0,3000.0,3000.0,3000.0,3000.0,3000.0,3000.0,3000.0,3000.0,3000.0,3000.0,3000.0,3000.0,3000.0,3000.0,3000.0,3000.0,3000.0,3000.0,3000.0,3000.0,3000.0,3000.0,3000.0,3000.0,3000.0,3000.0,3000.0,3000.0,3000.0,3000.0,3000.0,3000.0,3000.0,3000.0,3000.0,3000.0,3000.0,3000.0,3000.0,3000.0,3000.0,3000.0,3000.0,3000.0,3000.0,3000.0,3000.0,3000.0,3000.0,3000.0,3000.0,3000.0,3000.0,3000.0,3000.0,3000.0,3000.0,3000.0,3000.0,3000.0,3000.0,3000.0,3000.0,3000.0,3000.0,3000.0,3000.0,3000.0,3000.0,3000.0,3000.0,3000.0,3000.0,3000.0,3000.0,3000.0,3000.0,3000.0,3000.0,3000.0,3000.0,3000.0,3000.0,3000.0,3000.0,3000.0,3000.0,1424.3925390242528,1342.9990112344678,1297.8290110882474,1283.3333333333333,3000.0,3000.0,3000.0,3000.0,1424.3925390242528,1342.9990112344678,1297.8290110882474,1283.3333333333333,3000.0,3000.0,3000.0,3000.0,1424.3925390242528,1342.9990112344678,1297.8290110882474,1283.3333333333333,3000.0,3000.0,3000.0,3000.0,1424.3925390242528,1342.9990112344678,1297.8290110882474,1283.3333333333333,3000.0,3000.0,3000.0,3000.0,1424.3925390242528,1342.9990112344678,1297.8290110882474,1283.3333333333333,3000.0,3000.0,3000.0,3000.0,1424.3925390242528,1342.9990112344678,1297.8290110882474,1283.3333333333333,3000.0,3000.0,3000.0,3000.0,1424.3925390242528,1342.9990112344678,1297.8290110882474,1283.3333333333333,3000.0,3000.0,3000.0,3000.0,1424.3925390242528,1342.9990112344678,1297.8290110882474,1283.3333333333333,1283.3333333333333,1297.8290110882474,1342.9990112344678,1424.3925390242528,3000.0,3000.0,3000.0,3000.0,1283.3333333333333,1297.8290110882474,1342.9990112344678,1424.3925390242528,3000.0,3000.0,3000.0,3000.0,1283.3333333333333,1297.8290110882474,1342.9990112344678,1424.3925390242528,3000.0,3000.0,3000.0,3000.0,1283.3333333333333,1297.8290110882474,1342.9990112344678,1424.3925390242528,3000.0,3000.0,3000.0,3000.0,1283.3333333333333,1297.8290110882474,1342.9990112344678,1424.3925390242528,3000.0,3000.0,3000.0,3000.0,1283.3333333333333,1297.8290110882474,1342.9990112344678,1424.3925390242528,3000.0,3000.0,3000.0,3000.0,1283.3333333333333,1297.8290110882474,1342.9990112344678,1424.3925390242528,3000.0,3000.0,3000.0,3000.0,1283.3333333333333,1297.8290110882474,1342.9990112344678,1424.3925390242528,3000.0,3000.0,3000.0,3000.0,3000.0,3000.0,3000.0,3000.0,3000.0,3000.0,3000.0,3000.0,3000.0,3000.0,3000.0,3000.0,3000.0,3000.0,3000.0,3000.0,3000.0,3000.0,3000.0,3000.0,3000.0,3000.0,3000.0,3000.0,3000.0,3000.0,3000.0,3000.0,3000.0,3000.0,3000.0,3000.0,3000.0,3000.0,3000.0,3000.0,3000.0,3000.0,3000.0,3000.0,3000.0,3000.0,3000.0,3000.0,3000.0,3000.0,3000.0,3000.0,3000.0,3000.0,3000.0,3000.0,3000.0,3000.0,3000.0,3000.0,3000.0,3000.0,3000.0,3000.0,3000.0,3000.0,3000.0,3000.0
13200,3000.0,3000.0,3000.0,3000.0,3000.0,3000.0,3000.0,3000.0,3000.0,3000.0,3000.0,3000.0,3000.0,3000.0,3000.0,3000.0,3000.0,3000.0,3000.0,3000.0,3000.0,3000.0,3000.0,3000.0,3000.0,3000.0,3000.0,3000.0,3000.0,3000.0,3000.0,3000.0,3000.0,3000.0,3000.0,3000.0,3000.0,3000.0,3000.0,3000.0,3000.0,3000.0,3000.0,3000.0,3000.0,3000.0,3000.0,3000.0,3000.0,3000.0,3000.0,3000.0,3000.0,3000.0,3000.0,3000.0,3000.0,3000.0,3000.0,3000.0,3000.0,3000.0,3000.0,3000.0,3000.0,3000.0,3000.0,3000.0,3000.0,3000.0,3000.0,3000.0,3000.0,3000.0,3000.0,3000.0,3000.0,3000.0,3000.0,3000.0,3000.0,3000.0,3000.0,3000.0,3000.0,3000.0,3000.0,3000.0,3000.0,3000.0,3000.0,3000.0,3000.0,3000.0,3000.0,3000.0,3000.0,3000.0,3000.0,3000.0,3000.0,3000.0,3000.0,3000.0,3000.0,3000.0,3000.0,3000.0,3000.0,3000.0,3000.0,3000.0,3000.0,3000.0,3000.0,3000.0,3000.0,3000.0,3000.0,3000.0,3000.0,3000.0,3000.0,3000.0,3000.0,3000.0,3000.0,3000.0,3000.0,3000.0,3000.0,3000.0,3000.0,3000.0,3000.0,3000.0,3000.0,3000.0,3000.0,3000.0,3000.0,3000.0,3000.0,3000.0,3000.0,3000.0,3000.0,3000.0,3000.0,3000.0,3000.0,3000.0,3000.0,3000.0,3000.0,3000.0,3000.0,3000.0,3000.0,3000.0,3000.0,3000.0,3000.0,3000.0,3000.0,3000.0,3000.0,3000.0,3000.0,3000.0,3000.0,3000.0,3000.0,3000.0,3000.0,3000.0,3000.0,3000.0,3000.0,3000.0,3000.0,3000.0,3000.0,3000.0,3000.0,3000.0,3000.0,3000.0,3000.0,3000.0,3000.0,3000.0,3000.0,3000.0,3000.0,3000.0,1442.8911434271647,1360.4405568349155,1314.6839333101725,1299.9999999999995,3000.0,3000.0,3000.0,3000.0,1442.8911434271647,1360.4405568349155,1314.6839333101725,1299.9999999999995,3000.0,3000.0,3000.0,3000.0,1442.8911434271647,1360.4405568349155,1314.6839333101725,1299.9999999999995,3000.0,3000.0,3000.0,3000.0,1442.8911434271647,1360.4405568349155,1314.6839333101725,1299.9999999999995,3000.0,3000.0,3000.0,3000.0,1442.8911434271647,1360.4405568349155,1314.6839333101725,1299.9999999999995,3000.0,3000.0,3000.0,3000.0,1442.8911434271647,1360.4405568349155,1314.6839333101725,1299.9999999999995,3000.0,3000.0,3000.0,3000.0,1442.8911434271647,1360.4405568349155,1314.6839333101725,1299.9999999999995,3000.0,3000.0,3000.0,3000.0,1442.8911434271647,1360.4405568349155,1314.6839333101725,1299.9999999999995,1299.9999999999995,1314.6839333101725,1360.4405568349155,1442.8911434271647,3000.0,3000.0,3000.0,3000.0,1299.9999999999995,1314.6839333101725,1360.4405568349155,1442.8911434271647,3000.0,3000.0,3000.0,3000.0,1299.9999999999995,1314.6839333101725,1360.4405568349155,1442.8911434271647,3000.0,3000.0,3000.0,3000.0,1299.9999999999995,1314.6839333101725,1360.4405568349155,1442.8911434271647,3000.0,3000.0,3000.0,3000.0,1299.9999999999995,1314.6839333101725,1360.4405568349155,1442.8911434271647,3000.0,3000.0,3000.0,3000.0,1299.9999999999995,1314.6839333101725,1360.4405568349155,1442.8911434271647,3000.0,3000.0,3000.0,3000.0,1299.9999999999995,1314.6839333101725,1360.4405568349155,1442.8911434271647,3000.0,3000.0,3000.0,3000.0,1299.9999999999995,1314.6839333101725,1360.4405568349155,1442.8911434271647,3000.0,3000.0,3000.0,3000.0,3000.0,3000.0,3000.0,3000.0,3000.0,3000.0,3000.0,3000.0,3000.0,3000.0,3000.0,3000.0,3000.0,3000.0,3000.0,3000.0,3000.0,3000.0,3000.0,3000.0,3000.0,3000.0,3000.0,3000.0,3000.0,3000.0,3000.0,3000.0,3000.0,3000.0,3000.0,3000.0,3000.0,3000.0,3000.0,3000.0,3000.0,3000.0,3000.0,3000.0,3000.0,3000.0,3000.0,3000.0,3000.0,3000.0,3000.0,3000.0,3000.0,3000.0,3000.0,3000.0,3000.0,3000.0,3000.0,3000.0,3000.0,3000.0,3000.0,3000.0,3000.0,3000.0,3000.0,3000.0
13267,3000.0,3000.0,3000.0,3000.0,3000.0,3000.0,3000.0,3000.0,3000.0,3000.0,3000.0,3000.0,3000.0,3000.0,3000.0,3000.0,3000.0,3000.0,3000.0,3000.0,3000.0,3000.0,3000.0,3000.0,3000.0,3000.0,3000.0,3000.0,3000.0,3000.0,3000.0,3000.0,3000.0,3000.0,3000.0,3000.0,3000.0,3000.0,3000.0,3000.0,3000.0,3000.0,3000.0,3000.0,3000.0,3000.0,3000.0,3000.0,3000.0,3000.0,3000.0,3000.0,3000.0,3000.0,3000.0,3000.0,3000.0,3000.0,3000.0,3000.0,3000.0,3000.0,3000.0,3000.0,3000.0,3000.0,3000.0,3000.0,3000.0,3000.0,3000.0,3000.0,3000.0,3000.0,3000.0,3000.0,3000.0,3000.0,3000.0,3000.0,3000.0,3000.0,3000.0,3000.0,3000.0,3000.0,3000.0,3000.0,3000.0,3000.0,3000.0,3000.0,3000.0,3000.0,3000.0,3000.0,3000.0,3000.0,3000.0,3000.0,3000.0,3000.0,3000.0,3000.0,3000.0,3000.0,3000.0,3000.0,3000.0,3000.0,3000.0,3000.0,3000.0,3000.0,3000.0,3000.0,3000.0,3000.0,3000.0,3000.0,3000.0,3000.0,3000.0,3000.0,3000.0,3000.0,3000.0,3000.0,3000.0,3000.0,3000.0,3000.0,3000.0,3000.0,3000.0,3000.0,3000.0,3000.0,3000.0,3000.0,3000.0,3000.0,3000.0,3000.0,3000.0,3000.0,3000.0,3000.0,3000.0,3000.0,3000.0,3000.0,3000.0,3000.0,3000.0,3000.0,3000.0,3000.0,3000.0,3000.0,3000.0,3000.0,3000.0,3000.0,3000.0,3000.0,3000.0,3000.0,3000.0,3000.0,3000.0,3000.0,3000.0,3000.0,3000.0,3000.0,3000.0,3000.0,3000.0,3000.0,3000.0,3000.0,3000.0,3000.0,3000.0,3000.0,3000.0,3000.0,3000.0,3000.0,3000.0,3000.0,3000.0,3000.0,3000.0,3000.0,1461.3897478300778,1377.8821024353633,1331.538855532098,1316.6666666666667,3000.0,3000.0,3000.0,3000.0,1461.3897478300778,1377.8821024353633,1331.538855532098,1316.6666666666667,3000.0,3000.0,3000.0,3000.0,1461.3897478300778,1377.8821024353633,1331.538855532098,1316.6666666666667,3000.0,3000.0,3000.0,3000.0,1461.3897478300778,1377.8821024353633,1331.538855532098,1316.6666666666667,3000.0,3000.0,3000.0,3000.0,1461.3897478300778,1377.8821024353633,1331.538855532098,1316.6666666666667,3000.0,3000.0,3000.0,3000.0,1461.3897478300778,1377.8821024353633,1331.538855532098,1316.6666666666667,3000.0,3000.0,3000.0,3000.0,1461.3897478300778,1377.8821024353633,1331.538855532098,1316.6666666666667,3000.0,3000.0,3000.0,3000.0,1461.3897478300778,1377.8821024353633,1331.538855532098,1316.6666666666667,1316.6666666666667,1331.538855532098,1377.8821024353633,1461.3897478300778,3000.0,3000.0,3000.0,3000.0,1316.6666666666667,1331.538855532098,1377.8821024353633,1461.3897478300778,3000.0,3000.0,3000.0,3000.0,1316.6666666666667,1331.538855532098,1377.8821024353633,1461.3897478300778,3000.0,3000.0,3000.0,3000.0,1316.6666666666667,1331.538855532098,1377.8821024353633,1461.3897478300778,3000.0,3000.0,3000.0,3000.0,1316.6666666666667,1331.538855532098,1377.8821024353633,1461.3897478300778,3000.0,3000.0,3000.0,3000.0,1316.6666666666667,1331.538855532098,1377.8821024353633,1461.3897478300778,3000.0,3000.0,3000.0,3000.0,1316.6666666666667,1331.538855532098,1377.8821024353633,1461.3897478300778,3000.0,3000.0,3000.0,3000.0,1316.6666666666667,1331.538855532098,1377.8821024353633,1461.3897478300778,3000.0,3000.0,3000.0,3000.0,3000.0,3000.0,3000.0,3000.0,3000.0,3000.0,3000.0,3000.0,3000.0,3000.0,3000.0,3000.0,3000.0,3000.0,3000.0,3000.0,3000.0,3000.0,3000.0,3000.0,3000.0,3000.0,3000.0,3000.0,3000.0,3000.0,3000.0,3000.0,3000.0,3000.0,3000.0,3000.0,3000.0,3000.0,3000.0,3000.0,3000.0,3000.0,3000.0,3000.0,3000.0,3000.0,3000.0,3000.0,3000.0,3000.0,3000.0,3000.0,3000.0,3000.0,3000.0,3000.0,3000.0,3000.0,3000.0,3000.0,3000.0,3000.0,3000.0,3000.0,3000.0,3000.0,3000.0,3000.0
13333,3000.0,3000.0,3000.0,3000.0,3000.0,3000.0,3000.0,3000.0,3000.0,3000.0,3000.0,3000.0,3000.0,3000.0,3000.0,3000.0,3000.0,3000.0,3000.0,3000.0,3000.0,3000.0,3000.0,3000.0,3000.0,3000.0,3000.0,3000.0,3000.0,3000.0,3000.0,3000.0,3000.0,3000.0,3000.0,3000.0,3000.0,3000.0,3000.0,3000.0,3000.0,3000.0,3000.0,3000.0,3000.0,3000.0,3000.0,3000.0,3000.0,3000.0,3000.0,3000.0,3000.0,3000.0,3000.0,3000.0,3000.0,3000.0,3000.0,3000.0,3000.0,3000.0,3000.0,3000.0,3000.0,3000.0,3000.0,3000.0,3000.0,3000.0,3000.0,3000.0,3000.0,3000.0,3000.0,3000.0,3000.0,3000.0,3000.0,3000.0,3000.0,3000.0,3000.0,3000.0,3000.0,3000.0,3000.0,3000.0,3000.0,3000.0,3000.0,3000.0,3000.0,3000.0,3000.0,3000.0,3000.0,3000.0,3000.0,3000.0,3000.0,3000.0,3000.0,3000.0,3000.0,3000.0,3000.0,3000.0,3000.0,3000.0,3000.0,3000.0,3000.0,3000.0,3000.0,3000.0,3000.0,3000.0,3000.0,3000.0,3000.0,3000.0,3000.0,3000.0,3000.0,3000.0,3000.0,3000.0,3000.0,3000.0,3000.0,3000.0,3000.0,3000.0,3000.0,3000.0,3000.0,3000.0,3000.0,3000.0,3000.0,3000.0,3000.0,3000.0,3000.0,3000.0,3000.0,3000.0,3000.0,3000.0,3000.0,3000.0,3000.0,3000.0,3000.0,3000.0,3000.0,3000.0,3000.0,3000.0,3000.0,3000.0,3000.0,3000.0,3000.0,3000.0,3000.0,3000.0,3000.0,3000.0,3000.0,3000.0,3000.0,3000.0,3000.0,3000.0,3000.0,3000.0,3000.0,3000.0,3000.0,3000.0,3000.0,3000.0,3000.0,3000.0,3000.0,3000.0,3000.0,3000.0,3000.0,3000.0,3000.0,3000.0,3000.0,3000.0,1479.8883522329902,1395.3236480358112,1348.3937777540236,1333.3333333333335,3000.0,3000.0,3000.0,3000.0,1479.8883522329902,1395.3236480358112,1348.3937777540236,1333.3333333333335,3000.0,3000.0,3000.0,3000.0,1479.8883522329902,1395.3236480358112,1348.3937777540236,1333.3333333333335,3000.0,3000.0,3000.0,3000.0,1479.8883522329902,1395.3236480358112,1348.3937777540236,1333.3333333333335,3000.0,3000.0,3000.0,3000.0,1479.8883522329902,1395.3236480358112,1348.3937777540236,1333.3333333333335,3000.0,3000.0,3000.0,3000.0,1479.8883522329902,1395.3236480358112,1348.3937777540236,1333.3333333333335,3000.0,3000.0,3000.0,3000.0,1479.8883522329902,1395.3236480358112,1348.3937777540236,1333.3333333333335,3000.0,3000.0,3000.0,3000.0,1479.8883522329902,1395.3236480358112,1348.3937777540236,1333.3333333333335,1333.3333333333335,1348.3937777540236,1395.3236480358112,1479.8883522329902,3000.0,3000.0,3000.0,3000.0,1333.3333333333335,1348.3937777540236,1395.3236480358112,1479.8883522329902,3000.0,3000.0,3000.0,3000.0,1333.3333333333335,1348.3937777540236,1395.3236480358112,1479.8883522329902,3000.0,3000.0,3000.0,3000.0,1333.3333333333335,1348.3937777540236,1395.3236480358112,1479.8883522329902,3000.0,3000.0,3000.0,3000.0,1333.3333333333335,1348.3937777540236,1395.3236480358112,1479.8883522329902,3000.0,3000.0,3000.0,3000.0,1333.3333333333335,1348.3937777540236,1395.3236480358112,1479.8883522329902,3000.0,3000.0,3000.0,3000.0,1333.3333333333335,1348.3937777540236,1395.3236480358112,1479.8883522329902,3000.0,3000.0,3000.0,3000.0,1333.3333333333335,1348.3937777540236,1395.3236480358112,1479.8883522329902,3000.0,3000.0,3000.0,3000.0,3000.0,3000.0,3000.0,3000.0,3000.0,3000.0,3000.0,3000.0,3000.0,3000.0,3000.0,3000.0,3000.0,3000.0,3000.0,3000.0,3000.0,3000.0,3000.0,3000.0,3000.0,3000.0,3000.0,3000.0,3000.0,3000.0,3000.0,3000.0,3000.0,3000.0,3000.0,3000.0,3000.0,3000.0,3000.0,3000.0,3000.0,3000.0,3000.0,3000.0,3000.0,3000.0,3000.0,3000.0,3000.0,3000.0,3000.0,3000.0,3000.0,3000.0,3000.0,3000.0,3000.0,3000.0,3000.0,3000.0,3000.0,3000.0,3000.0,3000.0,3000.0,3000.0,3000.0,3000.0
13400,3000.0,3000.0,3000.0,3000.0,3000.0,3000.0,3000.0,3000.0,3000.0,3000.0,3000.0,3000.0,3000.0,3000.0,3000.0,3000.0,3000.0,3000.0,3000.0,3000.0,3000.0,3000.0,3000.0,3000.0,3000.0,3000.0,3000.0,3000.0,3000.0,3000.0,3000.0,3000.0,3000.0,3000.0,3000.0,3000.0,3000.0,3000.0,3000.0,3000.0,3000.0,3000.0,3000.0,3000.0,3000.0,3000.0,3000.0,3000.0,3000.0,3000.0,3000.0,3000.0,3000.0,3000.0,3000.0,3000.0,3000.0,3000.0,3000.0,3000.0,3000.0,3000.0,3000.0,3000.0,3000.0,3000.0,3000.0,3000.0,3000.0,3000.0,3000.0,3000.0,3000.0,3000.0,3000.0,3000.0,3000.0,3000.0,3000.0,3000.0,3000.0,3000.0,3000.0,3000.0,3000.0,3000.0,3000.0,3000.0,3000.0,3000.0,3000.0,3000.0,3000.0,3000.0,3000.0,3000.0,3000.0,3000.0,3000.0,3000.0,3000.0,3000.0,3000.0,3000.0,3000.0,3000.0,3000.0,3000.0,3000.0,3000.0,3000.0,3000.0,3000.0,3000.0,3000.0,3000.0,3000.0,3000.0,3000.0,3000.0,3000.0,3000.0,3000.0,3000.0,3000.0,3000.0,3000.0,3000.0,3000.0,3000.0,3000.0,3000.0,3000.0,3000.0,3000.0,3000.0,3000.0,3000.0,3000.0,3000.0,3000.0,3000.0,3000.0,3000.0,3000.0,3000.0,3000.0,3000.0,3000.0,3000.0,3000.0,3000.0,3000.0,3000.0,3000.0,3000.0,3000.0,3000.0,3000.0,3000.0,3000.0,3000.0,3000.0,3000.0,3000.0,3000.0,3000.0,3000.0,3000.0,3000.0,3000.0,3000.0,3000.0,3000.0,3000.0,3000.0,3000.0,3000.0,3000.0,3000.0,3000.0,3000.0,3000.0,3000.0,3000.0,3000.0,3000.0,3000.0,3000.0,3000.0,3000.0,3000.0,3000.0,3000.0,3000.0,3000.0,1498.3869566359024,1412.7651936362586,1365.2486999759487,1350.0,3000.0,3000.0,3000.0,3000.0,1498.3869566359024,1412.7651936362586,1365.2486999759487,1350.0,3000.0,3000.0,3000.0,3000.0,1498.3869566359024,1412.7651936362586,1365.2486999759487,1350.0,3000.0,3000.0,3000.0,3000.0,1498.3869566359024,1412.7651936362586,1365.2486999759487,1350.0,3000.0,3000.0,3000.0,3000.0,1498.3869566359024,1412.7651936362586,1365.2486999759487,1350.0,3000.0,3000.0,3000.0,3000.0,1498.3869566359024,1412.7651936362586,1365.2486999759487,1350.0,3000.0,3000.0,3000.0,3000.0,1498.3869566359024,1412.7651936362586,1365.2486999759487,1350.0,3000.0,3000.0,3000.0,3000.0,1498.3869566359024,1412.7651936362586,1365.2486999759487,1350.0,1350.0,1365.2486999759487,1412.7651936362586,1498.3869566359024,3000.0,3000.0,3000.0,3000.0,1350.0,1365.2486999759487,1412.7651936362586,1498.3869566359024,3000.0,3000.0,3000.0,3000.0,1350.0,1365.2486999759487,1412.7651936362586,1498.3869566359024,3000.0,3000.0,3000.0,3000.0,1350.0,1365.2486999759487,1412.7651936362586,1498.3869566359024,3000.0,3000.0,3000.0,3000.0,1350.0,1365.2486999759487,1412.7651936362586,1498.3869566359024,3000.0,3000.0,3000.0,3000.0,1350.0,1365.2486999759487,1412.7651936362586,1498.3869566359024,3000.0,3000.0,3000.0,3000.0,1350.0,1365.2486999759487,1412.7651936362586,1498.3869566359024,3000.0,3000.0,3000.0,3000.0,1350.0,1365.2486999759487,1412.7651936362586,1498.3869566359024,3000.0,3000.0,3000.0,3000.0,3000.0,3000.0,3000.0,3000.0,3000.0,3000.0,3000.0,3000.0,3000.0,3000.0,3000.0,3000.0,3000.0,3000.0,3000.0,3000.0,3000.0,3000.0,3000.0,3000.0,3000.0,3000.0,3000.0,3000.0,3000.0,3000.0,3000.0,3000.0,3000.0,3000.0,3000.0,3000.0,3000.0,3000.0,3000.0,3000.0,3000.0,3000.0,3000.0,3000.0,3000.0,3000.0,3000.0,3000.0,3000.0,3000.0,3000.0,3000.0,3000.0,3000.0,3000.0,3000.0,3000.0,3000.0,3000.0,3000.0,3000.0,3000.0,3000.0,3000.0,3000.0,3000.0,3000.0,3000.0
13467,3000.0,3000.0,3000.0,3000.0,3000.0,3000.0,3000.0,3000.0,3000.0,3000.0,3000.0,3000.0,3000.0,3000.0,3000.0,3000.0,3000.0,3000.0,3000.0,3000.0,3000.0,3000.0,3000.0,3000.0,3000.0,3000.0,3000.0,3000.0,3000.0,3000.0,3000.0,3000.0,3000.0,3000.0,3000.0,3000.0,3000.0,3000.0,3000.0,3000.0,3000.0,3000.0,3000.0,3000.0,3000.0,3000.0,3000.0,3000.0,3000.0,3000.0,3000.0,3000.0,3000.0,3000.0,3000.0,3000.0,3000.0,3000.0,3000.0,3000.0,3000.0,3000.0,3000.0,3000.0,3000.0,3000.0,3000.0,3000.0,3000.0,3000.0,3000.0,3000.0,3000.0,3000.0,3000.0,3000.0,3000.0,3000.0,3000.0,3000.0,3000.0,3000.0,3000.0,3000.0,3000.0,3000.0,3000.0,3000.0,3000.0,3000.0,3000.0,3000.0,3000.0,3000.0,3000.0,3000.0,3000.0,3000.0,3000.0,3000.0,3000.0,3000.0,3000.0,3000.0,3000.0,3000.0,3000.0,3000.0,3000.0,3000.0,3000.0,3000.0,3000.0,3000.0,3000.0,3000.0,3000.0,3000.0,3000.0,3000.0,3000.0,3000.0,3000.0,3000.0,3000.0,3000.0,3000.0,3000.0,3000.0,3000.0,3000.0,3000.0,3000.0,3000.0,3000.0,3000.0,3000.0,3000.0,3000.0,3000.0,3000.0,3000.0,3000.0,3000.0,3000.0,3000.0,3000.0,3000.0,3000.0,3000.0,3000.0,3000.0,3000.0,3000.0,3000.0,3000.0,3000.0,3000.0,3000.0,3000.0,3000.0,3000.0,3000.0,3000.0,3000.0,3000.0,3000.0,3000.0,3000.0,3000.0,3000.0,3000.0,3000.0,3000.0,3000.0,3000.0,3000.0,3000.0,3000.0,3000.0,3000.0,3000.0,3000.0,3000.0,3000.0,3000.0,3000.0,3000.0,3000.0,3000.0,3000.0,3000.0,3000.0,3000.0,3000.0,3000.0,1516.8855610388148,1430.2067392367062,1382.1036221978743,1366.6666666666667,3000.0,3000.0,3000.0,3000.0,1516.8855610388148,1430.2067392367062,1382.1036221978743,1366.6666666666667,3000.0,3000.0,3000.0,3000.0,1516.8855610388148,1430.2067392367062,1382.1036221978743,1366.6666666666667,3000.0,3000.0,3000.0,3000.0,1516.8855610388148,1430.2067392367062,1382.1036221978743,1366.6666666666667,3000.0,3000.0,3000.0,3000.0,1516.8855610388148,1430.2067392367062,1382.1036221978743,1366.6666666666667,3000.0,3000.0,3000.0,3000.0,1516.8855610388148,1430.2067392367062,1382.1036221978743,1366.6666666666667,3000.0,3000.0,3000.0,3000.0,1516.8855610388148,1430.2067392367062,1382.1036221978743,1366.6666666666667,3000.0,3000.0,3000.0,3000.0,1516.8855610388148,1430.2067392367062,1382.1036221978743,1366.6666666666667,1366.6666666666667,1382.1036221978743,1430.2067392367062,1516.8855610388148,3000.0,3000.0,3000.0,3000.0,1366.6666666666667,1382.1036221978743,1430.2067392367062,1516.8855610388148,3000.0,3000.0,3000.0,3000.0,1366.6666666666667,1382.1036221978743,1430.2067392367062,1516.8855610388148,3000.0,3000.0,3000.0,3000.0,1366.6666666666667,1382.1036221978743,1430.2067392367062,1516.8855610388148,3000.0,3000.0,3000.0,3000.0,1366.6666666666667,1382.1036221978743,1430.2067392367062,1516.8855610388148,3000.0,3000.0,3000.0,3000.0,1366.6666666666667,1382.1036221978743,1430.2067392367062,1516.8855610388148,3000.0,3000.0,3000.0,3000.0,1366.6666666666667,1382.1036221978743,1430.2067392367062,1516.8855610388148,3000.0,3000.0,3000.0,3000.0,1366.6666666666667,1382.1036221978743,1430.2067392367062,1516.8855610388148,3000.0,3000.0,3000.0,3000.0,3000.0,3000.0,3000.0,3000.0,3000.0,3000.0,3000.0,3000.0,3000.0,3000.0,3000.0,3000.0,3000.0,3000.0,3000.0,3000.0,3000.0,3000.0,3000.0,3000.0,3000.0,3000.0,3000.0,3000.0,3000.0,3000.0,3000.0,3000.0,3000.0,3000.0,3000.0,3000.0,3000.0,3000.0,3000.0,3000.0,3000.0,3000.0,3000.0,3000.0,3000.0,3000.0,3000.0,3000.0,3000.0,3000.0,3000.0,3000.0,3000.0,3000.0,3000.0,3000.0,3000.0,3000.0,3000.0,3000.0,3000.0,3000.0,3000.0,3000.0,3000.0,3000.0,3000.0,3000.0
13533,3000.0,3000.0,3000.0,3000.0,3000.0,3000.0,3000.0,3000.0,3000.0,3000.0,3000.0,3000.0,3000.0,3000.0,3000.0,3000.0,3000.0,3000.0,3000.0,3000.0,3000.0,3000.0,3000.0,3000.0,3000.0,3000.0,3000.0,3000.0,3000.0,3000.0,3000.0,3000.0,3000.0,3000.0,3000.0,3000.0,3000.0,3000.0,3000.0,3000.0,3000.0,3000.0,3000.0,3000.0,3000.0,3000.0,3000.0,3000.0,3000.0,3000.0,3000.0,3000.0,3000.0,3000.0,3000.0,3000.0,3000.0,3000.0,3000.0,3000.0,3000.0,3000.0,3000.0,3000.0,3000.0,3000.0,3000.0,3000.0,3000.0,3000.0,3000.0,3000.0,3000.0,3000.0,3000.0,3000.0,3000.0,3000.0,3000.0,3000.0,3000.0,3000.0,3000.0,3000.0,3000.0,3000.0,3000.0,3000.0,3000.0,3000.0,3000.0,3000.0,3000.0,3000.0,3000.0,3000.0,3000.0,3000.0,3000.0,3000.0,3000.0,3000.0,3000.0,3000.0,3000.0,3000.0,3000.0,3000.0,3000.0,3000.0,3000.0,3000.0,3000.0,3000.0,3000.0,3000.0,3000.0,3000.0,3000.0,3000.0,3000.0,3000.0,3000.0,3000.0,3000.0,3000.0,3000.0,3000.0,3000.0,3000.0,3000.0,3000.0,3000.0,3000.0,3000.0,3000.0,3000.0,3000.0,3000.0,3000.0,3000.0,3000.0,3000.0,3000.0,3000.0,3000.0,3000.0,3000.0,3000.0,3000.0,3000.0,3000.0,3000.0,3000.0,3000.0,3000.0,3000.0,3000.0,3000.0,3000.0,3000.0,3000.0,3000.0,3000.0,3000.0,3000.0,3000.0,3000.0,3000.0,3000.0,3000.0,3000.0,3000.0,3000.0,3000.0,3000.0,3000.0,3000.0,3000.0,3000.0,3000.0,3000.0,3000.0,3000.0,3000.0,3000.0,3000.0,3000.0,3000.0,3000.0,3000.0,3000.0,3000.0,3000.0,3000.0,3000.0,1535.384165441727,1447.6482848371536,1398.9585444197994,1383.3333333333333,3000.0,3000.0,3000.0,3000.0,1535.384165441727,1447.6482848371536,1398.9585444197994,1383.3333333333333,3000.0,3000.0,3000.0,3000.0,1535.384165441727,1447.6482848371536,1398.9585444197994,1383.3333333333333,3000.0,3000.0,3000.0,3000.0,1535.384165441727,1447.6482848371536,1398.9585444197994,1383.3333333333333,3000.0,3000.0,3000.0,3000.0,1535.384165441727,1447.6482848371536,1398.9585444197994,1383.3333333333333,3000.0,3000.0,3000.0,3000.0,1535.384165441727,1447.6482848371536,1398.9585444197994,1383.3333333333333,3000.0,3000.0,3000.0,3000.0,1535.384165441727,1447.6482848371536,1398.9585444197994,1383.3333333333333,3000.0,3000.0,3000.0,3000.0,1535.384165441727,1447.6482848371536,1398.9585444197994,1383.3333333333333,1383.3333333333333,1398.9585444197994,1447.6482848371536,1535.384165441727,3000.0,3000.0,3000.0,3000.0,1383.3333333333333,1398.9585444197994,1447.6482848371536,1535.384165441727,3000.0,3000.0,3000.0,3000.0,1383.3333333333333,1398.9585444197994,1447.6482848371536,1535.384165441727,3000.0,3000.0,3000.0,3000.0,1383.3333333333333,1398.9585444197994,1447.6482848371536,1535.384165441727,3000.0,3000.0,3000.0,3000.0,1383.3333333333333,1398.9585444197994,1447.6482848371536,1535.384165441727,3000.0,3000.0,3000.0,3000.0,1383.3333333333333,1398.9585444197994,1447.6482848371536,1535.384165441727,3000.0,3000.0,3000.0,3000.0,1383.3333333333333,1398.9585444197994,1447.6482848371536,1535.384165441727,3000.0,3000.0,3000.0,3000.0,1383.3333333333333,1398.9585444197994,1447.6482848371536,1535.384165441727,3000.0,3000.0,3000.0,3000.0,3000.0,3000.0,3000.0,3000.0,3000.0,3000.0,3000.0,3000.0,3000.0,3000.0,3000.0,3000.0,3000.0,3000.0,3000.0,3000.0,3000.0,3000.0,3000.0,3000.0,3000.0,3000.0,3000.0,3000.0,3000.0,3000.0,3000.0,3000.0,3000.0,3000.0,3000.0,3000.0,3000.0,3000.0,3000.0,3000.0,3000.0,3000.0,3000.0,3000.0,3000.0,3000.0,3000.0,3000.0,3000.0,3000.0,3000.0,3000.0,3000.0,3000.0,3000.0,3000.0,3000.0,3000.0,3000.0,3000.0,3000.0,3000.0,3000.0,3000.0,3000.0,3000.0,3000.0,3000.0
13600,3000.0,3000.0,3000.0,3000.0,3000.0,3000.0,3000.0,3000.0,3000.0,3000.0,3000.0,3000.0,3000.0,3000.0,3000.0,3000.0,3000.0,3000.0,3000.0,3000.0,3000.0,3000.0,3000.0,3000.0,3000.0,3000.0,3000.0,3000.0,3000.0,3000.0,3000.0,3000.0,3000.0,3000.0,3000.0,3000.0,3000.0,3000.0,3000.0,3000.0,3000.0,3000.0,3000.0,3000.0,3000.0,3000.0,3000.0,3000.0,3000.0,3000.0,3000.0,3000.0,3000.0,3000.0,3000.0,3000.0,3000.0,3000.0,3000.0,3000.0,3000.0,3000.0,3000.0,3000.0,3000.0,3000.0,3000.0,3000.0,3000.0,3000.0,3000.0,3000.0,3000.0,3000.0,3000.0,3000.0,3000.0,3000.0,3000.0,3000.0,3000.0,3000.0,3000.0,3000.0,3000.0,3000.0,3000.0,3000.0,3000.0,3000.0,3000.0,3000.0,3000.0,3000.0,3000.0,3000.0,3000.0,3000.0,3000.0,3000.0,3000.0,3000.0,3000.0,3000.0,3000.0,3000.0,3000.0,3000.0,3000.0,3000.0,3000.0,3000.0,3000.0,3000.0,3000.0,3000.0,3000.0,3000.0,3000.0,3000.0,3000.0,3000.0,3000.0,3000.0,3000.0,3000.0,3000.0,3000.0,3000.0,3000.0,3000.0,3000.0,3000.0,3000.0,3000.0,3000.0,3000.0,3000.0,3000.0,3000.0,3000.0,3000.0,3000.0,3000.0,3000.0,3000.0,3000.0,3000.0,3000.0,3000.0,3000.0,3000.0,3000.0,3000.0,3000.0,3000.0,3000.0,3000.0,3000.0,3000.0,3000.0,3000.0,3000.0,3000.0,3000.0,3000.0,3000.0,3000.0,3000.0,3000.0,3000.0,3000.0,3000.0,3000.0,3000.0,3000.0,3000.0,3000.0,3000.0,3000.0,3000.0,3000.0,3000.0,3000.0,3000.0,3000.0,3000.0,3000.0,3000.0,3000.0,3000.0,3000.0,3000.0,3000.0,3000.0,3000.0,1553.8827698446391,1465.0898304376012,1415.8134666417243,1399.9999999999998,3000.0,3000.0,3000.0,3000.0,1553.8827698446391,1465.0898304376012,1415.8134666417243,1399.9999999999998,3000.0,3000.0,3000.0,3000.0,1553.8827698446391,1465.0898304376012,1415.8134666417243,1399.9999999999998,3000.0,3000.0,3000.0,3000.0,1553.8827698446391,1465.0898304376012,1415.8134666417243,1399.9999999999998,3000.0,3000.0,3000.0,3000.0,1553.8827698446391,1465.0898304376012,1415.8134666417243,1399.9999999999998,3000.0,3000.0,3000.0,3000.0,1553.8827698446391,1465.0898304376012,1415.8134666417243,1399.9999999999998,3000.0,3000.0,3000.0,3000.0,1553.8827698446391,1465.0898304376012,1415.8134666417243,1399.9999999999998,3000.0,3000.0,3000.0,3000.0,1553.8827698446391,1465.0898304376012,1415.8134666417243,1399.9999999999998,1399.9999999999998,1415.8134666417243,1465.0898304376012,1553.8827698446391,3000.0,3000.0,3000.0,3000.0,1399.9999999999998,1415.8134666417243,1465.0898304376012,1553.8827698446391,3000.0,3000.0,3000.0,3000.0,1399.9999999999998,1415.8134666417243,1465.0898304376012,1553.8827698446391,3000.0,3000.0,3000.0,3000.0,1399.9999999999998,1415.8134666417243,1465.0898304376012,1553.8827698446391,3000.0,3000.0,3000.0,3000.0,1399.9999999999998,1415.8134666417243,1465.0898304376012,1553.8827698446391,3000.0,3000.0,3000.0,3000.0,1399.9999999999998,1415.8134666417243,1465.0898304376012,1553.8827698446391,3000.0,3000.0,3000.0,3000.0,1399.9999999999998,1415.8134666417243,1465.0898304376012,1553.8827698446391,3000.0,3000.0,3000.0,3000.0,1399.9999999999998,1415.8134666417243,1465.0898304376012,1553.8827698446391,3000.0,3000.0,3000.0,3000.0,3000.0,3000.0,3000.0,3000.0,3000.0,3000.0,3000.0,3000.0,3000.0,3000.0,3000.0,3000.0,3000.0,3000.0,3000.0,3000.0,3000.0,3000.0,3000.0,3000.0,3000.0,3000.0,3000.0,3000.0,3000.0,3000.0,3000.0,3000.0,3000.0,3000.0,3000.0,3000.0,3000.0,3000.0,3000.0,3000.0,3000.0,3000.0,3000.0,3000.0,3000.0,3000.0,3000.0,3000.0,3000.0,3000.0,3000.0,3000.0,3000.0,3000.0,3000.0,3000.0,3000.0,3000.0,3000.0,3000.0,3000.0,3000.0,3000.0,3000.0,3000.0,3000.0,3000.0,3000.0
13667,3000.0,3000.0,3000.0,3000.0,3000.0,3000.0,3000.0,3000.0,3000.0,3000.0,3000.0,3000.0,3000.0,3000.0,3000.0,3000.0,3000.0,3000.0,3000.0,3000.0,3000.0,3000.0,3000.0,3000.0,3000.0,3000.0,3000.0,3000.0,3000.0,3000.0,3000.0,3000.0,3000.0,3000.0,3000.0,3000.0,3000.0,3000.0,3000.0,3000.0,3000.0,3000.0,3000.0,3000.0,3000.0,3000.0,3000.0,3000.0,3000.0,3000.0,3000.0,3000.0,3000.0,3000.0,3000.0,3000.0,3000.0,3000.0,3000.0,3000.0,3000.0,3000.0,3000.0,3000.0,3000.0,3000.0,3000.0,3000.0,3000.0,3000.0,3000.0,3000.0,3000.0,3000.0,3000.0,3000.0,3000.0,3000.0,3000.0,3000.0,3000.0,3000.0,3000.0,3000.0,3000.0,3000.0,3000.0,3000.0,3000.0,3000.0,3000.0,3000.0,3000.0,3000.0,3000.0,3000.0,3000.0,3000.0,3000.0,3000.0,3000.0,3000.0,3000.0,3000.0,3000.0,3000.0,3000.0,3000.0,3000.0,3000.0,3000.0,3000.0,3000.0,3000.0,3000.0,3000.0,3000.0,3000.0,3000.0,3000.0,3000.0,3000.0,3000.0,3000.0,3000.0,3000.0,3000.0,3000.0,3000.0,3000.0,3000.0,3000.0,3000.0,3000.0,3000.0,3000.0,3000.0,3000.0,3000.0,3000.0,3000.0,3000.0,3000.0,3000.0,3000.0,3000.0,3000.0,3000.0,3000.0,3000.0,3000.0,3000.0,3000.0,3000.0,3000.0,3000.0,3000.0,3000.0,3000.0,3000.0,3000.0,3000.0,3000.0,3000.0,3000.0,3000.0,3000.0,3000.0,3000.0,3000.0,3000.0,3000.0,3000.0,3000.0,3000.0,3000.0,3000.0,3000.0,3000.0,3000.0,3000.0,3000.0,3000.0,3000.0,3000.0,3000.0,3000.0,3000.0,3000.0,3000.0,3000.0,3000.0,3000.0,3000.0,3000.0,3000.0,1572.3813742475515,1482.531376038049,1432.6683888636499,1416.6666666666665,3000.0,3000.0,3000.0,3000.0,1572.3813742475515,1482.531376038049,1432.6683888636499,1416.6666666666665,3000.0,3000.0,3000.0,3000.0,1572.3813742475515,1482.531376038049,1432.6683888636499,1416.6666666666665,3000.0,3000.0,3000.0,3000.0,1572.3813742475515,1482.531376038049,1432.6683888636499,1416.6666666666665,3000.0,3000.0,3000.0,3000.0,1572.3813742475515,1482.531376038049,1432.6683888636499,1416.6666666666665,3000.0,3000.0,3000.0,3000.0,1572.3813742475515,1482.531376038049,1432.6683888636499,1416.6666666666665,3000.0,3000.0,3000.0,3000.0,1572.3813742475515,1482.531376038049,1432.6683888636499,1416.6666666666665,3000.0,3000.0,3000.0,3000.0,1572.3813742475515,1482.531376038049,1432.6683888636499,1416.6666666666665,1416.6666666666665,1432.6683888636499,1482.531376038049,1572.3813742475515,3000.0,3000.0,3000.0,3000.0,1416.6666666666665,1432.6683888636499,1482.531376038049,1572.3813742475515,3000.0,3000.0,3000.0,3000.0,1416.6666666666665,1432.6683888636499,1482.531376038049,1572.3813742475515,3000.0,3000.0,3000.0,3000.0,1416.6666666666665,1432.6683888636499,1482.531376038049,1572.3813742475515,3000.0,3000.0,3000.0,3000.0,1416.6666666666665,1432.6683888636499,1482.531376038049,1572.3813742475515,3000.0,3000.0,3000.0,3000.0,1416.6666666666665,1432.6683888636499,1482.531376038049,1572.3813742475515,3000.0,3000.0,3000.0,3000.0,1416.6666666666665,1432.6683888636499,1482.531376038049,1572.3813742475515,3000.0,3000.0,3000.0,3000.0,1416.6666666666665,1432.6683888636499,1482.531376038049,1572.3813742475515,3000.0,3000.0,3000.0,3000.0,3000.0,3000.0,3000.0,3000.0,3000.0,3000.0,3000.0,3000.0,3000.0,3000.0,3000.0,3000.0,3000.0,3000.0,3000.0,3000.0,3000.0,3000.0,3000.0,3000.0,3000.0,3000.0,3000.0,3000.0,3000.0,3000.0,3000.0,3000.0,3000.0,3000.0,3000.0,3000.0,3000.0,3000.0,3000.0,3000.0,3000.0,3000.0,3000.0,3000.0,3000.0,3000.0,3000.0,3000.0,3000.0,3000.0,3000.0,3000.0,3000.0,3000.0,3000.0,3000.0,3000.0,3000.0,3000.0,3000.0,3000.0,3000.0,3000.0,3000.0,3000.0,3000.0,3000.0,3000.0
13733,3000.0,3000.0,3000.0,3000.0,3000.0,3000.0,3000.0,3000.0,3000.0,3000.0,3000.0,3000.0,3000.0,3000.0,3000.0,3000.0,3000.0,3000.0,3000.0,3000.0,3000.0,3000.0,3000.0,3000.0,3000.0,3000.0,3000.0,3000.0,3000.0,3000.0,3000.0,3000.0,3000.0,3000.0,3000.0,3000.0,3000.0,3000.0,3000.0,3000.0,3000.0,3000.0,3000.0,3000.0,3000.0,3000.0,3000.0,3000.0,3000.0,3000.0,3000.0,3000.0,3000.0,3000.0,3000.0,3000.0,3000.0,3000.0,3000.0,3000.0,3000.0,3000.0,3000.0,3000.0,3000.0,3000.0,3000.0,3000.0,3000.0,3000.0,3000.0,3000.0,3000.0,3000.0,3000.0,3000.0,3000.0,3000.0,3000.0,3000.0,3000.0,3000.0,3000.0,3000.0,3000.0,3000.0,3000.0,3000.0,3000.0,3000.0,3000.0,3000.0,3000.0,3000.0,3000.0,3000.0,3000.0,3000.0,3000.0,3000.0,3000.0,3000.0,3000.0,3000.0,3000.0,3000.0,3000.0,3000.0,3000.0,3000.0,3000.0,3000.0,3000.0,3000.0,3000.0,3000.0,3000.0,3000.0,3000.0,3000.0,3000.0,3000.0,3000.0,3000.0,3000.0,3000.0,3000.0,3000.0,3000.0,3000.0,3000.0,3000.0,3000.0,3000.0,3000.0,3000.0,3000.0,3000.0,3000.0,3000.0,3000.0,3000.0,3000.0,3000.0,3000.0,3000.0,3000.0,3000.0,3000.0,3000.0,3000.0,3000.0,3000.0,3000.0,3000.0,3000.0,3000.0,3000.0,3000.0,3000.0,3000.0,3000.0,3000.0,3000.0,3000.0,3000.0,3000.0,3000.0,3000.0,3000.0,3000.0,3000.0,3000.0,3000.0,3000.0,3000.0,3000.0,3000.0,3000.0,3000.0,3000.0,3000.0,3000.0,3000.0,3000.0,3000.0,3000.0,3000.0,3000.0,3000.0,3000.0,3000.0,3000.0,3000.0,3000.0,3000.0,1590.8799786504637,1499.9729216384965,1449.523311085575,1433.333333333333,3000.0,3000.0,3000.0,3000.0,1590.8799786504637,1499.9729216384965,1449.523311085575,1433.333333333333,3000.0,3000.0,3000.0,3000.0,1590.8799786504637,1499.9729216384965,1449.523311085575,1433.333333333333,3000.0,3000.0,3000.0,3000.0,1590.8799786504637,1499.9729216384965,1449.523311085575,1433.333333333333,3000.0,3000.0,3000.0,3000.0,1590.8799786504637,1499.9729216384965,1449.523311085575,1433.333333333333,3000.0,3000.0,3000.0,3000.0,1590.8799786504637,1499.9729216384965,1449.523311085575,1433.333333333333,3000.0,3000.0,3000.0,3000.0,1590.8799786504637,1499.9729216384965,1449.523311085575,1433.333333333333,3000.0,3000.0,3000.0,3000.0,1590.8799786504637,1499.9729216384965,1449.523311085575,1433.333333333333,1433.333333333333,1449.523311085575,1499.9729216384965,1590.8799786504637,3000.0,3000.0,3000.0,3000.0,1433.333333333333,1449.523311085575,1499.9729216384965,1590.8799786504637,3000.0,3000.0,3000.0,3000.0,1433.333333333333,1449.523311085575,1499.9729216384965,1590.8799786504637,3000.0,3000.0,3000.0,3000.0,1433.333333333333,1449.523311085575,1499.9729216384965,1590.8799786504637,3000.0,3000.0,3000.0,3000.0,1433.333333333333,1449.523311085575,1499.9729216384965,1590.8799786504637,3000.0,3000.0,3000.0,3000.0,1433.333333333333,1449.523311085575,1499.9729216384965,1590.8799786504637,3000.0,3000.0,3000.0,3000.0,1433.333333333333,1449.523311085575,1499.9729216384965,1590.8799786504637,3000.0,3000.0,3000.0,3000.0,1433.333333333333,1449.523311085575,1499.9729216384965,1590.8799786504637,3000.0,3000.0,3000.0,3000.0,3000.0,3000.0,3000.0,3000.0,3000.0,3000.0,3000.0,3000.0,3000.0,3000.0,3000.0,3000.0,3000.0,3000.0,3000.0,3000.0,3000.0,3000.0,3000.0,3000.0,3000.0,3000.0,3000.0,3000.0,3000.0,3000.0,3000.0,3000.0,3000.0,3000.0,3000.0,3000.0,3000.0,3000.0,3000.0,3000.0,3000.0,3000.0,3000.0,3000.0,3000.0,3000.0,3000.0,3000.0,3000.0,3000.0,3000.0,3000.0,3000.0,3000.0,3000.0,3000.0,3000.0,3000.0,3000.0,3000.0,3000.0,3000.0,3000.0,3000.0,3000.0,3000.0,3000.0,3000.0
13800,3000.0,3000.0,3000.0,3000.0,3000.0,3000.0,3000.0,3000.0,3000.0,3000.0,3000.0,3000.0,3000.0,3000.0,3000.0,3000.0,3000.0,3000.0,3000.0,3000.0,3000.0,3000.0,3000.0,3000.0,3000.0,3000.0,3000.0,3000.0,3000.0,3000.0,3000.0,3000.0,3000.0,3000.0,3000.0,3000.0,3000.0,3000.0,3000.0,3000.0,3000.0,3000.0,3000.0,3000.0,3000.0,3000.0,3000.0,3000.0,3000.0,3000.0,3000.0,3000.0,3000.0,3000.0,3000.0,3000.0,3000.0,3000.0,3000.0,3000.0,3000.0,3000.0,3000.0,3000.0,3000.0,3000.0,3000.0,3000.0,3000.0,3000.0,3000.0,3000.0,3000.0,3000.0,3000.0,3000.0,3000.0,3000.0,3000.0,3000.0,3000.0,3000.0,3000.0,3000.0,3000.0,3000.0,3000.0,3000.0,3000.0,3000.0,3000.0,3000.0,3000.0,3000.0,3000.0,3000.0,3000.0,3000.0,3000.0,3000.0,3000.0,3000.0,3000.0,3000.0,3000.0,3000.0,3000.0,3000.0,3000.0,3000.0,3000.0,3000.0,3000.0,3000.0,3000.0,3000.0,3000.0,3000.0,3000.0,3000.0,3000.0,3000.0,3000.0,3000.0,3000.0,3000.0,3000.0,3000.0,3000.0,3000.0,3000.0,3000.0,3000.0,3000.0,3000.0,3000.0,3000.0,3000.0,3000.0,3000.0,3000.0,3000.0,3000.0,3000.0,3000.0,3000.0,3000.0,3000.0,3000.0,3000.0,3000.0,3000.0,3000.0,3000.0,3000.0,3000.0,3000.0,3000.0,3000.0,3000.0,3000.0,3000.0,3000.0,3000.0,3000.0,3000.0,3000.0,3000.0,3000.0,3000.0,3000.0,3000.0,3000.0,3000.0,3000.0,3000.0,3000.0,3000.0,3000.0,3000.0,3000.0,3000.0,3000.0,3000.0,3000.0,3000.0,3000.0,3000.0,3000.0,3000.0,3000.0,3000.0,3000.0,3000.0,3000.0,3000.0,1609.3785830533766,1517.4144672389446,1466.3782333075005,1450.0000000000002,3000.0,3000.0,3000.0,3000.0,1609.3785830533766,1517.4144672389446,1466.3782333075005,1450.0000000000002,3000.0,3000.0,3000.0,3000.0,1609.3785830533766,1517.4144672389446,1466.3782333075005,1450.0000000000002,3000.0,3000.0,3000.0,3000.0,1609.3785830533766,1517.4144672389446,1466.3782333075005,1450.0000000000002,3000.0,3000.0,3000.0,3000.0,1609.3785830533766,1517.4144672389446,1466.3782333075005,1450.0000000000002,3000.0,3000.0,3000.0,3000.0,1609.3785830533766,1517.4144672389446,1466.3782333075005,1450.0000000000002,3000.0,3000.0,3000.0,3000.0,1609.3785830533766,1517.4144672389446,1466.3782333075005,1450.0000000000002,3000.0,3000.0,3000.0,3000.0,1609.3785830533766,1517.4144672389446,1466.3782333075005,1450.0000000000002,1450.0000000000002,1466.3782333075005,1517.4144672389446,1609.3785830533766,3000.0,3000.0,3000.0,3000.0,1450.0000000000002,1466.3782333075005,1517.4144672389446,1609.3785830533766,3000.0,3000.0,3000.0,3000.0,1450.0000000000002,1466.3782333075005,1517.4144672389446,1609.3785830533766,3000.0,3000.0,3000.0,3000.0,1450.0000000000002,1466.3782333075005,1517.4144672389446,1609.3785830533766,3000.0,3000.0,3000.0,3000.0,1450.0000000000002,1466.3782333075005,1517.4144672389446,1609.3785830533766,3000.0,3000.0,3000.0,3000.0,1450.0000000000002,1466.3782333075005,1517.4144672389446,1609.3785830533766,3000.0,3000.0,3000.0,3000.0,1450.0000000000002,1466.3782333075005,1517.4144672389446,1609.3785830533766,3000.0,3000.0,3000.0,3000.0,1450.0000000000002,1466.3782333075005,1517.4144672389446,1609.3785830533766,3000.0,3000.0,3000.0,3000.0,3000.0,3000.0,3000.0,3000.0,3000.0,3000.0,3000.0,3000.0,3000.0,3000.0,3000.0,3000.0,3000.0,3000.0,3000.0,3000.0,3000.0,3000.0,3000.0,3000.0,3000.0,3000.0,3000.0,3000.0,3000.0,3000.0,3000.0,3000.0,3000.0,3000.0,3000.0,3000.0,3000.0,3000.0,3000.0,3000.0,3000.0,3000.0,3000.0,3000.0,3000.0,3000.0,3000.0,3000.0,3000.0,3000.0,3000.0,3000.0,3000.0,3000.0,3000.0,3000.0,3000.0,3000.0,3000.0,3000.0,3000.0,3000.0,3000.0,3000.0,3000.0,3000.0,3000.0,3000.0
13867,3000.0,3000.0,3000.0,3000.0,3000.0,3000.0,3000.0,3000.0,3000.0,3000.0,3000.0,3000.0,3000.0,3000.0,3000.0,3000.0,3000.0,3000.0,3000.0,3000.0,3000.0,3000.0,3000.0,3000.0,3000.0,3000.0,3000.0,3000.0,3000.0,3000.0,3000.0,3000.0,3000.0,3000.0,3000.0,3000.0,3000.0,3000.0,3000.0,3000.0,3000.0,3000.0,3000.0,3000.0,3000.0,3000.0,3000.0,3000.0,3000.0,3000.0,3000.0,3000.0,3000.0,3000.0,3000.0,3000.0,3000.0,3000.0,3000.0,3000.0,3000.0,3000.0,3000.0,3000.0,3000.0,3000.0,3000.0,3000.0,3000.0,3000.0,3000.0,3000.0,3000.0,3000.0,3000.0,3000.0,3000.0,3000.0,3000.0,3000.0,3000.0,3000.0,3000.0,3000.0,3000.0,3000.0,3000.0,3000.0,3000.0,3000.0,3000.0,3000.0,3000.0,3000.0,3000.0,3000.0,3000.0,3000.0,3000.0,3000.0,3000.0,3000.0,3000.0,3000.0,3000.0,3000.0,3000.0,3000.0,3000.0,3000.0,3000.0,3000.0,3000.0,3000.0,3000.0,3000.0,3000.0,3000.0,3000.0,3000.0,3000.0,3000.0,3000.0,3000.0,3000.0,3000.0,3000.0,3000.0,3000.0,3000.0,3000.0,3000.0,3000.0,3000.0,3000.0,3000.0,3000.0,3000.0,3000.0,3000.0,3000.0,3000.0,3000.0,3000.0,3000.0,3000.0,3000.0,3000.0,3000.0,3000.0,3000.0,3000.0,3000.0,3000.0,3000.0,3000.0,3000.0,3000.0,3000.0,3000.0,3000.0,3000.0,3000.0,3000.0,3000.0,3000.0,3000.0,3000.0,3000.0,3000.0,3000.0,3000.0,3000.0,3000.0,3000.0,3000.0,3000.0,3000.0,3000.0,3000.0,3000.0,3000.0,3000.0,3000.0,3000.0,3000.0,3000.0,3000.0,3000.0,3000.0,3000.0,3000.0,3000.0,3000.0,3000.0,3000.0,1627.8771874562892,1534.8560128393922,1483.233155529426,1466.6666666666667,3000.0,3000.0,3000.0,3000.0,1627.8771874562892,1534.8560128393922,1483.233155529426,1466.6666666666667,3000.0,3000.0,3000.0,3000.0,1627.8771874562892,1534.8560128393922,1483.233155529426,1466.6666666666667,3000.0,3000.0,3000.0,3000.0,1627.8771874562892,1534.8560128393922,1483.233155529426,1466.6666666666667,3000.0,3000.0,3000.0,3000.0,1627.8771874562892,1534.8560128393922,1483.233155529426,1466.6666666666667,3000.0,3000.0,3000.0,3000.0,1627.8771874562892,1534.8560128393922,1483.233155529426,1466.6666666666667,3000.0,3000.0,3000.0,3000.0,1627.8771874562892,1534.8560128393922,1483.233155529426,1466.6666666666667,3000.0,3000.0,3000.0,3000.0,1627.8771874562892,1534.8560128393922,1483.233155529426,1466.6666666666667,1466.6666666666667,1483.233155529426,1534.8560128393922,1627.8771874562892,3000.0,3000.0,3000.0,3000.0,1466.6666666666667,1483.233155529426,1534.8560128393922,1627.8771874562892,3000.0,3000.0,3000.0,3000.0,1466.6666666666667,1483.233155529426,1534.8560128393922,1627.8771874562892,3000.0,3000.0,3000.0,3000.0,1466.6666666666667,1483.233155529426,1534.8560128393922,1627.8771874562892,3000.0,3000.0,3000.0,3000.0,1466.6666666666667,1483.233155529426,1534.8560128393922,1627.8771874562892,3000.0,3000.0,3000.0,3000.0,1466.6666666666667,1483.233155529426,1534.8560128393922,1627.8771874562892,3000.0,3000.0,3000.0,3000.0,1466.6666666666667,1483.233155529426,1534.8560128393922,1627.8771874562892,3000.0,3000.0,3000.0,3000.0,1466.6666666666667,1483.233155529426,1534.8560128393922,1627.8771874562892,3000.0,3000.0,3000.0,3000.0,3000.0,3000.0,3000.0,3000.0,3000.0,3000.0,3000.0,3000.0,3000.0,3000.0,3000.0,3000.0,3000.0,3000.0,3000.0,3000.0,3000.0,3000.0,3000.0,3000.0,3000.0,3000.0,3000.0,3000.0,3000.0,3000.0,3000.0,3000.0,3000.0,3000.0,3000.0,3000.0,3000.0,3000.0,3000.0,3000.0,3000.0,3000.0,3000.0,3000.0,3000.0,3000.0,3000.0,3000.0,3000.0,3000.0,3000.0,3000.0,3000.0,3000.0,3000.0,3000.0,3000.0,3000.0,3000.0,3000.0,3000.0,3000.0,3000.0,3000.0,3000.0,3000.0,3000.0,3000.0
13933,3000.0,3000.0,3000.0,3000.0,3000.0,3000.0,3000.0,3000.0,3000.0,3000.0,3000.0,3000.0,3000.0,3000.0,3000.0,3000.0,3000.0,3000.0,3000.0,3000.0,3000.0,3000.0,3000.0,3000.0,3000.0,3000.0,3000.0,3000.0,3000.0,3000.0,3000.0,3000.0,3000.0,3000.0,3000.0,3000.0,3000.0,3000.0,3000.0,3000.0,3000.0,3000.0,3000.0,3000.0,3000.0,3000.0,3000.0,3000.0,3000.0,3000.0,3000.0,3000.0,3000.0,3000.0,3000.0,3000.0,3000.0,3000.0,3000.0,3000.0,3000.0,3000.0,3000.0,3000.0,3000.0,3000.0,3000.0,3000.0,3000.0,3000.0,3000.0,3000.0,3000.0,3000.0,3000.0,3000.0,3000.0,3000.0,3000.0,3000.0,3000.0,3000.0,3000.0,3000.0,3000.0,3000.0,3000.0,3000.0,3000.0,3000.0,3000.0,3000.0,3000.0,3000.0,3000.0,3000.0,3000.0,3000.0,3000.0,3000.0,3000.0,3000.0,3000.0,3000.0,3000.0,3000.0,3000.0,3000.0,3000.0,3000.0,3000.0,3000.0,3000.0,3000.0,3000.0,3000.0,3000.0,3000.0,3000.0,3000.0,3000.0,3000.0,3000.0,3000.0,3000.0,3000.0,3000.0,3000.0,3000.0,3000.0,3000.0,3000.0,3000.0,3000.0,3000.0,3000.0,3000.0,3000.0,3000.0,3000.0,3000.0,3000.0,3000.0,3000.0,3000.0,3000.0,3000.0,3000.0,3000.0,3000.0,3000.0,3000.0,3000.0,3000.0,3000.0,3000.0,3000.0,3000.0,3000.0,3000.0,3000.0,3000.0,3000.0,3000.0,3000.0,3000.0,3000.0,3000.0,3000.0,3000.0,3000.0,3000.0,3000.0,3000.0,3000.0,3000.0,3000.0,3000.0,3000.0,3000.0,3000.0,3000.0,3000.0,3000.0,3000.0,3000.0,3000.0,3000.0,3000.0,3000.0,3000.0,3000.0,3000.0,3000.0,3000.0,3000.0,1646.3757918592012,1552.2975584398396,1500.0880777513512,1483.3333333333335,3000.0,3000.0,3000.0,3000.0,1646.3757918592012,1552.2975584398396,1500.0880777513512,1483.3333333333335,3000.0,3000.0,3000.0,3000.0,1646.3757918592012,1552.2975584398396,1500.0880777513512,1483.3333333333335,3000.0,3000.0,3000.0,3000.0,1646.3757918592012,1552.2975584398396,1500.0880777513512,1483.3333333333335,3000.0,3000.0,3000.0,3000.0,1646.3757918592012,1552.2975584398396,1500.0880777513512,1483.3333333333335,3000.0,3000.0,3000.0,3000.0,1646.3757918592012,1552.2975584398396,1500.0880777513512,1483.3333333333335,3000.0,3000.0,3000.0,3000.0,1646.3757918592012,1552.2975584398396,1500.0880777513512,1483.3333333333335,3000.0,3000.0,3000.0,3000.0,1646.3757918592012,1552.2975584398396,1500.0880777513512,1483.3333333333335,1483.3333333333335,1500.0880777513512,1552.2975584398396,1646.3757918592012,3000.0,3000.0,3000.0,3000.0,1483.3333333333335,1500.0880777513512,1552.2975584398396,1646.3757918592012,3000.0,3000.0,3000.0,3000.0,1483.3333333333335,1500.0880777513512,1552.2975584398396,1646.3757918592012,3000.0,3000.0,3000.0,3000.0,1483.3333333333335,1500.0880777513512,1552.2975584398396,1646.3757918592012,3000.0,3000.0,3000.0,3000.0,1483.3333333333335,1500.0880777513512,1552.2975584398396,1646.3757918592012,3000.0,3000.0,3000.0,3000.0,1483.3333333333335,1500.0880777513512,1552.2975584398396,1646.3757918592012,3000.0,3000.0,3000.0,3000.0,1483.3333333333335,1500.0880777513512,1552.2975584398396,1646.3757918592012,3000.0,3000.0,3000.0,3000.0,1483.3333333333335,1500.0880777513512,1552.2975584398396,1646.3757918592012,3000.0,3000.0,3000.0,3000.0,3000.0,3000.0,3000.0,3000.0,3000.0,3000.0,3000.0,3000.0,3000.0,3000.0,3000.0,3000.0,3000.0,3000.0,3000.0,3000.0,3000.0,3000.0,3000.0,3000.0,3000.0,3000.0,3000.0,3000.0,3000.0,3000.0,3000.0,3000.0,3000.0,3000.0,3000.0,3000.0,3000.0,3000.0,3000.0,3000.0,3000.0,3000.0,3000.0,3000.0,3000.0,3000.0,3000.0,3000.0,3000.0,3000.0,3000.0,3000.0,3000.0,3000.0,3000.0,3000.0,3000.0,3000.0,3000.0,3000.0,3000.0,3000.0,3000.0,3000.0,3000.0,3000.0,3000.0,3000.0
14000,3000.0,3000.0,3000.0,3000.0,3000.0,3000.0,3000.0,3000.0,3000.0,3000.0,3000.0,3000.0,3000.0,3000.0,3000.0,3000.0,3000.0,3000.0,3000.0,3000.0,3000.0,3000.0,3000.0,3000.0,3000.0,3000.0,3000.0,3000.0,3000.0,3000.0,3000.0,3000.0,3000.0,3000.0,3000.0,3000.0,3000.0,3000.0,3000.0,3000.0,3000.0,3000.0,3000.0,3000.0,3000.0,3000.0,3000.0,3000.0,3000.0,3000.0,3000.0,3000.0,3000.0,3000.0,3000.0,3000.0,3000.0,3000.0,3000.0,3000.0,3000.0,3000.0,3000.0,3000.0,3000.0,3000.0,3000.0,3000.0,3000.0,3000.0,3000.0,3000.0,3000.0,3000.0,3000.0,3000.0,3000.0,3000.0,3000.0,3000.0,3000.0,3000.0,3000.0,3000.0,3000.0,3000.0,3000.0,3000.0,3000.0,3000.0,3000.0,3000.0,3000.0,3000.0,3000.0,3000.0,3000.0,3000.0,3000.0,3000.0,3000.0,3000.0,3000.0,3000.0,3000.0,3000.0,3000.0,3000.0,3000.0,3000.0,3000.0,3000.0,3000.0,3000.0,3000.0,3000.0,3000.0,3000.0,3000.0,3000.0,3000.0,3000.0,3000.0,3000.0,3000.0,3000.0,3000.0,3000.0,3000.0,3000.0,3000.0,3000.0,3000.0,3000.0,3000.0,3000.0,3000.0,3000.0,3000.0,3000.0,3000.0,3000.0,3000.0,3000.0,3000.0,3000.0,3000.0,3000.0,3000.0,3000.0,3000.0,3000.0,3000.0,3000.0,3000.0,3000.0,3000.0,3000.0,3000.0,3000.0,3000.0,3000.0,3000.0,3000.0,3000.0,3000.0,3000.0,3000.0,3000.0,3000.0,3000.0,3000.0,3000.0,3000.0,3000.0,3000.0,3000.0,3000.0,3000.0,3000.0,3000.0,3000.0,3000.0,3000.0,3000.0,3000.0,3000.0,3000.0,3000.0,3000.0,3000.0,3000.0,3000.0,3000.0,3000.0,3000.0,1664.8743962621138,1569.7391040402872,1516.9429999732765,1500.0000000000002,3000.0,3000.0,3000.0,3000.0,1664.8743962621138,1569.7391040402872,1516.9429999732765,1500.0000000000002,3000.0,3000.0,3000.0,3000.0,1664.8743962621138,1569.7391040402872,1516.9429999732765,1500.0000000000002,3000.0,3000.0,3000.0,3000.0,1664.8743962621138,1569.7391040402872,1516.9429999732765,1500.0000000000002,3000.0,3000.0,3000.0,3000.0,1664.8743962621138,1569.7391040402872,1516.9429999732765,1500.0000000000002,3000.0,3000.0,3000.0,3000.0,1664.8743962621138,1569.7391040402872,1516.9429999732765,1500.0000000000002,3000.0,3000.0,3000.0,3000.0,1664.8743962621138,1569.7391040402872,1516.9429999732765,1500.0000000000002,3000.0,3000.0,3000.0,3000.0,1664.8743962621138,1569.7391040402872,1516.9429999732765,1500.0000000000002,1500.0000000000002,1516.9429999732765,1569.7391040402872,1664.8743962621138,3000.0,3000.0,3000.0,3000.0,1500.0000000000002,1516.9429999732765,1569.7391040402872,1664.8743962621138,3000.0,3000.0,3000.0,3000.0,1500.0000000000002,1516.9429999732765,1569.7391040402872,1664.8743962621138,3000.0,3000.0,3000.0,3000.0,1500.0000000000002,1516.9429999732765,1569.7391040402872,1664.8743962621138,3000.0,3000.0,3000.0,3000.0,1500.0000000000002,1516.9429999732765,1569.7391040402872,1664.8743962621138,3000.0,3000.0,3000.0,3000.0,1500.0000000000002,1516.9429999732765,1569.7391040402872,1664.8743962621138,3000.0,3000.0,3000.0,3000.0,1500.0000000000002,1516.9429999732765,1569.7391040402872,1664.8743962621138,3000.0,3000.0,3000.0,3000.0,1500.0000000000002,1516.9429999732765,1569.7391040402872,1664.8743962621138,3000.0,3000.0,3000.0,3000.0,3000.0,3000.0,3000.0,3000.0,3000.0,3000.0,3000.0,3000.0,3000.0,3000.0,3000.0,3000.0,3000.0,3000.0,3000.0,3000.0,3000.0,3000.0,3000.0,3000.0,3000.0,3000.0,3000.0,3000.0,3000.0,3000.0,3000.0,3000.0,3000.0,3000.0,3000.0,3000.0,3000.0,3000.0,3000.0,3000.0,3000.0,3000.0,3000.0,3000.0,3000.0,3000.0,3000.0,3000.0,3000.0,3000.0,3000.0,3000.0,3000.0,3000.0,3000.0,3000.0,3000.0,3000.0,3000.0,3000.0,3000.0,3000.0,3000.0,3000.0,3000.0,3000.0,3000.0,3000.0
14067,3000.0,3000.0,3000.0,3000.0,3000.0,3000.0,3000.0,3000.0,3000.0,3000.0,3000.0,3000.0,3000.0,3000.0,3000.0,3000.0,3000.0,3000.0,3000.0,3000.0,3000.0,3000.0,3000.0,3000.0,3000.0,3000.0,3000.0,3000.0,3000.0,3000.0,3000.0,3000.0,3000.0,3000.0,3000.0,3000.0,3000.0,3000.0,3000.0,3000.0,3000.0,3000.0,3000.0,3000.0,3000.0,3000.0,3000.0,3000.0,3000.0,3000.0,3000.0,3000.0,3000.0,3000.0,3000.0,3000.0,3000.0,3000.0,3000.0,3000.0,3000.0,3000.0,3000.0,3000.0,3000.0,3000.0,3000.0,3000.0,3000.0,3000.0,3000.0,3000.0,3000.0,3000.0,3000.0,3000.0,3000.0,3000.0,3000.0,3000.0,3000.0,3000.0,3000.0,3000.0,3000.0,3000.0,3000.0,3000.0,3000.0,3000.0,3000.0,3000.0,3000.0,3000.0,3000.0,3000.0,3000.0,3000.0,3000.0,3000.0,3000.0,3000.0,3000.0,3000.0,3000.0,3000.0,3000.0,3000.0,3000.0,3000.0,3000.0,3000.0,3000.0,3000.0,3000.0,3000.0,3000.0,3000.0,3000.0,3000.0,3000.0,3000.0,3000.0,3000.0,3000.0,3000.0,3000.0,3000.0,3000.0,3000.0,3000.0,3000.0,3000.0,3000.0,3000.0,3000.0,3000.0,3000.0,3000.0,3000.0,3000.0,3000.0,3000.0,3000.0,3000.0,3000.0,3000.0,3000.0,3000.0,3000.0,3000.0,3000.0,3000.0,3000.0,3000.0,3000.0,3000.0,3000.0,3000.0,3000.0,3000.0,3000.0,3000.0,3000.0,3000.0,3000.0,3000.0,3000.0,3000.0,3000.0,3000.0,3000.0,3000.0,3000.0,3000.0,3000.0,3000.0,3000.0,3000.0,3000.0,3000.0,3000.0,3000.0,3000.0,3000.0,3000.0,3000.0,3000.0,3000.0,3000.0,3000.0,3000.0,3000.0,3000.0,3000.0,3000.0,1683.373000665026,1587.1806496407348,1533.7979221952016,1516.6666666666665,3000.0,3000.0,3000.0,3000.0,1683.373000665026,1587.1806496407348,1533.7979221952016,1516.6666666666665,3000.0,3000.0,3000.0,3000.0,1683.373000665026,1587.1806496407348,1533.7979221952016,1516.6666666666665,3000.0,3000.0,3000.0,3000.0,1683.373000665026,1587.1806496407348,1533.7979221952016,1516.6666666666665,3000.0,3000.0,3000.0,3000.0,1683.373000665026,1587.1806496407348,1533.7979221952016,1516.6666666666665,3000.0,3000.0,3000.0,3000.0,1683.373000665026,1587.1806496407348,1533.7979221952016,1516.6666666666665,3000.0,3000.0,3000.0,3000.0,1683.373000665026,1587.1806496407348,1533.7979221952016,1516.6666666666665,3000.0,3000.0,3000.0,3000.0,1683.373000665026,1587.1806496407348,1533.7979221952016,1516.6666666666665,1516.6666666666665,1533.7979221952016,1587.1806496407348,1683.373000665026,3000.0,3000.0,3000.0,3000.0,1516.6666666666665,1533.7979221952016,1587.1806496407348,1683.373000665026,3000.0,3000.0,3000.0,3000.0,1516.6666666666665,1533.7979221952016,1587.1806496407348,1683.373000665026,3000.0,3000.0,3000.0,3000.0,1516.6666666666665,1533.7979221952016,1587.1806496407348,1683.373000665026,3000.0,3000.0,3000.0,3000.0,1516.6666666666665,1533.7979221952016,1587.1806496407348,1683.373000665026,3000.0,3000.0,3000.0,3000.0,1516.6666666666665,1533.7979221952016,1587.1806496407348,1683.373000665026,3000.0,3000.0,3000.0,3000.0,1516.6666666666665,1533.7979221952016,1587.1806496407348,1683.373000665026,3000.0,3000.0,3000.0,3000.0,1516.6666666666665,1533.7979221952016,1587.1806496407348,1683.373000665026,3000.0,3000.0,3000.0,3000.0,3000.0,3000.0,3000.0,3000.0,3000.0,3000.0,3000.0,3000.0,3000.0,3000.0,3000.0,3000.0,3000.0,3000.0,3000.0,3000.0,3000.0,3000.0,3000.0,3000.0,3000.0,3000.0,3000.0,3000.0,3000.0,3000.0,3000.0,3000.0,3000.0,3000.0,3000.0,3000.0,3000.0,3000.0,3000.0,3000.0,3000.0,3000.0,3000.0,3000.0,3000.0,3000.0,3000.0,3000.0,3000.0,3000.0,3000.0,3000.0,3000.0,3000.0,3000.0,3000.0,3000.0,3000.0,3000.0,3000.0,3000.0,3000.0,3000.0,3000.0,3000.0,3000.0,3000.0,3000.0
14133,3000.0,3000.0,3000.0,3000.0,3000.0,3000.0,3000.0,3000.0,3000.0,3000.0,3000.0,3000.0,3000.0,3000.0,3000.0,3000.0,3000.0,3000.0,3000.0,3000.0,3000.0,3000.0,3000.0,3000.0,3000.0,3000.0,3000.0,3000.0,3000.0,3000.0,3000.0,3000.0,3000.0,3000.0,3000.0,3000.0,3000.0,3000.0,3000.0,3000.0,3000.0,3000.0,3000.0,3000.0,3000.0,3000.0,3000.0,3000.0,3000.0,3000.0,3000.0,3000.0,3000.0,3000.0,3000.0,3000.0,3000.0,3000.0,3000.0,3000.0,3000.0,3000.0,3000.0,3000.0,3000.0,3000.0,3000.0,3000.0,3000.0,3000.0,3000.0,3000.0,3000.0,3000.0,3000.0,3000.0,3000.0,3000.0,3000.0,3000.0,3000.0,3000.0,3000.0,3000.0,3000.0,3000.0,3000.0,3000.0,3000.0,3000.0,3000.0,3000.0,3000.0,3000.0,3000.0,3000.0,3000.0,3000.0,3000.0,3000.0,3000.0,3000.0,3000.0,3000.0,3000.0,3000.0,3000.0,3000.0,3000.0,3000.0,3000.0,3000.0,3000.0,3000.0,3000.0,3000.0,3000.0,3000.0,3000.0,3000.0,3000.0,3000.0,3000.0,3000.0,3000.0,3000.0,3000.0,3000.0,3000.0,3000.0,3000.0,3000.0,3000.0,3000.0,3000.0,3000.0,3000.0,3000.0,3000.0,3000.0,3000.0,3000.0,3000.0,3000.0,3000.0,3000.0,3000.0,3000.0,3000.0,3000.0,3000.0,3000.0,3000.0,3000.0,3000.0,3000.0,3000.0,3000.0,3000.0,3000.0,3000.0,3000.0,3000.0,3000.0,3000.0,3000.0,3000.0,3000.0,3000.0,3000.0,3000.0,3000.0,3000.0,3000.0,3000.0,3000.0,3000.0,3000.0,3000.0,3000.0,3000.0,3000.0,3000.0,3000.0,3000.0,3000.0,3000.0,3000.0,3000.0,3000.0,3000.0,3000.0,3000.0,3000.0,3000.0,3000.0,1701.8716050679382,1604.6221952411822,1550.6528444171267,1533.3333333333333,3000.0,3000.0,3000.0,3000.0,1701.8716050679382,1604.6221952411822,1550.6528444171267,1533.3333333333333,3000.0,3000.0,3000.0,3000.0,1701.8716050679382,1604.6221952411822,1550.6528444171267,1533.3333333333333,3000.0,3000.0,3000.0,3000.0,1701.8716050679382,1604.6221952411822,1550.6528444171267,1533.3333333333333,3000.0,3000.0,3000.0,3000.0,1701.8716050679382,1604.6221952411822,1550.6528444171267,1533.3333333333333,3000.0,3000.0,3000.0,3000.0,1701.8716050679382,1604.6221952411822,1550.6528444171267,1533.3333333333333,3000.0,3000.0,3000.0,3000.0,1701.8716050679382,1604.6221952411822,1550.6528444171267,1533.3333333333333,3000.0,3000.0,3000.0,3000.0,1701.8716050679382,1604.6221952411822,1550.6528444171267,1533.3333333333333,1533.3333333333333,1550.6528444171267,1604.6221952411822,1701.8716050679382,3000.0,3000.0,3000.0,3000.0,1533.3333333333333,1550.6528444171267,1604.6221952411822,1701.8716050679382,3000.0,3000.0,3000.0,3000.0,1533.3333333333333,1550.6528444171267,1604.6221952411822,1701.8716050679382,3000.0,3000.0,3000.0,3000.0,1533.3333333333333,1550.6528444171267,1604.6221952411822,1701.8716050679382,3000.0,3000.0,3000.0,3000.0,1533.3333333333333,1550.6528444171267,1604.6221952411822,1701.8716050679382,3000.0,3000.0,3000.0,3000.0,1533.3333333333333,1550.6528444171267,1604.6221952411822,1701.8716050679382,3000.0,3000.0,3000.0,3000.0,1533.3333333333333,1550.6528444171267,1604.6221952411822,1701.8716050679382,3000.0,3000.0,3000.0,3000.0,1533.3333333333333,1550.6528444171267,1604.6221952411822,1701.8716050679382,3000.0,3000.0,3000.0,3000.0,3000.0,3000.0,3000.0,3000.0,3000.0,3000.0,3000.0,3000.0,3000.0,3000.0,3000.0,3000.0,3000.0,3000.0,3000.0,3000.0,3000.0,3000.0,3000.0,3000.0,3000.0,3000.0,3000.0,3000.0,3000.0,3000.0,3000.0,3000.0,3000.0,3000.0,3000.0,3000.0,3000.0,3000.0,3000.0,3000.0,3000.0,3000.0,3000.0,3000.0,3000.0,3000.0,3000.0,3000.0,3000.0,3000.0,3000.0,3000.0,3000.0,3000.0,3000.0,3000.0,3000.0,3000.0,3000.0,3000.0,3000.0,3000.0,3000.0,3000.0,3000.0,3000.0,3000.0,3000.0
14200,3000.0,3000.0,3000.0,3000.0,3000.0,3000.0,3000.0,3000.0,3000.0,3000.0,3000.0,3000.0,3000.0,3000.0,3000.0,3000.0,3000.0,3000.0,3000.0,3000.0,3000.0,3000.0,3000.0,3000.0,3000.0,3000.0,3000.0,3000.0,3000.0,3000.0,3000.0,3000.0,3000.0,3000.0,3000.0,3000.0,3000.0,3000.0,3000.0,3000.0,3000.0,3000.0,3000.0,3000.0,3000.0,3000.0,3000.0,3000.0,3000.0,3000.0,3000.0,3000.0,3000.0,3000.0,3000.0,3000.0,3000.0,3000.0,3000.0,3000.0,3000.0,3000.0,3000.0,3000.0,3000.0,3000.0,3000.0,3000.0,3000.0,3000.0,3000.0,3000.0,3000.0,3000.0,3000.0,3000.0,3000.0,3000.0,3000.0,3000.0,3000.0,3000.0,3000.0,3000.0,3000.0,3000.0,3000.0,3000.0,3000.0,3000.0,3000.0,3000.0,3000.0,3000.0,3000.0,3000.0,3000.0,3000.0,3000.0,3000.0,3000.0,3000.0,3000.0,3000.0,3000.0,3000.0,3000.0,3000.0,3000.0,3000.0,3000.0,3000.0,3000.0,3000.0,3000.0,3000.0,3000.0,3000.0,3000.0,3000.0,3000.0,3000.0,3000.0,3000.0,3000.0,3000.0,3000.0,3000.0,3000.0,3000.0,3000.0,3000.0,3000.0,3000.0,3000.0,3000.0,3000.0,3000.0,3000.0,3000.0,3000.0,3000.0,3000.0,3000.0,3000.0,3000.0,3000.0,3000.0,3000.0,3000.0,3000.0,3000.0,3000.0,3000.0,3000.0,3000.0,3000.0,3000.0,3000.0,3000.0,3000.0,3000.0,3000.0,3000.0,3000.0,3000.0,3000.0,3000.0,3000.0,3000.0,3000.0,3000.0,3000.0,3000.0,3000.0,3000.0,3000.0,3000.0,3000.0,3000.0,3000.0,3000.0,3000.0,3000.0,3000.0,3000.0,3000.0,3000.0,3000.0,3000.0,3000.0,3000.0,3000.0,3000.0,3000.0,3000.0,1720.3702094708506,1622.06374084163,1567.5077666390523,1549.9999999999998,3000.0,3000.0,3000.0,3000.0,1720.3702094708506,1622.06374084163,1567.5077666390523,1549.9999999999998,3000.0,3000.0,3000.0,3000.0,1720.3702094708506,1622.06374084163,1567.5077666390523,1549.9999999999998,3000.0,3000.0,3000.0,3000.0,1720.3702094708506,1622.06374084163,1567.5077666390523,1549.9999999999998,3000.0,3000.0,3000.0,3000.0,1720.3702094708506,1622.06374084163,1567.5077666390523,1549.9999999999998,3000.0,3000.0,3000.0,3000.0,1720.3702094708506,1622.06374084163,1567.5077666390523,1549.9999999999998,3000.0,3000.0,3000.0,3000.0,1720.3702094708506,1622.06374084163,1567.5077666390523,1549.9999999999998,3000.0,3000.0,3000.0,3000.0,1720.3702094708506,1622.06374084163,1567.5077666390523,1549.9999999999998,1549.9999999999998,1567.5077666390523,1622.06374084163,1720.3702094708506,3000.0,3000.0,3000.0,3000.0,1549.9999999999998,1567.5077666390523,1622.06374084163,1720.3702094708506,3000.0,3000.0,3000.0,3000.0,1549.9999999999998,1567.5077666390523,1622.06374084163,1720.3702094708506,3000.0,3000.0,3000.0,3000.0,1549.9999999999998,1567.5077666390523,1622.06374084163,1720.3702094708506,3000.0,3000.0,3000.0,3000.0,1549.9999999999998,1567.5077666390523,1622.06374084163,1720.3702094708506,3000.0,3000.0,3000.0,3000.0,1549.9999999999998,1567.5077666390523,1622.06374084163,1720.3702094708506,3000.0,3000.0,3000.0,3000.0,1549.9999999999998,1567.5077666390523,1622.06374084163,1720.3702094708506,3000.0,3000.0,3000.0,3000.0,1549.9999999999998,1567.5077666390523,1622.06374084163,1720.3702094708506,3000.0,3000.0,3000.0,3000.0,3000.0,3000.0,3000.0,3000.0,3000.0,3000.0,3000.0,3000.0,3000.0,3000.0,3000.0,3000.0,3000.0,3000.0,3000.0,3000.0,3000.0,3000.0,3000.0,3000.0,3000.0,3000.0,3000.0,3000.0,3000.0,3000.0,3000.0,3000.0,3000.0,3000.0,3000.0,3000.0,3000.0,3000.0,3000.0,3000.0,3000.0,3000.0,3000.0,3000.0,3000.0,3000.0,3000.0,3000.0,3000.0,3000.0,3000.0,3000.0,3000.0,3000.0,3000.0,3000.0,3000.0,3000.0,3000.0,3000.0,3000.0,3000.0,3000.0,3000.0,3000.0,3000.0,3000.0,3000.0
14267,3000.0,3000.0,3000.0,3000.0,3000.0,3000.0,3000.0,3000.0,3000.0,3000.0,3000.0,3000.0,3000.0,3000.0,3000.0,3000.0,3000.0,3000.0,3000.0,3000.0,3000.0,3000.0,3000.0,3000.0,3000.0,3000.0,3000.0,3000.0,3000.0,3000.0,3000.0,3000.0,3000.0,3000.0,3000.0,3000.0,3000.0,3000.0,3000.0,3000.0,3000.0,3000.0,3000.0,3000.0,3000.0,3000.0,3000.0,3000.0,3000.0,3000.0,3000.0,3000.0,3000.0,3000.0,3000.0,3000.0,3000.0,3000.0,3000.0,3000.0,3000.0,3000.0,3000.0,3000.0,3000.0,3000.0,3000.0,3000.0,3000.0,3000.0,3000.0,3000.0,3000.0,3000.0,3000.0,3000.0,3000.0,3000.0,3000.0,3000.0,3000.0,3000.0,3000.0,3000.0,3000.0,3000.0,3000.0,3000.0,3000.0,3000.0,3000.0,3000.0,3000.0,3000.0,3000.0,3000.0,3000.0,3000.0,3000.0,3000.0,3000.0,3000.0,3000.0,3000.0,3000.0,3000.0,3000.0,3000.0,3000.0,3000.0,3000.0,3000.0,3000.0,3000.0,3000.0,3000.0,3000.0,3000.0,3000.0,3000.0,3000.0,3000.0,3000.0,3000.0,3000.0,3000.0,3000.0,3000.0,3000.0,3000.0,3000.0,3000.0,3000.0,3000.0,3000.0,3000.0,3000.0,3000.0,3000.0,3000.0,3000.0,3000.0,3000.0,3000.0,3000.0,3000.0,3000.0,3000.0,3000.0,3000.0,3000.0,3000.0,3000.0,3000.0,3000.0,3000.0,3000.0,3000.0,3000.0,3000.0,3000.0,3000.0,3000.0,3000.0,3000.0,3000.0,3000.0,3000.0,3000.0,3000.0,3000.0,3000.0,3000.0,3000.0,3000.0,3000.0,3000.0,3000.0,3000.0,3000.0,3000.0,3000.0,3000.0,3000.0,3000.0,3000.0,3000.0,3000.0,3000.0,3000.0,3000.0,3000.0,3000.0,3000.0,3000.0,3000.0,1738.8688138737634,1639.5052864420782,1584.3626888609779,1566.666666666667,3000.0,3000.0,3000.0,3000.0,1738.8688138737634,1639.5052864420782,1584.3626888609779,1566.666666666667,3000.0,3000.0,3000.0,3000.0,1738.8688138737634,1639.5052864420782,1584.3626888609779,1566.666666666667,3000.0,3000.0,3000.0,3000.0,1738.8688138737634,1639.5052864420782,1584.3626888609779,1566.666666666667,3000.0,3000.0,3000.0,3000.0,1738.8688138737634,1639.5052864420782,1584.3626888609779,1566.666666666667,3000.0,3000.0,3000.0,3000.0,1738.8688138737634,1639.5052864420782,1584.3626888609779,1566.666666666667,3000.0,3000.0,3000.0,3000.0,1738.8688138737634,1639.5052864420782,1584.3626888609779,1566.666666666667,3000.0,3000.0,3000.0,3000.0,1738.8688138737634,1639.5052864420782,1584.3626888609779,1566.666666666667,1566.666666666667,1584.3626888609779,1639.5052864420782,1738.8688138737634,3000.0,3000.0,3000.0,3000.0,1566.666666666667,1584.3626888609779,1639.5052864420782,1738.8688138737634,3000.0,3000.0,3000.0,3000.0,1566.666666666667,1584.3626888609779,1639.5052864420782,1738.8688138737634,3000.0,3000.0,3000.0,3000.0,1566.666666666667,1584.3626888609779,1639.5052864420782,1738.8688138737634,3000.0,3000.0,3000.0,3000.0,1566.666666666667,1584.3626888609779,1639.5052864420782,1738.8688138737634,3000.0,3000.0,3000.0,3000.0,1566.666666666667,1584.3626888609779,1639.5052864420782,1738.8688138737634,3000.0,3000.0,3000.0,3000.0,1566.666666666667,1584.3626888609779,1639.5052864420782,1738.8688138737634,3000.0,3000.0,3000.0,3000.0,1566.666666666667,1584.3626888609779,1639.5052864420782,1738.8688138737634,3000.0,3000.0,3000.0,3000.0,3000.0,3000.0,3000.0,3000.0,3000.0,3000.0,3000.0,3000.0,3000.0,3000.0,3000.0,3000.0,3000.0,3000.0,3000.0,3000.0,3000.0,3000.0,3000.0,3000.0,3000.0,3000.0,3000.0,3000.0,3000.0,3000.0,3000.0,3000.0,3000.0,3000.0,3000.0,3000.0,3000.0,3000.0,3000.0,3000.0,3000.0,3000.0,3000.0,3000.0,3000.0,3000.0,3000.0,3000.0,3000.0,3000.0,3000.0,3000.0,3000.0,3000.0,3000.0,3000.0,3000.0,3000.0,3000.0,3000.0,3000.0,3000.0,3000.0,3000.0,3000.0,3000.0,3000.0,3000.0
14333,3000.0,3000.0,3000.0,3000.0,3000.0,3000.0,3000.0,3000.0,3000.0,3000.0,3000.0,3000.0,3000.0,3000.0,3000.0,3000.0,3000.0,3000.0,3000.0,3000.0,3000.0,3000.0,3000.0,3000.0,3000.0,3000.0,3000.0,3000.0,3000.0,3000.0,3000.0,3000.0,3000.0,3000.0,3000.0,3000.0,3000.0,3000.0,3000.0,3000.0,3000.0,3000.0,3000.0,3000.0,3000.0,3000.0,3000.0,3000.0,3000.0,3000.0,3000.0,3000.0,3000.0,3000.0,3000.0,3000.0,3000.0,3000.0,3000.0,3000.0,3000.0,3000.0,3000.0,3000.0,3000.0,3000.0,3000.0,3000.0,3000.0,3000.0,3000.0,3000.0,3000.0,3000.0,3000.0,3000.0,3000.0,3000.0,3000.0,3000.0,3000.0,3000.0,3000.0,3000.0,3000.0,3000.0,3000.0,3000.0,3000.0,3000.0,3000.0,3000.0,3000.0,3000.0,3000.0,3000.0,3000.0,3000.0,3000.0,3000.0,3000.0,3000.0,3000.0,3000.0,3000.0,3000.0,3000.0,3000.0,3000.0,3000.0,3000.0,3000.0,3000.0,3000.0,3000.0,3000.0,3000.0,3000.0,3000.0,3000.0,3000.0,3000.0,3000.0,3000.0,3000.0,3000.0,3000.0,3000.0,3000.0,3000.0,3000.0,3000.0,3000.0,3000.0,3000.0,3000.0,3000.0,3000.0,3000.0,3000.0,3000.0,3000.0,3000.0,3000.0,3000.0,3000.0,3000.0,3000.0,3000.0,3000.0,3000.0,3000.0,3000.0,3000.0,3000.0,3000.0,3000.0,3000.0,3000.0,3000.0,3000.0,3000.0,3000.0,3000.0,3000.0,3000.0,3000.0,3000.0,3000.0,3000.0,3000.0,3000.0,3000.0,3000.0,3000.0,3000.0,3000.0,3000.0,3000.0,3000.0,3000.0,3000.0,3000.0,3000.0,3000.0,3000.0,3000.0,3000.0,3000.0,3000.0,3000.0,3000.0,3000.0,3000.0,3000.0,3000.0,1757.3674182766756,1656.9468320425256,1601.217611082903,1583.3333333333335,3000.0,3000.0,3000.0,3000.0,1757.3674182766756,1656.9468320425256,1601.217611082903,1583.3333333333335,3000.0,3000.0,3000.0,3000.0,1757.3674182766756,1656.9468320425256,1601.217611082903,1583.3333333333335,3000.0,3000.0,3000.0,3000.0,1757.3674182766756,1656.9468320425256,1601.217611082903,1583.3333333333335,3000.0,3000.0,3000.0,3000.0,1757.3674182766756,1656.9468320425256,1601.217611082903,1583.3333333333335,3000.0,3000.0,3000.0,3000.0,1757.3674182766756,1656.9468320425256,1601.217611082903,1583.3333333333335,3000.0,3000.0,3000.0,3000.0,1757.3674182766756,1656.9468320425256,1601.217611082903,1583.3333333333335,3000.0,3000.0,3000.0,3000.0,1757.3674182766756,1656.9468320425256,1601.217611082903,1583.3333333333335,1583.3333333333335,1601.217611082903,1656.9468320425256,1757.3674182766756,3000.0,3000.0,3000.0,3000.0,1583.3333333333335,1601.217611082903,1656.9468320425256,1757.3674182766756,3000.0,3000.0,3000.0,3000.0,1583.3333333333335,1601.217611082903,1656.9468320425256,1757.3674182766756,3000.0,3000.0,3000.0,3000.0,1583.3333333333335,1601.217611082903,1656.9468320425256,1757.3674182766756,3000.0,3000.0,3000.0,3000.0,1583.3333333333335,1601.217611082903,1656.9468320425256,1757.3674182766756,3000.0,3000.0,3000.0,3000.0,1583.3333333333335,1601.217611082903,1656.9468320425256,1757.3674182766756,3000.0,3000.0,3000.0,3000.0,1583.3333333333335,1601.217611082903,1656.9468320425256,1757.3674182766756,3000.0,3000.0,3000.0,3000.0,1583.3333333333335,1601.217611082903,1656.9468320425256,1757.3674182766756,3000.0,3000.0,3000.0,3000.0,3000.0,3000.0,3000.0,3000.0,3000.0,3000.0,3000.0,3000.0,3000.0,3000.0,3000.0,3000.0,3000.0,3000.0,3000.0,3000.0,3000.0,3000.0,3000.0,3000.0,3000.0,3000.0,3000.0,3000.0,3000.0,3000.0,3000.0,3000.0,3000.0,3000.0,3000.0,3000.0,3000.0,3000.0,3000.0,3000.0,3000.0,3000.0,3000.0,3000.0,3000.0,3000.0,3000.0,3000.0,3000.0,3000.0,3000.0,3000.0,3000.0,3000.0,3000.0,3000.0,3000.0,3000.0,3000.0,3000.0,3000.0,3000.0,3000.0,3000.0,3000.0,3000.0,3000.0,3000.0
14400,3000.0,3000.0,3000.0,3000.0,3000.0,3000.0,3000.0,3000.0,3000.0,3000.0,3000.0,3000.0,3000.0,3000.0,3000.0,3000.0,3000.0,3000.0,3000.0,3000.0,3000.0,3000.0,3000.0,3000.0,3000.0,3000.0,3000.0,3000.0,3000.0,3000.0,3000.0,3000.0,3000.0,3000.0,3000.0,3000.0,3000.0,3000.0,3000.0,3000.0,3000.0,3000.0,3000.0,3000.0,3000.0,3000.0,3000.0,3000.0,3000.0,3000.0,3000.0,3000.0,3000.0,3000.0,3000.0,3000.0,3000.0,3000.0,3000.0,3000.0,3000.0,3000.0,3000.0,3000.0,3000.0,3000.0,3000.0,3000.0,3000.0,3000.0,3000.0,3000.0,3000.0,3000.0,3000.0,3000.0,3000.0,3000.0,3000.0,3000.0,3000.0,3000.0,3000.0,3000.0,3000.0,3000.0,3000.0,3000.0,3000.0,3000.0,3000.0,3000.0,3000.0,3000.0,3000.0,3000.0,3000.0,3000.0,3000.0,3000.0,3000.0,3000.0,3000.0,3000.0,3000.0,3000.0,3000.0,3000.0,3000.0,3000.0,3000.0,3000.0,3000.0,3000.0,3000.0,3000.0,3000.0,3000.0,3000.0,3000.0,3000.0,3000.0,3000.0,3000.0,3000.0,3000.0,3000.0,3000.0,3000.0,3000.0,3000.0,3000.0,3000.0,3000.0,3000.0,3000.0,3000.0,3000.0,3000.0,3000.0,3000.0,3000.0,3000.0,3000.0,3000.0,3000.0,3000.0,3000.0,3000.0,3000.0,3000.0,3000.0,3000.0,3000.0,3000.0,3000.0,3000.0,3000.0,3000.0,3000.0,3000.0,3000.0,3000.0,3000.0,3000.0,3000.0,3000.0,3000.0,3000.0,3000.0,3000.0,3000.0,3000.0,3000.0,3000.0,3000.0,3000.0,3000.0,3000.0,3000.0,3000.0,3000.0,3000.0,3000.0,3000.0,3000.0,3000.0,3000.0,3000.0,3000.0,3000.0,3000.0,3000.0,3000.0,3000.0,3000.0,1775.8660226795882,1674.3883776429734,1618.0725333048285,1600.0000000000002,3000.0,3000.0,3000.0,3000.0,1775.8660226795882,1674.3883776429734,1618.0725333048285,1600.0000000000002,3000.0,3000.0,3000.0,3000.0,1775.8660226795882,1674.3883776429734,1618.0725333048285,1600.0000000000002,3000.0,3000.0,3000.0,3000.0,1775.8660226795882,1674.3883776429734,1618.0725333048285,1600.0000000000002,3000.0,3000.0,3000.0,3000.0,1775.8660226795882,1674.3883776429734,1618.0725333048285,1600.0000000000002,3000.0,3000.0,3000.0,3000.0,1775.8660226795882,1674.3883776429734,1618.0725333048285,1600.0000000000002,3000.0,3000.0,3000.0,3000.0,1775.8660226795882,1674.3883776429734,1618.0725333048285,1600.0000000000002,3000.0,3000.0,3000.0,3000.0,1775.8660226795882,1674.3883776429734,1618.0725333048285,1600.0000000000002,1600.0000000000002,1618.0725333048285,1674.3883776429734,1775.8660226795882,3000.0,3000.0,3000.0,3000.0,1600.0000000000002,1618.0725333048285,1674.3883776429734,1775.8660226795882,3000.0,3000.0,3000.0,3000.0,1600.0000000000002,1618.0725333048285,1674.3883776429734,1775.8660226795882,3000.0,3000.0,3000.0,3000.0,1600.0000000000002,1618.0725333048285,1674.3883776429734,1775.8660226795882,3000.0,3000.0,3000.0,3000.0,1600.0000000000002,1618.0725333048285,1674.3883776429734,1775.8660226795882,3000.0,3000.0,3000.0,3000.0,1600.0000000000002,1618.0725333048285,1674.3883776429734,1775.8660226795882,3000.0,3000.0,3000.0,3000.0,1600.0000000000002,1618.0725333048285,1674.3883776429734,1775.8660226795882,3000.0,3000.0,3000.0,3000.0,1600.0000000000002,1618.0725333048285,1674.3883776429734,1775.8660226795882,3000.0,3000.0,3000.0,3000.0,3000.0,3000.0,3000.0,3000.0,3000.0,3000.0,3000.0,3000.0,3000.0,3000.0,3000.0,3000.0,3000.0,3000.0,3000.0,3000.0,3000.0,3000.0,3000.0,3000.0,3000.0,3000.0,3000.0,3000.0,3000.0,3000.0,3000.0,3000.0,3000.0,3000.0,3000.0,3000.0,3000.0,3000.0,3000.0,3000.0,3000.0,3000.0,3000.0,3000.0,3000.0,3000.0,3000.0,3000.0,3000.0,3000.0,3000.0,3000.0,3000.0,3000.0,3000.0,3000.0,3000.0,3000.0,3000.0,3000.0,3000.0,3000.0,3000.0,3000.0,3000.0,3000.0,3000.0,3000.0
14467,3000.0,3000.0,3000.0,3000.0,3000.0,3000.0,3000.0,3000.0,3000.0,3000.0,3000.0,3000.0,3000.0,3000.0,3000.0,3000.0,3000.0,3000.0,3000.0,3000.0,3000.0,3000.0,3000.0,3000.0,3000.0,3000.0,3000.0,3000.0,3000.0,3000.0,3000.0,3000.0,3000.0,3000.0,3000.0,3000.0,3000.0,3000.0,3000.0,3000.0,3000.0,3000.0,3000.0,3000.0,3000.0,3000.0,3000.0,3000.0,3000.0,3000.0,3000.0,3000.0,3000.0,3000.0,3000.0,3000.0,3000.0,3000.0,3000.0,3000.0,3000.0,3000.0,3000.0,3000.0,3000.0,3000.0,3000.0,3000.0,3000.0,3000.0,3000.0,3000.0,3000.0,3000.0,3000.0,3000.0,3000.0,3000.0,3000.0,3000.0,3000.0,3000.0,3000.0,3000.0,3000.0,3000.0,3000.0,3000.0,3000.0,3000.0,3000.0,3000.0,3000.0,3000.0,3000.0,3000.0,3000.0,3000.0,3000.0,3000.0,3000.0,3000.0,3000.0,3000.0,3000.0,3000.0,3000.0,3000.0,3000.0,3000.0,3000.0,3000.0,3000.0,3000.0,3000.0,3000.0,3000.0,3000.0,3000.0,3000.0,3000.0,3000.0,3000.0,3000.0,3000.0,3000.0,3000.0,3000.0,3000.0,3000.0,3000.0,3000.0,3000.0,3000.0,3000.0,3000.0,3000.0,3000.0,3000.0,3000.0,3000.0,3000.0,3000.0,3000.0,3000.0,3000.0,3000.0,3000.0,3000.0,3000.0,3000.0,3000.0,3000.0,3000.0,3000.0,3000.0,3000.0,3000.0,3000.0,3000.0,3000.0,3000.0,3000.0,3000.0,3000.0,3000.0,3000.0,3000.0,3000.0,3000.0,3000.0,3000.0,3000.0,3000.0,3000.0,3000.0,3000.0,3000.0,3000.0,3000.0,3000.0,3000.0,3000.0,3000.0,3000.0,3000.0,3000.0,3000.0,3000.0,3000.0,3000.0,3000.0,3000.0,3000.0,3000.0,3000.0,1794.3646270825002,1691.8299232434206,1634.9274555267534,1616.6666666666667,3000.0,3000.0,3000.0,3000.0,1794.3646270825002,1691.8299232434206,1634.9274555267534,1616.6666666666667,3000.0,3000.0,3000.0,3000.0,1794.3646270825002,1691.8299232434206,1634.9274555267534,1616.6666666666667,3000.0,3000.0,3000.0,3000.0,1794.3646270825002,1691.8299232434206,1634.9274555267534,1616.6666666666667,3000.0,3000.0,3000.0,3000.0,1794.3646270825002,1691.8299232434206,1634.9274555267534,1616.6666666666667,3000.0,3000.0,3000.0,3000.0,1794.3646270825002,1691.8299232434206,1634.9274555267534,1616.6666666666667,3000.0,3000.0,3000.0,3000.0,1794.3646270825002,1691.8299232434206,1634.9274555267534,1616.6666666666667,3000.0,3000.0,3000.0,3000.0,1794.3646270825002,1691.8299232434206,1634.9274555267534,1616.6666666666667,1616.6666666666667,1634.9274555267534,1691.8299232434206,1794.3646270825002,3000.0,3000.0,3000.0,3000.0,1616.6666666666667,1634.9274555267534,1691.8299232434206,1794.3646270825002,3000.0,3000.0,3000.0,3000.0,1616.6666666666667,1634.9274555267534,1691.8299232434206,1794.3646270825002,3000.0,3000.0,3000.0,3000.0,1616.6666666666667,1634.9274555267534,1691.8299232434206,1794.3646270825002,3000.0,3000.0,3000.0,3000.0,1616.6666666666667,1634.9274555267534,1691.8299232434206,1794.3646270825002,3000.0,3000.0,3000.0,3000.0,1616.6666666666667,1634.9274555267534,1691.8299232434206,1794.3646270825002,3000.0,3000.0,3000.0,3000.0,1616.6666666666667,1634.9274555267534,1691.8299232434206,1794.3646270825002,3000.0,3000.0,3000.0,3000.0,1616.6666666666667,1634.9274555267534,1691.8299232434206,1794.3646270825002,3000.0,3000.0,3000.0,3000.0,3000.0,3000.0,3000.0,3000.0,3000.0,3000.0,3000.0,3000.0,3000.0,3000.0,3000.0,3000.0,3000.0,3000.0,3000.0,3000.0,3000.0,3000.0,3000.0,3000.0,3000.0,3000.0,3000.0,3000.0,3000.0,3000.0,3000.0,3000.0,3000.0,3000.0,3000.0,3000.0,3000.0,3000.0,3000.0,3000.0,3000.0,3000.0,3000.0,3000.0,3000.0,3000.0,3000.0,3000.0,3000.0,3000.0,3000.0,3000.0,3000.0,3000.0,3000.0,3000.0,3000.0,3000.0,3000.0,3000.0,3000.0,3000.0,3000.0,3000.0,3000.0,3000.0,3000.0,3000.0
14533,3000.0,3000.0,3000.0,3000.0,3000.0,3000.0,3000.0,3000.0,3000.0,3000.0,3000.0,3000.0,3000.0,3000.0,3000.0,3000.0,3000.0,3000.0,3000.0,3000.0,3000.0,3000.0,3000.0,3000.0,3000.0,3000.0,3000.0,3000.0,3000.0,3000.0,3000.0,3000.0,3000.0,3000.0,3000.0,3000.0,3000.0,3000.0,3000.0,3000.0,3000.0,3000.0,3000.0,3000.0,3000.0,3000.0,3000.0,3000.0,3000.0,3000.0,3000.0,3000.0,3000.0,3000.0,3000.0,3000.0,3000.0,3000.0,3000.0,3000.0,3000.0,3000.0,3000.0,3000.0,3000.0,3000.0,3000.0,3000.0,3000.0,3000.0,3000.0,3000.0,3000.0,3000.0,3000.0,3000.0,3000.0,3000.0,3000.0,3000.0,3000.0,3000.0,3000.0,3000.0,3000.0,3000.0,3000.0,3000.0,3000.0,3000.0,3000.0,3000.0,3000.0,3000.0,3000.0,3000.0,3000.0,3000.0,3000.0,3000.0,3000.0,3000.0,3000.0,3000.0,3000.0,3000.0,3000.0,3000.0,3000.0,3000.0,3000.0,3000.0,3000.0,3000.0,3000.0,3000.0,3000.0,3000.0,3000.0,3000.0,3000.0,3000.0,3000.0,3000.0,3000.0,3000.0,3000.0,3000.0,3000.0,3000.0,3000.0,3000.0,3000.0,3000.0,3000.0,3000.0,3000.0,3000.0,3000.0,3000.0,3000.0,3000.0,3000.0,3000.0,3000.0,3000.0,3000.0,3000.0,3000.0,3000.0,3000.0,3000.0,3000.0,3000.0,3000.0,3000.0,3000.0,3000.0,3000.0,3000.0,3000.0,3000.0,3000.0,3000.0,3000.0,3000.0,3000.0,3000.0,3000.0,3000.0,3000.0,3000.0,3000.0,3000.0,3000.0,3000.0,3000.0,3000.0,3000.0,3000.0,3000.0,3000.0,3000.0,3000.0,3000.0,3000.0,3000.0,3000.0,3000.0,3000.0,3000.0,3000.0,3000.0,3000.0,3000.0,3000.0,1812.8632314854126,1709.2714688438682,1651.7823777486788,1633.3333333333333,3000.0,3000.0,3000.0,3000.0,1812.8632314854126,1709.2714688438682,1651.7823777486788,1633.3333333333333,3000.0,3000.0,3000.0,3000.0,1812.8632314854126,1709.2714688438682,1651.7823777486788,1633.3333333333333,3000.0,3000.0,3000.0,3000.0,1812.8632314854126,1709.2714688438682,1651.7823777486788,1633.3333333333333,3000.0,3000.0,3000.0,3000.0,1812.8632314854126,1709.2714688438682,1651.7823777486788,1633.3333333333333,3000.0,3000.0,3000.0,3000.0,1812.8632314854126,1709.2714688438682,1651.7823777486788,1633.3333333333333,3000.0,3000.0,3000.0,3000.0,1812.8632314854126,1709.2714688438682,1651.7823777486788,1633.3333333333333,3000.0,3000.0,3000.0,3000.0,1812.8632314854126,1709.2714688438682,1651.7823777486788,1633.3333333333333,1633.3333333333333,1651.7823777486788,1709.2714688438682,1812.8632314854126,3000.0,3000.0,3000.0,3000.0,1633.3333333333333,1651.7823777486788,1709.2714688438682,1812.8632314854126,3000.0,3000.0,3000.0,3000.0,1633.3333333333333,1651.7823777486788,1709.2714688438682,1812.8632314854126,3000.0,3000.0,3000.0,3000.0,1633.3333333333333,1651.7823777486788,1709.2714688438682,1812.8632314854126,3000.0,3000.0,3000.0,3000.0,1633.3333333333333,1651.7823777486788,1709.2714688438682,1812.8632314854126,3000.0,3000.0,3000.0,3000.0,1633.3333333333333,1651.7823777486788,1709.2714688438682,1812.8632314854126,3000.0,3000.0,3000.0,3000.0,1633.3333333333333,1651.7823777486788,1709.2714688438682,1812.8632314854126,3000.0,3000.0,3000.0,3000.0,1633.3333333333333,1651.7823777486788,1709.2714688438682,1812.8632314854126,3000.0,3000.0,3000.0,3000.0,3000.0,3000.0,3000.0,3000.0,3000.0,3000.0,3000.0,3000.0,3000.0,3000.0,3000.0,3000.0,3000.0,3000.0,3000.0,3000.0,3000.0,3000.0,3000.0,3000.0,3000.0,3000.0,3000.0,3000.0,3000.0,3000.0,3000.0,3000.0,3000.0,3000.0,3000.0,3000.0,3000.0,3000.0,3000.0,3000.0,3000.0,3000.0,3000.0,3000.0,3000.0,3000.0,3000.0,3000.0,3000.0,3000.0,3000.0,3000.0,3000.0,3000.0,3000.0,3000.0,3000.0,3000.0,3000.0,3000.0,3000.0,3000.0,3000.0,3000.0,3000.0,3000.0,3000.0,3000.0
14600,3000.0,3000.0,3000.0,3000.0,3000.0,3000.0,3000.0,3000.0,3000.0,3000.0,3000.0,3000.0,3000.0,3000.0,3000.0,3000.0,3000.0,3000.0,3000.0,3000.0,3000.0,3000.0,3000.0,3000.0,3000.0,3000.0,3000.0,3000.0,3000.0,3000.0,3000.0,3000.0,3000.0,3000.0,3000.0,3000.0,3000.0,3000.0,3000.0,3000.0,3000.0,3000.0,3000.0,3000.0,3000.0,3000.0,3000.0,3000.0,3000.0,3000.0,3000.0,3000.0,3000.0,3000.0,3000.0,3000.0,3000.0,3000.0,3000.0,3000.0,3000.0,3000.0,3000.0,3000.0,3000.0,3000.0,3000.0,3000.0,3000.0,3000.0,3000.0,3000.0,3000.0,3000.0,3000.0,3000.0,3000.0,3000.0,3000.0,3000.0,3000.0,3000.0,3000.0,3000.0,3000.0,3000.0,3000.0,3000.0,3000.0,3000.0,3000.0,3000.0,3000.0,3000.0,3000.0,3000.0,3000.0,3000.0,3000.0,3000.0,3000.0,3000.0,3000.0,3000.0,3000.0,3000.0,3000.0,3000.0,3000.0,3000.0,3000.0,3000.0,3000.0,3000.0,3000.0,3000.0,3000.0,3000.0,3000.0,3000.0,3000.0,3000.0,3000.0,3000.0,3000.0,3000.0,3000.0,3000.0,3000.0,3000.0,3000.0,3000.0,3000.0,3000.0,3000.0,3000.0,3000.0,3000.0,3000.0,3000.0,3000.0,3000.0,3000.0,3000.0,3000.0,3000.0,3000.0,3000.0,3000.0,3000.0,3000.0,3000.0,3000.0,3000.0,3000.0,3000.0,3000.0,3000.0,3000.0,3000.0,3000.0,3000.0,3000.0,3000.0,3000.0,3000.0,3000.0,3000.0,3000.0,3000.0,3000.0,3000.0,3000.0,3000.0,3000.0,3000.0,3000.0,3000.0,3000.0,3000.0,3000.0,3000.0,3000.0,3000.0,3000.0,3000.0,3000.0,3000.0,3000.0,3000.0,3000.0,3000.0,3000.0,3000.0,3000.0,3000.0,1831.361835888325,1726.7130144443158,1668.637299970604,1650.0,3000.0,3000.0,3000.0,3000.0,1831.361835888325,1726.7130144443158,1668.637299970604,1650.0,3000.0,3000.0,3000.0,3000.0,1831.361835888325,1726.7130144443158,1668.637299970604,1650.0,3000.0,3000.0,3000.0,3000.0,1831.361835888325,1726.7130144443158,1668.637299970604,1650.0,3000.0,3000.0,3000.0,3000.0,1831.361835888325,1726.7130144443158,1668.637299970604,1650.0,3000.0,3000.0,3000.0,3000.0,1831.361835888325,1726.7130144443158,1668.637299970604,1650.0,3000.0,3000.0,3000.0,3000.0,1831.361835888325,1726.7130144443158,1668.637299970604,1650.0,3000.0,3000.0,3000.0,3000.0,1831.361835888325,1726.7130144443158,1668.637299970604,1650.0,1650.0,1668.637299970604,1726.7130144443158,1831.361835888325,3000.0,3000.0,3000.0,3000.0,1650.0,1668.637299970604,1726.7130144443158,1831.361835888325,3000.0,3000.0,3000.0,3000.0,1650.0,1668.637299970604,1726.7130144443158,1831.361835888325,3000.0,3000.0,3000.0,3000.0,1650.0,1668.637299970604,1726.7130144443158,1831.361835888325,3000.0,3000.0,3000.0,3000.0,1650.0,1668.637299970604,1726.7130144443158,1831.361835888325,3000.0,3000.0,3000.0,3000.0,1650.0,1668.637299970604,1726.7130144443158,1831.361835888325,3000.0,3000.0,3000.0,3000.0,1650.0,1668.637299970604,1726.7130144443158,1831.361835888325,3000.0,3000.0,3000.0,3000.0,1650.0,1668.637299970604,1726.7130144443158,1831.361835888325,3000.0,3000.0,3000.0,3000.0,3000.0,3000.0,3000.0,3000.0,3000.0,3000.0,3000.0,3000.0,3000.0,3000.0,3000.0,3000.0,3000.0,3000.0,3000.0,3000.0,3000.0,3000.0,3000.0,3000.0,3000.0,3000.0,3000.0,3000.0,3000.0,3000.0,3000.0,3000.0,3000.0,3000.0,3000.0,3000.0,3000.0,3000.0,3000.0,3000.0,3000.0,3000.0,3000.0,3000.0,3000.0,3000.0,3000.0,3000.0,3000.0,3000.0,3000.0,3000.0,3000.0,3000.0,3000.0,3000.0,3000.0,3000.0,3000.0,3000.0,3000.0,3000.0,3000.0,3000.0,3000.0,3000.0,3000.0,3000.0
14667,3000.0,3000.0,3000.0,3000.0,3000.0,3000.0,3000.0,3000.0,3000.0,3000.0,3000.0,3000.0,3000.0,3000.0,3000.0,3000.0,3000.0,3000.0,3000.0,3000.0,3000.0,3000.0,3000.0,3000.0,3000.0,3000.0,3000.0,3000.0,3000.0,3000.0,3000.0,3000.0,3000.0,3000.0,3000.0,3000.0,3000.0,3000.0,3000.0,3000.0,3000.0,3000.0,3000.0,3000.0,3000.0,3000.0,3000.0,3000.0,3000.0,3000.0,3000.0,3000.0,3000.0,3000.0,3000.0,3000.0,3000.0,3000.0,3000.0,3000.0,3000.0,3000.0,3000.0,3000.0,3000.0,3000.0,3000.0,3000.0,3000.0,3000.0,3000.0,3000.0,3000.0,3000.0,3000.0,3000.0,3000.0,3000.0,3000.0,3000.0,3000.0,3000.0,3000.0,3000.0,3000.0,3000.0,3000.0,3000.0,3000.0,3000.0,3000.0,3000.0,3000.0,3000.0,3000.0,3000.0,3000.0,3000.0,3000.0,3000.0,3000.0,3000.0,3000.0,3000.0,3000.0,3000.0,3000.0,3000.0,3000.0,3000.0,3000.0,3000.0,3000.0,3000.0,3000.0,3000.0,3000.0,3000.0,3000.0,3000.0,3000.0,3000.0,3000.0,3000.0,3000.0,3000.0,3000.0,3000.0,3000.0,3000.0,3000.0,3000.0,3000.0,3000.0,3000.0,3000.0,3000.0,3000.0,3000.0,3000.0,3000.0,3000.0,3000.0,3000.0,3000.0,3000.0,3000.0,3000.0,3000.0,3000.0,3000.0,3000.0,3000.0,3000.0,3000.0,3000.0,3000.0,3000.0,3000.0,3000.0,3000.0,3000.0,3000.0,3000.0,3000.0,3000.0,3000.0,3000.0,3000.0,3000.0,3000.0,3000.0,3000.0,3000.0,3000.0,3000.0,3000.0,3000.0,3000.0,3000.0,3000.0,3000.0,3000.0,3000.0,3000.0,3000.0,3000.0,3000.0,3000.0,3000.0,3000.0,3000.0,3000.0,3000.0,3000.0,3000.0,3000.0,1744.1545600447635,1685.492222192529,1666.6666666666665,3000.0,3000.0,3000.0,3000.0,3000.0,1744.1545600447635,1685.492222192529,1666.6666666666665,3000.0,3000.0,3000.0,3000.0,3000.0,1744.1545600447635,1685.492222192529,1666.6666666666665,3000.0,3000.0,3000.0,3000.0,3000.0,1744.1545600447635,1685.492222192529,1666.6666666666665,3000.0,3000.0,3000.0,3000.0,3000.0,1744.1545600447635,1685.492222192529,1666.6666666666665,3000.0,3000.0,3000.0,3000.0,3000.0,1744.1545600447635,1685.492222192529,1666.6666666666665,3000.0,3000.0,3000.0,3000.0,3000.0,1744.1545600447635,1685.492222192529,1666.6666666666665,3000.0,3000.0,3000.0,3000.0,3000.0,1744.1545600447635,1685.492222192529,1666.6666666666665,1666.6666666666665,1685.492222192529,1744.1545600447635,3000.0,3000.0,3000.0,3000.0,3000.0,1666.6666666666665,1685.492222192529,1744.1545600447635,3000.0,3000.0,3000.0,3000.0,3000.0,1666.6666666666665,1685.492222192529,1744.1545600447635,3000.0,3000.0,3000.0,3000.0,3000.0,1666.6666666666665,1685.492222192529,1744.1545600447635,3000.0,3000.0,3000.0,3000.0,3000.0,1666.6666666666665,1685.492222192529,1744.1545600447635,3000.0,3000.0,3000.0,3000.0,3000.0,1666.6666666666665,1685.492222192529,1744.1545600447635,3000.0,3000.0,3000.0,3000.0,3000.0,1666.6666666666665,1685.492222192529,1744.1545600447635,3000.0,3000.0,3000.0,3000.0,3000.0,1666.6666666666665,1685.492222192529,1744.1545600447635,3000.0,3000.0,3000.0,3000.0,3000.0,3000.0,3000.0,3000.0,3000.0,3000.0,3000.0,3000.0,3000.0,3000.0,3000.0,3000.0,3000.0,3000.0,3000.0,3000.0,3000.0,3000.0,3000.0,3000.0,3000.0,3000.0,3000.0,3000.0,3000.0,3000.0,3000.0,3000.0,3000.0,3000.0,3000.0,3000.0,3000.0,3000.0,3000.0,3000.0,3000.0,3000.0,3000.0,3000.0,3000.0,3000.0,3000.0,3000.0,3000.0,3000.0,3000.0,3000.0,3000.0,3000.0,3000.0,3000.0,3000.0,3000.0,3000.0,3000.0,3000.0,3000.0,3000.0,3000.0,3000.0,3000.0,3000.0,3000.0,3000.0
14733,3000.0,3000.0,3000.0,3000.0,3000.0,3000.0,3000.0,3000.0,3000.0,3000.0,3000.0,3000.0,3000.0,3000.0,3000.0,3000.0,3000.0,3000.0,3000.0,3000.0,3000.0,3000.0,3000.0,3000.0,3000.0,3000.0,3000.0,3000.0,3000.0,3000.0,3000.0,3000.0,3000.0,3000.0,3000.0,3000.0,3000.0,3000.0,3000.0,3000.0,3000.0,3000.0,3000.0,3000.0,3000.0,3000.0,3000.0,3000.0,3000.0,3000.0,3000.0,3000.0,3000.0,3000.0,3000.0,3000.0,3000.0,3000.0,3000.0,3000.0,3000.0,3000.0,3000.0,3000.0,3000.0,3000.0,3000.0,3000.0,3000.0,3000.0,3000.0,3000.0,3000.0,3000.0,3000.0,3000.0,3000.0,3000.0,3000.0,3000.0,3000.0,3000.0,3000.0,3000.0,3000.0,3000.0,3000.0,3000.0,3000.0,3000.0,3000.0,3000.0,3000.0,3000.0,3000.0,3000.0,3000.0,3000.0,3000.0,3000.0,3000.0,3000.0,3000.0,3000.0,3000.0,3000.0,3000.0,3000.0,3000.0,3000.0,3000.0,3000.0,3000.0,3000.0,3000.0,3000.0,3000.0,3000.0,3000.0,3000.0,3000.0,3000.0,3000.0,3000.0,3000.0,3000.0,3000.0,3000.0,3000.0,3000.0,3000.0,3000.0,3000.0,3000.0,3000.0,3000.0,3000.0,3000.0,3000.0,3000.0,3000.0,3000.0,3000.0,3000.0,3000.0,3000.0,3000.0,3000.0,3000.0,3000.0,3000.0,3000.0,3000.0,3000.0,3000.0,3000.0,3000.0,3000.0,3000.0,3000.0,3000.0,3000.0,3000.0,3000.0,3000.0,3000.0,3000.0,3000.0,3000.0,3000.0,3000.0,3000.0,3000.0,3000.0,3000.0,3000.0,3000.0,3000.0,3000.0,3000.0,3000.0,3000.0,3000.0,3000.0,3000.0,3000.0,3000.0,3000.0,3000.0,3000.0,3000.0,3000.0,3000.0,3000.0,3000.0,3000.0,3000.0,1761.596105645211,1702.3471444144545,1683.3333333333333,3000.0,3000.0,3000.0,3000.0,3000.0,1761.596105645211,1702.3471444144545,1683.3333333333333,3000.0,3000.0,3000.0,3000.0,3000.0,1761.596105645211,1702.3471444144545,1683.3333333333333,3000.0,3000.0,3000.0,3000.0,3000.0,1761.596105645211,1702.3471444144545,1683.3333333333333,3000.0,3000.0,3000.0,3000.0,3000.0,1761.596105645211,1702.3471444144545,1683.3333333333333,3000.0,3000.0,3000.0,3000.0,3000.0,1761.596105645211,1702.3471444144545,1683.3333333333333,3000.0,3000.0,3000.0,3000.0,3000.0,1761.596105645211,1702.3471444144545,1683.3333333333333,3000.0,3000.0,3000.0,3000.0,3000.0,1761.596105645211,1702.3471444144545,1683.3333333333333,1683.3333333333333,1702.3471444144545,1761.596105645211,3000.0,3000.0,3000.0,3000.0,3000.0,1683.3333333333333,1702.3471444144545,1761.596105645211,3000.0,3000.0,3000.0,3000.0,3000.0,1683.3333333333333,1702.3471444144545,1761.596105645211,3000.0,3000.0,3000.0,3000.0,3000.0,1683.3333333333333,1702.3471444144545,1761.596105645211,3000.0,3000.0,3000.0,3000.0,3000.0,1683.3333333333333,1702.3471444144545,1761.596105645211,3000.0,3000.0,3000.0,3000.0,3000.0,1683.3333333333333,1702.3471444144545,1761.596105645211,3000.0,3000.0,3000.0,3000.0,3000.0,1683.3333333333333,1702.3471444144545,1761.596105645211,3000.0,3000.0,3000.0,3000.0,3000.0,1683.3333333333333,1702.3471444144545,1761.596105645211,3000.0,3000.0,3000.0,3000.0,3000.0,3000.0,3000.0,3000.0,3000.0,3000.0,3000.0,3000.0,3000.0,3000.0,3000.0,3000.0,3000.0,3000.0,3000.0,3000.0,3000.0,3000.0,3000.0,3000.0,3000.0,3000.0,3000.0,3000.0,3000.0,3000.0,3000.0,3000.0,3000.0,3000.0,3000.0,3000.0,3000.0,3000.0,3000.0,3000.0,3000.0,3000.0,3000.0,3000.0,3000.0,3000.0,3000.0,3000.0,3000.0,3000.0,3000.0,3000.0,3000.0,3000.0,3000.0,3000.0,3000.0,3000.0,3000.0,3000.0,3000.0,3000.0,3000.0,3000.0,3000.0,3000.0,3000.0,3000.0,3000.0
14800,3000.0,3000.0,3000.0,3000.0,3000.0,3000.0,3000.0,3000.0,3000.0,3000.0,3000.0,3000.0,3000.0,3000.0,3000.0,3000.0,3000.0,3000.0,3000.0,3000.0,3000.0,3000.0,3000.0,3000.0,3000.0,3000.0,3000.0,3000.0,3000.0,3000.0,3000.0,3000.0,3000.0,3000.0,3000.0,3000.0,3000.0,3000.0,3000.0,3000.0,3000.0,3000.0,3000.0,3000.0,3000.0,3000.0,3000.0,3000.0,3000.0,3000.0,3000.0,3000.0,3000.0,3000.0,3000.0,3000.0,3000.0,3000.0,3000.0,3000.0,3000.0,3000.0,3000.0,3000.0,3000.0,3000.0,3000.0,3000.0,3000.0,3000.0,3000.0,3000.0,3000.0,3000.0,3000.0,3000.0,3000.0,3000.0,3000.0,3000.0,3000.0,3000.0,3000.0,3000.0,3000.0,3000.0,3000.0,3000.0,3000.0,3000.0,3000.0,3000.0,3000.0,3000.0,3000.0,3000.0,3000.0,3000.0,3000.0,3000.0,3000.0,3000.0,3000.0,3000.0,3000.0,3000.0,3000.0,3000.0,3000.0,3000.0,3000.0,3000.0,3000.0,3000.0,3000.0,3000.0,3000.0,3000.0,3000.0,3000.0,3000.0,3000.0,3000.0,3000.0,3000.0,3000.0,3000.0,3000.0,3000.0,3000.0,3000.0,3000.0,3000.0,3000.0,3000.0,3000.0,3000.0,3000.0,3000.0,3000.0,3000.0,3000.0,3000.0,3000.0,3000.0,3000.0,3000.0,3000.0,3000.0,3000.0,3000.0,3000.0,3000.0,3000.0,3000.0,3000.0,3000.0,3000.0,3000.0,3000.0,3000.0,3000.0,3000.0,3000.0,3000.0,3000.0,3000.0,3000.0,3000.0,3000.0,3000.0,3000.0,3000.0,3000.0,3000.0,3000.0,3000.0,3000.0,3000.0,3000.0,3000.0,3000.0,3000.0,3000.0,3000.0,3000.0,3000.0,3000.0,3000.0,3000.0,3000.0,3000.0,3000.0,3000.0,3000.0,3000.0,3000.0,1779.0376512456592,1719.2020666363803,1700.0000000000005,3000.0,3000.0,3000.0,3000.0,3000.0,1779.0376512456592,1719.2020666363803,1700.0000000000005,3000.0,3000.0,3000.0,3000.0,3000.0,1779.0376512456592,1719.2020666363803,1700.0000000000005,3000.0,3000.0,3000.0,3000.0,3000.0,1779.0376512456592,1719.2020666363803,1700.0000000000005,3000.0,3000.0,3000.0,3000.0,3000.0,1779.0376512456592,1719.2020666363803,1700.0000000000005,3000.0,3000.0,3000.0,3000.0,3000.0,1779.0376512456592,1719.2020666363803,1700.0000000000005,3000.0,3000.0,3000.0,3000.0,3000.0,1779.0376512456592,1719.2020666363803,1700.0000000000005,3000.0,3000.0,3000.0,3000.0,3000.0,1779.0376512456592,1719.2020666363803,1700.0000000000005,1700.0000000000005,1719.2020666363803,1779.0376512456592,3000.0,3000.0,3000.0,3000.0,3000.0,1700.0000000000005,1719.2020666363803,1779.0376512456592,3000.0,3000.0,3000.0,3000.0,3000.0,1700.0000000000005,1719.2020666363803,1779.0376512456592,3000.0,3000.0,3000.0,3000.0,3000.0,1700.0000000000005,1719.2020666363803,1779.0376512456592,3000.0,3000.0,3000.0,3000.0,3000.0,1700.0000000000005,1719.2020666363803,1779.0376512456592,3000.0,3000.0,3000.0,3000.0,3000.0,1700.0000000000005,1719.2020666363803,1779.0376512456592,3000.0,3000.0,3000.0,3000.0,3000.0,1700.0000000000005,1719.2020666363803,1779.0376512456592,3000.0,3000.0,3000.0,3000.0,3000.0,1700.0000000000005,1719.2020666363803,1779.0376512456592,3000.0,3000.0,3000.0,3000.0,3000.0,3000.0,3000.0,3000.0,3000.0,3000.0,3000.0,3000.0,3000.0,3000.0,3000.0,3000.0,3000.0,3000.0,3000.0,3000.0,3000.0,3000.0,3000.0,3000.0,3000.0,3000.0,3000.0,3000.0,3000.0,3000.0,3000.0,3000.0,3000.0,3000.0,3000.0,3000.0,3000.0,3000.0,3000.0,3000.0,3000.0,3000.0,3000.0,3000.0,3000.0,3000.0,3000.0,3000.0,3000.0,3000.0,3000.0,3000.0,3000.0,3000.0,3000.0,3000.0,3000.0,3000.0,3000.0,3000.0,3000.0,3000.0,3000.0,3000.0,3000.0,3000.0,3000.0,3000.0,3000.0
14867,3000.0,3000.0,3000.0,3000.0,3000.0,3000.0,3000.0,3000.0,3000.0,3000.0,3000.0,3000.0,3000.0,3000.0,3000.0,3000.0,3000.0,3000.0,3000.0,3000.0,3000.0,3000.0,3000.0,3000.0,3000.0,3000.0,3000.0,3000.0,3000.0,3000.0,3000.0,3000.0,3000.0,3000.0,3000.0,3000.0,3000.0,3000.0,3000.0,3000.0,3000.0,3000.0,3000.0,3000.0,3000.0,3000.0,3000.0,3000.0,3000.0,3000.0,3000.0,3000.0,3000.0,3000.0,3000.0,3000.0,3000.0,3000.0,3000.0,3000.0,3000.0,3000.0,3000.0,3000.0,3000.0,3000.0,3000.0,3000.0,3000.0,3000.0,3000.0,3000.0,3000.0,3000.0,3000.0,3000.0,3000.0,3000.0,3000.0,3000.0,3000.0,3000.0,3000.0,3000.0,3000.0,3000.0,3000.0,3000.0,3000.0,3000.0,3000.0,3000.0,3000.0,3000.0,3000.0,3000.0,3000.0,3000.0,3000.0,3000.0,3000.0,3000.0,3000.0,3000.0,3000.0,3000.0,3000.0,3000.0,3000.0,3000.0,3000.0,3000.0,3000.0,3000.0,3000.0,3000.0,3000.0,3000.0,3000.0,3000.0,3000.0,3000.0,3000.0,3000.0,3000.0,3000.0,3000.0,3000.0,3000.0,3000.0,3000.0,3000.0,3000.0,3000.0,3000.0,3000.0,3000.0,3000.0,3000.0,3000.0,3000.0,3000.0,3000.0,3000.0,3000.0,3000.0,3000.0,3000.0,3000.0,3000.0,3000.0,3000.0,3000.0,3000.0,3000.0,3000.0,3000.0,3000.0,3000.0,3000.0,3000.0,3000.0,3000.0,3000.0,3000.0,3000.0,3000.0,3000.0,3000.0,3000.0,3000.0,3000.0,3000.0,3000.0,3000.0,3000.0,3000.0,3000.0,3000.0,3000.0,3000.0,3000.0,3000.0,3000.0,3000.0,3000.0,3000.0,3000.0,3000.0,3000.0,3000.0,3000.0,3000.0,3000.0,3000.0,3000.0,3000.0,1796.4791968461068,1736.0569888583052,1716.6666666666667,3000.0,3000.0,3000.0,3000.0,3000.0,1796.4791968461068,1736.0569888583052,1716.6666666666667,3000.0,3000.0,3000.0,3000.0,3000.0,1796.4791968461068,1736.0569888583052,1716.6666666666667,3000.0,3000.0,3000.0,3000.0,3000.0,1796.4791968461068,1736.0569888583052,1716.6666666666667,3000.0,3000.0,3000.0,3000.0,3000.0,1796.4791968461068,1736.0569888583052,1716.6666666666667,3000.0,3000.0,3000.0,3000.0,3000.0,1796.4791968461068,1736.0569888583052,1716.6666666666667,3000.0,3000.0,3000.0,3000.0,3000.0,1796.4791968461068,1736.0569888583052,1716.6666666666667,3000.0,3000.0,3000.0,3000.0,3000.0,1796.4791968461068,1736.0569888583052,1716.6666666666667,1716.6666666666667,1736.0569888583052,1796.4791968461068,3000.0,3000.0,3000.0,3000.0,3000.0,1716.6666666666667,1736.0569888583052,1796.4791968461068,3000.0,3000.0,3000.0,3000.0,3000.0,1716.6666666666667,1736.0569888583052,1796.4791968461068,3000.0,3000.0,3000.0,3000.0,3000.0,1716.6666666666667,1736.0569888583052,1796.4791968461068,3000.0,3000.0,3000.0,3000.0,3000.0,1716.6666666666667,1736.0569888583052,1796.4791968461068,3000.0,3000.0,3000.0,3000.0,3000.0,1716.6666666666667,1736.0569888583052,1796.4791968461068,3000.0,3000.0,3000.0,3000.0,3000.0,1716.6666666666667,1736.0569888583052,1796.4791968461068,3000.0,3000.0,3000.0,3000.0,3000.0,1716.6666666666667,1736.0569888583052,1796.4791968461068,3000.0,3000.0,3000.0,3000.0,3000.0,3000.0,3000.0,3000.0,3000.0,3000.0,3000.0,3000.0,3000.0,3000.0,3000.0,3000.0,3000.0,3000.0,3000.0,3000.0,3000.0,3000.0,3000.0,3000.0,3000.0,3000.0,3000.0,3000.0,3000.0,3000.0,3000.0,3000.0,3000.0,3000.0,3000.0,3000.0,3000.0,3000.0,3000.0,3000.0,3000.0,3000.0,3000.0,3000.0,3000.0,3000.0,3000.0,3000.0,3000.0,3000.0,3000.0,3000.0,3000.0,3000.0,3000.0,3000.0,3000.0,3000.0,3000.0,3000.0,3000.0,3000.0,3000.0,3000.0,3000.0,3000.0,3000.0,3000.0,3000.0
14933,3000.0,3000.0,3000.0,3000.0,3000.0,3000.0,3000.0,3000.0,3000.0,3000.0,3000.0,3000.0,3000.0,3000.0,3000.0,3000.0,3000.0,3000.0,3000.0,3000.0,3000.0,3000.0,3000.0,3000.0,3000.0,3000.0,3000.0,3000.0,3000.0,3000.0,3000.0,3000.0,3000.0,3000.0,3000.0,3000.0,3000.0,3000.0,3000.0,3000.0,3000.0,3000.0,3000.0,3000.0,3000.0,3000.0,3000.0,3000.0,3000.0,3000.0,3000.0,3000.0,3000.0,3000.0,3000.0,3000.0,3000.0,3000.0,3000.0,3000.0,3000.0,3000.0,3000.0,3000.0,3000.0,3000.0,3000.0,3000.0,3000.0,3000.0,3000.0,3000.0,3000.0,3000.0,3000.0,3000.0,3000.0,3000.0,3000.0,3000.0,3000.0,3000.0,3000.0,3000.0,3000.0,3000.0,3000.0,3000.0,3000.0,3000.0,3000.0,3000.0,3000.0,3000.0,3000.0,3000.0,3000.0,3000.0,3000.0,3000.0,3000.0,3000.0,3000.0,3000.0,3000.0,3000.0,3000.0,3000.0,3000.0,3000.0,3000.0,3000.0,3000.0,3000.0,3000.0,3000.0,3000.0,3000.0,3000.0,3000.0,3000.0,3000.0,3000.0,3000.0,3000.0,3000.0,3000.0,3000.0,3000.0,3000.0,3000.0,3000.0,3000.0,3000.0,3000.0,3000.0,3000.0,3000.0,3000.0,3000.0,3000.0,3000.0,3000.0,3000.0,3000.0,3000.0,3000.0,3000.0,3000.0,3000.0,3000.0,3000.0,3000.0,3000.0,3000.0,3000.0,3000.0,3000.0,3000.0,3000.0,3000.0,3000.0,3000.0,3000.0,3000.0,3000.0,3000.0,3000.0,3000.0,3000.0,3000.0,3000.0,3000.0,3000.0,3000.0,3000.0,3000.0,3000.0,3000.0,3000.0,3000.0,3000.0,3000.0,3000.0,3000.0,3000.0,3000.0,3000.0,3000.0,3000.0,3000.0,3000.0,3000.0,3000.0,3000.0,3000.0,3000.0,1813.920742446554,1752.9119110802305,1733.3333333333335,3000.0,3000.0,3000.0,3000.0,3000.0,1813.920742446554,1752.9119110802305,1733.3333333333335,3000.0,3000.0,3000.0,3000.0,3000.0,1813.920742446554,1752.9119110802305,1733.3333333333335,3000.0,3000.0,3000.0,3000.0,3000.0,1813.920742446554,1752.9119110802305,1733.3333333333335,3000.0,3000.0,3000.0,3000.0,3000.0,1813.920742446554,1752.9119110802305,1733.3333333333335,3000.0,3000.0,3000.0,3000.0,3000.0,1813.920742446554,1752.9119110802305,1733.3333333333335,3000.0,3000.0,3000.0,3000.0,3000.0,1813.920742446554,1752.9119110802305,1733.3333333333335,3000.0,3000.0,3000.0,3000.0,3000.0,1813.920742446554,1752.9119110802305,1733.3333333333335,1733.3333333333335,1752.9119110802305,1813.920742446554,3000.0,3000.0,3000.0,3000.0,3000.0,1733.3333333333335,1752.9119110802305,1813.920742446554,3000.0,3000.0,3000.0,3000.0,3000.0,1733.3333333333335,1752.9119110802305,1813.920742446554,3000.0,3000.0,3000.0,3000.0,3000.0,1733.3333333333335,1752.9119110802305,1813.920742446554,3000.0,3000.0,3000.0,3000.0,3000.0,1733.3333333333335,1752.9119110802305,1813.920742446554,3000.0,3000.0,3000.0,3000.0,3000.0,1733.3333333333335,1752.9119110802305,1813.920742446554,3000.0,3000.0,3000.0,3000.0,3000.0,1733.3333333333335,1752.9119110802305,1813.920742446554,3000.0,3000.0,3000.0,3000.0,3000.0,1733.3333333333335,1752.9119110802305,1813.920742446554,3000.0,3000.0,3000.0,3000.0,3000.0,3000.0,3000.0,3000.0,3000.0,3000.0,3000.0,3000.0,3000.0,3000.0,3000.0,3000.0,3000.0,3000.0,3000.0,3000.0,3000.0,3000.0,3000.0,3000.0,3000.0,3000.0,3000.0,3000.0,3000.0,3000.0,3000.0,3000.0,3000.0,3000.0,3000.0,3000.0,3000.0,3000.0,3000.0,3000.0,3000.0,3000.0,3000.0,3000.0,3000.0,3000.0,3000.0,3000.0,3000.0,3000.0,3000.0,3000.0,3000.0,3000.0,3000.0,3000.0,3000.0,3000.0,3000.0,3000.0,3000.0,3000.0,3000.0,3000.0,3000.0,3000.0,3000.0,3000.0,3000.0
