time_ms,s1_c01,s1_c02,s1_c03,s1_c04,s1_c05,s1_c06,s1_c07,s1_c08,s1_c09,s1_c10,s1_c11,s1_c12,s1_c13,s1_c14,s1_c15,s1_c16,s2_c01,s2_c02,s2_c03,s2_c04,s2_c05,s2_c06,s2_c07,s2_c08,s2_c09,s2_c10,s2_c11,s2_c12,s2_c13,s2_c14,s2_c15,s2_c16,s3_c01,s3_c02,s3_c03,s3_c04,s3_c05,s3_c06,s3_c07,s3_c08,s3_c09,s3_c10,s3_c11,s3_c12,s3_c13,s3_c14,s3_c15,s3_c16,s4_c01,s4_c02,s4_c03,s4_c04,s4_c05,s4_c06,s4_c07,s4_c08,s4_c09,s4_c10,s4_c11,s4_c12,s4_c13,s4_c14,s4_c15,s4_c16,s5_c01,s5_c02,s5_c03,s5_c04,s5_c05,s5_c06,s5_c07,s5_c08,s5_c09,s5_c10,s5_c11,s5_c12,s5_c13,s5_c14,s5_c15,s5_c16,s6_c01,s6_c02,s6_c03,s6_c04,s6_c05,s6_c06,s6_c07,s6_c08,s6_c09,s6_c10,s6_c11,s6_c12,s6_c13,s6_c14,s6_c15,s6_c16
0,3000.0,3000.0,3000.0,3000.0,3000.0,3000.0,3000.0,3000.0,3000.0,3000.0,3000.0,3000.0,3000.0,3000.0,3000.0,3000.0,3000.0,3000.0,3000.0,3000.0,3000.0,3000.0,3000.0,3000.0,3000.0,3000.0,3000.0,3000.0,3000.0,3000.0,3000.0,3000.0,3000.0,3000.0,3000.0,3000.0,3000.0,3000.0,3000.0,3000.0,3000.0,3000.0,3000.0,3000.0,3000.0,3000.0,3000.0,3000.0,3000.0,3000.0,3000.0,3000.0,3000.0,3000.0,3000.0,3000.0,3000.0,3000.0,3000.0,3000.0,3000.0,3000.0,3000.0,3000.0,3000.0,3000.0,3000.0,3000.0,3000.0,3000.0,3000.0,3000.0,3000.0,3000.0,3000.0,3000.0,3000.0,3000.0,3000.0,3000.0,3000.0,3000.0,3000.0,3000.0,3000.0,3000.0,3000.0,3000.0,3000.0,3000.0,3000.0,3000.0,3000.0,3000.0,3000.0,3000.0
67,3000.0,3000.0,3000.0,3000.0,3000.0,3000.0,3000.0,3000.0,3000.0,3000.0,3000.0,3000.0,3000.0,3000.0,3000.0,3000.0,3000.0,3000.0,3000.0,3000.0,3000.0,3000.0,3000.0,3000.0,3000.0,3000.0,3000.0,3000.0,3000.0,3000.0,3000.0,3000.0,3000.0,3000.0,3000.0,3000.0,3000.0,3000.0,3000.0,3000.0,3000.0,3000.0,3000.0,3000.0,3000.0,3000.0,3000.0,3000.0,3000.0,3000.0,3000.0,3000.0,3000.0,3000.0,3000.0,3000.0,3000.0,3000.0,3000.0,3000.0,3000.0,3000.0,3000.0,3000.0,3000.0,3000.0,3000.0,3000.0,3000.0,3000.0,3000.0,3000.0,3000.0,3000.0,3000.0,3000.0,3000.0,3000.0,3000.0,3000.0,3000.0,3000.0,3000.0,3000.0,3000.0,3000.0,3000.0,3000.0,3000.0,3000.0,3000.0,3000.0,3000.0,3000.0,3000.0,3000.0
133,3000.0,3000.0,3000.0,3000.0,3000.0,3000.0,3000.0,3000.0,3000.0,3000.0,3000.0,3000.0,3000.0,3000.0,3000.0,3000.0,3000.0,3000.0,3000.0,3000.0,3000.0,3000.0,3000.0,3000.0,3000.0,3000.0,3000.0,3000.0,3000.0,3000.0,3000.0,3000.0,3000.0,3000.0,3000.0,3000.0,3000.0,3000.0,3000.0,3000.0,3000.0,3000.0,3000.0,3000.0,3000.0,3000.0,3000.0,3000.0,3000.0,3000.0,3000.0,3000.0,3000.0,3000.0,3000.0,3000.0,3000.0,3000.0,3000.0,3000.0,3000.0,3000.0,3000.0,3000.0,3000.0,3000.0,3000.0,3000.0,3000.0,3000.0,3000.0,3000.0,3000.0,3000.0,3000.0,3000.0,3000.0,3000.0,3000.0,3000.0,3000.0,3000.0,3000.0,3000.0,3000.0,3000.0,3000.0,3000.0,3000.0,3000.0,3000.0,3000.0,3000.0,3000.0,3000.0,3000.0
200,3000.0,3000.0,3000.0,3000.0,3000.0,3000.0,3000.0,3000.0,3000.0,3000.0,3000.0,3000.0,3000.0,3000.0,3000.0,3000.0,3000.0,3000.0,3000.0,3000.0,3000.0,3000.0,3000.0,3000.0,3000.0,3000.0,3000.0,3000.0,3000.0,3000.0,3000.0,3000.0,3000.0,3000.0,3000.0,3000.0,3000.0,3000.0,3000.0,3000.0,3000.0,3000.0,3000.0,3000.0,3000.0,3000.0,3000.0,3000.0,3000.0,3000.0,3000.0,3000.0,3000.0,3000.0,3000.0,3000.0,3000.0,3000.0,3000.0,3000.0,3000.0,3000.0,3000.0,3000.0,3000.0,3000.0,3000.0,3000.0,3000.0,3000.0,3000.0,3000.0,3000.0,3000.0,3000.0,3000.0,3000.0,3000.0,3000.0,3000.0,3000.0,3000.0,3000.0,3000.0,3000.0,3000.0,3000.0,3000.0,3000.0,3000.0,3000.0,3000.0,3000.0,3000.0,3000.0,3000.0
267,3000.0,3000.0,3000.0,3000.0,3000.0,3000.0,3000.0,3000.0,3000.0,3000.0,3000.0,3000.0,3000.0,3000.0,3000.0,3000.0,3000.0,3000.0,3000.0,3000.0,3000.0,3000.0,3000.0,3000.0,3000.0,3000.0,3000.0,3000.0,3000.0,3000.0,3000.0,3000.0,3000.0,3000.0,3000.0,3000.0,3000.0,3000.0,3000.0,3000.0,3000.0,3000.0,3000.0,3000.0,3000.0,3000.0,3000.0,3000.0,3000.0,3000.0,3000.0,3000.0,3000.0,3000.0,3000.0,3000.0,3000.0,3000.0,3000.0,3000.0,3000.0,3000.0,3000.0,3000.0,3000.0,3000.0,3000.0,3000.0,3000.0,3000.0,3000.0,3000.0,3000.0,3000.0,3000.0,3000.0,3000.0,3000.0,3000.0,3000.0,3000.0,3000.0,3000.0,3000.0,3000.0,3000.0,3000.0,3000.0,3000.0,3000.0,3000.0,3000.0,3000.0,3000.0,3000.0,3000.0
333,3000.0,3000.0,3000.0,3000.0,3000.0,3000.0,3000.0,3000.0,3000.0,3000.0,3000.0,3000.0,3000.0,3000.0,3000.0,3000.0,3000.0,3000.0,3000.0,3000.0,3000.0,3000.0,3000.0,3000.0,3000.0,3000.0,3000.0,3000.0,3000.0,3000.0,3000.0,3000.0,3000.0,3000.0,3000.0,3000.0,3000.0,3000.0,3000.0,3000.0,3000.0,3000.0,3000.0,3000.0,3000.0,3000.0,3000.0,3000.0,3000.0,3000.0,3000.0,3000.0,3000.0,3000.0,3000.0,3000.0,3000.0,3000.0,3000.0,3000.0,3000.0,3000.0,3000.0,3000.0,3000.0,3000.0,3000.0,3000.0,3000.0,3000.0,3000.0,3000.0,3000.0,3000.0,3000.0,3000.0,3000.0,3000.0,3000.0,3000.0,3000.0,3000.0,3000.0,3000.0,3000.0,3000.0,3000.0,3000.0,3000.0,3000.0,3000.0,3000.0,3000.0,3000.0,3000.0,3000.0
400,3000.0,3000.0,3000.0,3000.0,3000.0,3000.0,3000.0,3000.0,3000.0,3000.0,3000.0,3000.0,3000.0,3000.0,3000.0,3000.0,3000.0,3000.0,3000.0,3000.0,3000.0,3000.0,3000.0,3000.0,3000.0,3000.0,3000.0,3000.0,3000.0,3000.0,3000.0,3000.0,3000.0,3000.0,3000.0,3000.0,3000.0,3000.0,3000.0,3000.0,3000.0,3000.0,3000.0,3000.0,3000.0,3000.0,3000.0,3000.0,3000.0,3000.0,3000.0,3000.0,3000.0,3000.0,3000.0,3000.0,3000.0,3000.0,3000.0,3000.0,3000.0,3000.0,3000.0,3000.0,3000.0,3000.0,3000.0,3000.0,3000.0,3000.0,3000.0,3000.0,3000.0,3000.0,3000.0,3000.0,3000.0,3000.0,3000.0,3000.0,3000.0,3000.0,3000.0,3000.0,3000.0,3000.0,3000.0,3000.0,3000.0,3000.0,3000.0,3000.0,3000.0,3000.0,3000.0,3000.0
467,3000.0,3000.0,3000.0,3000.0,3000.0,3000.0,3000.0,3000.0,3000.0,3000.0,3000.0,3000.0,3000.0,3000.0,3000.0,3000.0,3000.0,3000.0,3000.0,3000.0,3000.0,3000.0,3000.0,3000.0,3000.0,3000.0,3000.0,3000.0,3000.0,3000.0,3000.0,3000.0,3000.0,3000.0,3000.0,3000.0,3000.0,3000.0,3000.0,3000.0,3000.0,3000.0,3000.0,3000.0,3000.0,3000.0,3000.0,3000.0,3000.0,3000.0,3000.0,3000.0,3000.0,3000.0,3000.0,3000.0,3000.0,3000.0,3000.0,3000.0,3000.0,3000.0,3000.0,3000.0,3000.0,3000.0,3000.0,3000.0,3000.0,3000.0,3000.0,3000.0,3000.0,3000.0,3000.0,3000.0,3000.0,3000.0,3000.0,3000.0,3000.0,3000.0,3000.0,3000.0,3000.0,3000.0,3000.0,3000.0,3000.0,3000.0,3000.0,3000.0,3000.0,3000.0,3000.0,3000.0
533,3000.0,3000.0,3000.0,3000.0,3000.0,3000.0,3000.0,3000.0,3000.0,3000.0,3000.0,3000.0,3000.0,3000.0,3000.0,3000.0,3000.0,3000.0,3000.0,3000.0,3000.0,3000.0,3000.0,3000.0,3000.0,3000.0,3000.0,3000.0,3000.0,3000.0,3000.0,3000.0,3000.0,3000.0,3000.0,3000.0,3000.0,3000.0,3000.0,3000.0,3000.0,3000.0,3000.0,3000.0,3000.0,3000.0,3000.0,3000.0,3000.0,3000.0,3000.0,3000.0,3000.0,3000.0,3000.0,3000.0,3000.0,3000.0,3000.0,3000.0,3000.0,3000.0,3000.0,3000.0,3000.0,3000.0,3000.0,3000.0,3000.0,3000.0,3000.0,3000.0,3000.0,3000.0,3000.0,3000.0,3000.0,3000.0,3000.0,3000.0,3000.0,3000.0,3000.0,3000.0,3000.0,3000.0,3000.0,3000.0,3000.0,3000.0,3000.0,3000.0,3000.0,3000.0,3000.0,3000.0
600,3000.0,3000.0,3000.0,3000.0,3000.0,3000.0,3000.0,3000.0,3000.0,3000.0,3000.0,3000.0,3000.0,3000.0,3000.0,3000.0,3000.0,3000.0,3000.0,3000.0,3000.0,3000.0,3000.0,3000.0,3000.0,3000.0,3000.0,3000.0,3000.0,3000.0,3000.0,3000.0,3000.0,3000.0,3000.0,3000.0,3000.0,3000.0,3000.0,3000.0,3000.0,3000.0,3000.0,3000.0,3000.0,3000.0,3000.0,3000.0,3000.0,3000.0,3000.0,3000.0,3000.0,3000.0,3000.0,3000.0,3000.0,3000.0,3000.0,3000.0,3000.0,3000.0,3000.0,3000.0,3000.0,3000.0,3000.0,3000.0,3000.0,3000.0,3000.0,3000.0,3000.0,3000.0,3000.0,3000.0,3000.0,3000.0,3000.0,3000.0,3000.0,3000.0,3000.0,3000.0,3000.0,3000.0,3000.0,3000.0,3000.0,3000.0,3000.0,3000.0,3000.0,3000.0,3000.0,3000.0
667,3000.0,3000.0,3000.0,3000.0,3000.0,3000.0,3000.0,3000.0,3000.0,3000.0,3000.0,3000.0,3000.0,3000.0,3000.0,3000.0,3000.0,3000.0,3000.0,3000.0,3000.0,3000.0,3000.0,3000.0,3000.0,3000.0,3000.0,3000.0,3000.0,3000.0,3000.0,3000.0,3000.0,3000.0,3000.0,3000.0,3000.0,3000.0,3000.0,3000.0,3000.0,3000.0,3000.0,3000.0,3000.0,3000.0,3000.0,3000.0,3000.0,3000.0,3000.0,3000.0,3000.0,3000.0,3000.0,3000.0,3000.0,3000.0,3000.0,3000.0,3000.0,3000.0,3000.0,3000.0,3000.0,3000.0,3000.0,3000.0,3000.0,3000.0,3000.0,3000.0,3000.0,3000.0,3000.0,3000.0,3000.0,3000.0,3000.0,3000.0,3000.0,3000.0,3000.0,3000.0,3000.0,3000.0,3000.0,3000.0,3000.0,3000.0,3000.0,3000.0,3000.0,3000.0,3000.0,3000.0
733,3000.0,3000.0,3000.0,3000.0,3000.0,3000.0,3000.0,3000.0,3000.0,3000.0,3000.0,3000.0,3000.0,3000.0,3000.0,3000.0,3000.0,3000.0,3000.0,3000.0,3000.0,3000.0,3000.0,3000.0,3000.0,3000.0,3000.0,3000.0,3000.0,3000.0,3000.0,3000.0,3000.0,3000.0,3000.0,3000.0,3000.0,3000.0,3000.0,3000.0,3000.0,3000.0,3000.0,3000.0,3000.0,3000.0,3000.0,3000.0,3000.0,3000.0,3000.0,3000.0,3000.0,3000.0,3000.0,3000.0,3000.0,3000.0,3000.0,3000.0,3000.0,3000.0,3000.0,3000.0,3000.0,3000.0,3000.0,3000.0,3000.0,3000.0,3000.0,3000.0,3000.0,3000.0,3000.0,3000.0,3000.0,3000.0,3000.0,3000.0,3000.0,3000.0,3000.0,3000.0,3000.0,3000.0,3000.0,3000.0,3000.0,3000.0,3000.0,3000.0,3000.0,3000.0,3000.0,3000.0
800,3000.0,3000.0,3000.0,3000.0,3000.0,3000.0,3000.0,3000.0,3000.0,3000.0,3000.0,3000.0,3000.0,3000.0,3000.0,3000.0,3000.0,3000.0,3000.0,3000.0,3000.0,3000.0,3000.0,3000.0,3000.0,3000.0,3000.0,3000.0,3000.0,3000.0,3000.0,3000.0,3000.0,3000.0,3000.0,3000.0,3000.0,3000.0,3000.0,3000.0,3000.0,3000.0,3000.0,3000.0,3000.0,3000.0,3000.0,3000.0,3000.0,3000.0,3000.0,3000.0,3000.0,3000.0,3000.0,3000.0,3000.0,3000.0,3000.0,3000.0,3000.0,3000.0,3000.0,3000.0,3000.0,3000.0,3000.0,3000.0,3000.0,3000.0,3000.0,3000.0,3000.0,3000.0,3000.0,3000.0,3000.0,3000.0,3000.0,3000.0,3000.0,3000.0,3000.0,3000.0,3000.0,3000.0,3000.0,3000.0,3000.0,3000.0,3000.0,3000.0,3000.0,3000.0,3000.0,3000.0
867,3000.0,3000.0,3000.0,3000.0,3000.0,3000.0,3000.0,3000.0,3000.0,3000.0,3000.0,3000.0,3000.0,3000.0,3000.0,3000.0,3000.0,3000.0,3000.0,3000.0,3000.0,3000.0,3000.0,3000.0,3000.0,3000.0,3000.0,3000.0,3000.0,3000.0,3000.0,3000.0,3000.0,3000.0,3000.0,3000.0,3000.0,3000.0,3000.0,3000.0,3000.0,3000.0,3000.0,3000.0,3000.0,3000.0,3000.0,3000.0,3000.0,3000.0,3000.0,3000.0,3000.0,3000.0,3000.0,3000.0,3000.0,3000.0,3000.0,3000.0,3000.0,3000.0,3000.0,3000.0,3000.0,3000.0,3000.0,3000.0,3000.0,3000.0,3000.0,3000.0,3000.0,3000.0,3000.0,3000.0,3000.0,3000.0,3000.0,3000.0,3000.0,3000.0,3000.0,3000.0,3000.0,3000.0,3000.0,3000.0,3000.0,3000.0,3000.0,3000.0,3000.0,3000.0,3000.0,3000.0
933,3000.0,3000.0,3000.0,3000.0,3000.0,3000.0,3000.0,3000.0,3000.0,3000.0,3000.0,3000.0,3000.0,3000.0,3000.0,3000.0,3000.0,3000.0,3000.0,3000.0,3000.0,3000.0,3000.0,3000.0,3000.0,3000.0,3000.0,3000.0,3000.0,3000.0,3000.0,3000.0,3000.0,3000.0,3000.0,3000.0,3000.0,3000.0,3000.0,3000.0,3000.0,3000.0,3000.0,3000.0,3000.0,3000.0,3000.0,3000.0,3000.0,3000.0,3000.0,3000.0,3000.0,3000.0,3000.0,3000.0,3000.0,3000.0,3000.0,3000.0,3000.0,3000.0,3000.0,3000.0,3000.0,3000.0,3000.0,3000.0,3000.0,3000.0,3000.0,3000.0,3000.0,3000.0,3000.0,3000.0,3000.0,3000.0,3000.0,3000.0,3000.0,3000.0,3000.0,3000.0,3000.0,3000.0,3000.0,3000.0,3000.0,3000.0,3000.0,3000.0,3000.0,3000.0,3000.0,3000.0
1000,3000.0,3000.0,3000.0,3000.0,3000.0,3000.0,3000.0,3000.0,3000.0,3000.0,3000.0,3000.0,3000.0,3000.0,3000.0,3000.0,3000.0,3000.0,3000.0,3000.0,3000.0,3000.0,3000.0,3000.0,3000.0,3000.0,3000.0,3000.0,3000.0,3000.0,3000.0,3000.0,3000.0,3000.0,3000.0,3000.0,3000.0,3000.0,3000.0,3000.0,3000.0,3000.0,3000.0,3000.0,3000.0,3000.0,3000.0,3000.0,3000.0,3000.0,3000.0,3000.0,3000.0,3000.0,3000.0,3000.0,3000.0,3000.0,3000.0,3000.0,3000.0,3000.0,3000.0,3000.0,3000.0,3000.0,3000.0,3000.0,3000.0,3000.0,3000.0,3000.0,3000.0,3000.0,3000.0,3000.0,3000.0,3000.0,3000.0,3000.0,3000.0,3000.0,3000.0,3000.0,3000.0,3000.0,3000.0,3000.0,3000.0,3000.0,3000.0,3000.0,3000.0,3000.0,3000.0,3000.0
1067,3000.0,3000.0,3000.0,3000.0,3000.0,3000.0,3000.0,3000.0,3000.0,3000.0,3000.0,3000.0,3000.0,3000.0,3000.0,3000.0,3000.0,3000.0,3000.0,3000.0,3000.0,3000.0,3000.0,3000.0,3000.0,3000.0,3000.0,3000.0,3000.0,3000.0,3000.0,3000.0,3000.0,3000.0,3000.0,3000.0,3000.0,3000.0,3000.0,3000.0,3000.0,3000.0,3000.0,3000.0,3000.0,3000.0,3000.0,3000.0,3000.0,3000.0,3000.0,3000.0,3000.0,3000.0,3000.0,3000.0,3000.0,3000.0,3000.0,3000.0,3000.0,3000.0,3000.0,3000.0,3000.0,3000.0,3000.0,3000.0,3000.0,3000.0,3000.0,3000.0,3000.0,3000.0,3000.0,3000.0,3000.0,3000.0,3000.0,3000.0,3000.0,3000.0,3000.0,3000.0,3000.0,3000.0,3000.0,3000.0,3000.0,3000.0,3000.0,3000.0,3000.0,3000.0,3000.0,3000.0
1133,3000.0,3000.0,3000.0,3000.0,3000.0,3000.0,3000.0,3000.0,3000.0,3000.0,3000.0,3000.0,3000.0,3000.0,3000.0,3000.0,3000.0,3000.0,3000.0,3000.0,3000.0,3000.0,3000.0,3000.0,3000.0,3000.0,3000.0,3000.0,3000.0,3000.0,3000.0,3000.0,3000.0,3000.0,3000.0,3000.0,3000.0,3000.0,3000.0,3000.0,3000.0,3000.0,3000.0,3000.0,3000.0,3000.0,3000.0,3000.0,3000.0,3000.0,3000.0,3000.0,3000.0,3000.0,3000.0,3000.0,3000.0,3000.0,3000.0,3000.0,3000.0,3000.0,3000.0,3000.0,3000.0,3000.0,3000.0,3000.0,3000.0,3000.0,3000.0,3000.0,3000.0,3000.0,3000.0,3000.0,3000.0,3000.0,3000.0,3000.0,3000.0,3000.0,3000.0,3000.0,3000.0,3000.0,3000.0,3000.0,3000.0,3000.0,3000.0,3000.0,3000.0,3000.0,3000.0,3000.0
1200,3000.0,3000.0,3000.0,3000.0,3000.0,3000.0,3000.0,3000.0,3000.0,3000.0,3000.0,3000.0,3000.0,3000.0,3000.0,3000.0,3000.0,3000.0,3000.0,3000.0,3000.0,3000.0,3000.0,3000.0,3000.0,3000.0,3000.0,3000.0,3000.0,3000.0,3000.0,3000.0,3000.0,3000.0,3000.0,3000.0,3000.0,3000.0,3000.0,3000.0,3000.0,3000.0,3000.0,3000.0,3000.0,3000.0,3000.0,3000.0,3000.0,3000.0,3000.0,3000.0,3000.0,3000.0,3000.0,3000.0,3000.0,3000.0,3000.0,3000.0,3000.0,3000.0,3000.0,3000.0,3000.0,3000.0,3000.0,3000.0,3000.0,3000.0,3000.0,3000.0,3000.0,3000.0,3000.0,3000.0,3000.0,3000.0,3000.0,3000.0,3000.0,3000.0,3000.0,3000.0,3000.0,3000.0,3000.0,3000.0,3000.0,3000.0,3000.0,3000.0,3000.0,3000.0,3000.0,3000.0
1267,3000.0,3000.0,3000.0,3000.0,3000.0,3000.0,3000.0,3000.0,3000.0,3000.0,3000.0,3000.0,3000.0,3000.0,3000.0,3000.0,3000.0,3000.0,3000.0,3000.0,3000.0,3000.0,3000.0,3000.0,3000.0,3000.0,3000.0,3000.0,3000.0,3000.0,3000.0,3000.0,3000.0,3000.0,3000.0,3000.0,3000.0,3000.0,3000.0,3000.0,3000.0,3000.0,3000.0,3000.0,3000.0,3000.0,3000.0,3000.0,3000.0,3000.0,3000.0,3000.0,3000.0,3000.0,3000.0,3000.0,3000.0,3000.0,3000.0,3000.0,3000.0,3000.0,3000.0,3000.0,3000.0,3000.0,3000.0,3000.0,3000.0,3000.0,3000.0,3000.0,3000.0,3000.0,3000.0,3000.0,3000.0,3000.0,3000.0,3000.0,3000.0,3000.0,3000.0,3000.0,3000.0,3000.0,3000.0,3000.0,3000.0,3000.0,3000.0,3000.0,3000.0,3000.0,3000.0,3000.0
1333,3000.0,3000.0,3000.0,3000.0,3000.0,3000.0,3000.0,3000.0,3000.0,3000.0,3000.0,3000.0,3000.0,3000.0,3000.0,3000.0,3000.0,3000.0,3000.0,3000.0,3000.0,3000.0,3000.0,3000.0,3000.0,3000.0,3000.0,3000.0,3000.0,3000.0,3000.0,3000.0,3000.0,3000.0,3000.0,3000.0,3000.0,3000.0,3000.0,3000.0,3000.0,3000.0,3000.0,3000.0,3000.0,3000.0,3000.0,3000.0,3000.0,3000.0,3000.0,3000.0,3000.0,3000.0,3000.0,3000.0,3000.0,3000.0,3000.0,3000.0,3000.0,3000.0,3000.0,3000.0,3000.0,3000.0,3000.0,3000.0,3000.0,3000.0,3000.0,3000.0,3000.0,3000.0,3000.0,3000.0,3000.0,3000.0,3000.0,3000.0,3000.0,3000.0,3000.0,3000.0,3000.0,3000.0,3000.0,3000.0,3000.0,3000.0,3000.0,3000.0,3000.0,3000.0,3000.0,3000.0
1400,3000.0,3000.0,3000.0,3000.0,3000.0,3000.0,3000.0,3000.0,3000.0,3000.0,3000.0,3000.0,3000.0,3000.0,3000.0,3000.0,3000.0,3000.0,3000.0,3000.0,3000.0,3000.0,3000.0,3000.0,3000.0,3000.0,3000.0,3000.0,3000.0,3000.0,3000.0,3000.0,3000.0,3000.0,3000.0,3000.0,3000.0,3000.0,3000.0,3000.0,3000.0,3000.0,3000.0,3000.0,3000.0,3000.0,3000.0,3000.0,3000.0,3000.0,3000.0,3000.0,3000.0,3000.0,3000.0,3000.0,3000.0,3000.0,3000.0,3000.0,3000.0,3000.0,3000.0,3000.0,3000.0,3000.0,3000.0,3000.0,3000.0,3000.0,3000.0,3000.0,3000.0,3000.0,3000.0,3000.0,3000.0,3000.0,3000.0,3000.0,3000.0,3000.0,3000.0,3000.0,3000.0,3000.0,3000.0,3000.0,3000.0,3000.0,3000.0,3000.0,3000.0,3000.0,3000.0,3000.0
1467,3000.0,3000.0,3000.0,3000.0,3000.0,3000.0,3000.0,3000.0,3000.0,3000.0,3000.0,3000.0,3000.0,3000.0,3000.0,3000.0,3000.0,3000.0,3000.0,3000.0,3000.0,3000.0,3000.0,3000.0,3000.0,3000.0,3000.0,3000.0,3000.0,3000.0,3000.0,3000.0,3000.0,3000.0,3000.0,3000.0,3000.0,3000.0,3000.0,3000.0,3000.0,3000.0,3000.0,3000.0,3000.0,3000.0,3000.0,3000.0,3000.0,3000.0,3000.0,3000.0,3000.0,3000.0,3000.0,3000.0,3000.0,3000.0,3000.0,3000.0,3000.0,3000.0,3000.0,3000.0,3000.0,3000.0,3000.0,3000.0,3000.0,3000.0,3000.0,3000.0,3000.0,3000.0,3000.0,3000.0,3000.0,3000.0,3000.0,3000.0,3000.0,3000.0,3000.0,3000.0,3000.0,3000.0,3000.0,3000.0,3000.0,3000.0,3000.0,3000.0,3000.0,3000.0,3000.0,3000.0
1533,3000.0,3000.0,3000.0,3000.0,3000.0,3000.0,3000.0,3000.0,3000.0,3000.0,3000.0,3000.0,3000.0,3000.0,3000.0,3000.0,3000.0,3000.0,3000.0,3000.0,3000.0,3000.0,3000.0,3000.0,3000.0,3000.0,3000.0,3000.0,3000.0,3000.0,3000.0,3000.0,3000.0,3000.0,3000.0,3000.0,3000.0,3000.0,3000.0,3000.0,3000.0,3000.0,3000.0,3000.0,3000.0,3000.0,3000.0,3000.0,3000.0,3000.0,3000.0,3000.0,3000.0,3000.0,3000.0,3000.0,3000.0,3000.0,3000.0,3000.0,3000.0,3000.0,3000.0,3000.0,3000.0,3000.0,3000.0,3000.0,3000.0,3000.0,3000.0,3000.0,3000.0,3000.0,3000.0,3000.0,3000.0,3000.0,3000.0,3000.0,3000.0,3000.0,3000.0,3000.0,3000.0,3000.0,3000.0,3000.0,3000.0,3000.0,3000.0,3000.0,3000.0,3000.0,3000.0,3000.0
1600,3000.0,3000.0,3000.0,3000.0,3000.0,3000.0,3000.0,3000.0,3000.0,3000.0,3000.0,3000.0,3000.0,3000.0,3000.0,3000.0,3000.0,3000.0,3000.0,3000.0,3000.0,3000.0,3000.0,3000.0,3000.0,3000.0,3000.0,3000.0,3000.0,3000.0,3000.0,3000.0,3000.0,3000.0,3000.0,3000.0,3000.0,3000.0,3000.0,3000.0,3000.0,3000.0,3000.0,3000.0,3000.0,3000.0,3000.0,3000.0,3000.0,3000.0,3000.0,3000.0,3000.0,3000.0,3000.0,3000.0,3000.0,3000.0,3000.0,3000.0,3000.0,3000.0,3000.0,3000.0,3000.0,3000.0,3000.0,3000.0,3000.0,3000.0,3000.0,3000.0,3000.0,3000.0,3000.0,3000.0,3000.0,3000.0,3000.0,3000.0,3000.0,3000.0,3000.0,3000.0,3000.0,3000.0,3000.0,3000.0,3000.0,3000.0,3000.0,3000.0,3000.0,3000.0,3000.0,3000.0
1667,3000.0,3000.0,3000.0,3000.0,3000.0,3000.0,3000.0,3000.0,3000.0,3000.0,3000.0,3000.0,3000.0,3000.0,3000.0,3000.0,3000.0,3000.0,3000.0,3000.0,3000.0,3000.0,3000.0,3000.0,3000.0,3000.0,3000.0,3000.0,3000.0,3000.0,3000.0,3000.0,3000.0,3000.0,3000.0,3000.0,3000.0,3000.0,3000.0,3000.0,3000.0,3000.0,3000.0,3000.0,3000.0,3000.0,3000.0,3000.0,3000.0,3000.0,3000.0,3000.0,3000.0,3000.0,3000.0,3000.0,3000.0,3000.0,3000.0,3000.0,3000.0,3000.0,3000.0,3000.0,3000.0,3000.0,3000.0,3000.0,3000.0,3000.0,3000.0,3000.0,3000.0,3000.0,3000.0,3000.0,3000.0,3000.0,3000.0,3000.0,3000.0,3000.0,3000.0,3000.0,3000.0,3000.0,3000.0,3000.0,3000.0,3000.0,3000.0,3000.0,3000.0,3000.0,3000.0,3000.0
1733,3000.0,3000.0,3000.0,3000.0,3000.0,3000.0,3000.0,3000.0,3000.0,3000.0,3000.0,3000.0,3000.0,3000.0,3000.0,3000.0,3000.0,3000.0,3000.0,3000.0,3000.0,3000.0,3000.0,3000.0,3000.0,3000.0,3000.0,3000.0,3000.0,3000.0,3000.0,3000.0,3000.0,3000.0,3000.0,3000.0,3000.0,3000.0,3000.0,3000.0,3000.0,3000.0,3000.0,3000.0,3000.0,3000.0,3000.0,3000.0,3000.0,3000.0,3000.0,3000.0,3000.0,3000.0,3000.0,3000.0,3000.0,3000.0,3000.0,3000.0,3000.0,3000.0,3000.0,3000.0,3000.0,3000.0,3000.0,3000.0,3000.0,3000.0,3000.0,3000.0,3000.0,3000.0,3000.0,3000.0,3000.0,3000.0,3000.0,3000.0,3000.0,3000.0,3000.0,3000.0,3000.0,3000.0,3000.0,3000.0,3000.0,3000.0,3000.0,3000.0,3000.0,3000.0,3000.0,3000.0
1800,3000.0,3000.0,3000.0,3000.0,3000.0,3000.0,3000.0,3000.0,3000.0,3000.0,3000.0,3000.0,3000.0,3000.0,3000.0,3000.0,3000.0,3000.0,3000.0,3000.0,3000.0,3000.0,3000.0,3000.0,3000.0,3000.0,3000.0,3000.0,3000.0,3000.0,3000.0,3000.0,3000.0,3000.0,3000.0,3000.0,3000.0,3000.0,3000.0,3000.0,3000.0,3000.0,3000.0,3000.0,3000.0,3000.0,3000.0,3000.0,3000.0,3000.0,3000.0,3000.0,3000.0,3000.0,3000.0,3000.0,3000.0,3000.0,3000.0,3000.0,3000.0,3000.0,3000.0,3000.0,3000.0,3000.0,3000.0,3000.0,3000.0,3000.0,3000.0,3000.0,3000.0,3000.0,3000.0,3000.0,3000.0,3000.0,3000.0,3000.0,3000.0,3000.0,3000.0,3000.0,3000.0,3000.0,3000.0,3000.0,3000.0,3000.0,3000.0,3000.0,3000.0,3000.0,3000.0,3000.0
1867,3000.0,3000.0,3000.0,3000.0,3000.0,3000.0,3000.0,3000.0,3000.0,3000.0,3000.0,3000.0,3000.0,3000.0,3000.0,3000.0,3000.0,3000.0,3000.0,3000.0,3000.0,3000.0,3000.0,3000.0,3000.0,3000.0,3000.0,3000.0,3000.0,3000.0,3000.0,3000.0,3000.0,3000.0,3000.0,3000.0,3000.0,3000.0,3000.0,3000.0,3000.0,3000.0,3000.0,3000.0,3000.0,3000.0,3000.0,3000.0,3000.0,3000.0,3000.0,3000.0,3000.0,3000.0,3000.0,3000.0,3000.0,3000.0,3000.0,3000.0,3000.0,3000.0,3000.0,3000.0,3000.0,3000.0,3000.0,3000.0,3000.0,3000.0,3000.0,3000.0,3000.0,3000.0,3000.0,3000.0,3000.0,3000.0,3000.0,3000.0,3000.0,3000.0,3000.0,3000.0,3000.0,3000.0,3000.0,3000.0,3000.0,3000.0,3000.0,3000.0,3000.0,3000.0,3000.0,3000.0
1933,3000.0,3000.0,3000.0,3000.0,3000.0,3000.0,3000.0,3000.0,3000.0,3000.0,3000.0,3000.0,3000.0,3000.0,3000.0,3000.0,3000.0,3000.0,3000.0,3000.0,3000.0,3000.0,3000.0,3000.0,3000.0,3000.0,3000.0,3000.0,3000.0,3000.0,3000.0,3000.0,3000.0,3000.0,3000.0,3000.0,3000.0,3000.0,3000.0,3000.0,3000.0,3000.0,3000.0,3000.0,3000.0,3000.0,3000.0,3000.0,3000.0,3000.0,3000.0,3000.0,3000.0,3000.0,3000.0,3000.0,3000.0,3000.0,3000.0,3000.0,3000.0,3000.0,3000.0,3000.0,3000.0,3000.0,3000.0,3000.0,3000.0,3000.0,3000.0,3000.0,3000.0,3000.0,3000.0,3000.0,3000.0,3000.0,3000.0,3000.0,3000.0,3000.0,3000.0,3000.0,3000.0,3000.0,3000.0,3000.0,3000.0,3000.0,3000.0,3000.0,3000.0,3000.0,3000.0,3000.0
2000,3000.0,3000.0,3000.0,3000.0,3000.0,3000.0,3000.0,3000.0,3000.0,3000.0,3000.0,3000.0,3000.0,3000.0,3000.0,3000.0,3000.0,3000.0,3000.0,3000.0,3000.0,3000.0,3000.0,3000.0,3000.0,3000.0,3000.0,3000.0,3000.0,3000.0,3000.0,3000.0,3000.0,3000.0,3000.0,3000.0,3000.0,3000.0,3000.0,3000.0,3000.0,3000.0,3000.0,3000.0,3000.0,3000.0,3000.0,3000.0,3000.0,3000.0,3000.0,3000.0,3000.0,3000.0,3000.0,3000.0,3000.0,3000.0,3000.0,3000.0,3000.0,3000.0,3000.0,3000.0,3000.0,3000.0,3000.0,3000.0,3000.0,3000.0,3000.0,3000.0,3000.0,3000.0,3000.0,3000.0,3000.0,3000.0,3000.0,3000.0,3000.0,3000.0,3000.0,3000.0,3000.0,3000.0,3000.0,3000.0,3000.0,3000.0,3000.0,3000.0,3000.0,3000.0,3000.0,3000.0
2067,3000.0,3000.0,3000.0,3000.0,3000.0,3000.0,3000.0,3000.0,3000.0,3000.0,3000.0,3000.0,3000.0,3000.0,3000.0,3000.0,3000.0,3000.0,3000.0,3000.0,3000.0,3000.0,3000.0,3000.0,3000.0,3000.0,3000.0,3000.0,3000.0,3000.0,3000.0,3000.0,3000.0,3000.0,3000.0,3000.0,3000.0,3000.0,3000.0,3000.0,3000.0,3000.0,3000.0,3000.0,3000.0,3000.0,3000.0,3000.0,3000.0,3000.0,3000.0,3000.0,3000.0,3000.0,3000.0,3000.0,3000.0,3000.0,3000.0,3000.0,3000.0,3000.0,3000.0,3000.0,3000.0,3000.0,3000.0,3000.0,3000.0,3000.0,3000.0,3000.0,3000.0,3000.0,3000.0,3000.0,3000.0,3000.0,3000.0,3000.0,3000.0,3000.0,3000.0,3000.0,3000.0,3000.0,3000.0,3000.0,3000.0,3000.0,3000.0,3000.0,3000.0,3000.0,3000.0,3000.0
2133,3000.0,3000.0,3000.0,3000.0,3000.0,3000.0,3000.0,3000.0,3000.0,3000.0,3000.0,3000.0,3000.0,3000.0,3000.0,3000.0,3000.0,3000.0,3000.0,3000.0,3000.0,3000.0,3000.0,3000.0,3000.0,3000.0,3000.0,3000.0,3000.0,3000.0,3000.0,3000.0,3000.0,3000.0,3000.0,3000.0,3000.0,3000.0,3000.0,3000.0,3000.0,3000.0,3000.0,3000.0,3000.0,3000.0,3000.0,3000.0,3000.0,3000.0,3000.0,3000.0,3000.0,3000.0,3000.0,3000.0,3000.0,3000.0,3000.0,3000.0,3000.0,3000.0,3000.0,3000.0,3000.0,3000.0,3000.0,3000.0,3000.0,3000.0,3000.0,3000.0,3000.0,3000.0,3000.0,3000.0,3000.0,3000.0,3000.0,3000.0,3000.0,3000.0,3000.0,3000.0,3000.0,3000.0,3000.0,3000.0,3000.0,3000.0,3000.0,3000.0,3000.0,3000.0,3000.0,3000.0
2200,3000.0,3000.0,3000.0,3000.0,3000.0,3000.0,3000.0,3000.0,3000.0,3000.0,3000.0,3000.0,3000.0,3000.0,3000.0,3000.0,3000.0,3000.0,3000.0,3000.0,3000.0,3000.0,3000.0,3000.0,3000.0,3000.0,3000.0,3000.0,3000.0,3000.0,3000.0,3000.0,3000.0,3000.0,3000.0,3000.0,3000.0,3000.0,3000.0,3000.0,3000.0,3000.0,3000.0,3000.0,3000.0,3000.0,3000.0,3000.0,3000.0,3000.0,3000.0,3000.0,3000.0,3000.0,3000.0,3000.0,3000.0,3000.0,3000.0,3000.0,3000.0,3000.0,3000.0,3000.0,3000.0,3000.0,3000.0,3000.0,3000.0,3000.0,3000.0,3000.0,3000.0,3000.0,3000.0,3000.0,3000.0,3000.0,3000.0,3000.0,3000.0,3000.0,3000.0,3000.0,3000.0,3000.0,3000.0,3000.0,3000.0,3000.0,3000.0,3000.0,3000.0,3000.0,3000.0,3000.0
2267,3000.0,3000.0,3000.0,3000.0,3000.0,3000.0,3000.0,3000.0,3000.0,3000.0,3000.0,3000.0,3000.0,3000.0,3000.0,3000.0,3000.0,3000.0,3000.0,3000.0,3000.0,3000.0,3000.0,3000.0,3000.0,3000.0,3000.0,3000.0,3000.0,3000.0,3000.0,3000.0,3000.0,3000.0,3000.0,3000.0,3000.0,3000.0,3000.0,3000.0,3000.0,3000.0,3000.0,3000.0,3000.0,3000.0,3000.0,3000.0,3000.0,3000.0,3000.0,3000.0,3000.0,3000.0,3000.0,3000.0,3000.0,3000.0,3000.0,3000.0,3000.0,3000.0,3000.0,3000.0,3000.0,3000.0,3000.0,3000.0,3000.0,3000.0,3000.0,3000.0,3000.0,3000.0,3000.0,3000.0,3000.0,3000.0,3000.0,3000.0,3000.0,3000.0,3000.0,3000.0,3000.0,3000.0,3000.0,3000.0,3000.0,3000.0,3000.0,3000.0,3000.0,3000.0,3000.0,3000.0
2333,3000.0,3000.0,3000.0,3000.0,3000.0,3000.0,3000.0,3000.0,3000.0,3000.0,3000.0,3000.0,3000.0,3000.0,3000.0,3000.0,3000.0,3000.0,3000.0,3000.0,3000.0,3000.0,3000.0,3000.0,3000.0,3000.0,3000.0,3000.0,3000.0,3000.0,3000.0,3000.0,3000.0,3000.0,3000.0,3000.0,3000.0,3000.0,3000.0,3000.0,3000.0,3000.0,3000.0,3000.0,3000.0,3000.0,3000.0,3000.0,3000.0,3000.0,3000.0,3000.0,3000.0,3000.0,3000.0,3000.0,3000.0,3000.0,3000.0,3000.0,3000.0,3000.0,3000.0,3000.0,3000.0,3000.0,3000.0,3000.0,3000.0,3000.0,3000.0,3000.0,3000.0,3000.0,3000.0,3000.0,3000.0,3000.0,3000.0,3000.0,3000.0,3000.0,3000.0,3000.0,3000.0,3000.0,3000.0,3000.0,3000.0,3000.0,3000.0,3000.0,3000.0,3000.0,3000.0,3000.0
2400,3000.0,3000.0,3000.0,3000.0,3000.0,3000.0,3000.0,3000.0,3000.0,3000.0,3000.0,3000.0,3000.0,3000.0,3000.0,3000.0,3000.0,3000.0,3000.0,3000.0,3000.0,3000.0,3000.0,3000.0,3000.0,3000.0,3000.0,3000.0,3000.0,3000.0,3000.0,3000.0,3000.0,3000.0,3000.0,3000.0,3000.0,3000.0,3000.0,3000.0,3000.0,3000.0,3000.0,3000.0,3000.0,3000.0,3000.0,3000.0,3000.0,3000.0,3000.0,3000.0,3000.0,3000.0,3000.0,3000.0,3000.0,3000.0,3000.0,3000.0,3000.0,3000.0,3000.0,3000.0,3000.0,3000.0,3000.0,3000.0,3000.0,3000.0,3000.0,3000.0,3000.0,3000.0,3000.0,3000.0,3000.0,3000.0,3000.0,3000.0,3000.0,3000.0,3000.0,3000.0,3000.0,3000.0,3000.0,3000.0,3000.0,3000.0,3000.0,3000.0,3000.0,3000.0,3000.0,3000.0
2467,3000.0,3000.0,3000.0,3000.0,3000.0,3000.0,3000.0,3000.0,3000.0,3000.0,3000.0,3000.0,3000.0,3000.0,3000.0,3000.0,3000.0,3000.0,3000.0,3000.0,3000.0,3000.0,3000.0,3000.0,3000.0,3000.0,3000.0,3000.0,3000.0,3000.0,3000.0,3000.0,3000.0,3000.0,3000.0,3000.0,3000.0,3000.0,3000.0,3000.0,3000.0,3000.0,3000.0,3000.0,3000.0,3000.0,3000.0,3000.0,3000.0,3000.0,3000.0,3000.0,3000.0,3000.0,3000.0,3000.0,3000.0,3000.0,3000.0,3000.0,3000.0,3000.0,3000.0,3000.0,3000.0,3000.0,3000.0,3000.0,3000.0,3000.0,3000.0,3000.0,3000.0,3000.0,3000.0,3000.0,3000.0,3000.0,3000.0,3000.0,3000.0,3000.0,3000.0,3000.0,3000.0,3000.0,3000.0,3000.0,3000.0,3000.0,3000.0,3000.0,3000.0,3000.0,3000.0,3000.0
2533,3000.0,3000.0,3000.0,3000.0,3000.0,3000.0,3000.0,3000.0,3000.0,3000.0,3000.0,3000.0,3000.0,3000.0,3000.0,3000.0,3000.0,3000.0,3000.0,3000.0,3000.0,3000.0,3000.0,3000.0,3000.0,3000.0,3000.0,3000.0,3000.0,3000.0,3000.0,3000.0,3000.0,3000.0,3000.0,3000.0,3000.0,3000.0,3000.0,3000.0,3000.0,3000.0,3000.0,3000.0,3000.0,3000.0,3000.0,3000.0,3000.0,3000.0,3000.0,3000.0,3000.0,3000.0,3000.0,3000.0,3000.0,3000.0,3000.0,3000.0,3000.0,3000.0,3000.0,3000.0,3000.0,3000.0,3000.0,3000.0,3000.0,3000.0,3000.0,3000.0,3000.0,3000.0,3000.0,3000.0,3000.0,3000.0,3000.0,3000.0,3000.0,3000.0,3000.0,3000.0,3000.0,3000.0,3000.0,3000.0,3000.0,3000.0,3000.0,3000.0,3000.0,3000.0,3000.0,3000.0
2600,3000.0,3000.0,3000.0,3000.0,3000.0,3000.0,3000.0,3000.0,3000.0,3000.0,3000.0,3000.0,3000.0,3000.0,3000.0,3000.0,3000.0,3000.0,3000.0,3000.0,3000.0,3000.0,3000.0,3000.0,3000.0,3000.0,3000.0,3000.0,3000.0,3000.0,3000.0,3000.0,3000.0,3000.0,3000.0,3000.0,3000.0,3000.0,3000.0,3000.0,3000.0,3000.0,3000.0,3000.0,3000.0,3000.0,3000.0,3000.0,3000.0,3000.0,3000.0,3000.0,3000.0,3000.0,3000.0,3000.0,3000.0,3000.0,3000.0,3000.0,3000.0,3000.0,3000.0,3000.0,3000.0,3000.0,3000.0,3000.0,3000.0,3000.0,3000.0,3000.0,3000.0,3000.0,3000.0,3000.0,3000.0,3000.0,3000.0,3000.0,3000.0,3000.0,3000.0,3000.0,3000.0,3000.0,3000.0,3000.0,3000.0,3000.0,3000.0,3000.0,3000.0,3000.0,3000.0,3000.0
2667,3000.0,3000.0,3000.0,3000.0,3000.0,3000.0,3000.0,3000.0,3000.0,3000.0,3000.0,3000.0,3000.0,3000.0,3000.0,3000.0,3000.0,3000.0,3000.0,3000.0,3000.0,3000.0,3000.0,3000.0,3000.0,3000.0,3000.0,3000.0,3000.0,3000.0,3000.0,3000.0,3000.0,3000.0,3000.0,3000.0,3000.0,3000.0,3000.0,3000.0,3000.0,3000.0,3000.0,3000.0,3000.0,3000.0,3000.0,3000.0,3000.0,3000.0,3000.0,3000.0,3000.0,3000.0,3000.0,3000.0,3000.0,3000.0,3000.0,3000.0,3000.0,3000.0,3000.0,3000.0,3000.0,3000.0,3000.0,3000.0,3000.0,3000.0,3000.0,3000.0,3000.0,3000.0,3000.0,3000.0,3000.0,3000.0,3000.0,3000.0,3000.0,3000.0,3000.0,3000.0,3000.0,3000.0,3000.0,3000.0,3000.0,3000.0,3000.0,3000.0,3000.0,3000.0,3000.0,3000.0
2733,3000.0,3000.0,3000.0,3000.0,3000.0,3000.0,3000.0,3000.0,3000.0,3000.0,3000.0,3000.0,3000.0,3000.0,3000.0,3000.0,3000.0,3000.0,3000.0,3000.0,3000.0,3000.0,3000.0,3000.0,3000.0,3000.0,3000.0,3000.0,3000.0,3000.0,3000.0,3000.0,3000.0,3000.0,3000.0,3000.0,3000.0,3000.0,3000.0,3000.0,3000.0,3000.0,3000.0,3000.0,3000.0,3000.0,3000.0,3000.0,3000.0,3000.0,3000.0,3000.0,3000.0,3000.0,3000.0,3000.0,3000.0,3000.0,3000.0,3000.0,3000.0,3000.0,3000.0,3000.0,3000.0,3000.0,3000.0,3000.0,3000.0,3000.0,3000.0,3000.0,3000.0,3000.0,3000.0,3000.0,3000.0,3000.0,3000.0,3000.0,3000.0,3000.0,3000.0,3000.0,3000.0,3000.0,3000.0,3000.0,3000.0,3000.0,3000.0,3000.0,3000.0,3000.0,3000.0,3000.0
2800,3000.0,3000.0,3000.0,3000.0,3000.0,3000.0,3000.0,3000.0,3000.0,3000.0,3000.0,3000.0,3000.0,3000.0,3000.0,3000.0,3000.0,3000.0,3000.0,3000.0,3000.0,3000.0,3000.0,3000.0,3000.0,3000.0,3000.0,3000.0,3000.0,3000.0,3000.0,3000.0,3000.0,3000.0,3000.0,3000.0,3000.0,3000.0,3000.0,3000.0,3000.0,3000.0,3000.0,3000.0,3000.0,3000.0,3000.0,3000.0,3000.0,3000.0,3000.0,3000.0,3000.0,3000.0,3000.0,3000.0,3000.0,3000.0,3000.0,3000.0,3000.0,3000.0,3000.0,3000.0,3000.0,3000.0,3000.0,3000.0,3000.0,3000.0,3000.0,3000.0,3000.0,3000.0,3000.0,3000.0,3000.0,3000.0,3000.0,3000.0,3000.0,3000.0,3000.0,3000.0,3000.0,3000.0,3000.0,3000.0,3000.0,3000.0,3000.0,3000.0,3000.0,3000.0,3000.0,3000.0
2867,3000.0,3000.0,3000.0,3000.0,3000.0,3000.0,3000.0,3000.0,3000.0,3000.0,3000.0,3000.0,3000.0,3000.0,3000.0,3000.0,3000.0,3000.0,3000.0,3000.0,3000.0,3000.0,3000.0,3000.0,3000.0,3000.0,3000.0,3000.0,3000.0,3000.0,3000.0,3000.0,3000.0,3000.0,3000.0,3000.0,3000.0,3000.0,3000.0,3000.0,3000.0,3000.0,3000.0,3000.0,3000.0,3000.0,3000.0,3000.0,3000.0,3000.0,3000.0,3000.0,3000.0,3000.0,3000.0,3000.0,3000.0,3000.0,3000.0,3000.0,3000.0,3000.0,3000.0,3000.0,3000.0,3000.0,3000.0,3000.0,3000.0,3000.0,3000.0,3000.0,3000.0,3000.0,3000.0,3000.0,3000.0,3000.0,3000.0,3000.0,3000.0,3000.0,3000.0,3000.0,3000.0,3000.0,3000.0,3000.0,3000.0,3000.0,3000.0,3000.0,3000.0,3000.0,3000.0,3000.0
2933,3000.0,3000.0,3000.0,3000.0,3000.0,3000.0,3000.0,3000.0,3000.0,3000.0,3000.0,3000.0,3000.0,3000.0,3000.0,3000.0,3000.0,3000.0,3000.0,3000.0,3000.0,3000.0,3000.0,3000.0,3000.0,3000.0,3000.0,3000.0,3000.0,3000.0,3000.0,3000.0,3000.0,3000.0,3000.0,3000.0,3000.0,3000.0,3000.0,3000.0,3000.0,3000.0,3000.0,3000.0,3000.0,3000.0,3000.0,3000.0,3000.0,3000.0,3000.0,3000.0,3000.0,3000.0,3000.0,3000.0,3000.0,3000.0,3000.0,3000.0,3000.0,3000.0,3000.0,3000.0,3000.0,3000.0,3000.0,3000.0,3000.0,3000.0,3000.0,3000.0,3000.0,3000.0,3000.0,3000.0,3000.0,3000.0,3000.0,3000.0,3000.0,3000.0,3000.0,3000.0,3000.0,3000.0,3000.0,3000.0,3000.0,3000.0,3000.0,3000.0,3000.0,3000.0,3000.0,3000.0
3000,3000.0,3000.0,3000.0,3000.0,3000.0,3000.0,3000.0,3000.0,3000.0,3000.0,3000.0,3000.0,3000.0,3000.0,3000.0,3000.0,3000.0,3000.0,3000.0,3000.0,3000.0,3000.0,3000.0,3000.0,3000.0,3000.0,3000.0,3000.0,3000.0,3000.0,3000.0,3000.0,3000.0,3000.0,3000.0,3000.0,3000.0,3000.0,3000.0,3000.0,3000.0,3000.0,3000.0,3000.0,3000.0,3000.0,3000.0,3000.0,3000.0,3000.0,3000.0,3000.0,3000.0,3000.0,3000.0,3000.0,3000.0,3000.0,3000.0,3000.0,3000.0,3000.0,3000.0,3000.0,3000.0,3000.0,3000.0,3000.0,3000.0,3000.0,3000.0,3000.0,3000.0,3000.0,3000.0,3000.0,3000.0,3000.0,3000.0,3000.0,3000.0,3000.0,3000.0,3000.0,3000.0,3000.0,3000.0,3000.0,3000.0,3000.0,3000.0,3000.0,3000.0,3000.0,3000.0,3000.0
3067,3000.0,3000.0,3000.0,3000.0,3000.0,3000.0,3000.0,3000.0,3000.0,3000.0,3000.0,3000.0,3000.0,3000.0,3000.0,3000.0,3000.0,3000.0,3000.0,3000.0,3000.0,3000.0,3000.0,3000.0,3000.0,3000.0,3000.0,3000.0,3000.0,3000.0,3000.0,3000.0,3000.0,3000.0,3000.0,3000.0,3000.0,3000.0,3000.0,3000.0,3000.0,3000.0,3000.0,3000.0,3000.0,3000.0,3000.0,3000.0,3000.0,3000.0,3000.0,3000.0,3000.0,3000.0,3000.0,3000.0,3000.0,3000.0,3000.0,3000.0,3000.0,3000.0,3000.0,3000.0,3000.0,3000.0,3000.0,3000.0,3000.0,3000.0,3000.0,3000.0,3000.0,3000.0,3000.0,3000.0,3000.0,3000.0,3000.0,3000.0,3000.0,3000.0,3000.0,3000.0,3000.0,3000.0,3000.0,3000.0,3000.0,3000.0,3000.0,3000.0,3000.0,3000.0,3000.0,3000.0
3133,3000.0,3000.0,3000.0,3000.0,3000.0,3000.0,3000.0,3000.0,3000.0,3000.0,3000.0,3000.0,3000.0,3000.0,3000.0,3000.0,3000.0,3000.0,3000.0,3000.0,3000.0,3000.0,3000.0,3000.0,3000.0,3000.0,3000.0,3000.0,3000.0,3000.0,3000.0,3000.0,3000.0,3000.0,3000.0,3000.0,3000.0,3000.0,3000.0,3000.0,3000.0,3000.0,3000.0,3000.0,3000.0,3000.0,3000.0,3000.0,3000.0,3000.0,3000.0,3000.0,3000.0,3000.0,3000.0,3000.0,3000.0,3000.0,3000.0,3000.0,3000.0,3000.0,3000.0,3000.0,3000.0,3000.0,3000.0,3000.0,3000.0,3000.0,3000.0,3000.0,3000.0,3000.0,3000.0,3000.0,3000.0,3000.0,3000.0,3000.0,3000.0,3000.0,3000.0,3000.0,3000.0,3000.0,3000.0,3000.0,3000.0,3000.0,3000.0,3000.0,3000.0,3000.0,3000.0,3000.0
3200,3000.0,3000.0,3000.0,3000.0,3000.0,3000.0,3000.0,3000.0,3000.0,3000.0,3000.0,3000.0,3000.0,3000.0,3000.0,3000.0,3000.0,3000.0,3000.0,3000.0,3000.0,3000.0,3000.0,3000.0,3000.0,3000.0,3000.0,3000.0,3000.0,3000.0,3000.0,3000.0,3000.0,3000.0,3000.0,3000.0,3000.0,3000.0,3000.0,3000.0,3000.0,3000.0,3000.0,3000.0,3000.0,3000.0,3000.0,3000.0,3000.0,3000.0,3000.0,3000.0,3000.0,3000.0,3000.0,3000.0,3000.0,3000.0,3000.0,3000.0,3000.0,3000.0,3000.0,3000.0,3000.0,3000.0,3000.0,3000.0,3000.0,3000.0,3000.0,3000.0,3000.0,3000.0,3000.0,3000.0,3000.0,3000.0,3000.0,3000.0,3000.0,3000.0,3000.0,3000.0,3000.0,3000.0,3000.0,3000.0,3000.0,3000.0,3000.0,3000.0,3000.0,3000.0,3000.0,3000.0
3267,3000.0,3000.0,3000.0,3000.0,3000.0,3000.0,3000.0,3000.0,3000.0,3000.0,3000.0,3000.0,3000.0,3000.0,3000.0,3000.0,3000.0,3000.0,3000.0,3000.0,3000.0,3000.0,3000.0,3000.0,3000.0,3000.0,3000.0,3000.0,3000.0,3000.0,3000.0,3000.0,3000.0,3000.0,3000.0,3000.0,3000.0,3000.0,3000.0,3000.0,3000.0,3000.0,3000.0,3000.0,3000.0,3000.0,3000.0,3000.0,3000.0,3000.0,3000.0,3000.0,3000.0,3000.0,3000.0,3000.0,3000.0,3000.0,3000.0,3000.0,3000.0,3000.0,3000.0,3000.0,3000.0,3000.0,3000.0,3000.0,3000.0,3000.0,3000.0,3000.0,3000.0,3000.0,3000.0,3000.0,3000.0,3000.0,3000.0,3000.0,3000.0,3000.0,3000.0,3000.0,3000.0,3000.0,3000.0,3000.0,3000.0,3000.0,3000.0,3000.0,3000.0,3000.0,3000.0,3000.0
3333,3000.0,3000.0,3000.0,3000.0,3000.0,3000.0,3000.0,3000.0,3000.0,3000.0,3000.0,3000.0,3000.0,3000.0,3000.0,3000.0,3000.0,3000.0,3000.0,3000.0,3000.0,3000.0,3000.0,3000.0,3000.0,3000.0,3000.0,3000.0,3000.0,3000.0,3000.0,3000.0,3000.0,3000.0,3000.0,3000.0,3000.0,3000.0,3000.0,3000.0,3000.0,3000.0,3000.0,3000.0,3000.0,3000.0,3000.0,3000.0,3000.0,3000.0,3000.0,3000.0,3000.0,3000.0,3000.0,3000.0,3000.0,3000.0,3000.0,3000.0,3000.0,3000.0,3000.0,3000.0,3000.0,3000.0,3000.0,3000.0,3000.0,3000.0,3000.0,3000.0,3000.0,3000.0,3000.0,3000.0,3000.0,3000.0,3000.0,3000.0,3000.0,3000.0,3000.0,3000.0,3000.0,3000.0,3000.0,3000.0,3000.0,3000.0,3000.0,3000.0,3000.0,3000.0,3000.0,3000.0
3400,3000.0,3000.0,3000.0,3000.0,3000.0,3000.0,3000.0,3000.0,3000.0,3000.0,3000.0,3000.0,3000.0,3000.0,3000.0,3000.0,3000.0,3000.0,3000.0,3000.0,3000.0,3000.0,3000.0,3000.0,3000.0,3000.0,3000.0,3000.0,3000.0,3000.0,3000.0,3000.0,3000.0,3000.0,3000.0,3000.0,3000.0,3000.0,3000.0,3000.0,3000.0,3000.0,3000.0,3000.0,3000.0,3000.0,3000.0,3000.0,3000.0,3000.0,3000.0,3000.0,3000.0,3000.0,3000.0,3000.0,3000.0,3000.0,3000.0,3000.0,3000.0,3000.0,3000.0,3000.0,3000.0,3000.0,3000.0,3000.0,3000.0,3000.0,3000.0,3000.0,3000.0,3000.0,3000.0,3000.0,3000.0,3000.0,3000.0,3000.0,3000.0,3000.0,3000.0,3000.0,3000.0,3000.0,3000.0,3000.0,3000.0,3000.0,3000.0,3000.0,3000.0,3000.0,3000.0,3000.0
3467,3000.0,3000.0,3000.0,3000.0,3000.0,3000.0,3000.0,3000.0,3000.0,3000.0,3000.0,3000.0,3000.0,3000.0,3000.0,3000.0,3000.0,3000.0,3000.0,3000.0,3000.0,3000.0,3000.0,3000.0,3000.0,3000.0,3000.0,3000.0,3000.0,3000.0,3000.0,3000.0,3000.0,3000.0,3000.0,3000.0,3000.0,3000.0,3000.0,3000.0,3000.0,3000.0,3000.0,3000.0,3000.0,3000.0,3000.0,3000.0,3000.0,3000.0,3000.0,3000.0,3000.0,3000.0,3000.0,3000.0,3000.0,3000.0,3000.0,3000.0,3000.0,3000.0,3000.0,3000.0,3000.0,3000.0,3000.0,3000.0,3000.0,3000.0,3000.0,3000.0,3000.0,3000.0,3000.0,3000.0,3000.0,3000.0,3000.0,3000.0,3000.0,3000.0,3000.0,3000.0,3000.0,3000.0,3000.0,3000.0,3000.0,3000.0,3000.0,3000.0,3000.0,3000.0,3000.0,3000.0
3533,3000.0,3000.0,3000.0,3000.0,3000.0,3000.0,3000.0,3000.0,3000.0,3000.0,3000.0,3000.0,3000.0,3000.0,3000.0,3000.0,3000.0,3000.0,3000.0,3000.0,3000.0,3000.0,3000.0,3000.0,3000.0,3000.0,3000.0,3000.0,3000.0,3000.0,3000.0,3000.0,3000.0,3000.0,3000.0,3000.0,3000.0,3000.0,3000.0,3000.0,3000.0,3000.0,3000.0,3000.0,3000.0,3000.0,3000.0,3000.0,3000.0,3000.0,3000.0,3000.0,3000.0,3000.0,3000.0,3000.0,3000.0,3000.0,3000.0,3000.0,3000.0,3000.0,3000.0,3000.0,3000.0,3000.0,3000.0,3000.0,3000.0,3000.0,3000.0,3000.0,3000.0,3000.0,3000.0,3000.0,3000.0,3000.0,3000.0,3000.0,3000.0,3000.0,3000.0,3000.0,3000.0,3000.0,3000.0,3000.0,3000.0,3000.0,3000.0,3000.0,3000.0,3000.0,3000.0,3000.0
3600,3000.0,3000.0,3000.0,3000.0,3000.0,3000.0,3000.0,3000.0,3000.0,3000.0,3000.0,3000.0,3000.0,3000.0,3000.0,3000.0,3000.0,3000.0,3000.0,3000.0,3000.0,3000.0,3000.0,3000.0,3000.0,3000.0,3000.0,3000.0,3000.0,3000.0,3000.0,3000.0,3000.0,3000.0,3000.0,3000.0,3000.0,3000.0,3000.0,3000.0,3000.0,3000.0,3000.0,3000.0,3000.0,3000.0,3000.0,3000.0,3000.0,3000.0,3000.0,3000.0,3000.0,3000.0,3000.0,3000.0,3000.0,3000.0,3000.0,3000.0,3000.0,3000.0,3000.0,3000.0,3000.0,3000.0,3000.0,3000.0,3000.0,3000.0,3000.0,3000.0,3000.0,3000.0,3000.0,3000.0,3000.0,3000.0,3000.0,3000.0,3000.0,3000.0,3000.0,3000.0,3000.0,3000.0,3000.0,3000.0,3000.0,3000.0,3000.0,3000.0,3000.0,3000.0,3000.0,3000.0
3667,3000.0,3000.0,3000.0,3000.0,3000.0,3000.0,3000.0,3000.0,3000.0,3000.0,3000.0,3000.0,3000.0,3000.0,3000.0,3000.0,3000.0,3000.0,3000.0,3000.0,3000.0,3000.0,3000.0,3000.0,3000.0,3000.0,3000.0,3000.0,3000.0,3000.0,3000.0,3000.0,3000.0,3000.0,3000.0,3000.0,3000.0,3000.0,3000.0,3000.0,3000.0,3000.0,3000.0,3000.0,3000.0,3000.0,3000.0,3000.0,3000.0,3000.0,3000.0,3000.0,3000.0,3000.0,3000.0,3000.0,3000.0,3000.0,3000.0,3000.0,3000.0,3000.0,3000.0,3000.0,3000.0,3000.0,3000.0,3000.0,3000.0,3000.0,3000.0,3000.0,3000.0,3000.0,3000.0,3000.0,3000.0,3000.0,3000.0,3000.0,3000.0,3000.0,3000.0,3000.0,3000.0,3000.0,3000.0,3000.0,3000.0,3000.0,3000.0,3000.0,3000.0,3000.0,3000.0,3000.0
3733,3000.0,2319.907543997488,3000.0,3000.0,3000.0,2319.907543997488,3000.0,3000.0,3000.0,2319.907543997488,3000.0,3000.0,3000.0,2319.907543997488,3000.0,3000.0,3000.0,3000.0,2319.907543997488,3000.0,3000.0,3000.0,2319.907543997488,3000.0,3000.0,3000.0,2319.907543997488,3000.0,3000.0,3000.0,2319.907543997488,3000.0,3000.0,3000.0,3000.0,3000.0,3000.0,3000.0,3000.0,3000.0,3000.0,3000.0,3000.0,3000.0,3000.0,3000.0,3000.0,3000.0,3000.0,3000.0,3000.0,3000.0,3000.0,3000.0,3000.0,3000.0,3000.0,3000.0,3000.0,3000.0,3000.0,3000.0,3000.0,3000.0,3000.0,3000.0,3000.0,3000.0,3000.0,3000.0,3000.0,3000.0,3000.0,3000.0,3000.0,3000.0,3000.0,3000.0,3000.0,3000.0,3000.0,3000.0,3000.0,3000.0,3000.0,3000.0,3000.0,3000.0,3000.0,3000.0,3000.0,3000.0,3000.0,3000.0,3000.0,3000.0
3800,3000.0,2298.6239885479704,3000.0,3000.0,3000.0,2298.6239885479704,3000.0,3000.0,3000.0,2298.6239885479704,3000.0,3000.0,3000.0,2298.6239885479704,3000.0,3000.0,3000.0,3000.0,2298.6239885479704,3000.0,3000.0,3000.0,2298.6239885479704,3000.0,3000.0,3000.0,2298.6239885479704,3000.0,3000.0,3000.0,2298.6239885479704,3000.0,3000.0,3000.0,3000.0,3000.0,3000.0,3000.0,3000.0,3000.0,3000.0,3000.0,3000.0,3000.0,3000.0,3000.0,3000.0,3000.0,3000.0,3000.0,3000.0,3000.0,3000.0,3000.0,3000.0,3000.0,3000.0,3000.0,3000.0,3000.0,3000.0,3000.0,3000.0,3000.0,3000.0,3000.0,3000.0,3000.0,3000.0,3000.0,3000.0,3000.0,3000.0,3000.0,3000.0,3000.0,3000.0,3000.0,3000.0,3000.0,3000.0,3000.0,3000.0,3000.0,3000.0,3000.0,3000.0,3000.0,3000.0,3000.0,3000.0,3000.0,3000.0,3000.0,3000.0,3000.0
3867,3000.0,2277.340433098451,3000.0,3000.0,3000.0,2277.340433098451,3000.0,3000.0,3000.0,2277.340433098451,3000.0,3000.0,3000.0,2277.340433098451,3000.0,3000.0,3000.0,3000.0,2277.340433098451,3000.0,3000.0,3000.0,2277.340433098451,3000.0,3000.0,3000.0,2277.340433098451,3000.0,3000.0,3000.0,2277.340433098451,3000.0,3000.0,3000.0,3000.0,3000.0,3000.0,3000.0,3000.0,3000.0,3000.0,3000.0,3000.0,3000.0,3000.0,3000.0,3000.0,3000.0,3000.0,3000.0,3000.0,3000.0,3000.0,3000.0,3000.0,3000.0,3000.0,3000.0,3000.0,3000.0,3000.0,3000.0,3000.0,3000.0,3000.0,3000.0,3000.0,3000.0,3000.0,3000.0,3000.0,3000.0,3000.0,3000.0,3000.0,3000.0,3000.0,3000.0,3000.0,3000.0,3000.0,3000.0,3000.0,3000.0,3000.0,3000.0,3000.0,3000.0,3000.0,3000.0,3000.0,3000.0,3000.0,3000.0,3000.0,3000.0
3933,3000.0,2256.0568776489336,3000.0,3000.0,3000.0,2256.0568776489336,3000.0,3000.0,3000.0,2256.0568776489336,3000.0,3000.0,3000.0,2256.0568776489336,3000.0,3000.0,3000.0,3000.0,2256.0568776489336,3000.0,3000.0,3000.0,2256.0568776489336,3000.0,3000.0,3000.0,2256.0568776489336,3000.0,3000.0,3000.0,2256.0568776489336,3000.0,3000.0,3000.0,3000.0,3000.0,3000.0,3000.0,3000.0,3000.0,3000.0,3000.0,3000.0,3000.0,3000.0,3000.0,3000.0,3000.0,3000.0,3000.0,3000.0,3000.0,3000.0,3000.0,3000.0,3000.0,3000.0,3000.0,3000.0,3000.0,3000.0,3000.0,3000.0,3000.0,3000.0,3000.0,3000.0,3000.0,3000.0,3000.0,3000.0,3000.0,3000.0,3000.0,3000.0,3000.0,3000.0,3000.0,3000.0,3000.0,3000.0,3000.0,3000.0,3000.0,3000.0,3000.0,3000.0,3000.0,3000.0,3000.0,3000.0,3000.0,3000.0,3000.0,3000.0,3000.0
4000,3000.0,2234.773322199415,3000.0,3000.0,3000.0,2234.773322199415,3000.0,3000.0,3000.0,2234.773322199415,3000.0,3000.0,3000.0,2234.773322199415,3000.0,3000.0,3000.0,3000.0,2234.773322199415,3000.0,3000.0,3000.0,2234.773322199415,3000.0,3000.0,3000.0,2234.773322199415,3000.0,3000.0,3000.0,2234.773322199415,3000.0,3000.0,3000.0,3000.0,3000.0,3000.0,3000.0,3000.0,3000.0,3000.0,3000.0,3000.0,3000.0,3000.0,3000.0,3000.0,3000.0,3000.0,3000.0,3000.0,3000.0,3000.0,3000.0,3000.0,3000.0,3000.0,3000.0,3000.0,3000.0,3000.0,3000.0,3000.0,3000.0,3000.0,3000.0,3000.0,3000.0,3000.0,3000.0,3000.0,3000.0,3000.0,3000.0,3000.0,3000.0,3000.0,3000.0,3000.0,3000.0,3000.0,3000.0,3000.0,3000.0,3000.0,3000.0,3000.0,3000.0,3000.0,3000.0,3000.0,3000.0,3000.0,3000.0,3000.0,3000.0
4067,3000.0,3000.0,3000.0,3000.0,3000.0,3000.0,3000.0,3000.0,3000.0,3000.0,3000.0,3000.0,3000.0,3000.0,3000.0,3000.0,3000.0,3000.0,2203.186668884001,3000.0,3000.0,3000.0,2203.186668884001,3000.0,3000.0,3000.0,2203.186668884001,3000.0,3000.0,3000.0,2203.186668884001,3000.0,3000.0,3000.0,3000.0,3000.0,3000.0,3000.0,3000.0,3000.0,3000.0,3000.0,3000.0,3000.0,3000.0,3000.0,3000.0,3000.0,3000.0,3000.0,3000.0,3000.0,3000.0,3000.0,3000.0,3000.0,3000.0,3000.0,3000.0,3000.0,3000.0,3000.0,3000.0,3000.0,3000.0,3000.0,3000.0,3000.0,3000.0,3000.0,3000.0,3000.0,3000.0,3000.0,3000.0,3000.0,3000.0,3000.0,3000.0,3000.0,3000.0,3000.0,3000.0,3000.0,3000.0,3000.0,3000.0,3000.0,3000.0,3000.0,3000.0,3000.0,3000.0,3000.0,3000.0,3000.0
4133,3000.0,3000.0,3000.0,3000.0,3000.0,3000.0,3000.0,3000.0,3000.0,3000.0,3000.0,3000.0,3000.0,3000.0,3000.0,3000.0,3000.0,3000.0,2172.2889166935165,3000.0,3000.0,3000.0,2172.2889166935165,3000.0,3000.0,3000.0,2172.2889166935165,3000.0,3000.0,3000.0,2172.2889166935165,3000.0,3000.0,3000.0,3000.0,3000.0,3000.0,3000.0,3000.0,3000.0,3000.0,3000.0,3000.0,3000.0,3000.0,3000.0,3000.0,3000.0,3000.0,3000.0,3000.0,3000.0,3000.0,3000.0,3000.0,3000.0,3000.0,3000.0,3000.0,3000.0,3000.0,3000.0,3000.0,3000.0,3000.0,3000.0,3000.0,3000.0,3000.0,3000.0,3000.0,3000.0,3000.0,3000.0,3000.0,3000.0,3000.0,3000.0,3000.0,3000.0,3000.0,3000.0,3000.0,3000.0,3000.0,3000.0,3000.0,3000.0,3000.0,3000.0,3000.0,3000.0,3000.0,3000.0,3000.0,3000.0
4200,3000.0,3000.0,3000.0,3000.0,3000.0,3000.0,3000.0,3000.0,3000.0,3000.0,3000.0,3000.0,3000.0,3000.0,3000.0,3000.0,3000.0,3000.0,2142.0772307402704,3000.0,3000.0,3000.0,2142.0772307402704,3000.0,3000.0,3000.0,2142.0772307402704,3000.0,3000.0,3000.0,2142.0772307402704,3000.0,3000.0,3000.0,3000.0,3000.0,3000.0,3000.0,3000.0,3000.0,3000.0,3000.0,3000.0,3000.0,3000.0,3000.0,3000.0,3000.0,3000.0,3000.0,3000.0,3000.0,3000.0,3000.0,3000.0,3000.0,3000.0,3000.0,3000.0,3000.0,3000.0,3000.0,3000.0,3000.0,3000.0,3000.0,3000.0,3000.0,3000.0,3000.0,3000.0,3000.0,3000.0,3000.0,3000.0,3000.0,3000.0,3000.0,3000.0,3000.0,3000.0,3000.0,3000.0,3000.0,3000.0,3000.0,3000.0,3000.0,3000.0,3000.0,3000.0,3000.0,3000.0,3000.0,3000.0,3000.0
4267,3000.0,3000.0,3000.0,3000.0,3000.0,3000.0,3000.0,3000.0,3000.0,3000.0,3000.0,3000.0,3000.0,3000.0,3000.0,3000.0,3000.0,3000.0,2112.544195217719,3000.0,3000.0,3000.0,2112.544195217719,3000.0,3000.0,3000.0,2112.544195217719,3000.0,3000.0,3000.0,2112.544195217719,3000.0,3000.0,3000.0,3000.0,3000.0,3000.0,3000.0,3000.0,3000.0,3000.0,3000.0,3000.0,3000.0,3000.0,3000.0,3000.0,3000.0,3000.0,3000.0,3000.0,3000.0,3000.0,3000.0,3000.0,3000.0,3000.0,3000.0,3000.0,3000.0,3000.0,3000.0,3000.0,3000.0,3000.0,3000.0,3000.0,3000.0,3000.0,3000.0,3000.0,3000.0,3000.0,3000.0,3000.0,3000.0,3000.0,3000.0,3000.0,3000.0,3000.0,3000.0,3000.0,3000.0,3000.0,3000.0,3000.0,3000.0,3000.0,3000.0,3000.0,3000.0,3000.0,3000.0,3000.0,3000.0
4333,3000.0,3000.0,3000.0,3000.0,3000.0,3000.0,3000.0,3000.0,3000.0,3000.0,3000.0,3000.0,3000.0,3000.0,3000.0,3000.0,3000.0,3000.0,2083.678244314101,3000.0,3000.0,3000.0,2083.678244314101,3000.0,3000.0,3000.0,2083.678244314101,3000.0,3000.0,3000.0,2083.678244314101,3000.0,3000.0,3000.0,3000.0,3000.0,3000.0,3000.0,3000.0,3000.0,3000.0,3000.0,3000.0,3000.0,3000.0,3000.0,3000.0,3000.0,3000.0,3000.0,3000.0,3000.0,3000.0,3000.0,3000.0,3000.0,3000.0,3000.0,3000.0,3000.0,3000.0,3000.0,3000.0,3000.0,3000.0,3000.0,3000.0,3000.0,3000.0,3000.0,3000.0,3000.0,3000.0,3000.0,3000.0,3000.0,3000.0,3000.0,3000.0,3000.0,3000.0,3000.0,3000.0,3000.0,3000.0,3000.0,3000.0,3000.0,3000.0,3000.0,3000.0,3000.0,3000.0,3000.0,3000.0,3000.0
4400,3000.0,3000.0,3000.0,3000.0,3000.0,3000.0,3000.0,3000.0,3000.0,3000.0,3000.0,3000.0,3000.0,3000.0,3000.0,3000.0,3000.0,3000.0,2055.4640950629755,3000.0,3000.0,3000.0,2055.4640950629755,3000.0,3000.0,3000.0,2055.4640950629755,3000.0,3000.0,3000.0,2055.4640950629755,3000.0,3000.0,3000.0,3000.0,3000.0,3000.0,3000.0,3000.0,3000.0,3000.0,3000.0,3000.0,3000.0,3000.0,3000.0,3000.0,3000.0,3000.0,3000.0,3000.0,3000.0,3000.0,3000.0,3000.0,3000.0,3000.0,3000.0,3000.0,3000.0,3000.0,3000.0,3000.0,3000.0,3000.0,3000.0,3000.0,3000.0,3000.0,3000.0,3000.0,3000.0,3000.0,3000.0,3000.0,3000.0,3000.0,3000.0,3000.0,3000.0,3000.0,3000.0,3000.0,3000.0,3000.0,3000.0,3000.0,3000.0,3000.0,3000.0,3000.0,3000.0,3000.0,3000.0,3000.0,3000.0
4467,3000.0,3000.0,3000.0,3000.0,3000.0,3000.0,3000.0,3000.0,3000.0,3000.0,3000.0,3000.0,3000.0,3000.0,3000.0,3000.0,3000.0,3000.0,2117.7176261649947,3000.0,3000.0,3000.0,2117.7176261649947,3000.0,3000.0,3000.0,2117.7176261649947,3000.0,3000.0,3000.0,2117.7176261649947,3000.0,3000.0,3000.0,3000.0,3000.0,3000.0,3000.0,3000.0,3000.0,3000.0,3000.0,3000.0,3000.0,3000.0,3000.0,3000.0,3000.0,3000.0,3000.0,3000.0,3000.0,3000.0,3000.0,3000.0,3000.0,3000.0,3000.0,3000.0,3000.0,3000.0,3000.0,3000.0,3000.0,3000.0,3000.0,3000.0,3000.0,3000.0,3000.0,3000.0,3000.0,3000.0,3000.0,3000.0,3000.0,3000.0,3000.0,3000.0,3000.0,3000.0,3000.0,3000.0,3000.0,3000.0,3000.0,3000.0,3000.0,3000.0,3000.0,3000.0,3000.0,3000.0,3000.0,3000.0,3000.0
4533,2337.77589267194,3000.0,3000.0,3000.0,2337.77589267194,3000.0,3000.0,3000.0,2337.77589267194,3000.0,3000.0,3000.0,2337.77589267194,3000.0,3000.0,3000.0,3000.0,3000.0,2297.9678522276467,2337.77589267194,3000.0,3000.0,2297.9678522276467,2337.77589267194,3000.0,3000.0,2297.9678522276467,2337.77589267194,3000.0,3000.0,2297.9678522276467,2337.77589267194,3000.0,3000.0,3000.0,3000.0,3000.0,3000.0,3000.0,3000.0,3000.0,3000.0,3000.0,3000.0,3000.0,3000.0,3000.0,3000.0,3000.0,3000.0,3000.0,3000.0,3000.0,3000.0,3000.0,3000.0,3000.0,3000.0,3000.0,3000.0,3000.0,3000.0,3000.0,3000.0,3000.0,3000.0,3000.0,3000.0,3000.0,3000.0,3000.0,3000.0,3000.0,3000.0,3000.0,3000.0,3000.0,3000.0,3000.0,3000.0,3000.0,3000.0,3000.0,3000.0,3000.0,3000.0,3000.0,3000.0,3000.0,3000.0,3000.0,3000.0,3000.0,3000.0,3000.0,3000.0
4600,1932.43316735835,3000.0,3000.0,3000.0,1932.43316735835,3000.0,3000.0,3000.0,1932.43316735835,3000.0,3000.0,3000.0,1932.43316735835,3000.0,3000.0,3000.0,3000.0,3000.0,3000.0,1932.43316735835,3000.0,3000.0,3000.0,1932.43316735835,3000.0,3000.0,3000.0,1932.43316735835,3000.0,3000.0,3000.0,1932.43316735835,3000.0,3000.0,3000.0,3000.0,3000.0,3000.0,3000.0,3000.0,3000.0,3000.0,3000.0,3000.0,3000.0,3000.0,3000.0,3000.0,3000.0,3000.0,3000.0,3000.0,3000.0,3000.0,3000.0,3000.0,3000.0,3000.0,3000.0,3000.0,3000.0,3000.0,3000.0,3000.0,3000.0,3000.0,3000.0,3000.0,3000.0,3000.0,3000.0,3000.0,3000.0,3000.0,3000.0,3000.0,3000.0,3000.0,3000.0,3000.0,3000.0,3000.0,3000.0,3000.0,3000.0,3000.0,3000.0,3000.0,3000.0,3000.0,3000.0,3000.0,3000.0,3000.0,3000.0,3000.0
4667,1914.9410069726036,3000.0,3000.0,3000.0,1914.9410069726036,3000.0,3000.0,3000.0,1914.9410069726036,3000.0,3000.0,3000.0,1914.9410069726036,3000.0,3000.0,3000.0,3000.0,3000.0,3000.0,1914.9410069726036,3000.0,3000.0,3000.0,1914.9410069726036,3000.0,3000.0,3000.0,1914.9410069726036,3000.0,3000.0,3000.0,1914.9410069726036,3000.0,3000.0,3000.0,3000.0,3000.0,3000.0,3000.0,3000.0,3000.0,3000.0,3000.0,3000.0,3000.0,3000.0,3000.0,3000.0,3000.0,3000.0,3000.0,3000.0,3000.0,3000.0,3000.0,3000.0,3000.0,3000.0,3000.0,3000.0,3000.0,3000.0,3000.0,3000.0,3000.0,3000.0,3000.0,3000.0,3000.0,3000.0,3000.0,3000.0,3000.0,3000.0,3000.0,3000.0,3000.0,3000.0,3000.0,3000.0,3000.0,3000.0,3000.0,3000.0,3000.0,3000.0,3000.0,3000.0,3000.0,3000.0,3000.0,3000.0,3000.0,3000.0,3000.0,3000.0
4733,1897.5627544107592,3000.0,3000.0,3000.0,1897.5627544107592,3000.0,3000.0,3000.0,1897.5627544107592,3000.0,3000.0,3000.0,1897.5627544107592,3000.0,3000.0,3000.0,3000.0,3000.0,3000.0,1897.5627544107592,3000.0,3000.0,3000.0,1897.5627544107592,3000.0,3000.0,3000.0,1897.5627544107592,3000.0,3000.0,3000.0,1897.5627544107592,3000.0,3000.0,3000.0,3000.0,3000.0,3000.0,3000.0,3000.0,3000.0,3000.0,3000.0,3000.0,3000.0,3000.0,3000.0,3000.0,3000.0,3000.0,3000.0,3000.0,3000.0,3000.0,3000.0,3000.0,3000.0,3000.0,3000.0,3000.0,3000.0,3000.0,3000.0,3000.0,3000.0,3000.0,3000.0,3000.0,3000.0,3000.0,3000.0,3000.0,3000.0,3000.0,3000.0,3000.0,3000.0,3000.0,3000.0,3000.0,3000.0,3000.0,3000.0,3000.0,3000.0,3000.0,3000.0,3000.0,3000.0,3000.0,3000.0,3000.0,3000.0,3000.0,3000.0,3000.0
4800,1880.2639726982775,3000.0,3000.0,3000.0,1880.2639726982775,3000.0,3000.0,3000.0,1880.2639726982775,3000.0,3000.0,3000.0,1880.2639726982775,3000.0,3000.0,3000.0,3000.0,3000.0,3000.0,1880.2639726982775,3000.0,3000.0,3000.0,1880.2639726982775,3000.0,3000.0,3000.0,1880.2639726982775,3000.0,3000.0,3000.0,1880.2639726982775,3000.0,3000.0,3000.0,3000.0,3000.0,3000.0,3000.0,3000.0,3000.0,3000.0,3000.0,3000.0,3000.0,3000.0,3000.0,3000.0,3000.0,3000.0,3000.0,3000.0,3000.0,3000.0,3000.0,3000.0,3000.0,3000.0,3000.0,3000.0,3000.0,3000.0,3000.0,3000.0,3000.0,3000.0,3000.0,3000.0,3000.0,3000.0,3000.0,3000.0,3000.0,3000.0,3000.0,3000.0,3000.0,3000.0,3000.0,3000.0,3000.0,3000.0,3000.0,3000.0,3000.0,3000.0,3000.0,3000.0,3000.0,3000.0,3000.0,3000.0,3000.0,3000.0,3000.0,3000.0
4867,1863.009795058803,3000.0,3000.0,3000.0,1863.009795058803,3000.0,3000.0,3000.0,1863.009795058803,3000.0,3000.0,3000.0,1863.009795058803,3000.0,3000.0,3000.0,3000.0,3000.0,3000.0,1863.009795058803,3000.0,3000.0,3000.0,1863.009795058803,3000.0,3000.0,3000.0,1863.009795058803,3000.0,3000.0,3000.0,1863.009795058803,3000.0,3000.0,3000.0,3000.0,3000.0,3000.0,3000.0,3000.0,3000.0,3000.0,3000.0,3000.0,3000.0,3000.0,3000.0,3000.0,3000.0,3000.0,3000.0,3000.0,3000.0,3000.0,3000.0,3000.0,3000.0,3000.0,3000.0,3000.0,3000.0,3000.0,3000.0,3000.0,3000.0,3000.0,3000.0,3000.0,3000.0,3000.0,3000.0,3000.0,3000.0,3000.0,3000.0,3000.0,3000.0,3000.0,3000.0,3000.0,3000.0,3000.0,3000.0,3000.0,3000.0,3000.0,3000.0,3000.0,3000.0,3000.0,3000.0,3000.0,3000.0,3000.0,3000.0,3000.0
4933,1845.765305605135,3000.0,3000.0,3000.0,1845.765305605135,3000.0,3000.0,3000.0,1845.765305605135,3000.0,3000.0,3000.0,1845.765305605135,3000.0,3000.0,3000.0,3000.0,3000.0,3000.0,1845.765305605135,3000.0,3000.0,3000.0,1845.765305605135,3000.0,3000.0,3000.0,1845.765305605135,3000.0,3000.0,3000.0,1845.765305605135,3000.0,3000.0,3000.0,3000.0,3000.0,3000.0,3000.0,3000.0,3000.0,3000.0,3000.0,3000.0,3000.0,3000.0,3000.0,3000.0,3000.0,3000.0,3000.0,3000.0,3000.0,3000.0,3000.0,3000.0,3000.0,3000.0,3000.0,3000.0,3000.0,3000.0,3000.0,3000.0,3000.0,3000.0,3000.0,3000.0,3000.0,3000.0,3000.0,3000.0,3000.0,3000.0,3000.0,3000.0,3000.0,3000.0,3000.0,3000.0,3000.0,3000.0,3000.0,3000.0,3000.0,3000.0,3000.0,3000.0,3000.0,3000.0,3000.0,3000.0,3000.0,3000.0,3000.0,3000.0
5000,1828.4959245906145,3000.0,3000.0,3000.0,1828.4959245906145,3000.0,3000.0,3000.0,1828.4959245906145,3000.0,3000.0,3000.0,1828.4959245906145,3000.0,3000.0,3000.0,3000.0,2075.77714920562,3000.0,1828.4959245906145,3000.0,2075.77714920562,3000.0,1828.4959245906145,3000.0,2075.77714920562,3000.0,1828.4959245906145,3000.0,2075.77714920562,3000.0,1828.4959245906145,3000.0,3000.0,3000.0,3000.0,3000.0,3000.0,3000.0,3000.0,3000.0,3000.0,3000.0,3000.0,3000.0,3000.0,3000.0,3000.0,3000.0,3000.0,3000.0,3000.0,3000.0,3000.0,3000.0,3000.0,3000.0,3000.0,3000.0,3000.0,3000.0,3000.0,3000.0,3000.0,3000.0,3000.0,3000.0,3000.0,3000.0,3000.0,3000.0,3000.0,3000.0,3000.0,3000.0,3000.0,3000.0,3000.0,3000.0,3000.0,3000.0,3000.0,3000.0,3000.0,3000.0,3000.0,3000.0,3000.0,3000.0,3000.0,3000.0,3000.0,3000.0,3000.0,3000.0,3000.0
5067,1811.167794463666,3000.0,3000.0,3000.0,1811.167794463666,3000.0,3000.0,3000.0,1811.167794463666,3000.0,3000.0,3000.0,1811.167794463666,3000.0,3000.0,3000.0,3000.0,2042.22801828693,3000.0,1811.167794463666,3000.0,2042.22801828693,3000.0,1811.167794463666,3000.0,2042.22801828693,3000.0,1811.167794463666,3000.0,2042.22801828693,3000.0,1811.167794463666,3000.0,3000.0,3000.0,3000.0,3000.0,3000.0,3000.0,3000.0,3000.0,3000.0,3000.0,3000.0,3000.0,3000.0,3000.0,3000.0,3000.0,3000.0,3000.0,3000.0,3000.0,3000.0,3000.0,3000.0,3000.0,3000.0,3000.0,3000.0,3000.0,3000.0,3000.0,3000.0,3000.0,3000.0,3000.0,3000.0,3000.0,3000.0,3000.0,3000.0,3000.0,3000.0,3000.0,3000.0,3000.0,3000.0,3000.0,3000.0,3000.0,3000.0,3000.0,3000.0,3000.0,3000.0,3000.0,3000.0,3000.0,3000.0,3000.0,3000.0,3000.0,3000.0,3000.0,3000.0
5133,1793.7481625048651,3000.0,3000.0,3000.0,1793.7481625048651,3000.0,3000.0,3000.0,1793.7481625048651,3000.0,3000.0,3000.0,1793.7481625048651,3000.0,3000.0,3000.0,3000.0,2009.7459281949762,3000.0,1793.7481625048651,3000.0,2009.7459281949762,3000.0,1793.7481625048651,3000.0,2009.7459281949762,3000.0,1793.7481625048651,3000.0,2009.7459281949762,3000.0,1793.7481625048651,3000.0,3000.0,3000.0,3000.0,3000.0,3000.0,3000.0,3000.0,3000.0,3000.0,3000.0,3000.0,3000.0,3000.0,3000.0,3000.0,3000.0,3000.0,3000.0,3000.0,3000.0,3000.0,3000.0,3000.0,3000.0,3000.0,3000.0,3000.0,3000.0,3000.0,3000.0,3000.0,3000.0,3000.0,3000.0,3000.0,3000.0,3000.0,3000.0,3000.0,3000.0,3000.0,3000.0,3000.0,3000.0,3000.0,3000.0,3000.0,3000.0,3000.0,3000.0,3000.0,3000.0,3000.0,3000.0,3000.0,3000.0,3000.0,3000.0,3000.0,3000.0,3000.0,3000.0,3000.0
5200,1776.2057553972493,3000.0,3000.0,3000.0,1776.2057553972493,3000.0,3000.0,3000.0,1776.2057553972493,3000.0,3000.0,3000.0,1776.2057553972493,3000.0,3000.0,3000.0,3000.0,1978.280855675125,3000.0,1776.2057553972493,3000.0,1978.280855675125,3000.0,1776.2057553972493,3000.0,1978.280855675125,3000.0,1776.2057553972493,3000.0,1978.280855675125,3000.0,1776.2057553972493,3000.0,3000.0,3000.0,3000.0,3000.0,3000.0,3000.0,3000.0,3000.0,3000.0,3000.0,3000.0,3000.0,3000.0,3000.0,3000.0,3000.0,3000.0,3000.0,3000.0,3000.0,3000.0,3000.0,3000.0,3000.0,3000.0,3000.0,3000.0,3000.0,3000.0,3000.0,3000.0,3000.0,3000.0,3000.0,3000.0,3000.0,3000.0,3000.0,3000.0,3000.0,3000.0,3000.0,3000.0,3000.0,3000.0,3000.0,3000.0,3000.0,3000.0,3000.0,3000.0,3000.0,3000.0,3000.0,3000.0,3000.0,3000.0,3000.0,3000.0,3000.0,3000.0,3000.0,3000.0
5267,1758.5111407146176,3000.0,3000.0,3000.0,1758.5111407146176,3000.0,3000.0,3000.0,1758.5111407146176,3000.0,3000.0,3000.0,1758.5111407146176,3000.0,3000.0,3000.0,3000.0,1947.7842720268507,3000.0,1758.5111407146176,3000.0,1947.7842720268507,3000.0,1758.5111407146176,3000.0,1947.7842720268507,3000.0,1758.5111407146176,3000.0,1947.7842720268507,3000.0,1758.5111407146176,3000.0,3000.0,3000.0,3000.0,3000.0,3000.0,3000.0,3000.0,3000.0,3000.0,3000.0,3000.0,3000.0,3000.0,3000.0,3000.0,3000.0,3000.0,3000.0,3000.0,3000.0,3000.0,3000.0,3000.0,3000.0,3000.0,3000.0,3000.0,3000.0,3000.0,3000.0,3000.0,3000.0,3000.0,3000.0,3000.0,3000.0,3000.0,3000.0,3000.0,3000.0,3000.0,3000.0,3000.0,3000.0,3000.0,3000.0,3000.0,3000.0,3000.0,3000.0,3000.0,3000.0,3000.0,3000.0,3000.0,3000.0,3000.0,3000.0,3000.0,3000.0,3000.0,3000.0,3000.0
5333,1740.6370700374998,3000.0,3000.0,3000.0,1740.6370700374998,3000.0,3000.0,3000.0,1740.6370700374998,3000.0,3000.0,3000.0,1740.6370700374998,3000.0,3000.0,3000.0,3000.0,1918.209360973115,3000.0,1740.6370700374998,3000.0,1918.209360973115,3000.0,1740.6370700374998,3000.0,1918.209360973115,3000.0,1740.6370700374998,3000.0,1918.209360973115,3000.0,1740.6370700374998,3000.0,3000.0,3000.0,3000.0,3000.0,3000.0,3000.0,3000.0,3000.0,3000.0,3000.0,3000.0,3000.0,3000.0,3000.0,3000.0,3000.0,3000.0,3000.0,3000.0,3000.0,3000.0,3000.0,3000.0,3000.0,3000.0,3000.0,3000.0,3000.0,3000.0,3000.0,3000.0,3000.0,3000.0,3000.0,3000.0,3000.0,3000.0,3000.0,3000.0,3000.0,3000.0,3000.0,3000.0,3000.0,3000.0,3000.0,3000.0,3000.0,3000.0,3000.0,3000.0,3000.0,3000.0,3000.0,3000.0,3000.0,3000.0,3000.0,3000.0,3000.0,3000.0,3000.0,3000.0
5400,1722.5587982490322,3000.0,3000.0,3000.0,1722.5587982490322,3000.0,3000.0,3000.0,1722.5587982490322,3000.0,3000.0,3000.0,1722.5587982490322,3000.0,3000.0,3000.0,3000.0,1889.5111995169736,3000.0,1722.5587982490322,3000.0,1889.5111995169736,3000.0,1722.5587982490322,3000.0,1889.5111995169736,3000.0,1722.5587982490322,3000.0,1889.5111995169736,3000.0,1722.5587982490322,3000.0,3000.0,3000.0,3000.0,3000.0,3000.0,3000.0,3000.0,3000.0,3000.0,3000.0,3000.0,3000.0,3000.0,3000.0,3000.0,3000.0,3000.0,3000.0,3000.0,3000.0,3000.0,3000.0,3000.0,3000.0,3000.0,3000.0,3000.0,3000.0,3000.0,3000.0,3000.0,3000.0,3000.0,3000.0,3000.0,3000.0,3000.0,3000.0,3000.0,3000.0,3000.0,3000.0,3000.0,3000.0,3000.0,3000.0,3000.0,3000.0,3000.0,3000.0,3000.0,3000.0,3000.0,3000.0,3000.0,3000.0,3000.0,3000.0,3000.0,3000.0,3000.0,3000.0,3000.0
5467,1704.2543735468998,3000.0,3000.0,3000.0,1704.2543735468998,3000.0,3000.0,3000.0,1704.2543735468998,3000.0,3000.0,3000.0,1704.2543735468998,3000.0,3000.0,3000.0,3000.0,1861.6469038358814,3000.0,1704.2543735468998,3000.0,1861.6469038358814,3000.0,1704.2543735468998,3000.0,1861.6469038358814,3000.0,1704.2543735468998,3000.0,1861.6469038358814,3000.0,1704.2543735468998,3000.0,3000.0,3000.0,3000.0,3000.0,3000.0,3000.0,3000.0,3000.0,3000.0,3000.0,3000.0,3000.0,3000.0,3000.0,3000.0,3000.0,3000.0,3000.0,3000.0,3000.0,3000.0,3000.0,3000.0,3000.0,3000.0,3000.0,3000.0,3000.0,3000.0,3000.0,3000.0,3000.0,3000.0,3000.0,3000.0,3000.0,3000.0,3000.0,3000.0,3000.0,3000.0,3000.0,3000.0,3000.0,3000.0,3000.0,3000.0,3000.0,3000.0,3000.0,3000.0,3000.0,3000.0,3000.0,3000.0,3000.0,3000.0,3000.0,3000.0,3000.0,3000.0,3000.0,3000.0
5533,1685.704892851922,3000.0,3000.0,3000.0,1685.704892851922,3000.0,3000.0,3000.0,1685.704892851922,3000.0,3000.0,3000.0,1685.704892851922,3000.0,3000.0,3000.0,3000.0,1834.5757420441855,3000.0,1685.704892851922,3000.0,1834.5757420441855,3000.0,1685.704892851922,3000.0,1834.5757420441855,3000.0,1685.704892851922,3000.0,1834.5757420441855,3000.0,1685.704892851922,3000.0,3000.0,3000.0,3000.0,3000.0,3000.0,3000.0,3000.0,3000.0,3000.0,3000.0,3000.0,3000.0,3000.0,3000.0,3000.0,3000.0,3000.0,3000.0,3000.0,3000.0,3000.0,3000.0,3000.0,3000.0,3000.0,3000.0,3000.0,3000.0,3000.0,3000.0,3000.0,3000.0,3000.0,3000.0,3000.0,3000.0,3000.0,3000.0,3000.0,3000.0,3000.0,3000.0,3000.0,3000.0,3000.0,3000.0,3000.0,3000.0,3000.0,3000.0,3000.0,3000.0,3000.0,3000.0,3000.0,3000.0,3000.0,3000.0,3000.0,3000.0,3000.0,3000.0,3000.0
5600,1666.8947176116399,3000.0,3000.0,3000.0,1666.8947176116399,3000.0,3000.0,3000.0,1666.8947176116399,3000.0,3000.0,3000.0,1666.8947176116399,3000.0,3000.0,3000.0,3000.0,1808.2592154762765,3000.0,1666.8947176116399,3000.0,1808.2592154762765,3000.0,1666.8947176116399,3000.0,1808.2592154762765,3000.0,1666.8947176116399,3000.0,1808.2592154762765,3000.0,1666.8947176116399,3000.0,3000.0,3000.0,3000.0,3000.0,3000.0,3000.0,3000.0,3000.0,3000.0,3000.0,3000.0,3000.0,3000.0,3000.0,3000.0,3000.0,3000.0,3000.0,3000.0,3000.0,3000.0,3000.0,3000.0,3000.0,3000.0,3000.0,3000.0,3000.0,3000.0,3000.0,3000.0,3000.0,3000.0,3000.0,3000.0,3000.0,3000.0,3000.0,3000.0,3000.0,3000.0,3000.0,3000.0,3000.0,3000.0,3000.0,3000.0,3000.0,3000.0,3000.0,3000.0,3000.0,3000.0,3000.0,3000.0,3000.0,3000.0,3000.0,3000.0,3000.0,3000.0,3000.0,3000.0
5667,1647.8116454936617,3000.0,3000.0,3000.0,1647.8116454936617,3000.0,3000.0,3000.0,1647.8116454936617,3000.0,3000.0,3000.0,1647.8116454936617,3000.0,3000.0,3000.0,3000.0,1783.3788756168938,3000.0,1647.8116454936617,3000.0,1783.3788756168938,3000.0,1647.8116454936617,3000.0,1783.3788756168938,3000.0,1647.8116454936617,3000.0,1783.3788756168938,3000.0,1647.8116454936617,3000.0,3000.0,3000.0,3000.0,3000.0,3000.0,3000.0,3000.0,3000.0,3000.0,3000.0,3000.0,3000.0,3000.0,3000.0,3000.0,3000.0,3000.0,3000.0,3000.0,3000.0,3000.0,3000.0,3000.0,3000.0,3000.0,3000.0,3000.0,3000.0,3000.0,3000.0,3000.0,3000.0,3000.0,3000.0,3000.0,3000.0,3000.0,3000.0,3000.0,3000.0,3000.0,3000.0,3000.0,3000.0,3000.0,3000.0,3000.0,3000.0,3000.0,3000.0,3000.0,3000.0,3000.0,3000.0,3000.0,3000.0,3000.0,3000.0,3000.0,3000.0,3000.0,3000.0,3000.0
5733,1628.447034135457,3000.0,3000.0,3000.0,1628.447034135457,3000.0,3000.0,3000.0,1628.447034135457,3000.0,3000.0,3000.0,1628.447034135457,3000.0,3000.0,3000.0,3000.0,1805.7044322782865,3000.0,1628.447034135457,3000.0,1805.7044322782865,3000.0,1628.447034135457,3000.0,1805.7044322782865,3000.0,1628.447034135457,3000.0,1805.7044322782865,3000.0,1628.447034135457,3000.0,3000.0,3000.0,3000.0,3000.0,3000.0,3000.0,3000.0,3000.0,3000.0,3000.0,3000.0,3000.0,3000.0,3000.0,3000.0,3000.0,3000.0,3000.0,3000.0,3000.0,3000.0,3000.0,3000.0,3000.0,3000.0,3000.0,3000.0,3000.0,3000.0,3000.0,3000.0,3000.0,3000.0,3000.0,3000.0,3000.0,3000.0,3000.0,3000.0,3000.0,3000.0,3000.0,3000.0,3000.0,3000.0,3000.0,3000.0,3000.0,3000.0,3000.0,3000.0,3000.0,3000.0,3000.0,3000.0,3000.0,3000.0,3000.0,3000.0,3000.0,3000.0,3000.0,3000.0
5800,1608.7958739523,3000.0,3000.0,3000.0,1608.7958739523,3000.0,3000.0,3000.0,1608.7958739523,3000.0,3000.0,3000.0,1608.7958739523,3000.0,3000.0,3000.0,3000.0,1823.3397416118473,3000.0,1608.7958739523,3000.0,1823.3397416118473,3000.0,1608.7958739523,3000.0,1823.3397416118473,3000.0,1608.7958739523,3000.0,1823.3397416118473,3000.0,1608.7958739523,3000.0,3000.0,3000.0,3000.0,3000.0,3000.0,3000.0,3000.0,3000.0,3000.0,3000.0,3000.0,3000.0,3000.0,3000.0,3000.0,3000.0,3000.0,3000.0,3000.0,3000.0,3000.0,3000.0,3000.0,3000.0,3000.0,3000.0,3000.0,3000.0,3000.0,3000.0,3000.0,3000.0,3000.0,3000.0,3000.0,3000.0,3000.0,3000.0,3000.0,3000.0,3000.0,3000.0,3000.0,3000.0,3000.0,3000.0,3000.0,3000.0,3000.0,3000.0,3000.0,3000.0,3000.0,3000.0,3000.0,3000.0,3000.0,3000.0,3000.0,3000.0,3000.0,3000.0,3000.0
5867,1588.856807982029,3000.0,3000.0,3000.0,1588.856807982029,3000.0,3000.0,3000.0,1588.856807982029,3000.0,3000.0,3000.0,1588.856807982029,3000.0,3000.0,3000.0,3000.0,1836.0845050605203,3000.0,1588.856807982029,3000.0,1836.0845050605203,3000.0,1588.856807982029,3000.0,1836.0845050605203,3000.0,1588.856807982029,3000.0,1836.0845050605203,3000.0,1588.856807982029,3000.0,3000.0,3000.0,3000.0,3000.0,3000.0,3000.0,3000.0,3000.0,3000.0,3000.0,3000.0,3000.0,3000.0,3000.0,3000.0,3000.0,3000.0,3000.0,3000.0,3000.0,3000.0,3000.0,3000.0,3000.0,3000.0,3000.0,3000.0,3000.0,3000.0,3000.0,3000.0,3000.0,3000.0,3000.0,3000.0,3000.0,3000.0,3000.0,3000.0,3000.0,3000.0,3000.0,3000.0,3000.0,3000.0,3000.0,3000.0,3000.0,3000.0,3000.0,3000.0,3000.0,3000.0,3000.0,3000.0,3000.0,3000.0,3000.0,3000.0,3000.0,3000.0,3000.0,3000.0
5933,1568.632097834319,3000.0,3000.0,3000.0,1568.632097834319,3000.0,3000.0,3000.0,1568.632097834319,3000.0,3000.0,3000.0,1568.632097834319,3000.0,3000.0,3000.0,3000.0,1843.791468806663,3000.0,1568.632097834319,3000.0,1843.791468806663,3000.0,1568.632097834319,3000.0,1843.791468806663,3000.0,1568.632097834319,3000.0,1843.791468806663,3000.0,1568.632097834319,3000.0,3000.0,3000.0,3000.0,3000.0,3000.0,3000.0,3000.0,3000.0,3000.0,3000.0,3000.0,3000.0,3000.0,3000.0,3000.0,3000.0,3000.0,3000.0,3000.0,3000.0,3000.0,3000.0,3000.0,3000.0,3000.0,3000.0,3000.0,3000.0,3000.0,3000.0,3000.0,3000.0,3000.0,3000.0,3000.0,3000.0,3000.0,3000.0,3000.0,3000.0,3000.0,3000.0,3000.0,3000.0,3000.0,3000.0,3000.0,3000.0,3000.0,3000.0,3000.0,3000.0,3000.0,3000.0,3000.0,3000.0,3000.0,3000.0,3000.0,3000.0,3000.0,3000.0,3000.0
6000,1548.1275359765784,3000.0,3000.0,3000.0,1548.1275359765784,3000.0,3000.0,3000.0,1548.1275359765784,3000.0,3000.0,3000.0,1548.1275359765784,3000.0,3000.0,3000.0,3000.0,1846.3705616782477,3000.0,1548.1275359765784,3000.0,1846.3705616782477,3000.0,1548.1275359765784,3000.0,1846.3705616782477,3000.0,1548.1275359765784,3000.0,1846.3705616782477,3000.0,1548.1275359765784,3000.0,3000.0,3000.0,3000.0,3000.0,3000.0,3000.0,3000.0,3000.0,3000.0,3000.0,3000.0,3000.0,3000.0,3000.0,3000.0,3000.0,3000.0,3000.0,3000.0,3000.0,3000.0,3000.0,3000.0,3000.0,3000.0,3000.0,3000.0,3000.0,3000.0,3000.0,3000.0,3000.0,3000.0,3000.0,3000.0,3000.0,3000.0,3000.0,3000.0,3000.0,3000.0,3000.0,3000.0,3000.0,3000.0,3000.0,3000.0,3000.0,3000.0,3000.0,3000.0,3000.0,3000.0,3000.0,3000.0,3000.0,3000.0,3000.0,3000.0,3000.0,3000.0,3000.0,3000.0
6067,1527.3523057860477,3000.0,3000.0,3000.0,1527.3523057860477,3000.0,3000.0,3000.0,1527.3523057860477,3000.0,3000.0,3000.0,1527.3523057860477,3000.0,3000.0,3000.0,3000.0,1843.791468806663,3000.0,1527.3523057860477,3000.0,1843.791468806663,3000.0,1527.3523057860477,3000.0,1843.791468806663,3000.0,1527.3523057860477,3000.0,1843.791468806663,3000.0,1527.3523057860477,3000.0,3000.0,3000.0,3000.0,3000.0,3000.0,3000.0,3000.0,3000.0,3000.0,3000.0,3000.0,3000.0,3000.0,3000.0,3000.0,3000.0,3000.0,3000.0,3000.0,3000.0,3000.0,3000.0,3000.0,3000.0,3000.0,3000.0,3000.0,3000.0,3000.0,3000.0,3000.0,3000.0,3000.0,3000.0,3000.0,3000.0,3000.0,3000.0,3000.0,3000.0,3000.0,3000.0,3000.0,3000.0,3000.0,3000.0,3000.0,3000.0,3000.0,3000.0,3000.0,3000.0,3000.0,3000.0,3000.0,3000.0,3000.0,3000.0,3000.0,3000.0,3000.0,3000.0,3000.0
6133,1506.3187919829625,3000.0,3000.0,3000.0,1506.3187919829625,3000.0,3000.0,3000.0,1506.3187919829625,3000.0,3000.0,3000.0,1506.3187919829625,3000.0,3000.0,3000.0,3000.0,1836.0845050605203,3000.0,1506.3187919829625,3000.0,1836.0845050605203,3000.0,1506.3187919829625,3000.0,1836.0845050605203,3000.0,1506.3187919829625,3000.0,1836.0845050605203,3000.0,1506.3187919829625,3000.0,3000.0,3000.0,3000.0,3000.0,3000.0,3000.0,3000.0,3000.0,3000.0,3000.0,3000.0,3000.0,3000.0,3000.0,3000.0,3000.0,3000.0,3000.0,3000.0,3000.0,3000.0,3000.0,3000.0,3000.0,3000.0,3000.0,3000.0,3000.0,3000.0,3000.0,3000.0,3000.0,3000.0,3000.0,3000.0,3000.0,3000.0,3000.0,3000.0,3000.0,3000.0,3000.0,3000.0,3000.0,3000.0,3000.0,3000.0,3000.0,3000.0,3000.0,3000.0,3000.0,3000.0,3000.0,3000.0,3000.0,3000.0,3000.0,3000.0,3000.0,3000.0,3000.0,3000.0
6200,1485.0423451867384,3000.0,3000.0,3000.0,1485.0423451867384,3000.0,3000.0,3000.0,1485.0423451867384,3000.0,3000.0,3000.0,1485.0423451867384,3000.0,3000.0,3000.0,3000.0,1823.3397416118473,3000.0,1485.0423451867384,3000.0,1823.3397416118473,3000.0,1485.0423451867384,3000.0,1823.3397416118473,3000.0,1485.0423451867384,3000.0,1823.3397416118473,3000.0,1485.0423451867384,3000.0,3000.0,3000.0,3000.0,3000.0,3000.0,3000.0,3000.0,3000.0,3000.0,3000.0,3000.0,3000.0,3000.0,3000.0,3000.0,3000.0,3000.0,3000.0,3000.0,3000.0,3000.0,3000.0,3000.0,3000.0,3000.0,3000.0,3000.0,3000.0,3000.0,3000.0,3000.0,3000.0,3000.0,3000.0,3000.0,3000.0,3000.0,3000.0,3000.0,3000.0,3000.0,3000.0,3000.0,3000.0,3000.0,3000.0,3000.0,3000.0,3000.0,3000.0,3000.0,3000.0,3000.0,3000.0,3000.0,3000.0,3000.0,3000.0,3000.0,3000.0,3000.0,3000.0,3000.0
6267,1463.5410053622459,3000.0,3000.0,3000.0,1463.5410053622459,3000.0,3000.0,3000.0,1463.5410053622459,3000.0,3000.0,3000.0,1463.5410053622459,3000.0,3000.0,3000.0,3000.0,1805.7044322782865,3000.0,1463.5410053622459,3000.0,1805.7044322782865,3000.0,1463.5410053622459,3000.0,1805.7044322782865,3000.0,1463.5410053622459,3000.0,1805.7044322782865,3000.0,1463.5410053622459,3000.0,3000.0,3000.0,3000.0,3000.0,3000.0,3000.0,3000.0,3000.0,3000.0,3000.0,3000.0,3000.0,3000.0,3000.0,3000.0,3000.0,3000.0,3000.0,3000.0,3000.0,3000.0,3000.0,3000.0,3000.0,3000.0,3000.0,3000.0,3000.0,3000.0,3000.0,3000.0,3000.0,3000.0,3000.0,3000.0,3000.0,3000.0,3000.0,3000.0,3000.0,3000.0,3000.0,3000.0,3000.0,3000.0,3000.0,3000.0,3000.0,3000.0,3000.0,3000.0,3000.0,3000.0,3000.0,3000.0,3000.0,3000.0,3000.0,3000.0,3000.0,3000.0,3000.0,3000.0
6333,1441.835189806954,3000.0,3000.0,3000.0,1441.835189806954,3000.0,3000.0,3000.0,1441.835189806954,3000.0,3000.0,3000.0,1441.835189806954,3000.0,3000.0,3000.0,3000.0,1783.3788756168942,3000.0,1441.835189806954,3000.0,1783.3788756168942,3000.0,1441.835189806954,3000.0,1783.3788756168942,3000.0,1441.835189806954,3000.0,1783.3788756168942,3000.0,1441.835189806954,3000.0,3000.0,3000.0,3000.0,3000.0,3000.0,3000.0,3000.0,3000.0,3000.0,3000.0,3000.0,3000.0,3000.0,3000.0,3000.0,3000.0,3000.0,3000.0,3000.0,3000.0,3000.0,3000.0,3000.0,3000.0,3000.0,3000.0,3000.0,3000.0,3000.0,3000.0,3000.0,3000.0,3000.0,3000.0,3000.0,3000.0,3000.0,3000.0,3000.0,3000.0,3000.0,3000.0,3000.0,3000.0,3000.0,3000.0,3000.0,3000.0,3000.0,3000.0,3000.0,3000.0,3000.0,3000.0,3000.0,3000.0,3000.0,3000.0,3000.0,3000.0,3000.0,3000.0,3000.0
6400,1419.9473520395447,3000.0,3000.0,3000.0,1419.9473520395447,3000.0,3000.0,3000.0,1419.9473520395447,3000.0,3000.0,3000.0,1419.9473520395447,3000.0,3000.0,3000.0,3000.0,1756.6109266979265,3000.0,1419.9473520395447,3000.0,1756.6109266979265,3000.0,1419.9473520395447,3000.0,1756.6109266979265,3000.0,1419.9473520395447,3000.0,1756.6109266979265,3000.0,1419.9473520395447,3000.0,3000.0,3000.0,3000.0,3000.0,3000.0,3000.0,3000.0,3000.0,3000.0,3000.0,3000.0,3000.0,3000.0,3000.0,3000.0,3000.0,3000.0,3000.0,3000.0,3000.0,3000.0,3000.0,3000.0,3000.0,3000.0,3000.0,3000.0,3000.0,3000.0,3000.0,3000.0,3000.0,3000.0,3000.0,3000.0,3000.0,3000.0,3000.0,3000.0,3000.0,3000.0,3000.0,3000.0,3000.0,3000.0,3000.0,3000.0,3000.0,3000.0,3000.0,3000.0,3000.0,3000.0,3000.0,3000.0,3000.0,3000.0,3000.0,3000.0,3000.0,3000.0,3000.0,3000.0
6467,1397.9016184625693,3000.0,3000.0,3000.0,1397.9016184625693,3000.0,3000.0,3000.0,1397.9016184625693,3000.0,3000.0,3000.0,1397.9016184625693,3000.0,3000.0,3000.0,3000.0,1725.6894330146572,3000.0,1397.9016184625693,3000.0,1725.6894330146572,3000.0,1397.9016184625693,3000.0,1725.6894330146572,3000.0,1397.9016184625693,3000.0,1725.6894330146572,3000.0,1397.9016184625693,3000.0,3000.0,3000.0,3000.0,3000.0,3000.0,3000.0,3000.0,3000.0,3000.0,3000.0,3000.0,3000.0,3000.0,3000.0,3000.0,3000.0,3000.0,3000.0,3000.0,3000.0,3000.0,3000.0,3000.0,3000.0,3000.0,3000.0,3000.0,3000.0,3000.0,3000.0,3000.0,3000.0,3000.0,3000.0,3000.0,3000.0,3000.0,3000.0,3000.0,3000.0,3000.0,3000.0,3000.0,3000.0,3000.0,3000.0,3000.0,3000.0,3000.0,3000.0,3000.0,3000.0,3000.0,3000.0,3000.0,3000.0,3000.0,3000.0,3000.0,3000.0,3000.0,3000.0,3000.0
6533,1375.7234099715936,3000.0,3000.0,3000.0,1375.7234099715936,3000.0,3000.0,3000.0,1375.7234099715936,3000.0,3000.0,3000.0,1375.7234099715936,3000.0,3000.0,3000.0,3000.0,1690.9369080845831,3000.0,1375.7234099715936,3000.0,1690.9369080845831,3000.0,1375.7234099715936,3000.0,1690.9369080845831,3000.0,1375.7234099715936,3000.0,1690.9369080845831,3000.0,1375.7234099715936,3000.0,3000.0,3000.0,3000.0,3000.0,3000.0,3000.0,3000.0,3000.0,3000.0,3000.0,3000.0,3000.0,3000.0,3000.0,3000.0,3000.0,3000.0,3000.0,3000.0,3000.0,3000.0,3000.0,3000.0,3000.0,3000.0,3000.0,3000.0,3000.0,3000.0,3000.0,3000.0,3000.0,3000.0,3000.0,3000.0,3000.0,3000.0,3000.0,3000.0,3000.0,3000.0,3000.0,3000.0,3000.0,3000.0,3000.0,3000.0,3000.0,3000.0,3000.0,3000.0,3000.0,3000.0,3000.0,3000.0,3000.0,3000.0,3000.0,3000.0,3000.0,3000.0,3000.0,3000.0
6600,1353.4390557670968,3000.0,3000.0,3000.0,1353.4390557670968,3000.0,3000.0,3000.0,1353.4390557670968,3000.0,3000.0,3000.0,1353.4390557670968,3000.0,3000.0,3000.0,3000.0,1652.7017723491058,3000.0,1353.4390557670968,3000.0,1652.7017723491058,3000.0,1353.4390557670968,3000.0,1652.7017723491058,3000.0,1353.4390557670968,3000.0,1652.7017723491058,3000.0,1353.4390557670968,3000.0,3000.0,3000.0,3000.0,3000.0,3000.0,3000.0,3000.0,3000.0,3000.0,3000.0,3000.0,3000.0,3000.0,3000.0,3000.0,3000.0,3000.0,3000.0,3000.0,3000.0,3000.0,3000.0,3000.0,3000.0,3000.0,3000.0,3000.0,3000.0,3000.0,3000.0,3000.0,3000.0,3000.0,3000.0,3000.0,3000.0,3000.0,3000.0,3000.0,3000.0,3000.0,3000.0,3000.0,3000.0,3000.0,3000.0,3000.0,3000.0,3000.0,3000.0,3000.0,3000.0,3000.0,3000.0,3000.0,3000.0,3000.0,3000.0,3000.0,3000.0,3000.0,3000.0,3000.0
6667,1331.0754064992643,3000.0,3000.0,3000.0,1331.0754064992643,3000.0,3000.0,3000.0,1331.0754064992643,3000.0,3000.0,3000.0,1331.0754064992643,3000.0,3000.0,3000.0,3000.0,1611.3504847342015,3000.0,1331.0754064992643,3000.0,1611.3504847342015,3000.0,1331.0754064992643,3000.0,1611.3504847342015,3000.0,1331.0754064992643,3000.0,1611.3504847342015,3000.0,1331.0754064992643,3000.0,3000.0,3000.0,3000.0,3000.0,3000.0,3000.0,3000.0,3000.0,3000.0,3000.0,3000.0,3000.0,3000.0,3000.0,3000.0,3000.0,3000.0,3000.0,3000.0,3000.0,3000.0,3000.0,3000.0,3000.0,3000.0,3000.0,3000.0,3000.0,3000.0,3000.0,3000.0,3000.0,3000.0,3000.0,3000.0,3000.0,3000.0,3000.0,3000.0,3000.0,3000.0,3000.0,3000.0,3000.0,3000.0,3000.0,3000.0,3000.0,3000.0,3000.0,3000.0,3000.0,3000.0,3000.0,3000.0,3000.0,3000.0,3000.0,3000.0,3000.0,3000.0,3000.0,3000.0
6733,1308.6594535550641,3000.0,3000.0,3000.0,1308.6594535550641,3000.0,3000.0,3000.0,1308.6594535550641,3000.0,3000.0,3000.0,1308.6594535550641,3000.0,3000.0,3000.0,3000.0,1567.2598624847526,3000.0,1308.6594535550641,3000.0,1567.2598624847526,3000.0,1308.6594535550641,3000.0,1567.2598624847526,3000.0,1308.6594535550641,3000.0,1567.2598624847526,3000.0,1308.6594535550641,3000.0,3000.0,3000.0,3000.0,3000.0,3000.0,3000.0,3000.0,3000.0,3000.0,3000.0,3000.0,3000.0,3000.0,3000.0,3000.0,3000.0,3000.0,3000.0,3000.0,3000.0,3000.0,3000.0,3000.0,3000.0,3000.0,3000.0,3000.0,3000.0,3000.0,3000.0,3000.0,3000.0,3000.0,3000.0,3000.0,3000.0,3000.0,3000.0,3000.0,3000.0,3000.0,3000.0,3000.0,3000.0,3000.0,3000.0,3000.0,3000.0,3000.0,3000.0,3000.0,3000.0,3000.0,3000.0,3000.0,3000.0,3000.0,3000.0,3000.0,3000.0,3000.0,3000.0,3000.0
6800,1286.2179608049046,3000.0,3000.0,3000.0,1286.2179608049046,3000.0,3000.0,3000.0,1286.2179608049046,3000.0,3000.0,3000.0,1286.2179608049046,3000.0,3000.0,3000.0,3000.0,1520.8098459000303,3000.0,1286.2179608049046,3000.0,1520.8098459000303,3000.0,1286.2179608049046,3000.0,1520.8098459000303,3000.0,1286.2179608049046,3000.0,1520.8098459000303,3000.0,1286.2179608049046,3000.0,3000.0,3000.0,3000.0,3000.0,3000.0,3000.0,3000.0,3000.0,3000.0,3000.0,3000.0,3000.0,3000.0,3000.0,3000.0,3000.0,3000.0,3000.0,3000.0,3000.0,3000.0,3000.0,3000.0,3000.0,3000.0,3000.0,3000.0,3000.0,3000.0,3000.0,3000.0,3000.0,3000.0,3000.0,3000.0,3000.0,3000.0,3000.0,3000.0,3000.0,3000.0,3000.0,3000.0,3000.0,3000.0,3000.0,3000.0,3000.0,3000.0,3000.0,3000.0,3000.0,3000.0,3000.0,3000.0,3000.0,3000.0,3000.0,3000.0,3000.0,3000.0,3000.0,3000.0
6867,1263.7771144920644,3000.0,3000.0,3000.0,1263.7771144920644,3000.0,3000.0,3000.0,1263.7771144920644,3000.0,3000.0,3000.0,1263.7771144920644,3000.0,3000.0,3000.0,3000.0,1472.3769134533081,3000.0,1263.7771144920644,3000.0,1472.3769134533081,3000.0,1263.7771144920644,3000.0,1472.3769134533081,3000.0,1263.7771144920644,3000.0,1472.3769134533081,3000.0,1263.7771144920644,3000.0,3000.0,3000.0,3000.0,3000.0,3000.0,3000.0,3000.0,3000.0,3000.0,3000.0,3000.0,3000.0,3000.0,3000.0,3000.0,3000.0,3000.0,3000.0,3000.0,3000.0,3000.0,3000.0,3000.0,3000.0,3000.0,3000.0,3000.0,3000.0,3000.0,3000.0,3000.0,3000.0,3000.0,3000.0,3000.0,3000.0,3000.0,3000.0,3000.0,3000.0,3000.0,3000.0,3000.0,3000.0,3000.0,3000.0,3000.0,3000.0,3000.0,3000.0,3000.0,3000.0,3000.0,3000.0,3000.0,3000.0,3000.0,3000.0,3000.0,3000.0,3000.0,3000.0,3000.0
6933,1241.3621962054337,3000.0,3000.0,3000.0,1241.3621962054337,3000.0,3000.0,3000.0,1241.3621962054337,3000.0,3000.0,3000.0,1241.3621962054337,3000.0,3000.0,3000.0,3000.0,1422.328296687645,3000.0,1241.3621962054337,3000.0,1422.328296687645,3000.0,1241.3621962054337,3000.0,1422.328296687645,3000.0,1241.3621962054337,3000.0,1422.328296687645,3000.0,1241.3621962054337,3000.0,3000.0,3000.0,3000.0,3000.0,3000.0,3000.0,3000.0,3000.0,3000.0,3000.0,3000.0,3000.0,3000.0,3000.0,3000.0,3000.0,3000.0,3000.0,3000.0,3000.0,3000.0,3000.0,3000.0,3000.0,3000.0,3000.0,3000.0,3000.0,3000.0,3000.0,3000.0,3000.0,3000.0,3000.0,3000.0,3000.0,3000.0,3000.0,3000.0,3000.0,3000.0,3000.0,3000.0,3000.0,3000.0,3000.0,3000.0,3000.0,3000.0,3000.0,3000.0,3000.0,3000.0,3000.0,3000.0,3000.0,3000.0,3000.0,3000.0,3000.0,3000.0,3000.0,3000.0
7000,1218.99728306041,3000.0,3000.0,3000.0,1218.99728306041,3000.0,3000.0,3000.0,1218.99728306041,3000.0,3000.0,3000.0,1218.99728306041,3000.0,3000.0,3000.0,3000.0,1383.8514328037468,3000.0,1218.99728306041,3000.0,1383.8514328037468,3000.0,1218.99728306041,3000.0,1383.8514328037468,3000.0,1218.99728306041,3000.0,1383.8514328037468,3000.0,1218.99728306041,3000.0,3000.0,3000.0,3000.0,3000.0,3000.0,3000.0,3000.0,3000.0,3000.0,3000.0,3000.0,3000.0,3000.0,3000.0,3000.0,3000.0,3000.0,3000.0,3000.0,3000.0,3000.0,3000.0,3000.0,3000.0,3000.0,3000.0,3000.0,3000.0,3000.0,3000.0,3000.0,3000.0,3000.0,3000.0,3000.0,3000.0,3000.0,3000.0,3000.0,3000.0,3000.0,3000.0,3000.0,3000.0,3000.0,3000.0,3000.0,3000.0,3000.0,3000.0,3000.0,3000.0,3000.0,3000.0,3000.0,3000.0,3000.0,3000.0,3000.0,3000.0,3000.0,3000.0,3000.0
7067,1196.704978359373,3000.0,3000.0,3000.0,1196.704978359373,3000.0,3000.0,3000.0,1196.704978359373,3000.0,3000.0,3000.0,1196.704978359373,3000.0,3000.0,3000.0,3000.0,1368.3102232158853,3000.0,1196.704978359373,3000.0,1368.3102232158853,3000.0,1196.704978359373,3000.0,1368.3102232158853,3000.0,1196.704978359373,3000.0,1368.3102232158853,3000.0,1196.704978359373,3000.0,3000.0,3000.0,3000.0,3000.0,3000.0,3000.0,3000.0,3000.0,3000.0,3000.0,3000.0,3000.0,3000.0,3000.0,3000.0,3000.0,3000.0,3000.0,3000.0,3000.0,3000.0,3000.0,3000.0,3000.0,3000.0,3000.0,3000.0,3000.0,3000.0,3000.0,3000.0,3000.0,3000.0,3000.0,3000.0,3000.0,3000.0,3000.0,3000.0,3000.0,3000.0,3000.0,3000.0,3000.0,3000.0,3000.0,3000.0,3000.0,3000.0,3000.0,3000.0,3000.0,3000.0,3000.0,3000.0,3000.0,3000.0,3000.0,3000.0,3000.0,3000.0,3000.0,3000.0
7133,1174.5061751457667,3000.0,3000.0,3000.0,1174.5061751457667,3000.0,3000.0,3000.0,1174.5061751457667,3000.0,3000.0,3000.0,1174.5061751457667,3000.0,3000.0,3000.0,3000.0,1353.091150295562,3000.0,1174.5061751457667,3000.0,1353.091150295562,3000.0,1174.5061751457667,3000.0,1353.091150295562,3000.0,1174.5061751457667,3000.0,1353.091150295562,3000.0,1174.5061751457667,3000.0,3000.0,3000.0,3000.0,3000.0,3000.0,3000.0,3000.0,3000.0,3000.0,3000.0,3000.0,3000.0,3000.0,3000.0,3000.0,3000.0,3000.0,3000.0,3000.0,3000.0,3000.0,3000.0,3000.0,3000.0,3000.0,3000.0,3000.0,3000.0,3000.0,3000.0,3000.0,3000.0,3000.0,3000.0,3000.0,3000.0,3000.0,3000.0,3000.0,3000.0,3000.0,3000.0,3000.0,3000.0,3000.0,3000.0,3000.0,3000.0,3000.0,3000.0,3000.0,3000.0,3000.0,3000.0,3000.0,3000.0,3000.0,3000.0,3000.0,3000.0,3000.0,3000.0,3000.0
7200,1152.419854234428,3000.0,3000.0,3000.0,1152.419854234428,3000.0,3000.0,3000.0,1152.419854234428,3000.0,3000.0,3000.0,1152.419854234428,3000.0,3000.0,3000.0,3000.0,1338.178421603735,3000.0,1152.419854234428,3000.0,1338.178421603735,3000.0,1152.419854234428,3000.0,1338.178421603735,3000.0,1152.419854234428,3000.0,1338.178421603735,3000.0,1152.419854234428,3000.0,3000.0,3000.0,3000.0,3000.0,3000.0,3000.0,3000.0,3000.0,3000.0,3000.0,3000.0,3000.0,3000.0,3000.0,3000.0,3000.0,3000.0,3000.0,3000.0,3000.0,3000.0,3000.0,3000.0,3000.0,3000.0,3000.0,3000.0,3000.0,3000.0,3000.0,3000.0,3000.0,3000.0,3000.0,3000.0,3000.0,3000.0,3000.0,3000.0,3000.0,3000.0,3000.0,3000.0,3000.0,3000.0,3000.0,3000.0,3000.0,3000.0,3000.0,3000.0,3000.0,3000.0,3000.0,3000.0,3000.0,3000.0,3000.0,3000.0,3000.0,3000.0,3000.0,3000.0
7267,1341.867947909958,3000.0,3000.0,3000.0,1341.867947909958,3000.0,3000.0,3000.0,1341.867947909958,3000.0,3000.0,3000.0,1341.867947909958,3000.0,3000.0,3000.0,3000.0,1323.554790793924,3000.0,1341.867947909958,3000.0,1323.554790793924,3000.0,1341.867947909958,3000.0,1323.554790793924,3000.0,1341.867947909958,3000.0,1323.554790793924,3000.0,1341.867947909958,3000.0,3000.0,3000.0,3000.0,3000.0,3000.0,3000.0,3000.0,3000.0,3000.0,3000.0,3000.0,3000.0,3000.0,3000.0,3000.0,3000.0,3000.0,3000.0,3000.0,3000.0,3000.0,3000.0,3000.0,3000.0,3000.0,3000.0,3000.0,3000.0,3000.0,3000.0,3000.0,3000.0,3000.0,3000.0,3000.0,3000.0,3000.0,3000.0,3000.0,3000.0,3000.0,3000.0,3000.0,3000.0,3000.0,3000.0,3000.0,3000.0,3000.0,3000.0,3000.0,3000.0,3000.0,3000.0,3000.0,3000.0,3000.0,3000.0,3000.0,3000.0,3000.0,3000.0,3000.0
7333,3000.0,1236.3446352160581,3000.0,3000.0,3000.0,1236.3446352160581,3000.0,3000.0,3000.0,1236.3446352160581,3000.0,3000.0,3000.0,1236.3446352160581,3000.0,3000.0,3000.0,1309.2013667592728,3000.0,3000.0,3000.0,1309.2013667592728,3000.0,3000.0,3000.0,1309.2013667592728,3000.0,3000.0,3000.0,1309.2013667592728,3000.0,3000.0,3000.0,3000.0,3000.0,3000.0,3000.0,3000.0,3000.0,3000.0,3000.0,3000.0,3000.0,3000.0,3000.0,3000.0,3000.0,3000.0,3000.0,3000.0,3000.0,3000.0,3000.0,3000.0,3000.0,3000.0,3000.0,3000.0,3000.0,3000.0,3000.0,3000.0,3000.0,3000.0,3000.0,3000.0,3000.0,3000.0,3000.0,3000.0,3000.0,3000.0,3000.0,3000.0,3000.0,3000.0,3000.0,3000.0,3000.0,3000.0,3000.0,3000.0,3000.0,3000.0,3000.0,3000.0,3000.0,3000.0,3000.0,3000.0,3000.0,3000.0,3000.0,3000.0,3000.0,3000.0
7400,3000.0,1206.8232383438462,3000.0,3000.0,3000.0,1206.8232383438462,3000.0,3000.0,3000.0,1206.8232383438462,3000.0,3000.0,3000.0,1206.8232383438462,3000.0,3000.0,3000.0,1295.0974313472288,3000.0,3000.0,3000.0,1295.0974313472288,3000.0,3000.0,3000.0,1295.0974313472288,3000.0,3000.0,3000.0,1295.0974313472288,3000.0,3000.0,3000.0,3000.0,3000.0,3000.0,3000.0,3000.0,3000.0,3000.0,3000.0,3000.0,3000.0,3000.0,3000.0,3000.0,3000.0,3000.0,3000.0,3000.0,3000.0,3000.0,3000.0,3000.0,3000.0,3000.0,3000.0,3000.0,3000.0,3000.0,3000.0,3000.0,3000.0,3000.0,3000.0,3000.0,3000.0,3000.0,3000.0,3000.0,3000.0,3000.0,3000.0,3000.0,3000.0,3000.0,3000.0,3000.0,3000.0,3000.0,3000.0,3000.0,3000.0,3000.0,3000.0,3000.0,3000.0,3000.0,3000.0,3000.0,3000.0,3000.0,3000.0,3000.0,3000.0,3000.0
7467,3000.0,1177.6199503822838,3000.0,3000.0,3000.0,1177.6199503822838,3000.0,3000.0,3000.0,1177.6199503822838,3000.0,3000.0,3000.0,1177.6199503822838,3000.0,3000.0,3000.0,1281.2202668656328,3000.0,3000.0,3000.0,1281.2202668656328,3000.0,3000.0,3000.0,1281.2202668656328,3000.0,3000.0,3000.0,1281.2202668656328,3000.0,3000.0,3000.0,3000.0,3000.0,3000.0,3000.0,3000.0,3000.0,3000.0,3000.0,3000.0,3000.0,3000.0,3000.0,3000.0,3000.0,3000.0,3000.0,3000.0,3000.0,3000.0,3000.0,3000.0,3000.0,3000.0,3000.0,3000.0,3000.0,3000.0,3000.0,3000.0,3000.0,3000.0,3000.0,3000.0,3000.0,3000.0,3000.0,3000.0,3000.0,3000.0,3000.0,3000.0,3000.0,3000.0,3000.0,3000.0,3000.0,3000.0,3000.0,3000.0,3000.0,3000.0,3000.0,3000.0,3000.0,3000.0,3000.0,3000.0,3000.0,3000.0,3000.0,3000.0,3000.0,3000.0
7533,3000.0,1148.7618697654775,3000.0,3000.0,3000.0,1148.7618697654775,3000.0,3000.0,3000.0,1148.7618697654775,3000.0,3000.0,3000.0,1148.7618697654775,3000.0,3000.0,3000.0,1267.544994779601,3000.0,3000.0,3000.0,1267.544994779601,3000.0,3000.0,3000.0,1267.544994779601,3000.0,3000.0,3000.0,1267.544994779601,3000.0,3000.0,3000.0,3000.0,3000.0,3000.0,3000.0,3000.0,3000.0,3000.0,3000.0,3000.0,3000.0,3000.0,3000.0,3000.0,3000.0,3000.0,3000.0,3000.0,3000.0,3000.0,3000.0,3000.0,3000.0,3000.0,3000.0,3000.0,3000.0,3000.0,3000.0,3000.0,3000.0,3000.0,3000.0,3000.0,3000.0,3000.0,3000.0,3000.0,3000.0,3000.0,3000.0,3000.0,3000.0,3000.0,3000.0,3000.0,3000.0,3000.0,3000.0,3000.0,3000.0,3000.0,3000.0,3000.0,3000.0,3000.0,3000.0,3000.0,3000.0,3000.0,3000.0,3000.0,3000.0,3000.0
7600,3000.0,1120.2714228163002,3000.0,3000.0,3000.0,1120.2714228163002,3000.0,3000.0,3000.0,1120.2714228163002,3000.0,3000.0,3000.0,1120.2714228163002,3000.0,3000.0,3000.0,1254.0444272359862,3000.0,3000.0,3000.0,1254.0444272359862,3000.0,3000.0,3000.0,1254.0444272359862,3000.0,3000.0,3000.0,1254.0444272359862,3000.0,3000.0,3000.0,3000.0,3000.0,3000.0,3000.0,3000.0,3000.0,3000.0,3000.0,3000.0,3000.0,3000.0,3000.0,3000.0,3000.0,3000.0,3000.0,3000.0,3000.0,3000.0,3000.0,3000.0,3000.0,3000.0,3000.0,3000.0,3000.0,3000.0,3000.0,3000.0,3000.0,3000.0,3000.0,3000.0,3000.0,3000.0,3000.0,3000.0,3000.0,3000.0,3000.0,3000.0,3000.0,3000.0,3000.0,3000.0,3000.0,3000.0,3000.0,3000.0,3000.0,3000.0,3000.0,3000.0,3000.0,3000.0,3000.0,3000.0,3000.0,3000.0,3000.0,3000.0,3000.0,3000.0
7667,3000.0,1092.1665052108085,3000.0,3000.0,3000.0,1092.1665052108085,3000.0,3000.0,3000.0,1092.1665052108085,3000.0,3000.0,3000.0,1092.1665052108085,3000.0,3000.0,3000.0,1240.6889333528588,3000.0,3000.0,3000.0,1240.6889333528588,3000.0,3000.0,3000.0,1240.6889333528588,3000.0,3000.0,3000.0,1240.6889333528588,3000.0,3000.0,3000.0,3000.0,3000.0,3000.0,3000.0,3000.0,3000.0,3000.0,3000.0,3000.0,3000.0,3000.0,3000.0,3000.0,3000.0,3000.0,3000.0,3000.0,3000.0,3000.0,3000.0,3000.0,3000.0,3000.0,3000.0,3000.0,3000.0,3000.0,3000.0,3000.0,3000.0,3000.0,3000.0,3000.0,3000.0,3000.0,3000.0,3000.0,3000.0,3000.0,3000.0,3000.0,3000.0,3000.0,3000.0,3000.0,3000.0,3000.0,3000.0,3000.0,3000.0,3000.0,3000.0,3000.0,3000.0,3000.0,3000.0,3000.0,3000.0,3000.0,3000.0,3000.0,3000.0,3000.0
7733,3000.0,1064.460666269354,3000.0,3000.0,3000.0,1064.460666269354,3000.0,3000.0,3000.0,1064.460666269354,3000.0,3000.0,3000.0,1064.460666269354,3000.0,3000.0,3000.0,1227.4463225743098,3000.0,3000.0,3000.0,1227.4463225743098,3000.0,3000.0,3000.0,1227.4463225743098,3000.0,3000.0,3000.0,1227.4463225743098,3000.0,3000.0,3000.0,3000.0,3000.0,3000.0,3000.0,3000.0,3000.0,3000.0,3000.0,3000.0,3000.0,3000.0,3000.0,3000.0,3000.0,3000.0,3000.0,3000.0,3000.0,3000.0,3000.0,3000.0,3000.0,3000.0,3000.0,3000.0,3000.0,3000.0,3000.0,3000.0,3000.0,3000.0,3000.0,3000.0,3000.0,3000.0,3000.0,3000.0,3000.0,3000.0,3000.0,3000.0,3000.0,3000.0,3000.0,3000.0,3000.0,3000.0,3000.0,3000.0,3000.0,3000.0,3000.0,3000.0,3000.0,3000.0,3000.0,3000.0,3000.0,3000.0,3000.0,3000.0,3000.0,3000.0
7800,3000.0,1037.1633285488292,3000.0,3000.0,3000.0,1037.1633285488292,3000.0,3000.0,3000.0,1037.1633285488292,3000.0,3000.0,3000.0,1037.1633285488292,3000.0,3000.0,3000.0,1214.2817478122083,3000.0,3000.0,3000.0,1214.2817478122083,3000.0,3000.0,3000.0,1214.2817478122083,3000.0,3000.0,3000.0,1214.2817478122083,3000.0,3000.0,3000.0,3000.0,3000.0,3000.0,3000.0,3000.0,3000.0,3000.0,3000.0,3000.0,3000.0,3000.0,3000.0,3000.0,3000.0,3000.0,3000.0,3000.0,3000.0,3000.0,3000.0,3000.0,3000.0,3000.0,3000.0,3000.0,3000.0,3000.0,3000.0,3000.0,3000.0,3000.0,3000.0,3000.0,3000.0,3000.0,3000.0,3000.0,3000.0,3000.0,3000.0,3000.0,3000.0,3000.0,3000.0,3000.0,3000.0,3000.0,3000.0,3000.0,3000.0,3000.0,3000.0,3000.0,3000.0,3000.0,3000.0,3000.0,3000.0,3000.0,3000.0,3000.0,3000.0,3000.0
7867,3000.0,1010.2800356178019,3000.0,3000.0,3000.0,1010.2800356178019,3000.0,3000.0,3000.0,1010.2800356178019,3000.0,3000.0,3000.0,1010.2800356178019,3000.0,3000.0,3000.0,1201.1576315691218,1392.189615888096,3000.0,3000.0,1201.1576315691218,1392.189615888096,3000.0,3000.0,1201.1576315691218,1392.189615888096,3000.0,3000.0,1201.1576315691218,1392.189615888096,3000.0,3000.0,3000.0,3000.0,3000.0,3000.0,3000.0,3000.0,3000.0,3000.0,3000.0,3000.0,3000.0,3000.0,3000.0,3000.0,3000.0,3000.0,3000.0,3000.0,3000.0,3000.0,3000.0,3000.0,3000.0,3000.0,3000.0,3000.0,3000.0,3000.0,3000.0,3000.0,3000.0,3000.0,3000.0,3000.0,3000.0,3000.0,3000.0,3000.0,3000.0,3000.0,3000.0,3000.0,3000.0,3000.0,3000.0,3000.0,3000.0,3000.0,3000.0,3000.0,3000.0,3000.0,3000.0,3000.0,3000.0,3000.0,3000.0,3000.0,3000.0,3000.0,3000.0,3000.0,3000.0
7933,3000.0,1069.9440867169906,3000.0,3000.0,3000.0,1069.9440867169906,3000.0,3000.0,3000.0,1069.9440867169906,3000.0,3000.0,3000.0,1069.9440867169906,3000.0,3000.0,3000.0,1188.033618749073,1276.7337507483057,3000.0,3000.0,1188.033618749073,1276.7337507483057,3000.0,3000.0,1188.033618749073,1276.7337507483057,3000.0,3000.0,1188.033618749073,1276.7337507483057,3000.0,3000.0,3000.0,3000.0,3000.0,3000.0,3000.0,3000.0,3000.0,3000.0,3000.0,3000.0,3000.0,3000.0,3000.0,3000.0,3000.0,3000.0,3000.0,3000.0,3000.0,3000.0,3000.0,3000.0,3000.0,3000.0,3000.0,3000.0,3000.0,3000.0,3000.0,3000.0,3000.0,3000.0,3000.0,3000.0,3000.0,3000.0,3000.0,3000.0,3000.0,3000.0,3000.0,3000.0,3000.0,3000.0,3000.0,3000.0,3000.0,3000.0,3000.0,3000.0,3000.0,3000.0,3000.0,3000.0,3000.0,3000.0,3000.0,3000.0,3000.0,3000.0,3000.0,3000.0,3000.0
8000,3000.0,1169.521760065235,1174.8665603990507,3000.0,3000.0,1169.521760065235,1174.8665603990507,3000.0,3000.0,1169.521760065235,1174.8665603990507,3000.0,3000.0,1169.521760065235,1174.8665603990507,3000.0,3000.0,1174.8665603990507,1169.5217600652352,3000.0,3000.0,1174.8665603990507,1169.5217600652352,3000.0,3000.0,1174.8665603990507,1169.5217600652352,3000.0,3000.0,1174.8665603990507,1169.5217600652352,3000.0,3000.0,3000.0,3000.0,3000.0,3000.0,3000.0,3000.0,3000.0,3000.0,3000.0,3000.0,3000.0,3000.0,3000.0,3000.0,3000.0,3000.0,3000.0,3000.0,3000.0,3000.0,3000.0,3000.0,3000.0,3000.0,3000.0,3000.0,3000.0,3000.0,3000.0,3000.0,3000.0,3000.0,3000.0,3000.0,3000.0,3000.0,3000.0,3000.0,3000.0,3000.0,3000.0,3000.0,3000.0,3000.0,3000.0,3000.0,3000.0,3000.0,3000.0,3000.0,3000.0,3000.0,3000.0,3000.0,3000.0,3000.0,3000.0,3000.0,3000.0,3000.0,3000.0,3000.0,3000.0
8067,3000.0,1276.7337507483053,1136.379983151287,3000.0,3000.0,1276.7337507483053,1136.379983151287,3000.0,3000.0,1276.7337507483053,1136.379983151287,3000.0,3000.0,1276.7337507483053,1136.379983151287,3000.0,3000.0,1161.6105331624124,1069.944086716991,3000.0,3000.0,1161.6105331624124,1069.944086716991,3000.0,3000.0,1161.6105331624124,1069.944086716991,3000.0,3000.0,1161.6105331624124,1069.944086716991,3000.0,3000.0,3000.0,3000.0,3000.0,3000.0,3000.0,3000.0,3000.0,3000.0,3000.0,3000.0,3000.0,3000.0,3000.0,3000.0,3000.0,3000.0,3000.0,3000.0,3000.0,3000.0,3000.0,3000.0,3000.0,3000.0,3000.0,3000.0,3000.0,3000.0,3000.0,3000.0,3000.0,3000.0,3000.0,3000.0,3000.0,3000.0,3000.0,3000.0,3000.0,3000.0,3000.0,3000.0,3000.0,3000.0,3000.0,3000.0,3000.0,3000.0,3000.0,3000.0,3000.0,3000.0,3000.0,3000.0,3000.0,3000.0,3000.0,3000.0,3000.0,3000.0,3000.0,3000.0,3000.0
8133,3000.0,3000.0,1098.9314501589843,3000.0,3000.0,3000.0,1098.9314501589843,3000.0,3000.0,3000.0,1098.9314501589843,3000.0,3000.0,3000.0,1098.9314501589843,3000.0,3000.0,3000.0,977.4376738415269,3000.0,3000.0,3000.0,977.4376738415269,3000.0,3000.0,3000.0,977.4376738415269,3000.0,3000.0,3000.0,977.4376738415269,3000.0,3000.0,3000.0,3000.0,3000.0,3000.0,3000.0,3000.0,3000.0,3000.0,3000.0,3000.0,3000.0,3000.0,3000.0,3000.0,3000.0,3000.0,3000.0,3000.0,3000.0,3000.0,3000.0,3000.0,3000.0,3000.0,3000.0,3000.0,3000.0,3000.0,3000.0,3000.0,3000.0,3000.0,3000.0,3000.0,3000.0,3000.0,3000.0,3000.0,3000.0,3000.0,3000.0,3000.0,3000.0,3000.0,3000.0,3000.0,3000.0,3000.0,3000.0,3000.0,3000.0,3000.0,3000.0,3000.0,3000.0,3000.0,3000.0,3000.0,3000.0,3000.0,3000.0,3000.0,3000.0
8200,3000.0,3000.0,1062.4965293356822,3000.0,3000.0,3000.0,1062.4965293356822,3000.0,3000.0,3000.0,1062.4965293356822,3000.0,3000.0,3000.0,1062.4965293356822,3000.0,3000.0,3000.0,907.5179124802256,3000.0,3000.0,3000.0,907.5179124802256,3000.0,3000.0,3000.0,907.5179124802256,3000.0,3000.0,3000.0,907.5179124802256,3000.0,3000.0,3000.0,3000.0,3000.0,3000.0,3000.0,3000.0,3000.0,3000.0,3000.0,3000.0,3000.0,3000.0,3000.0,3000.0,3000.0,3000.0,3000.0,3000.0,3000.0,3000.0,3000.0,3000.0,3000.0,3000.0,3000.0,3000.0,3000.0,3000.0,3000.0,3000.0,3000.0,3000.0,3000.0,3000.0,3000.0,3000.0,3000.0,3000.0,3000.0,3000.0,3000.0,3000.0,3000.0,3000.0,3000.0,3000.0,3000.0,3000.0,3000.0,3000.0,3000.0,3000.0,3000.0,3000.0,3000.0,3000.0,3000.0,3000.0,3000.0,3000.0,3000.0,3000.0,3000.0
8267,3000.0,3000.0,1027.0469229703401,3000.0,3000.0,3000.0,1027.0469229703401,3000.0,3000.0,3000.0,1027.0469229703401,3000.0,3000.0,3000.0,1027.0469229703401,3000.0,3000.0,3000.0,890.6711697355813,3000.0,3000.0,3000.0,890.6711697355813,3000.0,3000.0,3000.0,890.6711697355813,3000.0,3000.0,3000.0,890.6711697355813,3000.0,3000.0,3000.0,3000.0,3000.0,3000.0,3000.0,3000.0,3000.0,3000.0,3000.0,3000.0,3000.0,3000.0,3000.0,3000.0,3000.0,3000.0,3000.0,3000.0,3000.0,3000.0,3000.0,3000.0,3000.0,3000.0,3000.0,3000.0,3000.0,3000.0,3000.0,3000.0,3000.0,3000.0,3000.0,3000.0,3000.0,3000.0,3000.0,3000.0,3000.0,3000.0,3000.0,3000.0,3000.0,3000.0,3000.0,3000.0,3000.0,3000.0,3000.0,3000.0,3000.0,3000.0,3000.0,3000.0,3000.0,3000.0,3000.0,3000.0,3000.0,3000.0,3000.0,3000.0,3000.0
8333,3000.0,3000.0,992.5511466822867,3000.0,3000.0,3000.0,992.5511466822867,3000.0,3000.0,3000.0,992.5511466822867,3000.0,3000.0,3000.0,992.5511466822867,3000.0,3000.0,3000.0,873.7332041686467,3000.0,3000.0,3000.0,873.7332041686467,3000.0,3000.0,3000.0,873.7332041686467,3000.0,3000.0,3000.0,873.7332041686467,3000.0,3000.0,3000.0,3000.0,3000.0,3000.0,3000.0,3000.0,3000.0,3000.0,3000.0,3000.0,3000.0,3000.0,3000.0,3000.0,3000.0,3000.0,3000.0,3000.0,3000.0,3000.0,3000.0,3000.0,3000.0,3000.0,3000.0,3000.0,3000.0,3000.0,3000.0,3000.0,3000.0,3000.0,3000.0,3000.0,3000.0,3000.0,3000.0,3000.0,3000.0,3000.0,3000.0,3000.0,3000.0,3000.0,3000.0,3000.0,3000.0,3000.0,3000.0,3000.0,3000.0,3000.0,3000.0,3000.0,3000.0,3000.0,3000.0,3000.0,3000.0,3000.0,3000.0,3000.0,3000.0
8400,3000.0,3000.0,958.9751502392833,3000.0,3000.0,3000.0,958.9751502392833,3000.0,3000.0,3000.0,958.9751502392833,3000.0,3000.0,3000.0,958.9751502392833,3000.0,3000.0,3000.0,856.6781468595235,3000.0,3000.0,3000.0,856.6781468595235,3000.0,3000.0,3000.0,856.6781468595235,3000.0,3000.0,3000.0,856.6781468595235,3000.0,3000.0,3000.0,3000.0,3000.0,3000.0,3000.0,3000.0,3000.0,3000.0,3000.0,3000.0,3000.0,3000.0,3000.0,3000.0,3000.0,3000.0,3000.0,3000.0,3000.0,3000.0,3000.0,3000.0,3000.0,3000.0,3000.0,3000.0,3000.0,3000.0,3000.0,3000.0,3000.0,3000.0,3000.0,3000.0,3000.0,3000.0,3000.0,3000.0,3000.0,3000.0,3000.0,3000.0,3000.0,3000.0,3000.0,3000.0,3000.0,3000.0,3000.0,3000.0,3000.0,3000.0,3000.0,3000.0,3000.0,3000.0,3000.0,3000.0,3000.0,3000.0,3000.0,3000.0,3000.0
8467,3000.0,3000.0,950.4561155389541,3000.0,3000.0,3000.0,950.4561155389541,3000.0,3000.0,3000.0,950.4561155389541,3000.0,3000.0,3000.0,950.4561155389541,3000.0,3000.0,3000.0,839.4798279055412,3000.0,3000.0,3000.0,839.4798279055412,3000.0,3000.0,3000.0,839.4798279055412,3000.0,3000.0,3000.0,839.4798279055412,3000.0,3000.0,3000.0,3000.0,3000.0,3000.0,3000.0,3000.0,3000.0,3000.0,3000.0,3000.0,3000.0,3000.0,3000.0,3000.0,3000.0,3000.0,3000.0,3000.0,3000.0,3000.0,3000.0,3000.0,3000.0,3000.0,3000.0,3000.0,3000.0,3000.0,3000.0,3000.0,3000.0,3000.0,3000.0,3000.0,3000.0,3000.0,3000.0,3000.0,3000.0,3000.0,3000.0,3000.0,3000.0,3000.0,3000.0,3000.0,3000.0,3000.0,3000.0,3000.0,3000.0,3000.0,3000.0,3000.0,3000.0,3000.0,3000.0,3000.0,3000.0,3000.0,3000.0,3000.0,3000.0
8533,3000.0,3000.0,1001.7584120943792,3000.0,3000.0,3000.0,1001.7584120943792,3000.0,3000.0,3000.0,1001.7584120943792,3000.0,3000.0,3000.0,1001.7584120943792,3000.0,3000.0,3000.0,822.1120408329156,3000.0,3000.0,3000.0,822.1120408329156,3000.0,3000.0,3000.0,822.1120408329156,3000.0,3000.0,3000.0,822.1120408329156,3000.0,3000.0,3000.0,3000.0,3000.0,3000.0,3000.0,3000.0,3000.0,3000.0,3000.0,3000.0,3000.0,3000.0,3000.0,3000.0,3000.0,3000.0,3000.0,3000.0,3000.0,3000.0,3000.0,3000.0,3000.0,3000.0,3000.0,3000.0,3000.0,3000.0,3000.0,3000.0,3000.0,3000.0,3000.0,3000.0,3000.0,3000.0,3000.0,3000.0,3000.0,3000.0,3000.0,3000.0,3000.0,3000.0,3000.0,3000.0,3000.0,3000.0,3000.0,3000.0,3000.0,3000.0,3000.0,3000.0,3000.0,3000.0,3000.0,3000.0,3000.0,3000.0,3000.0,3000.0,3000.0
8600,3000.0,3000.0,1053.8181523515061,1210.360764035255,3000.0,3000.0,1053.8181523515061,1210.360764035255,3000.0,3000.0,1053.8181523515061,1210.360764035255,3000.0,3000.0,1053.8181523515061,1210.360764035255,3000.0,3000.0,804.5488255625639,3000.0,3000.0,3000.0,804.5488255625639,3000.0,3000.0,3000.0,804.5488255625639,3000.0,3000.0,3000.0,804.5488255625639,3000.0,3000.0,3000.0,3000.0,3000.0,3000.0,3000.0,3000.0,3000.0,3000.0,3000.0,3000.0,3000.0,3000.0,3000.0,3000.0,3000.0,3000.0,3000.0,3000.0,3000.0,3000.0,3000.0,3000.0,3000.0,3000.0,3000.0,3000.0,3000.0,3000.0,3000.0,3000.0,3000.0,3000.0,3000.0,3000.0,3000.0,3000.0,3000.0,3000.0,3000.0,3000.0,3000.0,3000.0,3000.0,3000.0,3000.0,3000.0,3000.0,1210.3607640352552,3000.0,3000.0,3000.0,1210.3607640352552,3000.0,3000.0,3000.0,1210.3607640352552,3000.0,3000.0,3000.0,1210.3607640352552,3000.0,3000.0,3000.0
8667,3000.0,3000.0,1106.468083866253,1158.8054848875688,3000.0,3000.0,1106.468083866253,1158.8054848875688,3000.0,3000.0,1106.468083866253,1158.8054848875688,3000.0,3000.0,1106.468083866253,1158.8054848875688,3000.0,3000.0,786.7647678647643,3000.0,3000.0,3000.0,786.7647678647643,3000.0,3000.0,3000.0,786.7647678647643,3000.0,3000.0,3000.0,786.7647678647643,3000.0,3000.0,3000.0,3000.0,3000.0,3000.0,3000.0,3000.0,3000.0,3000.0,3000.0,3000.0,3000.0,3000.0,3000.0,3000.0,3000.0,3000.0,3000.0,3000.0,3000.0,3000.0,3000.0,3000.0,3000.0,3000.0,3000.0,3000.0,3000.0,3000.0,3000.0,3000.0,3000.0,3000.0,3000.0,3000.0,3000.0,3000.0,3000.0,3000.0,3000.0,3000.0,3000.0,3000.0,3000.0,3000.0,3000.0,3000.0,3000.0,1158.8054848875688,3000.0,3000.0,3000.0,1158.8054848875688,3000.0,3000.0,3000.0,1158.8054848875688,3000.0,3000.0,3000.0,1158.8054848875688,3000.0,3000.0,3000.0
8733,3000.0,3000.0,1159.5172571800827,1109.432318642922,3000.0,3000.0,1159.5172571800827,1109.432318642922,3000.0,3000.0,1159.5172571800827,1109.432318642922,3000.0,3000.0,1159.5172571800827,1109.432318642922,3000.0,3000.0,768.7353126068842,3000.0,3000.0,3000.0,768.7353126068842,3000.0,3000.0,3000.0,768.7353126068842,3000.0,3000.0,3000.0,768.7353126068842,3000.0,3000.0,3000.0,3000.0,3000.0,3000.0,3000.0,3000.0,3000.0,3000.0,3000.0,3000.0,3000.0,3000.0,3000.0,3000.0,3000.0,3000.0,3000.0,3000.0,3000.0,3000.0,3000.0,3000.0,3000.0,3000.0,3000.0,3000.0,3000.0,3000.0,3000.0,3000.0,3000.0,3000.0,3000.0,3000.0,3000.0,3000.0,3000.0,3000.0,3000.0,3000.0,3000.0,3000.0,3000.0,3000.0,3000.0,3000.0,3000.0,1109.432318642922,3000.0,3000.0,3000.0,1109.432318642922,3000.0,3000.0,3000.0,1109.432318642922,3000.0,3000.0,3000.0,1109.432318642922,3000.0,3000.0,3000.0
8800,3000.0,3000.0,1212.7500732341923,1062.0953275773775,3000.0,3000.0,1212.7500732341923,1062.0953275773775,3000.0,3000.0,1212.7500732341923,1062.0953275773775,3000.0,3000.0,1212.7500732341923,1062.0953275773775,3000.0,3000.0,750.4370874084178,3000.0,3000.0,3000.0,750.4370874084178,3000.0,3000.0,3000.0,750.4370874084178,3000.0,3000.0,3000.0,750.4370874084178,3000.0,3000.0,3000.0,3000.0,3000.0,3000.0,3000.0,3000.0,3000.0,3000.0,3000.0,3000.0,3000.0,3000.0,3000.0,3000.0,3000.0,3000.0,3000.0,3000.0,3000.0,3000.0,3000.0,3000.0,3000.0,3000.0,3000.0,3000.0,3000.0,3000.0,3000.0,3000.0,3000.0,3000.0,3000.0,3000.0,3000.0,3000.0,3000.0,3000.0,3000.0,3000.0,3000.0,3000.0,3000.0,3000.0,3000.0,3000.0,3000.0,1062.0953275773775,3000.0,3000.0,3000.0,1062.0953275773775,3000.0,3000.0,3000.0,1062.0953275773775,3000.0,3000.0,3000.0,1062.0953275773775,3000.0,3000.0,3000.0
8867,946.3243608286803,3000.0,3000.0,1016.6556483063862,946.3243608286803,3000.0,3000.0,1016.6556483063862,946.3243608286803,3000.0,3000.0,1016.6556483063862,946.3243608286803,3000.0,3000.0,1016.6556483063862,3000.0,3000.0,731.8482325884489,946.3243608286803,3000.0,3000.0,731.8482325884489,946.3243608286803,3000.0,3000.0,731.8482325884489,946.3243608286803,3000.0,3000.0,731.8482325884489,946.3243608286803,3000.0,3000.0,3000.0,3000.0,3000.0,3000.0,3000.0,3000.0,3000.0,3000.0,3000.0,3000.0,3000.0,3000.0,3000.0,3000.0,3000.0,3000.0,3000.0,3000.0,3000.0,3000.0,3000.0,3000.0,3000.0,3000.0,3000.0,3000.0,3000.0,3000.0,3000.0,3000.0,3000.0,3000.0,3000.0,3000.0,3000.0,3000.0,3000.0,3000.0,3000.0,3000.0,3000.0,3000.0,3000.0,3000.0,3000.0,3000.0,1016.6556483063864,3000.0,3000.0,3000.0,1016.6556483063864,3000.0,3000.0,3000.0,1016.6556483063864,3000.0,3000.0,3000.0,1016.6556483063864,3000.0,3000.0,3000.0
8933,794.8644760069277,3000.0,3000.0,972.9813559400284,794.8644760069277,3000.0,3000.0,972.9813559400284,794.8644760069277,3000.0,3000.0,972.9813559400284,794.8644760069277,3000.0,3000.0,972.9813559400284,3000.0,3000.0,712.9487325496035,794.8644760069277,3000.0,3000.0,712.9487325496035,794.8644760069277,3000.0,3000.0,712.9487325496035,794.8644760069277,3000.0,3000.0,712.9487325496035,794.8644760069277,3000.0,3000.0,3000.0,3000.0,3000.0,3000.0,3000.0,3000.0,3000.0,3000.0,3000.0,3000.0,3000.0,3000.0,3000.0,3000.0,3000.0,3000.0,3000.0,3000.0,3000.0,3000.0,3000.0,3000.0,3000.0,3000.0,3000.0,3000.0,3000.0,3000.0,3000.0,3000.0,3000.0,3000.0,3000.0,3000.0,3000.0,3000.0,3000.0,3000.0,3000.0,3000.0,3000.0,3000.0,3000.0,3000.0,3000.0,3000.0,972.9813559400286,3000.0,3000.0,3000.0,972.9813559400286,3000.0,3000.0,3000.0,972.9813559400286,3000.0,3000.0,3000.0,972.9813559400286,3000.0,3000.0,3000.0
9000,666.2061056971348,3000.0,3000.0,930.9472690166358,666.2061056971348,3000.0,3000.0,930.9472690166358,666.2061056971348,3000.0,3000.0,930.9472690166358,666.2061056971348,3000.0,3000.0,930.9472690166358,3000.0,3000.0,693.7207430228724,666.2061056971348,3000.0,3000.0,693.7207430228724,666.2061056971348,3000.0,3000.0,693.7207430228724,666.2061056971348,3000.0,3000.0,693.7207430228724,666.2061056971348,3000.0,3000.0,3000.0,3000.0,3000.0,3000.0,3000.0,3000.0,3000.0,3000.0,3000.0,3000.0,3000.0,3000.0,3000.0,3000.0,3000.0,3000.0,3000.0,3000.0,3000.0,3000.0,3000.0,3000.0,3000.0,3000.0,3000.0,3000.0,3000.0,3000.0,3000.0,3000.0,3000.0,3000.0,3000.0,3000.0,3000.0,3000.0,3000.0,3000.0,3000.0,3000.0,3000.0,3000.0,3000.0,3000.0,3000.0,3000.0,930.9472690166358,3000.0,3000.0,3000.0,930.9472690166358,3000.0,3000.0,3000.0,930.9472690166358,3000.0,3000.0,3000.0,930.9472690166358,3000.0,3000.0,3000.0
9067,590.155798196026,3000.0,3000.0,918.9407990260532,590.155798196026,3000.0,3000.0,918.9407990260532,590.155798196026,3000.0,3000.0,918.9407990260532,590.155798196026,3000.0,3000.0,918.9407990260532,3000.0,3000.0,674.1489079383731,590.155798196026,3000.0,3000.0,674.1489079383731,590.155798196026,3000.0,3000.0,674.1489079383731,590.155798196026,3000.0,3000.0,674.1489079383731,590.155798196026,3000.0,3000.0,3000.0,3000.0,3000.0,3000.0,3000.0,3000.0,3000.0,3000.0,3000.0,3000.0,3000.0,3000.0,3000.0,3000.0,3000.0,3000.0,3000.0,3000.0,3000.0,3000.0,3000.0,3000.0,3000.0,3000.0,3000.0,3000.0,3000.0,3000.0,3000.0,3000.0,3000.0,3000.0,3000.0,3000.0,3000.0,3000.0,3000.0,3000.0,3000.0,3000.0,3000.0,3000.0,3000.0,3000.0,3000.0,3000.0,918.9407990260531,3000.0,3000.0,3000.0,918.9407990260531,3000.0,3000.0,3000.0,918.9407990260531,3000.0,3000.0,3000.0,918.9407990260531,3000.0,3000.0,3000.0
9133,570.7380517060935,3000.0,3000.0,943.7862829959291,570.7380517060935,3000.0,3000.0,943.7862829959291,570.7380517060935,3000.0,3000.0,943.7862829959291,570.7380517060935,3000.0,3000.0,943.7862829959291,3000.0,3000.0,654.2206591312965,570.7380517060935,3000.0,3000.0,654.2206591312965,570.7380517060935,3000.0,3000.0,654.2206591312965,570.7380517060935,3000.0,3000.0,654.2206591312965,570.7380517060935,3000.0,3000.0,3000.0,3000.0,3000.0,3000.0,3000.0,3000.0,3000.0,3000.0,3000.0,3000.0,3000.0,3000.0,3000.0,3000.0,3000.0,3000.0,3000.0,3000.0,3000.0,3000.0,3000.0,3000.0,3000.0,3000.0,3000.0,3000.0,3000.0,3000.0,3000.0,3000.0,3000.0,3000.0,3000.0,3000.0,3000.0,3000.0,3000.0,3000.0,3000.0,3000.0,3000.0,3000.0,3000.0,3000.0,3000.0,3000.0,943.7862829959291,3000.0,3000.0,3000.0,943.7862829959291,3000.0,3000.0,3000.0,943.7862829959291,3000.0,3000.0,3000.0,943.7862829959291,3000.0,3000.0,3000.0
9200,551.2362689163878,3000.0,3000.0,967.4748061621848,551.2362689163878,3000.0,3000.0,967.4748061621848,551.2362689163878,3000.0,3000.0,967.4748061621848,551.2362689163878,3000.0,3000.0,967.4748061621848,3000.0,3000.0,633.9264916854754,551.2362689163878,3000.0,3000.0,633.9264916854754,551.2362689163878,3000.0,3000.0,633.9264916854754,551.2362689163878,3000.0,3000.0,633.9264916854754,551.2362689163878,3000.0,3000.0,3000.0,3000.0,3000.0,3000.0,3000.0,3000.0,3000.0,3000.0,3000.0,3000.0,3000.0,3000.0,3000.0,3000.0,3000.0,3000.0,3000.0,3000.0,3000.0,3000.0,3000.0,3000.0,3000.0,3000.0,3000.0,3000.0,3000.0,3000.0,3000.0,3000.0,3000.0,3000.0,3000.0,3000.0,3000.0,3000.0,3000.0,3000.0,3000.0,3000.0,3000.0,3000.0,3000.0,3000.0,3000.0,3000.0,967.4748061621846,3000.0,3000.0,3000.0,967.4748061621846,3000.0,3000.0,3000.0,967.4748061621846,3000.0,3000.0,3000.0,967.4748061621846,3000.0,3000.0,3000.0
9267,531.6429030067444,3000.0,3000.0,989.8734744837799,531.6429030067444,3000.0,3000.0,989.8734744837799,531.6429030067444,3000.0,3000.0,989.8734744837799,531.6429030067444,3000.0,3000.0,989.8734744837799,3000.0,3000.0,613.2602075041895,531.6429030067444,3000.0,3000.0,613.2602075041895,531.6429030067444,3000.0,3000.0,613.2602075041895,531.6429030067444,3000.0,3000.0,613.2602075041895,531.6429030067444,3000.0,3000.0,3000.0,3000.0,3000.0,3000.0,3000.0,3000.0,3000.0,3000.0,3000.0,3000.0,3000.0,3000.0,3000.0,3000.0,3000.0,3000.0,3000.0,3000.0,3000.0,3000.0,3000.0,3000.0,3000.0,3000.0,3000.0,3000.0,3000.0,3000.0,3000.0,3000.0,3000.0,3000.0,3000.0,3000.0,3000.0,3000.0,3000.0,3000.0,3000.0,3000.0,3000.0,3000.0,3000.0,3000.0,3000.0,3000.0,989.8734744837799,3000.0,3000.0,3000.0,989.8734744837799,3000.0,3000.0,3000.0,989.8734744837799,3000.0,3000.0,3000.0,989.8734744837799,3000.0,3000.0,3000.0
9333,511.9520794227941,3000.0,3000.0,1010.8511886726736,511.9520794227941,3000.0,3000.0,1010.8511886726736,511.9520794227941,3000.0,3000.0,1010.8511886726736,511.9520794227941,3000.0,3000.0,1010.8511886726736,3000.0,3000.0,592.2191197208565,511.9520794227941,3000.0,3000.0,592.2191197208565,511.9520794227941,3000.0,3000.0,592.2191197208565,511.9520794227941,3000.0,3000.0,592.2191197208565,511.9520794227941,3000.0,3000.0,3000.0,3000.0,3000.0,3000.0,3000.0,3000.0,3000.0,3000.0,3000.0,3000.0,3000.0,3000.0,3000.0,3000.0,3000.0,3000.0,3000.0,3000.0,3000.0,3000.0,3000.0,3000.0,3000.0,3000.0,3000.0,3000.0,3000.0,3000.0,3000.0,3000.0,3000.0,3000.0,3000.0,3000.0,3000.0,3000.0,3000.0,3000.0,3000.0,3000.0,3000.0,3000.0,3000.0,3000.0,3000.0,3000.0,1010.8511886726736,3000.0,3000.0,3000.0,1010.8511886726736,3000.0,3000.0,3000.0,1010.8511886726736,3000.0,3000.0,3000.0,1010.8511886726736,3000.0,3000.0,3000.0
9400,492.1596566425803,3000.0,3000.0,1030.2802669521561,492.1596566425803,3000.0,3000.0,1030.2802669521561,492.1596566425803,3000.0,3000.0,1030.2802669521561,492.1596566425803,3000.0,3000.0,1030.2802669521561,3000.0,3000.0,570.8042108559342,492.1596566425803,3000.0,3000.0,570.8042108559342,492.1596566425803,3000.0,3000.0,570.8042108559342,492.1596566425803,3000.0,3000.0,570.8042108559342,492.1596566425803,3000.0,3000.0,3000.0,3000.0,3000.0,3000.0,3000.0,3000.0,3000.0,3000.0,3000.0,3000.0,3000.0,3000.0,3000.0,3000.0,3000.0,3000.0,3000.0,3000.0,3000.0,3000.0,3000.0,3000.0,3000.0,3000.0,3000.0,3000.0,3000.0,3000.0,3000.0,3000.0,3000.0,3000.0,3000.0,3000.0,3000.0,3000.0,3000.0,3000.0,3000.0,3000.0,3000.0,3000.0,3000.0,3000.0,3000.0,3000.0,1030.2802669521561,1240.579926585972,3000.0,3000.0,1030.2802669521561,1240.579926585972,3000.0,3000.0,1030.2802669521561,1240.579926585972,3000.0,3000.0,1030.2802669521561,1240.579926585972,3000.0,3000.0
9467,472.26326013950234,3000.0,3000.0,1048.0381441173447,472.26326013950234,3000.0,3000.0,1048.0381441173447,472.26326013950234,3000.0,3000.0,1048.0381441173447,472.26326013950234,3000.0,3000.0,1048.0381441173447,3000.0,3000.0,549.0202382153185,472.26326013950234,3000.0,3000.0,549.0202382153185,472.26326013950234,3000.0,3000.0,549.0202382153185,472.26326013950234,3000.0,3000.0,549.0202382153185,472.26326013950234,3000.0,3000.0,3000.0,3000.0,3000.0,3000.0,3000.0,3000.0,3000.0,3000.0,3000.0,3000.0,3000.0,3000.0,3000.0,3000.0,3000.0,3000.0,3000.0,3000.0,3000.0,3000.0,3000.0,3000.0,3000.0,3000.0,3000.0,3000.0,3000.0,3000.0,3000.0,3000.0,3000.0,3000.0,3000.0,3000.0,3000.0,3000.0,3000.0,3000.0,3000.0,3000.0,3000.0,3000.0,3000.0,3000.0,3000.0,3000.0,1048.0381441173447,1173.1535852243337,3000.0,3000.0,1048.0381441173447,1173.1535852243337,3000.0,3000.0,1048.0381441173447,1173.1535852243337,3000.0,3000.0,1048.0381441173447,1173.1535852243337,3000.0,3000.0
9533,452.2622883261254,3000.0,3000.0,1064.0091091994964,452.2622883261254,3000.0,3000.0,1064.0091091994964,452.2622883261254,3000.0,3000.0,1064.0091091994964,452.2622883261254,3000.0,3000.0,1064.0091091994964,3000.0,3000.0,526.8757809204972,452.2622883261254,3000.0,3000.0,526.8757809204972,452.2622883261254,3000.0,3000.0,526.8757809204972,452.2622883261254,3000.0,3000.0,526.8757809204972,452.2622883261254,3000.0,3000.0,3000.0,3000.0,3000.0,3000.0,3000.0,3000.0,3000.0,3000.0,3000.0,3000.0,3000.0,3000.0,3000.0,3000.0,3000.0,3000.0,3000.0,3000.0,3000.0,3000.0,3000.0,3000.0,3000.0,3000.0,3000.0,3000.0,3000.0,3000.0,3000.0,3000.0,3000.0,3000.0,3000.0,3000.0,3000.0,3000.0,3000.0,3000.0,3000.0,3000.0,3000.0,3000.0,3000.0,3000.0,3000.0,3000.0,1064.0091091994962,1109.12748544871,3000.0,3000.0,1064.0091091994962,1109.12748544871,3000.0,3000.0,1064.0091091994962,1109.12748544871,3000.0,3000.0,1064.0091091994962,1109.12748544871,3000.0,3000.0
9600,432.1578897511658,3000.0,3000.0,1078.0860391870608,432.1578897511658,3000.0,3000.0,1078.0860391870608,432.1578897511658,3000.0,3000.0,1078.0860391870608,432.1578897511658,3000.0,3000.0,1078.0860391870608,3000.0,3000.0,504.3832241562392,432.1578897511658,3000.0,3000.0,504.3832241562392,432.1578897511658,3000.0,3000.0,504.3832241562392,432.1578897511658,3000.0,3000.0,504.3832241562392,432.1578897511658,3000.0,3000.0,3000.0,3000.0,3000.0,3000.0,3000.0,3000.0,3000.0,3000.0,3000.0,3000.0,3000.0,3000.0,3000.0,3000.0,3000.0,3000.0,3000.0,3000.0,3000.0,3000.0,3000.0,3000.0,3000.0,3000.0,3000.0,3000.0,3000.0,3000.0,3000.0,3000.0,3000.0,3000.0,3000.0,3000.0,3000.0,3000.0,3000.0,3000.0,3000.0,3000.0,3000.0,3000.0,3000.0,3000.0,3000.0,3000.0,1078.0860391870608,1048.1266025791788,3000.0,3000.0,1078.0860391870608,1048.1266025791788,3000.0,3000.0,1078.0860391870608,1048.1266025791788,3000.0,3000.0,1078.0860391870608,1048.1266025791788,3000.0,3000.0
9667,411.9529113734159,3000.0,3000.0,1090.1720827865256,411.9529113734159,3000.0,3000.0,1090.1720827865256,411.9529113734159,3000.0,3000.0,1090.1720827865256,411.9529113734159,3000.0,3000.0,1090.1720827865256,3000.0,3000.0,481.5586776935235,411.9529113734159,3000.0,3000.0,481.5586776935235,411.9529113734159,3000.0,3000.0,481.5586776935235,411.9529113734159,3000.0,3000.0,481.5586776935235,411.9529113734159,3000.0,3000.0,3000.0,3000.0,3000.0,3000.0,3000.0,3000.0,3000.0,3000.0,3000.0,3000.0,3000.0,3000.0,3000.0,3000.0,3000.0,3000.0,3000.0,3000.0,3000.0,3000.0,3000.0,3000.0,3000.0,3000.0,3000.0,3000.0,3000.0,3000.0,3000.0,3000.0,3000.0,3000.0,3000.0,3000.0,3000.0,3000.0,3000.0,3000.0,3000.0,3000.0,3000.0,3000.0,3000.0,3000.0,3000.0,3000.0,1090.1720827865254,989.8099067484762,3000.0,3000.0,1090.1720827865254,989.8099067484762,3000.0,3000.0,1090.1720827865254,989.8099067484762,3000.0,3000.0,1090.1720827865254,989.8099067484762,3000.0,3000.0
9733,391.65181833637564,3000.0,3000.0,1100.1822464545464,391.65181833637564,3000.0,3000.0,1100.1822464545464,391.65181833637564,3000.0,3000.0,1100.1822464545464,391.65181833637564,3000.0,3000.0,1100.1822464545464,3000.0,3000.0,458.4218274509913,391.65181833637564,3000.0,3000.0,458.4218274509913,391.65181833637564,3000.0,3000.0,458.4218274509913,391.65181833637564,3000.0,3000.0,458.4218274509913,391.65181833637564,3000.0,3000.0,3000.0,3000.0,3000.0,3000.0,3000.0,3000.0,3000.0,3000.0,3000.0,3000.0,3000.0,3000.0,3000.0,3000.0,3000.0,3000.0,3000.0,3000.0,3000.0,3000.0,3000.0,3000.0,3000.0,3000.0,3000.0,3000.0,3000.0,3000.0,3000.0,3000.0,3000.0,3000.0,3000.0,3000.0,3000.0,3000.0,3000.0,3000.0,3000.0,3000.0,3000.0,3000.0,3000.0,3000.0,3000.0,3000.0,1100.1822464545464,933.8652720456505,3000.0,3000.0,1100.1822464545464,933.8652720456505,3000.0,3000.0,1100.1822464545464,933.8652720456505,3000.0,3000.0,1100.1822464545464,933.8652720456505,3000.0,3000.0
9800,371.2605862966841,3000.0,3000.0,3000.0,371.2605862966841,3000.0,3000.0,3000.0,371.2605862966841,3000.0,3000.0,3000.0,371.2605862966841,3000.0,3000.0,3000.0,3000.0,3000.0,434.99572073635613,371.2605862966841,3000.0,3000.0,434.99572073635613,371.2605862966841,3000.0,3000.0,434.99572073635613,371.2605862966841,3000.0,3000.0,434.99572073635613,371.2605862966841,3000.0,3000.0,3000.0,3000.0,3000.0,3000.0,3000.0,3000.0,3000.0,3000.0,3000.0,3000.0,3000.0,3000.0,3000.0,3000.0,3000.0,3000.0,3000.0,3000.0,3000.0,3000.0,3000.0,3000.0,3000.0,3000.0,3000.0,3000.0,3000.0,3000.0,3000.0,3000.0,3000.0,3000.0,3000.0,3000.0,3000.0,3000.0,3000.0,3000.0,3000.0,3000.0,3000.0,3000.0,3000.0,3000.0,3000.0,3000.0,3000.0,880.0050213000119,3000.0,3000.0,3000.0,880.0050213000119,3000.0,3000.0,3000.0,880.0050213000119,3000.0,3000.0,3000.0,880.0050213000119,3000.0,3000.0
9867,350.7865679960323,3000.0,3000.0,3000.0,350.7865679960323,3000.0,3000.0,3000.0,350.7865679960323,3000.0,3000.0,3000.0,350.7865679960323,3000.0,3000.0,3000.0,3000.0,3000.0,411.3064877833317,350.7865679960323,3000.0,3000.0,411.3064877833317,350.7865679960323,3000.0,3000.0,411.3064877833317,350.7865679960323,3000.0,3000.0,411.3064877833317,350.7865679960323,3000.0,3000.0,3000.0,3000.0,3000.0,3000.0,3000.0,3000.0,3000.0,3000.0,3000.0,3000.0,3000.0,3000.0,3000.0,3000.0,3000.0,3000.0,3000.0,3000.0,3000.0,3000.0,3000.0,3000.0,3000.0,3000.0,3000.0,3000.0,3000.0,3000.0,3000.0,3000.0,3000.0,3000.0,3000.0,3000.0,3000.0,3000.0,3000.0,3000.0,3000.0,3000.0,3000.0,3000.0,3000.0,3000.0,3000.0,3000.0,3000.0,874.9874988099699,3000.0,3000.0,3000.0,874.9874988099699,3000.0,3000.0,3000.0,874.9874988099699,3000.0,3000.0,3000.0,874.9874988099699,3000.0,3000.0
9933,330.2383363861723,3000.0,3000.0,3000.0,330.2383363861723,3000.0,3000.0,3000.0,330.2383363861723,3000.0,3000.0,3000.0,330.2383363861723,3000.0,3000.0,3000.0,3000.0,3000.0,387.3830041816027,330.2383363861723,3000.0,3000.0,387.3830041816027,330.2383363861723,3000.0,3000.0,387.3830041816027,330.2383363861723,3000.0,3000.0,387.3830041816027,330.2383363861723,3000.0,3000.0,3000.0,3000.0,3000.0,3000.0,3000.0,3000.0,3000.0,3000.0,3000.0,3000.0,3000.0,3000.0,3000.0,3000.0,3000.0,3000.0,3000.0,3000.0,3000.0,3000.0,3000.0,3000.0,3000.0,3000.0,3000.0,3000.0,3000.0,3000.0,3000.0,3000.0,3000.0,3000.0,3000.0,3000.0,3000.0,3000.0,3000.0,3000.0,3000.0,3000.0,3000.0,3000.0,3000.0,3000.0,3000.0,3000.0,3000.0,877.1956592529737,3000.0,3000.0,3000.0,877.1956592529737,3000.0,3000.0,3000.0,877.1956592529737,3000.0,3000.0,3000.0,877.1956592529737,3000.0,3000.0
10000,309.6255071953155,3000.0,3000.0,3000.0,309.6255071953155,3000.0,3000.0,3000.0,309.6255071953155,3000.0,3000.0,3000.0,309.6255071953155,3000.0,3000.0,3000.0,3000.0,3000.0,363.25650069270006,309.6255071953155,3000.0,3000.0,363.25650069270006,309.6255071953155,3000.0,3000.0,363.25650069270006,309.6255071953155,3000.0,3000.0,363.25650069270006,309.6255071953155,3000.0,3000.0,3000.0,3000.0,3000.0,3000.0,3000.0,3000.0,3000.0,3000.0,3000.0,3000.0,3000.0,3000.0,3000.0,3000.0,3000.0,3000.0,3000.0,3000.0,3000.0,3000.0,3000.0,3000.0,3000.0,3000.0,3000.0,3000.0,3000.0,3000.0,3000.0,3000.0,3000.0,3000.0,3000.0,3000.0,3000.0,3000.0,3000.0,3000.0,3000.0,3000.0,3000.0,3000.0,3000.0,3000.0,3000.0,3000.0,3000.0,877.9330470746747,3000.0,3000.0,3000.0,877.9330470746747,3000.0,3000.0,3000.0,877.9330470746747,3000.0,3000.0,3000.0,877.9330470746747,3000.0,3000.0
10067,288.9585443379012,3000.0,3000.0,3000.0,288.9585443379012,3000.0,3000.0,3000.0,288.9585443379012,3000.0,3000.0,3000.0,288.9585443379012,3000.0,3000.0,3000.0,3000.0,479.87929586620527,338.96012865890293,288.9585443379012,3000.0,479.87929586620527,338.96012865890293,288.9585443379012,3000.0,479.87929586620527,338.96012865890293,288.9585443379012,3000.0,479.87929586620527,338.96012865890293,288.9585443379012,3000.0,3000.0,3000.0,3000.0,3000.0,3000.0,3000.0,3000.0,3000.0,3000.0,3000.0,3000.0,3000.0,3000.0,3000.0,3000.0,3000.0,3000.0,3000.0,3000.0,3000.0,3000.0,3000.0,3000.0,3000.0,3000.0,3000.0,3000.0,3000.0,3000.0,3000.0,3000.0,3000.0,3000.0,3000.0,3000.0,3000.0,3000.0,3000.0,3000.0,3000.0,3000.0,3000.0,3000.0,3000.0,3000.0,3000.0,3000.0,3000.0,877.1956592529737,3000.0,3000.0,3000.0,877.1956592529737,3000.0,3000.0,3000.0,877.1956592529737,3000.0,3000.0,3000.0,877.1956592529737,3000.0,3000.0
10133,268.2485519969657,3000.0,3000.0,3000.0,268.2485519969657,3000.0,3000.0,3000.0,268.2485519969657,3000.0,3000.0,3000.0,268.2485519969657,3000.0,3000.0,3000.0,3000.0,444.96643710205547,314.52849065784176,268.2485519969657,3000.0,444.96643710205547,314.52849065784176,268.2485519969657,3000.0,444.96643710205547,314.52849065784176,268.2485519969657,3000.0,444.96643710205547,314.52849065784176,268.2485519969657,3000.0,3000.0,3000.0,3000.0,3000.0,3000.0,3000.0,3000.0,3000.0,3000.0,3000.0,3000.0,3000.0,3000.0,3000.0,3000.0,3000.0,3000.0,3000.0,3000.0,3000.0,3000.0,3000.0,3000.0,3000.0,3000.0,3000.0,3000.0,3000.0,3000.0,3000.0,3000.0,3000.0,3000.0,3000.0,3000.0,3000.0,3000.0,3000.0,3000.0,3000.0,3000.0,3000.0,3000.0,3000.0,3000.0,3000.0,3000.0,3000.0,874.9874988099699,3000.0,3000.0,3000.0,874.9874988099699,3000.0,3000.0,3000.0,874.9874988099699,3000.0,3000.0,3000.0,874.9874988099699,3000.0,3000.0
10200,247.5070575311233,3000.0,3000.0,3000.0,247.5070575311233,3000.0,3000.0,3000.0,247.5070575311233,3000.0,3000.0,3000.0,247.5070575311233,3000.0,3000.0,3000.0,3000.0,409.766592204725,289.9971471575715,247.5070575311233,3000.0,409.766592204725,289.9971471575715,247.5070575311233,3000.0,409.766592204725,289.9971471575715,247.5070575311233,3000.0,409.766592204725,289.9971471575715,247.5070575311233,3000.0,3000.0,3000.0,3000.0,3000.0,3000.0,3000.0,3000.0,3000.0,3000.0,3000.0,3000.0,3000.0,3000.0,3000.0,3000.0,3000.0,3000.0,3000.0,3000.0,3000.0,3000.0,3000.0,3000.0,3000.0,3000.0,3000.0,3000.0,3000.0,3000.0,3000.0,3000.0,3000.0,3000.0,3000.0,3000.0,3000.0,3000.0,3000.0,3000.0,3000.0,3000.0,3000.0,3000.0,3000.0,3000.0,3000.0,3000.0,3000.0,871.3205185018535,3000.0,3000.0,3000.0,871.3205185018535,3000.0,3000.0,3000.0,871.3205185018535,3000.0,3000.0,3000.0,871.3205185018535,3000.0,3000.0
10267,226.7457895631646,3000.0,3000.0,3000.0,226.7457895631646,3000.0,3000.0,3000.0,226.7457895631646,3000.0,3000.0,3000.0,226.7457895631646,3000.0,3000.0,3000.0,3000.0,374.3846835523591,265.402110629521,226.7457895631646,3000.0,374.3846835523591,265.402110629521,226.7457895631646,3000.0,374.3846835523591,265.402110629521,226.7457895631646,3000.0,374.3846835523591,265.402110629521,226.7457895631646,3000.0,3000.0,3000.0,3000.0,3000.0,3000.0,3000.0,3000.0,3000.0,3000.0,3000.0,3000.0,3000.0,3000.0,3000.0,3000.0,3000.0,3000.0,3000.0,3000.0,3000.0,3000.0,3000.0,3000.0,3000.0,3000.0,3000.0,3000.0,3000.0,3000.0,3000.0,3000.0,3000.0,3000.0,3000.0,3000.0,3000.0,3000.0,3000.0,3000.0,3000.0,3000.0,3000.0,3000.0,3000.0,3000.0,3000.0,3000.0,3000.0,866.2144534600891,3000.0,3000.0,3000.0,866.2144534600891,3000.0,3000.0,3000.0,866.2144534600891,3000.0,3000.0,3000.0,866.2144534600891,3000.0,3000.0
10333,205.97645568670748,3000.0,3000.0,3000.0,205.97645568670748,3000.0,3000.0,3000.0,205.97645568670748,3000.0,3000.0,3000.0,205.97645568670748,3000.0,3000.0,3000.0,3000.0,338.9253882690128,240.77933884676122,205.97645568670748,3000.0,338.9253882690128,240.77933884676122,205.97645568670748,3000.0,338.9253882690128,240.77933884676122,205.97645568670748,3000.0,338.9253882690128,240.77933884676122,205.97645568670748,3000.0,3000.0,3000.0,3000.0,3000.0,3000.0,3000.0,3000.0,3000.0,3000.0,3000.0,3000.0,3000.0,3000.0,3000.0,3000.0,3000.0,3000.0,3000.0,3000.0,3000.0,3000.0,3000.0,3000.0,3000.0,3000.0,3000.0,3000.0,3000.0,3000.0,3000.0,3000.0,3000.0,3000.0,3000.0,3000.0,3000.0,3000.0,3000.0,3000.0,3000.0,3000.0,3000.0,3000.0,3000.0,3000.0,3000.0,3000.0,3000.0,859.6965474313972,3000.0,3000.0,3000.0,859.6965474313972,3000.0,3000.0,3000.0,859.6965474313972,3000.0,3000.0,3000.0,859.6965474313972,3000.0,3000.0
10400,185.21052417907077,3000.0,3000.0,3000.0,185.21052417907077,3000.0,3000.0,3000.0,185.21052417907077,3000.0,3000.0,3000.0,185.21052417907077,3000.0,3000.0,3000.0,3000.0,303.4914647953745,216.1642389241022,185.21052417907077,3000.0,303.4914647953745,216.1642389241022,185.21052417907077,3000.0,303.4914647953745,216.1642389241022,185.21052417907077,3000.0,303.4914647953745,216.1642389241022,185.21052417907077,3000.0,3000.0,3000.0,3000.0,3000.0,3000.0,3000.0,3000.0,3000.0,3000.0,3000.0,3000.0,3000.0,3000.0,3000.0,3000.0,3000.0,3000.0,3000.0,3000.0,3000.0,3000.0,3000.0,3000.0,3000.0,3000.0,3000.0,3000.0,3000.0,3000.0,3000.0,3000.0,3000.0,3000.0,3000.0,3000.0,3000.0,3000.0,3000.0,3000.0,3000.0,3000.0,3000.0,3000.0,3000.0,3000.0,3000.0,3000.0,3000.0,851.8011801429282,3000.0,3000.0,3000.0,851.8011801429282,3000.0,3000.0,3000.0,851.8011801429282,3000.0,3000.0,3000.0,851.8011801429282,3000.0,3000.0
10467,164.45901393677303,3000.0,3000.0,3000.0,164.45901393677303,3000.0,3000.0,3000.0,164.45901393677303,3000.0,3000.0,3000.0,164.45901393677303,3000.0,3000.0,3000.0,3000.0,268.18217905807114,191.59119306199915,164.45901393677303,3000.0,268.18217905807114,191.59119306199915,164.45901393677303,3000.0,268.18217905807114,191.59119306199915,164.45901393677303,3000.0,268.18217905807114,191.59119306199915,164.45901393677303,3000.0,3000.0,3000.0,3000.0,3000.0,3000.0,3000.0,3000.0,3000.0,3000.0,3000.0,3000.0,3000.0,3000.0,3000.0,3000.0,3000.0,3000.0,3000.0,3000.0,3000.0,3000.0,3000.0,3000.0,3000.0,3000.0,3000.0,3000.0,3000.0,3000.0,3000.0,3000.0,3000.0,3000.0,3000.0,3000.0,3000.0,3000.0,3000.0,3000.0,3000.0,3000.0,3000.0,3000.0,3000.0,3000.0,3000.0,3000.0,3000.0,842.5694058829159,3000.0,3000.0,3000.0,842.5694058829159,3000.0,3000.0,3000.0,842.5694058829159,3000.0,3000.0,3000.0,842.5694058829159,3000.0,3000.0
10533,152.7424362040407,3000.0,3000.0,3000.0,152.7424362040407,3000.0,3000.0,3000.0,152.7424362040407,3000.0,3000.0,3000.0,152.7424362040407,3000.0,3000.0,3000.0,3000.0,233.09187308048755,167.09311597857484,152.7424362040407,3000.0,233.09187308048755,167.09311597857484,152.7424362040407,3000.0,233.09187308048755,167.09311597857484,152.7424362040407,3000.0,233.09187308048755,167.09311597857484,152.7424362040407,3000.0,3000.0,3000.0,3000.0,3000.0,3000.0,3000.0,3000.0,3000.0,3000.0,3000.0,3000.0,3000.0,3000.0,3000.0,3000.0,3000.0,3000.0,3000.0,3000.0,3000.0,3000.0,3000.0,3000.0,3000.0,3000.0,3000.0,3000.0,3000.0,3000.0,3000.0,3000.0,3000.0,3000.0,3000.0,3000.0,3000.0,3000.0,3000.0,3000.0,3000.0,3000.0,3000.0,3000.0,3000.0,3000.0,3000.0,3000.0,3000.0,832.0484155368814,3000.0,3000.0,3000.0,832.0484155368814,3000.0,3000.0,3000.0,832.0484155368814,3000.0,3000.0,3000.0,832.0484155368814,3000.0,3000.0
10600,197.34996400242647,3000.0,3000.0,3000.0,197.34996400242647,3000.0,3000.0,3000.0,197.34996400242647,3000.0,3000.0,3000.0,197.34996400242647,3000.0,3000.0,3000.0,404.95474464281415,198.3087108939757,142.7010527139838,197.34996400242656,404.95474464281415,198.3087108939757,142.7010527139838,197.34996400242656,404.95474464281415,198.3087108939757,142.7010527139838,197.34996400242656,404.95474464281415,198.3087108939757,142.7010527139838,197.34996400242656,3000.0,3000.0,3000.0,404.95474464281466,3000.0,3000.0,3000.0,404.95474464281466,3000.0,3000.0,3000.0,404.95474464281466,3000.0,3000.0,3000.0,404.95474464281466,3000.0,3000.0,3000.0,3000.0,3000.0,3000.0,3000.0,3000.0,3000.0,3000.0,3000.0,3000.0,3000.0,3000.0,3000.0,3000.0,3000.0,3000.0,3000.0,3000.0,3000.0,3000.0,3000.0,3000.0,3000.0,3000.0,3000.0,3000.0,3000.0,3000.0,3000.0,3000.0,3000.0,820.2909359803617,3000.0,3000.0,3000.0,820.2909359803617,3000.0,3000.0,3000.0,820.2909359803617,3000.0,3000.0,3000.0,820.2909359803617,3000.0,3000.0
10667,249.46524588996192,3000.0,3000.0,3000.0,249.46524588996192,3000.0,3000.0,3000.0,249.46524588996192,3000.0,3000.0,3000.0,249.46524588996192,3000.0,3000.0,3000.0,330.8099489473119,163.91362743646513,118.44382394417141,249.46524588996198,330.8099489473119,163.91362743646513,118.44382394417141,249.46524588996198,330.8099489473119,163.91362743646513,118.44382394417141,249.46524588996198,330.8099489473119,163.91362743646513,118.44382394417141,249.46524588996198,3000.0,3000.0,3000.0,330.8099489473124,3000.0,3000.0,3000.0,330.8099489473124,3000.0,3000.0,3000.0,330.8099489473124,3000.0,3000.0,3000.0,330.8099489473124,3000.0,3000.0,3000.0,3000.0,3000.0,3000.0,3000.0,3000.0,3000.0,3000.0,3000.0,3000.0,3000.0,3000.0,3000.0,3000.0,3000.0,3000.0,3000.0,3000.0,3000.0,3000.0,3000.0,3000.0,3000.0,3000.0,3000.0,3000.0,3000.0,3000.0,3000.0,3000.0,3000.0,807.3545818540649,3000.0,3000.0,3000.0,807.3545818540649,3000.0,3000.0,3000.0,807.3545818540649,3000.0,3000.0,3000.0,807.3545818540649,3000.0,3000.0
10733,310.04792530162837,3000.0,3000.0,3000.0,310.04792530162837,3000.0,3000.0,3000.0,310.04792530162837,3000.0,3000.0,3000.0,310.04792530162837,3000.0,3000.0,3000.0,259.0673406073146,129.97949642536054,121.73217267925384,310.0479253016284,259.0673406073146,129.97949642536054,121.73217267925384,310.0479253016284,259.0673406073146,129.97949642536054,121.73217267925384,310.0479253016284,259.0673406073146,129.97949642536054,121.73217267925384,310.0479253016284,3000.0,3000.0,3000.0,259.067340607315,3000.0,3000.0,3000.0,259.067340607315,3000.0,3000.0,3000.0,259.067340607315,3000.0,3000.0,3000.0,259.067340607315,3000.0,3000.0,3000.0,3000.0,3000.0,3000.0,3000.0,3000.0,3000.0,3000.0,3000.0,3000.0,3000.0,3000.0,3000.0,3000.0,3000.0,3000.0,3000.0,3000.0,3000.0,3000.0,3000.0,3000.0,3000.0,3000.0,3000.0,3000.0,3000.0,3000.0,3000.0,3000.0,3000.0,793.3011753180623,3000.0,3000.0,3000.0,793.3011753180623,3000.0,3000.0,3000.0,793.3011753180623,3000.0,3000.0,3000.0,793.3011753180623,3000.0,3000.0
10800,380.29624860656145,3000.0,3000.0,3000.0,380.29624860656145,3000.0,3000.0,3000.0,380.29624860656145,3000.0,3000.0,3000.0,380.29624860656145,3000.0,3000.0,3000.0,189.96807198518454,97.49418431972505,145.8408256206607,380.29624860656145,189.96807198518454,97.49418431972505,145.8408256206607,380.29624860656145,189.96807198518454,97.49418431972505,145.8408256206607,380.29624860656145,189.96807198518454,97.49418431972505,145.8408256206607,380.29624860656145,3000.0,3000.0,3000.0,189.96807198518454,3000.0,3000.0,3000.0,189.96807198518454,3000.0,3000.0,3000.0,189.96807198518454,3000.0,3000.0,3000.0,189.96807198518454,3000.0,3000.0,3000.0,3000.0,3000.0,3000.0,3000.0,3000.0,3000.0,3000.0,3000.0,3000.0,3000.0,3000.0,3000.0,3000.0,3000.0,3000.0,3000.0,3000.0,3000.0,3000.0,3000.0,3000.0,3000.0,3000.0,3000.0,3000.0,3000.0,3000.0,3000.0,3000.0,3000.0,778.1960494081555,3000.0,3000.0,3000.0,778.1960494081555,3000.0,3000.0,3000.0,778.1960494081555,3000.0,3000.0,3000.0,778.1960494081555,3000.0,3000.0
10867,3000.0,3000.0,3000.0,3000.0,3000.0,3000.0,3000.0,3000.0,3000.0,3000.0,3000.0,3000.0,3000.0,3000.0,3000.0,3000.0,123.68876591145435,114.49086455730357,172.41810849790863,3000.0,123.68876591145435,114.49086455730357,172.41810849790863,3000.0,123.68876591145435,114.49086455730357,172.41810849790863,3000.0,123.68876591145435,114.49086455730357,172.41810849790863,3000.0,3000.0,3000.0,3000.0,123.68876591145435,3000.0,3000.0,3000.0,123.68876591145435,3000.0,3000.0,3000.0,123.68876591145435,3000.0,3000.0,3000.0,123.68876591145435,3000.0,3000.0,3000.0,3000.0,3000.0,3000.0,3000.0,3000.0,3000.0,3000.0,3000.0,3000.0,3000.0,3000.0,3000.0,3000.0,3000.0,3000.0,3000.0,3000.0,3000.0,3000.0,3000.0,3000.0,3000.0,3000.0,3000.0,3000.0,3000.0,3000.0,3000.0,3000.0,3000.0,762.1073501352288,3000.0,3000.0,3000.0,762.1073501352288,3000.0,3000.0,3000.0,762.1073501352288,3000.0,3000.0,3000.0,762.1073501352288,3000.0,3000.0
10933,3000.0,3000.0,3000.0,3000.0,3000.0,3000.0,3000.0,3000.0,3000.0,3000.0,3000.0,3000.0,3000.0,3000.0,3000.0,3000.0,108.89670587533418,132.87400728032975,201.56816880666716,3000.0,108.89670587533418,132.87400728032975,201.56816880666716,3000.0,108.89670587533418,132.87400728032975,201.56816880666716,3000.0,108.89670587533418,132.87400728032975,201.56816880666716,3000.0,3000.0,3000.0,3000.0,108.89670587533416,3000.0,3000.0,3000.0,108.89670587533416,3000.0,3000.0,3000.0,108.89670587533416,3000.0,3000.0,3000.0,108.89670587533416,3000.0,3000.0,3000.0,3000.0,3000.0,3000.0,3000.0,3000.0,3000.0,3000.0,3000.0,3000.0,3000.0,3000.0,3000.0,3000.0,3000.0,3000.0,3000.0,3000.0,3000.0,3000.0,3000.0,3000.0,3000.0,3000.0,3000.0,3000.0,3000.0,3000.0,3000.0,3000.0,3000.0,745.1053515340019,3000.0,3000.0,3000.0,745.1053515340019,3000.0,3000.0,3000.0,745.1053515340019,3000.0,3000.0,3000.0,745.1053515340019,3000.0,3000.0
11000,3000.0,3000.0,3000.0,3000.0,3000.0,3000.0,3000.0,3000.0,3000.0,3000.0,3000.0,3000.0,3000.0,3000.0,3000.0,3000.0,124.57475902804306,152.65095855345712,233.40806404212574,3000.0,124.57475902804306,152.65095855345712,233.40806404212574,3000.0,124.57475902804306,152.65095855345712,233.40806404212574,3000.0,124.57475902804306,152.65095855345712,233.40806404212574,3000.0,3000.0,3000.0,3000.0,124.57475902804305,3000.0,3000.0,3000.0,124.57475902804305,3000.0,3000.0,3000.0,124.57475902804305,3000.0,3000.0,3000.0,124.57475902804305,3000.0,3000.0,3000.0,3000.0,3000.0,3000.0,3000.0,3000.0,3000.0,3000.0,3000.0,3000.0,3000.0,3000.0,3000.0,3000.0,3000.0,3000.0,3000.0,3000.0,3000.0,3000.0,3000.0,3000.0,3000.0,3000.0,3000.0,3000.0,3000.0,3000.0,3000.0,3000.0,3000.0,727.2617965538453,682.8444313654934,3000.0,3000.0,727.2617965538453,682.8444313654934,3000.0,3000.0,727.2617965538453,682.8444313654934,3000.0,3000.0,727.2617965538453,682.8444313654934,3000.0
11067,3000.0,3000.0,3000.0,3000.0,3000.0,3000.0,3000.0,3000.0,3000.0,3000.0,3000.0,3000.0,3000.0,3000.0,3000.0,3000.0,141.21790775114053,173.82981561662967,268.0688980432766,3000.0,141.21790775114053,173.82981561662967,268.0688980432766,3000.0,141.21790775114053,173.82981561662967,268.0688980432766,3000.0,141.21790775114053,173.82981561662967,268.0688980432766,3000.0,3000.0,3000.0,132.35123605968712,141.2179077511405,3000.0,3000.0,132.35123605968712,141.2179077511405,3000.0,3000.0,132.35123605968712,141.2179077511405,3000.0,3000.0,132.35123605968712,141.2179077511405,3000.0,3000.0,3000.0,3000.0,3000.0,3000.0,3000.0,3000.0,3000.0,3000.0,3000.0,3000.0,3000.0,3000.0,3000.0,3000.0,3000.0,3000.0,3000.0,3000.0,3000.0,3000.0,3000.0,3000.0,3000.0,3000.0,3000.0,3000.0,3000.0,3000.0,3000.0,3000.0,3000.0,708.6492750743142,667.6697909878278,3000.0,3000.0,708.6492750743142,667.6697909878278,3000.0,3000.0,708.6492750743142,667.6697909878278,3000.0,3000.0,708.6492750743142,667.6697909878278,3000.0
11133,3000.0,3000.0,3000.0,3000.0,3000.0,3000.0,3000.0,3000.0,3000.0,3000.0,3000.0,3000.0,3000.0,3000.0,3000.0,3000.0,158.80537965966695,196.41935985616342,305.6970726662708,3000.0,158.80537965966695,196.41935985616342,305.6970726662708,3000.0,158.80537965966695,196.41935985616342,305.6970726662708,3000.0,158.80537965966695,196.41935985616342,305.6970726662708,3000.0,3000.0,3000.0,148.29378586813775,158.80537965966693,3000.0,3000.0,148.29378586813775,158.80537965966693,3000.0,3000.0,148.29378586813775,158.80537965966693,3000.0,3000.0,148.29378586813775,158.80537965966693,3000.0,3000.0,3000.0,3000.0,3000.0,3000.0,3000.0,3000.0,3000.0,3000.0,3000.0,3000.0,3000.0,3000.0,3000.0,3000.0,3000.0,3000.0,3000.0,3000.0,3000.0,3000.0,3000.0,3000.0,3000.0,3000.0,3000.0,3000.0,3000.0,3000.0,3000.0,3000.0,3000.0,689.3406485095824,651.8246036388276,3000.0,3000.0,689.3406485095824,651.8246036388276,3000.0,3000.0,689.3406485095824,651.8246036388276,3000.0,3000.0,689.3406485095824,651.8246036388276,3000.0
11200,3000.0,3000.0,3000.0,3000.0,3000.0,3000.0,3000.0,3000.0,3000.0,3000.0,3000.0,3000.0,3000.0,3000.0,3000.0,3000.0,177.31552211441596,220.42894843895564,346.4556615903439,3000.0,177.31552211441596,220.42894843895564,346.4556615903439,3000.0,177.31552211441596,220.42894843895564,346.4556615903439,3000.0,177.31552211441596,220.42894843895564,346.4556615903439,3000.0,3000.0,173.7892875004156,164.94865981359766,177.31552211441596,3000.0,173.7892875004156,164.94865981359766,177.31552211441596,3000.0,173.7892875004156,164.94865981359766,177.31552211441596,3000.0,173.7892875004156,164.94865981359766,177.31552211441596,3000.0,3000.0,3000.0,3000.0,3000.0,3000.0,3000.0,3000.0,3000.0,3000.0,3000.0,3000.0,3000.0,3000.0,3000.0,3000.0,3000.0,3000.0,3000.0,3000.0,3000.0,3000.0,3000.0,3000.0,3000.0,3000.0,3000.0,3000.0,3000.0,3000.0,3000.0,3000.0,3000.0,669.4085285259162,635.355845209264,3000.0,3000.0,669.4085285259162,635.355845209264,3000.0,3000.0,669.4085285259162,635.355845209264,3000.0,3000.0,669.4085285259162,635.355845209264,3000.0
11267,3000.0,3000.0,3000.0,3000.0,3000.0,3000.0,3000.0,3000.0,3000.0,3000.0,3000.0,3000.0,3000.0,3000.0,3000.0,3000.0,196.7257620663842,245.86835787803642,3000.0,3000.0,196.7257620663842,245.86835787803642,3000.0,3000.0,196.7257620663842,245.86835787803642,3000.0,3000.0,196.7257620663842,245.86835787803642,3000.0,3000.0,3000.0,191.30361427636925,182.27857211690912,196.72576206638416,3000.0,191.30361427636925,182.27857211690912,196.72576206638416,3000.0,191.30361427636925,182.27857211690912,196.72576206638416,3000.0,191.30361427636925,182.27857211690912,196.72576206638416,3000.0,3000.0,3000.0,3000.0,3000.0,3000.0,3000.0,3000.0,3000.0,3000.0,3000.0,3000.0,3000.0,3000.0,3000.0,3000.0,3000.0,3000.0,3000.0,3000.0,3000.0,3000.0,3000.0,3000.0,3000.0,3000.0,3000.0,3000.0,3000.0,3000.0,3000.0,3000.0,3000.0,648.9248154164671,618.3107894368392,3000.0,3000.0,648.9248154164671,618.3107894368392,3000.0,3000.0,648.9248154164671,618.3107894368392,3000.0,3000.0,648.9248154164671,618.3107894368392,3000.0
11333,3000.0,3000.0,3000.0,3000.0,3000.0,3000.0,3000.0,3000.0,3000.0,3000.0,3000.0,3000.0,3000.0,3000.0,3000.0,3000.0,217.01253442341132,272.74757250019144,3000.0,3000.0,217.01253442341132,272.74757250019144,3000.0,3000.0,217.01253442341132,272.74757250019144,3000.0,3000.0,217.01253442341132,272.74757250019144,3000.0,3000.0,3000.0,209.32009991026302,200.24560213983423,217.0125344234113,3000.0,209.32009991026302,200.24560213983423,217.0125344234113,3000.0,209.32009991026302,200.24560213983423,217.0125344234113,3000.0,209.32009991026302,200.24560213983423,217.0125344234113,3000.0,3000.0,3000.0,3000.0,3000.0,3000.0,3000.0,3000.0,3000.0,3000.0,3000.0,3000.0,3000.0,3000.0,3000.0,3000.0,3000.0,3000.0,3000.0,3000.0,3000.0,3000.0,3000.0,3000.0,3000.0,3000.0,3000.0,3000.0,3000.0,3000.0,3000.0,3000.0,3000.0,627.9602997307886,600.7368064195023,3000.0,3000.0,627.9602997307886,600.7368064195023,3000.0,3000.0,627.9602997307886,600.7368064195023,3000.0,3000.0,627.9602997307886,600.7368064195023,3000.0
11400,3000.0,3000.0,3000.0,3000.0,3000.0,3000.0,3000.0,3000.0,3000.0,3000.0,3000.0,3000.0,3000.0,3000.0,3000.0,3000.0,238.1511769740892,301.07651051636344,3000.0,3000.0,238.1511769740892,301.07651051636344,3000.0,3000.0,238.1511769740892,301.07651051636344,3000.0,3000.0,238.1511769740892,301.07651051636344,3000.0,3000.0,3000.0,227.7874624008885,218.81124321714873,238.1511769740892,3000.0,227.7874624008885,218.81124321714873,238.1511769740892,3000.0,227.7874624008885,218.81124321714873,238.1511769740892,3000.0,227.7874624008885,218.81124321714873,238.1511769740892,3000.0,3000.0,3000.0,3000.0,3000.0,3000.0,3000.0,3000.0,3000.0,3000.0,3000.0,3000.0,3000.0,3000.0,3000.0,3000.0,3000.0,3000.0,3000.0,3000.0,3000.0,3000.0,3000.0,3000.0,3000.0,3000.0,3000.0,3000.0,3000.0,3000.0,3000.0,3000.0,3000.0,606.5843289039559,582.6811964300485,3000.0,3000.0,606.5843289039559,582.6811964300485,3000.0,3000.0,606.5843289039559,582.6811964300485,3000.0,3000.0,606.5843289039559,582.6811964300485,3000.0
11467,3000.0,3000.0,3000.0,3000.0,3000.0,3000.0,3000.0,3000.0,3000.0,3000.0,3000.0,3000.0,3000.0,3000.0,3000.0,3000.0,260.11579045194554,330.86468016876717,3000.0,3000.0,260.11579045194554,330.86468016876717,3000.0,3000.0,260.11579045194554,330.86468016876717,3000.0,3000.0,260.11579045194554,330.86468016876717,3000.0,3000.0,3000.0,246.65505189896,237.93642105436484,260.11579045194554,3000.0,246.65505189896,237.93642105436484,260.11579045194554,3000.0,246.65505189896,237.93642105436484,260.11579045194554,3000.0,246.65505189896,237.93642105436484,260.11579045194554,3000.0,3000.0,3000.0,3000.0,3000.0,3000.0,3000.0,3000.0,3000.0,3000.0,3000.0,3000.0,3000.0,3000.0,3000.0,3000.0,3000.0,3000.0,3000.0,3000.0,3000.0,3000.0,3000.0,3000.0,3000.0,3000.0,3000.0,3000.0,3000.0,3000.0,3000.0,3000.0,3000.0,584.8645389207193,564.1910600291012,3000.0,3000.0,584.8645389207193,564.1910600291012,3000.0,3000.0,584.8645389207193,564.1910600291012,3000.0,3000.0,584.8645389207193,564.1910600291012,3000.0
11533,3000.0,3000.0,3000.0,3000.0,3000.0,3000.0,3000.0,3000.0,3000.0,3000.0,3000.0,3000.0,3000.0,3000.0,3000.0,3000.0,282.87906292903745,3000.0,3000.0,3000.0,282.87906292903745,3000.0,3000.0,3000.0,282.87906292903745,3000.0,3000.0,3000.0,282.87906292903745,3000.0,3000.0,3000.0,3000.0,265.8729415578487,257.58148204579834,282.87906292903745,3000.0,265.8729415578487,257.58148204579834,282.87906292903745,3000.0,265.8729415578487,257.58148204579834,282.87906292903745,3000.0,265.8729415578487,257.58148204579834,282.87906292903745,3000.0,3000.0,3000.0,3000.0,3000.0,3000.0,3000.0,3000.0,3000.0,3000.0,3000.0,3000.0,3000.0,3000.0,3000.0,3000.0,3000.0,3000.0,3000.0,3000.0,3000.0,3000.0,3000.0,3000.0,3000.0,3000.0,3000.0,3000.0,3000.0,3000.0,3000.0,3000.0,3000.0,562.8666495191094,545.3132045997974,3000.0,3000.0,562.8666495191094,545.3132045997974,3000.0,3000.0,562.8666495191094,545.3132045997974,3000.0,3000.0,562.8666495191094,545.3132045997974,3000.0
11600,3000.0,3000.0,3000.0,3000.0,3000.0,3000.0,3000.0,3000.0,3000.0,3000.0,3000.0,3000.0,3000.0,3000.0,3000.0,3000.0,306.412058394655,3000.0,3000.0,3000.0,306.412058394655,3000.0,3000.0,3000.0,306.412058394655,3000.0,3000.0,3000.0,306.412058394655,3000.0,3000.0,3000.0,3000.0,285.3919763592343,277.7061526022651,306.412058394655,3000.0,285.3919763592343,277.7061526022651,306.412058394655,3000.0,285.3919763592343,277.7061526022651,306.412058394655,3000.0,285.3919763592343,277.7061526022651,306.412058394655,3000.0,3000.0,3000.0,3000.0,3000.0,3000.0,3000.0,3000.0,3000.0,3000.0,3000.0,3000.0,3000.0,3000.0,3000.0,3000.0,3000.0,3000.0,3000.0,3000.0,3000.0,3000.0,3000.0,3000.0,3000.0,3000.0,3000.0,3000.0,3000.0,3000.0,3000.0,3000.0,3000.0,540.654320108139,526.0940865977034,3000.0,3000.0,540.654320108139,526.0940865977034,3000.0,3000.0,540.654320108139,526.0940865977034,3000.0,3000.0,540.654320108139,526.0940865977034,3000.0
11667,3000.0,3000.0,3000.0,3000.0,3000.0,3000.0,3000.0,3000.0,3000.0,3000.0,3000.0,3000.0,3000.0,3000.0,3000.0,3000.0,330.683970105591,3000.0,3000.0,3000.0,330.683970105591,3000.0,3000.0,3000.0,330.683970105591,3000.0,3000.0,3000.0,330.683970105591,3000.0,3000.0,3000.0,356.386973585262,305.16378324531223,298.26947128569174,330.68397010559096,356.386973585262,305.16378324531223,298.26947128569174,330.68397010559096,356.386973585262,305.16378324531223,298.26947128569174,330.68397010559096,356.386973585262,305.16378324531223,298.26947128569174,330.68397010559096,3000.0,3000.0,3000.0,3000.0,3000.0,3000.0,3000.0,3000.0,3000.0,3000.0,3000.0,3000.0,3000.0,3000.0,3000.0,3000.0,3000.0,3000.0,3000.0,356.3869735852622,3000.0,3000.0,3000.0,356.3869735852622,3000.0,3000.0,3000.0,356.3869735852622,3000.0,3000.0,3000.0,356.3869735852622,3000.0,518.2890624569175,506.57978803438607,3000.0,3000.0,518.2890624569175,506.57978803438607,3000.0,3000.0,518.2890624569175,506.57978803438607,3000.0,3000.0,518.2890624569175,506.57978803438607,3000.0
11733,3000.0,3000.0,3000.0,3000.0,3000.0,3000.0,3000.0,3000.0,3000.0,3000.0,3000.0,3000.0,3000.0,3000.0,3000.0,3000.0,355.6618400943147,3000.0,3000.0,3000.0,355.6618400943147,3000.0,3000.0,3000.0,355.6618400943147,3000.0,3000.0,3000.0,355.6618400943147,3000.0,3000.0,3000.0,377.68915370085074,325.1407465877139,319.2296962237612,355.6618400943147,377.68915370085074,325.1407465877139,319.2296962237612,355.6618400943147,377.68915370085074,325.1407465877139,319.2296962237612,355.6618400943147,377.68915370085074,325.1407465877139,319.2296962237612,355.6618400943147,3000.0,3000.0,3000.0,3000.0,3000.0,3000.0,3000.0,3000.0,3000.0,3000.0,3000.0,3000.0,3000.0,3000.0,3000.0,3000.0,3000.0,3000.0,3000.0,377.6891537008509,3000.0,3000.0,3000.0,377.6891537008509,3000.0,3000.0,3000.0,377.6891537008509,3000.0,3000.0,3000.0,377.6891537008509,3000.0,495.8302053087798,486.8160249997653,3000.0,3000.0,495.8302053087798,486.8160249997653,3000.0,3000.0,495.8302053087798,486.8160249997653,3000.0,3000.0,495.8302053087798,486.8160249997653,3000.0
11800,3000.0,3000.0,3000.0,3000.0,3000.0,3000.0,3000.0,3000.0,3000.0,3000.0,3000.0,3000.0,3000.0,3000.0,3000.0,3000.0,3000.0,3000.0,3000.0,3000.0,3000.0,3000.0,3000.0,3000.0,3000.0,3000.0,3000.0,3000.0,3000.0,3000.0,3000.0,3000.0,398.93671952907516,345.2759535801439,340.5441909173365,3000.0,398.93671952907516,345.2759535801439,340.5441909173365,3000.0,398.93671952907516,345.2759535801439,340.5441909173365,3000.0,398.93671952907516,345.2759535801439,340.5441909173365,3000.0,3000.0,3000.0,3000.0,3000.0,3000.0,3000.0,3000.0,3000.0,3000.0,3000.0,3000.0,3000.0,3000.0,3000.0,3000.0,3000.0,3000.0,3000.0,3000.0,398.93671952907516,3000.0,3000.0,3000.0,398.93671952907516,3000.0,3000.0,3000.0,398.93671952907516,3000.0,3000.0,3000.0,398.93671952907516,3000.0,473.3349053772704,466.8481853811506,3000.0,3000.0,473.3349053772704,466.8481853811506,3000.0,3000.0,473.3349053772704,466.8481853811506,3000.0,3000.0,473.3349053772704,466.8481853811506,3000.0
11867,3000.0,3000.0,3000.0,3000.0,3000.0,3000.0,3000.0,3000.0,3000.0,3000.0,3000.0,3000.0,3000.0,3000.0,3000.0,3000.0,3000.0,3000.0,3000.0,3000.0,3000.0,3000.0,3000.0,3000.0,3000.0,3000.0,3000.0,3000.0,3000.0,3000.0,3000.0,3000.0,420.08121752514455,365.5231145644073,362.1692921539532,3000.0,420.08121752514455,365.5231145644073,362.1692921539532,3000.0,420.08121752514455,365.5231145644073,362.1692921539532,3000.0,420.08121752514455,365.5231145644073,362.1692921539532,3000.0,502.7472174910418,3000.0,3000.0,3000.0,502.7472174910418,3000.0,3000.0,3000.0,502.7472174910418,3000.0,3000.0,3000.0,502.7472174910418,3000.0,3000.0,3000.0,3000.0,3000.0,3000.0,420.08121752514467,3000.0,3000.0,3000.0,420.08121752514467,3000.0,3000.0,3000.0,420.08121752514467,3000.0,3000.0,3000.0,420.08121752514467,3000.0,450.8581986780724,446.7213923574504,502.7472174910417,3000.0,450.8581986780724,446.7213923574504,502.7472174910417,3000.0,450.8581986780724,446.7213923574504,502.7472174910417,3000.0,450.8581986780724,446.7213923574504,502.7472174910417
11933,3000.0,3000.0,3000.0,3000.0,3000.0,3000.0,3000.0,3000.0,3000.0,3000.0,3000.0,3000.0,3000.0,3000.0,3000.0,3000.0,3000.0,3000.0,3000.0,3000.0,3000.0,3000.0,3000.0,3000.0,3000.0,3000.0,3000.0,3000.0,3000.0,3000.0,3000.0,3000.0,441.076845314944,385.8364635977531,384.0601642994939,3000.0,441.076845314944,385.8364635977531,384.0601642994939,3000.0,441.076845314944,385.8364635977531,384.0601642994939,3000.0,441.076845314944,385.8364635977531,384.0601642994939,3000.0,482.45010735585856,3000.0,3000.0,3000.0,482.45010735585856,3000.0,3000.0,3000.0,482.45010735585856,3000.0,3000.0,3000.0,482.45010735585856,3000.0,3000.0,3000.0,3000.0,3000.0,3000.0,441.0768453149441,3000.0,3000.0,3000.0,441.0768453149441,3000.0,3000.0,3000.0,441.0768453149441,3000.0,3000.0,3000.0,441.0768453149441,3000.0,428.45308582545204,426.48058973580777,482.4501073558584,3000.0,428.45308582545204,426.48058973580777,482.4501073558584,3000.0,428.45308582545204,426.48058973580777,482.4501073558584,3000.0,428.45308582545204,426.48058973580777,482.4501073558584
12000,3000.0,3000.0,3000.0,3000.0,3000.0,3000.0,3000.0,3000.0,3000.0,3000.0,3000.0,3000.0,3000.0,3000.0,3000.0,3000.0,3000.0,3000.0,3000.0,3000.0,3000.0,3000.0,3000.0,3000.0,3000.0,3000.0,3000.0,3000.0,3000.0,3000.0,3000.0,3000.0,461.88021535170043,406.1706447542979,406.1706447542979,3000.0,461.88021535170043,406.1706447542979,406.1706447542979,3000.0,461.88021535170043,406.1706447542979,406.1706447542979,3000.0,461.88021535170043,406.1706447542979,406.1706447542979,3000.0,461.8802153517008,3000.0,3000.0,3000.0,461.8802153517008,3000.0,3000.0,3000.0,461.8802153517008,3000.0,3000.0,3000.0,461.8802153517008,3000.0,3000.0,3000.0,3000.0,3000.0,3000.0,461.88021535170054,3000.0,3000.0,3000.0,461.88021535170054,3000.0,3000.0,3000.0,461.88021535170054,3000.0,3000.0,3000.0,461.88021535170054,3000.0,406.1706447542981,406.1706447542981,461.88021535170066,3000.0,406.1706447542981,406.1706447542981,461.88021535170066,3000.0,406.1706447542981,406.1706447542981,461.88021535170066,3000.0,406.1706447542981,406.1706447542981,461.88021535170066
12067,3000.0,3000.0,3000.0,3000.0,3000.0,3000.0,3000.0,3000.0,3000.0,3000.0,3000.0,3000.0,3000.0,3000.0,3000.0,3000.0,3000.0,3000.0,3000.0,3000.0,3000.0,3000.0,3000.0,3000.0,3000.0,3000.0,3000.0,3000.0,3000.0,3000.0,3000.0,3000.0,482.4501073558584,426.4805897358077,428.4530858254519,3000.0,482.4501073558584,426.4805897358077,428.4530858254519,3000.0,482.4501073558584,426.4805897358077,428.4530858254519,3000.0,482.4501073558584,426.4805897358077,428.4530858254519,3000.0,441.07684531494425,3000.0,3000.0,3000.0,441.07684531494425,3000.0,3000.0,3000.0,441.07684531494425,3000.0,3000.0,3000.0,441.07684531494425,3000.0,3000.0,3000.0,3000.0,3000.0,3000.0,482.4501073558584,3000.0,3000.0,3000.0,482.4501073558584,3000.0,3000.0,3000.0,482.4501073558584,3000.0,3000.0,3000.0,482.4501073558584,3000.0,384.06016429949403,385.8364635977532,441.0768453149442,3000.0,384.06016429949403,385.8364635977532,441.0768453149442,3000.0,384.06016429949403,385.8364635977532,441.0768453149442,3000.0,384.06016429949403,385.8364635977532,441.0768453149442
12133,3000.0,3000.0,3000.0,3000.0,3000.0,3000.0,3000.0,3000.0,3000.0,3000.0,3000.0,3000.0,3000.0,3000.0,3000.0,3000.0,3000.0,3000.0,3000.0,3000.0,3000.0,3000.0,3000.0,3000.0,3000.0,3000.0,3000.0,3000.0,3000.0,3000.0,3000.0,3000.0,502.7472174910417,446.7213923574502,3000.0,3000.0,502.7472174910417,446.7213923574502,3000.0,3000.0,502.7472174910417,446.7213923574502,3000.0,3000.0,502.7472174910417,446.7213923574502,3000.0,3000.0,420.08121752514484,3000.0,3000.0,3000.0,420.08121752514484,3000.0,3000.0,3000.0,420.08121752514484,3000.0,3000.0,3000.0,420.08121752514484,3000.0,3000.0,3000.0,3000.0,3000.0,3000.0,502.7472174910417,3000.0,3000.0,3000.0,502.7472174910417,3000.0,3000.0,3000.0,502.7472174910417,3000.0,3000.0,3000.0,502.7472174910417,3000.0,362.1692921539534,365.52311456440736,420.0812175251447,3000.0,362.1692921539534,365.52311456440736,420.0812175251447,3000.0,362.1692921539534,365.52311456440736,420.0812175251447,3000.0,362.1692921539534,365.52311456440736,420.0812175251447
12200,3000.0,3000.0,3000.0,3000.0,3000.0,3000.0,3000.0,3000.0,3000.0,3000.0,3000.0,3000.0,3000.0,3000.0,3000.0,3000.0,3000.0,3000.0,3000.0,3000.0,3000.0,3000.0,3000.0,3000.0,3000.0,3000.0,3000.0,3000.0,3000.0,3000.0,3000.0,3000.0,522.7339114031004,466.8481853811504,3000.0,3000.0,522.7339114031004,466.8481853811504,3000.0,3000.0,522.7339114031004,466.8481853811504,3000.0,3000.0,522.7339114031004,466.8481853811504,3000.0,3000.0,398.93671952907533,3000.0,3000.0,3000.0,398.93671952907533,3000.0,3000.0,3000.0,398.93671952907533,3000.0,3000.0,3000.0,398.93671952907533,3000.0,3000.0,3000.0,3000.0,3000.0,3000.0,522.7339114031005,3000.0,3000.0,3000.0,522.7339114031005,3000.0,3000.0,3000.0,522.7339114031005,3000.0,3000.0,3000.0,522.7339114031005,3000.0,3000.0,345.275953580144,398.9367195290752,3000.0,3000.0,345.275953580144,398.9367195290752,3000.0,3000.0,345.275953580144,398.9367195290752,3000.0,3000.0,345.275953580144,398.9367195290752
12267,3000.0,3000.0,3000.0,3000.0,3000.0,3000.0,3000.0,3000.0,3000.0,3000.0,3000.0,3000.0,3000.0,3000.0,3000.0,3000.0,3000.0,3000.0,3000.0,3000.0,3000.0,3000.0,3000.0,3000.0,3000.0,3000.0,3000.0,3000.0,3000.0,3000.0,3000.0,3000.0,542.3739874045242,486.8160249997651,3000.0,3000.0,542.3739874045242,486.8160249997651,3000.0,3000.0,542.3739874045242,486.8160249997651,3000.0,3000.0,542.3739874045242,486.8160249997651,3000.0,3000.0,377.68915370085114,3000.0,3000.0,3000.0,377.68915370085114,3000.0,3000.0,3000.0,377.68915370085114,3000.0,3000.0,3000.0,377.68915370085114,3000.0,3000.0,3000.0,3000.0,3000.0,3000.0,542.3739874045243,3000.0,3000.0,3000.0,542.3739874045243,3000.0,3000.0,3000.0,542.3739874045243,3000.0,3000.0,3000.0,542.3739874045243,3000.0,3000.0,325.14074658771415,377.689153700851,3000.0,3000.0,325.14074658771415,377.689153700851,3000.0,3000.0,325.14074658771415,377.689153700851,3000.0,3000.0,325.14074658771415,377.689153700851
12333,3000.0,3000.0,3000.0,3000.0,3000.0,3000.0,3000.0,3000.0,3000.0,3000.0,3000.0,3000.0,3000.0,3000.0,3000.0,3000.0,3000.0,3000.0,3000.0,3000.0,3000.0,3000.0,3000.0,3000.0,3000.0,3000.0,3000.0,3000.0,3000.0,3000.0,3000.0,3000.0,561.6324552438214,506.57978803438584,3000.0,3000.0,561.6324552438214,506.57978803438584,3000.0,3000.0,561.6324552438214,506.57978803438584,3000.0,3000.0,561.6324552438214,506.57978803438584,3000.0,3000.0,356.38697358526235,3000.0,3000.0,3000.0,356.38697358526235,3000.0,3000.0,3000.0,356.38697358526235,3000.0,3000.0,3000.0,356.38697358526235,3000.0,3000.0,3000.0,3000.0,3000.0,3000.0,561.6324552438214,3000.0,3000.0,3000.0,561.6324552438214,3000.0,3000.0,3000.0,561.6324552438214,3000.0,3000.0,3000.0,561.6324552438214,3000.0,3000.0,305.1637832453124,356.38697358526224,3000.0,3000.0,305.1637832453124,356.38697358526224,3000.0,3000.0,305.1637832453124,356.38697358526224,3000.0,3000.0,305.1637832453124,356.38697358526224
12400,3000.0,3000.0,3000.0,3000.0,3000.0,3000.0,3000.0,3000.0,3000.0,3000.0,3000.0,3000.0,3000.0,3000.0,3000.0,3000.0,3000.0,3000.0,3000.0,3000.0,3000.0,3000.0,3000.0,3000.0,3000.0,3000.0,3000.0,3000.0,3000.0,3000.0,3000.0,3000.0,580.4753350730886,526.0940865977032,3000.0,3000.0,580.4753350730886,526.0940865977032,3000.0,3000.0,580.4753350730886,526.0940865977032,3000.0,3000.0,580.4753350730886,526.0940865977032,3000.0,3000.0,335.0815002927128,475.10724735167486,3000.0,3000.0,335.0815002927128,475.10724735167486,3000.0,3000.0,335.0815002927128,475.10724735167486,3000.0,3000.0,335.0815002927128,475.10724735167486,3000.0,3000.0,3000.0,3000.0,3000.0,580.4753350730887,3000.0,3000.0,3000.0,580.4753350730887,3000.0,3000.0,3000.0,580.4753350730887,3000.0,3000.0,3000.0,580.4753350730887,3000.0,3000.0,285.3919763592345,335.0815002927128,3000.0,3000.0,285.3919763592345,335.0815002927128,3000.0,3000.0,285.3919763592345,335.0815002927128,3000.0,3000.0,285.3919763592345,335.0815002927128
12467,3000.0,3000.0,3000.0,3000.0,3000.0,3000.0,3000.0,3000.0,3000.0,3000.0,3000.0,3000.0,3000.0,3000.0,3000.0,3000.0,3000.0,3000.0,3000.0,3000.0,3000.0,3000.0,3000.0,3000.0,3000.0,3000.0,3000.0,3000.0,3000.0,3000.0,3000.0,3000.0,598.8694804255915,545.3132045997971,3000.0,3000.0,598.8694804255915,545.3132045997971,3000.0,3000.0,598.8694804255915,545.3132045997971,3000.0,3000.0,598.8694804255915,545.3132045997971,3000.0,3000.0,313.8271095191553,448.9528087618725,3000.0,3000.0,313.8271095191553,448.9528087618725,3000.0,3000.0,313.8271095191553,448.9528087618725,3000.0,3000.0,313.8271095191553,448.9528087618725,3000.0,3000.0,3000.0,3000.0,3000.0,598.8694804255915,3000.0,3000.0,3000.0,598.8694804255915,3000.0,3000.0,3000.0,598.8694804255915,3000.0,3000.0,3000.0,598.8694804255915,3000.0,3000.0,265.87294155784895,313.8271095191551,3000.0,3000.0,265.87294155784895,313.8271095191551,3000.0,3000.0,265.87294155784895,313.8271095191551,3000.0,3000.0,265.87294155784895,313.8271095191551
12533,3000.0,3000.0,3000.0,3000.0,3000.0,3000.0,3000.0,3000.0,3000.0,3000.0,3000.0,3000.0,3000.0,3000.0,3000.0,3000.0,3000.0,3000.0,3000.0,3000.0,3000.0,3000.0,3000.0,3000.0,3000.0,3000.0,3000.0,3000.0,3000.0,3000.0,3000.0,3000.0,616.782428243129,824.3530658378027,3000.0,3000.0,616.782428243129,824.3530658378027,3000.0,3000.0,616.782428243129,824.3530658378027,3000.0,3000.0,616.782428243129,824.3530658378027,3000.0,3000.0,292.6813791977396,422.4717976256942,3000.0,3000.0,292.6813791977396,422.4717976256942,3000.0,3000.0,292.6813791977396,422.4717976256942,3000.0,3000.0,292.6813791977396,422.4717976256942,3000.0,3000.0,3000.0,3000.0,3000.0,616.782428243129,3000.0,3000.0,3000.0,616.782428243129,3000.0,3000.0,3000.0,616.782428243129,3000.0,3000.0,3000.0,616.782428243129,3000.0,3000.0,246.65505189896015,292.68137919773955,3000.0,3000.0,246.65505189896015,292.68137919773955,3000.0,3000.0,246.65505189896015,292.68137919773955,3000.0,3000.0,246.65505189896015,292.68137919773955
12600,3000.0,3000.0,3000.0,3000.0,3000.0,3000.0,3000.0,3000.0,3000.0,3000.0,3000.0,3000.0,3000.0,3000.0,3000.0,3000.0,3000.0,3000.0,3000.0,3000.0,3000.0,3000.0,3000.0,3000.0,3000.0,3000.0,3000.0,3000.0,3000.0,3000.0,3000.0,3000.0,634.1822782514635,3000.0,3000.0,3000.0,634.1822782514635,3000.0,3000.0,3000.0,634.1822782514635,3000.0,3000.0,3000.0,634.1822782514635,3000.0,3000.0,3000.0,271.7051874030097,395.73485716303594,3000.0,3000.0,271.7051874030097,395.73485716303594,3000.0,3000.0,271.7051874030097,395.73485716303594,3000.0,3000.0,271.7051874030097,395.73485716303594,3000.0,3000.0,3000.0,3000.0,3000.0,634.1822782514636,3000.0,3000.0,3000.0,634.1822782514636,3000.0,3000.0,3000.0,634.1822782514636,3000.0,3000.0,3000.0,634.1822782514636,3000.0,3000.0,281.6262211263956,271.70518740300963,3000.0,3000.0,281.6262211263956,271.70518740300963,3000.0,3000.0,281.6262211263956,271.70518740300963,3000.0,3000.0,281.6262211263956,271.70518740300963
12667,3000.0,3000.0,3000.0,3000.0,3000.0,3000.0,3000.0,3000.0,3000.0,3000.0,3000.0,3000.0,3000.0,3000.0,3000.0,3000.0,3000.0,3000.0,3000.0,3000.0,3000.0,3000.0,3000.0,3000.0,3000.0,3000.0,3000.0,3000.0,3000.0,3000.0,3000.0,3000.0,651.0376032702331,3000.0,3000.0,3000.0,651.0376032702331,3000.0,3000.0,3000.0,651.0376032702331,3000.0,3000.0,3000.0,651.0376032702331,3000.0,3000.0,3000.0,250.96274998222222,368.8226946220852,3000.0,3000.0,250.96274998222222,368.8226946220852,3000.0,3000.0,250.96274998222222,368.8226946220852,3000.0,3000.0,250.96274998222222,368.8226946220852,3000.0,3000.0,3000.0,3000.0,3000.0,651.0376032702331,3000.0,3000.0,3000.0,651.0376032702331,3000.0,3000.0,3000.0,651.0376032702331,3000.0,3000.0,3000.0,651.0376032702331,3000.0,3000.0,338.89808410935785,250.96274998222216,3000.0,3000.0,338.89808410935785,250.96274998222216,3000.0,3000.0,338.89808410935785,250.96274998222216,3000.0,3000.0,338.89808410935785,250.96274998222216
12733,3000.0,3000.0,3000.0,3000.0,3000.0,3000.0,3000.0,3000.0,3000.0,3000.0,3000.0,3000.0,3000.0,3000.0,3000.0,3000.0,3000.0,3000.0,3000.0,3000.0,3000.0,3000.0,3000.0,3000.0,3000.0,3000.0,3000.0,3000.0,3000.0,3000.0,3000.0,3000.0,667.3173913597167,3000.0,3000.0,3000.0,667.3173913597167,3000.0,3000.0,3000.0,667.3173913597167,3000.0,3000.0,3000.0,667.3173913597167,3000.0,3000.0,3000.0,230.5215875446767,341.82672143923634,3000.0,3000.0,230.5215875446767,341.82672143923634,3000.0,3000.0,230.5215875446767,341.82672143923634,3000.0,3000.0,230.5215875446767,341.82672143923634,3000.0,3000.0,3000.0,3000.0,3000.0,667.3173913597167,3000.0,3000.0,3000.0,667.3173913597167,3000.0,3000.0,3000.0,667.3173913597167,3000.0,3000.0,3000.0,667.3173913597167,3000.0,3000.0,392.51830105277764,230.5215875446766,3000.0,3000.0,392.51830105277764,230.5215875446766,3000.0,3000.0,392.51830105277764,230.5215875446766,3000.0,3000.0,392.51830105277764,230.5215875446766
12800,3000.0,3000.0,3000.0,3000.0,3000.0,3000.0,3000.0,3000.0,3000.0,3000.0,3000.0,3000.0,3000.0,3000.0,3000.0,3000.0,3000.0,3000.0,3000.0,3000.0,3000.0,3000.0,3000.0,3000.0,3000.0,3000.0,3000.0,3000.0,3000.0,3000.0,3000.0,3000.0,682.9910200485277,3000.0,3000.0,3000.0,682.9910200485277,3000.0,3000.0,3000.0,682.9910200485277,3000.0,3000.0,3000.0,682.9910200485277,3000.0,3000.0,3000.0,225.2929482739887,314.84954577373264,3000.0,3000.0,225.2929482739887,314.84954577373264,3000.0,3000.0,225.2929482739887,314.84954577373264,3000.0,3000.0,225.2929482739887,314.84954577373264,3000.0,3000.0,3000.0,3000.0,3000.0,682.991020048528,3000.0,3000.0,3000.0,682.991020048528,3000.0,3000.0,3000.0,682.991020048528,3000.0,3000.0,3000.0,682.991020048528,3000.0,3000.0,443.07953259157017,225.29294827398883,3000.0,3000.0,443.07953259157017,225.29294827398883,3000.0,3000.0,443.07953259157017,225.29294827398883,3000.0,3000.0,443.07953259157017,225.29294827398883
12867,3000.0,3000.0,3000.0,3000.0,3000.0,3000.0,3000.0,3000.0,3000.0,3000.0,3000.0,3000.0,3000.0,3000.0,3000.0,3000.0,3000.0,3000.0,3000.0,3000.0,3000.0,3000.0,3000.0,3000.0,3000.0,3000.0,3000.0,3000.0,3000.0,3000.0,3000.0,3000.0,698.0282622524688,3000.0,3000.0,3000.0,698.0282622524688,3000.0,3000.0,3000.0,698.0282622524688,3000.0,3000.0,3000.0,698.0282622524688,3000.0,3000.0,3000.0,254.1639120765969,288.00527077066243,3000.0,3000.0,254.1639120765969,288.00527077066243,3000.0,3000.0,254.1639120765969,288.00527077066243,3000.0,3000.0,254.1639120765969,288.00527077066243,3000.0,3000.0,3000.0,3000.0,3000.0,698.0282622524691,3000.0,3000.0,3000.0,698.0282622524691,3000.0,3000.0,3000.0,698.0282622524691,3000.0,3000.0,3000.0,698.0282622524691,3000.0,3000.0,491.0913517606151,254.16391207659706,3000.0,3000.0,491.0913517606151,254.16391207659706,3000.0,3000.0,491.0913517606151,254.16391207659706,3000.0,3000.0,491.0913517606151,254.16391207659706
12933,3000.0,3000.0,3000.0,3000.0,3000.0,3000.0,3000.0,3000.0,3000.0,3000.0,3000.0,3000.0,3000.0,3000.0,3000.0,3000.0,3000.0,3000.0,3000.0,3000.0,3000.0,3000.0,3000.0,3000.0,3000.0,3000.0,3000.0,3000.0,3000.0,3000.0,3000.0,3000.0,712.3993228852149,3000.0,3000.0,3000.0,712.3993228852149,3000.0,3000.0,3000.0,712.3993228852149,3000.0,3000.0,3000.0,712.3993228852149,3000.0,3000.0,3000.0,282.47845817613666,261.41954913337656,3000.0,3000.0,282.47845817613666,261.41954913337656,3000.0,3000.0,282.47845817613666,261.41954913337656,3000.0,3000.0,282.47845817613666,261.41954913337656,3000.0,3000.0,3000.0,3000.0,876.9160010554582,712.3993228852149,3000.0,3000.0,876.9160010554582,712.3993228852149,3000.0,3000.0,876.9160010554582,712.3993228852149,3000.0,3000.0,876.9160010554582,712.3993228852149,3000.0,3000.0,536.9957476754835,282.4784581761369,3000.0,3000.0,536.9957476754835,282.4784581761369,3000.0,3000.0,536.9957476754835,282.4784581761369,3000.0,3000.0,536.9957476754835,282.4784581761369
13000,3000.0,3000.0,3000.0,3000.0,3000.0,3000.0,3000.0,3000.0,3000.0,3000.0,3000.0,3000.0,3000.0,3000.0,3000.0,3000.0,3000.0,3000.0,3000.0,3000.0,3000.0,3000.0,3000.0,3000.0,3000.0,3000.0,3000.0,3000.0,3000.0,3000.0,3000.0,3000.0,726.0749045777669,3000.0,3000.0,3000.0,726.0749045777669,3000.0,3000.0,3000.0,726.0749045777669,3000.0,3000.0,3000.0,726.0749045777669,3000.0,3000.0,3000.0,310.3157563388776,235.22934381441644,3000.0,3000.0,310.3157563388776,235.22934381441644,3000.0,3000.0,310.3157563388776,235.22934381441644,3000.0,3000.0,310.3157563388776,235.22934381441644,3000.0,3000.0,3000.0,3000.0,889.7149874514764,726.0749045777669,3000.0,3000.0,889.7149874514764,726.0749045777669,3000.0,3000.0,889.7149874514764,726.0749045777669,3000.0,3000.0,889.7149874514764,726.0749045777669,3000.0,3000.0,3000.0,310.3157563388777,3000.0,3000.0,3000.0,310.3157563388777,3000.0,3000.0,3000.0,310.3157563388777,3000.0,3000.0,3000.0,310.3157563388777
13067,3000.0,3000.0,3000.0,3000.0,3000.0,3000.0,3000.0,3000.0,3000.0,3000.0,3000.0,3000.0,3000.0,3000.0,3000.0,3000.0,3000.0,3000.0,3000.0,3000.0,3000.0,3000.0,3000.0,3000.0,3000.0,3000.0,3000.0,3000.0,3000.0,3000.0,3000.0,3000.0,739.0263003691839,3000.0,3000.0,3000.0,739.0263003691839,3000.0,3000.0,3000.0,739.0263003691839,3000.0,3000.0,3000.0,739.0263003691839,3000.0,3000.0,3000.0,337.75109641401116,252.410204507373,3000.0,3000.0,337.75109641401116,252.410204507373,3000.0,3000.0,337.75109641401116,252.410204507373,3000.0,3000.0,337.75109641401116,252.410204507373,3000.0,3000.0,3000.0,3000.0,901.7479934427702,739.026300369184,3000.0,3000.0,901.7479934427702,739.026300369184,3000.0,3000.0,901.7479934427702,739.026300369184,3000.0,3000.0,901.7479934427702,739.026300369184,3000.0,3000.0,3000.0,337.7510964140113,3000.0,3000.0,3000.0,337.7510964140113,3000.0,3000.0,3000.0,337.7510964140113,3000.0,3000.0,3000.0,337.7510964140113
13133,3000.0,3000.0,3000.0,3000.0,3000.0,3000.0,3000.0,3000.0,3000.0,3000.0,3000.0,3000.0,3000.0,3000.0,3000.0,3000.0,3000.0,3000.0,3000.0,3000.0,3000.0,3000.0,3000.0,3000.0,3000.0,3000.0,3000.0,3000.0,3000.0,3000.0,3000.0,3000.0,751.2255107112827,3000.0,3000.0,3000.0,751.2255107112827,3000.0,3000.0,3000.0,751.2255107112827,3000.0,3000.0,3000.0,751.2255107112827,3000.0,3000.0,3000.0,364.8562385925712,274.05626293567786,578.2330093417181,3000.0,364.8562385925712,274.05626293567786,578.2330093417181,3000.0,364.8562385925712,274.05626293567786,578.2330093417181,3000.0,364.8562385925712,274.05626293567786,578.2330093417181,3000.0,3000.0,3000.0,913.0055658939447,751.2255107112828,3000.0,3000.0,913.0055658939447,751.2255107112828,3000.0,3000.0,913.0055658939447,751.2255107112828,3000.0,3000.0,913.0055658939447,751.2255107112828,3000.0,3000.0,3000.0,364.8562385925712,3000.0,3000.0,3000.0,364.8562385925712,3000.0,3000.0,3000.0,364.8562385925712,3000.0,3000.0,3000.0,364.8562385925712
13200,3000.0,3000.0,3000.0,3000.0,3000.0,3000.0,3000.0,3000.0,3000.0,3000.0,3000.0,3000.0,3000.0,3000.0,3000.0,3000.0,3000.0,3000.0,3000.0,3000.0,3000.0,3000.0,3000.0,3000.0,3000.0,3000.0,3000.0,3000.0,3000.0,3000.0,3000.0,3000.0,823.1949786024715,3000.0,3000.0,3000.0,823.1949786024715,3000.0,3000.0,3000.0,823.1949786024715,3000.0,3000.0,3000.0,823.1949786024715,3000.0,3000.0,3000.0,391.69976776454024,295.6051853307656,522.222483046254,3000.0,391.69976776454024,295.6051853307656,522.222483046254,3000.0,391.69976776454024,295.6051853307656,522.222483046254,3000.0,391.69976776454024,295.6051853307656,522.222483046254,3000.0,3000.0,3000.0,923.4781686982221,823.1949786024702,3000.0,3000.0,923.4781686982221,823.1949786024702,3000.0,3000.0,923.4781686982221,823.1949786024702,3000.0,3000.0,923.4781686982221,823.1949786024702,3000.0,3000.0,3000.0,391.6997677645404,3000.0,3000.0,3000.0,391.6997677645404,3000.0,3000.0,3000.0,391.6997677645404,3000.0,3000.0,3000.0,391.6997677645404
13267,3000.0,3000.0,3000.0,3000.0,3000.0,3000.0,3000.0,3000.0,3000.0,3000.0,3000.0,3000.0,3000.0,3000.0,3000.0,3000.0,3000.0,3000.0,3000.0,3000.0,3000.0,3000.0,3000.0,3000.0,3000.0,3000.0,3000.0,3000.0,3000.0,3000.0,3000.0,3000.0,906.7356921256026,3000.0,3000.0,3000.0,906.7356921256026,3000.0,3000.0,3000.0,906.7356921256026,3000.0,3000.0,3000.0,906.7356921256026,3000.0,3000.0,3000.0,418.34744984046534,317.0811605625108,464.43382405167085,3000.0,418.34744984046534,317.0811605625108,464.43382405167085,3000.0,418.34744984046534,317.0811605625108,464.43382405167085,3000.0,418.34744984046534,317.0811605625108,464.43382405167085,3000.0,3000.0,3000.0,933.1562790865155,906.7356921256013,3000.0,3000.0,933.1562790865155,906.7356921256013,3000.0,3000.0,933.1562790865155,906.7356921256013,3000.0,3000.0,933.1562790865155,906.7356921256013,3000.0,3000.0,3000.0,418.34744984046563,3000.0,3000.0,3000.0,418.34744984046563,3000.0,3000.0,3000.0,418.34744984046563,3000.0,3000.0,3000.0,418.34744984046563
13333,3000.0,3000.0,3000.0,3000.0,3000.0,3000.0,3000.0,3000.0,3000.0,3000.0,3000.0,3000.0,3000.0,3000.0,3000.0,3000.0,3000.0,3000.0,3000.0,3000.0,3000.0,3000.0,3000.0,3000.0,3000.0,3000.0,3000.0,3000.0,3000.0,3000.0,3000.0,3000.0,992.4298468419362,3000.0,3000.0,3000.0,992.4298468419362,3000.0,3000.0,3000.0,992.4298468419362,3000.0,3000.0,3000.0,992.4298468419362,3000.0,3000.0,3000.0,444.8625885531348,338.507534289373,405.45647816810146,3000.0,444.8625885531348,338.507534289373,405.45647816810146,3000.0,444.8625885531348,338.507534289373,405.45647816810146,3000.0,444.8625885531348,338.507534289373,405.45647816810146,3000.0,3000.0,3000.0,942.0304980493689,992.4298468419348,3000.0,3000.0,942.0304980493689,992.4298468419348,3000.0,3000.0,942.0304980493689,992.4298468419348,3000.0,3000.0,942.0304980493689,992.4298468419348,3000.0,3000.0,3000.0,444.8625885531351,3000.0,3000.0,3000.0,444.8625885531351,3000.0,3000.0,3000.0,444.8625885531351,3000.0,3000.0,3000.0,444.8625885531351
13400,3000.0,3000.0,3000.0,3000.0,3000.0,3000.0,3000.0,3000.0,3000.0,3000.0,3000.0,3000.0,3000.0,3000.0,3000.0,3000.0,3000.0,3000.0,3000.0,3000.0,3000.0,3000.0,3000.0,3000.0,3000.0,3000.0,3000.0,3000.0,3000.0,3000.0,3000.0,3000.0,1079.879319047502,3000.0,3000.0,3000.0,1079.879319047502,3000.0,3000.0,3000.0,1079.879319047502,3000.0,3000.0,3000.0,1079.879319047502,3000.0,3000.0,3000.0,471.3063817615104,359.9068951460895,346.0698367582094,3000.0,471.3063817615104,359.9068951460895,346.0698367582094,3000.0,471.3063817615104,359.9068951460895,346.0698367582094,3000.0,471.3063817615104,359.9068951460895,346.0698367582094,3000.0,3000.0,3000.0,950.0916706633933,1079.879319047502,3000.0,3000.0,950.0916706633933,1079.879319047502,3000.0,3000.0,950.0916706633933,1079.879319047502,3000.0,3000.0,950.0916706633933,1079.879319047502,3000.0,3000.0,3000.0,471.3063817615107,3000.0,3000.0,3000.0,471.3063817615107,3000.0,3000.0,3000.0,471.3063817615107,3000.0,3000.0,3000.0,471.3063817615107
13467,3000.0,3000.0,3000.0,3000.0,3000.0,3000.0,3000.0,3000.0,3000.0,3000.0,3000.0,3000.0,3000.0,3000.0,3000.0,3000.0,3000.0,3000.0,3000.0,3000.0,3000.0,3000.0,3000.0,3000.0,3000.0,3000.0,3000.0,3000.0,3000.0,3000.0,3000.0,3000.0,1168.6134659700097,3000.0,3000.0,3000.0,1168.6134659700097,3000.0,3000.0,3000.0,1168.6134659700097,3000.0,3000.0,3000.0,1168.6134659700097,3000.0,3000.0,3000.0,497.73827666841527,381.30117307481896,342.4909145354971,3000.0,497.73827666841527,381.30117307481896,342.4909145354971,3000.0,497.73827666841527,381.30117307481896,342.4909145354971,3000.0,497.73827666841527,381.30117307481896,342.4909145354971,3000.0,3000.0,3000.0,957.331012215673,1168.6134659700078,3000.0,3000.0,957.331012215673,1168.6134659700078,3000.0,3000.0,957.331012215673,1168.6134659700078,3000.0,3000.0,957.331012215673,1168.6134659700078,3000.0,3000.0,3000.0,497.73827666841527,3000.0,3000.0,3000.0,497.73827666841527,3000.0,3000.0,3000.0,497.73827666841527,3000.0,3000.0,3000.0,497.73827666841527
13533,3000.0,3000.0,3000.0,3000.0,3000.0,3000.0,3000.0,3000.0,3000.0,3000.0,3000.0,3000.0,3000.0,3000.0,3000.0,3000.0,3000.0,3000.0,3000.0,3000.0,3000.0,3000.0,3000.0,3000.0,3000.0,3000.0,3000.0,3000.0,3000.0,3000.0,3000.0,3000.0,3000.0,3000.0,3000.0,3000.0,3000.0,3000.0,3000.0,3000.0,3000.0,3000.0,3000.0,3000.0,3000.0,3000.0,3000.0,3000.0,524.2163236570908,402.711748253601,362.4218494957015,3000.0,524.2163236570908,402.711748253601,362.4218494957015,3000.0,524.2163236570908,402.711748253601,362.4218494957015,3000.0,524.2163236570908,402.711748253601,362.4218494957015,3000.0,3000.0,3000.0,963.7402361578205,3000.0,3000.0,3000.0,963.7402361578205,3000.0,3000.0,3000.0,963.7402361578205,3000.0,3000.0,3000.0,963.7402361578205,3000.0,3000.0,3000.0,3000.0,524.216323657091,3000.0,3000.0,3000.0,524.216323657091,3000.0,3000.0,3000.0,524.216323657091,3000.0,3000.0,3000.0,524.216323657091
13600,3000.0,3000.0,3000.0,3000.0,3000.0,3000.0,3000.0,3000.0,3000.0,3000.0,3000.0,3000.0,3000.0,3000.0,3000.0,3000.0,3000.0,3000.0,3000.0,3000.0,3000.0,3000.0,3000.0,3000.0,3000.0,3000.0,3000.0,3000.0,3000.0,3000.0,3000.0,3000.0,3000.0,3000.0,3000.0,3000.0,3000.0,3000.0,3000.0,3000.0,3000.0,3000.0,3000.0,3000.0,3000.0,3000.0,3000.0,3000.0,550.7975286683755,424.15956906233635,382.3659446785885,3000.0,550.7975286683755,424.15956906233635,382.3659446785885,3000.0,550.7975286683755,424.15956906233635,382.3659446785885,3000.0,550.7975286683755,424.15956906233635,382.3659446785885,3000.0,3000.0,3000.0,969.3116801003927,3000.0,3000.0,3000.0,969.3116801003927,3000.0,3000.0,3000.0,969.3116801003927,3000.0,3000.0,3000.0,969.3116801003927,3000.0,3000.0,3000.0,3000.0,550.7975286683758,3000.0,3000.0,3000.0,550.7975286683758,3000.0,3000.0,3000.0,550.7975286683758,3000.0,3000.0,3000.0,550.7975286683758
13667,3000.0,3000.0,3000.0,3000.0,3000.0,3000.0,3000.0,3000.0,3000.0,3000.0,3000.0,3000.0,3000.0,3000.0,3000.0,3000.0,3000.0,3000.0,3000.0,3000.0,3000.0,3000.0,3000.0,3000.0,3000.0,3000.0,3000.0,3000.0,3000.0,3000.0,3000.0,3000.0,3000.0,3000.0,3000.0,3000.0,3000.0,3000.0,3000.0,3000.0,3000.0,3000.0,3000.0,3000.0,3000.0,3000.0,3000.0,3000.0,3000.0,445.6652775022818,402.3260970524527,3000.0,3000.0,445.6652775022818,402.3260970524527,3000.0,3000.0,445.6652775022818,402.3260970524527,3000.0,3000.0,445.6652775022818,402.3260970524527,3000.0,3000.0,3000.0,974.0384262818583,3000.0,3000.0,3000.0,974.0384262818583,3000.0,3000.0,3000.0,974.0384262818583,3000.0,3000.0,3000.0,974.0384262818583,3000.0,3000.0,3000.0,3000.0,3000.0,3000.0,3000.0,3000.0,3000.0,3000.0,3000.0,3000.0,3000.0,3000.0,3000.0,3000.0,3000.0
13733,3000.0,3000.0,3000.0,3000.0,3000.0,3000.0,3000.0,3000.0,3000.0,3000.0,3000.0,3000.0,3000.0,3000.0,3000.0,3000.0,3000.0,3000.0,3000.0,3000.0,3000.0,3000.0,3000.0,3000.0,3000.0,3000.0,3000.0,3000.0,3000.0,3000.0,3000.0,3000.0,3000.0,3000.0,3000.0,3000.0,3000.0,3000.0,3000.0,3000.0,3000.0,3000.0,3000.0,3000.0,3000.0,3000.0,3000.0,3000.0,3000.0,467.2493404547133,422.3050160288427,3000.0,3000.0,467.2493404547133,422.3050160288427,3000.0,3000.0,467.2493404547133,422.3050160288427,3000.0,3000.0,467.2493404547133,422.3050160288427,3000.0,3000.0,3000.0,977.9144132166201,3000.0,3000.0,3000.0,977.9144132166201,3000.0,3000.0,3000.0,977.9144132166201,3000.0,3000.0,3000.0,977.9144132166201,3000.0,3000.0,3000.0,3000.0,3000.0,3000.0,3000.0,3000.0,3000.0,3000.0,3000.0,3000.0,3000.0,3000.0,3000.0,3000.0,3000.0
13800,3000.0,3000.0,3000.0,3000.0,3000.0,3000.0,3000.0,3000.0,3000.0,3000.0,3000.0,3000.0,3000.0,3000.0,3000.0,3000.0,3000.0,3000.0,3000.0,3000.0,3000.0,3000.0,3000.0,3000.0,3000.0,3000.0,3000.0,3000.0,3000.0,3000.0,3000.0,3000.0,3000.0,3000.0,3000.0,3000.0,3000.0,3000.0,3000.0,3000.0,3000.0,3000.0,3000.0,3000.0,3000.0,3000.0,3000.0,3000.0,3000.0,488.9321851319164,442.30535760206175,3000.0,3000.0,488.9321851319164,442.30535760206175,3000.0,3000.0,488.9321851319164,442.30535760206175,3000.0,3000.0,488.9321851319164,442.30535760206175,3000.0,3000.0,3000.0,980.9345355444161,3000.0,3000.0,3000.0,980.9345355444161,3000.0,3000.0,3000.0,980.9345355444161,3000.0,3000.0,3000.0,980.9345355444161,3000.0,3000.0,3000.0,3000.0,3000.0,3000.0,3000.0,3000.0,3000.0,3000.0,3000.0,3000.0,3000.0,3000.0,3000.0,3000.0,3000.0
13867,3000.0,3000.0,3000.0,3000.0,3000.0,3000.0,3000.0,3000.0,3000.0,3000.0,3000.0,3000.0,3000.0,3000.0,3000.0,3000.0,3000.0,3000.0,3000.0,3000.0,3000.0,3000.0,3000.0,3000.0,3000.0,3000.0,3000.0,3000.0,3000.0,3000.0,3000.0,3000.0,3000.0,3000.0,3000.0,3000.0,3000.0,3000.0,3000.0,3000.0,3000.0,3000.0,3000.0,3000.0,3000.0,3000.0,3000.0,3000.0,3000.0,510.73433704319905,462.32986240521353,3000.0,3000.0,510.73433704319905,462.32986240521353,3000.0,3000.0,510.73433704319905,462.32986240521353,3000.0,3000.0,510.73433704319905,462.32986240521353,3000.0,3000.0,3000.0,983.0947294677155,3000.0,3000.0,3000.0,983.0947294677155,3000.0,3000.0,3000.0,983.0947294677155,3000.0,3000.0,3000.0,983.0947294677155,3000.0,3000.0,3000.0,3000.0,3000.0,3000.0,3000.0,3000.0,3000.0,3000.0,3000.0,3000.0,3000.0,3000.0,3000.0,3000.0,3000.0
13933,3000.0,3000.0,3000.0,3000.0,3000.0,3000.0,3000.0,3000.0,3000.0,3000.0,3000.0,3000.0,3000.0,3000.0,3000.0,3000.0,3000.0,3000.0,3000.0,3000.0,3000.0,3000.0,3000.0,3000.0,3000.0,3000.0,3000.0,3000.0,3000.0,3000.0,3000.0,3000.0,3000.0,3000.0,3000.0,3000.0,3000.0,3000.0,3000.0,3000.0,3000.0,3000.0,3000.0,3000.0,3000.0,3000.0,3000.0,3000.0,3000.0,532.6765587734593,482.38149526114165,3000.0,3000.0,532.6765587734593,482.38149526114165,3000.0,3000.0,532.6765587734593,482.38149526114165,3000.0,3000.0,532.6765587734593,482.38149526114165,3000.0,3000.0,3000.0,984.39204157146,3000.0,3000.0,3000.0,984.39204157146,3000.0,3000.0,3000.0,984.39204157146,3000.0,3000.0,3000.0,984.39204157146,3000.0,3000.0,3000.0,3000.0,3000.0,3000.0,3000.0,3000.0,3000.0,3000.0,3000.0,3000.0,3000.0,3000.0,3000.0,3000.0,3000.0
14000,3000.0,3000.0,3000.0,3000.0,3000.0,3000.0,3000.0,3000.0,3000.0,3000.0,3000.0,3000.0,3000.0,3000.0,3000.0,3000.0,3000.0,3000.0,3000.0,3000.0,3000.0,3000.0,3000.0,3000.0,3000.0,3000.0,3000.0,3000.0,3000.0,3000.0,3000.0,3000.0,3000.0,3000.0,3000.0,3000.0,3000.0,3000.0,3000.0,3000.0,3000.0,3000.0,3000.0,3000.0,3000.0,3000.0,3000.0,3000.0,3000.0,554.7799878547976,502.4635837381054,3000.0,3000.0,554.7799878547976,502.4635837381054,3000.0,3000.0,554.7799878547976,502.4635837381054,3000.0,3000.0,554.7799878547976,502.4635837381054,3000.0,3000.0,3000.0,984.8246792658744,3000.0,3000.0,3000.0,984.8246792658744,3000.0,3000.0,3000.0,984.8246792658744,3000.0,3000.0,3000.0,984.8246792658744,3000.0,3000.0,3000.0,3000.0,3000.0,3000.0,3000.0,3000.0,3000.0,3000.0,3000.0,3000.0,3000.0,3000.0,3000.0,3000.0,3000.0
14067,3000.0,3000.0,3000.0,3000.0,3000.0,3000.0,3000.0,3000.0,3000.0,3000.0,3000.0,3000.0,3000.0,3000.0,3000.0,3000.0,3000.0,3000.0,3000.0,3000.0,3000.0,3000.0,3000.0,3000.0,3000.0,3000.0,3000.0,3000.0,3000.0,3000.0,3000.0,3000.0,3000.0,3000.0,3000.0,3000.0,3000.0,3000.0,3000.0,3000.0,3000.0,3000.0,3000.0,3000.0,3000.0,3000.0,3000.0,3000.0,3000.0,577.066272004581,522.5799531995701,3000.0,3000.0,577.066272004581,522.5799531995701,3000.0,3000.0,577.066272004581,522.5799531995701,3000.0,3000.0,577.066272004581,522.5799531995701,3000.0,3000.0,3000.0,984.39204157146,3000.0,3000.0,3000.0,984.39204157146,3000.0,3000.0,3000.0,984.39204157146,3000.0,3000.0,3000.0,984.39204157146,3000.0,3000.0,3000.0,3000.0,3000.0,3000.0,3000.0,3000.0,3000.0,3000.0,3000.0,3000.0,3000.0,3000.0,3000.0,3000.0,3000.0
14133,3000.0,3000.0,3000.0,3000.0,3000.0,3000.0,3000.0,3000.0,3000.0,3000.0,3000.0,3000.0,3000.0,3000.0,3000.0,3000.0,3000.0,3000.0,3000.0,3000.0,3000.0,3000.0,3000.0,3000.0,3000.0,3000.0,3000.0,3000.0,3000.0,3000.0,3000.0,3000.0,3000.0,3000.0,3000.0,3000.0,3000.0,3000.0,3000.0,3000.0,3000.0,3000.0,3000.0,3000.0,3000.0,3000.0,3000.0,3000.0,3000.0,599.5577000072327,542.7350558669889,3000.0,3000.0,599.5577000072327,542.7350558669889,3000.0,3000.0,599.5577000072327,542.7350558669889,3000.0,3000.0,599.5577000072327,542.7350558669889,3000.0,3000.0,3000.0,983.0947294677156,3000.0,3000.0,3000.0,983.0947294677156,3000.0,3000.0,3000.0,983.0947294677156,3000.0,3000.0,3000.0,983.0947294677156,3000.0,3000.0,3000.0,3000.0,3000.0,3000.0,3000.0,3000.0,3000.0,3000.0,3000.0,3000.0,3000.0,3000.0,3000.0,3000.0,3000.0
14200,3000.0,3000.0,3000.0,3000.0,3000.0,3000.0,3000.0,3000.0,3000.0,3000.0,3000.0,3000.0,3000.0,3000.0,3000.0,3000.0,3000.0,3000.0,3000.0,3000.0,3000.0,3000.0,3000.0,3000.0,3000.0,3000.0,3000.0,3000.0,3000.0,3000.0,3000.0,3000.0,3000.0,3000.0,3000.0,3000.0,3000.0,3000.0,3000.0,3000.0,3000.0,3000.0,3000.0,3000.0,3000.0,3000.0,3000.0,3000.0,3000.0,622.2773265315303,562.9340914935335,3000.0,3000.0,622.2773265315303,562.9340914935335,3000.0,3000.0,622.2773265315303,562.9340914935335,3000.0,3000.0,622.2773265315303,562.9340914935335,3000.0,3000.0,3000.0,980.9345355444161,3000.0,3000.0,3000.0,980.9345355444161,3000.0,3000.0,3000.0,980.9345355444161,3000.0,3000.0,3000.0,980.9345355444161,3000.0,3000.0,3000.0,3000.0,3000.0,3000.0,3000.0,3000.0,3000.0,3000.0,3000.0,3000.0,3000.0,3000.0,3000.0,3000.0,3000.0
14267,3000.0,3000.0,3000.0,3000.0,3000.0,3000.0,3000.0,3000.0,3000.0,3000.0,3000.0,3000.0,3000.0,3000.0,3000.0,3000.0,3000.0,3000.0,3000.0,3000.0,3000.0,3000.0,3000.0,3000.0,3000.0,3000.0,3000.0,3000.0,3000.0,3000.0,3000.0,3000.0,3000.0,3000.0,3000.0,3000.0,3000.0,3000.0,3000.0,3000.0,3000.0,3000.0,3000.0,3000.0,3000.0,3000.0,3000.0,3000.0,3000.0,645.2490891993675,583.1831173731651,3000.0,3000.0,645.2490891993675,583.1831173731651,3000.0,3000.0,645.2490891993675,583.1831173731651,3000.0,3000.0,645.2490891993675,583.1831173731651,3000.0,3000.0,3000.0,987.0141657289475,3000.0,3000.0,3000.0,987.0141657289475,3000.0,3000.0,3000.0,987.0141657289475,3000.0,3000.0,3000.0,987.0141657289475,3000.0,3000.0,3000.0,3000.0,3000.0,3000.0,3000.0,3000.0,3000.0,3000.0,3000.0,3000.0,3000.0,3000.0,3000.0,3000.0,3000.0
14333,3000.0,3000.0,3000.0,3000.0,3000.0,3000.0,3000.0,3000.0,3000.0,3000.0,3000.0,3000.0,3000.0,3000.0,3000.0,3000.0,3000.0,3000.0,3000.0,3000.0,3000.0,3000.0,3000.0,3000.0,3000.0,3000.0,3000.0,3000.0,3000.0,3000.0,3000.0,3000.0,3000.0,3000.0,3000.0,3000.0,3000.0,3000.0,3000.0,3000.0,3000.0,3000.0,3000.0,3000.0,3000.0,3000.0,3000.0,3000.0,3000.0,668.4979162534232,603.4891455786797,3000.0,3000.0,668.4979162534232,603.4891455786797,3000.0,3000.0,668.4979162534232,603.4891455786797,3000.0,3000.0,668.4979162534232,603.4891455786797,3000.0,3000.0,3000.0,1016.776164807039,3000.0,3000.0,3000.0,1016.776164807039,3000.0,3000.0,3000.0,1016.776164807039,3000.0,3000.0,3000.0,1016.776164807039,3000.0,3000.0,3000.0,3000.0,3000.0,3000.0,3000.0,3000.0,3000.0,3000.0,3000.0,3000.0,3000.0,3000.0,3000.0,3000.0,3000.0
14400,3000.0,3000.0,3000.0,3000.0,3000.0,3000.0,3000.0,3000.0,3000.0,3000.0,3000.0,3000.0,3000.0,3000.0,3000.0,3000.0,3000.0,3000.0,3000.0,3000.0,3000.0,3000.0,3000.0,3000.0,3000.0,3000.0,3000.0,3000.0,3000.0,3000.0,3000.0,3000.0,3000.0,3000.0,3000.0,3000.0,3000.0,3000.0,3000.0,3000.0,3000.0,3000.0,3000.0,3000.0,3000.0,3000.0,3000.0,3000.0,3000.0,692.0498232069699,623.8602255282236,3000.0,3000.0,692.0498232069699,623.8602255282236,3000.0,3000.0,692.0498232069699,623.8602255282236,3000.0,3000.0,692.0498232069699,623.8602255282236,3000.0,3000.0,3000.0,1045.3594898507358,3000.0,3000.0,3000.0,1045.3594898507358,3000.0,3000.0,3000.0,1045.3594898507358,3000.0,3000.0,3000.0,1045.3594898507358,3000.0,3000.0,3000.0,3000.0,3000.0,3000.0,3000.0,3000.0,3000.0,3000.0,3000.0,3000.0,3000.0,3000.0,3000.0,3000.0,3000.0
14467,3000.0,3000.0,3000.0,3000.0,3000.0,3000.0,3000.0,3000.0,3000.0,3000.0,3000.0,3000.0,3000.0,3000.0,3000.0,3000.0,3000.0,3000.0,3000.0,3000.0,3000.0,3000.0,3000.0,3000.0,3000.0,3000.0,3000.0,3000.0,3000.0,3000.0,3000.0,3000.0,3000.0,3000.0,3000.0,3000.0,3000.0,3000.0,3000.0,3000.0,3000.0,3000.0,3000.0,3000.0,3000.0,3000.0,3000.0,3000.0,3000.0,715.9319968952914,644.3055102145811,3000.0,3000.0,715.9319968952914,644.3055102145811,3000.0,3000.0,715.9319968952914,644.3055102145811,3000.0,3000.0,715.9319968952914,644.3055102145811,3000.0,3000.0,3000.0,1072.7287162322823,3000.0,3000.0,3000.0,1072.7287162322823,3000.0,3000.0,3000.0,1072.7287162322823,3000.0,3000.0,3000.0,1072.7287162322823,3000.0,3000.0,3000.0,3000.0,3000.0,3000.0,3000.0,3000.0,3000.0,3000.0,3000.0,3000.0,3000.0,3000.0,3000.0,3000.0,3000.0
14533,3000.0,3000.0,3000.0,3000.0,3000.0,3000.0,3000.0,3000.0,3000.0,3000.0,3000.0,3000.0,3000.0,3000.0,3000.0,3000.0,3000.0,3000.0,3000.0,3000.0,3000.0,3000.0,3000.0,3000.0,3000.0,3000.0,3000.0,3000.0,3000.0,3000.0,3000.0,3000.0,3000.0,3000.0,3000.0,3000.0,3000.0,3000.0,3000.0,3000.0,3000.0,3000.0,3000.0,3000.0,3000.0,3000.0,3000.0,3000.0,3000.0,740.1728653805303,664.8353046865526,3000.0,3000.0,740.1728653805303,664.8353046865526,3000.0,3000.0,740.1728653805303,664.8353046865526,3000.0,3000.0,740.1728653805303,664.8353046865526,3000.0,3000.0,3000.0,1098.861687379442,3000.0,3000.0,3000.0,1098.861687379442,3000.0,3000.0,3000.0,1098.861687379442,3000.0,3000.0,3000.0,1098.861687379442,3000.0,3000.0,3000.0,3000.0,3000.0,3000.0,3000.0,3000.0,3000.0,3000.0,3000.0,3000.0,3000.0,3000.0,3000.0,3000.0,3000.0
14600,3000.0,3000.0,3000.0,3000.0,3000.0,3000.0,3000.0,3000.0,3000.0,3000.0,3000.0,3000.0,3000.0,3000.0,3000.0,3000.0,3000.0,3000.0,3000.0,3000.0,3000.0,3000.0,3000.0,3000.0,3000.0,3000.0,3000.0,3000.0,3000.0,3000.0,3000.0,3000.0,3000.0,3000.0,3000.0,3000.0,3000.0,3000.0,3000.0,3000.0,3000.0,3000.0,3000.0,3000.0,3000.0,3000.0,3000.0,3000.0,3000.0,764.8021521854414,685.4610956376398,3000.0,3000.0,764.8021521854414,685.4610956376398,3000.0,3000.0,764.8021521854414,685.4610956376398,3000.0,3000.0,764.8021521854414,685.4610956376398,3000.0,3000.0,3000.0,1123.7493617325274,3000.0,3000.0,3000.0,1123.7493617325274,3000.0,3000.0,3000.0,1123.7493617325274,3000.0,3000.0,3000.0,1123.7493617325274,3000.0,3000.0,3000.0,3000.0,3000.0,3000.0,3000.0,3000.0,3000.0,3000.0,3000.0,3000.0,3000.0,3000.0,3000.0,3000.0,3000.0
14667,3000.0,3000.0,3000.0,3000.0,3000.0,3000.0,3000.0,3000.0,3000.0,3000.0,3000.0,3000.0,3000.0,3000.0,3000.0,3000.0,3000.0,3000.0,3000.0,3000.0,3000.0,3000.0,3000.0,3000.0,3000.0,3000.0,3000.0,3000.0,3000.0,3000.0,3000.0,3000.0,3000.0,3000.0,3000.0,3000.0,3000.0,3000.0,3000.0,3000.0,3000.0,3000.0,3000.0,3000.0,3000.0,3000.0,3000.0,3000.0,3000.0,789.8509133418698,706.1955612247864,3000.0,3000.0,789.8509133418698,706.1955612247864,3000.0,3000.0,789.8509133418698,706.1955612247864,3000.0,3000.0,789.8509133418698,706.1955612247864,3000.0,3000.0,3000.0,1147.3953920552535,3000.0,3000.0,3000.0,1147.3953920552535,3000.0,3000.0,3000.0,1147.3953920552535,3000.0,3000.0,3000.0,1147.3953920552535,3000.0,3000.0,3000.0,3000.0,3000.0,3000.0,3000.0,3000.0,3000.0,3000.0,3000.0,3000.0,3000.0,3000.0,3000.0,3000.0,3000.0
14733,3000.0,3000.0,3000.0,3000.0,3000.0,3000.0,3000.0,3000.0,3000.0,3000.0,3000.0,3000.0,3000.0,3000.0,3000.0,3000.0,3000.0,3000.0,3000.0,3000.0,3000.0,3000.0,3000.0,3000.0,3000.0,3000.0,3000.0,3000.0,3000.0,3000.0,3000.0,3000.0,3000.0,3000.0,3000.0,3000.0,3000.0,3000.0,3000.0,3000.0,3000.0,3000.0,3000.0,3000.0,3000.0,3000.0,3000.0,3000.0,3000.0,815.3515557321697,727.0525605002057,3000.0,3000.0,815.3515557321697,727.0525605002057,3000.0,3000.0,815.3515557321697,727.0525605002057,3000.0,3000.0,815.3515557321697,727.0525605002057,3000.0,3000.0,3000.0,1169.8154678282433,3000.0,3000.0,3000.0,1169.8154678282433,3000.0,3000.0,3000.0,1169.8154678282433,3000.0,3000.0,3000.0,1169.8154678282433,3000.0,3000.0,3000.0,3000.0,3000.0,3000.0,3000.0,3000.0,3000.0,3000.0,3000.0,3000.0,3000.0,3000.0,3000.0,3000.0,3000.0
14800,3000.0,3000.0,3000.0,3000.0,3000.0,3000.0,3000.0,3000.0,3000.0,3000.0,3000.0,3000.0,3000.0,3000.0,3000.0,3000.0,3000.0,3000.0,3000.0,3000.0,3000.0,3000.0,3000.0,3000.0,3000.0,3000.0,3000.0,3000.0,3000.0,3000.0,3000.0,3000.0,3000.0,3000.0,3000.0,3000.0,3000.0,3000.0,3000.0,3000.0,3000.0,3000.0,3000.0,3000.0,3000.0,3000.0,3000.0,3000.0,3000.0,841.3378351721799,748.0471020843809,3000.0,3000.0,841.3378351721799,748.0471020843809,3000.0,3000.0,841.3378351721799,748.0471020843809,3000.0,3000.0,841.3378351721799,748.0471020843809,3000.0,3000.0,3000.0,1191.0364577095231,3000.0,3000.0,3000.0,1191.0364577095231,3000.0,3000.0,3000.0,1191.0364577095231,3000.0,3000.0,3000.0,1191.0364577095231,3000.0,3000.0,3000.0,3000.0,3000.0,3000.0,3000.0,3000.0,3000.0,3000.0,3000.0,3000.0,3000.0,3000.0,3000.0,3000.0,3000.0
14867,3000.0,3000.0,3000.0,3000.0,3000.0,3000.0,3000.0,3000.0,3000.0,3000.0,3000.0,3000.0,3000.0,3000.0,3000.0,3000.0,3000.0,3000.0,3000.0,3000.0,3000.0,3000.0,3000.0,3000.0,3000.0,3000.0,3000.0,3000.0,3000.0,3000.0,3000.0,3000.0,3000.0,3000.0,3000.0,3000.0,3000.0,3000.0,3000.0,3000.0,3000.0,3000.0,3000.0,3000.0,3000.0,3000.0,3000.0,3000.0,3000.0,867.8448326296486,769.1952919317431,3000.0,3000.0,867.8448326296486,769.1952919317431,3000.0,3000.0,867.8448326296486,769.1952919317431,3000.0,3000.0,867.8448326296486,769.1952919317431,3000.0,3000.0,3000.0,1211.0953929143523,3000.0,3000.0,3000.0,1211.0953929143523,3000.0,3000.0,3000.0,1211.0953929143523,3000.0,3000.0,3000.0,1211.0953929143523,3000.0,3000.0,3000.0,3000.0,3000.0,3000.0,3000.0,3000.0,3000.0,3000.0,3000.0,3000.0,3000.0,3000.0,3000.0,3000.0,3000.0
14933,3000.0,3000.0,3000.0,3000.0,3000.0,3000.0,3000.0,3000.0,3000.0,3000.0,3000.0,3000.0,3000.0,3000.0,3000.0,3000.0,3000.0,3000.0,3000.0,3000.0,3000.0,3000.0,3000.0,3000.0,3000.0,3000.0,3000.0,3000.0,3000.0,3000.0,3000.0,3000.0,3000.0,3000.0,3000.0,3000.0,3000.0,3000.0,3000.0,3000.0,3000.0,3000.0,3000.0,3000.0,3000.0,3000.0,3000.0,3000.0,3000.0,894.9089068897773,790.5142602372224,3000.0,3000.0,894.9089068897773,790.5142602372224,3000.0,3000.0,894.9089068897773,790.5142602372224,3000.0,3000.0,894.9089068897773,790.5142602372224,3000.0,3000.0,1367.9401674088997,1230.0383339003201,3000.0,3000.0,1367.9401674088997,1230.0383339003201,3000.0,3000.0,1367.9401674088997,1230.0383339003201,3000.0,3000.0,1367.9401674088997,1230.0383339003201,3000.0,3000.0,3000.0,3000.0,3000.0,3000.0,3000.0,3000.0,3000.0,3000.0,3000.0,3000.0,3000.0,3000.0,3000.0,3000.0,3000.0
