time_ms,s1_c01,s1_c02,s1_c03,s1_c04,s1_c05,s1_c06,s1_c07,s1_c08,s1_c09,s1_c10,s1_c11,s1_c12,s1_c13,s1_c14,s1_c15,s1_c16,s2_c01,s2_c02,s2_c03,s2_c04,s2_c05,s2_c06,s2_c07,s2_c08,s2_c09,s2_c10,s2_c11,s2_c12,s2_c13,s2_c14,s2_c15,s2_c16,s3_c01,s3_c02,s3_c03,s3_c04,s3_c05,s3_c06,s3_c07,s3_c08,s3_c09,s3_c10,s3_c11,s3_c12,s3_c13,s3_c14,s3_c15,s3_c16,s4_c01,s4_c02,s4_c03,s4_c04,s4_c05,s4_c06,s4_c07,s4_c08,s4_c09,s4_c10,s4_c11,s4_c12,s4_c13,s4_c14,s4_c15,s4_c16,s5_c01,s5_c02,s5_c03,s5_c04,s5_c05,s5_c06,s5_c07,s5_c08,s5_c09,s5_c10,s5_c11,s5_c12,s5_c13,s5_c14,s5_c15,s5_c16,s6_c01,s6_c02,s6_c03,s6_c04,s6_c05,s6_c06,s6_c07,s6_c08,s6_c09,s6_c10,s6_c11,s6_c12,s6_c13,s6_c14,s6_c15,s6_c16
0,500.0,532.088886237956,652.7036446661393,999.9999999999998,500.0,532.088886237956,652.7036446661393,999.9999999999998,500.0,532.088886237956,652.7036446661393,999.9999999999998,500.0,532.088886237956,652.7036446661393,999.9999999999998,999.9999999999998,652.7036446661393,532.088886237956,500.0,999.9999999999998,652.7036446661393,532.088886237956,500.0,999.9999999999998,652.7036446661393,532.088886237956,500.0,999.9999999999998,652.7036446661393,532.088886237956,500.0,3000.0,3000.0,3000.0,1000.0000000000002,3000.0,3000.0,3000.0,1000.0000000000002,3000.0,3000.0,3000.0,1000.0000000000002,3000.0,3000.0,3000.0,1000.0000000000002,3000.0,3000.0,3000.0,3000.0,3000.0,3000.0,3000.0,3000.0,3000.0,3000.0,3000.0,3000.0,3000.0,3000.0,3000.0,3000.0,3000.0,3000.0,3000.0,3000.0,3000.0,3000.0,3000.0,3000.0,3000.0,3000.0,3000.0,3000.0,3000.0,3000.0,3000.0,3000.0,1000.0000000000002,3000.0,3000.0,3000.0,1000.0000000000002,3000.0,3000.0,3000.0,1000.0000000000002,3000.0,3000.0,3000.0,1000.0000000000002,3000.0,3000.0,3000.0
67,516.6666666666666,549.8251824458879,674.4604328216773,1033.333333333333,516.6666666666666,549.8251824458879,674.4604328216773,1033.333333333333,516.6666666666666,549.8251824458879,674.4604328216773,1033.333333333333,516.6666666666666,549.8251824458879,674.4604328216773,1033.333333333333,1033.333333333333,674.4604328216773,549.8251824458879,516.6666666666666,1033.333333333333,674.4604328216773,549.8251824458879,516.6666666666666,1033.333333333333,674.4604328216773,549.8251824458879,516.6666666666666,1033.333333333333,674.4604328216773,549.8251824458879,516.6666666666666,3000.0,3000.0,3000.0,1033.3333333333335,3000.0,3000.0,3000.0,1033.3333333333335,3000.0,3000.0,3000.0,1033.3333333333335,3000.0,3000.0,3000.0,1033.3333333333335,3000.0,3000.0,3000.0,3000.0,3000.0,3000.0,3000.0,3000.0,3000.0,3000.0,3000.0,3000.0,3000.0,3000.0,3000.0,3000.0,3000.0,3000.0,3000.0,3000.0,3000.0,3000.0,3000.0,3000.0,3000.0,3000.0,3000.0,3000.0,3000.0,3000.0,3000.0,3000.0,1033.3333333333335,3000.0,3000.0,3000.0,1033.3333333333335,3000.0,3000.0,3000.0,1033.3333333333335,3000.0,3000.0,3000.0,1033.3333333333335,3000.0,3000.0,3000.0
133,533.3333333333334,567.5614786538198,696.2172209772153,1066.6666666666665,533.3333333333334,567.5614786538198,696.2172209772153,1066.6666666666665,533.3333333333334,567.5614786538198,696.2172209772153,1066.6666666666665,533.3333333333334,567.5614786538198,696.2172209772153,1066.6666666666665,1066.6666666666665,696.2172209772153,567.5614786538198,533.3333333333334,1066.6666666666665,696.2172209772153,567.5614786538198,533.3333333333334,1066.6666666666665,696.2172209772153,567.5614786538198,533.3333333333334,1066.6666666666665,696.2172209772153,567.5614786538198,533.3333333333334,3000.0,3000.0,3000.0,1066.666666666667,3000.0,3000.0,3000.0,1066.666666666667,3000.0,3000.0,3000.0,1066.666666666667,3000.0,3000.0,3000.0,1066.666666666667,3000.0,3000.0,3000.0,3000.0,3000.0,3000.0,3000.0,3000.0,3000.0,3000.0,3000.0,3000.0,3000.0,3000.0,3000.0,3000.0,3000.0,3000.0,3000.0,3000.0,3000.0,3000.0,3000.0,3000.0,3000.0,3000.0,3000.0,3000.0,3000.0,3000.0,3000.0,3000.0,1066.666666666667,3000.0,3000.0,3000.0,1066.666666666667,3000.0,3000.0,3000.0,1066.666666666667,3000.0,3000.0,3000.0,1066.666666666667,3000.0,3000.0,3000.0
200,550.0,585.2977748617517,717.9740091327533,1099.9999999999998,550.0,585.2977748617517,717.9740091327533,1099.9999999999998,550.0,585.2977748617517,717.9740091327533,1099.9999999999998,550.0,585.2977748617517,717.9740091327533,1099.9999999999998,1099.9999999999998,717.9740091327533,585.2977748617517,550.0,1099.9999999999998,717.9740091327533,585.2977748617517,550.0,1099.9999999999998,717.9740091327533,585.2977748617517,550.0,1099.9999999999998,717.9740091327533,585.2977748617517,550.0,3000.0,3000.0,3000.0,1100.0000000000002,3000.0,3000.0,3000.0,1100.0000000000002,3000.0,3000.0,3000.0,1100.0000000000002,3000.0,3000.0,3000.0,1100.0000000000002,3000.0,3000.0,3000.0,3000.0,3000.0,3000.0,3000.0,3000.0,3000.0,3000.0,3000.0,3000.0,3000.0,3000.0,3000.0,3000.0,3000.0,3000.0,3000.0,3000.0,3000.0,3000.0,3000.0,3000.0,3000.0,3000.0,3000.0,3000.0,3000.0,3000.0,3000.0,3000.0,1100.0000000000002,3000.0,3000.0,3000.0,1100.0000000000002,3000.0,3000.0,3000.0,1100.0000000000002,3000.0,3000.0,3000.0,1100.0000000000002,3000.0,3000.0,3000.0
267,566.6666666666666,603.0340710696836,739.7307972882911,1133.333333333333,566.6666666666666,603.0340710696836,739.7307972882911,1133.333333333333,566.6666666666666,603.0340710696836,739.7307972882911,1133.333333333333,566.6666666666666,603.0340710696836,739.7307972882911,1133.333333333333,1133.333333333333,739.7307972882911,603.0340710696836,566.6666666666666,1133.333333333333,739.7307972882911,603.0340710696836,566.6666666666666,1133.333333333333,739.7307972882911,603.0340710696836,566.6666666666666,1133.333333333333,739.7307972882911,603.0340710696836,566.6666666666666,3000.0,3000.0,3000.0,1133.3333333333335,3000.0,3000.0,3000.0,1133.3333333333335,3000.0,3000.0,3000.0,1133.3333333333335,3000.0,3000.0,3000.0,1133.3333333333335,3000.0,3000.0,3000.0,3000.0,3000.0,3000.0,3000.0,3000.0,3000.0,3000.0,3000.0,3000.0,3000.0,3000.0,3000.0,3000.0,3000.0,3000.0,3000.0,3000.0,3000.0,3000.0,3000.0,3000.0,3000.0,3000.0,3000.0,3000.0,3000.0,3000.0,3000.0,3000.0,1133.3333333333335,3000.0,3000.0,3000.0,1133.3333333333335,3000.0,3000.0,3000.0,1133.3333333333335,3000.0,3000.0,3000.0,1133.3333333333335,3000.0,3000.0,3000.0
333,583.3333333333333,620.7703672776153,761.4875854438291,3000.0,583.3333333333333,620.7703672776153,761.4875854438291,3000.0,583.3333333333333,620.7703672776153,761.4875854438291,3000.0,583.3333333333333,620.7703672776153,761.4875854438291,3000.0,3000.0,761.4875854438291,620.7703672776153,583.3333333333333,3000.0,761.4875854438291,620.7703672776153,583.3333333333333,3000.0,761.4875854438291,620.7703672776153,583.3333333333333,3000.0,761.4875854438291,620.7703672776153,583.3333333333333,3000.0,3000.0,3000.0,3000.0,3000.0,3000.0,3000.0,3000.0,3000.0,3000.0,3000.0,3000.0,3000.0,3000.0,3000.0,3000.0,3000.0,3000.0,3000.0,3000.0,3000.0,3000.0,3000.0,3000.0,3000.0,3000.0,3000.0,3000.0,3000.0,3000.0,3000.0,3000.0,3000.0,3000.0,3000.0,3000.0,3000.0,3000.0,3000.0,3000.0,3000.0,3000.0,3000.0,3000.0,3000.0,3000.0,3000.0,3000.0,3000.0,3000.0,3000.0,3000.0,3000.0,3000.0,3000.0,3000.0,3000.0,3000.0,3000.0,3000.0,3000.0,3000.0,3000.0,3000.0
400,600.0,638.5066634855472,783.2443735993671,3000.0,600.0,638.5066634855472,783.2443735993671,3000.0,600.0,638.5066634855472,783.2443735993671,3000.0,600.0,638.5066634855472,783.2443735993671,3000.0,3000.0,783.2443735993671,638.5066634855472,600.0,3000.0,783.2443735993671,638.5066634855472,600.0,3000.0,783.2443735993671,638.5066634855472,600.0,3000.0,783.2443735993671,638.5066634855472,600.0,3000.0,3000.0,3000.0,3000.0,3000.0,3000.0,3000.0,3000.0,3000.0,3000.0,3000.0,3000.0,3000.0,3000.0,3000.0,3000.0,3000.0,3000.0,3000.0,3000.0,3000.0,3000.0,3000.0,3000.0,3000.0,3000.0,3000.0,3000.0,3000.0,3000.0,3000.0,3000.0,3000.0,3000.0,3000.0,3000.0,3000.0,3000.0,3000.0,3000.0,3000.0,3000.0,3000.0,3000.0,3000.0,3000.0,3000.0,3000.0,3000.0,3000.0,3000.0,3000.0,3000.0,3000.0,3000.0,3000.0,3000.0,3000.0,3000.0,3000.0,3000.0,3000.0,3000.0,3000.0
467,616.6666666666667,656.2429596934792,805.0011617549052,3000.0,616.6666666666667,656.2429596934792,805.0011617549052,3000.0,616.6666666666667,656.2429596934792,805.0011617549052,3000.0,616.6666666666667,656.2429596934792,805.0011617549052,3000.0,3000.0,805.0011617549052,656.2429596934792,616.6666666666667,3000.0,805.0011617549052,656.2429596934792,616.6666666666667,3000.0,805.0011617549052,656.2429596934792,616.6666666666667,3000.0,805.0011617549052,656.2429596934792,616.6666666666667,3000.0,3000.0,3000.0,3000.0,3000.0,3000.0,3000.0,3000.0,3000.0,3000.0,3000.0,3000.0,3000.0,3000.0,3000.0,3000.0,3000.0,3000.0,3000.0,3000.0,3000.0,3000.0,3000.0,3000.0,3000.0,3000.0,3000.0,3000.0,3000.0,3000.0,3000.0,3000.0,3000.0,3000.0,3000.0,3000.0,3000.0,3000.0,3000.0,3000.0,3000.0,3000.0,3000.0,3000.0,3000.0,3000.0,3000.0,3000.0,3000.0,3000.0,3000.0,3000.0,3000.0,3000.0,3000.0,3000.0,3000.0,3000.0,3000.0,3000.0,3000.0,3000.0,3000.0,3000.0
533,633.3333333333333,673.979255901411,826.757949910443,3000.0,633.3333333333333,673.979255901411,826.757949910443,3000.0,633.3333333333333,673.979255901411,826.757949910443,3000.0,633.3333333333333,673.979255901411,826.757949910443,3000.0,3000.0,826.757949910443,673.979255901411,633.3333333333333,3000.0,826.757949910443,673.979255901411,633.3333333333333,3000.0,826.757949910443,673.979255901411,633.3333333333333,3000.0,826.757949910443,673.979255901411,633.3333333333333,3000.0,3000.0,3000.0,3000.0,3000.0,3000.0,3000.0,3000.0,3000.0,3000.0,3000.0,3000.0,3000.0,3000.0,3000.0,3000.0,3000.0,3000.0,3000.0,3000.0,3000.0,3000.0,3000.0,3000.0,3000.0,3000.0,3000.0,3000.0,3000.0,3000.0,3000.0,3000.0,3000.0,3000.0,3000.0,3000.0,3000.0,3000.0,3000.0,3000.0,3000.0,3000.0,3000.0,3000.0,3000.0,3000.0,3000.0,3000.0,3000.0,3000.0,3000.0,3000.0,3000.0,3000.0,3000.0,3000.0,3000.0,3000.0,3000.0,3000.0,3000.0,3000.0,3000.0,3000.0
600,650.0,691.7155521093429,848.5147380659811,3000.0,650.0,691.7155521093429,848.5147380659811,3000.0,650.0,691.7155521093429,848.5147380659811,3000.0,650.0,691.7155521093429,848.5147380659811,3000.0,3000.0,848.5147380659811,691.7155521093429,650.0,3000.0,848.5147380659811,691.7155521093429,650.0,3000.0,848.5147380659811,691.7155521093429,650.0,3000.0,848.5147380659811,691.7155521093429,650.0,3000.0,3000.0,3000.0,3000.0,3000.0,3000.0,3000.0,3000.0,3000.0,3000.0,3000.0,3000.0,3000.0,3000.0,3000.0,3000.0,3000.0,3000.0,3000.0,3000.0,3000.0,3000.0,3000.0,3000.0,3000.0,3000.0,3000.0,3000.0,3000.0,3000.0,3000.0,3000.0,3000.0,3000.0,3000.0,3000.0,3000.0,3000.0,3000.0,3000.0,3000.0,3000.0,3000.0,3000.0,3000.0,3000.0,3000.0,3000.0,3000.0,3000.0,3000.0,3000.0,3000.0,3000.0,3000.0,3000.0,3000.0,3000.0,3000.0,3000.0,3000.0,3000.0,3000.0,3000.0
667,666.6666666666666,709.4518483172747,870.271526221519,3000.0,666.6666666666666,709.4518483172747,870.271526221519,3000.0,666.6666666666666,709.4518483172747,870.271526221519,3000.0,666.6666666666666,709.4518483172747,870.271526221519,3000.0,3000.0,870.271526221519,709.4518483172747,666.6666666666666,3000.0,870.271526221519,709.4518483172747,666.6666666666666,3000.0,870.271526221519,709.4518483172747,666.6666666666666,3000.0,870.271526221519,709.4518483172747,666.6666666666666,3000.0,3000.0,3000.0,3000.0,3000.0,3000.0,3000.0,3000.0,3000.0,3000.0,3000.0,3000.0,3000.0,3000.0,3000.0,3000.0,3000.0,3000.0,3000.0,3000.0,3000.0,3000.0,3000.0,3000.0,3000.0,3000.0,3000.0,3000.0,3000.0,3000.0,3000.0,3000.0,3000.0,3000.0,3000.0,3000.0,3000.0,3000.0,3000.0,3000.0,3000.0,3000.0,3000.0,3000.0,3000.0,3000.0,3000.0,3000.0,3000.0,3000.0,3000.0,3000.0,3000.0,3000.0,3000.0,3000.0,3000.0,3000.0,3000.0,3000.0,3000.0,3000.0,3000.0,3000.0
733,683.3333333333334,727.1881445252067,892.0283143770571,3000.0,683.3333333333334,727.1881445252067,892.0283143770571,3000.0,683.3333333333334,727.1881445252067,892.0283143770571,3000.0,683.3333333333334,727.1881445252067,892.0283143770571,3000.0,3000.0,892.0283143770571,727.1881445252067,683.3333333333334,3000.0,892.0283143770571,727.1881445252067,683.3333333333334,3000.0,892.0283143770571,727.1881445252067,683.3333333333334,3000.0,892.0283143770571,727.1881445252067,683.3333333333334,3000.0,3000.0,3000.0,3000.0,3000.0,3000.0,3000.0,3000.0,3000.0,3000.0,3000.0,3000.0,3000.0,3000.0,3000.0,3000.0,3000.0,3000.0,3000.0,3000.0,3000.0,3000.0,3000.0,3000.0,3000.0,3000.0,3000.0,3000.0,3000.0,3000.0,3000.0,3000.0,3000.0,3000.0,3000.0,3000.0,3000.0,3000.0,3000.0,3000.0,3000.0,3000.0,3000.0,3000.0,3000.0,3000.0,3000.0,3000.0,3000.0,3000.0,3000.0,3000.0,3000.0,3000.0,3000.0,3000.0,3000.0,3000.0,3000.0,3000.0,3000.0,3000.0,3000.0,3000.0
800,700.0,744.9244407331385,913.785102532595,3000.0,700.0,744.9244407331385,913.785102532595,3000.0,700.0,744.9244407331385,913.785102532595,3000.0,700.0,744.9244407331385,913.785102532595,3000.0,3000.0,913.785102532595,744.9244407331385,700.0,3000.0,913.785102532595,744.9244407331385,700.0,3000.0,913.785102532595,744.9244407331385,700.0,3000.0,913.785102532595,744.9244407331385,700.0,3000.0,3000.0,3000.0,3000.0,3000.0,3000.0,3000.0,3000.0,3000.0,3000.0,3000.0,3000.0,3000.0,3000.0,3000.0,3000.0,3000.0,3000.0,3000.0,3000.0,3000.0,3000.0,3000.0,3000.0,3000.0,3000.0,3000.0,3000.0,3000.0,3000.0,3000.0,3000.0,3000.0,3000.0,3000.0,3000.0,3000.0,3000.0,3000.0,3000.0,3000.0,3000.0,3000.0,3000.0,3000.0,3000.0,3000.0,3000.0,3000.0,3000.0,3000.0,3000.0,3000.0,3000.0,3000.0,3000.0,3000.0,3000.0,3000.0,3000.0,3000.0,3000.0,3000.0,3000.0
867,716.6666666666666,762.6607369410704,935.541890688133,3000.0,716.6666666666666,762.6607369410704,935.541890688133,3000.0,716.6666666666666,762.6607369410704,935.541890688133,3000.0,716.6666666666666,762.6607369410704,935.541890688133,3000.0,3000.0,935.541890688133,762.6607369410704,716.6666666666666,3000.0,935.541890688133,762.6607369410704,716.6666666666666,3000.0,935.541890688133,762.6607369410704,716.6666666666666,3000.0,935.541890688133,762.6607369410704,716.6666666666666,3000.0,3000.0,3000.0,3000.0,3000.0,3000.0,3000.0,3000.0,3000.0,3000.0,3000.0,3000.0,3000.0,3000.0,3000.0,3000.0,3000.0,3000.0,3000.0,3000.0,3000.0,3000.0,3000.0,3000.0,3000.0,3000.0,3000.0,3000.0,3000.0,3000.0,3000.0,3000.0,3000.0,3000.0,3000.0,3000.0,3000.0,3000.0,3000.0,3000.0,3000.0,3000.0,3000.0,3000.0,3000.0,3000.0,3000.0,3000.0,3000.0,3000.0,3000.0,3000.0,3000.0,3000.0,3000.0,3000.0,3000.0,3000.0,3000.0,3000.0,3000.0,3000.0,3000.0,3000.0
933,733.3333333333334,780.3970331490023,957.298678843671,3000.0,733.3333333333334,780.3970331490023,957.298678843671,3000.0,733.3333333333334,780.3970331490023,957.298678843671,3000.0,733.3333333333334,780.3970331490023,957.298678843671,3000.0,3000.0,957.298678843671,780.3970331490023,733.3333333333334,3000.0,957.298678843671,780.3970331490023,733.3333333333334,3000.0,957.298678843671,780.3970331490023,733.3333333333334,3000.0,957.298678843671,780.3970331490023,733.3333333333334,3000.0,3000.0,3000.0,3000.0,3000.0,3000.0,3000.0,3000.0,3000.0,3000.0,3000.0,3000.0,3000.0,3000.0,3000.0,3000.0,3000.0,3000.0,3000.0,3000.0,3000.0,3000.0,3000.0,3000.0,3000.0,3000.0,3000.0,3000.0,3000.0,3000.0,3000.0,3000.0,3000.0,3000.0,3000.0,3000.0,3000.0,3000.0,3000.0,3000.0,3000.0,3000.0,3000.0,3000.0,3000.0,3000.0,3000.0,3000.0,3000.0,3000.0,3000.0,3000.0,3000.0,3000.0,3000.0,3000.0,3000.0,3000.0,3000.0,3000.0,3000.0,3000.0,3000.0,3000.0
1000,750.0,798.133329356934,979.055466999209,3000.0,750.0,798.133329356934,979.055466999209,3000.0,750.0,798.133329356934,979.055466999209,3000.0,750.0,798.133329356934,979.055466999209,3000.0,3000.0,979.055466999209,798.133329356934,750.0,3000.0,979.055466999209,798.133329356934,750.0,3000.0,979.055466999209,798.133329356934,750.0,3000.0,979.055466999209,798.133329356934,750.0,3000.0,3000.0,3000.0,3000.0,3000.0,3000.0,3000.0,3000.0,3000.0,3000.0,3000.0,3000.0,3000.0,3000.0,3000.0,3000.0,3000.0,3000.0,3000.0,3000.0,3000.0,3000.0,3000.0,3000.0,3000.0,3000.0,3000.0,3000.0,3000.0,3000.0,3000.0,3000.0,3000.0,3000.0,3000.0,3000.0,3000.0,3000.0,3000.0,3000.0,3000.0,3000.0,3000.0,3000.0,3000.0,3000.0,3000.0,3000.0,3000.0,3000.0,3000.0,3000.0,3000.0,3000.0,3000.0,3000.0,3000.0,3000.0,3000.0,3000.0,3000.0,3000.0,3000.0,3000.0
1067,766.6666666666666,815.8696255648658,1000.8122551547469,3000.0,766.6666666666666,815.8696255648658,1000.8122551547469,3000.0,766.6666666666666,815.8696255648658,1000.8122551547469,3000.0,766.6666666666666,815.8696255648658,1000.8122551547469,3000.0,3000.0,1000.8122551547469,815.8696255648658,766.6666666666666,3000.0,1000.8122551547469,815.8696255648658,766.6666666666666,3000.0,1000.8122551547469,815.8696255648658,766.6666666666666,3000.0,1000.8122551547469,815.8696255648658,766.6666666666666,3000.0,3000.0,3000.0,3000.0,3000.0,3000.0,3000.0,3000.0,3000.0,3000.0,3000.0,3000.0,3000.0,3000.0,3000.0,3000.0,3000.0,3000.0,3000.0,3000.0,3000.0,3000.0,3000.0,3000.0,3000.0,3000.0,3000.0,3000.0,3000.0,3000.0,3000.0,3000.0,3000.0,3000.0,3000.0,3000.0,3000.0,3000.0,3000.0,3000.0,3000.0,3000.0,3000.0,3000.0,3000.0,3000.0,3000.0,3000.0,3000.0,3000.0,3000.0,3000.0,3000.0,3000.0,3000.0,3000.0,3000.0,3000.0,3000.0,3000.0,3000.0,3000.0,3000.0,3000.0
1133,783.3333333333334,833.6059217727978,1022.569043310285,3000.0,783.3333333333334,833.6059217727978,1022.569043310285,3000.0,783.3333333333334,833.6059217727978,1022.569043310285,3000.0,783.3333333333334,833.6059217727978,1022.569043310285,3000.0,3000.0,1022.569043310285,833.6059217727978,783.3333333333334,3000.0,1022.569043310285,833.6059217727978,783.3333333333334,3000.0,1022.569043310285,833.6059217727978,783.3333333333334,3000.0,1022.569043310285,833.6059217727978,783.3333333333334,3000.0,3000.0,3000.0,3000.0,3000.0,3000.0,3000.0,3000.0,3000.0,3000.0,3000.0,3000.0,3000.0,3000.0,3000.0,3000.0,3000.0,3000.0,3000.0,3000.0,3000.0,3000.0,3000.0,3000.0,3000.0,3000.0,3000.0,3000.0,3000.0,3000.0,3000.0,3000.0,3000.0,3000.0,3000.0,3000.0,3000.0,3000.0,3000.0,3000.0,3000.0,3000.0,3000.0,3000.0,3000.0,3000.0,3000.0,3000.0,3000.0,3000.0,3000.0,3000.0,3000.0,3000.0,3000.0,3000.0,3000.0,3000.0,3000.0,3000.0,3000.0,3000.0,3000.0,3000.0
1200,800.0,851.3422179807297,1044.325831465823,3000.0,800.0,851.3422179807297,1044.325831465823,3000.0,800.0,851.3422179807297,1044.325831465823,3000.0,800.0,851.3422179807297,1044.325831465823,3000.0,3000.0,1044.325831465823,851.3422179807297,800.0,3000.0,1044.325831465823,851.3422179807297,800.0,3000.0,1044.325831465823,851.3422179807297,800.0,3000.0,1044.325831465823,851.3422179807297,800.0,3000.0,3000.0,3000.0,3000.0,3000.0,3000.0,3000.0,3000.0,3000.0,3000.0,3000.0,3000.0,3000.0,3000.0,3000.0,3000.0,3000.0,3000.0,3000.0,3000.0,3000.0,3000.0,3000.0,3000.0,3000.0,3000.0,3000.0,3000.0,3000.0,3000.0,3000.0,3000.0,3000.0,3000.0,3000.0,3000.0,3000.0,3000.0,3000.0,3000.0,3000.0,3000.0,3000.0,3000.0,3000.0,3000.0,3000.0,3000.0,3000.0,3000.0,3000.0,3000.0,3000.0,3000.0,3000.0,3000.0,3000.0,3000.0,3000.0,3000.0,3000.0,3000.0,3000.0,3000.0
1267,816.6666666666666,869.0785141886615,1066.082619621361,3000.0,816.6666666666666,869.0785141886615,1066.082619621361,3000.0,816.6666666666666,869.0785141886615,1066.082619621361,3000.0,816.6666666666666,869.0785141886615,1066.082619621361,3000.0,3000.0,1066.082619621361,869.0785141886615,816.6666666666666,3000.0,1066.082619621361,869.0785141886615,816.6666666666666,3000.0,1066.082619621361,869.0785141886615,816.6666666666666,3000.0,1066.082619621361,869.0785141886615,816.6666666666666,3000.0,3000.0,3000.0,3000.0,3000.0,3000.0,3000.0,3000.0,3000.0,3000.0,3000.0,3000.0,3000.0,3000.0,3000.0,3000.0,3000.0,3000.0,3000.0,3000.0,3000.0,3000.0,3000.0,3000.0,3000.0,3000.0,3000.0,3000.0,3000.0,3000.0,3000.0,3000.0,3000.0,3000.0,3000.0,3000.0,3000.0,3000.0,3000.0,3000.0,3000.0,3000.0,3000.0,3000.0,3000.0,3000.0,3000.0,3000.0,3000.0,3000.0,3000.0,3000.0,3000.0,3000.0,3000.0,3000.0,3000.0,3000.0,3000.0,3000.0,3000.0,3000.0,3000.0,3000.0
1333,833.3333333333333,886.8148103965934,1087.8394077768987,3000.0,833.3333333333333,886.8148103965934,1087.8394077768987,3000.0,833.3333333333333,886.8148103965934,1087.8394077768987,3000.0,833.3333333333333,886.8148103965934,1087.8394077768987,3000.0,3000.0,1087.8394077768987,886.8148103965934,833.3333333333333,3000.0,1087.8394077768987,886.8148103965934,833.3333333333333,3000.0,1087.8394077768987,886.8148103965934,833.3333333333333,3000.0,1087.8394077768987,886.8148103965934,833.3333333333333,3000.0,3000.0,3000.0,3000.0,3000.0,3000.0,3000.0,3000.0,3000.0,3000.0,3000.0,3000.0,3000.0,3000.0,3000.0,3000.0,3000.0,3000.0,3000.0,3000.0,3000.0,3000.0,3000.0,3000.0,3000.0,3000.0,3000.0,3000.0,3000.0,3000.0,3000.0,3000.0,3000.0,3000.0,3000.0,3000.0,3000.0,3000.0,3000.0,3000.0,3000.0,3000.0,3000.0,3000.0,3000.0,3000.0,3000.0,3000.0,3000.0,3000.0,3000.0,3000.0,3000.0,3000.0,3000.0,3000.0,3000.0,3000.0,3000.0,3000.0,3000.0,3000.0,3000.0,3000.0
1400,850.0,904.5511066045252,1109.5961959324368,3000.0,850.0,904.5511066045252,1109.5961959324368,3000.0,850.0,904.5511066045252,1109.5961959324368,3000.0,850.0,904.5511066045252,1109.5961959324368,3000.0,3000.0,1109.5961959324368,904.5511066045252,850.0,3000.0,1109.5961959324368,904.5511066045252,850.0,3000.0,1109.5961959324368,904.5511066045252,850.0,3000.0,1109.5961959324368,904.5511066045252,850.0,3000.0,3000.0,3000.0,3000.0,3000.0,3000.0,3000.0,3000.0,3000.0,3000.0,3000.0,3000.0,3000.0,3000.0,3000.0,3000.0,3000.0,3000.0,3000.0,3000.0,3000.0,3000.0,3000.0,3000.0,3000.0,3000.0,3000.0,3000.0,3000.0,3000.0,3000.0,3000.0,3000.0,3000.0,3000.0,3000.0,3000.0,3000.0,3000.0,3000.0,3000.0,3000.0,3000.0,3000.0,3000.0,3000.0,3000.0,3000.0,3000.0,3000.0,3000.0,3000.0,3000.0,3000.0,3000.0,3000.0,3000.0,3000.0,3000.0,3000.0,3000.0,3000.0,3000.0,3000.0
1467,866.6666666666667,922.2874028124571,1131.3529840879748,3000.0,866.6666666666667,922.2874028124571,1131.3529840879748,3000.0,866.6666666666667,922.2874028124571,1131.3529840879748,3000.0,866.6666666666667,922.2874028124571,1131.3529840879748,3000.0,3000.0,1131.3529840879748,922.2874028124571,866.6666666666667,3000.0,1131.3529840879748,922.2874028124571,866.6666666666667,3000.0,1131.3529840879748,922.2874028124571,866.6666666666667,3000.0,1131.3529840879748,922.2874028124571,866.6666666666667,3000.0,3000.0,3000.0,3000.0,3000.0,3000.0,3000.0,3000.0,3000.0,3000.0,3000.0,3000.0,3000.0,3000.0,3000.0,3000.0,3000.0,3000.0,3000.0,3000.0,3000.0,3000.0,3000.0,3000.0,3000.0,3000.0,3000.0,3000.0,3000.0,3000.0,3000.0,3000.0,3000.0,3000.0,3000.0,3000.0,3000.0,3000.0,3000.0,3000.0,3000.0,3000.0,3000.0,3000.0,3000.0,3000.0,3000.0,3000.0,3000.0,3000.0,3000.0,3000.0,3000.0,3000.0,3000.0,3000.0,3000.0,3000.0,3000.0,3000.0,3000.0,3000.0,3000.0,3000.0
1533,883.3333333333333,940.0236990203889,1153.109772243513,3000.0,883.3333333333333,940.0236990203889,1153.109772243513,3000.0,883.3333333333333,940.0236990203889,1153.109772243513,3000.0,883.3333333333333,940.0236990203889,1153.109772243513,3000.0,3000.0,1153.109772243513,940.0236990203889,883.3333333333333,3000.0,1153.109772243513,940.0236990203889,883.3333333333333,3000.0,1153.109772243513,940.0236990203889,883.3333333333333,3000.0,1153.109772243513,940.0236990203889,883.3333333333333,3000.0,3000.0,3000.0,3000.0,3000.0,3000.0,3000.0,3000.0,3000.0,3000.0,3000.0,3000.0,3000.0,3000.0,3000.0,3000.0,3000.0,3000.0,3000.0,3000.0,3000.0,3000.0,3000.0,3000.0,3000.0,3000.0,3000.0,3000.0,3000.0,3000.0,3000.0,3000.0,3000.0,3000.0,3000.0,3000.0,3000.0,3000.0,3000.0,3000.0,3000.0,3000.0,3000.0,3000.0,3000.0,3000.0,3000.0,3000.0,3000.0,3000.0,3000.0,3000.0,3000.0,3000.0,3000.0,3000.0,3000.0,3000.0,3000.0,3000.0,3000.0,3000.0,3000.0,3000.0
1600,900.0,957.7599952283209,1174.866560399051,3000.0,900.0,957.7599952283209,1174.866560399051,3000.0,900.0,957.7599952283209,1174.866560399051,3000.0,900.0,957.7599952283209,1174.866560399051,3000.0,3000.0,1174.866560399051,957.7599952283209,900.0,3000.0,1174.866560399051,957.7599952283209,900.0,3000.0,1174.866560399051,957.7599952283209,900.0,3000.0,1174.866560399051,957.7599952283209,900.0,3000.0,3000.0,3000.0,3000.0,3000.0,3000.0,3000.0,3000.0,3000.0,3000.0,3000.0,3000.0,3000.0,3000.0,3000.0,3000.0,3000.0,3000.0,3000.0,3000.0,3000.0,3000.0,3000.0,3000.0,3000.0,3000.0,3000.0,3000.0,3000.0,3000.0,3000.0,3000.0,3000.0,3000.0,3000.0,3000.0,3000.0,3000.0,3000.0,3000.0,3000.0,3000.0,3000.0,3000.0,3000.0,3000.0,3000.0,3000.0,3000.0,3000.0,3000.0,3000.0,3000.0,3000.0,3000.0,3000.0,3000.0,3000.0,3000.0,3000.0,3000.0,3000.0,3000.0,3000.0
1667,916.6666666666667,975.4962914362528,1196.623348554589,3000.0,916.6666666666667,975.4962914362528,1196.623348554589,3000.0,916.6666666666667,975.4962914362528,1196.623348554589,3000.0,916.6666666666667,975.4962914362528,1196.623348554589,3000.0,3000.0,1196.623348554589,975.4962914362528,916.6666666666667,3000.0,1196.623348554589,975.4962914362528,916.6666666666667,3000.0,1196.623348554589,975.4962914362528,916.6666666666667,3000.0,1196.623348554589,975.4962914362528,916.6666666666667,3000.0,3000.0,3000.0,3000.0,3000.0,3000.0,3000.0,3000.0,3000.0,3000.0,3000.0,3000.0,3000.0,3000.0,3000.0,3000.0,3000.0,3000.0,3000.0,3000.0,3000.0,3000.0,3000.0,3000.0,3000.0,3000.0,3000.0,3000.0,3000.0,3000.0,3000.0,3000.0,3000.0,3000.0,3000.0,3000.0,3000.0,3000.0,3000.0,3000.0,3000.0,3000.0,3000.0,3000.0,3000.0,3000.0,3000.0,3000.0,3000.0,3000.0,3000.0,3000.0,3000.0,3000.0,3000.0,3000.0,3000.0,3000.0,3000.0,3000.0,3000.0,3000.0,3000.0,3000.0
1733,933.3333333333334,993.2325876441846,1218.3801367101269,3000.0,933.3333333333334,993.2325876441846,1218.3801367101269,3000.0,933.3333333333334,993.2325876441846,1218.3801367101269,3000.0,933.3333333333334,993.2325876441846,1218.3801367101269,3000.0,3000.0,1218.3801367101269,993.2325876441846,933.3333333333334,3000.0,1218.3801367101269,993.2325876441846,933.3333333333334,3000.0,1218.3801367101269,993.2325876441846,933.3333333333334,3000.0,1218.3801367101269,993.2325876441846,933.3333333333334,3000.0,3000.0,3000.0,3000.0,3000.0,3000.0,3000.0,3000.0,3000.0,3000.0,3000.0,3000.0,3000.0,3000.0,3000.0,3000.0,3000.0,3000.0,3000.0,3000.0,3000.0,3000.0,3000.0,3000.0,3000.0,3000.0,3000.0,3000.0,3000.0,3000.0,3000.0,3000.0,3000.0,3000.0,3000.0,3000.0,3000.0,3000.0,3000.0,3000.0,3000.0,3000.0,3000.0,3000.0,3000.0,3000.0,3000.0,3000.0,3000.0,3000.0,3000.0,3000.0,3000.0,3000.0,3000.0,3000.0,3000.0,3000.0,3000.0,3000.0,3000.0,3000.0,3000.0,3000.0
1800,950.0,1010.9688838521165,1240.1369248656647,3000.0,950.0,1010.9688838521165,1240.1369248656647,3000.0,950.0,1010.9688838521165,1240.1369248656647,3000.0,950.0,1010.9688838521165,1240.1369248656647,3000.0,3000.0,1240.1369248656647,1010.9688838521165,950.0,3000.0,1240.1369248656647,1010.9688838521165,950.0,3000.0,1240.1369248656647,1010.9688838521165,950.0,3000.0,1240.1369248656647,1010.9688838521165,950.0,3000.0,3000.0,3000.0,3000.0,3000.0,3000.0,3000.0,3000.0,3000.0,3000.0,3000.0,3000.0,3000.0,3000.0,3000.0,3000.0,3000.0,3000.0,3000.0,3000.0,3000.0,3000.0,3000.0,3000.0,3000.0,3000.0,3000.0,3000.0,3000.0,3000.0,3000.0,3000.0,3000.0,3000.0,3000.0,3000.0,3000.0,3000.0,3000.0,3000.0,3000.0,3000.0,3000.0,3000.0,3000.0,3000.0,3000.0,3000.0,3000.0,3000.0,3000.0,3000.0,3000.0,3000.0,3000.0,3000.0,3000.0,3000.0,3000.0,3000.0,3000.0,3000.0,3000.0,3000.0
1867,966.6666666666666,1028.7051800600484,1261.8937130212028,3000.0,966.6666666666666,1028.7051800600484,1261.8937130212028,3000.0,966.6666666666666,1028.7051800600484,1261.8937130212028,3000.0,966.6666666666666,1028.7051800600484,1261.8937130212028,3000.0,3000.0,1261.8937130212028,1028.7051800600484,966.6666666666666,3000.0,1261.8937130212028,1028.7051800600484,966.6666666666666,3000.0,1261.8937130212028,1028.7051800600484,966.6666666666666,3000.0,1261.8937130212028,1028.7051800600484,966.6666666666666,3000.0,3000.0,3000.0,3000.0,3000.0,3000.0,3000.0,3000.0,3000.0,3000.0,3000.0,3000.0,3000.0,3000.0,3000.0,3000.0,3000.0,3000.0,3000.0,3000.0,3000.0,3000.0,3000.0,3000.0,3000.0,3000.0,3000.0,3000.0,3000.0,3000.0,3000.0,3000.0,3000.0,3000.0,3000.0,3000.0,3000.0,3000.0,3000.0,3000.0,3000.0,3000.0,3000.0,3000.0,3000.0,3000.0,3000.0,3000.0,3000.0,3000.0,3000.0,3000.0,3000.0,3000.0,3000.0,3000.0,3000.0,3000.0,3000.0,3000.0,3000.0,3000.0,3000.0,3000.0
1933,983.3333333333334,1046.4414762679803,1283.6505011767408,3000.0,983.3333333333334,1046.4414762679803,1283.6505011767408,3000.0,983.3333333333334,1046.4414762679803,1283.6505011767408,3000.0,983.3333333333334,1046.4414762679803,1283.6505011767408,3000.0,3000.0,1283.6505011767408,1046.4414762679803,983.3333333333334,3000.0,1283.6505011767408,1046.4414762679803,983.3333333333334,3000.0,1283.6505011767408,1046.4414762679803,983.3333333333334,3000.0,1283.6505011767408,1046.4414762679803,983.3333333333334,3000.0,3000.0,3000.0,3000.0,3000.0,3000.0,3000.0,3000.0,3000.0,3000.0,3000.0,3000.0,3000.0,3000.0,3000.0,3000.0,3000.0,3000.0,3000.0,3000.0,3000.0,3000.0,3000.0,3000.0,3000.0,3000.0,3000.0,3000.0,3000.0,3000.0,3000.0,3000.0,3000.0,3000.0,3000.0,3000.0,3000.0,3000.0,3000.0,3000.0,3000.0,3000.0,3000.0,3000.0,3000.0,3000.0,3000.0,3000.0,3000.0,3000.0,3000.0,3000.0,3000.0,3000.0,3000.0,3000.0,3000.0,3000.0,3000.0,3000.0,3000.0,3000.0,3000.0,3000.0
2000,1000.0,1064.177772475912,1305.4072893322787,3000.0,1000.0,1064.177772475912,1305.4072893322787,3000.0,1000.0,1064.177772475912,1305.4072893322787,3000.0,1000.0,1064.177772475912,1305.4072893322787,3000.0,3000.0,1305.4072893322787,1064.177772475912,1000.0,3000.0,1305.4072893322787,1064.177772475912,1000.0,3000.0,1305.4072893322787,1064.177772475912,1000.0,3000.0,1305.4072893322787,1064.177772475912,1000.0,3000.0,3000.0,3000.0,3000.0,3000.0,3000.0,3000.0,3000.0,3000.0,3000.0,3000.0,3000.0,3000.0,3000.0,3000.0,3000.0,3000.0,3000.0,3000.0,3000.0,3000.0,3000.0,3000.0,3000.0,3000.0,3000.0,3000.0,3000.0,3000.0,3000.0,3000.0,3000.0,3000.0,3000.0,3000.0,3000.0,3000.0,3000.0,3000.0,3000.0,3000.0,3000.0,3000.0,3000.0,3000.0,3000.0,3000.0,3000.0,3000.0,3000.0,3000.0,3000.0,3000.0,3000.0,3000.0,3000.0,3000.0,3000.0,3000.0,3000.0,3000.0,3000.0,3000.0,3000.0
2067,1016.6666666666666,1081.9140686838439,1327.1640774878167,3000.0,1016.6666666666666,1081.9140686838439,1327.1640774878167,3000.0,1016.6666666666666,1081.9140686838439,1327.1640774878167,3000.0,1016.6666666666666,1081.9140686838439,1327.1640774878167,3000.0,3000.0,1327.1640774878167,1081.9140686838439,1016.6666666666666,3000.0,1327.1640774878167,1081.9140686838439,1016.6666666666666,3000.0,1327.1640774878167,1081.9140686838439,1016.6666666666666,3000.0,1327.1640774878167,1081.9140686838439,1016.6666666666666,3000.0,3000.0,3000.0,3000.0,3000.0,3000.0,3000.0,3000.0,3000.0,3000.0,3000.0,3000.0,3000.0,3000.0,3000.0,3000.0,3000.0,3000.0,3000.0,3000.0,3000.0,3000.0,3000.0,3000.0,3000.0,3000.0,3000.0,3000.0,3000.0,3000.0,3000.0,3000.0,3000.0,3000.0,3000.0,3000.0,3000.0,3000.0,3000.0,3000.0,3000.0,3000.0,3000.0,3000.0,3000.0,3000.0,3000.0,3000.0,3000.0,3000.0,3000.0,3000.0,3000.0,3000.0,3000.0,3000.0,3000.0,3000.0,3000.0,3000.0,3000.0,3000.0,3000.0,3000.0
2133,1033.3333333333333,1099.6503648917758,1348.9208656433545,3000.0,1033.3333333333333,1099.6503648917758,1348.9208656433545,3000.0,1033.3333333333333,1099.6503648917758,1348.9208656433545,3000.0,1033.3333333333333,1099.6503648917758,1348.9208656433545,3000.0,3000.0,1348.9208656433545,1099.6503648917758,1033.3333333333333,3000.0,1348.9208656433545,1099.6503648917758,1033.3333333333333,3000.0,1348.9208656433545,1099.6503648917758,1033.3333333333333,3000.0,1348.9208656433545,1099.6503648917758,1033.3333333333333,3000.0,3000.0,3000.0,3000.0,3000.0,3000.0,3000.0,3000.0,3000.0,3000.0,3000.0,3000.0,3000.0,3000.0,3000.0,3000.0,3000.0,3000.0,3000.0,3000.0,3000.0,3000.0,3000.0,3000.0,3000.0,3000.0,3000.0,3000.0,3000.0,3000.0,3000.0,3000.0,3000.0,3000.0,3000.0,3000.0,3000.0,3000.0,3000.0,3000.0,3000.0,3000.0,3000.0,3000.0,3000.0,3000.0,3000.0,3000.0,3000.0,3000.0,3000.0,3000.0,3000.0,3000.0,3000.0,3000.0,3000.0,3000.0,3000.0,3000.0,3000.0,3000.0,3000.0,3000.0
2200,1050.0,1117.3866610997077,1370.6776537988928,3000.0,1050.0,1117.3866610997077,1370.6776537988928,3000.0,1050.0,1117.3866610997077,1370.6776537988928,3000.0,1050.0,1117.3866610997077,1370.6776537988928,3000.0,3000.0,1370.6776537988928,1117.3866610997077,1050.0,3000.0,1370.6776537988928,1117.3866610997077,1050.0,3000.0,1370.6776537988928,1117.3866610997077,1050.0,3000.0,1370.6776537988928,1117.3866610997077,1050.0,3000.0,3000.0,3000.0,3000.0,3000.0,3000.0,3000.0,3000.0,3000.0,3000.0,3000.0,3000.0,3000.0,3000.0,3000.0,3000.0,3000.0,3000.0,3000.0,3000.0,3000.0,3000.0,3000.0,3000.0,3000.0,3000.0,3000.0,3000.0,3000.0,3000.0,3000.0,3000.0,3000.0,3000.0,3000.0,3000.0,3000.0,3000.0,3000.0,3000.0,3000.0,3000.0,3000.0,3000.0,3000.0,3000.0,3000.0,3000.0,3000.0,3000.0,3000.0,3000.0,3000.0,3000.0,3000.0,3000.0,3000.0,3000.0,3000.0,3000.0,3000.0,3000.0,3000.0,3000.0
2267,1066.6666666666667,1135.1229573076396,1392.4344419544307,3000.0,1066.6666666666667,1135.1229573076396,1392.4344419544307,3000.0,1066.6666666666667,1135.1229573076396,1392.4344419544307,3000.0,1066.6666666666667,1135.1229573076396,1392.4344419544307,3000.0,3000.0,1392.4344419544307,1135.1229573076396,1066.6666666666667,3000.0,1392.4344419544307,1135.1229573076396,1066.6666666666667,3000.0,1392.4344419544307,1135.1229573076396,1066.6666666666667,3000.0,1392.4344419544307,1135.1229573076396,1066.6666666666667,3000.0,3000.0,3000.0,3000.0,3000.0,3000.0,3000.0,3000.0,3000.0,3000.0,3000.0,3000.0,3000.0,3000.0,3000.0,3000.0,3000.0,3000.0,3000.0,3000.0,3000.0,3000.0,3000.0,3000.0,3000.0,3000.0,3000.0,3000.0,3000.0,3000.0,3000.0,3000.0,3000.0,3000.0,3000.0,3000.0,3000.0,3000.0,3000.0,3000.0,3000.0,3000.0,3000.0,3000.0,3000.0,3000.0,3000.0,3000.0,3000.0,3000.0,3000.0,3000.0,3000.0,3000.0,3000.0,3000.0,3000.0,3000.0,3000.0,3000.0,3000.0,3000.0,3000.0,3000.0
2333,1083.3333333333335,1152.8592535155715,1414.1912301099685,3000.0,1083.3333333333335,1152.8592535155715,1414.1912301099685,3000.0,1083.3333333333335,1152.8592535155715,1414.1912301099685,3000.0,1083.3333333333335,1152.8592535155715,1414.1912301099685,3000.0,3000.0,1414.1912301099685,1152.8592535155715,1083.3333333333335,3000.0,1414.1912301099685,1152.8592535155715,1083.3333333333335,3000.0,1414.1912301099685,1152.8592535155715,1083.3333333333335,3000.0,1414.1912301099685,1152.8592535155715,1083.3333333333335,3000.0,3000.0,3000.0,3000.0,3000.0,3000.0,3000.0,3000.0,3000.0,3000.0,3000.0,3000.0,3000.0,3000.0,3000.0,3000.0,3000.0,3000.0,3000.0,3000.0,3000.0,3000.0,3000.0,3000.0,3000.0,3000.0,3000.0,3000.0,3000.0,3000.0,3000.0,3000.0,3000.0,3000.0,3000.0,3000.0,3000.0,3000.0,3000.0,3000.0,3000.0,3000.0,3000.0,3000.0,3000.0,3000.0,3000.0,3000.0,3000.0,3000.0,3000.0,3000.0,3000.0,3000.0,3000.0,3000.0,3000.0,3000.0,3000.0,3000.0,3000.0,3000.0,3000.0,3000.0
2400,1100.0,1170.5955497235034,1435.9480182655066,3000.0,1100.0,1170.5955497235034,1435.9480182655066,3000.0,1100.0,1170.5955497235034,1435.9480182655066,3000.0,1100.0,1170.5955497235034,1435.9480182655066,3000.0,3000.0,1435.9480182655066,1170.5955497235034,1100.0,3000.0,1435.9480182655066,1170.5955497235034,1100.0,3000.0,1435.9480182655066,1170.5955497235034,1100.0,3000.0,1435.9480182655066,1170.5955497235034,1100.0,3000.0,3000.0,3000.0,3000.0,3000.0,3000.0,3000.0,3000.0,3000.0,3000.0,3000.0,3000.0,3000.0,3000.0,3000.0,3000.0,3000.0,3000.0,3000.0,3000.0,3000.0,3000.0,3000.0,3000.0,3000.0,3000.0,3000.0,3000.0,3000.0,3000.0,3000.0,3000.0,3000.0,3000.0,3000.0,3000.0,3000.0,3000.0,3000.0,3000.0,3000.0,3000.0,3000.0,3000.0,3000.0,3000.0,3000.0,3000.0,3000.0,3000.0,3000.0,3000.0,3000.0,3000.0,3000.0,3000.0,3000.0,3000.0,3000.0,3000.0,3000.0,3000.0,3000.0,3000.0
2467,1116.6666666666667,1188.331845931435,1457.7048064210444,3000.0,1116.6666666666667,1188.331845931435,1457.7048064210444,3000.0,1116.6666666666667,1188.331845931435,1457.7048064210444,3000.0,1116.6666666666667,1188.331845931435,1457.7048064210444,3000.0,3000.0,1457.7048064210444,1188.331845931435,1116.6666666666667,3000.0,1457.7048064210444,1188.331845931435,1116.6666666666667,3000.0,1457.7048064210444,1188.331845931435,1116.6666666666667,3000.0,1457.7048064210444,1188.331845931435,1116.6666666666667,3000.0,3000.0,3000.0,3000.0,3000.0,3000.0,3000.0,3000.0,3000.0,3000.0,3000.0,3000.0,3000.0,3000.0,3000.0,3000.0,3000.0,3000.0,3000.0,3000.0,3000.0,3000.0,3000.0,3000.0,3000.0,3000.0,3000.0,3000.0,3000.0,3000.0,3000.0,3000.0,3000.0,3000.0,3000.0,3000.0,3000.0,3000.0,3000.0,3000.0,3000.0,3000.0,3000.0,3000.0,3000.0,3000.0,3000.0,3000.0,3000.0,3000.0,3000.0,3000.0,3000.0,3000.0,3000.0,3000.0,3000.0,3000.0,3000.0,3000.0,3000.0,3000.0,3000.0,3000.0
2533,1133.3333333333333,1206.0681421393672,1479.4615945765822,3000.0,1133.3333333333333,1206.0681421393672,1479.4615945765822,3000.0,1133.3333333333333,1206.0681421393672,1479.4615945765822,3000.0,1133.3333333333333,1206.0681421393672,1479.4615945765822,3000.0,3000.0,1479.4615945765822,1206.0681421393672,1133.3333333333333,3000.0,1479.4615945765822,1206.0681421393672,1133.3333333333333,3000.0,1479.4615945765822,1206.0681421393672,1133.3333333333333,3000.0,1479.4615945765822,1206.0681421393672,1133.3333333333333,3000.0,3000.0,3000.0,3000.0,3000.0,3000.0,3000.0,3000.0,3000.0,3000.0,3000.0,3000.0,3000.0,3000.0,3000.0,3000.0,3000.0,3000.0,3000.0,3000.0,3000.0,3000.0,3000.0,3000.0,3000.0,3000.0,3000.0,3000.0,3000.0,3000.0,3000.0,3000.0,3000.0,3000.0,3000.0,3000.0,3000.0,3000.0,3000.0,3000.0,3000.0,3000.0,3000.0,3000.0,3000.0,3000.0,3000.0,3000.0,3000.0,3000.0,3000.0,3000.0,3000.0,3000.0,3000.0,3000.0,3000.0,3000.0,3000.0,3000.0,3000.0,3000.0,3000.0,3000.0
2600,1150.0,1223.8044383472989,1501.2183827321203,3000.0,1150.0,1223.8044383472989,1501.2183827321203,3000.0,1150.0,1223.8044383472989,1501.2183827321203,3000.0,1150.0,1223.8044383472989,1501.2183827321203,3000.0,3000.0,1501.2183827321203,1223.8044383472989,1150.0,3000.0,1501.2183827321203,1223.8044383472989,1150.0,3000.0,1501.2183827321203,1223.8044383472989,1150.0,3000.0,1501.2183827321203,1223.8044383472989,1150.0,3000.0,3000.0,3000.0,3000.0,3000.0,3000.0,3000.0,3000.0,3000.0,3000.0,3000.0,3000.0,3000.0,3000.0,3000.0,3000.0,3000.0,3000.0,3000.0,3000.0,3000.0,3000.0,3000.0,3000.0,3000.0,3000.0,3000.0,3000.0,3000.0,3000.0,3000.0,3000.0,3000.0,3000.0,3000.0,3000.0,3000.0,3000.0,3000.0,3000.0,3000.0,3000.0,3000.0,3000.0,3000.0,3000.0,3000.0,3000.0,3000.0,3000.0,3000.0,3000.0,3000.0,3000.0,3000.0,3000.0,3000.0,3000.0,3000.0,3000.0,3000.0,3000.0,3000.0,3000.0
2667,1166.6666666666665,1241.5407345552305,1522.9751708876581,3000.0,1166.6666666666665,1241.5407345552305,1522.9751708876581,3000.0,1166.6666666666665,1241.5407345552305,1522.9751708876581,3000.0,1166.6666666666665,1241.5407345552305,1522.9751708876581,3000.0,3000.0,1522.9751708876581,1241.5407345552305,1166.6666666666665,3000.0,1522.9751708876581,1241.5407345552305,1166.6666666666665,3000.0,1522.9751708876581,1241.5407345552305,1166.6666666666665,3000.0,1522.9751708876581,1241.5407345552305,1166.6666666666665,3000.0,3000.0,3000.0,3000.0,3000.0,3000.0,3000.0,3000.0,3000.0,3000.0,3000.0,3000.0,3000.0,3000.0,3000.0,3000.0,3000.0,3000.0,3000.0,3000.0,3000.0,3000.0,3000.0,3000.0,3000.0,3000.0,3000.0,3000.0,3000.0,3000.0,3000.0,3000.0,3000.0,3000.0,3000.0,3000.0,3000.0,3000.0,3000.0,3000.0,3000.0,3000.0,3000.0,3000.0,3000.0,3000.0,3000.0,3000.0,3000.0,3000.0,3000.0,3000.0,3000.0,3000.0,3000.0,3000.0,3000.0,3000.0,3000.0,3000.0,3000.0,3000.0,3000.0,3000.0
2733,1183.3333333333333,1259.2770307631627,1544.7319590431964,3000.0,1183.3333333333333,1259.2770307631627,1544.7319590431964,3000.0,1183.3333333333333,1259.2770307631627,1544.7319590431964,3000.0,1183.3333333333333,1259.2770307631627,1544.7319590431964,3000.0,3000.0,1544.7319590431964,1259.2770307631627,1183.3333333333333,3000.0,1544.7319590431964,1259.2770307631627,1183.3333333333333,3000.0,1544.7319590431964,1259.2770307631627,1183.3333333333333,3000.0,1544.7319590431964,1259.2770307631627,1183.3333333333333,3000.0,3000.0,3000.0,3000.0,3000.0,3000.0,3000.0,3000.0,3000.0,3000.0,3000.0,3000.0,3000.0,3000.0,3000.0,3000.0,3000.0,3000.0,3000.0,3000.0,3000.0,3000.0,3000.0,3000.0,3000.0,3000.0,3000.0,3000.0,3000.0,3000.0,3000.0,3000.0,3000.0,3000.0,3000.0,3000.0,3000.0,3000.0,3000.0,3000.0,3000.0,3000.0,3000.0,3000.0,3000.0,3000.0,3000.0,3000.0,3000.0,3000.0,3000.0,3000.0,3000.0,3000.0,3000.0,3000.0,3000.0,3000.0,3000.0,3000.0,3000.0,3000.0,3000.0,3000.0
2800,1200.0,1277.0133269710943,3000.0,3000.0,1200.0,1277.0133269710943,3000.0,3000.0,1200.0,1277.0133269710943,3000.0,3000.0,1200.0,1277.0133269710943,3000.0,3000.0,3000.0,3000.0,1277.0133269710943,1200.0,3000.0,3000.0,1277.0133269710943,1200.0,3000.0,3000.0,1277.0133269710943,1200.0,3000.0,3000.0,1277.0133269710943,1200.0,3000.0,3000.0,3000.0,3000.0,3000.0,3000.0,3000.0,3000.0,3000.0,3000.0,3000.0,3000.0,3000.0,3000.0,3000.0,3000.0,3000.0,3000.0,3000.0,3000.0,3000.0,3000.0,3000.0,3000.0,3000.0,3000.0,3000.0,3000.0,3000.0,3000.0,3000.0,3000.0,3000.0,3000.0,3000.0,3000.0,3000.0,3000.0,3000.0,3000.0,3000.0,3000.0,3000.0,3000.0,3000.0,3000.0,3000.0,3000.0,3000.0,3000.0,3000.0,3000.0,3000.0,3000.0,3000.0,3000.0,3000.0,3000.0,3000.0,3000.0,3000.0,3000.0,3000.0,3000.0
2867,1216.6666666666667,1294.7496231790265,3000.0,3000.0,1216.6666666666667,1294.7496231790265,3000.0,3000.0,1216.6666666666667,1294.7496231790265,3000.0,3000.0,1216.6666666666667,1294.7496231790265,3000.0,3000.0,3000.0,3000.0,1294.7496231790265,1216.6666666666667,3000.0,3000.0,1294.7496231790265,1216.6666666666667,3000.0,3000.0,1294.7496231790265,1216.6666666666667,3000.0,3000.0,1294.7496231790265,1216.6666666666667,3000.0,3000.0,3000.0,3000.0,3000.0,3000.0,3000.0,3000.0,3000.0,3000.0,3000.0,3000.0,3000.0,3000.0,3000.0,3000.0,3000.0,3000.0,3000.0,3000.0,3000.0,3000.0,3000.0,3000.0,3000.0,3000.0,3000.0,3000.0,3000.0,3000.0,3000.0,3000.0,3000.0,3000.0,3000.0,3000.0,3000.0,3000.0,3000.0,3000.0,3000.0,3000.0,3000.0,3000.0,3000.0,3000.0,3000.0,3000.0,3000.0,3000.0,3000.0,3000.0,3000.0,3000.0,3000.0,3000.0,3000.0,3000.0,3000.0,3000.0,3000.0,3000.0,3000.0,3000.0
2933,1233.3333333333335,1312.4859193869584,3000.0,3000.0,1233.3333333333335,1312.4859193869584,3000.0,3000.0,1233.3333333333335,1312.4859193869584,3000.0,3000.0,1233.3333333333335,1312.4859193869584,3000.0,3000.0,3000.0,3000.0,1312.4859193869584,1233.3333333333335,3000.0,3000.0,1312.4859193869584,1233.3333333333335,3000.0,3000.0,1312.4859193869584,1233.3333333333335,3000.0,3000.0,1312.4859193869584,1233.3333333333335,3000.0,3000.0,3000.0,3000.0,3000.0,3000.0,3000.0,3000.0,3000.0,3000.0,3000.0,3000.0,3000.0,3000.0,3000.0,3000.0,3000.0,3000.0,3000.0,3000.0,3000.0,3000.0,3000.0,3000.0,3000.0,3000.0,3000.0,3000.0,3000.0,3000.0,3000.0,3000.0,3000.0,3000.0,3000.0,3000.0,3000.0,3000.0,3000.0,3000.0,3000.0,3000.0,3000.0,3000.0,3000.0,3000.0,3000.0,3000.0,3000.0,3000.0,3000.0,3000.0,3000.0,3000.0,3000.0,3000.0,3000.0,3000.0,3000.0,3000.0,3000.0,3000.0,3000.0,3000.0
3000,1250.0,1330.2222155948903,3000.0,3000.0,1250.0,1330.2222155948903,3000.0,3000.0,1250.0,1330.2222155948903,3000.0,3000.0,1250.0,1330.2222155948903,3000.0,3000.0,3000.0,3000.0,1330.2222155948903,1250.0,3000.0,3000.0,1330.2222155948903,1250.0,3000.0,3000.0,1330.2222155948903,1250.0,3000.0,3000.0,1330.2222155948903,1250.0,3000.0,3000.0,3000.0,3000.0,3000.0,3000.0,3000.0,3000.0,3000.0,3000.0,3000.0,3000.0,3000.0,3000.0,3000.0,3000.0,3000.0,3000.0,3000.0,3000.0,3000.0,3000.0,3000.0,3000.0,3000.0,3000.0,3000.0,3000.0,3000.0,3000.0,3000.0,3000.0,3000.0,3000.0,3000.0,3000.0,3000.0,3000.0,3000.0,3000.0,3000.0,3000.0,3000.0,3000.0,3000.0,3000.0,3000.0,3000.0,3000.0,3000.0,3000.0,3000.0,3000.0,3000.0,3000.0,3000.0,3000.0,3000.0,3000.0,3000.0,3000.0,3000.0,3000.0,3000.0
3067,1253.0523726014653,1368.2953481325583,3000.0,3000.0,1253.0523726014653,1368.2953481325583,3000.0,3000.0,1253.0523726014653,1368.2953481325583,3000.0,3000.0,1253.0523726014653,1368.2953481325583,3000.0,3000.0,3000.0,1545.0849718747368,1300.3742948270026,1253.0523726014653,3000.0,1545.0849718747368,1300.3742948270026,1253.0523726014653,3000.0,1545.0849718747368,1300.3742948270026,1253.0523726014653,3000.0,1545.0849718747368,1300.3742948270026,1253.0523726014653,3000.0,3000.0,3000.0,3000.0,3000.0,3000.0,3000.0,3000.0,3000.0,3000.0,3000.0,3000.0,3000.0,3000.0,3000.0,3000.0,3000.0,3000.0,3000.0,3000.0,3000.0,3000.0,3000.0,3000.0,3000.0,3000.0,3000.0,3000.0,3000.0,3000.0,3000.0,3000.0,3000.0,3000.0,3000.0,3000.0,3000.0,3000.0,3000.0,3000.0,3000.0,3000.0,3000.0,3000.0,3000.0,3000.0,3000.0,3000.0,3000.0,3000.0,3000.0,3000.0,3000.0,3000.0,3000.0,3000.0,3000.0,3000.0,3000.0,3000.0,3000.0,3000.0,3000.0,3000.0
3133,1262.2844656482725,1415.7125633612989,3000.0,3000.0,1262.2844656482725,1415.7125633612989,3000.0,3000.0,1262.2844656482725,1415.7125633612989,3000.0,3000.0,1262.2844656482725,1415.7125633612989,3000.0,3000.0,3000.0,1473.9730042026204,1277.9257435812865,1262.2844656482725,3000.0,1473.9730042026204,1277.9257435812865,1262.2844656482725,3000.0,1473.9730042026204,1277.9257435812865,1262.2844656482725,3000.0,1473.9730042026204,1277.9257435812865,1262.2844656482725,3000.0,3000.0,3000.0,3000.0,3000.0,3000.0,3000.0,3000.0,3000.0,3000.0,3000.0,3000.0,3000.0,3000.0,3000.0,3000.0,3000.0,3000.0,3000.0,3000.0,3000.0,3000.0,3000.0,3000.0,3000.0,3000.0,3000.0,3000.0,3000.0,3000.0,3000.0,3000.0,3000.0,3000.0,3000.0,3000.0,3000.0,3000.0,3000.0,3000.0,3000.0,3000.0,3000.0,3000.0,3000.0,3000.0,3000.0,3000.0,3000.0,3000.0,3000.0,3000.0,3000.0,3000.0,3000.0,3000.0,3000.0,3000.0,3000.0,3000.0,3000.0,3000.0,3000.0,3000.0
3200,1277.9257435812867,1473.9730042026204,3000.0,3000.0,1277.9257435812867,1473.9730042026204,3000.0,3000.0,1277.9257435812867,1473.9730042026204,3000.0,3000.0,1277.9257435812867,1473.9730042026204,3000.0,3000.0,3000.0,1415.7125633612989,1262.2844656482725,1277.9257435812867,3000.0,1415.7125633612989,1262.2844656482725,1277.9257435812867,3000.0,1415.7125633612989,1262.2844656482725,1277.9257435812867,3000.0,1415.7125633612989,1262.2844656482725,1277.9257435812867,3000.0,3000.0,3000.0,3000.0,3000.0,3000.0,3000.0,3000.0,3000.0,3000.0,3000.0,3000.0,3000.0,3000.0,3000.0,3000.0,3000.0,3000.0,3000.0,3000.0,3000.0,3000.0,3000.0,3000.0,3000.0,3000.0,3000.0,3000.0,3000.0,3000.0,3000.0,3000.0,3000.0,3000.0,3000.0,3000.0,3000.0,3000.0,3000.0,3000.0,3000.0,3000.0,3000.0,3000.0,3000.0,3000.0,3000.0,3000.0,3000.0,3000.0,3000.0,3000.0,3000.0,3000.0,3000.0,3000.0,3000.0,3000.0,3000.0,3000.0,3000.0,3000.0,3000.0,3000.0
3267,1300.3742948270026,1545.084971874737,3000.0,3000.0,1300.3742948270026,1545.084971874737,3000.0,3000.0,1300.3742948270026,1545.084971874737,3000.0,3000.0,1300.3742948270026,1545.084971874737,3000.0,3000.0,3000.0,1368.2953481325583,1253.0523726014653,1300.3742948270026,3000.0,1368.2953481325583,1253.0523726014653,1300.3742948270026,3000.0,1368.2953481325583,1253.0523726014653,1300.3742948270026,3000.0,1368.2953481325583,1253.0523726014653,1300.3742948270026,3000.0,3000.0,3000.0,3000.0,3000.0,3000.0,3000.0,3000.0,3000.0,3000.0,3000.0,3000.0,3000.0,3000.0,3000.0,3000.0,3000.0,3000.0,3000.0,3000.0,3000.0,3000.0,3000.0,3000.0,3000.0,3000.0,3000.0,3000.0,3000.0,3000.0,3000.0,3000.0,3000.0,3000.0,3000.0,3000.0,3000.0,3000.0,3000.0,3000.0,3000.0,3000.0,3000.0,3000.0,3000.0,3000.0,3000.0,3000.0,3000.0,3000.0,3000.0,3000.0,3000.0,3000.0,3000.0,3000.0,3000.0,3000.0,3000.0,3000.0,3000.0,3000.0,3000.0,3000.0
3333,1330.2222155948903,3000.0,3000.0,3000.0,1330.2222155948903,3000.0,3000.0,3000.0,1330.2222155948903,3000.0,3000.0,3000.0,1330.2222155948903,3000.0,3000.0,3000.0,3000.0,1330.2222155948903,1250.0,1330.2222155948903,3000.0,1330.2222155948903,1250.0,1330.2222155948903,3000.0,1330.2222155948903,1250.0,1330.2222155948903,3000.0,1330.2222155948903,1250.0,1330.2222155948903,3000.0,3000.0,3000.0,3000.0,3000.0,3000.0,3000.0,3000.0,3000.0,3000.0,3000.0,3000.0,3000.0,3000.0,3000.0,3000.0,3000.0,3000.0,3000.0,3000.0,3000.0,3000.0,3000.0,3000.0,3000.0,3000.0,3000.0,3000.0,3000.0,3000.0,3000.0,3000.0,3000.0,3000.0,3000.0,3000.0,3000.0,3000.0,3000.0,3000.0,3000.0,3000.0,3000.0,3000.0,3000.0,3000.0,3000.0,3000.0,3000.0,3000.0,3000.0,3000.0,3000.0,3000.0,3000.0,3000.0,3000.0,3000.0,3000.0,3000.0,3000.0,3000.0,3000.0,3000.0
3400,1368.2953481325583,3000.0,3000.0,3000.0,1368.2953481325583,3000.0,3000.0,3000.0,1368.2953481325583,3000.0,3000.0,3000.0,1368.2953481325583,3000.0,3000.0,3000.0,1545.084971874737,1300.3742948270026,1253.0523726014653,1368.2953481325583,1545.084971874737,1300.3742948270026,1253.0523726014653,1368.2953481325583,1545.084971874737,1300.3742948270026,1253.0523726014653,1368.2953481325583,1545.084971874737,1300.3742948270026,1253.0523726014653,1368.2953481325583,3000.0,3000.0,3000.0,1545.0849718747372,3000.0,3000.0,3000.0,1545.0849718747372,3000.0,3000.0,3000.0,1545.0849718747372,3000.0,3000.0,3000.0,1545.0849718747372,3000.0,3000.0,3000.0,3000.0,3000.0,3000.0,3000.0,3000.0,3000.0,3000.0,3000.0,3000.0,3000.0,3000.0,3000.0,3000.0,3000.0,3000.0,3000.0,3000.0,3000.0,3000.0,3000.0,3000.0,3000.0,3000.0,3000.0,3000.0,3000.0,3000.0,3000.0,3000.0,3000.0,3000.0,3000.0,3000.0,3000.0,3000.0,3000.0,3000.0,3000.0,3000.0,3000.0,3000.0,3000.0,3000.0,3000.0,3000.0
3467,1415.712563361299,3000.0,3000.0,3000.0,1415.712563361299,3000.0,3000.0,3000.0,1415.712563361299,3000.0,3000.0,3000.0,1415.712563361299,3000.0,3000.0,3000.0,1473.9730042026204,1277.9257435812865,1262.2844656482728,1415.712563361299,1473.9730042026204,1277.9257435812865,1262.2844656482728,1415.712563361299,1473.9730042026204,1277.9257435812865,1262.2844656482728,1415.712563361299,1473.9730042026204,1277.9257435812865,1262.2844656482728,1415.712563361299,3000.0,3000.0,3000.0,1473.9730042026204,3000.0,3000.0,3000.0,1473.9730042026204,3000.0,3000.0,3000.0,1473.9730042026204,3000.0,3000.0,3000.0,1473.9730042026204,3000.0,3000.0,3000.0,3000.0,3000.0,3000.0,3000.0,3000.0,3000.0,3000.0,3000.0,3000.0,3000.0,3000.0,3000.0,3000.0,3000.0,3000.0,3000.0,3000.0,3000.0,3000.0,3000.0,3000.0,3000.0,3000.0,3000.0,3000.0,3000.0,3000.0,3000.0,3000.0,3000.0,3000.0,3000.0,3000.0,3000.0,3000.0,3000.0,3000.0,3000.0,3000.0,3000.0,3000.0,3000.0,3000.0,3000.0,3000.0
3533,1473.9730042026204,3000.0,3000.0,3000.0,1473.9730042026204,3000.0,3000.0,3000.0,1473.9730042026204,3000.0,3000.0,3000.0,1473.9730042026204,3000.0,3000.0,3000.0,1415.7125633612989,1262.2844656482725,1277.9257435812865,1473.9730042026204,1415.7125633612989,1262.2844656482725,1277.9257435812865,1473.9730042026204,1415.7125633612989,1262.2844656482725,1277.9257435812865,1473.9730042026204,1415.7125633612989,1262.2844656482725,1277.9257435812865,1473.9730042026204,3000.0,3000.0,3000.0,1415.712563361299,3000.0,3000.0,3000.0,1415.712563361299,3000.0,3000.0,3000.0,1415.712563361299,3000.0,3000.0,3000.0,1415.712563361299,3000.0,3000.0,3000.0,3000.0,3000.0,3000.0,3000.0,3000.0,3000.0,3000.0,3000.0,3000.0,3000.0,3000.0,3000.0,3000.0,3000.0,3000.0,3000.0,3000.0,3000.0,3000.0,3000.0,3000.0,3000.0,3000.0,3000.0,3000.0,3000.0,3000.0,3000.0,3000.0,3000.0,3000.0,3000.0,3000.0,3000.0,3000.0,3000.0,3000.0,3000.0,3000.0,3000.0,3000.0,3000.0,3000.0,3000.0,3000.0
3600,1545.0849718747372,3000.0,3000.0,3000.0,1545.0849718747372,3000.0,3000.0,3000.0,1545.0849718747372,3000.0,3000.0,3000.0,1545.0849718747372,3000.0,3000.0,3000.0,1368.2953481325583,1253.052372601465,1300.3742948270028,1545.0849718747372,1368.2953481325583,1253.052372601465,1300.3742948270028,1545.0849718747372,1368.2953481325583,1253.052372601465,1300.3742948270028,1545.0849718747372,1368.2953481325583,1253.052372601465,1300.3742948270028,1545.0849718747372,3000.0,3000.0,3000.0,1368.2953481325583,3000.0,3000.0,3000.0,1368.2953481325583,3000.0,3000.0,3000.0,1368.2953481325583,3000.0,3000.0,3000.0,1368.2953481325583,3000.0,3000.0,3000.0,3000.0,3000.0,3000.0,3000.0,3000.0,3000.0,3000.0,3000.0,3000.0,3000.0,3000.0,3000.0,3000.0,3000.0,3000.0,3000.0,3000.0,3000.0,3000.0,3000.0,3000.0,3000.0,3000.0,3000.0,3000.0,3000.0,3000.0,3000.0,3000.0,3000.0,3000.0,3000.0,3000.0,3000.0,3000.0,3000.0,3000.0,3000.0,3000.0,3000.0,3000.0,3000.0,3000.0,3000.0,3000.0
3667,3000.0,3000.0,3000.0,3000.0,3000.0,3000.0,3000.0,3000.0,3000.0,3000.0,3000.0,3000.0,3000.0,3000.0,3000.0,3000.0,1330.2222155948903,1250.0,1330.2222155948903,3000.0,1330.2222155948903,1250.0,1330.2222155948903,3000.0,1330.2222155948903,1250.0,1330.2222155948903,3000.0,1330.2222155948903,1250.0,1330.2222155948903,3000.0,3000.0,3000.0,3000.0,1330.2222155948903,3000.0,3000.0,3000.0,1330.2222155948903,3000.0,3000.0,3000.0,1330.2222155948903,3000.0,3000.0,3000.0,1330.2222155948903,3000.0,3000.0,3000.0,3000.0,3000.0,3000.0,3000.0,3000.0,3000.0,3000.0,3000.0,3000.0,3000.0,3000.0,3000.0,3000.0,3000.0,3000.0,3000.0,3000.0,3000.0,3000.0,3000.0,3000.0,3000.0,3000.0,3000.0,3000.0,3000.0,3000.0,3000.0,3000.0,3000.0,3000.0,3000.0,3000.0,3000.0,3000.0,3000.0,3000.0,3000.0,3000.0,3000.0,3000.0,3000.0,3000.0,3000.0,3000.0
3733,3000.0,3000.0,3000.0,3000.0,3000.0,3000.0,3000.0,3000.0,3000.0,3000.0,3000.0,3000.0,3000.0,3000.0,3000.0,3000.0,1300.3742948270026,1253.0523726014653,1368.2953481325583,3000.0,1300.3742948270026,1253.0523726014653,1368.2953481325583,3000.0,1300.3742948270026,1253.0523726014653,1368.2953481325583,3000.0,1300.3742948270026,1253.0523726014653,1368.2953481325583,3000.0,3000.0,3000.0,1545.084971874737,1300.3742948270026,3000.0,3000.0,1545.084971874737,1300.3742948270026,3000.0,3000.0,1545.084971874737,1300.3742948270026,3000.0,3000.0,1545.084971874737,1300.3742948270026,3000.0,3000.0,3000.0,3000.0,3000.0,3000.0,3000.0,3000.0,3000.0,3000.0,3000.0,3000.0,3000.0,3000.0,3000.0,3000.0,3000.0,3000.0,3000.0,3000.0,3000.0,3000.0,3000.0,3000.0,3000.0,3000.0,3000.0,3000.0,3000.0,3000.0,3000.0,3000.0,3000.0,3000.0,3000.0,3000.0,3000.0,3000.0,3000.0,3000.0,3000.0,3000.0,3000.0,3000.0,3000.0,3000.0,3000.0,3000.0
3800,3000.0,3000.0,3000.0,3000.0,3000.0,3000.0,3000.0,3000.0,3000.0,3000.0,3000.0,3000.0,3000.0,3000.0,3000.0,3000.0,1277.9257435812867,1262.2844656482725,1415.7125633612989,3000.0,1277.9257435812867,1262.2844656482725,1415.7125633612989,3000.0,1277.9257435812867,1262.2844656482725,1415.7125633612989,3000.0,1277.9257435812867,1262.2844656482725,1415.7125633612989,3000.0,3000.0,3000.0,1473.9730042026204,1277.9257435812867,3000.0,3000.0,1473.9730042026204,1277.9257435812867,3000.0,3000.0,1473.9730042026204,1277.9257435812867,3000.0,3000.0,1473.9730042026204,1277.9257435812867,3000.0,3000.0,3000.0,3000.0,3000.0,3000.0,3000.0,3000.0,3000.0,3000.0,3000.0,3000.0,3000.0,3000.0,3000.0,3000.0,3000.0,3000.0,3000.0,3000.0,3000.0,3000.0,3000.0,3000.0,3000.0,3000.0,3000.0,3000.0,3000.0,3000.0,3000.0,3000.0,3000.0,3000.0,3000.0,3000.0,3000.0,3000.0,3000.0,3000.0,3000.0,3000.0,3000.0,3000.0,3000.0,3000.0,3000.0,3000.0
3867,3000.0,3000.0,3000.0,3000.0,3000.0,3000.0,3000.0,3000.0,3000.0,3000.0,3000.0,3000.0,3000.0,3000.0,3000.0,3000.0,1262.2844656482725,1277.9257435812867,1473.9730042026204,3000.0,1262.2844656482725,1277.9257435812867,1473.9730042026204,3000.0,1262.2844656482725,1277.9257435812867,1473.9730042026204,3000.0,1262.2844656482725,1277.9257435812867,1473.9730042026204,3000.0,3000.0,3000.0,1415.7125633612989,1262.2844656482725,3000.0,3000.0,1415.7125633612989,1262.2844656482725,3000.0,3000.0,1415.7125633612989,1262.2844656482725,3000.0,3000.0,1415.7125633612989,1262.2844656482725,3000.0,3000.0,3000.0,3000.0,3000.0,3000.0,3000.0,3000.0,3000.0,3000.0,3000.0,3000.0,3000.0,3000.0,3000.0,3000.0,3000.0,3000.0,3000.0,3000.0,3000.0,3000.0,3000.0,3000.0,3000.0,3000.0,3000.0,3000.0,3000.0,3000.0,3000.0,3000.0,3000.0,3000.0,3000.0,3000.0,3000.0,3000.0,3000.0,3000.0,3000.0,3000.0,3000.0,3000.0,3000.0,3000.0,3000.0,3000.0
3933,3000.0,3000.0,3000.0,3000.0,3000.0,3000.0,3000.0,3000.0,3000.0,3000.0,3000.0,3000.0,3000.0,3000.0,3000.0,3000.0,1253.0523726014653,1300.3742948270026,1545.084971874737,3000.0,1253.0523726014653,1300.3742948270026,1545.084971874737,3000.0,1253.0523726014653,1300.3742948270026,1545.084971874737,3000.0,1253.0523726014653,1300.3742948270026,1545.084971874737,3000.0,3000.0,3000.0,1368.2953481325583,1253.0523726014653,3000.0,3000.0,1368.2953481325583,1253.0523726014653,3000.0,3000.0,1368.2953481325583,1253.0523726014653,3000.0,3000.0,1368.2953481325583,1253.0523726014653,3000.0,3000.0,3000.0,3000.0,3000.0,3000.0,3000.0,3000.0,3000.0,3000.0,3000.0,3000.0,3000.0,3000.0,3000.0,3000.0,3000.0,3000.0,3000.0,3000.0,3000.0,3000.0,3000.0,3000.0,3000.0,3000.0,3000.0,3000.0,3000.0,3000.0,3000.0,3000.0,3000.0,3000.0,3000.0,3000.0,3000.0,3000.0,3000.0,3000.0,3000.0,3000.0,3000.0,3000.0,3000.0,3000.0,3000.0,3000.0
4000,3000.0,3000.0,3000.0,3000.0,3000.0,3000.0,3000.0,3000.0,3000.0,3000.0,3000.0,3000.0,3000.0,3000.0,3000.0,3000.0,1250.0,1330.2222155948903,3000.0,3000.0,1250.0,1330.2222155948903,3000.0,3000.0,1250.0,1330.2222155948903,3000.0,3000.0,1250.0,1330.2222155948903,3000.0,3000.0,3000.0,3000.0,1330.2222155948903,1250.0,3000.0,3000.0,1330.2222155948903,1250.0,3000.0,3000.0,1330.2222155948903,1250.0,3000.0,3000.0,1330.2222155948903,1250.0,3000.0,3000.0,3000.0,3000.0,3000.0,3000.0,3000.0,3000.0,3000.0,3000.0,3000.0,3000.0,3000.0,3000.0,3000.0,3000.0,3000.0,3000.0,3000.0,3000.0,3000.0,3000.0,3000.0,3000.0,3000.0,3000.0,3000.0,3000.0,3000.0,3000.0,3000.0,3000.0,3000.0,3000.0,3000.0,3000.0,3000.0,3000.0,3000.0,3000.0,3000.0,3000.0,3000.0,3000.0,3000.0,3000.0,3000.0,3000.0
4067,3000.0,3000.0,3000.0,3000.0,3000.0,3000.0,3000.0,3000.0,3000.0,3000.0,3000.0,3000.0,3000.0,3000.0,3000.0,3000.0,1253.052372601465,1368.2953481325583,3000.0,3000.0,1253.052372601465,1368.2953481325583,3000.0,3000.0,1253.052372601465,1368.2953481325583,3000.0,3000.0,1253.052372601465,1368.2953481325583,3000.0,3000.0,3000.0,1545.0849718747372,1300.3742948270028,1253.052372601465,3000.0,1545.0849718747372,1300.3742948270028,1253.052372601465,3000.0,1545.0849718747372,1300.3742948270028,1253.052372601465,3000.0,1545.0849718747372,1300.3742948270028,1253.052372601465,3000.0,3000.0,3000.0,3000.0,3000.0,3000.0,3000.0,3000.0,3000.0,3000.0,3000.0,3000.0,3000.0,3000.0,3000.0,3000.0,3000.0,3000.0,3000.0,3000.0,3000.0,3000.0,3000.0,3000.0,3000.0,3000.0,3000.0,3000.0,3000.0,3000.0,3000.0,3000.0,3000.0,3000.0,3000.0,3000.0,3000.0,3000.0,3000.0,3000.0,3000.0,3000.0,3000.0,3000.0,3000.0,3000.0,3000.0,3000.0
4133,3000.0,3000.0,3000.0,3000.0,3000.0,3000.0,3000.0,3000.0,3000.0,3000.0,3000.0,3000.0,3000.0,3000.0,3000.0,3000.0,1262.2844656482728,1415.7125633612995,3000.0,3000.0,1262.2844656482728,1415.7125633612995,3000.0,3000.0,1262.2844656482728,1415.7125633612995,3000.0,3000.0,1262.2844656482728,1415.7125633612995,3000.0,3000.0,3000.0,1473.97300420262,1277.9257435812863,1262.2844656482728,3000.0,1473.97300420262,1277.9257435812863,1262.2844656482728,3000.0,1473.97300420262,1277.9257435812863,1262.2844656482728,3000.0,1473.97300420262,1277.9257435812863,1262.2844656482728,3000.0,3000.0,3000.0,3000.0,3000.0,3000.0,3000.0,3000.0,3000.0,3000.0,3000.0,3000.0,3000.0,3000.0,3000.0,3000.0,3000.0,3000.0,3000.0,3000.0,3000.0,3000.0,3000.0,3000.0,3000.0,3000.0,3000.0,3000.0,3000.0,3000.0,3000.0,3000.0,3000.0,3000.0,3000.0,3000.0,3000.0,3000.0,3000.0,3000.0,3000.0,3000.0,3000.0,3000.0,3000.0,3000.0,3000.0,3000.0
4200,3000.0,3000.0,3000.0,3000.0,3000.0,3000.0,3000.0,3000.0,3000.0,3000.0,3000.0,3000.0,3000.0,3000.0,3000.0,3000.0,1277.9257435812867,1473.9730042026206,3000.0,3000.0,1277.9257435812867,1473.9730042026206,3000.0,3000.0,1277.9257435812867,1473.9730042026206,3000.0,3000.0,1277.9257435812867,1473.9730042026206,3000.0,3000.0,3000.0,1415.7125633612989,1262.2844656482725,1277.9257435812867,3000.0,1415.7125633612989,1262.2844656482725,1277.9257435812867,3000.0,1415.7125633612989,1262.2844656482725,1277.9257435812867,3000.0,1415.7125633612989,1262.2844656482725,1277.9257435812867,3000.0,3000.0,3000.0,3000.0,3000.0,3000.0,3000.0,3000.0,3000.0,3000.0,3000.0,3000.0,3000.0,3000.0,3000.0,3000.0,3000.0,3000.0,3000.0,3000.0,3000.0,3000.0,3000.0,3000.0,3000.0,3000.0,3000.0,3000.0,3000.0,3000.0,3000.0,3000.0,3000.0,3000.0,3000.0,3000.0,3000.0,3000.0,3000.0,3000.0,3000.0,3000.0,3000.0,3000.0,3000.0,3000.0,3000.0,3000.0
4267,3000.0,3000.0,3000.0,3000.0,3000.0,3000.0,3000.0,3000.0,3000.0,3000.0,3000.0,3000.0,3000.0,3000.0,3000.0,3000.0,1300.3742948270028,1545.0849718747372,3000.0,3000.0,1300.3742948270028,1545.0849718747372,3000.0,3000.0,1300.3742948270028,1545.0849718747372,3000.0,3000.0,1300.3742948270028,1545.0849718747372,3000.0,3000.0,3000.0,1368.2953481325583,1253.052372601465,1300.3742948270026,3000.0,1368.2953481325583,1253.052372601465,1300.3742948270026,3000.0,1368.2953481325583,1253.052372601465,1300.3742948270026,3000.0,1368.2953481325583,1253.052372601465,1300.3742948270026,3000.0,3000.0,3000.0,3000.0,3000.0,3000.0,3000.0,3000.0,3000.0,3000.0,3000.0,3000.0,3000.0,3000.0,3000.0,3000.0,3000.0,3000.0,3000.0,3000.0,3000.0,3000.0,3000.0,3000.0,3000.0,3000.0,3000.0,3000.0,3000.0,3000.0,3000.0,3000.0,3000.0,3000.0,3000.0,3000.0,3000.0,3000.0,3000.0,3000.0,3000.0,3000.0,3000.0,3000.0,3000.0,3000.0,3000.0,3000.0
4333,3000.0,3000.0,3000.0,3000.0,3000.0,3000.0,3000.0,3000.0,3000.0,3000.0,3000.0,3000.0,3000.0,3000.0,3000.0,3000.0,1330.2222155948903,3000.0,3000.0,3000.0,1330.2222155948903,3000.0,3000.0,3000.0,1330.2222155948903,3000.0,3000.0,3000.0,1330.2222155948903,3000.0,3000.0,3000.0,3000.0,1330.2222155948903,1250.0,1330.22221559489,3000.0,1330.2222155948903,1250.0,1330.22221559489,3000.0,1330.2222155948903,1250.0,1330.22221559489,3000.0,1330.2222155948903,1250.0,1330.22221559489,3000.0,3000.0,3000.0,3000.0,3000.0,3000.0,3000.0,3000.0,3000.0,3000.0,3000.0,3000.0,3000.0,3000.0,3000.0,3000.0,3000.0,3000.0,3000.0,3000.0,3000.0,3000.0,3000.0,3000.0,3000.0,3000.0,3000.0,3000.0,3000.0,3000.0,3000.0,3000.0,3000.0,3000.0,3000.0,3000.0,3000.0,3000.0,3000.0,3000.0,3000.0,3000.0,3000.0,3000.0,3000.0,3000.0,3000.0,3000.0
4400,3000.0,3000.0,3000.0,3000.0,3000.0,3000.0,3000.0,3000.0,3000.0,3000.0,3000.0,3000.0,3000.0,3000.0,3000.0,3000.0,1368.2953481325585,3000.0,3000.0,3000.0,1368.2953481325585,3000.0,3000.0,3000.0,1368.2953481325585,3000.0,3000.0,3000.0,1368.2953481325585,3000.0,3000.0,3000.0,1545.0849718747365,1300.3742948270026,1253.0523726014653,1368.2953481325585,1545.0849718747365,1300.3742948270026,1253.0523726014653,1368.2953481325585,1545.0849718747365,1300.3742948270026,1253.0523726014653,1368.2953481325585,1545.0849718747365,1300.3742948270026,1253.0523726014653,1368.2953481325585,3000.0,3000.0,3000.0,3000.0,3000.0,3000.0,3000.0,3000.0,3000.0,3000.0,3000.0,3000.0,3000.0,3000.0,3000.0,3000.0,3000.0,3000.0,3000.0,1545.084971874737,3000.0,3000.0,3000.0,1545.084971874737,3000.0,3000.0,3000.0,1545.084971874737,3000.0,3000.0,3000.0,1545.084971874737,3000.0,3000.0,3000.0,3000.0,3000.0,3000.0,3000.0,3000.0,3000.0,3000.0,3000.0,3000.0,3000.0,3000.0,3000.0,3000.0
4467,3000.0,3000.0,3000.0,3000.0,3000.0,3000.0,3000.0,3000.0,3000.0,3000.0,3000.0,3000.0,3000.0,3000.0,3000.0,3000.0,1415.712563361299,3000.0,3000.0,3000.0,1415.712563361299,3000.0,3000.0,3000.0,1415.712563361299,3000.0,3000.0,3000.0,1415.712563361299,3000.0,3000.0,3000.0,1473.9730042026204,1277.9257435812865,1262.2844656482728,1415.712563361299,1473.9730042026204,1277.9257435812865,1262.2844656482728,1415.712563361299,1473.9730042026204,1277.9257435812865,1262.2844656482728,1415.712563361299,1473.9730042026204,1277.9257435812865,1262.2844656482728,1415.712563361299,3000.0,3000.0,3000.0,3000.0,3000.0,3000.0,3000.0,3000.0,3000.0,3000.0,3000.0,3000.0,3000.0,3000.0,3000.0,3000.0,3000.0,3000.0,3000.0,1473.9730042026204,3000.0,3000.0,3000.0,1473.9730042026204,3000.0,3000.0,3000.0,1473.9730042026204,3000.0,3000.0,3000.0,1473.9730042026204,3000.0,3000.0,3000.0,3000.0,3000.0,3000.0,3000.0,3000.0,3000.0,3000.0,3000.0,3000.0,3000.0,3000.0,3000.0,3000.0
4533,3000.0,3000.0,3000.0,3000.0,3000.0,3000.0,3000.0,3000.0,3000.0,3000.0,3000.0,3000.0,3000.0,3000.0,3000.0,3000.0,1473.9730042026204,3000.0,3000.0,3000.0,1473.9730042026204,3000.0,3000.0,3000.0,1473.9730042026204,3000.0,3000.0,3000.0,1473.9730042026204,3000.0,3000.0,3000.0,1415.712563361299,1262.2844656482728,1277.9257435812865,1473.9730042026204,1415.712563361299,1262.2844656482728,1277.9257435812865,1473.9730042026204,1415.712563361299,1262.2844656482728,1277.9257435812865,1473.9730042026204,1415.712563361299,1262.2844656482728,1277.9257435812865,1473.9730042026204,3000.0,3000.0,3000.0,3000.0,3000.0,3000.0,3000.0,3000.0,3000.0,3000.0,3000.0,3000.0,3000.0,3000.0,3000.0,3000.0,3000.0,3000.0,3000.0,1415.7125633612993,3000.0,3000.0,3000.0,1415.7125633612993,3000.0,3000.0,3000.0,1415.7125633612993,3000.0,3000.0,3000.0,1415.7125633612993,3000.0,3000.0,3000.0,3000.0,3000.0,3000.0,3000.0,3000.0,3000.0,3000.0,3000.0,3000.0,3000.0,3000.0,3000.0,3000.0
4600,3000.0,3000.0,3000.0,3000.0,3000.0,3000.0,3000.0,3000.0,3000.0,3000.0,3000.0,3000.0,3000.0,3000.0,3000.0,3000.0,1545.084971874737,3000.0,3000.0,3000.0,1545.084971874737,3000.0,3000.0,3000.0,1545.084971874737,3000.0,3000.0,3000.0,1545.084971874737,3000.0,3000.0,3000.0,1368.2953481325585,1253.0523726014653,1300.3742948270026,1545.0849718747365,1368.2953481325585,1253.0523726014653,1300.3742948270026,1545.0849718747365,1368.2953481325585,1253.0523726014653,1300.3742948270026,1545.0849718747365,1368.2953481325585,1253.0523726014653,1300.3742948270026,1545.0849718747365,3000.0,3000.0,3000.0,3000.0,3000.0,3000.0,3000.0,3000.0,3000.0,3000.0,3000.0,3000.0,3000.0,3000.0,3000.0,3000.0,3000.0,3000.0,3000.0,1368.2953481325585,3000.0,3000.0,3000.0,1368.2953481325585,3000.0,3000.0,3000.0,1368.2953481325585,3000.0,3000.0,3000.0,1368.2953481325585,3000.0,3000.0,3000.0,3000.0,3000.0,3000.0,3000.0,3000.0,3000.0,3000.0,3000.0,3000.0,3000.0,3000.0,3000.0,3000.0
4667,3000.0,3000.0,3000.0,3000.0,3000.0,3000.0,3000.0,3000.0,3000.0,3000.0,3000.0,3000.0,3000.0,3000.0,3000.0,3000.0,3000.0,3000.0,3000.0,3000.0,3000.0,3000.0,3000.0,3000.0,3000.0,3000.0,3000.0,3000.0,3000.0,3000.0,3000.0,3000.0,1330.22221559489,1250.0,1330.2222155948905,3000.0,1330.22221559489,1250.0,1330.2222155948905,3000.0,1330.22221559489,1250.0,1330.2222155948905,3000.0,1330.22221559489,1250.0,1330.2222155948905,3000.0,3000.0,3000.0,3000.0,3000.0,3000.0,3000.0,3000.0,3000.0,3000.0,3000.0,3000.0,3000.0,3000.0,3000.0,3000.0,3000.0,3000.0,3000.0,3000.0,1330.22221559489,3000.0,3000.0,3000.0,1330.22221559489,3000.0,3000.0,3000.0,1330.22221559489,3000.0,3000.0,3000.0,1330.22221559489,3000.0,3000.0,3000.0,3000.0,3000.0,3000.0,3000.0,3000.0,3000.0,3000.0,3000.0,3000.0,3000.0,3000.0,3000.0,3000.0
4733,3000.0,3000.0,3000.0,3000.0,3000.0,3000.0,3000.0,3000.0,3000.0,3000.0,3000.0,3000.0,3000.0,3000.0,3000.0,3000.0,3000.0,3000.0,3000.0,3000.0,3000.0,3000.0,3000.0,3000.0,3000.0,3000.0,3000.0,3000.0,3000.0,3000.0,3000.0,3000.0,1300.3742948270026,1253.0523726014653,1368.2953481325583,3000.0,1300.3742948270026,1253.0523726014653,1368.2953481325583,3000.0,1300.3742948270026,1253.0523726014653,1368.2953481325583,3000.0,1300.3742948270026,1253.0523726014653,1368.2953481325583,3000.0,3000.0,3000.0,3000.0,3000.0,3000.0,3000.0,3000.0,3000.0,3000.0,3000.0,3000.0,3000.0,3000.0,3000.0,3000.0,3000.0,3000.0,3000.0,1545.084971874737,1300.3742948270026,3000.0,3000.0,1545.084971874737,1300.3742948270026,3000.0,3000.0,1545.084971874737,1300.3742948270026,3000.0,3000.0,1545.084971874737,1300.3742948270026,3000.0,3000.0,3000.0,3000.0,3000.0,3000.0,3000.0,3000.0,3000.0,3000.0,3000.0,3000.0,3000.0,3000.0,3000.0,3000.0
4800,3000.0,3000.0,3000.0,3000.0,3000.0,3000.0,3000.0,3000.0,3000.0,3000.0,3000.0,3000.0,3000.0,3000.0,3000.0,3000.0,3000.0,3000.0,3000.0,3000.0,3000.0,3000.0,3000.0,3000.0,3000.0,3000.0,3000.0,3000.0,3000.0,3000.0,3000.0,3000.0,1277.9257435812865,1262.2844656482725,1415.7125633612989,3000.0,1277.9257435812865,1262.2844656482725,1415.7125633612989,3000.0,1277.9257435812865,1262.2844656482725,1415.7125633612989,3000.0,1277.9257435812865,1262.2844656482725,1415.7125633612989,3000.0,3000.0,3000.0,3000.0,3000.0,3000.0,3000.0,3000.0,3000.0,3000.0,3000.0,3000.0,3000.0,3000.0,3000.0,3000.0,3000.0,3000.0,3000.0,1473.9730042026204,1277.9257435812867,3000.0,3000.0,1473.9730042026204,1277.9257435812867,3000.0,3000.0,1473.9730042026204,1277.9257435812867,3000.0,3000.0,1473.9730042026204,1277.9257435812867,3000.0,3000.0,3000.0,3000.0,3000.0,3000.0,3000.0,3000.0,3000.0,3000.0,3000.0,3000.0,3000.0,3000.0,3000.0,3000.0
4867,3000.0,3000.0,3000.0,3000.0,3000.0,3000.0,3000.0,3000.0,3000.0,3000.0,3000.0,3000.0,3000.0,3000.0,3000.0,3000.0,3000.0,3000.0,3000.0,3000.0,3000.0,3000.0,3000.0,3000.0,3000.0,3000.0,3000.0,3000.0,3000.0,3000.0,3000.0,3000.0,1262.2844656482728,1277.9257435812865,1473.9730042026201,3000.0,1262.2844656482728,1277.9257435812865,1473.9730042026201,3000.0,1262.2844656482728,1277.9257435812865,1473.9730042026201,3000.0,1262.2844656482728,1277.9257435812865,1473.9730042026201,3000.0,3000.0,3000.0,3000.0,3000.0,3000.0,3000.0,3000.0,3000.0,3000.0,3000.0,3000.0,3000.0,3000.0,3000.0,3000.0,3000.0,3000.0,3000.0,1415.7125633612993,1262.2844656482728,3000.0,3000.0,1415.7125633612993,1262.2844656482728,3000.0,3000.0,1415.7125633612993,1262.2844656482728,3000.0,3000.0,1415.7125633612993,1262.2844656482728,3000.0,3000.0,3000.0,3000.0,3000.0,3000.0,3000.0,3000.0,3000.0,3000.0,3000.0,3000.0,3000.0,3000.0,3000.0,3000.0
4933,3000.0,3000.0,3000.0,3000.0,3000.0,3000.0,3000.0,3000.0,3000.0,3000.0,3000.0,3000.0,3000.0,3000.0,3000.0,3000.0,3000.0,3000.0,3000.0,3000.0,3000.0,3000.0,3000.0,3000.0,3000.0,3000.0,3000.0,3000.0,3000.0,3000.0,3000.0,3000.0,1253.052372601465,1300.3742948270028,1545.0849718747372,3000.0,1253.052372601465,1300.3742948270028,1545.0849718747372,3000.0,1253.052372601465,1300.3742948270028,1545.0849718747372,3000.0,1253.052372601465,1300.3742948270028,1545.0849718747372,3000.0,3000.0,3000.0,3000.0,3000.0,3000.0,3000.0,3000.0,3000.0,3000.0,3000.0,3000.0,3000.0,3000.0,3000.0,3000.0,3000.0,3000.0,3000.0,1368.2953481325583,1253.0523726014653,3000.0,3000.0,1368.2953481325583,1253.0523726014653,3000.0,3000.0,1368.2953481325583,1253.0523726014653,3000.0,3000.0,1368.2953481325583,1253.0523726014653,3000.0,3000.0,3000.0,3000.0,3000.0,3000.0,3000.0,3000.0,3000.0,3000.0,3000.0,3000.0,3000.0,3000.0,3000.0,3000.0
5000,3000.0,3000.0,3000.0,3000.0,3000.0,3000.0,3000.0,3000.0,3000.0,3000.0,3000.0,3000.0,3000.0,3000.0,3000.0,3000.0,3000.0,3000.0,3000.0,3000.0,3000.0,3000.0,3000.0,3000.0,3000.0,3000.0,3000.0,3000.0,3000.0,3000.0,3000.0,3000.0,1250.0,1330.2222155948903,3000.0,3000.0,1250.0,1330.2222155948903,3000.0,3000.0,1250.0,1330.2222155948903,3000.0,3000.0,1250.0,1330.2222155948903,3000.0,3000.0,3000.0,3000.0,3000.0,3000.0,3000.0,3000.0,3000.0,3000.0,3000.0,3000.0,3000.0,3000.0,3000.0,3000.0,3000.0,3000.0,3000.0,3000.0,1330.2222155948903,1250.0,3000.0,3000.0,1330.2222155948903,1250.0,3000.0,3000.0,1330.2222155948903,1250.0,3000.0,3000.0,1330.2222155948903,1250.0,3000.0,3000.0,3000.0,3000.0,3000.0,3000.0,3000.0,3000.0,3000.0,3000.0,3000.0,3000.0,3000.0,3000.0,3000.0,3000.0
5067,3000.0,3000.0,3000.0,3000.0,3000.0,3000.0,3000.0,3000.0,3000.0,3000.0,3000.0,3000.0,3000.0,3000.0,3000.0,3000.0,3000.0,3000.0,3000.0,3000.0,3000.0,3000.0,3000.0,3000.0,3000.0,3000.0,3000.0,3000.0,3000.0,3000.0,3000.0,3000.0,1253.052372601465,1368.295348132558,3000.0,3000.0,1253.052372601465,1368.295348132558,3000.0,3000.0,1253.052372601465,1368.295348132558,3000.0,3000.0,1253.052372601465,1368.295348132558,3000.0,3000.0,3000.0,3000.0,3000.0,3000.0,3000.0,3000.0,3000.0,3000.0,3000.0,3000.0,3000.0,3000.0,3000.0,3000.0,3000.0,3000.0,3000.0,1545.084971874738,1300.374294827003,1253.052372601465,3000.0,1545.084971874738,1300.374294827003,1253.052372601465,3000.0,1545.084971874738,1300.374294827003,1253.052372601465,3000.0,1545.084971874738,1300.374294827003,1253.052372601465,3000.0,3000.0,3000.0,3000.0,3000.0,3000.0,3000.0,3000.0,3000.0,3000.0,3000.0,3000.0,3000.0,3000.0,3000.0,3000.0
5133,3000.0,3000.0,3000.0,3000.0,3000.0,3000.0,3000.0,3000.0,3000.0,3000.0,3000.0,3000.0,3000.0,3000.0,3000.0,3000.0,3000.0,3000.0,3000.0,3000.0,3000.0,3000.0,3000.0,3000.0,3000.0,3000.0,3000.0,3000.0,3000.0,3000.0,3000.0,3000.0,1262.2844656482728,1415.7125633612993,3000.0,3000.0,1262.2844656482728,1415.7125633612993,3000.0,3000.0,1262.2844656482728,1415.7125633612993,3000.0,3000.0,1262.2844656482728,1415.7125633612993,3000.0,3000.0,3000.0,3000.0,3000.0,3000.0,3000.0,3000.0,3000.0,3000.0,3000.0,3000.0,3000.0,3000.0,3000.0,3000.0,3000.0,3000.0,3000.0,1473.9730042026201,1277.9257435812865,1262.2844656482728,3000.0,1473.9730042026201,1277.9257435812865,1262.2844656482728,3000.0,1473.9730042026201,1277.9257435812865,1262.2844656482728,3000.0,1473.9730042026201,1277.9257435812865,1262.2844656482728,3000.0,3000.0,3000.0,3000.0,3000.0,3000.0,3000.0,3000.0,3000.0,3000.0,3000.0,3000.0,3000.0,3000.0,3000.0,3000.0
5200,3000.0,3000.0,3000.0,3000.0,3000.0,3000.0,3000.0,3000.0,3000.0,3000.0,3000.0,3000.0,3000.0,3000.0,3000.0,3000.0,3000.0,3000.0,3000.0,3000.0,3000.0,3000.0,3000.0,3000.0,3000.0,3000.0,3000.0,3000.0,3000.0,3000.0,3000.0,3000.0,1277.9257435812867,1473.9730042026204,3000.0,3000.0,1277.9257435812867,1473.9730042026204,3000.0,3000.0,1277.9257435812867,1473.9730042026204,3000.0,3000.0,1277.9257435812867,1473.9730042026204,3000.0,3000.0,3000.0,3000.0,3000.0,3000.0,3000.0,3000.0,3000.0,3000.0,3000.0,3000.0,3000.0,3000.0,3000.0,3000.0,3000.0,3000.0,3000.0,1415.7125633612989,1262.2844656482725,1277.9257435812865,3000.0,1415.7125633612989,1262.2844656482725,1277.9257435812865,3000.0,1415.7125633612989,1262.2844656482725,1277.9257435812865,3000.0,1415.7125633612989,1262.2844656482725,1277.9257435812865,3000.0,3000.0,3000.0,3000.0,3000.0,3000.0,3000.0,3000.0,3000.0,3000.0,3000.0,3000.0,3000.0,3000.0,3000.0,3000.0
5267,3000.0,3000.0,3000.0,3000.0,3000.0,3000.0,3000.0,3000.0,3000.0,3000.0,3000.0,3000.0,3000.0,3000.0,3000.0,3000.0,3000.0,3000.0,3000.0,3000.0,3000.0,3000.0,3000.0,3000.0,3000.0,3000.0,3000.0,3000.0,3000.0,3000.0,3000.0,3000.0,1300.3742948270026,1545.0849718747368,3000.0,3000.0,1300.3742948270026,1545.0849718747368,3000.0,3000.0,1300.3742948270026,1545.0849718747368,3000.0,3000.0,1300.3742948270026,1545.0849718747368,3000.0,3000.0,3000.0,3000.0,3000.0,3000.0,3000.0,3000.0,3000.0,3000.0,3000.0,3000.0,3000.0,3000.0,3000.0,3000.0,3000.0,3000.0,3000.0,1368.2953481325585,1253.0523726014653,1300.3742948270026,3000.0,1368.2953481325585,1253.0523726014653,1300.3742948270026,3000.0,1368.2953481325585,1253.0523726014653,1300.3742948270026,3000.0,1368.2953481325585,1253.0523726014653,1300.3742948270026,3000.0,3000.0,3000.0,3000.0,3000.0,3000.0,3000.0,3000.0,3000.0,3000.0,3000.0,3000.0,3000.0,3000.0,3000.0,3000.0
5333,3000.0,3000.0,3000.0,3000.0,3000.0,3000.0,3000.0,3000.0,3000.0,3000.0,3000.0,3000.0,3000.0,3000.0,3000.0,3000.0,3000.0,3000.0,3000.0,3000.0,3000.0,3000.0,3000.0,3000.0,3000.0,3000.0,3000.0,3000.0,3000.0,3000.0,3000.0,3000.0,1330.2222155948903,3000.0,3000.0,3000.0,1330.2222155948903,3000.0,3000.0,3000.0,1330.2222155948903,3000.0,3000.0,3000.0,1330.2222155948903,3000.0,3000.0,3000.0,3000.0,3000.0,3000.0,3000.0,3000.0,3000.0,3000.0,3000.0,3000.0,3000.0,3000.0,3000.0,3000.0,3000.0,3000.0,3000.0,3000.0,1330.2222155948903,1250.0,1330.22221559489,3000.0,1330.2222155948903,1250.0,1330.22221559489,3000.0,1330.2222155948903,1250.0,1330.22221559489,3000.0,1330.2222155948903,1250.0,1330.22221559489,3000.0,3000.0,3000.0,3000.0,3000.0,3000.0,3000.0,3000.0,3000.0,3000.0,3000.0,3000.0,3000.0,3000.0,3000.0,3000.0
5400,3000.0,3000.0,3000.0,3000.0,3000.0,3000.0,3000.0,3000.0,3000.0,3000.0,3000.0,3000.0,3000.0,3000.0,3000.0,3000.0,3000.0,3000.0,3000.0,3000.0,3000.0,3000.0,3000.0,3000.0,3000.0,3000.0,3000.0,3000.0,3000.0,3000.0,3000.0,3000.0,1368.2953481325585,3000.0,3000.0,3000.0,1368.2953481325585,3000.0,3000.0,3000.0,1368.2953481325585,3000.0,3000.0,3000.0,1368.2953481325585,3000.0,3000.0,3000.0,3000.0,3000.0,3000.0,1545.0849718747363,3000.0,3000.0,3000.0,1545.0849718747363,3000.0,3000.0,3000.0,1545.0849718747363,3000.0,3000.0,3000.0,1545.0849718747363,1545.0849718747365,1300.3742948270026,1253.0523726014653,1368.2953481325585,1545.0849718747365,1300.3742948270026,1253.0523726014653,1368.2953481325585,1545.0849718747365,1300.3742948270026,1253.0523726014653,1368.2953481325585,1545.0849718747365,1300.3742948270026,1253.0523726014653,1368.2953481325585,3000.0,3000.0,3000.0,3000.0,3000.0,3000.0,3000.0,3000.0,3000.0,3000.0,3000.0,3000.0,3000.0,3000.0,3000.0,3000.0
5467,3000.0,3000.0,3000.0,3000.0,3000.0,3000.0,3000.0,3000.0,3000.0,3000.0,3000.0,3000.0,3000.0,3000.0,3000.0,3000.0,3000.0,3000.0,3000.0,3000.0,3000.0,3000.0,3000.0,3000.0,3000.0,3000.0,3000.0,3000.0,3000.0,3000.0,3000.0,3000.0,1415.712563361299,3000.0,3000.0,3000.0,1415.712563361299,3000.0,3000.0,3000.0,1415.712563361299,3000.0,3000.0,3000.0,1415.712563361299,3000.0,3000.0,3000.0,3000.0,3000.0,3000.0,1473.9730042026204,3000.0,3000.0,3000.0,1473.9730042026204,3000.0,3000.0,3000.0,1473.9730042026204,3000.0,3000.0,3000.0,1473.9730042026204,1473.9730042026204,1277.9257435812867,1262.2844656482725,1415.7125633612989,1473.9730042026204,1277.9257435812867,1262.2844656482725,1415.7125633612989,1473.9730042026204,1277.9257435812867,1262.2844656482725,1415.7125633612989,1473.9730042026204,1277.9257435812867,1262.2844656482725,1415.7125633612989,3000.0,3000.0,3000.0,3000.0,3000.0,3000.0,3000.0,3000.0,3000.0,3000.0,3000.0,3000.0,3000.0,3000.0,3000.0,3000.0
5533,3000.0,3000.0,3000.0,3000.0,3000.0,3000.0,3000.0,3000.0,3000.0,3000.0,3000.0,3000.0,3000.0,3000.0,3000.0,3000.0,3000.0,3000.0,3000.0,3000.0,3000.0,3000.0,3000.0,3000.0,3000.0,3000.0,3000.0,3000.0,3000.0,3000.0,3000.0,3000.0,1473.9730042026206,3000.0,3000.0,3000.0,1473.9730042026206,3000.0,3000.0,3000.0,1473.9730042026206,3000.0,3000.0,3000.0,1473.9730042026206,3000.0,3000.0,3000.0,3000.0,3000.0,3000.0,1415.7125633612984,3000.0,3000.0,3000.0,1415.7125633612984,3000.0,3000.0,3000.0,1415.7125633612984,3000.0,3000.0,3000.0,1415.7125633612984,1415.7125633612989,1262.2844656482725,1277.9257435812867,1473.9730042026204,1415.7125633612989,1262.2844656482725,1277.9257435812867,1473.9730042026204,1415.7125633612989,1262.2844656482725,1277.9257435812867,1473.9730042026204,1415.7125633612989,1262.2844656482725,1277.9257435812867,1473.9730042026204,3000.0,3000.0,3000.0,3000.0,3000.0,3000.0,3000.0,3000.0,3000.0,3000.0,3000.0,3000.0,3000.0,3000.0,3000.0,3000.0
5600,3000.0,3000.0,3000.0,3000.0,3000.0,3000.0,3000.0,3000.0,3000.0,3000.0,3000.0,3000.0,3000.0,3000.0,3000.0,3000.0,3000.0,3000.0,3000.0,3000.0,3000.0,3000.0,3000.0,3000.0,3000.0,3000.0,3000.0,3000.0,3000.0,3000.0,3000.0,3000.0,1545.084971874737,3000.0,3000.0,3000.0,1545.084971874737,3000.0,3000.0,3000.0,1545.084971874737,3000.0,3000.0,3000.0,1545.084971874737,3000.0,3000.0,3000.0,3000.0,3000.0,3000.0,1368.2953481325583,3000.0,3000.0,3000.0,1368.2953481325583,3000.0,3000.0,3000.0,1368.2953481325583,3000.0,3000.0,3000.0,1368.2953481325583,1368.2953481325585,1253.0523726014653,1300.3742948270026,1545.0849718747365,1368.2953481325585,1253.0523726014653,1300.3742948270026,1545.0849718747365,1368.2953481325585,1253.0523726014653,1300.3742948270026,1545.0849718747365,1368.2953481325585,1253.0523726014653,1300.3742948270026,1545.0849718747365,3000.0,3000.0,3000.0,3000.0,3000.0,3000.0,3000.0,3000.0,3000.0,3000.0,3000.0,3000.0,3000.0,3000.0,3000.0,3000.0
5667,3000.0,3000.0,3000.0,3000.0,3000.0,3000.0,3000.0,3000.0,3000.0,3000.0,3000.0,3000.0,3000.0,3000.0,3000.0,3000.0,3000.0,3000.0,3000.0,3000.0,3000.0,3000.0,3000.0,3000.0,3000.0,3000.0,3000.0,3000.0,3000.0,3000.0,3000.0,3000.0,3000.0,3000.0,3000.0,3000.0,3000.0,3000.0,3000.0,3000.0,3000.0,3000.0,3000.0,3000.0,3000.0,3000.0,3000.0,3000.0,3000.0,3000.0,3000.0,1330.2222155948898,3000.0,3000.0,3000.0,1330.2222155948898,3000.0,3000.0,3000.0,1330.2222155948898,3000.0,3000.0,3000.0,1330.2222155948898,1330.22221559489,1250.0,1330.2222155948903,3000.0,1330.22221559489,1250.0,1330.2222155948903,3000.0,1330.22221559489,1250.0,1330.2222155948903,3000.0,1330.22221559489,1250.0,1330.2222155948903,3000.0,3000.0,3000.0,3000.0,3000.0,3000.0,3000.0,3000.0,3000.0,3000.0,3000.0,3000.0,3000.0,3000.0,3000.0,3000.0,3000.0
5733,3000.0,3000.0,3000.0,3000.0,3000.0,3000.0,3000.0,3000.0,3000.0,3000.0,3000.0,3000.0,3000.0,3000.0,3000.0,3000.0,3000.0,3000.0,3000.0,3000.0,3000.0,3000.0,3000.0,3000.0,3000.0,3000.0,3000.0,3000.0,3000.0,3000.0,3000.0,3000.0,3000.0,3000.0,3000.0,3000.0,3000.0,3000.0,3000.0,3000.0,3000.0,3000.0,3000.0,3000.0,3000.0,3000.0,3000.0,3000.0,3000.0,3000.0,1545.0849718747372,1300.3742948270026,3000.0,3000.0,1545.0849718747372,1300.3742948270026,3000.0,3000.0,1545.0849718747372,1300.3742948270026,3000.0,3000.0,1545.0849718747372,1300.3742948270026,1300.3742948270026,1253.052372601465,1368.2953481325583,3000.0,1300.3742948270026,1253.052372601465,1368.2953481325583,3000.0,1300.3742948270026,1253.052372601465,1368.2953481325583,3000.0,1300.3742948270026,1253.052372601465,1368.2953481325583,3000.0,3000.0,3000.0,3000.0,3000.0,3000.0,3000.0,3000.0,3000.0,3000.0,3000.0,3000.0,3000.0,3000.0,3000.0,3000.0,3000.0
5800,3000.0,3000.0,3000.0,3000.0,3000.0,3000.0,3000.0,3000.0,3000.0,3000.0,3000.0,3000.0,3000.0,3000.0,3000.0,3000.0,3000.0,3000.0,3000.0,3000.0,3000.0,3000.0,3000.0,3000.0,3000.0,3000.0,3000.0,3000.0,3000.0,3000.0,3000.0,3000.0,3000.0,3000.0,3000.0,3000.0,3000.0,3000.0,3000.0,3000.0,3000.0,3000.0,3000.0,3000.0,3000.0,3000.0,3000.0,3000.0,3000.0,3000.0,1473.9730042026215,1277.9257435812867,3000.0,3000.0,1473.9730042026215,1277.9257435812867,3000.0,3000.0,1473.9730042026215,1277.9257435812867,3000.0,3000.0,1473.9730042026215,1277.9257435812867,1277.9257435812867,1262.2844656482725,1415.7125633612989,3000.0,1277.9257435812867,1262.2844656482725,1415.7125633612989,3000.0,1277.9257435812867,1262.2844656482725,1415.7125633612989,3000.0,1277.9257435812867,1262.2844656482725,1415.7125633612989,3000.0,3000.0,3000.0,3000.0,3000.0,3000.0,3000.0,3000.0,3000.0,3000.0,3000.0,3000.0,3000.0,3000.0,3000.0,3000.0,3000.0
5867,3000.0,3000.0,3000.0,3000.0,3000.0,3000.0,3000.0,3000.0,3000.0,3000.0,3000.0,3000.0,3000.0,3000.0,3000.0,3000.0,3000.0,3000.0,3000.0,3000.0,3000.0,3000.0,3000.0,3000.0,3000.0,3000.0,3000.0,3000.0,3000.0,3000.0,3000.0,3000.0,3000.0,3000.0,3000.0,3000.0,3000.0,3000.0,3000.0,3000.0,3000.0,3000.0,3000.0,3000.0,3000.0,3000.0,3000.0,3000.0,3000.0,3000.0,1415.7125633612998,1262.2844656482728,3000.0,3000.0,1415.7125633612998,1262.2844656482728,3000.0,3000.0,1415.7125633612998,1262.2844656482728,3000.0,3000.0,1415.7125633612998,1262.2844656482728,1262.2844656482728,1277.9257435812863,1473.9730042026197,3000.0,1262.2844656482728,1277.9257435812863,1473.9730042026197,3000.0,1262.2844656482728,1277.9257435812863,1473.9730042026197,3000.0,1262.2844656482728,1277.9257435812863,1473.9730042026197,3000.0,3000.0,3000.0,3000.0,3000.0,3000.0,3000.0,3000.0,3000.0,3000.0,3000.0,3000.0,3000.0,3000.0,3000.0,3000.0,3000.0
5933,3000.0,3000.0,3000.0,3000.0,3000.0,3000.0,3000.0,3000.0,3000.0,3000.0,3000.0,3000.0,3000.0,3000.0,3000.0,3000.0,3000.0,3000.0,3000.0,3000.0,3000.0,3000.0,3000.0,3000.0,3000.0,3000.0,3000.0,3000.0,3000.0,3000.0,3000.0,3000.0,3000.0,3000.0,3000.0,3000.0,3000.0,3000.0,3000.0,3000.0,3000.0,3000.0,3000.0,3000.0,3000.0,3000.0,3000.0,3000.0,3000.0,3000.0,1368.2953481325583,1253.052372601465,3000.0,3000.0,1368.2953481325583,1253.052372601465,3000.0,3000.0,1368.2953481325583,1253.052372601465,3000.0,3000.0,1368.2953481325583,1253.052372601465,1253.052372601465,1300.3742948270028,1545.0849718747372,3000.0,1253.052372601465,1300.3742948270028,1545.0849718747372,3000.0,1253.052372601465,1300.3742948270028,1545.0849718747372,3000.0,1253.052372601465,1300.3742948270028,1545.0849718747372,3000.0,3000.0,3000.0,3000.0,3000.0,3000.0,3000.0,3000.0,3000.0,3000.0,3000.0,3000.0,3000.0,3000.0,3000.0,3000.0,3000.0
6000,3000.0,3000.0,3000.0,3000.0,3000.0,3000.0,3000.0,3000.0,3000.0,3000.0,3000.0,3000.0,3000.0,3000.0,3000.0,3000.0,3000.0,3000.0,3000.0,3000.0,3000.0,3000.0,3000.0,3000.0,3000.0,3000.0,3000.0,3000.0,3000.0,3000.0,3000.0,3000.0,3000.0,3000.0,3000.0,3000.0,3000.0,3000.0,3000.0,3000.0,3000.0,3000.0,3000.0,3000.0,3000.0,3000.0,3000.0,3000.0,3000.0,3000.0,1330.2222155948903,1250.0,3000.0,3000.0,1330.2222155948903,1250.0,3000.0,3000.0,1330.2222155948903,1250.0,3000.0,3000.0,1330.2222155948903,1250.0,1250.0,1330.2222155948903,3000.0,3000.0,1250.0,1330.2222155948903,3000.0,3000.0,1250.0,1330.2222155948903,3000.0,3000.0,1250.0,1330.2222155948903,3000.0,3000.0,3000.0,3000.0,3000.0,3000.0,3000.0,3000.0,3000.0,3000.0,3000.0,3000.0,3000.0,3000.0,3000.0,3000.0,3000.0,3000.0
6067,3000.0,3000.0,3000.0,3000.0,3000.0,3000.0,3000.0,3000.0,3000.0,3000.0,3000.0,3000.0,3000.0,3000.0,3000.0,3000.0,3000.0,3000.0,3000.0,3000.0,3000.0,3000.0,3000.0,3000.0,3000.0,3000.0,3000.0,3000.0,3000.0,3000.0,3000.0,3000.0,3000.0,3000.0,3000.0,3000.0,3000.0,3000.0,3000.0,3000.0,3000.0,3000.0,3000.0,3000.0,3000.0,3000.0,3000.0,3000.0,3000.0,1545.0849718747372,1300.374294827003,1253.052372601465,3000.0,1545.0849718747372,1300.374294827003,1253.052372601465,3000.0,1545.0849718747372,1300.374294827003,1253.052372601465,3000.0,1545.0849718747372,1300.374294827003,1253.052372601465,1253.052372601465,1368.295348132558,3000.0,3000.0,1253.052372601465,1368.295348132558,3000.0,3000.0,1253.052372601465,1368.295348132558,3000.0,3000.0,1253.052372601465,1368.295348132558,3000.0,3000.0,3000.0,3000.0,3000.0,3000.0,3000.0,3000.0,3000.0,3000.0,3000.0,3000.0,3000.0,3000.0,3000.0,3000.0,3000.0,3000.0
6133,3000.0,3000.0,3000.0,3000.0,3000.0,3000.0,3000.0,3000.0,3000.0,3000.0,3000.0,3000.0,3000.0,3000.0,3000.0,3000.0,3000.0,3000.0,3000.0,3000.0,3000.0,3000.0,3000.0,3000.0,3000.0,3000.0,3000.0,3000.0,3000.0,3000.0,3000.0,3000.0,3000.0,3000.0,3000.0,3000.0,3000.0,3000.0,3000.0,3000.0,3000.0,3000.0,3000.0,3000.0,3000.0,3000.0,3000.0,3000.0,3000.0,1473.9730042026197,1277.9257435812865,1262.2844656482728,3000.0,1473.9730042026197,1277.9257435812865,1262.2844656482728,3000.0,1473.9730042026197,1277.9257435812865,1262.2844656482728,3000.0,1473.9730042026197,1277.9257435812865,1262.2844656482728,1262.2844656482728,1415.7125633612989,3000.0,3000.0,1262.2844656482728,1415.7125633612989,3000.0,3000.0,1262.2844656482728,1415.7125633612989,3000.0,3000.0,1262.2844656482728,1415.7125633612989,3000.0,3000.0,3000.0,3000.0,3000.0,3000.0,3000.0,3000.0,3000.0,3000.0,3000.0,3000.0,3000.0,3000.0,3000.0,3000.0,3000.0,3000.0
6200,3000.0,3000.0,3000.0,3000.0,3000.0,3000.0,3000.0,3000.0,3000.0,3000.0,3000.0,3000.0,3000.0,3000.0,3000.0,3000.0,3000.0,3000.0,3000.0,3000.0,3000.0,3000.0,3000.0,3000.0,3000.0,3000.0,3000.0,3000.0,3000.0,3000.0,3000.0,3000.0,3000.0,3000.0,3000.0,3000.0,3000.0,3000.0,3000.0,3000.0,3000.0,3000.0,3000.0,3000.0,3000.0,3000.0,3000.0,3000.0,3000.0,1415.712563361299,1262.2844656482728,1277.9257435812867,3000.0,1415.712563361299,1262.2844656482728,1277.9257435812867,3000.0,1415.712563361299,1262.2844656482728,1277.9257435812867,3000.0,1415.712563361299,1262.2844656482728,1277.9257435812867,1277.9257435812865,1473.9730042026201,3000.0,3000.0,1277.9257435812865,1473.9730042026201,3000.0,3000.0,1277.9257435812865,1473.9730042026201,3000.0,3000.0,1277.9257435812865,1473.9730042026201,3000.0,3000.0,3000.0,3000.0,3000.0,3000.0,3000.0,3000.0,3000.0,3000.0,3000.0,3000.0,3000.0,3000.0,3000.0,3000.0,3000.0,3000.0
6267,3000.0,3000.0,3000.0,3000.0,3000.0,3000.0,3000.0,3000.0,3000.0,3000.0,3000.0,3000.0,3000.0,3000.0,3000.0,3000.0,3000.0,3000.0,3000.0,3000.0,3000.0,3000.0,3000.0,3000.0,3000.0,3000.0,3000.0,3000.0,3000.0,3000.0,3000.0,3000.0,3000.0,3000.0,3000.0,3000.0,3000.0,3000.0,3000.0,3000.0,3000.0,3000.0,3000.0,3000.0,3000.0,3000.0,3000.0,3000.0,3000.0,1368.295348132559,1253.0523726014653,1300.3742948270024,3000.0,1368.295348132559,1253.0523726014653,1300.3742948270024,3000.0,1368.295348132559,1253.0523726014653,1300.3742948270024,3000.0,1368.295348132559,1253.0523726014653,1300.3742948270024,1300.3742948270026,1545.0849718747363,3000.0,3000.0,1300.3742948270026,1545.0849718747363,3000.0,3000.0,1300.3742948270026,1545.0849718747363,3000.0,3000.0,1300.3742948270026,1545.0849718747363,3000.0,3000.0,3000.0,3000.0,3000.0,3000.0,3000.0,3000.0,3000.0,3000.0,3000.0,3000.0,3000.0,3000.0,3000.0,3000.0,3000.0,3000.0
6333,3000.0,3000.0,3000.0,3000.0,3000.0,3000.0,3000.0,3000.0,3000.0,3000.0,3000.0,3000.0,3000.0,3000.0,3000.0,3000.0,3000.0,3000.0,3000.0,3000.0,3000.0,3000.0,3000.0,3000.0,3000.0,3000.0,3000.0,3000.0,3000.0,3000.0,3000.0,3000.0,3000.0,3000.0,3000.0,3000.0,3000.0,3000.0,3000.0,3000.0,3000.0,3000.0,3000.0,3000.0,3000.0,3000.0,3000.0,3000.0,3000.0,1330.2222155948903,1250.0,1330.2222155948903,3000.0,1330.2222155948903,1250.0,1330.2222155948903,3000.0,1330.2222155948903,1250.0,1330.2222155948903,3000.0,1330.2222155948903,1250.0,1330.2222155948903,1330.22221559489,3000.0,3000.0,3000.0,1330.22221559489,3000.0,3000.0,3000.0,1330.22221559489,3000.0,3000.0,3000.0,1330.22221559489,3000.0,3000.0,3000.0,3000.0,3000.0,3000.0,3000.0,3000.0,3000.0,3000.0,3000.0,3000.0,3000.0,3000.0,3000.0,3000.0,3000.0,3000.0,3000.0
6400,3000.0,3000.0,3000.0,3000.0,3000.0,3000.0,3000.0,3000.0,3000.0,3000.0,3000.0,3000.0,3000.0,3000.0,3000.0,3000.0,3000.0,3000.0,3000.0,3000.0,3000.0,3000.0,3000.0,3000.0,3000.0,3000.0,3000.0,3000.0,3000.0,3000.0,3000.0,3000.0,3000.0,3000.0,3000.0,3000.0,3000.0,3000.0,3000.0,3000.0,3000.0,3000.0,3000.0,3000.0,3000.0,3000.0,3000.0,3000.0,1545.0849718747363,1300.3742948270021,1253.0523726014653,1368.295348132559,1545.0849718747363,1300.3742948270021,1253.0523726014653,1368.295348132559,1545.0849718747363,1300.3742948270021,1253.0523726014653,1368.295348132559,1545.0849718747363,1300.3742948270021,1253.0523726014653,1368.295348132559,1368.2953481325585,3000.0,3000.0,3000.0,1368.2953481325585,3000.0,3000.0,3000.0,1368.2953481325585,3000.0,3000.0,3000.0,1368.2953481325585,3000.0,3000.0,3000.0,3000.0,3000.0,3000.0,1545.0849718747363,3000.0,3000.0,3000.0,1545.0849718747363,3000.0,3000.0,3000.0,1545.0849718747363,3000.0,3000.0,3000.0,1545.0849718747363
6467,3000.0,3000.0,3000.0,3000.0,3000.0,3000.0,3000.0,3000.0,3000.0,3000.0,3000.0,3000.0,3000.0,3000.0,3000.0,3000.0,3000.0,3000.0,3000.0,3000.0,3000.0,3000.0,3000.0,3000.0,3000.0,3000.0,3000.0,3000.0,3000.0,3000.0,3000.0,3000.0,3000.0,3000.0,3000.0,3000.0,3000.0,3000.0,3000.0,3000.0,3000.0,3000.0,3000.0,3000.0,3000.0,3000.0,3000.0,3000.0,1473.9730042026204,1277.9257435812865,1262.2844656482725,1415.7125633612993,1473.9730042026204,1277.9257435812865,1262.2844656482725,1415.7125633612993,1473.9730042026204,1277.9257435812865,1262.2844656482725,1415.7125633612993,1473.9730042026204,1277.9257435812865,1262.2844656482725,1415.7125633612993,1415.712563361299,3000.0,3000.0,3000.0,1415.712563361299,3000.0,3000.0,3000.0,1415.712563361299,3000.0,3000.0,3000.0,1415.712563361299,3000.0,3000.0,3000.0,3000.0,3000.0,3000.0,1473.9730042026204,3000.0,3000.0,3000.0,1473.9730042026204,3000.0,3000.0,3000.0,1473.9730042026204,3000.0,3000.0,3000.0,1473.9730042026204
6533,3000.0,3000.0,3000.0,3000.0,3000.0,3000.0,3000.0,3000.0,3000.0,3000.0,3000.0,3000.0,3000.0,3000.0,3000.0,3000.0,3000.0,3000.0,3000.0,3000.0,3000.0,3000.0,3000.0,3000.0,3000.0,3000.0,3000.0,3000.0,3000.0,3000.0,3000.0,3000.0,3000.0,3000.0,3000.0,3000.0,3000.0,3000.0,3000.0,3000.0,3000.0,3000.0,3000.0,3000.0,3000.0,3000.0,3000.0,3000.0,1415.7125633612998,1262.2844656482728,1277.9257435812863,1473.9730042026201,1415.7125633612998,1262.2844656482728,1277.9257435812863,1473.9730042026201,1415.7125633612998,1262.2844656482728,1277.9257435812863,1473.9730042026201,1415.7125633612998,1262.2844656482728,1277.9257435812863,1473.9730042026201,1473.9730042026204,3000.0,3000.0,3000.0,1473.9730042026204,3000.0,3000.0,3000.0,1473.9730042026204,3000.0,3000.0,3000.0,1473.9730042026204,3000.0,3000.0,3000.0,3000.0,3000.0,3000.0,1415.712563361299,3000.0,3000.0,3000.0,1415.712563361299,3000.0,3000.0,3000.0,1415.712563361299,3000.0,3000.0,3000.0,1415.712563361299
6600,3000.0,3000.0,3000.0,3000.0,3000.0,3000.0,3000.0,3000.0,3000.0,3000.0,3000.0,3000.0,3000.0,3000.0,3000.0,3000.0,3000.0,3000.0,3000.0,3000.0,3000.0,3000.0,3000.0,3000.0,3000.0,3000.0,3000.0,3000.0,3000.0,3000.0,3000.0,3000.0,3000.0,3000.0,3000.0,3000.0,3000.0,3000.0,3000.0,3000.0,3000.0,3000.0,3000.0,3000.0,3000.0,3000.0,3000.0,3000.0,1368.2953481325583,1253.052372601465,1300.3742948270028,1545.084971874738,1368.2953481325583,1253.052372601465,1300.3742948270028,1545.084971874738,1368.2953481325583,1253.052372601465,1300.3742948270028,1545.084971874738,1368.2953481325583,1253.052372601465,1300.3742948270028,1545.084971874738,1545.084971874737,3000.0,3000.0,3000.0,1545.084971874737,3000.0,3000.0,3000.0,1545.084971874737,3000.0,3000.0,3000.0,1545.084971874737,3000.0,3000.0,3000.0,3000.0,3000.0,3000.0,1368.2953481325583,3000.0,3000.0,3000.0,1368.2953481325583,3000.0,3000.0,3000.0,1368.2953481325583,3000.0,3000.0,3000.0,1368.2953481325583
6667,3000.0,3000.0,3000.0,3000.0,3000.0,3000.0,3000.0,3000.0,3000.0,3000.0,3000.0,3000.0,3000.0,3000.0,3000.0,3000.0,3000.0,3000.0,3000.0,3000.0,3000.0,3000.0,3000.0,3000.0,3000.0,3000.0,3000.0,3000.0,3000.0,3000.0,3000.0,3000.0,3000.0,3000.0,3000.0,3000.0,3000.0,3000.0,3000.0,3000.0,3000.0,3000.0,3000.0,3000.0,3000.0,3000.0,3000.0,3000.0,1330.2222155948907,1250.0,1330.2222155948898,3000.0,1330.2222155948907,1250.0,1330.2222155948898,3000.0,1330.2222155948907,1250.0,1330.2222155948898,3000.0,1330.2222155948907,1250.0,1330.2222155948898,3000.0,3000.0,3000.0,3000.0,3000.0,3000.0,3000.0,3000.0,3000.0,3000.0,3000.0,3000.0,3000.0,3000.0,3000.0,3000.0,3000.0,3000.0,3000.0,3000.0,1330.2222155948903,3000.0,3000.0,3000.0,1330.2222155948903,3000.0,3000.0,3000.0,1330.2222155948903,3000.0,3000.0,3000.0,1330.2222155948903
6733,3000.0,3000.0,3000.0,3000.0,3000.0,3000.0,3000.0,3000.0,3000.0,3000.0,3000.0,3000.0,3000.0,3000.0,3000.0,3000.0,3000.0,3000.0,3000.0,3000.0,3000.0,3000.0,3000.0,3000.0,3000.0,3000.0,3000.0,3000.0,3000.0,3000.0,3000.0,3000.0,3000.0,3000.0,3000.0,3000.0,3000.0,3000.0,3000.0,3000.0,3000.0,3000.0,3000.0,3000.0,3000.0,3000.0,3000.0,3000.0,1300.3742948270026,1253.0523726014653,1368.2953481325585,3000.0,1300.3742948270026,1253.0523726014653,1368.2953481325585,3000.0,1300.3742948270026,1253.0523726014653,1368.2953481325585,3000.0,1300.3742948270026,1253.0523726014653,1368.2953481325585,3000.0,3000.0,3000.0,3000.0,3000.0,3000.0,3000.0,3000.0,3000.0,3000.0,3000.0,3000.0,3000.0,3000.0,3000.0,3000.0,3000.0,3000.0,3000.0,1545.0849718747372,1300.3742948270026,3000.0,3000.0,1545.0849718747372,1300.3742948270026,3000.0,3000.0,1545.0849718747372,1300.3742948270026,3000.0,3000.0,1545.0849718747372,1300.3742948270026
6800,3000.0,3000.0,3000.0,3000.0,3000.0,3000.0,3000.0,3000.0,3000.0,3000.0,3000.0,3000.0,3000.0,3000.0,3000.0,3000.0,3000.0,3000.0,3000.0,3000.0,3000.0,3000.0,3000.0,3000.0,3000.0,3000.0,3000.0,3000.0,3000.0,3000.0,3000.0,3000.0,3000.0,3000.0,3000.0,3000.0,3000.0,3000.0,3000.0,3000.0,3000.0,3000.0,3000.0,3000.0,3000.0,3000.0,3000.0,3000.0,1277.9257435812867,1262.2844656482725,1415.7125633612986,3000.0,1277.9257435812867,1262.2844656482725,1415.7125633612986,3000.0,1277.9257435812867,1262.2844656482725,1415.7125633612986,3000.0,1277.9257435812867,1262.2844656482725,1415.7125633612986,3000.0,3000.0,3000.0,3000.0,3000.0,3000.0,3000.0,3000.0,3000.0,3000.0,3000.0,3000.0,3000.0,3000.0,3000.0,3000.0,3000.0,3000.0,3000.0,1473.9730042026215,1277.9257435812867,3000.0,3000.0,1473.9730042026215,1277.9257435812867,3000.0,3000.0,1473.9730042026215,1277.9257435812867,3000.0,3000.0,1473.9730042026215,1277.9257435812867
6867,3000.0,3000.0,3000.0,3000.0,3000.0,3000.0,3000.0,3000.0,3000.0,3000.0,3000.0,3000.0,3000.0,3000.0,3000.0,3000.0,3000.0,3000.0,3000.0,3000.0,3000.0,3000.0,3000.0,3000.0,3000.0,3000.0,3000.0,3000.0,3000.0,3000.0,3000.0,3000.0,3000.0,3000.0,3000.0,3000.0,3000.0,3000.0,3000.0,3000.0,3000.0,3000.0,3000.0,3000.0,3000.0,3000.0,3000.0,3000.0,1262.2844656482728,1277.9257435812863,1473.9730042026194,3000.0,1262.2844656482728,1277.9257435812863,1473.9730042026194,3000.0,1262.2844656482728,1277.9257435812863,1473.9730042026194,3000.0,1262.2844656482728,1277.9257435812863,1473.9730042026194,3000.0,3000.0,3000.0,3000.0,3000.0,3000.0,3000.0,3000.0,3000.0,3000.0,3000.0,3000.0,3000.0,3000.0,3000.0,3000.0,3000.0,3000.0,3000.0,1415.7125633612998,1262.2844656482728,3000.0,3000.0,1415.7125633612998,1262.2844656482728,3000.0,3000.0,1415.7125633612998,1262.2844656482728,3000.0,3000.0,1415.7125633612998,1262.2844656482728
6933,3000.0,3000.0,3000.0,3000.0,3000.0,3000.0,3000.0,3000.0,3000.0,3000.0,3000.0,3000.0,3000.0,3000.0,3000.0,3000.0,3000.0,3000.0,3000.0,3000.0,3000.0,3000.0,3000.0,3000.0,3000.0,3000.0,3000.0,3000.0,3000.0,3000.0,3000.0,3000.0,3000.0,3000.0,3000.0,3000.0,3000.0,3000.0,3000.0,3000.0,3000.0,3000.0,3000.0,3000.0,3000.0,3000.0,3000.0,3000.0,1253.0523726014653,1300.3742948270028,1545.0849718747368,3000.0,1253.0523726014653,1300.3742948270028,1545.0849718747368,3000.0,1253.0523726014653,1300.3742948270028,1545.0849718747368,3000.0,1253.0523726014653,1300.3742948270028,1545.0849718747368,3000.0,3000.0,3000.0,3000.0,3000.0,3000.0,3000.0,3000.0,3000.0,3000.0,3000.0,3000.0,3000.0,3000.0,3000.0,3000.0,3000.0,3000.0,3000.0,1368.295348132559,1253.0523726014653,3000.0,3000.0,1368.295348132559,1253.0523726014653,3000.0,3000.0,1368.295348132559,1253.0523726014653,3000.0,3000.0,1368.295348132559,1253.0523726014653
7000,3000.0,3000.0,3000.0,3000.0,3000.0,3000.0,3000.0,3000.0,3000.0,3000.0,3000.0,3000.0,3000.0,3000.0,3000.0,3000.0,3000.0,3000.0,3000.0,3000.0,3000.0,3000.0,3000.0,3000.0,3000.0,3000.0,3000.0,3000.0,3000.0,3000.0,3000.0,3000.0,3000.0,3000.0,3000.0,3000.0,3000.0,3000.0,3000.0,3000.0,3000.0,3000.0,3000.0,3000.0,3000.0,3000.0,3000.0,3000.0,1250.0,1330.2222155948898,3000.0,3000.0,1250.0,1330.2222155948898,3000.0,3000.0,1250.0,1330.2222155948898,3000.0,3000.0,1250.0,1330.2222155948898,3000.0,3000.0,3000.0,3000.0,3000.0,3000.0,3000.0,3000.0,3000.0,3000.0,3000.0,3000.0,3000.0,3000.0,3000.0,3000.0,3000.0,3000.0,3000.0,3000.0,1330.2222155948907,1250.0,3000.0,3000.0,1330.2222155948907,1250.0,3000.0,3000.0,1330.2222155948907,1250.0,3000.0,3000.0,1330.2222155948907,1250.0
7067,3000.0,3000.0,3000.0,3000.0,3000.0,3000.0,3000.0,3000.0,3000.0,3000.0,3000.0,3000.0,3000.0,3000.0,3000.0,3000.0,3000.0,3000.0,3000.0,3000.0,3000.0,3000.0,3000.0,3000.0,3000.0,3000.0,3000.0,3000.0,3000.0,3000.0,3000.0,3000.0,3000.0,3000.0,3000.0,3000.0,3000.0,3000.0,3000.0,3000.0,3000.0,3000.0,3000.0,3000.0,3000.0,3000.0,3000.0,3000.0,1253.052372601465,1368.2953481325585,3000.0,3000.0,1253.052372601465,1368.2953481325585,3000.0,3000.0,1253.052372601465,1368.2953481325585,3000.0,3000.0,1253.052372601465,1368.2953481325585,3000.0,3000.0,3000.0,3000.0,3000.0,3000.0,3000.0,3000.0,3000.0,3000.0,3000.0,3000.0,3000.0,3000.0,3000.0,3000.0,3000.0,3000.0,3000.0,1545.0849718747372,1300.374294827003,1253.052372601465,3000.0,1545.0849718747372,1300.374294827003,1253.052372601465,3000.0,1545.0849718747372,1300.374294827003,1253.052372601465,3000.0,1545.0849718747372,1300.374294827003,1253.052372601465
7133,3000.0,3000.0,3000.0,3000.0,3000.0,3000.0,3000.0,3000.0,3000.0,3000.0,3000.0,3000.0,3000.0,3000.0,3000.0,3000.0,3000.0,3000.0,3000.0,3000.0,3000.0,3000.0,3000.0,3000.0,3000.0,3000.0,3000.0,3000.0,3000.0,3000.0,3000.0,3000.0,3000.0,3000.0,3000.0,3000.0,3000.0,3000.0,3000.0,3000.0,3000.0,3000.0,3000.0,3000.0,3000.0,3000.0,3000.0,3000.0,1262.2844656482728,1415.7125633613,3000.0,3000.0,1262.2844656482728,1415.7125633613,3000.0,3000.0,1262.2844656482728,1415.7125633613,3000.0,3000.0,1262.2844656482728,1415.7125633613,3000.0,3000.0,3000.0,3000.0,3000.0,3000.0,3000.0,3000.0,3000.0,3000.0,3000.0,3000.0,3000.0,3000.0,3000.0,3000.0,3000.0,3000.0,3000.0,1473.9730042026197,1277.9257435812865,1262.2844656482728,3000.0,1473.9730042026197,1277.9257435812865,1262.2844656482728,3000.0,1473.9730042026197,1277.9257435812865,1262.2844656482728,3000.0,1473.9730042026197,1277.9257435812865,1262.2844656482728
7200,3000.0,3000.0,3000.0,3000.0,3000.0,3000.0,3000.0,3000.0,3000.0,3000.0,3000.0,3000.0,3000.0,3000.0,3000.0,3000.0,3000.0,3000.0,3000.0,3000.0,3000.0,3000.0,3000.0,3000.0,3000.0,3000.0,3000.0,3000.0,3000.0,3000.0,3000.0,3000.0,3000.0,3000.0,3000.0,3000.0,3000.0,3000.0,3000.0,3000.0,3000.0,3000.0,3000.0,3000.0,3000.0,3000.0,3000.0,3000.0,1277.9257435812867,1473.9730042026208,3000.0,3000.0,1277.9257435812867,1473.9730042026208,3000.0,3000.0,1277.9257435812867,1473.9730042026208,3000.0,3000.0,1277.9257435812867,1473.9730042026208,3000.0,3000.0,3000.0,3000.0,3000.0,3000.0,3000.0,3000.0,3000.0,3000.0,3000.0,3000.0,3000.0,3000.0,3000.0,3000.0,3000.0,3000.0,3000.0,1415.712563361299,1262.2844656482728,1277.9257435812867,3000.0,1415.712563361299,1262.2844656482728,1277.9257435812867,3000.0,1415.712563361299,1262.2844656482728,1277.9257435812867,3000.0,1415.712563361299,1262.2844656482728,1277.9257435812867
7267,3000.0,3000.0,3000.0,3000.0,3000.0,3000.0,3000.0,3000.0,3000.0,3000.0,3000.0,3000.0,3000.0,3000.0,3000.0,3000.0,3000.0,3000.0,3000.0,3000.0,3000.0,3000.0,3000.0,3000.0,3000.0,3000.0,3000.0,3000.0,3000.0,3000.0,3000.0,3000.0,3000.0,3000.0,3000.0,3000.0,3000.0,3000.0,3000.0,3000.0,3000.0,3000.0,3000.0,3000.0,3000.0,3000.0,3000.0,3000.0,1300.3742948270024,1545.0849718747368,3000.0,3000.0,1300.3742948270024,1545.0849718747368,3000.0,3000.0,1300.3742948270024,1545.0849718747368,3000.0,3000.0,1300.3742948270024,1545.0849718747368,3000.0,3000.0,3000.0,3000.0,3000.0,3000.0,3000.0,3000.0,3000.0,3000.0,3000.0,3000.0,3000.0,3000.0,3000.0,3000.0,3000.0,3000.0,3000.0,1368.2953481325583,1253.0523726014653,1300.3742948270028,3000.0,1368.2953481325583,1253.0523726014653,1300.3742948270028,3000.0,1368.2953481325583,1253.0523726014653,1300.3742948270028,3000.0,1368.2953481325583,1253.0523726014653,1300.3742948270028
7333,3000.0,3000.0,3000.0,3000.0,3000.0,3000.0,3000.0,3000.0,3000.0,3000.0,3000.0,3000.0,3000.0,3000.0,3000.0,3000.0,3000.0,3000.0,3000.0,3000.0,3000.0,3000.0,3000.0,3000.0,3000.0,3000.0,3000.0,3000.0,3000.0,3000.0,3000.0,3000.0,3000.0,3000.0,3000.0,3000.0,3000.0,3000.0,3000.0,3000.0,3000.0,3000.0,3000.0,3000.0,3000.0,3000.0,3000.0,3000.0,1330.2222155948903,3000.0,3000.0,3000.0,1330.2222155948903,3000.0,3000.0,3000.0,1330.2222155948903,3000.0,3000.0,3000.0,1330.2222155948903,3000.0,3000.0,3000.0,3000.0,3000.0,3000.0,3000.0,3000.0,3000.0,3000.0,3000.0,3000.0,3000.0,3000.0,3000.0,3000.0,3000.0,3000.0,3000.0,3000.0,1330.2222155948903,1250.0,1330.2222155948903,3000.0,1330.2222155948903,1250.0,1330.2222155948903,3000.0,1330.2222155948903,1250.0,1330.2222155948903,3000.0,1330.2222155948903,1250.0,1330.2222155948903
7400,3000.0,3000.0,3000.0,1545.0849718747363,3000.0,3000.0,3000.0,1545.0849718747363,3000.0,3000.0,3000.0,1545.0849718747363,3000.0,3000.0,3000.0,1545.0849718747363,3000.0,3000.0,3000.0,3000.0,3000.0,3000.0,3000.0,3000.0,3000.0,3000.0,3000.0,3000.0,3000.0,3000.0,3000.0,3000.0,3000.0,3000.0,3000.0,3000.0,3000.0,3000.0,3000.0,3000.0,3000.0,3000.0,3000.0,3000.0,3000.0,3000.0,3000.0,3000.0,1368.295348132558,3000.0,3000.0,3000.0,1368.295348132558,3000.0,3000.0,3000.0,1368.295348132558,3000.0,3000.0,3000.0,1368.295348132558,3000.0,3000.0,3000.0,3000.0,3000.0,3000.0,3000.0,3000.0,3000.0,3000.0,3000.0,3000.0,3000.0,3000.0,3000.0,3000.0,3000.0,3000.0,3000.0,1545.0849718747372,1300.3742948270026,1253.052372601465,1368.2953481325585,1545.0849718747372,1300.3742948270026,1253.052372601465,1368.2953481325585,1545.0849718747372,1300.3742948270026,1253.052372601465,1368.2953481325585,1545.0849718747372,1300.3742948270026,1253.052372601465,1368.2953481325585
7467,3000.0,3000.0,3000.0,1473.9730042026197,3000.0,3000.0,3000.0,1473.9730042026197,3000.0,3000.0,3000.0,1473.9730042026197,3000.0,3000.0,3000.0,1473.9730042026197,3000.0,3000.0,3000.0,3000.0,3000.0,3000.0,3000.0,3000.0,3000.0,3000.0,3000.0,3000.0,3000.0,3000.0,3000.0,3000.0,3000.0,3000.0,3000.0,3000.0,3000.0,3000.0,3000.0,3000.0,3000.0,3000.0,3000.0,3000.0,3000.0,3000.0,3000.0,3000.0,1415.7125633612993,3000.0,3000.0,3000.0,1415.7125633612993,3000.0,3000.0,3000.0,1415.7125633612993,3000.0,3000.0,3000.0,1415.7125633612993,3000.0,3000.0,3000.0,3000.0,3000.0,3000.0,3000.0,3000.0,3000.0,3000.0,3000.0,3000.0,3000.0,3000.0,3000.0,3000.0,3000.0,3000.0,3000.0,1473.9730042026204,1277.9257435812865,1262.2844656482725,1415.7125633612993,1473.9730042026204,1277.9257435812865,1262.2844656482725,1415.7125633612993,1473.9730042026204,1277.9257435812865,1262.2844656482725,1415.7125633612993,1473.9730042026204,1277.9257435812865,1262.2844656482725,1415.7125633612993
7533,3000.0,3000.0,3000.0,1415.712563361299,3000.0,3000.0,3000.0,1415.712563361299,3000.0,3000.0,3000.0,1415.712563361299,3000.0,3000.0,3000.0,1415.712563361299,3000.0,3000.0,3000.0,3000.0,3000.0,3000.0,3000.0,3000.0,3000.0,3000.0,3000.0,3000.0,3000.0,3000.0,3000.0,3000.0,3000.0,3000.0,3000.0,3000.0,3000.0,3000.0,3000.0,3000.0,3000.0,3000.0,3000.0,3000.0,3000.0,3000.0,3000.0,3000.0,1473.9730042026201,3000.0,3000.0,3000.0,1473.9730042026201,3000.0,3000.0,3000.0,1473.9730042026201,3000.0,3000.0,3000.0,1473.9730042026201,3000.0,3000.0,3000.0,3000.0,3000.0,3000.0,3000.0,3000.0,3000.0,3000.0,3000.0,3000.0,3000.0,3000.0,3000.0,3000.0,3000.0,3000.0,3000.0,1415.7125633612998,1262.2844656482728,1277.9257435812863,1473.9730042026201,1415.7125633612998,1262.2844656482728,1277.9257435812863,1473.9730042026201,1415.7125633612998,1262.2844656482728,1277.9257435812863,1473.9730042026201,1415.7125633612998,1262.2844656482728,1277.9257435812863,1473.9730042026201
7600,3000.0,3000.0,3000.0,1368.2953481325583,3000.0,3000.0,3000.0,1368.2953481325583,3000.0,3000.0,3000.0,1368.2953481325583,3000.0,3000.0,3000.0,1368.2953481325583,3000.0,3000.0,3000.0,3000.0,3000.0,3000.0,3000.0,3000.0,3000.0,3000.0,3000.0,3000.0,3000.0,3000.0,3000.0,3000.0,3000.0,3000.0,3000.0,3000.0,3000.0,3000.0,3000.0,3000.0,3000.0,3000.0,3000.0,3000.0,3000.0,3000.0,3000.0,3000.0,1545.0849718747356,3000.0,3000.0,3000.0,1545.0849718747356,3000.0,3000.0,3000.0,1545.0849718747356,3000.0,3000.0,3000.0,1545.0849718747356,3000.0,3000.0,3000.0,3000.0,3000.0,3000.0,3000.0,3000.0,3000.0,3000.0,3000.0,3000.0,3000.0,3000.0,3000.0,3000.0,3000.0,3000.0,3000.0,1368.295348132559,1253.0523726014653,1300.3742948270024,1545.0849718747368,1368.295348132559,1253.0523726014653,1300.3742948270024,1545.0849718747368,1368.295348132559,1253.0523726014653,1300.3742948270024,1545.0849718747368,1368.295348132559,1253.0523726014653,1300.3742948270024,1545.0849718747368
7667,3000.0,3000.0,3000.0,1330.2222155948903,3000.0,3000.0,3000.0,1330.2222155948903,3000.0,3000.0,3000.0,1330.2222155948903,3000.0,3000.0,3000.0,1330.2222155948903,3000.0,3000.0,3000.0,3000.0,3000.0,3000.0,3000.0,3000.0,3000.0,3000.0,3000.0,3000.0,3000.0,3000.0,3000.0,3000.0,3000.0,3000.0,3000.0,3000.0,3000.0,3000.0,3000.0,3000.0,3000.0,3000.0,3000.0,3000.0,3000.0,3000.0,3000.0,3000.0,3000.0,3000.0,3000.0,3000.0,3000.0,3000.0,3000.0,3000.0,3000.0,3000.0,3000.0,3000.0,3000.0,3000.0,3000.0,3000.0,3000.0,3000.0,3000.0,3000.0,3000.0,3000.0,3000.0,3000.0,3000.0,3000.0,3000.0,3000.0,3000.0,3000.0,3000.0,3000.0,1330.2222155948907,1250.0,1330.2222155948898,3000.0,1330.2222155948907,1250.0,1330.2222155948898,3000.0,1330.2222155948907,1250.0,1330.2222155948898,3000.0,1330.2222155948907,1250.0,1330.2222155948898,3000.0
7733,3000.0,3000.0,1545.0849718747372,1300.3742948270026,3000.0,3000.0,1545.0849718747372,1300.3742948270026,3000.0,3000.0,1545.0849718747372,1300.3742948270026,3000.0,3000.0,1545.0849718747372,1300.3742948270026,3000.0,3000.0,3000.0,3000.0,3000.0,3000.0,3000.0,3000.0,3000.0,3000.0,3000.0,3000.0,3000.0,3000.0,3000.0,3000.0,3000.0,3000.0,3000.0,3000.0,3000.0,3000.0,3000.0,3000.0,3000.0,3000.0,3000.0,3000.0,3000.0,3000.0,3000.0,3000.0,3000.0,3000.0,3000.0,3000.0,3000.0,3000.0,3000.0,3000.0,3000.0,3000.0,3000.0,3000.0,3000.0,3000.0,3000.0,3000.0,3000.0,3000.0,3000.0,3000.0,3000.0,3000.0,3000.0,3000.0,3000.0,3000.0,3000.0,3000.0,3000.0,3000.0,3000.0,3000.0,1300.374294827003,1253.052372601465,1368.295348132558,3000.0,1300.374294827003,1253.052372601465,1368.295348132558,3000.0,1300.374294827003,1253.052372601465,1368.295348132558,3000.0,1300.374294827003,1253.052372601465,1368.295348132558,3000.0
7800,3000.0,3000.0,1473.9730042026204,1277.9257435812865,3000.0,3000.0,1473.9730042026204,1277.9257435812865,3000.0,3000.0,1473.9730042026204,1277.9257435812865,3000.0,3000.0,1473.9730042026204,1277.9257435812865,3000.0,3000.0,3000.0,3000.0,3000.0,3000.0,3000.0,3000.0,3000.0,3000.0,3000.0,3000.0,3000.0,3000.0,3000.0,3000.0,3000.0,3000.0,3000.0,3000.0,3000.0,3000.0,3000.0,3000.0,3000.0,3000.0,3000.0,3000.0,3000.0,3000.0,3000.0,3000.0,3000.0,3000.0,3000.0,3000.0,3000.0,3000.0,3000.0,3000.0,3000.0,3000.0,3000.0,3000.0,3000.0,3000.0,3000.0,3000.0,3000.0,3000.0,3000.0,3000.0,3000.0,3000.0,3000.0,3000.0,3000.0,3000.0,3000.0,3000.0,3000.0,3000.0,3000.0,3000.0,1277.9257435812867,1262.2844656482725,1415.7125633612986,3000.0,1277.9257435812867,1262.2844656482725,1415.7125633612986,3000.0,1277.9257435812867,1262.2844656482725,1415.7125633612986,3000.0,1277.9257435812867,1262.2844656482725,1415.7125633612986,3000.0
7867,3000.0,3000.0,1415.7125633612998,1262.2844656482728,3000.0,3000.0,1415.7125633612998,1262.2844656482728,3000.0,3000.0,1415.7125633612998,1262.2844656482728,3000.0,3000.0,1415.7125633612998,1262.2844656482728,3000.0,3000.0,3000.0,3000.0,3000.0,3000.0,3000.0,3000.0,3000.0,3000.0,3000.0,3000.0,3000.0,3000.0,3000.0,3000.0,3000.0,3000.0,3000.0,3000.0,3000.0,3000.0,3000.0,3000.0,3000.0,3000.0,3000.0,3000.0,3000.0,3000.0,3000.0,3000.0,3000.0,3000.0,3000.0,3000.0,3000.0,3000.0,3000.0,3000.0,3000.0,3000.0,3000.0,3000.0,3000.0,3000.0,3000.0,3000.0,3000.0,3000.0,3000.0,3000.0,3000.0,3000.0,3000.0,3000.0,3000.0,3000.0,3000.0,3000.0,3000.0,3000.0,3000.0,3000.0,1262.2844656482728,1277.9257435812863,1473.9730042026194,3000.0,1262.2844656482728,1277.9257435812863,1473.9730042026194,3000.0,1262.2844656482728,1277.9257435812863,1473.9730042026194,3000.0,1262.2844656482728,1277.9257435812863,1473.9730042026194,3000.0
7933,3000.0,3000.0,1368.2953481325583,1253.052372601465,3000.0,3000.0,1368.2953481325583,1253.052372601465,3000.0,3000.0,1368.2953481325583,1253.052372601465,3000.0,3000.0,1368.2953481325583,1253.052372601465,3000.0,3000.0,3000.0,3000.0,3000.0,3000.0,3000.0,3000.0,3000.0,3000.0,3000.0,3000.0,3000.0,3000.0,3000.0,3000.0,3000.0,3000.0,3000.0,3000.0,3000.0,3000.0,3000.0,3000.0,3000.0,3000.0,3000.0,3000.0,3000.0,3000.0,3000.0,3000.0,3000.0,3000.0,3000.0,3000.0,3000.0,3000.0,3000.0,3000.0,3000.0,3000.0,3000.0,3000.0,3000.0,3000.0,3000.0,3000.0,3000.0,3000.0,3000.0,3000.0,3000.0,3000.0,3000.0,3000.0,3000.0,3000.0,3000.0,3000.0,3000.0,3000.0,3000.0,3000.0,1253.0523726014653,1300.3742948270028,1545.0849718747368,3000.0,1253.0523726014653,1300.3742948270028,1545.0849718747368,3000.0,1253.0523726014653,1300.3742948270028,1545.0849718747368,3000.0,1253.0523726014653,1300.3742948270028,1545.0849718747368,3000.0
8000,3000.0,3000.0,1330.2222155948903,1250.0,3000.0,3000.0,1330.2222155948903,1250.0,3000.0,3000.0,1330.2222155948903,1250.0,3000.0,3000.0,1330.2222155948903,1250.0,3000.0,3000.0,3000.0,3000.0,3000.0,3000.0,3000.0,3000.0,3000.0,3000.0,3000.0,3000.0,3000.0,3000.0,3000.0,3000.0,3000.0,3000.0,3000.0,3000.0,3000.0,3000.0,3000.0,3000.0,3000.0,3000.0,3000.0,3000.0,3000.0,3000.0,3000.0,3000.0,3000.0,3000.0,3000.0,3000.0,3000.0,3000.0,3000.0,3000.0,3000.0,3000.0,3000.0,3000.0,3000.0,3000.0,3000.0,3000.0,3000.0,3000.0,3000.0,3000.0,3000.0,3000.0,3000.0,3000.0,3000.0,3000.0,3000.0,3000.0,3000.0,3000.0,3000.0,3000.0,1250.0,1330.2222155948903,3000.0,3000.0,1250.0,1330.2222155948903,3000.0,3000.0,1250.0,1330.2222155948903,3000.0,3000.0,1250.0,1330.2222155948903,3000.0,3000.0
8067,3000.0,1545.0849718747363,1300.3742948270026,1253.0523726014653,3000.0,1545.0849718747363,1300.3742948270026,1253.0523726014653,3000.0,1545.0849718747363,1300.3742948270026,1253.0523726014653,3000.0,1545.0849718747363,1300.3742948270026,1253.0523726014653,3000.0,3000.0,3000.0,3000.0,3000.0,3000.0,3000.0,3000.0,3000.0,3000.0,3000.0,3000.0,3000.0,3000.0,3000.0,3000.0,3000.0,3000.0,3000.0,3000.0,3000.0,3000.0,3000.0,3000.0,3000.0,3000.0,3000.0,3000.0,3000.0,3000.0,3000.0,3000.0,3000.0,3000.0,3000.0,3000.0,3000.0,3000.0,3000.0,3000.0,3000.0,3000.0,3000.0,3000.0,3000.0,3000.0,3000.0,3000.0,3000.0,3000.0,3000.0,3000.0,3000.0,3000.0,3000.0,3000.0,3000.0,3000.0,3000.0,3000.0,3000.0,3000.0,3000.0,3000.0,1253.052372601465,1368.2953481325585,3000.0,3000.0,1253.052372601465,1368.2953481325585,3000.0,3000.0,1253.052372601465,1368.2953481325585,3000.0,3000.0,1253.052372601465,1368.2953481325585,3000.0,3000.0
8133,3000.0,1473.9730042026204,1277.9257435812867,1262.2844656482725,3000.0,1473.9730042026204,1277.9257435812867,1262.2844656482725,3000.0,1473.9730042026204,1277.9257435812867,1262.2844656482725,3000.0,1473.9730042026204,1277.9257435812867,1262.2844656482725,3000.0,3000.0,3000.0,3000.0,3000.0,3000.0,3000.0,3000.0,3000.0,3000.0,3000.0,3000.0,3000.0,3000.0,3000.0,3000.0,3000.0,3000.0,3000.0,3000.0,3000.0,3000.0,3000.0,3000.0,3000.0,3000.0,3000.0,3000.0,3000.0,3000.0,3000.0,3000.0,3000.0,3000.0,3000.0,3000.0,3000.0,3000.0,3000.0,3000.0,3000.0,3000.0,3000.0,3000.0,3000.0,3000.0,3000.0,3000.0,3000.0,3000.0,3000.0,3000.0,3000.0,3000.0,3000.0,3000.0,3000.0,3000.0,3000.0,3000.0,3000.0,3000.0,3000.0,3000.0,1262.2844656482723,1415.7125633612986,3000.0,3000.0,1262.2844656482723,1415.7125633612986,3000.0,3000.0,1262.2844656482723,1415.7125633612986,3000.0,3000.0,1262.2844656482723,1415.7125633612986,3000.0,3000.0
8200,3000.0,1415.712563361299,1262.2844656482728,1277.9257435812867,3000.0,1415.712563361299,1262.2844656482728,1277.9257435812867,3000.0,1415.712563361299,1262.2844656482728,1277.9257435812867,3000.0,1415.712563361299,1262.2844656482728,1277.9257435812867,3000.0,3000.0,3000.0,3000.0,3000.0,3000.0,3000.0,3000.0,3000.0,3000.0,3000.0,3000.0,3000.0,3000.0,3000.0,3000.0,3000.0,3000.0,3000.0,3000.0,3000.0,3000.0,3000.0,3000.0,3000.0,3000.0,3000.0,3000.0,3000.0,3000.0,3000.0,3000.0,3000.0,3000.0,3000.0,3000.0,3000.0,3000.0,3000.0,3000.0,3000.0,3000.0,3000.0,3000.0,3000.0,3000.0,3000.0,3000.0,3000.0,3000.0,3000.0,3000.0,3000.0,3000.0,3000.0,3000.0,3000.0,3000.0,3000.0,3000.0,3000.0,3000.0,3000.0,3000.0,1277.9257435812863,1473.9730042026201,3000.0,3000.0,1277.9257435812863,1473.9730042026201,3000.0,3000.0,1277.9257435812863,1473.9730042026201,3000.0,3000.0,1277.9257435812863,1473.9730042026201,3000.0,3000.0
8267,3000.0,1368.2953481325578,1253.052372601465,1300.374294827003,3000.0,1368.2953481325578,1253.052372601465,1300.374294827003,3000.0,1368.2953481325578,1253.052372601465,1300.374294827003,3000.0,1368.2953481325578,1253.052372601465,1300.374294827003,3000.0,3000.0,3000.0,3000.0,3000.0,3000.0,3000.0,3000.0,3000.0,3000.0,3000.0,3000.0,3000.0,3000.0,3000.0,3000.0,3000.0,3000.0,3000.0,3000.0,3000.0,3000.0,3000.0,3000.0,3000.0,3000.0,3000.0,3000.0,3000.0,3000.0,3000.0,3000.0,3000.0,3000.0,3000.0,3000.0,3000.0,3000.0,3000.0,3000.0,3000.0,3000.0,3000.0,3000.0,3000.0,3000.0,3000.0,3000.0,3000.0,3000.0,3000.0,3000.0,3000.0,3000.0,3000.0,3000.0,3000.0,3000.0,3000.0,3000.0,3000.0,3000.0,3000.0,3000.0,1300.3742948270028,1545.084971874738,3000.0,3000.0,1300.3742948270028,1545.084971874738,3000.0,3000.0,1300.3742948270028,1545.084971874738,3000.0,3000.0,1300.3742948270028,1545.084971874738,3000.0,3000.0
8333,3000.0,1330.2222155948898,1250.0,1330.222215594891,3000.0,1330.2222155948898,1250.0,1330.222215594891,3000.0,1330.2222155948898,1250.0,1330.222215594891,3000.0,1330.2222155948898,1250.0,1330.222215594891,3000.0,3000.0,3000.0,3000.0,3000.0,3000.0,3000.0,3000.0,3000.0,3000.0,3000.0,3000.0,3000.0,3000.0,3000.0,3000.0,3000.0,3000.0,3000.0,3000.0,3000.0,3000.0,3000.0,3000.0,3000.0,3000.0,3000.0,3000.0,3000.0,3000.0,3000.0,3000.0,3000.0,3000.0,3000.0,3000.0,3000.0,3000.0,3000.0,3000.0,3000.0,3000.0,3000.0,3000.0,3000.0,3000.0,3000.0,3000.0,3000.0,3000.0,3000.0,3000.0,3000.0,3000.0,3000.0,3000.0,3000.0,3000.0,3000.0,3000.0,3000.0,3000.0,3000.0,3000.0,1330.2222155948903,3000.0,3000.0,3000.0,1330.2222155948903,3000.0,3000.0,3000.0,1330.2222155948903,3000.0,3000.0,3000.0,1330.2222155948903,3000.0,3000.0,3000.0
8400,1545.0849718747372,1300.3742948270026,1253.052372601465,1368.2953481325585,1545.0849718747372,1300.3742948270026,1253.052372601465,1368.2953481325585,1545.0849718747372,1300.3742948270026,1253.052372601465,1368.2953481325585,1545.0849718747372,1300.3742948270026,1253.052372601465,1368.2953481325585,3000.0,3000.0,3000.0,1545.0849718747372,3000.0,3000.0,3000.0,1545.0849718747372,3000.0,3000.0,3000.0,1545.0849718747372,3000.0,3000.0,3000.0,1545.0849718747372,3000.0,3000.0,3000.0,3000.0,3000.0,3000.0,3000.0,3000.0,3000.0,3000.0,3000.0,3000.0,3000.0,3000.0,3000.0,3000.0,3000.0,3000.0,3000.0,3000.0,3000.0,3000.0,3000.0,3000.0,3000.0,3000.0,3000.0,3000.0,3000.0,3000.0,3000.0,3000.0,3000.0,3000.0,3000.0,3000.0,3000.0,3000.0,3000.0,3000.0,3000.0,3000.0,3000.0,3000.0,3000.0,3000.0,3000.0,3000.0,1368.295348132558,3000.0,3000.0,3000.0,1368.295348132558,3000.0,3000.0,3000.0,1368.295348132558,3000.0,3000.0,3000.0,1368.295348132558,3000.0,3000.0,3000.0
8467,1473.9730042026204,1277.9257435812865,1262.2844656482725,1415.7125633612993,1473.9730042026204,1277.9257435812865,1262.2844656482725,1415.7125633612993,1473.9730042026204,1277.9257435812865,1262.2844656482725,1415.7125633612993,1473.9730042026204,1277.9257435812865,1262.2844656482725,1415.7125633612993,3000.0,3000.0,3000.0,1473.9730042026204,3000.0,3000.0,3000.0,1473.9730042026204,3000.0,3000.0,3000.0,1473.9730042026204,3000.0,3000.0,3000.0,1473.9730042026204,3000.0,3000.0,3000.0,3000.0,3000.0,3000.0,3000.0,3000.0,3000.0,3000.0,3000.0,3000.0,3000.0,3000.0,3000.0,3000.0,3000.0,3000.0,3000.0,3000.0,3000.0,3000.0,3000.0,3000.0,3000.0,3000.0,3000.0,3000.0,3000.0,3000.0,3000.0,3000.0,3000.0,3000.0,3000.0,3000.0,3000.0,3000.0,3000.0,3000.0,3000.0,3000.0,3000.0,3000.0,3000.0,3000.0,3000.0,3000.0,1415.7125633612986,3000.0,3000.0,3000.0,1415.7125633612986,3000.0,3000.0,3000.0,1415.7125633612986,3000.0,3000.0,3000.0,1415.7125633612986,3000.0,3000.0,3000.0
8533,1415.7125633612998,1262.2844656482728,1277.9257435812863,1473.9730042026201,1415.7125633612998,1262.2844656482728,1277.9257435812863,1473.9730042026201,1415.7125633612998,1262.2844656482728,1277.9257435812863,1473.9730042026201,1415.7125633612998,1262.2844656482728,1277.9257435812863,1473.9730042026201,3000.0,3000.0,3000.0,1415.7125633612998,3000.0,3000.0,3000.0,1415.7125633612998,3000.0,3000.0,3000.0,1415.7125633612998,3000.0,3000.0,3000.0,1415.7125633612998,3000.0,3000.0,3000.0,3000.0,3000.0,3000.0,3000.0,3000.0,3000.0,3000.0,3000.0,3000.0,3000.0,3000.0,3000.0,3000.0,3000.0,3000.0,3000.0,3000.0,3000.0,3000.0,3000.0,3000.0,3000.0,3000.0,3000.0,3000.0,3000.0,3000.0,3000.0,3000.0,3000.0,3000.0,3000.0,3000.0,3000.0,3000.0,3000.0,3000.0,3000.0,3000.0,3000.0,3000.0,3000.0,3000.0,3000.0,3000.0,1473.9730042026194,3000.0,3000.0,3000.0,1473.9730042026194,3000.0,3000.0,3000.0,1473.9730042026194,3000.0,3000.0,3000.0,1473.9730042026194,3000.0,3000.0,3000.0
8600,1368.295348132559,1253.0523726014653,1300.3742948270024,1545.0849718747368,1368.295348132559,1253.0523726014653,1300.3742948270024,1545.0849718747368,1368.295348132559,1253.0523726014653,1300.3742948270024,1545.0849718747368,1368.295348132559,1253.0523726014653,1300.3742948270024,1545.0849718747368,3000.0,3000.0,3000.0,1368.295348132559,3000.0,3000.0,3000.0,1368.295348132559,3000.0,3000.0,3000.0,1368.295348132559,3000.0,3000.0,3000.0,1368.295348132559,3000.0,3000.0,3000.0,3000.0,3000.0,3000.0,3000.0,3000.0,3000.0,3000.0,3000.0,3000.0,3000.0,3000.0,3000.0,3000.0,3000.0,3000.0,3000.0,3000.0,3000.0,3000.0,3000.0,3000.0,3000.0,3000.0,3000.0,3000.0,3000.0,3000.0,3000.0,3000.0,3000.0,3000.0,3000.0,3000.0,3000.0,3000.0,3000.0,3000.0,3000.0,3000.0,3000.0,3000.0,3000.0,3000.0,3000.0,3000.0,1545.0849718747356,3000.0,3000.0,3000.0,1545.0849718747356,3000.0,3000.0,3000.0,1545.0849718747356,3000.0,3000.0,3000.0,1545.0849718747356,3000.0,3000.0,3000.0
8667,1330.2222155948907,1250.0,1330.2222155948898,3000.0,1330.2222155948907,1250.0,1330.2222155948898,3000.0,1330.2222155948907,1250.0,1330.2222155948898,3000.0,1330.2222155948907,1250.0,1330.2222155948898,3000.0,3000.0,3000.0,3000.0,1330.2222155948907,3000.0,3000.0,3000.0,1330.2222155948907,3000.0,3000.0,3000.0,1330.2222155948907,3000.0,3000.0,3000.0,1330.2222155948907,3000.0,3000.0,3000.0,3000.0,3000.0,3000.0,3000.0,3000.0,3000.0,3000.0,3000.0,3000.0,3000.0,3000.0,3000.0,3000.0,3000.0,3000.0,3000.0,3000.0,3000.0,3000.0,3000.0,3000.0,3000.0,3000.0,3000.0,3000.0,3000.0,3000.0,3000.0,3000.0,3000.0,3000.0,3000.0,3000.0,3000.0,3000.0,3000.0,3000.0,3000.0,3000.0,3000.0,3000.0,3000.0,3000.0,3000.0,3000.0,3000.0,3000.0,3000.0,3000.0,3000.0,3000.0,3000.0,3000.0,3000.0,3000.0,3000.0,3000.0,3000.0,3000.0,3000.0,3000.0
8733,1300.3742948270033,1253.052372601465,1368.2953481325576,3000.0,1300.3742948270033,1253.052372601465,1368.2953481325576,3000.0,1300.3742948270033,1253.052372601465,1368.2953481325576,3000.0,1300.3742948270033,1253.052372601465,1368.2953481325576,3000.0,3000.0,3000.0,1545.0849718747395,1300.3742948270033,3000.0,3000.0,1545.0849718747395,1300.3742948270033,3000.0,3000.0,1545.0849718747395,1300.3742948270033,3000.0,3000.0,1545.0849718747395,1300.3742948270033,3000.0,3000.0,3000.0,3000.0,3000.0,3000.0,3000.0,3000.0,3000.0,3000.0,3000.0,3000.0,3000.0,3000.0,3000.0,3000.0,3000.0,3000.0,3000.0,3000.0,3000.0,3000.0,3000.0,3000.0,3000.0,3000.0,3000.0,3000.0,3000.0,3000.0,3000.0,3000.0,3000.0,3000.0,3000.0,3000.0,3000.0,3000.0,3000.0,3000.0,3000.0,3000.0,3000.0,3000.0,3000.0,3000.0,3000.0,3000.0,3000.0,3000.0,3000.0,3000.0,3000.0,3000.0,3000.0,3000.0,3000.0,3000.0,3000.0,3000.0,3000.0,3000.0,3000.0,3000.0
8800,1277.9257435812865,1262.2844656482728,1415.7125633612993,3000.0,1277.9257435812865,1262.2844656482728,1415.7125633612993,3000.0,1277.9257435812865,1262.2844656482728,1415.7125633612993,3000.0,1277.9257435812865,1262.2844656482728,1415.7125633612993,3000.0,3000.0,3000.0,1473.9730042026204,1277.9257435812865,3000.0,3000.0,1473.9730042026204,1277.9257435812865,3000.0,3000.0,1473.9730042026204,1277.9257435812865,3000.0,3000.0,1473.9730042026204,1277.9257435812865,3000.0,3000.0,3000.0,3000.0,3000.0,3000.0,3000.0,3000.0,3000.0,3000.0,3000.0,3000.0,3000.0,3000.0,3000.0,3000.0,3000.0,3000.0,3000.0,3000.0,3000.0,3000.0,3000.0,3000.0,3000.0,3000.0,3000.0,3000.0,3000.0,3000.0,3000.0,3000.0,3000.0,3000.0,3000.0,3000.0,3000.0,3000.0,3000.0,3000.0,3000.0,3000.0,3000.0,3000.0,3000.0,3000.0,3000.0,3000.0,3000.0,3000.0,3000.0,3000.0,3000.0,3000.0,3000.0,3000.0,3000.0,3000.0,3000.0,3000.0,3000.0,3000.0,3000.0,3000.0
8867,1262.2844656482725,1277.9257435812867,1473.9730042026208,3000.0,1262.2844656482725,1277.9257435812867,1473.9730042026208,3000.0,1262.2844656482725,1277.9257435812867,1473.9730042026208,3000.0,1262.2844656482725,1277.9257435812867,1473.9730042026208,3000.0,3000.0,3000.0,1415.712563361299,1262.2844656482725,3000.0,3000.0,1415.712563361299,1262.2844656482725,3000.0,3000.0,1415.712563361299,1262.2844656482725,3000.0,3000.0,1415.712563361299,1262.2844656482725,3000.0,3000.0,3000.0,3000.0,3000.0,3000.0,3000.0,3000.0,3000.0,3000.0,3000.0,3000.0,3000.0,3000.0,3000.0,3000.0,3000.0,3000.0,3000.0,3000.0,3000.0,3000.0,3000.0,3000.0,3000.0,3000.0,3000.0,3000.0,3000.0,3000.0,3000.0,3000.0,3000.0,3000.0,3000.0,3000.0,3000.0,3000.0,3000.0,3000.0,3000.0,3000.0,3000.0,3000.0,3000.0,3000.0,3000.0,3000.0,3000.0,3000.0,3000.0,3000.0,3000.0,3000.0,3000.0,3000.0,3000.0,3000.0,3000.0,3000.0,3000.0,3000.0,3000.0,3000.0
8933,1253.0523726014653,1300.3742948270028,1545.0849718747368,3000.0,1253.0523726014653,1300.3742948270028,1545.0849718747368,3000.0,1253.0523726014653,1300.3742948270028,1545.0849718747368,3000.0,1253.0523726014653,1300.3742948270028,1545.0849718747368,3000.0,3000.0,3000.0,1368.295348132559,1253.0523726014653,3000.0,3000.0,1368.295348132559,1253.0523726014653,3000.0,3000.0,1368.295348132559,1253.0523726014653,3000.0,3000.0,1368.295348132559,1253.0523726014653,3000.0,3000.0,3000.0,3000.0,3000.0,3000.0,3000.0,3000.0,3000.0,3000.0,3000.0,3000.0,3000.0,3000.0,3000.0,3000.0,3000.0,3000.0,3000.0,3000.0,3000.0,3000.0,3000.0,3000.0,3000.0,3000.0,3000.0,3000.0,3000.0,3000.0,3000.0,3000.0,3000.0,3000.0,3000.0,3000.0,3000.0,3000.0,3000.0,3000.0,3000.0,3000.0,3000.0,3000.0,3000.0,3000.0,3000.0,3000.0,3000.0,3000.0,3000.0,3000.0,3000.0,3000.0,3000.0,3000.0,3000.0,3000.0,3000.0,3000.0,3000.0,3000.0,3000.0,3000.0
9000,1250.0,1330.2222155948903,3000.0,3000.0,1250.0,1330.2222155948903,3000.0,3000.0,1250.0,1330.2222155948903,3000.0,3000.0,1250.0,1330.2222155948903,3000.0,3000.0,3000.0,3000.0,1330.2222155948907,1250.0,3000.0,3000.0,1330.2222155948907,1250.0,3000.0,3000.0,1330.2222155948907,1250.0,3000.0,3000.0,1330.2222155948907,1250.0,3000.0,3000.0,3000.0,3000.0,3000.0,3000.0,3000.0,3000.0,3000.0,3000.0,3000.0,3000.0,3000.0,3000.0,3000.0,3000.0,3000.0,3000.0,3000.0,3000.0,3000.0,3000.0,3000.0,3000.0,3000.0,3000.0,3000.0,3000.0,3000.0,3000.0,3000.0,3000.0,3000.0,3000.0,3000.0,3000.0,3000.0,3000.0,3000.0,3000.0,3000.0,3000.0,3000.0,3000.0,3000.0,3000.0,3000.0,3000.0,3000.0,3000.0,3000.0,3000.0,3000.0,3000.0,3000.0,3000.0,3000.0,3000.0,3000.0,3000.0,3000.0,3000.0,3000.0,3000.0
9067,1253.052372601465,1368.2953481325585,3000.0,3000.0,1253.052372601465,1368.2953481325585,3000.0,3000.0,1253.052372601465,1368.2953481325585,3000.0,3000.0,1253.052372601465,1368.2953481325585,3000.0,3000.0,3000.0,1545.0849718747372,1300.374294827003,1253.052372601465,3000.0,1545.0849718747372,1300.374294827003,1253.052372601465,3000.0,1545.0849718747372,1300.374294827003,1253.052372601465,3000.0,1545.0849718747372,1300.374294827003,1253.052372601465,3000.0,3000.0,3000.0,3000.0,3000.0,3000.0,3000.0,3000.0,3000.0,3000.0,3000.0,3000.0,3000.0,3000.0,3000.0,3000.0,3000.0,3000.0,3000.0,3000.0,3000.0,3000.0,3000.0,3000.0,3000.0,3000.0,3000.0,3000.0,3000.0,3000.0,3000.0,3000.0,3000.0,3000.0,3000.0,3000.0,3000.0,3000.0,3000.0,3000.0,3000.0,3000.0,3000.0,3000.0,3000.0,3000.0,3000.0,3000.0,3000.0,3000.0,3000.0,3000.0,3000.0,3000.0,3000.0,3000.0,3000.0,3000.0,3000.0,3000.0,3000.0,3000.0,3000.0,3000.0
9133,1262.2844656482723,1415.7125633612986,3000.0,3000.0,1262.2844656482723,1415.7125633612986,3000.0,3000.0,1262.2844656482723,1415.7125633612986,3000.0,3000.0,1262.2844656482723,1415.7125633612986,3000.0,3000.0,3000.0,1473.9730042026215,1277.925743581287,1262.2844656482723,3000.0,1473.9730042026215,1277.925743581287,1262.2844656482723,3000.0,1473.9730042026215,1277.925743581287,1262.2844656482723,3000.0,1473.9730042026215,1277.925743581287,1262.2844656482723,3000.0,3000.0,3000.0,3000.0,3000.0,3000.0,3000.0,3000.0,3000.0,3000.0,3000.0,3000.0,3000.0,3000.0,3000.0,3000.0,3000.0,3000.0,3000.0,3000.0,3000.0,3000.0,3000.0,3000.0,3000.0,3000.0,3000.0,3000.0,3000.0,3000.0,3000.0,3000.0,3000.0,3000.0,3000.0,3000.0,3000.0,3000.0,3000.0,3000.0,3000.0,3000.0,3000.0,3000.0,3000.0,3000.0,3000.0,3000.0,3000.0,3000.0,3000.0,3000.0,3000.0,3000.0,3000.0,3000.0,3000.0,3000.0,3000.0,3000.0,3000.0,3000.0,3000.0,3000.0
9200,1277.9257435812863,1473.9730042026201,3000.0,3000.0,1277.9257435812863,1473.9730042026201,3000.0,3000.0,1277.9257435812863,1473.9730042026201,3000.0,3000.0,1277.9257435812863,1473.9730042026201,3000.0,3000.0,3000.0,1415.7125633612998,1262.2844656482728,1277.9257435812863,3000.0,1415.7125633612998,1262.2844656482728,1277.9257435812863,3000.0,1415.7125633612998,1262.2844656482728,1277.9257435812863,3000.0,1415.7125633612998,1262.2844656482728,1277.9257435812863,3000.0,3000.0,3000.0,3000.0,3000.0,3000.0,3000.0,3000.0,3000.0,3000.0,3000.0,3000.0,3000.0,3000.0,3000.0,3000.0,3000.0,3000.0,3000.0,3000.0,3000.0,3000.0,3000.0,3000.0,3000.0,3000.0,3000.0,3000.0,3000.0,3000.0,3000.0,3000.0,3000.0,3000.0,3000.0,3000.0,3000.0,3000.0,3000.0,3000.0,3000.0,3000.0,3000.0,3000.0,3000.0,3000.0,3000.0,3000.0,3000.0,3000.0,3000.0,3000.0,3000.0,3000.0,3000.0,3000.0,3000.0,3000.0,3000.0,3000.0,3000.0,3000.0,3000.0,3000.0
9267,1300.3742948270028,1545.084971874738,3000.0,3000.0,1300.3742948270028,1545.084971874738,3000.0,3000.0,1300.3742948270028,1545.084971874738,3000.0,3000.0,1300.3742948270028,1545.084971874738,3000.0,3000.0,3000.0,1368.2953481325583,1253.0523726014653,1300.3742948270028,3000.0,1368.2953481325583,1253.0523726014653,1300.3742948270028,3000.0,1368.2953481325583,1253.0523726014653,1300.3742948270028,3000.0,1368.2953481325583,1253.0523726014653,1300.3742948270028,3000.0,3000.0,3000.0,3000.0,3000.0,3000.0,3000.0,3000.0,3000.0,3000.0,3000.0,3000.0,3000.0,3000.0,3000.0,3000.0,3000.0,3000.0,3000.0,3000.0,3000.0,3000.0,3000.0,3000.0,3000.0,3000.0,3000.0,3000.0,3000.0,3000.0,3000.0,3000.0,3000.0,3000.0,3000.0,3000.0,3000.0,3000.0,3000.0,3000.0,3000.0,3000.0,3000.0,3000.0,3000.0,3000.0,3000.0,3000.0,3000.0,3000.0,3000.0,3000.0,3000.0,3000.0,3000.0,3000.0,3000.0,3000.0,3000.0,3000.0,3000.0,3000.0,3000.0,3000.0
9333,1330.2222155948903,3000.0,3000.0,3000.0,1330.2222155948903,3000.0,3000.0,3000.0,1330.2222155948903,3000.0,3000.0,3000.0,1330.2222155948903,3000.0,3000.0,3000.0,3000.0,1330.2222155948903,1250.0,1330.2222155948903,3000.0,1330.2222155948903,1250.0,1330.2222155948903,3000.0,1330.2222155948903,1250.0,1330.2222155948903,3000.0,1330.2222155948903,1250.0,1330.2222155948903,3000.0,3000.0,3000.0,3000.0,3000.0,3000.0,3000.0,3000.0,3000.0,3000.0,3000.0,3000.0,3000.0,3000.0,3000.0,3000.0,3000.0,3000.0,3000.0,3000.0,3000.0,3000.0,3000.0,3000.0,3000.0,3000.0,3000.0,3000.0,3000.0,3000.0,3000.0,3000.0,3000.0,3000.0,3000.0,3000.0,3000.0,3000.0,3000.0,3000.0,3000.0,3000.0,3000.0,3000.0,3000.0,3000.0,3000.0,3000.0,3000.0,3000.0,3000.0,3000.0,3000.0,3000.0,3000.0,3000.0,3000.0,3000.0,3000.0,3000.0,3000.0,3000.0,3000.0,3000.0
9400,1368.295348132558,3000.0,3000.0,3000.0,1368.295348132558,3000.0,3000.0,3000.0,1368.295348132558,3000.0,3000.0,3000.0,1368.295348132558,3000.0,3000.0,3000.0,1545.0849718747384,1300.374294827003,1253.052372601465,1368.295348132558,1545.0849718747384,1300.374294827003,1253.052372601465,1368.295348132558,1545.0849718747384,1300.374294827003,1253.052372601465,1368.295348132558,1545.0849718747384,1300.374294827003,1253.052372601465,1368.295348132558,3000.0,3000.0,3000.0,1545.0849718747372,3000.0,3000.0,3000.0,1545.0849718747372,3000.0,3000.0,3000.0,1545.0849718747372,3000.0,3000.0,3000.0,1545.0849718747372,3000.0,3000.0,3000.0,3000.0,3000.0,3000.0,3000.0,3000.0,3000.0,3000.0,3000.0,3000.0,3000.0,3000.0,3000.0,3000.0,3000.0,3000.0,3000.0,3000.0,3000.0,3000.0,3000.0,3000.0,3000.0,3000.0,3000.0,3000.0,3000.0,3000.0,3000.0,3000.0,3000.0,3000.0,3000.0,3000.0,3000.0,3000.0,3000.0,3000.0,3000.0,3000.0,3000.0,3000.0,3000.0,3000.0,3000.0,3000.0
9467,1415.7125633612986,3000.0,3000.0,3000.0,1415.7125633612986,3000.0,3000.0,3000.0,1415.7125633612986,3000.0,3000.0,3000.0,1415.7125633612986,3000.0,3000.0,3000.0,1473.9730042026215,1277.9257435812867,1262.2844656482723,1415.7125633612986,1473.9730042026215,1277.9257435812867,1262.2844656482723,1415.7125633612986,1473.9730042026215,1277.9257435812867,1262.2844656482723,1415.7125633612986,1473.9730042026215,1277.9257435812867,1262.2844656482723,1415.7125633612986,3000.0,3000.0,3000.0,1473.9730042026204,3000.0,3000.0,3000.0,1473.9730042026204,3000.0,3000.0,3000.0,1473.9730042026204,3000.0,3000.0,3000.0,1473.9730042026204,3000.0,3000.0,3000.0,3000.0,3000.0,3000.0,3000.0,3000.0,3000.0,3000.0,3000.0,3000.0,3000.0,3000.0,3000.0,3000.0,3000.0,3000.0,3000.0,3000.0,3000.0,3000.0,3000.0,3000.0,3000.0,3000.0,3000.0,3000.0,3000.0,3000.0,3000.0,3000.0,3000.0,3000.0,3000.0,3000.0,3000.0,3000.0,3000.0,3000.0,3000.0,3000.0,3000.0,3000.0,3000.0,3000.0,3000.0,3000.0
9533,1473.9730042026194,3000.0,3000.0,3000.0,1473.9730042026194,3000.0,3000.0,3000.0,1473.9730042026194,3000.0,3000.0,3000.0,1473.9730042026194,3000.0,3000.0,3000.0,1415.7125633613005,1262.2844656482728,1277.925743581286,1473.9730042026194,1415.7125633613005,1262.2844656482728,1277.925743581286,1473.9730042026194,1415.7125633613005,1262.2844656482728,1277.925743581286,1473.9730042026194,1415.7125633613005,1262.2844656482728,1277.925743581286,1473.9730042026194,3000.0,3000.0,3000.0,1415.7125633612998,3000.0,3000.0,3000.0,1415.7125633612998,3000.0,3000.0,3000.0,1415.7125633612998,3000.0,3000.0,3000.0,1415.7125633612998,3000.0,3000.0,3000.0,3000.0,3000.0,3000.0,3000.0,3000.0,3000.0,3000.0,3000.0,3000.0,3000.0,3000.0,3000.0,3000.0,3000.0,3000.0,3000.0,3000.0,3000.0,3000.0,3000.0,3000.0,3000.0,3000.0,3000.0,3000.0,3000.0,3000.0,3000.0,3000.0,3000.0,3000.0,3000.0,3000.0,3000.0,3000.0,3000.0,3000.0,3000.0,3000.0,3000.0,3000.0,3000.0,3000.0,3000.0,3000.0
9600,1545.0849718747356,3000.0,3000.0,3000.0,1545.0849718747356,3000.0,3000.0,3000.0,1545.0849718747356,3000.0,3000.0,3000.0,1545.0849718747356,3000.0,3000.0,3000.0,1368.2953481325594,1253.0523726014653,1300.3742948270021,1545.0849718747356,1368.2953481325594,1253.0523726014653,1300.3742948270021,1545.0849718747356,1368.2953481325594,1253.0523726014653,1300.3742948270021,1545.0849718747356,1368.2953481325594,1253.0523726014653,1300.3742948270021,1545.0849718747356,3000.0,3000.0,3000.0,1368.295348132559,3000.0,3000.0,3000.0,1368.295348132559,3000.0,3000.0,3000.0,1368.295348132559,3000.0,3000.0,3000.0,1368.295348132559,3000.0,3000.0,3000.0,3000.0,3000.0,3000.0,3000.0,3000.0,3000.0,3000.0,3000.0,3000.0,3000.0,3000.0,3000.0,3000.0,3000.0,3000.0,3000.0,3000.0,3000.0,3000.0,3000.0,3000.0,3000.0,3000.0,3000.0,3000.0,3000.0,3000.0,3000.0,3000.0,3000.0,3000.0,3000.0,3000.0,3000.0,3000.0,3000.0,3000.0,3000.0,3000.0,3000.0,3000.0,3000.0,3000.0,3000.0,3000.0
9667,3000.0,3000.0,3000.0,3000.0,3000.0,3000.0,3000.0,3000.0,3000.0,3000.0,3000.0,3000.0,3000.0,3000.0,3000.0,3000.0,1330.222215594891,1250.0,1330.2222155948896,3000.0,1330.222215594891,1250.0,1330.2222155948896,3000.0,1330.222215594891,1250.0,1330.2222155948896,3000.0,1330.222215594891,1250.0,1330.2222155948896,3000.0,3000.0,3000.0,3000.0,1330.2222155948907,3000.0,3000.0,3000.0,1330.2222155948907,3000.0,3000.0,3000.0,1330.2222155948907,3000.0,3000.0,3000.0,1330.2222155948907,3000.0,3000.0,3000.0,3000.0,3000.0,3000.0,3000.0,3000.0,3000.0,3000.0,3000.0,3000.0,3000.0,3000.0,3000.0,3000.0,3000.0,3000.0,3000.0,3000.0,3000.0,3000.0,3000.0,3000.0,3000.0,3000.0,3000.0,3000.0,3000.0,3000.0,3000.0,3000.0,3000.0,3000.0,3000.0,3000.0,3000.0,3000.0,3000.0,3000.0,3000.0,3000.0,3000.0,3000.0,3000.0,3000.0,3000.0,3000.0
9733,3000.0,3000.0,3000.0,3000.0,3000.0,3000.0,3000.0,3000.0,3000.0,3000.0,3000.0,3000.0,3000.0,3000.0,3000.0,3000.0,1300.3742948270035,1253.0523726014649,1368.2953481325571,3000.0,1300.3742948270035,1253.0523726014649,1368.2953481325571,3000.0,1300.3742948270035,1253.0523726014649,1368.2953481325571,3000.0,1300.3742948270035,1253.0523726014649,1368.2953481325571,3000.0,3000.0,3000.0,1545.0849718747395,1300.3742948270033,3000.0,3000.0,1545.0849718747395,1300.3742948270033,3000.0,3000.0,1545.0849718747395,1300.3742948270033,3000.0,3000.0,1545.0849718747395,1300.3742948270033,3000.0,3000.0,3000.0,3000.0,3000.0,3000.0,3000.0,3000.0,3000.0,3000.0,3000.0,3000.0,3000.0,3000.0,3000.0,3000.0,3000.0,3000.0,3000.0,3000.0,3000.0,3000.0,3000.0,3000.0,3000.0,3000.0,3000.0,3000.0,3000.0,3000.0,3000.0,3000.0,3000.0,3000.0,3000.0,3000.0,3000.0,3000.0,3000.0,3000.0,3000.0,3000.0,3000.0,3000.0,3000.0,3000.0,3000.0,3000.0
9800,3000.0,3000.0,3000.0,3000.0,3000.0,3000.0,3000.0,3000.0,3000.0,3000.0,3000.0,3000.0,3000.0,3000.0,3000.0,3000.0,1277.9257435812865,1262.2844656482728,1415.7125633612993,3000.0,1277.9257435812865,1262.2844656482728,1415.7125633612993,3000.0,1277.9257435812865,1262.2844656482728,1415.7125633612993,3000.0,1277.9257435812865,1262.2844656482728,1415.7125633612993,3000.0,3000.0,3000.0,1473.9730042026197,1277.9257435812863,3000.0,3000.0,1473.9730042026197,1277.9257435812863,3000.0,3000.0,1473.9730042026197,1277.9257435812863,3000.0,3000.0,1473.9730042026197,1277.9257435812863,3000.0,3000.0,3000.0,3000.0,3000.0,3000.0,3000.0,3000.0,3000.0,3000.0,3000.0,3000.0,3000.0,3000.0,3000.0,3000.0,3000.0,3000.0,3000.0,3000.0,3000.0,3000.0,3000.0,3000.0,3000.0,3000.0,3000.0,3000.0,3000.0,3000.0,3000.0,3000.0,3000.0,3000.0,3000.0,3000.0,3000.0,3000.0,3000.0,3000.0,3000.0,3000.0,3000.0,3000.0,3000.0,3000.0,3000.0,3000.0
9867,3000.0,3000.0,3000.0,3000.0,3000.0,3000.0,3000.0,3000.0,3000.0,3000.0,3000.0,3000.0,3000.0,3000.0,3000.0,3000.0,1262.2844656482725,1277.9257435812867,1473.9730042026208,3000.0,1262.2844656482725,1277.9257435812867,1473.9730042026208,3000.0,1262.2844656482725,1277.9257435812867,1473.9730042026208,3000.0,1262.2844656482725,1277.9257435812867,1473.9730042026208,3000.0,3000.0,3000.0,1415.7125633612984,1262.2844656482723,3000.0,3000.0,1415.7125633612984,1262.2844656482723,3000.0,3000.0,1415.7125633612984,1262.2844656482723,3000.0,3000.0,1415.7125633612984,1262.2844656482723,3000.0,3000.0,3000.0,3000.0,3000.0,3000.0,3000.0,3000.0,3000.0,3000.0,3000.0,3000.0,3000.0,3000.0,3000.0,3000.0,3000.0,3000.0,3000.0,3000.0,3000.0,3000.0,3000.0,3000.0,3000.0,3000.0,3000.0,3000.0,3000.0,3000.0,3000.0,3000.0,3000.0,3000.0,3000.0,3000.0,3000.0,3000.0,3000.0,3000.0,3000.0,3000.0,3000.0,3000.0,3000.0,3000.0,3000.0,3000.0
9933,3000.0,3000.0,3000.0,3000.0,3000.0,3000.0,3000.0,3000.0,3000.0,3000.0,3000.0,3000.0,3000.0,3000.0,3000.0,3000.0,1253.0523726014653,1300.3742948270028,1545.0849718747368,3000.0,1253.0523726014653,1300.3742948270028,1545.0849718747368,3000.0,1253.0523726014653,1300.3742948270028,1545.0849718747368,3000.0,1253.0523726014653,1300.3742948270028,1545.0849718747368,3000.0,3000.0,3000.0,1368.2953481325583,1253.052372601465,3000.0,3000.0,1368.2953481325583,1253.052372601465,3000.0,3000.0,1368.2953481325583,1253.052372601465,3000.0,3000.0,1368.2953481325583,1253.052372601465,3000.0,3000.0,3000.0,3000.0,3000.0,3000.0,3000.0,3000.0,3000.0,3000.0,3000.0,3000.0,3000.0,3000.0,3000.0,3000.0,3000.0,3000.0,3000.0,3000.0,3000.0,3000.0,3000.0,3000.0,3000.0,3000.0,3000.0,3000.0,3000.0,3000.0,3000.0,3000.0,3000.0,3000.0,3000.0,3000.0,3000.0,3000.0,3000.0,3000.0,3000.0,3000.0,3000.0,3000.0,3000.0,3000.0,3000.0,3000.0
10000,3000.0,3000.0,3000.0,3000.0,3000.0,3000.0,3000.0,3000.0,3000.0,3000.0,3000.0,3000.0,3000.0,3000.0,3000.0,3000.0,1250.0,1330.2222155948903,3000.0,3000.0,1250.0,1330.2222155948903,3000.0,3000.0,1250.0,1330.2222155948903,3000.0,3000.0,1250.0,1330.2222155948903,3000.0,3000.0,3000.0,3000.0,1330.2222155948903,1250.0,3000.0,3000.0,1330.2222155948903,1250.0,3000.0,3000.0,1330.2222155948903,1250.0,3000.0,3000.0,1330.2222155948903,1250.0,3000.0,3000.0,3000.0,3000.0,3000.0,3000.0,3000.0,3000.0,3000.0,3000.0,3000.0,3000.0,3000.0,3000.0,3000.0,3000.0,3000.0,3000.0,3000.0,3000.0,3000.0,3000.0,3000.0,3000.0,3000.0,3000.0,3000.0,3000.0,3000.0,3000.0,3000.0,3000.0,3000.0,3000.0,3000.0,3000.0,3000.0,3000.0,3000.0,3000.0,3000.0,3000.0,3000.0,3000.0,3000.0,3000.0,3000.0,3000.0
10067,3000.0,3000.0,3000.0,3000.0,3000.0,3000.0,3000.0,3000.0,3000.0,3000.0,3000.0,3000.0,3000.0,3000.0,3000.0,3000.0,1253.052372601465,1368.295348132558,3000.0,3000.0,1253.052372601465,1368.295348132558,3000.0,3000.0,1253.052372601465,1368.295348132558,3000.0,3000.0,1253.052372601465,1368.295348132558,3000.0,3000.0,3000.0,1545.0849718747372,1300.374294827003,1253.052372601465,3000.0,1545.0849718747372,1300.374294827003,1253.052372601465,3000.0,1545.0849718747372,1300.374294827003,1253.052372601465,3000.0,1545.0849718747372,1300.374294827003,1253.052372601465,3000.0,3000.0,3000.0,3000.0,3000.0,3000.0,3000.0,3000.0,3000.0,3000.0,3000.0,3000.0,3000.0,3000.0,3000.0,3000.0,3000.0,3000.0,3000.0,3000.0,3000.0,3000.0,3000.0,3000.0,3000.0,3000.0,3000.0,3000.0,3000.0,3000.0,3000.0,3000.0,3000.0,3000.0,3000.0,3000.0,3000.0,3000.0,3000.0,3000.0,3000.0,3000.0,3000.0,3000.0,3000.0,3000.0,3000.0,3000.0
10133,3000.0,3000.0,3000.0,3000.0,3000.0,3000.0,3000.0,3000.0,3000.0,3000.0,3000.0,3000.0,3000.0,3000.0,3000.0,3000.0,1262.2844656482723,1415.7125633612986,3000.0,3000.0,1262.2844656482723,1415.7125633612986,3000.0,3000.0,1262.2844656482723,1415.7125633612986,3000.0,3000.0,1262.2844656482723,1415.7125633612986,3000.0,3000.0,3000.0,1473.9730042026204,1277.9257435812867,1262.2844656482725,3000.0,1473.9730042026204,1277.9257435812867,1262.2844656482725,3000.0,1473.9730042026204,1277.9257435812867,1262.2844656482725,3000.0,1473.9730042026204,1277.9257435812867,1262.2844656482725,3000.0,3000.0,3000.0,3000.0,3000.0,3000.0,3000.0,3000.0,3000.0,3000.0,3000.0,3000.0,3000.0,3000.0,3000.0,3000.0,3000.0,3000.0,3000.0,3000.0,3000.0,3000.0,3000.0,3000.0,3000.0,3000.0,3000.0,3000.0,3000.0,3000.0,3000.0,3000.0,3000.0,3000.0,3000.0,3000.0,3000.0,3000.0,3000.0,3000.0,3000.0,3000.0,3000.0,3000.0,3000.0,3000.0,3000.0,3000.0
10200,3000.0,3000.0,3000.0,3000.0,3000.0,3000.0,3000.0,3000.0,3000.0,3000.0,3000.0,3000.0,3000.0,3000.0,3000.0,3000.0,1277.9257435812863,1473.9730042026201,3000.0,3000.0,1277.9257435812863,1473.9730042026201,3000.0,3000.0,1277.9257435812863,1473.9730042026201,3000.0,3000.0,1277.9257435812863,1473.9730042026201,3000.0,3000.0,3000.0,1415.712563361299,1262.2844656482728,1277.9257435812867,3000.0,1415.712563361299,1262.2844656482728,1277.9257435812867,3000.0,1415.712563361299,1262.2844656482728,1277.9257435812867,3000.0,1415.712563361299,1262.2844656482728,1277.9257435812867,3000.0,3000.0,3000.0,3000.0,3000.0,3000.0,3000.0,3000.0,3000.0,3000.0,3000.0,3000.0,3000.0,3000.0,3000.0,3000.0,3000.0,3000.0,3000.0,3000.0,3000.0,3000.0,3000.0,3000.0,3000.0,3000.0,3000.0,3000.0,3000.0,3000.0,3000.0,3000.0,3000.0,3000.0,3000.0,3000.0,3000.0,3000.0,3000.0,3000.0,3000.0,3000.0,3000.0,3000.0,3000.0,3000.0,3000.0,3000.0
10267,3000.0,3000.0,3000.0,3000.0,3000.0,3000.0,3000.0,3000.0,3000.0,3000.0,3000.0,3000.0,3000.0,3000.0,3000.0,3000.0,1300.3742948270028,1545.084971874738,3000.0,3000.0,1300.3742948270028,1545.084971874738,3000.0,3000.0,1300.3742948270028,1545.084971874738,3000.0,3000.0,1300.3742948270028,1545.084971874738,3000.0,3000.0,3000.0,1368.2953481325578,1253.052372601465,1300.374294827003,3000.0,1368.2953481325578,1253.052372601465,1300.374294827003,3000.0,1368.2953481325578,1253.052372601465,1300.374294827003,3000.0,1368.2953481325578,1253.052372601465,1300.374294827003,3000.0,3000.0,3000.0,3000.0,3000.0,3000.0,3000.0,3000.0,3000.0,3000.0,3000.0,3000.0,3000.0,3000.0,3000.0,3000.0,3000.0,3000.0,3000.0,3000.0,3000.0,3000.0,3000.0,3000.0,3000.0,3000.0,3000.0,3000.0,3000.0,3000.0,3000.0,3000.0,3000.0,3000.0,3000.0,3000.0,3000.0,3000.0,3000.0,3000.0,3000.0,3000.0,3000.0,3000.0,3000.0,3000.0,3000.0,3000.0
10333,3000.0,3000.0,3000.0,3000.0,3000.0,3000.0,3000.0,3000.0,3000.0,3000.0,3000.0,3000.0,3000.0,3000.0,3000.0,3000.0,1330.2222155948898,3000.0,3000.0,3000.0,1330.2222155948898,3000.0,3000.0,3000.0,1330.2222155948898,3000.0,3000.0,3000.0,1330.2222155948898,3000.0,3000.0,3000.0,3000.0,1330.2222155948903,1250.0,1330.2222155948903,3000.0,1330.2222155948903,1250.0,1330.2222155948903,3000.0,1330.2222155948903,1250.0,1330.2222155948903,3000.0,1330.2222155948903,1250.0,1330.2222155948903,3000.0,3000.0,3000.0,3000.0,3000.0,3000.0,3000.0,3000.0,3000.0,3000.0,3000.0,3000.0,3000.0,3000.0,3000.0,3000.0,3000.0,3000.0,3000.0,3000.0,3000.0,3000.0,3000.0,3000.0,3000.0,3000.0,3000.0,3000.0,3000.0,3000.0,3000.0,3000.0,3000.0,3000.0,3000.0,3000.0,3000.0,3000.0,3000.0,3000.0,3000.0,3000.0,3000.0,3000.0,3000.0,3000.0,3000.0,3000.0
10400,3000.0,3000.0,3000.0,3000.0,3000.0,3000.0,3000.0,3000.0,3000.0,3000.0,3000.0,3000.0,3000.0,3000.0,3000.0,3000.0,1368.295348132558,3000.0,3000.0,3000.0,1368.295348132558,3000.0,3000.0,3000.0,1368.295348132558,3000.0,3000.0,3000.0,1368.295348132558,3000.0,3000.0,3000.0,1545.0849718747372,1300.3742948270026,1253.052372601465,1368.2953481325585,1545.0849718747372,1300.3742948270026,1253.052372601465,1368.2953481325585,1545.0849718747372,1300.3742948270026,1253.052372601465,1368.2953481325585,1545.0849718747372,1300.3742948270026,1253.052372601465,1368.2953481325585,3000.0,3000.0,3000.0,3000.0,3000.0,3000.0,3000.0,3000.0,3000.0,3000.0,3000.0,3000.0,3000.0,3000.0,3000.0,3000.0,3000.0,3000.0,3000.0,1545.0849718747363,3000.0,3000.0,3000.0,1545.0849718747363,3000.0,3000.0,3000.0,1545.0849718747363,3000.0,3000.0,3000.0,1545.0849718747363,3000.0,3000.0,3000.0,3000.0,3000.0,3000.0,3000.0,3000.0,3000.0,3000.0,3000.0,3000.0,3000.0,3000.0,3000.0,3000.0
10467,3000.0,3000.0,3000.0,3000.0,3000.0,3000.0,3000.0,3000.0,3000.0,3000.0,3000.0,3000.0,3000.0,3000.0,3000.0,3000.0,1415.7125633612986,3000.0,3000.0,3000.0,1415.7125633612986,3000.0,3000.0,3000.0,1415.7125633612986,3000.0,3000.0,3000.0,1415.7125633612986,3000.0,3000.0,3000.0,1473.9730042026204,1277.9257435812865,1262.2844656482725,1415.7125633612993,1473.9730042026204,1277.9257435812865,1262.2844656482725,1415.7125633612993,1473.9730042026204,1277.9257435812865,1262.2844656482725,1415.7125633612993,1473.9730042026204,1277.9257435812865,1262.2844656482725,1415.7125633612993,3000.0,3000.0,3000.0,3000.0,3000.0,3000.0,3000.0,3000.0,3000.0,3000.0,3000.0,3000.0,3000.0,3000.0,3000.0,3000.0,3000.0,3000.0,3000.0,1473.9730042026204,3000.0,3000.0,3000.0,1473.9730042026204,3000.0,3000.0,3000.0,1473.9730042026204,3000.0,3000.0,3000.0,1473.9730042026204,3000.0,3000.0,3000.0,3000.0,3000.0,3000.0,3000.0,3000.0,3000.0,3000.0,3000.0,3000.0,3000.0,3000.0,3000.0,3000.0
10533,3000.0,3000.0,3000.0,3000.0,3000.0,3000.0,3000.0,3000.0,3000.0,3000.0,3000.0,3000.0,3000.0,3000.0,3000.0,3000.0,1473.9730042026194,3000.0,3000.0,3000.0,1473.9730042026194,3000.0,3000.0,3000.0,1473.9730042026194,3000.0,3000.0,3000.0,1473.9730042026194,3000.0,3000.0,3000.0,1415.7125633612998,1262.2844656482728,1277.9257435812863,1473.9730042026201,1415.7125633612998,1262.2844656482728,1277.9257435812863,1473.9730042026201,1415.7125633612998,1262.2844656482728,1277.9257435812863,1473.9730042026201,1415.7125633612998,1262.2844656482728,1277.9257435812863,1473.9730042026201,3000.0,3000.0,3000.0,3000.0,3000.0,3000.0,3000.0,3000.0,3000.0,3000.0,3000.0,3000.0,3000.0,3000.0,3000.0,3000.0,3000.0,3000.0,3000.0,1415.7125633612998,3000.0,3000.0,3000.0,1415.7125633612998,3000.0,3000.0,3000.0,1415.7125633612998,3000.0,3000.0,3000.0,1415.7125633612998,3000.0,3000.0,3000.0,3000.0,3000.0,3000.0,3000.0,3000.0,3000.0,3000.0,3000.0,3000.0,3000.0,3000.0,3000.0,3000.0
10600,3000.0,3000.0,3000.0,3000.0,3000.0,3000.0,3000.0,3000.0,3000.0,3000.0,3000.0,3000.0,3000.0,3000.0,3000.0,3000.0,1545.0849718747356,3000.0,3000.0,3000.0,1545.0849718747356,3000.0,3000.0,3000.0,1545.0849718747356,3000.0,3000.0,3000.0,1545.0849718747356,3000.0,3000.0,3000.0,1368.295348132559,1253.0523726014653,1300.3742948270024,1545.0849718747368,1368.295348132559,1253.0523726014653,1300.3742948270024,1545.0849718747368,1368.295348132559,1253.0523726014653,1300.3742948270024,1545.0849718747368,1368.295348132559,1253.0523726014653,1300.3742948270024,1545.0849718747368,3000.0,3000.0,3000.0,3000.0,3000.0,3000.0,3000.0,3000.0,3000.0,3000.0,3000.0,3000.0,3000.0,3000.0,3000.0,3000.0,3000.0,3000.0,3000.0,1368.2953481325583,3000.0,3000.0,3000.0,1368.2953481325583,3000.0,3000.0,3000.0,1368.2953481325583,3000.0,3000.0,3000.0,1368.2953481325583,3000.0,3000.0,3000.0,3000.0,3000.0,3000.0,3000.0,3000.0,3000.0,3000.0,3000.0,3000.0,3000.0,3000.0,3000.0,3000.0
10667,3000.0,3000.0,3000.0,3000.0,3000.0,3000.0,3000.0,3000.0,3000.0,3000.0,3000.0,3000.0,3000.0,3000.0,3000.0,3000.0,3000.0,3000.0,3000.0,3000.0,3000.0,3000.0,3000.0,3000.0,3000.0,3000.0,3000.0,3000.0,3000.0,3000.0,3000.0,3000.0,1330.2222155948907,1250.0,1330.2222155948898,3000.0,1330.2222155948907,1250.0,1330.2222155948898,3000.0,1330.2222155948907,1250.0,1330.2222155948898,3000.0,1330.2222155948907,1250.0,1330.2222155948898,3000.0,3000.0,3000.0,3000.0,3000.0,3000.0,3000.0,3000.0,3000.0,3000.0,3000.0,3000.0,3000.0,3000.0,3000.0,3000.0,3000.0,3000.0,3000.0,3000.0,1330.2222155948907,3000.0,3000.0,3000.0,1330.2222155948907,3000.0,3000.0,3000.0,1330.2222155948907,3000.0,3000.0,3000.0,1330.2222155948907,3000.0,3000.0,3000.0,3000.0,3000.0,3000.0,3000.0,3000.0,3000.0,3000.0,3000.0,3000.0,3000.0,3000.0,3000.0,3000.0
10733,3000.0,3000.0,3000.0,3000.0,3000.0,3000.0,3000.0,3000.0,3000.0,3000.0,3000.0,3000.0,3000.0,3000.0,3000.0,3000.0,3000.0,3000.0,3000.0,3000.0,3000.0,3000.0,3000.0,3000.0,3000.0,3000.0,3000.0,3000.0,3000.0,3000.0,3000.0,3000.0,1300.3742948270033,1253.052372601465,1368.2953481325576,3000.0,1300.3742948270033,1253.052372601465,1368.2953481325576,3000.0,1300.3742948270033,1253.052372601465,1368.2953481325576,3000.0,1300.3742948270033,1253.052372601465,1368.2953481325576,3000.0,3000.0,3000.0,3000.0,3000.0,3000.0,3000.0,3000.0,3000.0,3000.0,3000.0,3000.0,3000.0,3000.0,3000.0,3000.0,3000.0,3000.0,3000.0,1545.0849718747395,1300.3742948270033,3000.0,3000.0,1545.0849718747395,1300.3742948270033,3000.0,3000.0,1545.0849718747395,1300.3742948270033,3000.0,3000.0,1545.0849718747395,1300.3742948270033,3000.0,3000.0,3000.0,3000.0,3000.0,3000.0,3000.0,3000.0,3000.0,3000.0,3000.0,3000.0,3000.0,3000.0,3000.0,3000.0
10800,3000.0,3000.0,3000.0,3000.0,3000.0,3000.0,3000.0,3000.0,3000.0,3000.0,3000.0,3000.0,3000.0,3000.0,3000.0,3000.0,3000.0,3000.0,3000.0,3000.0,3000.0,3000.0,3000.0,3000.0,3000.0,3000.0,3000.0,3000.0,3000.0,3000.0,3000.0,3000.0,1277.9257435812867,1262.2844656482725,1415.7125633612986,3000.0,1277.9257435812867,1262.2844656482725,1415.7125633612986,3000.0,1277.9257435812867,1262.2844656482725,1415.7125633612986,3000.0,1277.9257435812867,1262.2844656482725,1415.7125633612986,3000.0,3000.0,3000.0,3000.0,3000.0,3000.0,3000.0,3000.0,3000.0,3000.0,3000.0,3000.0,3000.0,3000.0,3000.0,3000.0,3000.0,3000.0,3000.0,1473.9730042026215,1277.9257435812867,3000.0,3000.0,1473.9730042026215,1277.9257435812867,3000.0,3000.0,1473.9730042026215,1277.9257435812867,3000.0,3000.0,1473.9730042026215,1277.9257435812867,3000.0,3000.0,3000.0,3000.0,3000.0,3000.0,3000.0,3000.0,3000.0,3000.0,3000.0,3000.0,3000.0,3000.0,3000.0,3000.0
10867,3000.0,3000.0,3000.0,3000.0,3000.0,3000.0,3000.0,3000.0,3000.0,3000.0,3000.0,3000.0,3000.0,3000.0,3000.0,3000.0,3000.0,3000.0,3000.0,3000.0,3000.0,3000.0,3000.0,3000.0,3000.0,3000.0,3000.0,3000.0,3000.0,3000.0,3000.0,3000.0,1262.2844656482728,1277.9257435812863,1473.9730042026194,3000.0,1262.2844656482728,1277.9257435812863,1473.9730042026194,3000.0,1262.2844656482728,1277.9257435812863,1473.9730042026194,3000.0,1262.2844656482728,1277.9257435812863,1473.9730042026194,3000.0,3000.0,3000.0,3000.0,3000.0,3000.0,3000.0,3000.0,3000.0,3000.0,3000.0,3000.0,3000.0,3000.0,3000.0,3000.0,3000.0,3000.0,3000.0,1415.7125633613005,1262.2844656482728,3000.0,3000.0,1415.7125633613005,1262.2844656482728,3000.0,3000.0,1415.7125633613005,1262.2844656482728,3000.0,3000.0,1415.7125633613005,1262.2844656482728,3000.0,3000.0,3000.0,3000.0,3000.0,3000.0,3000.0,3000.0,3000.0,3000.0,3000.0,3000.0,3000.0,3000.0,3000.0,3000.0
10933,3000.0,3000.0,3000.0,3000.0,3000.0,3000.0,3000.0,3000.0,3000.0,3000.0,3000.0,3000.0,3000.0,3000.0,3000.0,3000.0,3000.0,3000.0,3000.0,3000.0,3000.0,3000.0,3000.0,3000.0,3000.0,3000.0,3000.0,3000.0,3000.0,3000.0,3000.0,3000.0,1253.0523726014653,1300.3742948270028,1545.0849718747368,3000.0,1253.0523726014653,1300.3742948270028,1545.0849718747368,3000.0,1253.0523726014653,1300.3742948270028,1545.0849718747368,3000.0,1253.0523726014653,1300.3742948270028,1545.0849718747368,3000.0,3000.0,3000.0,3000.0,3000.0,3000.0,3000.0,3000.0,3000.0,3000.0,3000.0,3000.0,3000.0,3000.0,3000.0,3000.0,3000.0,3000.0,3000.0,1368.295348132559,1253.0523726014653,3000.0,3000.0,1368.295348132559,1253.0523726014653,3000.0,3000.0,1368.295348132559,1253.0523726014653,3000.0,3000.0,1368.295348132559,1253.0523726014653,3000.0,3000.0,3000.0,3000.0,3000.0,3000.0,3000.0,3000.0,3000.0,3000.0,3000.0,3000.0,3000.0,3000.0,3000.0,3000.0
11000,3000.0,3000.0,3000.0,3000.0,3000.0,3000.0,3000.0,3000.0,3000.0,3000.0,3000.0,3000.0,3000.0,3000.0,3000.0,3000.0,3000.0,3000.0,3000.0,3000.0,3000.0,3000.0,3000.0,3000.0,3000.0,3000.0,3000.0,3000.0,3000.0,3000.0,3000.0,3000.0,1250.0,1330.2222155948898,3000.0,3000.0,1250.0,1330.2222155948898,3000.0,3000.0,1250.0,1330.2222155948898,3000.0,3000.0,1250.0,1330.2222155948898,3000.0,3000.0,3000.0,3000.0,3000.0,3000.0,3000.0,3000.0,3000.0,3000.0,3000.0,3000.0,3000.0,3000.0,3000.0,3000.0,3000.0,3000.0,3000.0,3000.0,1330.222215594891,1250.0,3000.0,3000.0,1330.222215594891,1250.0,3000.0,3000.0,1330.222215594891,1250.0,3000.0,3000.0,1330.222215594891,1250.0,3000.0,3000.0,3000.0,3000.0,3000.0,3000.0,3000.0,3000.0,3000.0,3000.0,3000.0,3000.0,3000.0,3000.0,3000.0,3000.0
11067,3000.0,3000.0,3000.0,3000.0,3000.0,3000.0,3000.0,3000.0,3000.0,3000.0,3000.0,3000.0,3000.0,3000.0,3000.0,3000.0,3000.0,3000.0,3000.0,3000.0,3000.0,3000.0,3000.0,3000.0,3000.0,3000.0,3000.0,3000.0,3000.0,3000.0,3000.0,3000.0,1253.0523726014649,1368.2953481325576,3000.0,3000.0,1253.0523726014649,1368.2953481325576,3000.0,3000.0,1253.0523726014649,1368.2953481325576,3000.0,3000.0,1253.0523726014649,1368.2953481325576,3000.0,3000.0,3000.0,3000.0,3000.0,3000.0,3000.0,3000.0,3000.0,3000.0,3000.0,3000.0,3000.0,3000.0,3000.0,3000.0,3000.0,3000.0,3000.0,1545.0849718747395,1300.3742948270035,1253.0523726014649,3000.0,1545.0849718747395,1300.3742948270035,1253.0523726014649,3000.0,1545.0849718747395,1300.3742948270035,1253.0523726014649,3000.0,1545.0849718747395,1300.3742948270035,1253.0523726014649,3000.0,3000.0,3000.0,3000.0,3000.0,3000.0,3000.0,3000.0,3000.0,3000.0,3000.0,3000.0,3000.0,3000.0,3000.0,3000.0
11133,3000.0,3000.0,3000.0,3000.0,3000.0,3000.0,3000.0,3000.0,3000.0,3000.0,3000.0,3000.0,3000.0,3000.0,3000.0,3000.0,3000.0,3000.0,3000.0,3000.0,3000.0,3000.0,3000.0,3000.0,3000.0,3000.0,3000.0,3000.0,3000.0,3000.0,3000.0,3000.0,1262.2844656482723,1415.7125633612986,3000.0,3000.0,1262.2844656482723,1415.7125633612986,3000.0,3000.0,1262.2844656482723,1415.7125633612986,3000.0,3000.0,1262.2844656482723,1415.7125633612986,3000.0,3000.0,3000.0,3000.0,3000.0,3000.0,3000.0,3000.0,3000.0,3000.0,3000.0,3000.0,3000.0,3000.0,3000.0,3000.0,3000.0,3000.0,3000.0,1473.9730042026215,1277.925743581287,1262.2844656482723,3000.0,1473.9730042026215,1277.925743581287,1262.2844656482723,3000.0,1473.9730042026215,1277.925743581287,1262.2844656482723,3000.0,1473.9730042026215,1277.925743581287,1262.2844656482723,3000.0,3000.0,3000.0,3000.0,3000.0,3000.0,3000.0,3000.0,3000.0,3000.0,3000.0,3000.0,3000.0,3000.0,3000.0,3000.0
11200,3000.0,3000.0,3000.0,3000.0,3000.0,3000.0,3000.0,3000.0,3000.0,3000.0,3000.0,3000.0,3000.0,3000.0,3000.0,3000.0,3000.0,3000.0,3000.0,3000.0,3000.0,3000.0,3000.0,3000.0,3000.0,3000.0,3000.0,3000.0,3000.0,3000.0,3000.0,3000.0,1277.925743581286,1473.9730042026194,3000.0,3000.0,1277.925743581286,1473.9730042026194,3000.0,3000.0,1277.925743581286,1473.9730042026194,3000.0,3000.0,1277.925743581286,1473.9730042026194,3000.0,3000.0,3000.0,3000.0,3000.0,3000.0,3000.0,3000.0,3000.0,3000.0,3000.0,3000.0,3000.0,3000.0,3000.0,3000.0,3000.0,3000.0,3000.0,1415.7125633613005,1262.284465648273,1277.925743581286,3000.0,1415.7125633613005,1262.284465648273,1277.925743581286,3000.0,1415.7125633613005,1262.284465648273,1277.925743581286,3000.0,1415.7125633613005,1262.284465648273,1277.925743581286,3000.0,3000.0,3000.0,3000.0,3000.0,3000.0,3000.0,3000.0,3000.0,3000.0,3000.0,3000.0,3000.0,3000.0,3000.0,3000.0
11267,3000.0,3000.0,3000.0,3000.0,3000.0,3000.0,3000.0,3000.0,3000.0,3000.0,3000.0,3000.0,3000.0,3000.0,3000.0,3000.0,3000.0,3000.0,3000.0,3000.0,3000.0,3000.0,3000.0,3000.0,3000.0,3000.0,3000.0,3000.0,3000.0,3000.0,3000.0,3000.0,1300.374294827003,1545.0849718747388,3000.0,3000.0,1300.374294827003,1545.0849718747388,3000.0,3000.0,1300.374294827003,1545.0849718747388,3000.0,3000.0,1300.374294827003,1545.0849718747388,3000.0,3000.0,3000.0,3000.0,3000.0,3000.0,3000.0,3000.0,3000.0,3000.0,3000.0,3000.0,3000.0,3000.0,3000.0,3000.0,3000.0,3000.0,3000.0,1368.2953481325578,1253.052372601465,1300.374294827003,3000.0,1368.2953481325578,1253.052372601465,1300.374294827003,3000.0,1368.2953481325578,1253.052372601465,1300.374294827003,3000.0,1368.2953481325578,1253.052372601465,1300.374294827003,3000.0,3000.0,3000.0,3000.0,3000.0,3000.0,3000.0,3000.0,3000.0,3000.0,3000.0,3000.0,3000.0,3000.0,3000.0,3000.0
11333,3000.0,3000.0,3000.0,3000.0,3000.0,3000.0,3000.0,3000.0,3000.0,3000.0,3000.0,3000.0,3000.0,3000.0,3000.0,3000.0,3000.0,3000.0,3000.0,3000.0,3000.0,3000.0,3000.0,3000.0,3000.0,3000.0,3000.0,3000.0,3000.0,3000.0,3000.0,3000.0,1330.2222155948903,3000.0,3000.0,3000.0,1330.2222155948903,3000.0,3000.0,3000.0,1330.2222155948903,3000.0,3000.0,3000.0,1330.2222155948903,3000.0,3000.0,3000.0,3000.0,3000.0,3000.0,3000.0,3000.0,3000.0,3000.0,3000.0,3000.0,3000.0,3000.0,3000.0,3000.0,3000.0,3000.0,3000.0,3000.0,1330.2222155948903,1250.0,1330.2222155948903,3000.0,1330.2222155948903,1250.0,1330.2222155948903,3000.0,1330.2222155948903,1250.0,1330.2222155948903,3000.0,1330.2222155948903,1250.0,1330.2222155948903,3000.0,3000.0,3000.0,3000.0,3000.0,3000.0,3000.0,3000.0,3000.0,3000.0,3000.0,3000.0,3000.0,3000.0,3000.0,3000.0
11400,3000.0,3000.0,3000.0,3000.0,3000.0,3000.0,3000.0,3000.0,3000.0,3000.0,3000.0,3000.0,3000.0,3000.0,3000.0,3000.0,3000.0,3000.0,3000.0,3000.0,3000.0,3000.0,3000.0,3000.0,3000.0,3000.0,3000.0,3000.0,3000.0,3000.0,3000.0,3000.0,1368.295348132558,3000.0,3000.0,3000.0,1368.295348132558,3000.0,3000.0,3000.0,1368.295348132558,3000.0,3000.0,3000.0,1368.295348132558,3000.0,3000.0,3000.0,3000.0,3000.0,3000.0,1545.0849718747377,3000.0,3000.0,3000.0,1545.0849718747377,3000.0,3000.0,3000.0,1545.0849718747377,3000.0,3000.0,3000.0,1545.0849718747377,1545.0849718747384,1300.374294827003,1253.052372601465,1368.295348132558,1545.0849718747384,1300.374294827003,1253.052372601465,1368.295348132558,1545.0849718747384,1300.374294827003,1253.052372601465,1368.295348132558,1545.0849718747384,1300.374294827003,1253.052372601465,1368.295348132558,3000.0,3000.0,3000.0,3000.0,3000.0,3000.0,3000.0,3000.0,3000.0,3000.0,3000.0,3000.0,3000.0,3000.0,3000.0,3000.0
11467,3000.0,3000.0,3000.0,3000.0,3000.0,3000.0,3000.0,3000.0,3000.0,3000.0,3000.0,3000.0,3000.0,3000.0,3000.0,3000.0,3000.0,3000.0,3000.0,3000.0,3000.0,3000.0,3000.0,3000.0,3000.0,3000.0,3000.0,3000.0,3000.0,3000.0,3000.0,3000.0,1415.7125633612993,3000.0,3000.0,3000.0,1415.7125633612993,3000.0,3000.0,3000.0,1415.7125633612993,3000.0,3000.0,3000.0,1415.7125633612993,3000.0,3000.0,3000.0,3000.0,3000.0,3000.0,1473.97300420262,3000.0,3000.0,3000.0,1473.97300420262,3000.0,3000.0,3000.0,1473.97300420262,3000.0,3000.0,3000.0,1473.97300420262,1473.9730042026204,1277.9257435812865,1262.2844656482725,1415.7125633612993,1473.9730042026204,1277.9257435812865,1262.2844656482725,1415.7125633612993,1473.9730042026204,1277.9257435812865,1262.2844656482725,1415.7125633612993,1473.9730042026204,1277.9257435812865,1262.2844656482725,1415.7125633612993,3000.0,3000.0,3000.0,3000.0,3000.0,3000.0,3000.0,3000.0,3000.0,3000.0,3000.0,3000.0,3000.0,3000.0,3000.0,3000.0
11533,3000.0,3000.0,3000.0,3000.0,3000.0,3000.0,3000.0,3000.0,3000.0,3000.0,3000.0,3000.0,3000.0,3000.0,3000.0,3000.0,3000.0,3000.0,3000.0,3000.0,3000.0,3000.0,3000.0,3000.0,3000.0,3000.0,3000.0,3000.0,3000.0,3000.0,3000.0,3000.0,1473.9730042026201,3000.0,3000.0,3000.0,1473.9730042026201,3000.0,3000.0,3000.0,1473.9730042026201,3000.0,3000.0,3000.0,1473.9730042026201,3000.0,3000.0,3000.0,3000.0,3000.0,3000.0,1415.7125633612993,3000.0,3000.0,3000.0,1415.7125633612993,3000.0,3000.0,3000.0,1415.7125633612993,3000.0,3000.0,3000.0,1415.7125633612993,1415.7125633612998,1262.2844656482728,1277.9257435812863,1473.9730042026201,1415.7125633612998,1262.2844656482728,1277.9257435812863,1473.9730042026201,1415.7125633612998,1262.2844656482728,1277.9257435812863,1473.9730042026201,1415.7125633612998,1262.2844656482728,1277.9257435812863,1473.9730042026201,3000.0,3000.0,3000.0,3000.0,3000.0,3000.0,3000.0,3000.0,3000.0,3000.0,3000.0,3000.0,3000.0,3000.0,3000.0,3000.0
11600,3000.0,3000.0,3000.0,3000.0,3000.0,3000.0,3000.0,3000.0,3000.0,3000.0,3000.0,3000.0,3000.0,3000.0,3000.0,3000.0,3000.0,3000.0,3000.0,3000.0,3000.0,3000.0,3000.0,3000.0,3000.0,3000.0,3000.0,3000.0,3000.0,3000.0,3000.0,3000.0,1545.0849718747356,3000.0,3000.0,3000.0,1545.0849718747356,3000.0,3000.0,3000.0,1545.0849718747356,3000.0,3000.0,3000.0,1545.0849718747356,3000.0,3000.0,3000.0,3000.0,3000.0,3000.0,1368.295348132559,3000.0,3000.0,3000.0,1368.295348132559,3000.0,3000.0,3000.0,1368.295348132559,3000.0,3000.0,3000.0,1368.295348132559,1368.2953481325594,1253.0523726014653,1300.3742948270021,1545.0849718747356,1368.2953481325594,1253.0523726014653,1300.3742948270021,1545.0849718747356,1368.2953481325594,1253.0523726014653,1300.3742948270021,1545.0849718747356,1368.2953481325594,1253.0523726014653,1300.3742948270021,1545.0849718747356,3000.0,3000.0,3000.0,3000.0,3000.0,3000.0,3000.0,3000.0,3000.0,3000.0,3000.0,3000.0,3000.0,3000.0,3000.0,3000.0
11667,3000.0,3000.0,3000.0,3000.0,3000.0,3000.0,3000.0,3000.0,3000.0,3000.0,3000.0,3000.0,3000.0,3000.0,3000.0,3000.0,3000.0,3000.0,3000.0,3000.0,3000.0,3000.0,3000.0,3000.0,3000.0,3000.0,3000.0,3000.0,3000.0,3000.0,3000.0,3000.0,3000.0,3000.0,3000.0,3000.0,3000.0,3000.0,3000.0,3000.0,3000.0,3000.0,3000.0,3000.0,3000.0,3000.0,3000.0,3000.0,3000.0,3000.0,3000.0,1330.2222155948903,3000.0,3000.0,3000.0,1330.2222155948903,3000.0,3000.0,3000.0,1330.2222155948903,3000.0,3000.0,3000.0,1330.2222155948903,1330.2222155948907,1250.0,1330.2222155948898,3000.0,1330.2222155948907,1250.0,1330.2222155948898,3000.0,1330.2222155948907,1250.0,1330.2222155948898,3000.0,1330.2222155948907,1250.0,1330.2222155948898,3000.0,3000.0,3000.0,3000.0,3000.0,3000.0,3000.0,3000.0,3000.0,3000.0,3000.0,3000.0,3000.0,3000.0,3000.0,3000.0,3000.0
11733,3000.0,3000.0,3000.0,3000.0,3000.0,3000.0,3000.0,3000.0,3000.0,3000.0,3000.0,3000.0,3000.0,3000.0,3000.0,3000.0,3000.0,3000.0,3000.0,3000.0,3000.0,3000.0,3000.0,3000.0,3000.0,3000.0,3000.0,3000.0,3000.0,3000.0,3000.0,3000.0,3000.0,3000.0,3000.0,3000.0,3000.0,3000.0,3000.0,3000.0,3000.0,3000.0,3000.0,3000.0,3000.0,3000.0,3000.0,3000.0,3000.0,3000.0,1545.0849718747377,1300.374294827003,3000.0,3000.0,1545.0849718747377,1300.374294827003,3000.0,3000.0,1545.0849718747377,1300.374294827003,3000.0,3000.0,1545.0849718747377,1300.374294827003,1300.3742948270033,1253.052372601465,1368.2953481325576,3000.0,1300.3742948270033,1253.052372601465,1368.2953481325576,3000.0,1300.3742948270033,1253.052372601465,1368.2953481325576,3000.0,1300.3742948270033,1253.052372601465,1368.2953481325576,3000.0,3000.0,3000.0,3000.0,3000.0,3000.0,3000.0,3000.0,3000.0,3000.0,3000.0,3000.0,3000.0,3000.0,3000.0,3000.0,3000.0
11800,3000.0,3000.0,3000.0,3000.0,3000.0,3000.0,3000.0,3000.0,3000.0,3000.0,3000.0,3000.0,3000.0,3000.0,3000.0,3000.0,3000.0,3000.0,3000.0,3000.0,3000.0,3000.0,3000.0,3000.0,3000.0,3000.0,3000.0,3000.0,3000.0,3000.0,3000.0,3000.0,3000.0,3000.0,3000.0,3000.0,3000.0,3000.0,3000.0,3000.0,3000.0,3000.0,3000.0,3000.0,3000.0,3000.0,3000.0,3000.0,3000.0,3000.0,1473.97300420262,1277.9257435812865,3000.0,3000.0,1473.97300420262,1277.9257435812865,3000.0,3000.0,1473.97300420262,1277.9257435812865,3000.0,3000.0,1473.97300420262,1277.9257435812865,1277.9257435812867,1262.2844656482725,1415.7125633612986,3000.0,1277.9257435812867,1262.2844656482725,1415.7125633612986,3000.0,1277.9257435812867,1262.2844656482725,1415.7125633612986,3000.0,1277.9257435812867,1262.2844656482725,1415.7125633612986,3000.0,3000.0,3000.0,3000.0,3000.0,3000.0,3000.0,3000.0,3000.0,3000.0,3000.0,3000.0,3000.0,3000.0,3000.0,3000.0,3000.0
11867,3000.0,3000.0,3000.0,3000.0,3000.0,3000.0,3000.0,3000.0,3000.0,3000.0,3000.0,3000.0,3000.0,3000.0,3000.0,3000.0,3000.0,3000.0,3000.0,3000.0,3000.0,3000.0,3000.0,3000.0,3000.0,3000.0,3000.0,3000.0,3000.0,3000.0,3000.0,3000.0,3000.0,3000.0,3000.0,3000.0,3000.0,3000.0,3000.0,3000.0,3000.0,3000.0,3000.0,3000.0,3000.0,3000.0,3000.0,3000.0,3000.0,3000.0,1415.7125633612993,1262.2844656482728,3000.0,3000.0,1415.7125633612993,1262.2844656482728,3000.0,3000.0,1415.7125633612993,1262.2844656482728,3000.0,3000.0,1415.7125633612993,1262.2844656482728,1262.2844656482728,1277.9257435812863,1473.9730042026194,3000.0,1262.2844656482728,1277.9257435812863,1473.9730042026194,3000.0,1262.2844656482728,1277.9257435812863,1473.9730042026194,3000.0,1262.2844656482728,1277.9257435812863,1473.9730042026194,3000.0,3000.0,3000.0,3000.0,3000.0,3000.0,3000.0,3000.0,3000.0,3000.0,3000.0,3000.0,3000.0,3000.0,3000.0,3000.0,3000.0
11933,3000.0,3000.0,3000.0,3000.0,3000.0,3000.0,3000.0,3000.0,3000.0,3000.0,3000.0,3000.0,3000.0,3000.0,3000.0,3000.0,3000.0,3000.0,3000.0,3000.0,3000.0,3000.0,3000.0,3000.0,3000.0,3000.0,3000.0,3000.0,3000.0,3000.0,3000.0,3000.0,3000.0,3000.0,3000.0,3000.0,3000.0,3000.0,3000.0,3000.0,3000.0,3000.0,3000.0,3000.0,3000.0,3000.0,3000.0,3000.0,3000.0,3000.0,1368.2953481325578,1253.052372601465,3000.0,3000.0,1368.2953481325578,1253.052372601465,3000.0,3000.0,1368.2953481325578,1253.052372601465,3000.0,3000.0,1368.2953481325578,1253.052372601465,1253.0523726014653,1300.3742948270028,1545.0849718747368,3000.0,1253.0523726014653,1300.3742948270028,1545.0849718747368,3000.0,1253.0523726014653,1300.3742948270028,1545.0849718747368,3000.0,1253.0523726014653,1300.3742948270028,1545.0849718747368,3000.0,3000.0,3000.0,3000.0,3000.0,3000.0,3000.0,3000.0,3000.0,3000.0,3000.0,3000.0,3000.0,3000.0,3000.0,3000.0,3000.0
12000,3000.0,3000.0,3000.0,3000.0,3000.0,3000.0,3000.0,3000.0,3000.0,3000.0,3000.0,3000.0,3000.0,3000.0,3000.0,3000.0,3000.0,3000.0,3000.0,3000.0,3000.0,3000.0,3000.0,3000.0,3000.0,3000.0,3000.0,3000.0,3000.0,3000.0,3000.0,3000.0,3000.0,3000.0,3000.0,3000.0,3000.0,3000.0,3000.0,3000.0,3000.0,3000.0,3000.0,3000.0,3000.0,3000.0,3000.0,3000.0,3000.0,3000.0,1330.2222155948903,1250.0,3000.0,3000.0,1330.2222155948903,1250.0,3000.0,3000.0,1330.2222155948903,1250.0,3000.0,3000.0,1330.2222155948903,1250.0,1250.0,1330.2222155948898,3000.0,3000.0,1250.0,1330.2222155948898,3000.0,3000.0,1250.0,1330.2222155948898,3000.0,3000.0,1250.0,1330.2222155948898,3000.0,3000.0,3000.0,3000.0,3000.0,3000.0,3000.0,3000.0,3000.0,3000.0,3000.0,3000.0,3000.0,3000.0,3000.0,3000.0,3000.0,3000.0
12067,3000.0,3000.0,3000.0,3000.0,3000.0,3000.0,3000.0,3000.0,3000.0,3000.0,3000.0,3000.0,3000.0,3000.0,3000.0,3000.0,3000.0,3000.0,3000.0,3000.0,3000.0,3000.0,3000.0,3000.0,3000.0,3000.0,3000.0,3000.0,3000.0,3000.0,3000.0,3000.0,3000.0,3000.0,3000.0,3000.0,3000.0,3000.0,3000.0,3000.0,3000.0,3000.0,3000.0,3000.0,3000.0,3000.0,3000.0,3000.0,3000.0,1545.0849718747377,1300.374294827003,1253.052372601465,3000.0,1545.0849718747377,1300.374294827003,1253.052372601465,3000.0,1545.0849718747377,1300.374294827003,1253.052372601465,3000.0,1545.0849718747377,1300.374294827003,1253.052372601465,1253.0523726014649,1368.2953481325576,3000.0,3000.0,1253.0523726014649,1368.2953481325576,3000.0,3000.0,1253.0523726014649,1368.2953481325576,3000.0,3000.0,1253.0523726014649,1368.2953481325576,3000.0,3000.0,3000.0,3000.0,3000.0,3000.0,3000.0,3000.0,3000.0,3000.0,3000.0,3000.0,3000.0,3000.0,3000.0,3000.0,3000.0,3000.0
12133,3000.0,3000.0,3000.0,3000.0,3000.0,3000.0,3000.0,3000.0,3000.0,3000.0,3000.0,3000.0,3000.0,3000.0,3000.0,3000.0,3000.0,3000.0,3000.0,3000.0,3000.0,3000.0,3000.0,3000.0,3000.0,3000.0,3000.0,3000.0,3000.0,3000.0,3000.0,3000.0,3000.0,3000.0,3000.0,3000.0,3000.0,3000.0,3000.0,3000.0,3000.0,3000.0,3000.0,3000.0,3000.0,3000.0,3000.0,3000.0,3000.0,1473.97300420262,1277.9257435812865,1262.2844656482725,3000.0,1473.97300420262,1277.9257435812865,1262.2844656482725,3000.0,1473.97300420262,1277.9257435812865,1262.2844656482725,3000.0,1473.97300420262,1277.9257435812865,1262.2844656482725,1262.2844656482723,1415.7125633612986,3000.0,3000.0,1262.2844656482723,1415.7125633612986,3000.0,3000.0,1262.2844656482723,1415.7125633612986,3000.0,3000.0,1262.2844656482723,1415.7125633612986,3000.0,3000.0,3000.0,3000.0,3000.0,3000.0,3000.0,3000.0,3000.0,3000.0,3000.0,3000.0,3000.0,3000.0,3000.0,3000.0,3000.0,3000.0
12200,3000.0,3000.0,3000.0,3000.0,3000.0,3000.0,3000.0,3000.0,3000.0,3000.0,3000.0,3000.0,3000.0,3000.0,3000.0,3000.0,3000.0,3000.0,3000.0,3000.0,3000.0,3000.0,3000.0,3000.0,3000.0,3000.0,3000.0,3000.0,3000.0,3000.0,3000.0,3000.0,3000.0,3000.0,3000.0,3000.0,3000.0,3000.0,3000.0,3000.0,3000.0,3000.0,3000.0,3000.0,3000.0,3000.0,3000.0,3000.0,3000.0,1415.7125633612993,1262.2844656482728,1277.9257435812863,3000.0,1415.7125633612993,1262.2844656482728,1277.9257435812863,3000.0,1415.7125633612993,1262.2844656482728,1277.9257435812863,3000.0,1415.7125633612993,1262.2844656482728,1277.9257435812863,1277.925743581286,1473.9730042026194,3000.0,3000.0,1277.925743581286,1473.9730042026194,3000.0,3000.0,1277.925743581286,1473.9730042026194,3000.0,3000.0,1277.925743581286,1473.9730042026194,3000.0,3000.0,3000.0,3000.0,3000.0,3000.0,3000.0,3000.0,3000.0,3000.0,3000.0,3000.0,3000.0,3000.0,3000.0,3000.0,3000.0,3000.0
12267,3000.0,3000.0,3000.0,3000.0,3000.0,3000.0,3000.0,3000.0,3000.0,3000.0,3000.0,3000.0,3000.0,3000.0,3000.0,3000.0,3000.0,3000.0,3000.0,3000.0,3000.0,3000.0,3000.0,3000.0,3000.0,3000.0,3000.0,3000.0,3000.0,3000.0,3000.0,3000.0,3000.0,3000.0,3000.0,3000.0,3000.0,3000.0,3000.0,3000.0,3000.0,3000.0,3000.0,3000.0,3000.0,3000.0,3000.0,3000.0,3000.0,1368.2953481325578,1253.052372601465,1300.3742948270026,3000.0,1368.2953481325578,1253.052372601465,1300.3742948270026,3000.0,1368.2953481325578,1253.052372601465,1300.3742948270026,3000.0,1368.2953481325578,1253.052372601465,1300.3742948270026,1300.3742948270024,1545.0849718747368,3000.0,3000.0,1300.3742948270024,1545.0849718747368,3000.0,3000.0,1300.3742948270024,1545.0849718747368,3000.0,3000.0,1300.3742948270024,1545.0849718747368,3000.0,3000.0,3000.0,3000.0,3000.0,3000.0,3000.0,3000.0,3000.0,3000.0,3000.0,3000.0,3000.0,3000.0,3000.0,3000.0,3000.0,3000.0
12333,3000.0,3000.0,3000.0,3000.0,3000.0,3000.0,3000.0,3000.0,3000.0,3000.0,3000.0,3000.0,3000.0,3000.0,3000.0,3000.0,3000.0,3000.0,3000.0,3000.0,3000.0,3000.0,3000.0,3000.0,3000.0,3000.0,3000.0,3000.0,3000.0,3000.0,3000.0,3000.0,3000.0,3000.0,3000.0,3000.0,3000.0,3000.0,3000.0,3000.0,3000.0,3000.0,3000.0,3000.0,3000.0,3000.0,3000.0,3000.0,3000.0,1330.2222155948903,1250.0,1330.2222155948898,3000.0,1330.2222155948903,1250.0,1330.2222155948898,3000.0,1330.2222155948903,1250.0,1330.2222155948898,3000.0,1330.2222155948903,1250.0,1330.2222155948898,1330.2222155948896,3000.0,3000.0,3000.0,1330.2222155948896,3000.0,3000.0,3000.0,1330.2222155948896,3000.0,3000.0,3000.0,1330.2222155948896,3000.0,3000.0,3000.0,3000.0,3000.0,3000.0,3000.0,3000.0,3000.0,3000.0,3000.0,3000.0,3000.0,3000.0,3000.0,3000.0,3000.0,3000.0,3000.0
12400,3000.0,3000.0,3000.0,3000.0,3000.0,3000.0,3000.0,3000.0,3000.0,3000.0,3000.0,3000.0,3000.0,3000.0,3000.0,3000.0,3000.0,3000.0,3000.0,3000.0,3000.0,3000.0,3000.0,3000.0,3000.0,3000.0,3000.0,3000.0,3000.0,3000.0,3000.0,3000.0,3000.0,3000.0,3000.0,3000.0,3000.0,3000.0,3000.0,3000.0,3000.0,3000.0,3000.0,3000.0,3000.0,3000.0,3000.0,3000.0,1545.0849718747354,1300.3742948270024,1253.0523726014653,1368.2953481325583,1545.0849718747354,1300.3742948270024,1253.0523726014653,1368.2953481325583,1545.0849718747354,1300.3742948270024,1253.0523726014653,1368.2953481325583,1545.0849718747354,1300.3742948270024,1253.0523726014653,1368.2953481325583,1368.295348132558,3000.0,3000.0,3000.0,1368.295348132558,3000.0,3000.0,3000.0,1368.295348132558,3000.0,3000.0,3000.0,1368.295348132558,3000.0,3000.0,3000.0,3000.0,3000.0,3000.0,1545.0849718747377,3000.0,3000.0,3000.0,1545.0849718747377,3000.0,3000.0,3000.0,1545.0849718747377,3000.0,3000.0,3000.0,1545.0849718747377
12467,3000.0,3000.0,3000.0,3000.0,3000.0,3000.0,3000.0,3000.0,3000.0,3000.0,3000.0,3000.0,3000.0,3000.0,3000.0,3000.0,3000.0,3000.0,3000.0,3000.0,3000.0,3000.0,3000.0,3000.0,3000.0,3000.0,3000.0,3000.0,3000.0,3000.0,3000.0,3000.0,3000.0,3000.0,3000.0,3000.0,3000.0,3000.0,3000.0,3000.0,3000.0,3000.0,3000.0,3000.0,3000.0,3000.0,3000.0,3000.0,1473.97300420262,1277.9257435812865,1262.2844656482725,1415.7125633612984,1473.97300420262,1277.9257435812865,1262.2844656482725,1415.7125633612984,1473.97300420262,1277.9257435812865,1262.2844656482725,1415.7125633612984,1473.97300420262,1277.9257435812865,1262.2844656482725,1415.7125633612984,1415.712563361298,3000.0,3000.0,3000.0,1415.712563361298,3000.0,3000.0,3000.0,1415.712563361298,3000.0,3000.0,3000.0,1415.712563361298,3000.0,3000.0,3000.0,3000.0,3000.0,3000.0,1473.9730042026217,3000.0,3000.0,3000.0,1473.9730042026217,3000.0,3000.0,3000.0,1473.9730042026217,3000.0,3000.0,3000.0,1473.9730042026217
12533,3000.0,3000.0,3000.0,3000.0,3000.0,3000.0,3000.0,3000.0,3000.0,3000.0,3000.0,3000.0,3000.0,3000.0,3000.0,3000.0,3000.0,3000.0,3000.0,3000.0,3000.0,3000.0,3000.0,3000.0,3000.0,3000.0,3000.0,3000.0,3000.0,3000.0,3000.0,3000.0,3000.0,3000.0,3000.0,3000.0,3000.0,3000.0,3000.0,3000.0,3000.0,3000.0,3000.0,3000.0,3000.0,3000.0,3000.0,3000.0,1415.7125633612993,1262.2844656482728,1277.9257435812863,1473.9730042026192,1415.7125633612993,1262.2844656482728,1277.9257435812863,1473.9730042026192,1415.7125633612993,1262.2844656482728,1277.9257435812863,1473.9730042026192,1415.7125633612993,1262.2844656482728,1277.9257435812863,1473.9730042026192,1473.9730042026188,3000.0,3000.0,3000.0,1473.9730042026188,3000.0,3000.0,3000.0,1473.9730042026188,3000.0,3000.0,3000.0,1473.9730042026188,3000.0,3000.0,3000.0,3000.0,3000.0,3000.0,1415.7125633613007,3000.0,3000.0,3000.0,1415.7125633613007,3000.0,3000.0,3000.0,1415.7125633613007,3000.0,3000.0,3000.0,1415.7125633613007
12600,3000.0,3000.0,3000.0,3000.0,3000.0,3000.0,3000.0,3000.0,3000.0,3000.0,3000.0,3000.0,3000.0,3000.0,3000.0,3000.0,3000.0,3000.0,3000.0,3000.0,3000.0,3000.0,3000.0,3000.0,3000.0,3000.0,3000.0,3000.0,3000.0,3000.0,3000.0,3000.0,3000.0,3000.0,3000.0,3000.0,3000.0,3000.0,3000.0,3000.0,3000.0,3000.0,3000.0,3000.0,3000.0,3000.0,3000.0,3000.0,1368.2953481325578,1253.052372601465,1300.3742948270026,1545.0849718747365,1368.2953481325578,1253.052372601465,1300.3742948270026,1545.0849718747365,1368.2953481325578,1253.052372601465,1300.3742948270026,1545.0849718747365,1368.2953481325578,1253.052372601465,1300.3742948270026,1545.0849718747365,1545.0849718747356,3000.0,3000.0,3000.0,1545.0849718747356,3000.0,3000.0,3000.0,1545.0849718747356,3000.0,3000.0,3000.0,1545.0849718747356,3000.0,3000.0,3000.0,3000.0,3000.0,3000.0,1368.295348132559,3000.0,3000.0,3000.0,1368.295348132559,3000.0,3000.0,3000.0,1368.295348132559,3000.0,3000.0,3000.0,1368.295348132559
12667,3000.0,3000.0,3000.0,3000.0,3000.0,3000.0,3000.0,3000.0,3000.0,3000.0,3000.0,3000.0,3000.0,3000.0,3000.0,3000.0,3000.0,3000.0,3000.0,3000.0,3000.0,3000.0,3000.0,3000.0,3000.0,3000.0,3000.0,3000.0,3000.0,3000.0,3000.0,3000.0,3000.0,3000.0,3000.0,3000.0,3000.0,3000.0,3000.0,3000.0,3000.0,3000.0,3000.0,3000.0,3000.0,3000.0,3000.0,3000.0,1330.2222155948903,1250.0,1330.2222155948898,3000.0,1330.2222155948903,1250.0,1330.2222155948898,3000.0,1330.2222155948903,1250.0,1330.2222155948898,3000.0,1330.2222155948903,1250.0,1330.2222155948898,3000.0,3000.0,3000.0,3000.0,3000.0,3000.0,3000.0,3000.0,3000.0,3000.0,3000.0,3000.0,3000.0,3000.0,3000.0,3000.0,3000.0,3000.0,3000.0,3000.0,1330.2222155948912,3000.0,3000.0,3000.0,1330.2222155948912,3000.0,3000.0,3000.0,1330.2222155948912,3000.0,3000.0,3000.0,1330.2222155948912
12733,3000.0,3000.0,3000.0,3000.0,3000.0,3000.0,3000.0,3000.0,3000.0,3000.0,3000.0,3000.0,3000.0,3000.0,3000.0,3000.0,3000.0,3000.0,3000.0,3000.0,3000.0,3000.0,3000.0,3000.0,3000.0,3000.0,3000.0,3000.0,3000.0,3000.0,3000.0,3000.0,3000.0,3000.0,3000.0,3000.0,3000.0,3000.0,3000.0,3000.0,3000.0,3000.0,3000.0,3000.0,3000.0,3000.0,3000.0,3000.0,1300.374294827003,1253.052372601465,1368.2953481325576,3000.0,1300.374294827003,1253.052372601465,1368.2953481325576,3000.0,1300.374294827003,1253.052372601465,1368.2953481325576,3000.0,1300.374294827003,1253.052372601465,1368.2953481325576,3000.0,3000.0,3000.0,3000.0,3000.0,3000.0,3000.0,3000.0,3000.0,3000.0,3000.0,3000.0,3000.0,3000.0,3000.0,3000.0,3000.0,3000.0,3000.0,1545.0849718747397,1300.3742948270037,3000.0,3000.0,1545.0849718747397,1300.3742948270037,3000.0,3000.0,1545.0849718747397,1300.3742948270037,3000.0,3000.0,1545.0849718747397,1300.3742948270037
12800,3000.0,3000.0,3000.0,3000.0,3000.0,3000.0,3000.0,3000.0,3000.0,3000.0,3000.0,3000.0,3000.0,3000.0,3000.0,3000.0,3000.0,3000.0,3000.0,3000.0,3000.0,3000.0,3000.0,3000.0,3000.0,3000.0,3000.0,3000.0,3000.0,3000.0,3000.0,3000.0,3000.0,3000.0,3000.0,3000.0,3000.0,3000.0,3000.0,3000.0,3000.0,3000.0,3000.0,3000.0,3000.0,3000.0,3000.0,3000.0,1277.925743581286,1262.2844656482728,1415.7125633612998,3000.0,1277.925743581286,1262.2844656482728,1415.7125633612998,3000.0,1277.925743581286,1262.2844656482728,1415.7125633612998,3000.0,1277.925743581286,1262.2844656482728,1415.7125633612998,3000.0,3000.0,3000.0,3000.0,3000.0,3000.0,3000.0,3000.0,3000.0,3000.0,3000.0,3000.0,3000.0,3000.0,3000.0,3000.0,3000.0,3000.0,3000.0,1473.97300420262,1277.9257435812865,3000.0,3000.0,1473.97300420262,1277.9257435812865,3000.0,3000.0,1473.97300420262,1277.9257435812865,3000.0,3000.0,1473.97300420262,1277.9257435812865
12867,3000.0,3000.0,3000.0,3000.0,3000.0,3000.0,3000.0,3000.0,3000.0,3000.0,3000.0,3000.0,3000.0,3000.0,3000.0,3000.0,3000.0,3000.0,3000.0,3000.0,3000.0,3000.0,3000.0,3000.0,3000.0,3000.0,3000.0,3000.0,3000.0,3000.0,3000.0,3000.0,3000.0,3000.0,3000.0,3000.0,3000.0,3000.0,3000.0,3000.0,3000.0,3000.0,3000.0,3000.0,3000.0,3000.0,3000.0,3000.0,1262.2844656482723,1277.9257435812867,1473.9730042026206,3000.0,1262.2844656482723,1277.9257435812867,1473.9730042026206,3000.0,1262.2844656482723,1277.9257435812867,1473.9730042026206,3000.0,1262.2844656482723,1277.9257435812867,1473.9730042026206,3000.0,3000.0,3000.0,3000.0,3000.0,3000.0,3000.0,3000.0,3000.0,3000.0,3000.0,3000.0,3000.0,3000.0,3000.0,3000.0,3000.0,3000.0,3000.0,1415.7125633612993,1262.2844656482728,3000.0,3000.0,1415.7125633612993,1262.2844656482728,3000.0,3000.0,1415.7125633612993,1262.2844656482728,3000.0,3000.0,1415.7125633612993,1262.2844656482728
12933,3000.0,3000.0,3000.0,3000.0,3000.0,3000.0,3000.0,3000.0,3000.0,3000.0,3000.0,3000.0,3000.0,3000.0,3000.0,3000.0,3000.0,3000.0,3000.0,3000.0,3000.0,3000.0,3000.0,3000.0,3000.0,3000.0,3000.0,3000.0,3000.0,3000.0,3000.0,3000.0,3000.0,3000.0,3000.0,3000.0,3000.0,3000.0,3000.0,3000.0,3000.0,3000.0,3000.0,3000.0,3000.0,3000.0,3000.0,3000.0,1253.0523726014649,1300.3742948270033,1545.0849718747386,3000.0,1253.0523726014649,1300.3742948270033,1545.0849718747386,3000.0,1253.0523726014649,1300.3742948270033,1545.0849718747386,3000.0,1253.0523726014649,1300.3742948270033,1545.0849718747386,3000.0,3000.0,3000.0,3000.0,3000.0,3000.0,3000.0,3000.0,3000.0,3000.0,3000.0,3000.0,3000.0,3000.0,3000.0,3000.0,3000.0,3000.0,3000.0,1368.2953481325578,1253.052372601465,3000.0,3000.0,1368.2953481325578,1253.052372601465,3000.0,3000.0,1368.2953481325578,1253.052372601465,3000.0,3000.0,1368.2953481325578,1253.052372601465
13000,3000.0,3000.0,3000.0,3000.0,3000.0,3000.0,3000.0,3000.0,3000.0,3000.0,3000.0,3000.0,3000.0,3000.0,3000.0,3000.0,3000.0,3000.0,3000.0,3000.0,3000.0,3000.0,3000.0,3000.0,3000.0,3000.0,3000.0,3000.0,3000.0,3000.0,3000.0,3000.0,3000.0,3000.0,3000.0,3000.0,3000.0,3000.0,3000.0,3000.0,3000.0,3000.0,3000.0,3000.0,3000.0,3000.0,3000.0,3000.0,1250.0,1330.2222155948907,3000.0,3000.0,1250.0,1330.2222155948907,3000.0,3000.0,1250.0,1330.2222155948907,3000.0,3000.0,1250.0,1330.2222155948907,3000.0,3000.0,3000.0,3000.0,3000.0,3000.0,3000.0,3000.0,3000.0,3000.0,3000.0,3000.0,3000.0,3000.0,3000.0,3000.0,3000.0,3000.0,3000.0,3000.0,1330.2222155948903,1250.0,3000.0,3000.0,1330.2222155948903,1250.0,3000.0,3000.0,1330.2222155948903,1250.0,3000.0,3000.0,1330.2222155948903,1250.0
13067,3000.0,3000.0,3000.0,3000.0,3000.0,3000.0,3000.0,3000.0,3000.0,3000.0,3000.0,3000.0,3000.0,3000.0,3000.0,3000.0,3000.0,3000.0,3000.0,3000.0,3000.0,3000.0,3000.0,3000.0,3000.0,3000.0,3000.0,3000.0,3000.0,3000.0,3000.0,3000.0,3000.0,3000.0,3000.0,3000.0,3000.0,3000.0,3000.0,3000.0,3000.0,3000.0,3000.0,3000.0,3000.0,3000.0,3000.0,3000.0,1253.0523726014653,1368.2953481325583,3000.0,3000.0,1253.0523726014653,1368.2953481325583,3000.0,3000.0,1253.0523726014653,1368.2953481325583,3000.0,3000.0,1253.0523726014653,1368.2953481325583,3000.0,3000.0,3000.0,3000.0,3000.0,3000.0,3000.0,3000.0,3000.0,3000.0,3000.0,3000.0,3000.0,3000.0,3000.0,3000.0,3000.0,3000.0,3000.0,1545.0849718747377,1300.374294827003,1253.052372601465,3000.0,1545.0849718747377,1300.374294827003,1253.052372601465,3000.0,1545.0849718747377,1300.374294827003,1253.052372601465,3000.0,1545.0849718747377,1300.374294827003,1253.052372601465
13133,3000.0,3000.0,3000.0,3000.0,3000.0,3000.0,3000.0,3000.0,3000.0,3000.0,3000.0,3000.0,3000.0,3000.0,3000.0,3000.0,3000.0,3000.0,3000.0,3000.0,3000.0,3000.0,3000.0,3000.0,3000.0,3000.0,3000.0,3000.0,3000.0,3000.0,3000.0,3000.0,3000.0,3000.0,3000.0,3000.0,3000.0,3000.0,3000.0,3000.0,3000.0,3000.0,3000.0,3000.0,3000.0,3000.0,3000.0,3000.0,1262.2844656482728,1415.7125633612998,3000.0,3000.0,1262.2844656482728,1415.7125633612998,3000.0,3000.0,1262.2844656482728,1415.7125633612998,3000.0,3000.0,1262.2844656482728,1415.7125633612998,3000.0,3000.0,3000.0,3000.0,3000.0,3000.0,3000.0,3000.0,3000.0,3000.0,3000.0,3000.0,3000.0,3000.0,3000.0,3000.0,3000.0,3000.0,3000.0,1473.97300420262,1277.9257435812865,1262.2844656482725,3000.0,1473.97300420262,1277.9257435812865,1262.2844656482725,3000.0,1473.97300420262,1277.9257435812865,1262.2844656482725,3000.0,1473.97300420262,1277.9257435812865,1262.2844656482725
13200,3000.0,3000.0,3000.0,3000.0,3000.0,3000.0,3000.0,3000.0,3000.0,3000.0,3000.0,3000.0,3000.0,3000.0,3000.0,3000.0,3000.0,3000.0,3000.0,3000.0,3000.0,3000.0,3000.0,3000.0,3000.0,3000.0,3000.0,3000.0,3000.0,3000.0,3000.0,3000.0,3000.0,3000.0,3000.0,3000.0,3000.0,3000.0,3000.0,3000.0,3000.0,3000.0,3000.0,3000.0,3000.0,3000.0,3000.0,3000.0,1277.9257435812867,1473.9730042026206,3000.0,3000.0,1277.9257435812867,1473.9730042026206,3000.0,3000.0,1277.9257435812867,1473.9730042026206,3000.0,3000.0,1277.9257435812867,1473.9730042026206,3000.0,3000.0,3000.0,3000.0,3000.0,3000.0,3000.0,3000.0,3000.0,3000.0,3000.0,3000.0,3000.0,3000.0,3000.0,3000.0,3000.0,3000.0,3000.0,1415.7125633612993,1262.2844656482728,1277.9257435812863,3000.0,1415.7125633612993,1262.2844656482728,1277.9257435812863,3000.0,1415.7125633612993,1262.2844656482728,1277.9257435812863,3000.0,1415.7125633612993,1262.2844656482728,1277.9257435812863
13267,3000.0,3000.0,3000.0,3000.0,3000.0,3000.0,3000.0,3000.0,3000.0,3000.0,3000.0,3000.0,3000.0,3000.0,3000.0,3000.0,3000.0,3000.0,3000.0,3000.0,3000.0,3000.0,3000.0,3000.0,3000.0,3000.0,3000.0,3000.0,3000.0,3000.0,3000.0,3000.0,3000.0,3000.0,3000.0,3000.0,3000.0,3000.0,3000.0,3000.0,3000.0,3000.0,3000.0,3000.0,3000.0,3000.0,3000.0,3000.0,1300.3742948270033,1545.0849718747386,3000.0,3000.0,1300.3742948270033,1545.0849718747386,3000.0,3000.0,1300.3742948270033,1545.0849718747386,3000.0,3000.0,1300.3742948270033,1545.0849718747386,3000.0,3000.0,3000.0,3000.0,3000.0,3000.0,3000.0,3000.0,3000.0,3000.0,3000.0,3000.0,3000.0,3000.0,3000.0,3000.0,3000.0,3000.0,3000.0,1368.2953481325578,1253.052372601465,1300.3742948270026,3000.0,1368.2953481325578,1253.052372601465,1300.3742948270026,3000.0,1368.2953481325578,1253.052372601465,1300.3742948270026,3000.0,1368.2953481325578,1253.052372601465,1300.3742948270026
13333,3000.0,3000.0,3000.0,3000.0,3000.0,3000.0,3000.0,3000.0,3000.0,3000.0,3000.0,3000.0,3000.0,3000.0,3000.0,3000.0,3000.0,3000.0,3000.0,3000.0,3000.0,3000.0,3000.0,3000.0,3000.0,3000.0,3000.0,3000.0,3000.0,3000.0,3000.0,3000.0,3000.0,3000.0,3000.0,3000.0,3000.0,3000.0,3000.0,3000.0,3000.0,3000.0,3000.0,3000.0,3000.0,3000.0,3000.0,3000.0,1330.2222155948907,3000.0,3000.0,3000.0,1330.2222155948907,3000.0,3000.0,3000.0,1330.2222155948907,3000.0,3000.0,3000.0,1330.2222155948907,3000.0,3000.0,3000.0,3000.0,3000.0,3000.0,3000.0,3000.0,3000.0,3000.0,3000.0,3000.0,3000.0,3000.0,3000.0,3000.0,3000.0,3000.0,3000.0,3000.0,1330.2222155948903,1250.0,1330.2222155948898,3000.0,1330.2222155948903,1250.0,1330.2222155948898,3000.0,1330.2222155948903,1250.0,1330.2222155948898,3000.0,1330.2222155948903,1250.0,1330.2222155948898
13400,3000.0,3000.0,3000.0,1545.0849718747377,3000.0,3000.0,3000.0,1545.0849718747377,3000.0,3000.0,3000.0,1545.0849718747377,3000.0,3000.0,3000.0,1545.0849718747377,3000.0,3000.0,3000.0,3000.0,3000.0,3000.0,3000.0,3000.0,3000.0,3000.0,3000.0,3000.0,3000.0,3000.0,3000.0,3000.0,3000.0,3000.0,3000.0,3000.0,3000.0,3000.0,3000.0,3000.0,3000.0,3000.0,3000.0,3000.0,3000.0,3000.0,3000.0,3000.0,1368.2953481325596,3000.0,3000.0,3000.0,1368.2953481325596,3000.0,3000.0,3000.0,1368.2953481325596,3000.0,3000.0,3000.0,1368.2953481325596,3000.0,3000.0,3000.0,3000.0,3000.0,3000.0,3000.0,3000.0,3000.0,3000.0,3000.0,3000.0,3000.0,3000.0,3000.0,3000.0,3000.0,3000.0,3000.0,1545.0849718747354,1300.3742948270024,1253.0523726014653,1368.2953481325583,1545.0849718747354,1300.3742948270024,1253.0523726014653,1368.2953481325583,1545.0849718747354,1300.3742948270024,1253.0523726014653,1368.2953481325583,1545.0849718747354,1300.3742948270024,1253.0523726014653,1368.2953481325583
13467,3000.0,3000.0,3000.0,1473.9730042026217,3000.0,3000.0,3000.0,1473.9730042026217,3000.0,3000.0,3000.0,1473.9730042026217,3000.0,3000.0,3000.0,1473.9730042026217,3000.0,3000.0,3000.0,3000.0,3000.0,3000.0,3000.0,3000.0,3000.0,3000.0,3000.0,3000.0,3000.0,3000.0,3000.0,3000.0,3000.0,3000.0,3000.0,3000.0,3000.0,3000.0,3000.0,3000.0,3000.0,3000.0,3000.0,3000.0,3000.0,3000.0,3000.0,3000.0,1415.7125633612998,3000.0,3000.0,3000.0,1415.7125633612998,3000.0,3000.0,3000.0,1415.7125633612998,3000.0,3000.0,3000.0,1415.7125633612998,3000.0,3000.0,3000.0,3000.0,3000.0,3000.0,3000.0,3000.0,3000.0,3000.0,3000.0,3000.0,3000.0,3000.0,3000.0,3000.0,3000.0,3000.0,3000.0,1473.97300420262,1277.9257435812865,1262.2844656482725,1415.7125633612984,1473.97300420262,1277.9257435812865,1262.2844656482725,1415.7125633612984,1473.97300420262,1277.9257435812865,1262.2844656482725,1415.7125633612984,1473.97300420262,1277.9257435812865,1262.2844656482725,1415.7125633612984
13533,3000.0,3000.0,3000.0,1415.7125633613007,3000.0,3000.0,3000.0,1415.7125633613007,3000.0,3000.0,3000.0,1415.7125633613007,3000.0,3000.0,3000.0,1415.7125633613007,3000.0,3000.0,3000.0,3000.0,3000.0,3000.0,3000.0,3000.0,3000.0,3000.0,3000.0,3000.0,3000.0,3000.0,3000.0,3000.0,3000.0,3000.0,3000.0,3000.0,3000.0,3000.0,3000.0,3000.0,3000.0,3000.0,3000.0,3000.0,3000.0,3000.0,3000.0,3000.0,1473.9730042026206,3000.0,3000.0,3000.0,1473.9730042026206,3000.0,3000.0,3000.0,1473.9730042026206,3000.0,3000.0,3000.0,1473.9730042026206,3000.0,3000.0,3000.0,3000.0,3000.0,3000.0,3000.0,3000.0,3000.0,3000.0,3000.0,3000.0,3000.0,3000.0,3000.0,3000.0,3000.0,3000.0,3000.0,1415.7125633612993,1262.2844656482728,1277.9257435812863,1473.9730042026192,1415.7125633612993,1262.2844656482728,1277.9257435812863,1473.9730042026192,1415.7125633612993,1262.2844656482728,1277.9257435812863,1473.9730042026192,1415.7125633612993,1262.2844656482728,1277.9257435812863,1473.9730042026192
13600,3000.0,3000.0,3000.0,1368.29534813256,3000.0,3000.0,3000.0,1368.29534813256,3000.0,3000.0,3000.0,1368.29534813256,3000.0,3000.0,3000.0,1368.29534813256,3000.0,3000.0,3000.0,3000.0,3000.0,3000.0,3000.0,3000.0,3000.0,3000.0,3000.0,3000.0,3000.0,3000.0,3000.0,3000.0,3000.0,3000.0,3000.0,3000.0,3000.0,3000.0,3000.0,3000.0,3000.0,3000.0,3000.0,3000.0,3000.0,3000.0,3000.0,3000.0,1545.0849718747365,3000.0,3000.0,3000.0,1545.0849718747365,3000.0,3000.0,3000.0,1545.0849718747365,3000.0,3000.0,3000.0,1545.0849718747365,3000.0,3000.0,3000.0,3000.0,3000.0,3000.0,3000.0,3000.0,3000.0,3000.0,3000.0,3000.0,3000.0,3000.0,3000.0,3000.0,3000.0,3000.0,3000.0,1368.295348132559,1253.0523726014653,1300.3742948270021,1545.0849718747345,1368.295348132559,1253.0523726014653,1300.3742948270021,1545.0849718747345,1368.295348132559,1253.0523726014653,1300.3742948270021,1545.0849718747345,1368.295348132559,1253.0523726014653,1300.3742948270021,1545.0849718747345
13667,3000.0,3000.0,3000.0,1330.2222155948912,3000.0,3000.0,3000.0,1330.2222155948912,3000.0,3000.0,3000.0,1330.2222155948912,3000.0,3000.0,3000.0,1330.2222155948912,3000.0,3000.0,3000.0,3000.0,3000.0,3000.0,3000.0,3000.0,3000.0,3000.0,3000.0,3000.0,3000.0,3000.0,3000.0,3000.0,3000.0,3000.0,3000.0,3000.0,3000.0,3000.0,3000.0,3000.0,3000.0,3000.0,3000.0,3000.0,3000.0,3000.0,3000.0,3000.0,3000.0,3000.0,3000.0,3000.0,3000.0,3000.0,3000.0,3000.0,3000.0,3000.0,3000.0,3000.0,3000.0,3000.0,3000.0,3000.0,3000.0,3000.0,3000.0,3000.0,3000.0,3000.0,3000.0,3000.0,3000.0,3000.0,3000.0,3000.0,3000.0,3000.0,3000.0,3000.0,1330.2222155948903,1250.0,1330.2222155948898,3000.0,1330.2222155948903,1250.0,1330.2222155948898,3000.0,1330.2222155948903,1250.0,1330.2222155948898,3000.0,1330.2222155948903,1250.0,1330.2222155948898,3000.0
13733,3000.0,3000.0,1545.0849718747397,1300.3742948270037,3000.0,3000.0,1545.0849718747397,1300.3742948270037,3000.0,3000.0,1545.0849718747397,1300.3742948270037,3000.0,3000.0,1545.0849718747397,1300.3742948270037,3000.0,3000.0,3000.0,3000.0,3000.0,3000.0,3000.0,3000.0,3000.0,3000.0,3000.0,3000.0,3000.0,3000.0,3000.0,3000.0,3000.0,3000.0,3000.0,3000.0,3000.0,3000.0,3000.0,3000.0,3000.0,3000.0,3000.0,3000.0,3000.0,3000.0,3000.0,3000.0,3000.0,3000.0,3000.0,3000.0,3000.0,3000.0,3000.0,3000.0,3000.0,3000.0,3000.0,3000.0,3000.0,3000.0,3000.0,3000.0,3000.0,3000.0,3000.0,3000.0,3000.0,3000.0,3000.0,3000.0,3000.0,3000.0,3000.0,3000.0,3000.0,3000.0,3000.0,3000.0,1300.374294827003,1253.052372601465,1368.2953481325576,3000.0,1300.374294827003,1253.052372601465,1368.2953481325576,3000.0,1300.374294827003,1253.052372601465,1368.2953481325576,3000.0,1300.374294827003,1253.052372601465,1368.2953481325576,3000.0
13800,3000.0,3000.0,1473.9730042026217,1277.9257435812872,3000.0,3000.0,1473.9730042026217,1277.9257435812872,3000.0,3000.0,1473.9730042026217,1277.9257435812872,3000.0,3000.0,1473.9730042026217,1277.9257435812872,3000.0,3000.0,3000.0,3000.0,3000.0,3000.0,3000.0,3000.0,3000.0,3000.0,3000.0,3000.0,3000.0,3000.0,3000.0,3000.0,3000.0,3000.0,3000.0,3000.0,3000.0,3000.0,3000.0,3000.0,3000.0,3000.0,3000.0,3000.0,3000.0,3000.0,3000.0,3000.0,3000.0,3000.0,3000.0,3000.0,3000.0,3000.0,3000.0,3000.0,3000.0,3000.0,3000.0,3000.0,3000.0,3000.0,3000.0,3000.0,3000.0,3000.0,3000.0,3000.0,3000.0,3000.0,3000.0,3000.0,3000.0,3000.0,3000.0,3000.0,3000.0,3000.0,3000.0,3000.0,1277.9257435812865,1262.2844656482725,1415.7125633612984,3000.0,1277.9257435812865,1262.2844656482725,1415.7125633612984,3000.0,1277.9257435812865,1262.2844656482725,1415.7125633612984,3000.0,1277.9257435812865,1262.2844656482725,1415.7125633612984,3000.0
13867,3000.0,3000.0,1415.7125633613007,1262.2844656482732,3000.0,3000.0,1415.7125633613007,1262.2844656482732,3000.0,3000.0,1415.7125633613007,1262.2844656482732,3000.0,3000.0,1415.7125633613007,1262.2844656482732,3000.0,3000.0,3000.0,3000.0,3000.0,3000.0,3000.0,3000.0,3000.0,3000.0,3000.0,3000.0,3000.0,3000.0,3000.0,3000.0,3000.0,3000.0,3000.0,3000.0,3000.0,3000.0,3000.0,3000.0,3000.0,3000.0,3000.0,3000.0,3000.0,3000.0,3000.0,3000.0,3000.0,3000.0,3000.0,3000.0,3000.0,3000.0,3000.0,3000.0,3000.0,3000.0,3000.0,3000.0,3000.0,3000.0,3000.0,3000.0,3000.0,3000.0,3000.0,3000.0,3000.0,3000.0,3000.0,3000.0,3000.0,3000.0,3000.0,3000.0,3000.0,3000.0,3000.0,3000.0,1262.2844656482728,1277.9257435812863,1473.9730042026192,3000.0,1262.2844656482728,1277.9257435812863,1473.9730042026192,3000.0,1262.2844656482728,1277.9257435812863,1473.9730042026192,3000.0,1262.2844656482728,1277.9257435812863,1473.9730042026192,3000.0
13933,3000.0,3000.0,1368.295348132559,1253.0523726014653,3000.0,3000.0,1368.295348132559,1253.0523726014653,3000.0,3000.0,1368.295348132559,1253.0523726014653,3000.0,3000.0,1368.295348132559,1253.0523726014653,3000.0,3000.0,3000.0,3000.0,3000.0,3000.0,3000.0,3000.0,3000.0,3000.0,3000.0,3000.0,3000.0,3000.0,3000.0,3000.0,3000.0,3000.0,3000.0,3000.0,3000.0,3000.0,3000.0,3000.0,3000.0,3000.0,3000.0,3000.0,3000.0,3000.0,3000.0,3000.0,3000.0,3000.0,3000.0,3000.0,3000.0,3000.0,3000.0,3000.0,3000.0,3000.0,3000.0,3000.0,3000.0,3000.0,3000.0,3000.0,3000.0,3000.0,3000.0,3000.0,3000.0,3000.0,3000.0,3000.0,3000.0,3000.0,3000.0,3000.0,3000.0,3000.0,3000.0,3000.0,1253.052372601465,1300.3742948270026,1545.0849718747365,3000.0,1253.052372601465,1300.3742948270026,1545.0849718747365,3000.0,1253.052372601465,1300.3742948270026,1545.0849718747365,3000.0,1253.052372601465,1300.3742948270026,1545.0849718747365,3000.0
14000,3000.0,3000.0,1330.2222155948912,1250.0,3000.0,3000.0,1330.2222155948912,1250.0,3000.0,3000.0,1330.2222155948912,1250.0,3000.0,3000.0,1330.2222155948912,1250.0,3000.0,3000.0,3000.0,3000.0,3000.0,3000.0,3000.0,3000.0,3000.0,3000.0,3000.0,3000.0,3000.0,3000.0,3000.0,3000.0,3000.0,3000.0,3000.0,3000.0,3000.0,3000.0,3000.0,3000.0,3000.0,3000.0,3000.0,3000.0,3000.0,3000.0,3000.0,3000.0,3000.0,3000.0,3000.0,3000.0,3000.0,3000.0,3000.0,3000.0,3000.0,3000.0,3000.0,3000.0,3000.0,3000.0,3000.0,3000.0,3000.0,3000.0,3000.0,3000.0,3000.0,3000.0,3000.0,3000.0,3000.0,3000.0,3000.0,3000.0,3000.0,3000.0,3000.0,3000.0,1250.0,1330.2222155948898,3000.0,3000.0,1250.0,1330.2222155948898,3000.0,3000.0,1250.0,1330.2222155948898,3000.0,3000.0,1250.0,1330.2222155948898,3000.0,3000.0
14067,3000.0,1545.0849718747397,1300.3742948270037,1253.0523726014649,3000.0,1545.0849718747397,1300.3742948270037,1253.0523726014649,3000.0,1545.0849718747397,1300.3742948270037,1253.0523726014649,3000.0,1545.0849718747397,1300.3742948270037,1253.0523726014649,3000.0,3000.0,3000.0,3000.0,3000.0,3000.0,3000.0,3000.0,3000.0,3000.0,3000.0,3000.0,3000.0,3000.0,3000.0,3000.0,3000.0,3000.0,3000.0,3000.0,3000.0,3000.0,3000.0,3000.0,3000.0,3000.0,3000.0,3000.0,3000.0,3000.0,3000.0,3000.0,3000.0,3000.0,3000.0,3000.0,3000.0,3000.0,3000.0,3000.0,3000.0,3000.0,3000.0,3000.0,3000.0,3000.0,3000.0,3000.0,3000.0,3000.0,3000.0,3000.0,3000.0,3000.0,3000.0,3000.0,3000.0,3000.0,3000.0,3000.0,3000.0,3000.0,3000.0,3000.0,1253.052372601465,1368.2953481325576,3000.0,3000.0,1253.052372601465,1368.2953481325576,3000.0,3000.0,1253.052372601465,1368.2953481325576,3000.0,3000.0,1253.052372601465,1368.2953481325576,3000.0,3000.0
14133,3000.0,1473.9730042026217,1277.9257435812872,1262.2844656482723,3000.0,1473.9730042026217,1277.9257435812872,1262.2844656482723,3000.0,1473.9730042026217,1277.9257435812872,1262.2844656482723,3000.0,1473.9730042026217,1277.9257435812872,1262.2844656482723,3000.0,3000.0,3000.0,3000.0,3000.0,3000.0,3000.0,3000.0,3000.0,3000.0,3000.0,3000.0,3000.0,3000.0,3000.0,3000.0,3000.0,3000.0,3000.0,3000.0,3000.0,3000.0,3000.0,3000.0,3000.0,3000.0,3000.0,3000.0,3000.0,3000.0,3000.0,3000.0,3000.0,3000.0,3000.0,3000.0,3000.0,3000.0,3000.0,3000.0,3000.0,3000.0,3000.0,3000.0,3000.0,3000.0,3000.0,3000.0,3000.0,3000.0,3000.0,3000.0,3000.0,3000.0,3000.0,3000.0,3000.0,3000.0,3000.0,3000.0,3000.0,3000.0,3000.0,3000.0,1262.2844656482725,1415.7125633612984,3000.0,3000.0,1262.2844656482725,1415.7125633612984,3000.0,3000.0,1262.2844656482725,1415.7125633612984,3000.0,3000.0,1262.2844656482725,1415.7125633612984,3000.0,3000.0
14200,3000.0,1415.7125633613007,1262.2844656482732,1277.9257435812858,3000.0,1415.7125633613007,1262.2844656482732,1277.9257435812858,3000.0,1415.7125633613007,1262.2844656482732,1277.9257435812858,3000.0,1415.7125633613007,1262.2844656482732,1277.9257435812858,3000.0,3000.0,3000.0,3000.0,3000.0,3000.0,3000.0,3000.0,3000.0,3000.0,3000.0,3000.0,3000.0,3000.0,3000.0,3000.0,3000.0,3000.0,3000.0,3000.0,3000.0,3000.0,3000.0,3000.0,3000.0,3000.0,3000.0,3000.0,3000.0,3000.0,3000.0,3000.0,3000.0,3000.0,3000.0,3000.0,3000.0,3000.0,3000.0,3000.0,3000.0,3000.0,3000.0,3000.0,3000.0,3000.0,3000.0,3000.0,3000.0,3000.0,3000.0,3000.0,3000.0,3000.0,3000.0,3000.0,3000.0,3000.0,3000.0,3000.0,3000.0,3000.0,3000.0,3000.0,1277.9257435812863,1473.9730042026192,3000.0,3000.0,1277.9257435812863,1473.9730042026192,3000.0,3000.0,1277.9257435812863,1473.9730042026192,3000.0,3000.0,1277.9257435812863,1473.9730042026192,3000.0,3000.0
14267,3000.0,1368.2953481325578,1253.052372601465,1300.3742948270026,3000.0,1368.2953481325578,1253.052372601465,1300.3742948270026,3000.0,1368.2953481325578,1253.052372601465,1300.3742948270026,3000.0,1368.2953481325578,1253.052372601465,1300.3742948270026,3000.0,3000.0,3000.0,3000.0,3000.0,3000.0,3000.0,3000.0,3000.0,3000.0,3000.0,3000.0,3000.0,3000.0,3000.0,3000.0,3000.0,3000.0,3000.0,3000.0,3000.0,3000.0,3000.0,3000.0,3000.0,3000.0,3000.0,3000.0,3000.0,3000.0,3000.0,3000.0,3000.0,3000.0,3000.0,3000.0,3000.0,3000.0,3000.0,3000.0,3000.0,3000.0,3000.0,3000.0,3000.0,3000.0,3000.0,3000.0,3000.0,3000.0,3000.0,3000.0,3000.0,3000.0,3000.0,3000.0,3000.0,3000.0,3000.0,3000.0,3000.0,3000.0,3000.0,3000.0,1300.3742948270033,1545.0849718747386,3000.0,3000.0,1300.3742948270033,1545.0849718747386,3000.0,3000.0,1300.3742948270033,1545.0849718747386,3000.0,3000.0,1300.3742948270033,1545.0849718747386,3000.0,3000.0
14333,3000.0,1330.2222155948903,1250.0,1330.2222155948898,3000.0,1330.2222155948903,1250.0,1330.2222155948898,3000.0,1330.2222155948903,1250.0,1330.2222155948898,3000.0,1330.2222155948903,1250.0,1330.2222155948898,3000.0,3000.0,3000.0,3000.0,3000.0,3000.0,3000.0,3000.0,3000.0,3000.0,3000.0,3000.0,3000.0,3000.0,3000.0,3000.0,3000.0,3000.0,3000.0,3000.0,3000.0,3000.0,3000.0,3000.0,3000.0,3000.0,3000.0,3000.0,3000.0,3000.0,3000.0,3000.0,3000.0,3000.0,3000.0,3000.0,3000.0,3000.0,3000.0,3000.0,3000.0,3000.0,3000.0,3000.0,3000.0,3000.0,3000.0,3000.0,3000.0,3000.0,3000.0,3000.0,3000.0,3000.0,3000.0,3000.0,3000.0,3000.0,3000.0,3000.0,3000.0,3000.0,3000.0,3000.0,1330.2222155948907,3000.0,3000.0,3000.0,1330.2222155948907,3000.0,3000.0,3000.0,1330.2222155948907,3000.0,3000.0,3000.0,1330.2222155948907,3000.0,3000.0,3000.0
14400,1545.0849718747377,1300.374294827003,1253.052372601465,1368.2953481325576,1545.0849718747377,1300.374294827003,1253.052372601465,1368.2953481325576,1545.0849718747377,1300.374294827003,1253.052372601465,1368.2953481325576,1545.0849718747377,1300.374294827003,1253.052372601465,1368.2953481325576,3000.0,3000.0,3000.0,1545.0849718747377,3000.0,3000.0,3000.0,1545.0849718747377,3000.0,3000.0,3000.0,1545.0849718747377,3000.0,3000.0,3000.0,1545.0849718747377,3000.0,3000.0,3000.0,3000.0,3000.0,3000.0,3000.0,3000.0,3000.0,3000.0,3000.0,3000.0,3000.0,3000.0,3000.0,3000.0,3000.0,3000.0,3000.0,3000.0,3000.0,3000.0,3000.0,3000.0,3000.0,3000.0,3000.0,3000.0,3000.0,3000.0,3000.0,3000.0,3000.0,3000.0,3000.0,3000.0,3000.0,3000.0,3000.0,3000.0,3000.0,3000.0,3000.0,3000.0,3000.0,3000.0,3000.0,3000.0,1368.2953481325583,3000.0,3000.0,3000.0,1368.2953481325583,3000.0,3000.0,3000.0,1368.2953481325583,3000.0,3000.0,3000.0,1368.2953481325583,3000.0,3000.0,3000.0
14467,1473.97300420262,1277.9257435812865,1262.2844656482725,1415.7125633612984,1473.97300420262,1277.9257435812865,1262.2844656482725,1415.7125633612984,1473.97300420262,1277.9257435812865,1262.2844656482725,1415.7125633612984,1473.97300420262,1277.9257435812865,1262.2844656482725,1415.7125633612984,3000.0,3000.0,3000.0,1473.97300420262,3000.0,3000.0,3000.0,1473.97300420262,3000.0,3000.0,3000.0,1473.97300420262,3000.0,3000.0,3000.0,1473.97300420262,3000.0,3000.0,3000.0,3000.0,3000.0,3000.0,3000.0,3000.0,3000.0,3000.0,3000.0,3000.0,3000.0,3000.0,3000.0,3000.0,3000.0,3000.0,3000.0,3000.0,3000.0,3000.0,3000.0,3000.0,3000.0,3000.0,3000.0,3000.0,3000.0,3000.0,3000.0,3000.0,3000.0,3000.0,3000.0,3000.0,3000.0,3000.0,3000.0,3000.0,3000.0,3000.0,3000.0,3000.0,3000.0,3000.0,3000.0,3000.0,1415.7125633612998,3000.0,3000.0,3000.0,1415.7125633612998,3000.0,3000.0,3000.0,1415.7125633612998,3000.0,3000.0,3000.0,1415.7125633612998,3000.0,3000.0,3000.0
14533,1415.7125633612993,1262.2844656482728,1277.9257435812863,1473.9730042026192,1415.7125633612993,1262.2844656482728,1277.9257435812863,1473.9730042026192,1415.7125633612993,1262.2844656482728,1277.9257435812863,1473.9730042026192,1415.7125633612993,1262.2844656482728,1277.9257435812863,1473.9730042026192,3000.0,3000.0,3000.0,1415.7125633612993,3000.0,3000.0,3000.0,1415.7125633612993,3000.0,3000.0,3000.0,1415.7125633612993,3000.0,3000.0,3000.0,1415.7125633612993,3000.0,3000.0,3000.0,3000.0,3000.0,3000.0,3000.0,3000.0,3000.0,3000.0,3000.0,3000.0,3000.0,3000.0,3000.0,3000.0,3000.0,3000.0,3000.0,3000.0,3000.0,3000.0,3000.0,3000.0,3000.0,3000.0,3000.0,3000.0,3000.0,3000.0,3000.0,3000.0,3000.0,3000.0,3000.0,3000.0,3000.0,3000.0,3000.0,3000.0,3000.0,3000.0,3000.0,3000.0,3000.0,3000.0,3000.0,3000.0,1473.9730042026206,3000.0,3000.0,3000.0,1473.9730042026206,3000.0,3000.0,3000.0,1473.9730042026206,3000.0,3000.0,3000.0,1473.9730042026206,3000.0,3000.0,3000.0
14600,1368.295348132559,1253.0523726014653,1300.3742948270021,1545.0849718747345,1368.295348132559,1253.0523726014653,1300.3742948270021,1545.0849718747345,1368.295348132559,1253.0523726014653,1300.3742948270021,1545.0849718747345,1368.295348132559,1253.0523726014653,1300.3742948270021,1545.0849718747345,3000.0,3000.0,3000.0,1368.295348132559,3000.0,3000.0,3000.0,1368.295348132559,3000.0,3000.0,3000.0,1368.295348132559,3000.0,3000.0,3000.0,1368.295348132559,3000.0,3000.0,3000.0,3000.0,3000.0,3000.0,3000.0,3000.0,3000.0,3000.0,3000.0,3000.0,3000.0,3000.0,3000.0,3000.0,3000.0,3000.0,3000.0,3000.0,3000.0,3000.0,3000.0,3000.0,3000.0,3000.0,3000.0,3000.0,3000.0,3000.0,3000.0,3000.0,3000.0,3000.0,3000.0,3000.0,3000.0,3000.0,3000.0,3000.0,3000.0,3000.0,3000.0,3000.0,3000.0,3000.0,3000.0,3000.0,1545.0849718747365,3000.0,3000.0,3000.0,1545.0849718747365,3000.0,3000.0,3000.0,1545.0849718747365,3000.0,3000.0,3000.0,1545.0849718747365,3000.0,3000.0,3000.0
14667,1330.2222155948903,1250.0,1330.2222155948898,3000.0,1330.2222155948903,1250.0,1330.2222155948898,3000.0,1330.2222155948903,1250.0,1330.2222155948898,3000.0,1330.2222155948903,1250.0,1330.2222155948898,3000.0,3000.0,3000.0,3000.0,1330.2222155948903,3000.0,3000.0,3000.0,1330.2222155948903,3000.0,3000.0,3000.0,1330.2222155948903,3000.0,3000.0,3000.0,1330.2222155948903,3000.0,3000.0,3000.0,3000.0,3000.0,3000.0,3000.0,3000.0,3000.0,3000.0,3000.0,3000.0,3000.0,3000.0,3000.0,3000.0,3000.0,3000.0,3000.0,3000.0,3000.0,3000.0,3000.0,3000.0,3000.0,3000.0,3000.0,3000.0,3000.0,3000.0,3000.0,3000.0,3000.0,3000.0,3000.0,3000.0,3000.0,3000.0,3000.0,3000.0,3000.0,3000.0,3000.0,3000.0,3000.0,3000.0,3000.0,3000.0,3000.0,3000.0,3000.0,3000.0,3000.0,3000.0,3000.0,3000.0,3000.0,3000.0,3000.0,3000.0,3000.0,3000.0,3000.0,3000.0
14733,1300.374294827003,1253.052372601465,1368.2953481325576,3000.0,1300.374294827003,1253.052372601465,1368.2953481325576,3000.0,1300.374294827003,1253.052372601465,1368.2953481325576,3000.0,1300.374294827003,1253.052372601465,1368.2953481325576,3000.0,3000.0,3000.0,1545.0849718747377,1300.374294827003,3000.0,3000.0,1545.0849718747377,1300.374294827003,3000.0,3000.0,1545.0849718747377,1300.374294827003,3000.0,3000.0,1545.0849718747377,1300.374294827003,3000.0,3000.0,3000.0,3000.0,3000.0,3000.0,3000.0,3000.0,3000.0,3000.0,3000.0,3000.0,3000.0,3000.0,3000.0,3000.0,3000.0,3000.0,3000.0,3000.0,3000.0,3000.0,3000.0,3000.0,3000.0,3000.0,3000.0,3000.0,3000.0,3000.0,3000.0,3000.0,3000.0,3000.0,3000.0,3000.0,3000.0,3000.0,3000.0,3000.0,3000.0,3000.0,3000.0,3000.0,3000.0,3000.0,3000.0,3000.0,3000.0,3000.0,3000.0,3000.0,3000.0,3000.0,3000.0,3000.0,3000.0,3000.0,3000.0,3000.0,3000.0,3000.0,3000.0,3000.0
14800,1277.9257435812865,1262.2844656482725,1415.7125633612984,3000.0,1277.9257435812865,1262.2844656482725,1415.7125633612984,3000.0,1277.9257435812865,1262.2844656482725,1415.7125633612984,3000.0,1277.9257435812865,1262.2844656482725,1415.7125633612984,3000.0,3000.0,3000.0,1473.97300420262,1277.9257435812865,3000.0,3000.0,1473.97300420262,1277.9257435812865,3000.0,3000.0,1473.97300420262,1277.9257435812865,3000.0,3000.0,1473.97300420262,1277.9257435812865,3000.0,3000.0,3000.0,3000.0,3000.0,3000.0,3000.0,3000.0,3000.0,3000.0,3000.0,3000.0,3000.0,3000.0,3000.0,3000.0,3000.0,3000.0,3000.0,3000.0,3000.0,3000.0,3000.0,3000.0,3000.0,3000.0,3000.0,3000.0,3000.0,3000.0,3000.0,3000.0,3000.0,3000.0,3000.0,3000.0,3000.0,3000.0,3000.0,3000.0,3000.0,3000.0,3000.0,3000.0,3000.0,3000.0,3000.0,3000.0,3000.0,3000.0,3000.0,3000.0,3000.0,3000.0,3000.0,3000.0,3000.0,3000.0,3000.0,3000.0,3000.0,3000.0,3000.0,3000.0
14867,1262.2844656482728,1277.9257435812863,1473.9730042026192,3000.0,1262.2844656482728,1277.9257435812863,1473.9730042026192,3000.0,1262.2844656482728,1277.9257435812863,1473.9730042026192,3000.0,1262.2844656482728,1277.9257435812863,1473.9730042026192,3000.0,3000.0,3000.0,1415.7125633612993,1262.2844656482728,3000.0,3000.0,1415.7125633612993,1262.2844656482728,3000.0,3000.0,1415.7125633612993,1262.2844656482728,3000.0,3000.0,1415.7125633612993,1262.2844656482728,3000.0,3000.0,3000.0,3000.0,3000.0,3000.0,3000.0,3000.0,3000.0,3000.0,3000.0,3000.0,3000.0,3000.0,3000.0,3000.0,3000.0,3000.0,3000.0,3000.0,3000.0,3000.0,3000.0,3000.0,3000.0,3000.0,3000.0,3000.0,3000.0,3000.0,3000.0,3000.0,3000.0,3000.0,3000.0,3000.0,3000.0,3000.0,3000.0,3000.0,3000.0,3000.0,3000.0,3000.0,3000.0,3000.0,3000.0,3000.0,3000.0,3000.0,3000.0,3000.0,3000.0,3000.0,3000.0,3000.0,3000.0,3000.0,3000.0,3000.0,3000.0,3000.0,3000.0,3000.0
14933,1253.052372601465,1300.3742948270026,1545.0849718747365,3000.0,1253.052372601465,1300.3742948270026,1545.0849718747365,3000.0,1253.052372601465,1300.3742948270026,1545.0849718747365,3000.0,1253.052372601465,1300.3742948270026,1545.0849718747365,3000.0,3000.0,3000.0,1368.2953481325578,1253.052372601465,3000.0,3000.0,1368.2953481325578,1253.052372601465,3000.0,3000.0,1368.2953481325578,1253.052372601465,3000.0,3000.0,1368.2953481325578,1253.052372601465,3000.0,3000.0,3000.0,3000.0,3000.0,3000.0,3000.0,3000.0,3000.0,3000.0,3000.0,3000.0,3000.0,3000.0,3000.0,3000.0,3000.0,3000.0,3000.0,3000.0,3000.0,3000.0,3000.0,3000.0,3000.0,3000.0,3000.0,3000.0,3000.0,3000.0,3000.0,3000.0,3000.0,3000.0,3000.0,3000.0,3000.0,3000.0,3000.0,3000.0,3000.0,3000.0,3000.0,3000.0,3000.0,3000.0,3000.0,3000.0,3000.0,3000.0,3000.0,3000.0,3000.0,3000.0,3000.0,3000.0,3000.0,3000.0,3000.0,3000.0,3000.0,3000.0,3000.0,3000.0
