local_time_s,sid,cell,x_mm,y_mm,z_mm,target_status,sensor_ts_ms
1771898966.772,4,5,1126.60,-787.90,557.00,9,186456
1771898966.772,4,6,839.80,-909.10,674.00,5,186456
1771898966.772,4,7,764.20,-1198.90,757.30,5,186456
1771898966.772,4,8,1630.10,-468.50,738.40,5,186456
1771898966.772,4,9,1175.20,-697.70,839.40,5,186456
1771898966.772,4,10,855.10,-815.80,904.00,5,186456
1771898966.772,4,11,809.70,-1107.40,1029.70,9,186456
1771898966.772,4,12,1606.30,-338.30,1119.30,5,186456
1771898966.772,4,13,1150.60,-580.90,1114.10,5,186456
1771898966.772,4,14,856.30,-715.10,1126.50,5,186456
1771898966.772,4,15,790.60,-947.10,1267.80,5,186456
1771898966.873,5,0,-1004.80,-1761.50,1761.50,5,63324
1771898966.873,5,4,-1063.40,-1819.60,1275.60,5,63324
1771898966.873,5,5,-579.50,-1874.50,1256.50,5,63324
1771898966.873,5,6,-106.10,-1876.50,1256.40,5,63324
1771898966.873,5,7,360.90,-1778.90,1276.90,5,63324
1771898966.873,5,12,-1069.10,-1653.60,255.00,5,63324
1771898966.873,5,13,-587.10,-1755.60,248.20,5,63324
1771898966.873,5,14,-104.00,-1718.80,271.80,5,63324
1771898966.873,5,15,406.30,-1703.90,220.80,5,63324
1771898966.874,6,9,-632.00,-99.60,1261.40,5,63340
1771898966.874,6,10,-588.00,-143.70,1266.50,5,63340
1771898966.874,6,11,-552.30,-191.70,1266.50,5,63340
1771898966.874,6,12,-641.10,-33.90,1195.90,255,63340
1771898966.874,6,13,-580.60,-77.30,1223.10,5,63340
1771898966.874,6,0,-2499.60,-331.20,1827.80,5,63340
1771898966.874,6,1,-669.00,-118.30,1394.10,255,63340
1771898966.874,6,2,-596.60,-146.90,1383.20,5,63340
1771898966.874,6,3,-545.70,-170.70,1381.10,5,63340
1771898966.874,6,4,-2541.80,-299.40,1268.10,5,63340
1771898966.874,6,5,-662.70,-113.90,1322.40,255,63340
1771898966.874,6,6,-596.00,-148.20,1324.10,5,63340
1771898966.874,6,7,-556.60,-190.70,1326.60,5,63340
1771898966.874,6,8,-2583.30,-265.50,679.20,4,63340
1771898966.874,6,9,-623.20,-96.00,1264.40,5,63340
1771898966.874,6,10,-580.50,-137.80,1269.50,5,63340
1771898966.874,6,11,-548.30,-186.30,1268.50,5,63340
1771898966.874,6,12,-2367.70,-198.70,125.80,4,63340
1771898966.874,6,13,-572.80,-74.10,1228.50,5,63340
1771898966.874,6,14,-577.60,-137.50,1205.40,5,63340
1771898966.874,6,15,-537.10,-178.40,1208.00,5,63340
1771898966.874,8,0,-715.20,878.20,780.60,5,63375
1771898966.874,8,1,-470.60,947.90,766.00,5,63375
1771898966.874,8,2,-212.30,968.00,753.10,5,63375
1771898966.874,8,3,57.30,939.30,739.10,5,63375
1771898966.874,8,4,-722.70,943.30,1045.60,5,63375
1771898966.874,8,5,-470.80,997.00,1037.90,5,63375
1771898966.874,8,6,-212.10,1018.80,1031.00,5,63375
1771898966.874,8,7,63.10,1004.00,1025.80,5,63375
1771898966.874,8,8,-707.10,950.70,1304.20,5,63375
1771898966.874,8,9,-467.90,1020.00,1292.80,5,63375
1771898966.874,8,10,-216.20,1032.90,1292.20,5,63375
1771898966.874,8,11,44.50,1007.10,1302.30,5,63375
1771898966.970,7,0,-638.90,181.90,1167.00,5,63427
1771898966.970,7,1,-545.00,185.30,1204.30,5,63427
1771898966.970,7,2,-486.80,194.70,1217.70,5,63427
1771898966.970,7,3,-436.60,208.40,1220.10,5,63427
1771898966.970,7,4,-657.30,202.70,1244.30,5,63427
1771898966.970,7,5,-558.90,205.60,1262.00,5,63427
1771898966.970,7,6,-495.20,211.80,1270.40,5,63427
1771898966.970,7,8,-639.00,195.30,1325.00,5,63427
1771898966.970,7,9,-559.40,208.60,1323.80,5,63427
1771898966.970,7,10,-493.80,205.30,1325.30,5,63427
1771898966.970,7,15,-445.60,198.60,1374.70,5,63427
1771898966.971,8,0,-719.40,887.50,774.30,5,63442
1771898966.971,8,1,-469.00,937.00,772.90,5,63442
1771898966.971,8,2,-213.90,957.10,760.10,5,63442
1771898966.971,8,3,44.90,912.20,757.50,5,63442
1771898966.971,8,4,-721.60,940.60,1046.50,5,63442
1771898966.971,8,5,-471.40,1001.70,1036.40,5,63442
1771898966.971,8,6,-212.60,1015.00,1032.20,5,63442
1771898966.971,8,7,58.10,992.50,1029.50,5,63442
1771898966.971,8,8,-709.80,957.20,1304.00,5,63442
1771898966.971,8,9,-467.90,1020.00,1292.80,5,63442
1771898966.971,8,10,-216.20,1032.90,1292.20,5,63442
1771898966.971,8,11,43.70,1005.30,1302.40,5,63442
1771898966.971,8,12,-683.00,935.60,1553.50,5,63442
1771898966.971,8,13,-458.20,988.90,1541.70,5,63442
1771898966.971,8,14,-224.20,1016.00,1547.80,5,63442
1771898966.971,8,15,12.10,973.70,1563.10,5,63442
1771898967.078,1,0,704.30,377.80,1001.10,5,183221
1771898967.078,1,1,719.60,554.40,1026.40,5,183221
1771898967.078,1,0,702.50,377.60,1000.30,5,183221
1771898967.078,1,1,717.90,553.70,1025.60,5,183221
1771898967.078,1,2,693.80,752.90,1058.50,5,183221
1771898967.078,1,3,664.60,1032.10,1132.40,5,183221
1771898967.078,1,4,737.60,382.20,833.80,5,183221
1771898967.078,1,5,751.00,567.50,841.80,5,183221
1771898967.078,1,6,718.30,771.60,851.60,5,183221
1771898967.078,1,7,703.90,1083.40,879.60,5,183221
1771898967.078,1,8,742.50,382.80,664.20,5,183221
1771898967.078,1,9,757.40,570.10,655.80,5,183221
1771898967.078,1,10,730.10,780.70,645.00,5,183221
1771898967.078,1,11,714.80,1097.60,616.70,5,183221
1771898967.078,1,12,711.60,378.80,494.40,5,183221
1771898967.078,1,13,727.30,557.60,468.80,5,183221
1771898967.078,1,14,715.80,769.80,428.60,9,183221
1771898967.078,1,15,671.30,1040.90,361.60,5,183221
1771898967.078,3,8,1472.70,-823.00,555.70,5,186639
1771898967.078,3,9,2349.60,-554.60,452.50,255,186639
1771898967.078,3,10,2409.50,41.80,444.50,255,186639
1771898967.078,3,11,2483.90,721.20,411.60,255,186639
1771898967.078,3,11,2483.90,721.20,411.60,255,186639
1771898967.078,3,12,1310.10,-755.70,213.20,5,186639
1771898967.078,3,13,1186.00,-401.40,301.60,255,186639
1771898967.078,3,14,3950.40,244.70,-853.40,255,186639
1771898967.078,3,15,2310.50,649.30,-235.30,255,186639
1771898967.078,2,0,1149.70,-168.50,1213.50,5,183329
1771898967.078,2,1,1883.00,27.50,1488.30,255,183329
1771898967.078,2,2,1097.10,389.70,1159.90,255,183329
1771898967.078,2,3,2543.50,1266.60,1838.40,255,183329
1771898967.078,2,4,1273.00,-219.60,914.40,5,183329
1771898967.078,2,10,3307.00,680.70,325.40,10,183329
1771898967.078,2,11,1707.20,920.10,522.30,255,183329
1771898967.078,2,12,1266.60,-216.90,232.70,9,183329
1771898967.078,2,13,1426.00,87.70,201.30,255,183329
1771898967.078,2,14,1495.60,442.20,172.20,255,183329
1771898967.078,2,15,1411.70,797.80,167.60,255,183329
1771898967.185,3,0,1354.50,-774.10,1305.30,5,186769
1771898967.185,3,1,1466.30,-438.30,1314.10,255,186769
1771898967.185,3,2,1382.90,-93.30,1279.30,255,186769
1771898967.185,3,3,1284.50,224.40,1274.00,255,186769
1771898967.185,3,4,1445.20,-811.60,939.00,5,186769
1771898967.185,3,5,1111.00,-391.60,881.70,255,186769
1771898967.185,3,6,780.70,-172.60,837.80,255,186769
1771898967.185,3,7,2396.90,685.10,1074.60,255,186769
1771898967.185,3,8,1442.50,-810.50,560.00,5,186769
1771898967.185,3,9,2349.60,-554.60,452.50,255,186769
1771898967.185,3,10,2409.50,41.80,444.50,255,186769
1771898967.185,3,11,2483.90,721.20,411.60,255,186769
1771898967.185,3,12,1317.00,-758.50,210.10,5,186769
1771898967.185,3,13,1186.00,-401.40,301.60,255,186769
1771898967.185,3,14,3950.40,244.70,-853.40,255,186769
1771898967.185,3,15,2310.50,649.30,-235.30,255,186769
1771898967.320,4,5,1132.80,-790.80,555.80,5,186854
1771898967.320,4,6,835.90,-905.90,674.40,5,186854
1771898967.320,4,7,763.60,-1198.10,757.20,9,186854
1771898967.320,4,8,1632.10,-468.70,738.30,5,186854
1771898967.320,4,9,1202.30,-707.80,841.60,9,186854
1771898967.320,4,10,859.90,-819.20,905.00,5,186854
1771898967.320,4,11,769.50,-1061.50,1013.80,5,186854
1771898967.320,4,12,1623.70,-338.80,1123.60,5,186854
1771898967.320,4,13,1174.40,-587.30,1122.40,5,186854
1771898967.320,4,14,860.30,-717.30,1128.50,5,186854
1771898967.320,4,15,774.60,-932.10,1255.80,5,186854
1771898967.320,5,4,-1058.50,-1807.50,1276.00,5,63659
1771898967.320,5,5,-579.30,-1873.50,1256.50,5,63659
1771898967.320,5,6,-106.00,-1877.50,1256.30,5,63659
1771898967.320,5,0,-1004.00,-1759.70,1761.10,5,63659
1771898967.320,5,1,-561.90,-1822.30,1729.00,5,63659
1771898967.320,5,2,-121.00,-1845.60,1734.30,5,63659
1771898967.320,5,3,307.60,-1732.50,1754.20,5,63659
1771898967.320,5,4,-1080.90,-1862.10,1274.10,5,63659
1771898967.320,5,5,-577.60,-1860.60,1257.00,5,63659
1771898967.320,5,6,-107.40,-1866.60,1256.80,5,63659
1771898967.320,5,7,363.60,-1785.30,1276.70,5,63659
1771898967.320,5,8,-1102.10,-1823.20,758.00,5,63659
1771898967.320,5,9,-590.30,-1871.00,761.40,5,63659
1771898967.320,5,10,-94.00,-1881.40,758.10,5,63659
1771898967.320,5,11,389.70,-1761.60,778.10,255,63659
1771898967.320,5,12,-1069.80,-1655.10,253.90,5,63659
1771898967.320,5,13,-584.80,-1739.70,258.40,9,63659
1771898967.320,5,14,-98.30,-1758.10,246.60,5,63659
1771898967.320,5,15,368.80,-1621.80,276.50,5,63659
1771898967.320,6,0,-654.90,-48.80,1389.50,5,63675
1771898967.320,6,1,-633.10,-103.10,1385.30,5,63675
1771898967.320,6,2,-560.80,-119.80,1373.10,5,63675
1771898967.320,6,3,-523.80,-143.40,1372.80,5,63675
1771898967.320,6,4,-657.80,-44.90,1326.10,5,63675
1771898967.320,6,5,-614.70,-94.00,1324.60,255,63675
1771898967.320,6,6,-553.20,-115.40,1326.40,5,63675
1771898967.320,6,7,-527.90,-153.50,1328.10,5,63675
1771898967.320,6,8,-654.10,-40.10,1262.50,5,63675
1771898967.320,6,9,-564.00,-71.80,1284.40,5,63675
1771898967.320,6,10,-537.50,-104.50,1286.50,5,63675
1771898967.320,6,11,-528.30,-159.40,1278.60,5,63675
1771898967.320,6,12,-556.30,-25.80,1248.40,5,63675
1771898967.320,6,13,-532.80,-58.10,1255.80,5,63675
1771898967.320,6,14,-533.90,-103.00,1240.80,5,63675
1771898967.320,6,15,-523.30,-159.00,1222.70,5,63675
1771898967.320,7,0,-624.30,171.50,1178.10,5,63695
1771898967.320,7,1,-533.50,170.70,1216.10,5,63695
1771898967.320,7,15,-443.60,185.10,1371.50,5,63695
1771898967.424,6,14,-532.50,-102.00,1241.90,5,63742
1771898967.424,6,15,-522.80,-158.30,1223.20,5,63742
1771898967.531,7,0,-620.80,169.10,1180.70,5,63762
1771898967.531,7,1,-533.50,170.70,1216.10,5,63762
1771898967.531,7,2,-481.50,181.40,1226.90,5,63762
1771898967.531,7,3,-435.00,191.50,1230.60,5,63762
1771898967.531,7,4,-635.80,186.70,1252.40,5,63762
1771898967.531,7,5,-545.40,188.30,1268.90,5,63762
1771898967.531,7,6,-489.40,197.70,1275.10,5,63762
1771898967.531,7,7,-440.40,208.00,1278.30,5,63762
1771898967.531,7,8,-626.30,185.50,1325.50,5,63762
1771898967.531,7,9,-550.90,197.50,1324.40,5,63762
1771898967.531,7,10,-490.40,197.00,1325.70,5,63762
1771898967.531,7,11,-442.00,194.80,1328.30,5,63762
1771898967.531,7,12,-613.60,181.20,1392.00,5,63762
1771898967.531,7,13,-548.60,196.70,1381.40,5,63762
1771898967.531,7,14,-484.80,180.90,1371.20,5,63762
1771898967.531,7,15,-443.00,181.30,1370.50,5,63762
1771898967.531,8,5,-471.40,1001.70,1036.40,5,63777
1771898967.531,8,6,-211.70,1021.60,1030.10,5,63777
1771898967.531,8,7,59.30,995.20,1028.60,5,63777
1771898967.531,8,8,-712.80,964.60,1303.70,5,63777
1771898967.531,8,0,-720.80,890.50,772.20,5,63777
1771898967.531,8,1,-469.60,941.20,770.20,5,63777
1771898967.531,8,2,-212.90,963.80,755.80,5,63777
1771898967.531,8,3,-235.80,297.60,1174.40,5,63777
1771898967.531,8,4,-725.30,949.40,1043.60,5,63777
1771898967.531,8,5,-470.50,995.10,1038.50,5,63777
1771898967.531,8,6,-211.50,1022.50,1029.80,5,63777
1771898967.531,8,7,56.60,989.00,1030.70,5,63777
1771898967.531,8,8,-712.10,962.80,1303.80,5,63777
1771898967.531,8,9,-467.70,1018.00,1292.90,5,63777
1771898967.531,8,10,-215.40,1038.80,1292.00,5,63777
1771898967.531,8,11,45.20,1009.00,1302.30,5,63777
1771898967.531,8,12,-683.00,935.60,1553.50,5,63777
1771898967.531,8,13,-458.70,992.80,1542.60,5,63777
1771898967.531,8,14,-223.80,1019.90,1548.70,5,63777
1771898967.531,8,15,13.10,976.40,1563.80,5,63777
1771898967.531,1,0,703.40,377.70,1000.70,5,183547
1771898967.531,1,1,716.20,553.00,1024.80,5,183547
1771898967.531,1,2,699.00,756.80,1061.20,5,183547
1771898967.531,1,3,652.20,1016.00,1123.90,9,183547
1771898967.531,1,4,740.50,382.60,834.10,5,183547
1771898967.531,1,5,754.70,569.00,842.40,5,183547
1771898967.531,1,6,723.00,775.30,852.40,5,183547
1771898967.531,1,7,666.50,1034.70,871.50,9,183547
1771898967.531,1,15,683.70,1057.10,353.20,5,183547
1771898967.629,1,11,689.50,1064.60,622.20,9,183615
1771898967.629,1,12,708.90,378.40,495.60,5,183615
1771898967.629,1,13,725.50,556.90,469.60,5,183615
1771898967.629,1,14,715.80,769.80,428.60,5,183615
1771898967.629,1,15,671.90,1041.70,361.30,9,183615
1771898967.932,1,11,682.20,1055.10,623.70,5,183883
1771898967.932,1,12,714.40,379.10,493.30,5,183883
1771898967.932,1,13,723.00,555.80,470.70,5,183883
1771898967.932,1,14,701.20,758.50,436.30,5,183883
1771898967.932,1,11,672.00,1041.80,626.00,9,183949
1771898967.932,1,12,710.70,378.60,494.80,5,183949
1771898967.932,1,13,722.10,555.50,471.10,5,183949
1771898967.932,1,14,701.90,759.10,435.90,5,183949
1771898967.932,1,15,644.90,1006.50,379.60,9,183949
1771898967.932,3,6,780.70,-172.60,837.80,255,187361
1771898967.932,3,7,2386.80,681.00,1073.10,10,187361
1771898967.932,3,8,1473.60,-823.40,555.60,5,187361
1771898967.932,3,9,2349.60,-554.60,452.50,255,187361
1771898968.034,3,6,780.70,-172.60,837.80,255,187427
1771898968.034,3,7,2326.40,655.90,1064.50,255,187427
1771898968.034,3,8,1539.60,-850.70,546.20,5,187427
1771898968.034,3,9,2349.60,-554.60,452.50,255,187427
1771898968.034,3,10,2417.40,42.90,443.50,255,187427
1771898968.034,3,11,2370.30,674.10,427.80,5,187427
1771898968.034,3,12,1395.50,-791.00,174.90,5,187427
1771898968.034,3,13,1186.00,-401.40,301.60,255,187427
1771898968.034,3,14,3950.40,244.70,-853.40,255,187427
1771898968.034,3,15,2150.00,582.90,-163.40,10,187427
1771898968.034,5,7,347.20,-1745.60,1278.00,5,64260
1771898968.034,5,14,-97.40,-1764.80,242.40,5,64260
1771898968.034,5,15,406.30,-1703.90,220.80,5,64260
1771898968.034,3,12,1373.30,-781.80,184.80,5,187493
1771898968.034,3,13,1186.00,-401.40,301.60,255,187493
1771898968.034,3,14,3950.40,244.70,-853.40,255,187493
1771898968.034,3,15,2150.00,582.90,-163.40,255,187493
1771898968.153,4,5,1123.90,-786.60,557.50,5,187524
1771898968.153,4,6,839.00,-908.50,674.00,5,187524
1771898968.153,4,7,751.20,-1181.20,757.10,9,187524
1771898968.153,4,8,1637.10,-469.30,738.30,5,187524
1771898968.153,4,9,1184.60,-701.20,840.20,5,187524
1771898968.153,4,2,780.80,-976.00,427.10,5,187524
1771898968.153,4,3,685.90,-1251.30,474.60,5,187524
1771898968.153,4,4,1598.50,-594.70,351.20,5,187524
1771898968.153,4,5,1134.60,-791.70,555.50,5,187524
1771898968.153,4,6,845.20,-913.60,673.40,5,187524
1771898968.153,4,7,745.20,-1173.10,757.00,5,187524
1771898968.153,4,8,1644.00,-470.00,738.30,5,187524
1771898968.153,4,9,1204.20,-708.50,841.80,9,187524
1771898968.153,4,10,862.40,-820.90,905.50,5,187524
1771898968.153,4,11,812.80,-1111.00,1031.00,5,187524
1771898968.153,4,0,1438.70,-700.30,-15.70,5,187524
1771898968.153,4,1,1163.00,-938.70,207.00,5,187524
1771898968.153,4,2,811.70,-1006.80,412.50,5,187524
1771898968.153,4,3,682.30,-1245.50,476.20,5,187524
1771898968.153,4,4,1612.70,-597.60,347.40,5,187524
1771898968.153,4,5,1285.00,-863.50,527.30,9,187524
1771898968.153,4,0,1415.20,-693.20,-2.20,5,187524
1771898968.153,4,1,1151.20,-931.60,213.00,5,187524
1771898968.153,4,2,825.80,-1020.80,405.80,5,187524
1771898968.153,4,3,679.30,-1240.50,477.70,5,187524
1771898968.153,4,4,1600.40,-595.10,350.70,5,187524
1771898968.153,4,5,1310.80,-875.80,522.50,5,187524
1771898968.153,4,9,1336.90,-757.90,852.90,9,187524
1771898968.153,4,10,968.00,-893.40,927.20,5,187524
1771898968.153,4,11,825.00,-1124.80,1035.80,9,187524
1771898968.153,4,12,1622.80,-338.70,1123.30,5,187524
1771898968.153,4,13,1660.50,-718.20,1291.50,5,187524
1771898968.153,4,14,945.30,-764.20,1171.00,5,187524
1771898968.153,4,15,776.50,-933.90,1257.20,5,187524
1771898968.153,5,0,-1018.50,-1796.90,1770.50,5,64393
1771898968.153,5,1,-562.60,-1828.10,1730.40,5,64393
1771898968.153,5,2,-123.70,-1824.30,1729.50,5,64393
1771898968.153,5,3,312.20,-1744.20,1757.20,5,64393
1771898968.153,5,4,-1077.80,-1854.70,1274.40,5,64393
1771898968.153,5,5,-582.20,-1895.30,1255.60,5,64393
1771898968.153,5,6,-104.90,-1885.40,1256.00,5,64393
1771898968.153,5,7,358.20,-1772.40,1277.10,5,64393
1771898968.153,5,8,-1106.30,-1832.80,754.80,9,64393
1771898968.153,5,9,-588.90,-1860.60,764.70,5,64393
1771898968.153,5,10,-93.00,-1889.00,755.70,5,64393
1771898968.153,5,11,382.20,-1744.00,783.90,5,64393
1771898968.153,5,12,-1071.60,-1659.00,251.30,5,64393
1771898968.153,5,13,-588.30,-1764.00,242.90,5,64393
1771898968.153,5,14,-97.40,-1764.80,242.40,5,64393
1771898968.153,5,15,411.90,-1716.30,212.40,5,64393
1771898968.254,6,4,-2498.20,-293.50,1269.50,5,64409
1771898968.254,6,5,-611.00,-92.40,1324.70,255,64409
1771898968.254,6,6,-563.50,-123.30,1325.80,5,64409
1771898968.254,6,7,-530.30,-156.70,1327.90,5,64409
1771898968.254,6,8,-2511.00,-257.10,701.10,4,64409
1771898968.254,6,1,-632.20,-102.70,1385.10,255,64409
1771898968.254,6,2,-565.50,-123.40,1374.40,5,64409
1771898968.254,6,3,-522.00,-141.10,1372.10,5,64409
1771898968.254,6,4,-2546.80,-300.10,1268.00,5,64409
1771898968.254,6,5,-608.20,-91.30,1324.90,255,64409
1771898968.254,6,6,-565.90,-125.10,1325.70,5,64409
1771898968.254,6,7,-528.50,-154.30,1328.00,5,64409
1771898968.254,6,8,-634.10,-37.80,1268.50,255,64409
1771898968.254,6,9,-580.80,-78.70,1278.70,5,64409
1771898968.254,6,10,-561.60,-123.20,1276.90,5,64409
1771898968.254,6,11,-529.50,-161.00,1278.00,5,64409
1771898968.254,6,12,-563.10,-26.40,1244.20,5,64409
1771898968.254,6,13,-555.50,-67.20,240.20,5,64409
1771898968.254,6,14,-563.70,-126.50,1216.70,5,64409
1771898968.254,6,0,-651.00,-48.20,1388.60,5,64409
1771898968.254,6,1,-616.00,-95.90,1381.20,255,64409
1771898968.254,6,0,-2398.50,-315.80,1803.80,5,64409
1771898968.254,6,1,-617.80,-96.60,1381.60,5,64409
1771898968.254,6,2,-556.10,-116.30,1371.80,5,64409
1771898968.254,6,3,-504.90,-119.80,1365.70,5,64409
1771898968.254,6,4,-2440.80,-285.80,1271.20,13,64409
1771898968.254,6,5,-618.40,-95.50,1324.40,5,64409
1771898968.254,6,6,-575.40,-132.40,1325.20,5,64409
1771898968.254,6,7,-513.20,-134.50,1328.80,5,64409
1771898968.254,6,8,-632.20,-37.60,1269.10,5,64409
1771898968.254,6,9,-611.70,-91.30,1268.30,5,64409
1771898968.254,6,10,-579.70,-137.30,1269.80,5,64409
1771898968.254,6,11,-512.90,-138.70,1286.30,5,64409
1771898968.254,6,12,-588.50,-28.90,1228.50,5,64409
1771898968.254,6,13,-599.40,-84.80,1210.20,5,64409
1771898968.254,6,14,-562.40,-125.50,1217.70,5,64409
1771898968.254,6,15,-501.50,-128.50,1245.80,5,64409
1771898968.353,1,4,738.60,382.30,833.90,5,184268
1771898968.353,1,10,727.70,778.90,645.40,5,184268
1771898968.353,1,11,670.80,1040.20,626.20,5,184268
1771898968.353,1,12,717.10,379.50,492.10,5,184268
1771898968.353,1,13,737.50,561.80,464.20,5,184268
1771898968.353,1,14,721.70,774.30,425.50,5,184268
1771898968.353,1,15,678.60,1050.50,356.70,5,184268
1771898968.353,3,15,2273.80,634.10,-218.90,255,187689
1771898968.353,4,12,1621.80,-338.70,1123.10,5,187658
1771898968.353,4,13,1577.20,-695.80,1262.50,9,187658
1771898968.353,4,14,983.00,-785.10,1189.80,9,187658
1771898968.353,4,15,770.80,-928.50,1252.90,5,187658
1771898968.449,4,1,1370.90,-1064.10,100.70,4,187726
1771898968.449,4,2,864.70,-1059.60,387.30,5,187726
1771898968.449,4,3,662.00,-1212.40,485.80,5,187726
1771898968.449,4,4,1587.10,-592.50,354.30,5,187726
1771898968.449,4,5,1594.60,-1011.30,469.20,5,187726
1771898968.449,4,6,977.30,-1022.90,659.90,5,187726
1771898968.449,4,7,790.30,-1234.30,757.60,5,187726
1771898968.449,4,8,1622.20,-467.60,738.40,5,187726
1771898968.449,4,9,1654.60,-876.00,879.60,5,187726
1771898968.449,4,10,998.90,-914.60,933.60,5,187726
1771898968.449,4,11,802.00,-1098.60,1026.70,5,187726
1771898968.449,4,12,1619.90,-338.70,1122.60,5,187726
1771898968.449,4,13,1651.30,-715.80,1288.30,5,187726
1771898968.449,4,14,999.90,-794.40,1198.30,5,187726
1771898968.449,4,15,775.20,-932.70,1256.30,5,187726
1771898968.449,5,0,-1003.70,-1758.80,1760.80,5,64658
1771898968.449,5,14,-98.50,-1757.30,247.20,5,64658
1771898968.449,5,15,427.80,-1751.10,188.80,5,64658
1771898968.449,5,14,-97.70,-1762.30,244.00,5,64658
1771898968.449,5,15,424.30,-1743.40,194.10,5,64658
1771898968.552,3,4,1421.40,-801.80,935.60,5,187953
1771898968.552,3,5,1111.00,-391.60,881.70,255,187953
1771898968.552,3,6,780.70,-172.60,837.80,255,187953
1771898968.552,3,7,1748.40,416.50,982.20,10,187953
1771898968.552,3,8,1437.00,-808.20,560.80,5,187953
1771898968.552,3,8,1290.40,-747.50,581.70,5,187953
1771898968.552,3,9,2349.60,-554.60,452.50,255,187953
1771898968.552,3,10,2417.40,42.90,443.50,255,187953
1771898968.552,3,11,1698.90,396.00,523.50,5,187953
1771898968.552,3,12,1201.70,-710.80,261.80,5,187953
1771898968.552,3,13,1186.00,-401.40,301.60,255,187953
1771898968.552,3,14,3950.40,244.70,-853.40,255,187953
1771898968.552,3,15,1685.70,390.50,44.80,10,187953
1771898968.652,5,14,-92.30,-1799.90,219.80,9,64989
1771898968.652,5,15,-244.30,-279.50,1187.00,5,64989
1771898968.652,6,11,-536.30,-170.20,1274.50,5,65004
1771898968.652,6,0,-672.20,-51.40,1393.60,255,65004
1771898968.652,6,1,-641.20,-106.50,1387.30,5,65004
1771898968.652,6,2,-574.00,-129.80,1376.80,5,65004
1771898968.652,6,3,-534.80,-157.00,1376.90,5,65004
1771898968.652,6,4,-676.60,-47.50,1325.60,5,65004
1771898968.652,6,5,-645.20,-106.60,1323.20,5,65004
1771898968.652,6,6,-588.90,-142.70,1324.50,5,65004
1771898968.652,6,11,-538.60,-173.30,1273.40,5,65004
1771898968.652,6,12,-619.90,-31.90,1209.10,5,65004
1771898968.652,6,13,-648.00,-104.20,1177.00,5,65004
1771898968.652,6,14,-581.60,-140.60,1202.20,5,65004
1771898968.652,6,15,-527.20,-164.50,1218.50,5,65004
1771898968.652,6,6,-610.30,-159.10,1323.30,5,65004
1771898968.652,6,7,-564.50,-200.90,1326.20,5,65004
1771898968.652,6,8,-678.80,-43.00,1255.00,5,65004
1771898968.652,6,9,-672.60,-116.20,1247.60,5,65004
1771898968.652,6,10,-615.90,-165.30,1255.40,5,65004
1771898968.652,6,11,-558.10,-199.40,1263.60,5,65004
1771898968.652,6,0,-684.70,-53.40,1396.60,5,65004
1771898968.652,6,1,-646.60,-108.80,1388.60,5,65004
1771898968.652,6,2,-591.10,-142.80,1381.60,5,65004
1771898968.652,6,3,-553.60,-180.60,1384.00,5,65004
1771898968.652,6,4,-694.50,-49.90,1325.00,5,65004
1771898968.652,6,6,-610.30,-159.10,1323.30,5,65004
1771898968.652,6,7,-567.00,-204.10,1326.10,5,65004
1771898968.652,6,8,-675.90,-42.70,1255.80,5,65004
1771898968.652,6,9,-672.60,-116.20,1247.60,5,65004
1771898968.652,6,10,-617.40,-166.50,1254.80,5,65004
1771898968.652,6,11,-560.40,-202.50,1262.50,5,65004
1771898968.652,6,12,-647.00,-34.50,1192.30,5,65004
1771898968.652,6,13,-667.60,-112.00,1163.60,5,65004
1771898968.652,6,14,-601.50,-156.30,1186.10,5,65004
1771898968.652,6,15,-543.00,-186.70,1201.70,5,65004
1771898968.747,8,7,50.50,974.90,1035.30,5,65089
1771898968.747,8,8,-711.70,961.80,1303.80,5,65089
1771898968.747,8,6,-213.10,1011.20,1033.40,5,65089
1771898968.747,8,7,46.40,965.30,1038.40,5,65089
1771898968.747,8,8,-714.00,967.40,1303.70,5,65089
1771898968.747,8,9,-468.00,1021.00,1292.70,5,65089
1771898968.747,8,12,-687.60,947.40,1556.40,5,65089
1771898968.747,8,13,-458.70,992.80,1542.60,5,65089
1771898968.747,8,2,-216.20,941.20,770.20,5,65089
1771898968.747,8,3,33.60,887.50,774.30,5,65089
1771898968.747,8,4,-727.60,954.70,1041.90,5,65089
1771898968.747,8,5,-470.00,991.30,1039.70,5,65089
1771898968.747,8,6,-215.00,997.00,1037.90,5,65089
1771898968.747,8,7,39.20,948.60,1043.90,5,65089
1771898968.747,8,12,-689.00,951.00,1557.30,5,65089
1771898968.747,8,13,-458.90,994.70,1543.00,5,65089
1771898968.747,8,14,-226.00,1001.50,1544.60,5,65089
1771898968.747,8,15,-1.70,938.30,1554.10,5,65089
1771898968.747,8,5,-470.40,994.20,1038.80,5,65089
1771898968.747,8,6,-216.60,985.70,1041.40,5,65089
1771898968.747,8,7,30.80,929.20,1050.20,5,65089
1771898968.747,8,8,-717.00,974.80,1303.40,5,65089
1771898968.747,8,9,-466.70,1011.10,1293.20,5,65089
1771898968.747,8,10,-218.80,1013.10,1293.10,5,65089
1771898968.747,8,11,19.10,945.20,1304.40,5,65089
1771898968.747,8,12,-690.40,954.60,1558.30,5,65089
1771898968.747,8,13,-457.90,987.00,1541.30,5,65089
1771898968.747,8,14,-227.60,988.90,1541.70,5,65089
1771898968.747,8,15,-7.70,922.90,1550.30,5,65089
1771898968.747,1,1,740.10,562.90,1035.50,5,184859
1771898968.747,1,2,735.60,784.90,1080.30,5,184859
1771898968.747,1,3,704.50,1084.20,1159.50,5,184859
1771898968.747,1,4,746.40,383.30,834.90,5,184859
1771898968.747,1,5,775.80,577.70,845.40,5,184859
1771898968.747,1,6,756.80,801.20,858.00,5,184859
1771898968.747,1,7,767.30,1166.00,893.30,5,184859
1771898968.747,1,8,755.30,384.50,662.50,5,184859
1771898968.747,1,9,778.50,578.80,652.80,5,184859
1771898968.747,1,1,749.40,566.80,1039.80,5,184859
1771898968.747,1,2,747.30,793.90,1086.40,9,184859
1771898968.747,1,1,741.80,563.60,1036.30,5,184859
1771898968.747,1,2,755.40,800.10,1090.70,5,184859
1771898968.747,1,3,694.40,1071.00,1152.60,5,184859
1771898968.747,1,4,754.30,384.40,836.00,5,184859
1771898968.747,1,5,788.60,583.00,847.20,5,184859
1771898968.747,1,6,768.60,810.30,860.00,5,184859
1771898968.747,1,7,721.40,1106.30,883.40,5,184859
1771898968.747,1,8,758.20,384.90,662.10,5,184859
1771898968.747,1,9,797.70,586.80,650.10,5,184859
1771898968.747,1,10,770.20,811.50,638.40,5,184859
1771898968.747,1,11,812.00,1224.20,595.70,5,184859
1771898968.747,1,12,731.80,381.40,486.00,5,184859
1771898968.747,1,13,760.50,571.40,453.90,5,184859
1771898968.747,1,14,765.70,808.00,402.60,5,184859
1771898968.747,1,15,755.10,1150.20,304.60,5,184859
1771898968.848,4,0,1350.50,-673.80,34.80,5,188330
1771898968.848,4,1,1403.80,-1084.00,83.90,5,188330
1771898968.848,4,2,937.90,-1132.60,352.60,5,188330
1771898968.848,4,5,1632.90,-1029.60,462.00,5,188330
1771898968.848,4,6,1122.50,-1143.00,645.10,9,188330
1771898968.848,4,7,753.50,-1184.40,757.10,5,188330
1771898968.848,4,8,1594.40,-464.50,738.60,5,188330
1771898968.848,4,9,1672.30,-882.60,881.10,5,188330
1771898968.848,4,10,1101.30,-985.00,954.60,5,188330
1771898968.848,4,0,1411.00,-692.00,0.20,5,188330
1771898968.848,4,1,1394.40,-1078.30,88.70,5,188330
1771898968.848,4,4,1553.90,-585.90,363.10,5,188330
1771898968.848,4,5,1622.20,-1024.50,464.00,5,188330
1771898968.848,4,6,1184.70,-1194.40,638.80,5,188330
1771898968.848,4,7,741.10,-1167.50,757.00,5,188330
1771898968.848,4,8,1592.40,-464.30,738.60,5,188330
1771898968.848,4,9,1679.80,-885.40,881.70,5,188330
1771898968.848,4,10,1145.20,-1015.10,963.60,5,188330
1771898968.848,4,11,784.80,-1079.00,1019.90,5,188330
1771898968.848,4,12,1568.40,-337.30,1109.90,5,188330
1771898968.848,4,13,1669.60,-720.70,1294.70,5,188330
1771898968.848,4,13,1663.20,-719.00,1292.40,5,188330
1771898968.848,4,14,1258.10,-936.90,1327.30,5,188330
1771898968.848,4,15,813.60,-968.70,1285.10,5,188330
1771898968.848,3,8,1268.40,-738.09,443.50,255,188345
1771898968.848,3,11,1585.40,349.00,539.70,255,188345
1771898968.848,3,12,1144.50,-687.10,287.40,5,188345
1771898968.848,3,13,3178.20,-663.70,-530.80,255,188345
1771898968.848,3,14,3950.40,244.70,-853.40,255,188345
1771898968.848,3,15,1491.90,310.30,131.60,255,188345
1771898968.849,4,0,1375.70,-681.30,20.30,5,188397
1771898968.849,4,1,1430.50,-1100.10,70.30,255,188397
1771898968.849,4,2,1022.40,-1217.00,312.50,5,188397
1771898968.849,4,3,692.50,-1262.10,471.50,5,188397
1771898968.849,4,4,1540.60,-583.30,366.60,5,188397
1771898968.849,4,5,1631.10,-1028.70,462.40,5,188397
1771898968.849,4,6,1413.60,-1383.80,615.40,5,188397
1771898968.849,4,7,773.10,-1211.00,757.40,5,188397
1771898968.849,4,8,1580.40,-463.00,738.70,5,188397
1771898968.849,4,9,1660.20,-878.10,880.10,5,188397
1771898968.849,4,10,1233.00,-1075.40,981.60,5,188397
1771898968.849,4,11,804.60,-1101.50,1027.70,5,188397
1771898968.849,4,12,1563.60,-337.20,1108.80,5,188397
1771898968.849,4,13,1668.70,-720.50,1294.30,5,188397
1771898968.849,4,14,1208.40,-909.50,1302.50,5,188397
1771898968.849,4,15,819.90,-974.70,1289.90,5,188397
1771898968.947,6,1,-678.90,-122.50,1396.40,5,65338
1771898968.947,6,2,-603.60,-152.20,1385.10,5,65338
1771898968.947,6,9,-675.30,-117.30,1246.70,5,65338
1771898968.947,6,10,-643.80,-187.00,1244.30,5,65338
1771898968.947,6,11,-580.90,-230.10,1252.10,5,65338
1771898968.947,6,12,-626.70,-32.50,1204.90,5,65338
1771898968.947,6,13,-662.90,-110.20,1166.80,5,65338
1771898968.947,6,14,-634.00,-181.90,1159.90,5,65338
1771898968.947,6,15,-562.80,-214.40,1180.70,5,65338
1771898969.144,7,14,-493.50,201.60,1376.20,5,65636
1771898969.144,7,15,-445.20,195.70,1374.00,5,65636
1771898969.144,7,0,-496.70,80.70,1274.70,5,65636
1771898969.144,7,1,-498.50,126.20,1252.00,5,65636
1771898969.144,7,2,-519.70,277.00,1161.50,5,65636
1771898969.144,7,3,-440.60,250.80,1193.80,5,65636
1771898969.144,7,4,-1203.50,609.30,1039.90,5,65636
1771898969.144,7,5,-508.60,140.80,1287.70,5,65636
1771898969.144,7,6,-541.30,324.90,1232.10,5,65636
1771898969.144,7,7,-448.30,275.60,1257.90,5,65636
1771898969.144,7,8,-1265.40,679.30,1300.80,5,65636
1771898969.144,7,9,-567.30,219.00,1323.20,255,65636
1771898969.144,7,10,-552.50,346.50,1318.80,5,65636
1771898969.144,7,11,-453.80,282.00,1325.60,5,65636
1771898969.144,7,1,-593.00,246.30,1155.00,255,65636
1771898969.144,7,2,-538.20,323.30,1129.80,255,65636
1771898969.144,7,3,-441.40,259.20,1188.60,5,65636
1771898969.144,7,4,-1250.40,644.20,1022.30,5,65636
1771898969.144,7,0,-1200.40,581.70,741.70,5,65636
1771898969.144,7,1,-598.70,253.60,1149.10,255,65636
1771898969.144,7,3,-442.50,270.20,1181.70,5,65636
1771898969.144,7,4,-1248.80,643.00,1022.90,5,65636
1771898969.144,7,5,-1077.50,874.40,996.60,4,65636
1771898969.144,7,6,-544.20,331.90,1229.70,5,65636
1771898969.144,7,7,-451.00,298.40,1251.00,5,65636
1771898969.144,7,8,-1235.40,656.10,1302.00,5,65636
1771898969.144,7,9,-628.70,299.10,1319.00,255,65636
1771898969.144,7,3,-448.10,329.50,1145.00,5,65636
1771898969.144,7,4,-1205.80,611.00,1039.00,5,65636
1771898969.144,7,3,-448.60,334.60,1141.80,5,65636
1771898969.144,7,4,-1197.40,604.70,1042.20,5,65636
1771898969.144,7,5,-646.60,318.70,1217.10,255,65636
1771898969.144,7,6,-559.40,369.00,1217.10,5,65636
1771898969.144,7,7,-457.70,355.50,1233.70,5,65636
1771898969.144,7,8,-1196.60,626.10,1303.50,5,65636
1771898969.144,7,9,-2016.60,2111.70,1222.70,4,65636
1771898969.242,1,1,750.30,567.20,1040.10,5,185514
1771898969.242,1,2,763.50,806.30,1094.90,5,185514
1771898969.242,1,3,743.90,1135.50,1186.30,5,185514
1771898969.242,1,4,759.20,385.00,836.60,5,185514
1771898969.242,1,5,794.10,585.30,848.00,5,185514
1771898969.242,1,9,794.10,585.30,650.60,5,185514
1771898969.242,1,10,790.60,827.20,635.00,5,185514
1771898969.242,1,1,752.90,568.20,1041.30,5,185514
1771898969.242,1,2,762.00,805.20,1094.10,9,185514
1771898969.242,1,3,740.50,1131.10,1184.00,5,185514
1771898969.242,1,11,794.50,1201.40,599.50,5,185514
1771898969.242,1,14,806.00,838.90,381.50,9,185514
1771898969.242,1,15,486.90,800.50,487.20,5,185514
1771898969.242,2,0,1170.10,-177.00,1222.70,5,185479
1771898969.242,2,1,1883.00,27.50,1488.30,255,185479
1771898969.242,2,2,1097.10,389.70,1159.90,255,185479
1771898969.242,2,3,2543.50,1266.60,1838.40,255,185479
1771898969.242,2,0,1149.70,-168.50,1213.50,5,185479
1771898969.242,2,1,1883.00,27.50,1488.30,255,185479
1771898969.242,2,2,1097.10,389.70,1159.90,255,185479
1771898969.242,2,3,3118.00,1504.50,2096.00,255,185479
1771898969.242,2,4,1256.50,-212.80,912.10,5,185479
1771898969.242,2,5,3509.50,-186.60,1200.10,255,185479
1771898969.242,2,6,2893.10,626.20,1118.30,255,185479
1771898969.242,2,7,3448.50,1641.40,1224.40,255,185479
1771898969.242,2,8,1281.30,-223.00,583.00,5,185479
1771898969.242,2,9,2296.50,-26.90,459.50,255,185479
1771898969.242,2,10,2797.80,613.60,393.00,10,185479
1771898969.242,2,11,1707.20,920.10,522.30,255,185479
1771898969.242,2,0,1126.60,-159.00,1203.20,5,185479
1771898969.242,2,1,1883.00,27.50,1488.30,255,185479
1771898969.242,2,2,1097.10,389.70,1159.90,255,185479
1771898969.242,2,0,1121.50,-156.80,1200.90,5,185479
1771898969.242,2,1,1883.00,27.50,1488.30,255,185479
1771898969.242,2,2,1097.10,389.70,1159.90,255,185479
1771898969.242,2,3,3118.00,1504.50,2096.00,255,185479
1771898969.242,2,4,1245.50,-208.20,910.50,5,185479
1771898969.242,2,5,3509.50,-186.60,1200.10,255,185479
1771898969.242,2,6,2893.10,626.20,1118.30,255,185479
1771898969.242,2,7,3448.50,1641.40,1224.40,255,185479
1771898969.242,2,8,1259.30,-213.90,586.10,5,185479
1771898969.242,2,10,2797.80,613.60,393.00,255,185479
1771898969.242,2,11,1707.20,920.10,522.30,255,185479
1771898969.242,2,12,1175.30,-179.10,273.60,5,185479
1771898969.242,2,13,1500.20,77.90,170.30,255,185479
1771898969.242,2,14,2532.50,578.70,-261.00,255,185479
1771898969.242,2,0,1196.60,-188.00,1234.50,9,185479
1771898969.242,2,1,1883.00,27.50,1488.30,255,185479
1771898969.242,2,2,1097.10,389.70,1159.90,255,185479
1771898969.242,2,3,3118.00,1504.50,2096.00,255,185479
1771898969.242,2,4,1284.00,-224.20,916.00,5,185479
1771898969.242,2,5,2236.50,-19.00,1031.10,5,185479
1771898969.242,2,6,2893.10,662.00,1118.30,255,185479
1771898969.242,2,7,2805.40,1375.10,1132.80,10,185479
1771898969.242,2,8,1290.40,-226.80,581.70,5,185479
1771898969.242,2,9,2069.40,3.00,489.70,10,185479
1771898969.242,2,12,1315.20,-237.10,210.90,5,185479
1771898969.242,2,0,979.80,-98.20,1137.30,5,185479
1771898969.242,2,1,1073.30,134.10,1150.00,5,185479
1771898969.242,2,2,1078.80,387.30,1152.30,255,185479
1771898969.242,2,3,2348.00,1185.60,1750.80,255,185479
1771898969.242,2,4,1453.50,-294.30,940.10,5,185479
1771898969.242,2,5,1456.00,83.70,927.50,5,185479
1771898969.242,2,6,2893.10,626.20,1118.30,255,185479
1771898969.242,2,7,2673.50,1320.40,1114.00,255,185479
1771898969.242,2,8,1401.20,-272.70,565.90,5,185479
1771898969.242,2,9,1576.90,67.80,555.10,5,185479
1771898969.242,2,10,2357.40,555.70,451.40,255,185479
1771898969.242,2,11,2379.50,1198.60,426.50,255,185479
1771898969.242,2,12,1240.10,-206.00,244.50,5,185479
1771898969.242,2,13,1618.30,62.30,120.90,10,185479
1771898969.242,2,14,1503.80,443.30,168.80,255,185479
1771898969.242,2,0,728.90,5.80,1024.80,5,185479
1771898969.242,2,1,779.30,172.80,1027.10,10,185479
1771898969.242,2,2,803.10,351.00,1037.10,255,185479
1771898969.242,2,3,1882.90,992.90,1542.20,5,185479
1771898969.242,2,12,1206.80,-192.20,259.50,5,185479
1771898969.242,2,13,1566.10,69.20,142.70,255,185479
1771898969.242,2,14,1522.20,445.70,161.10,10,185479
1771898969.242,2,15,1400.60,793.20,172.60,255,185479
1771898969.344,5,0,-991.70,-1727.90,1753.10,5,65789
1771898969.344,5,1,-563.60,-1835.90,1732.10,5,65789
1771898969.344,5,0,-992.70,-1730.60,1753.80,5,65789
1771898969.344,5,1,-563.90,-1838.80,1732.70,5,65789
1771898969.344,5,2,-121.50,-1841.70,1733.40,5,65789
1771898969.344,5,3,378.30,-1913.90,1799.90,5,65789
1771898969.344,5,4,-1037.60,-1756.70,1277.60,5,65789
1771898969.344,5,5,-581.50,-1890.30,1255.80,5,65789
1771898969.344,5,6,-99.40,-1928.00,1254.20,5,65789
1771898969.344,5,7,431.90,-1951.80,1271.20,5,65789
1771898969.344,5,8,-1096.00,-1809.10,762.60,5,65789
1771898969.344,5,9,-592.70,-1888.10,756.00,5,65789
1771898969.344,5,10,-91.10,-1903.20,751.20,5,65789
1771898969.344,5,11,469.40,-1946.30,717.70,255,65789
1771898969.344,5,12,-1051.80,-1615.60,280.70,5,65789
1771898969.344,5,6,-100.30,-1921.10,1254.50,5,65789
1771898969.344,5,7,423.90,-1932.40,1271.80,5,65789
1771898969.344,5,8,-1086.90,-1788.00,769.50,5,65789
1771898969.344,5,9,-592.70,-1888.10,756.00,5,65789
1771898969.344,5,10,-95.70,-1869.10,762.00,5,65789
1771898969.344,5,11,438.70,-1875.10,741.00,5,65789
1771898969.344,5,7,408.70,-1895.40,1273.10,255,65789
1771898969.344,5,8,-1077.10,-1765.10,777.00,5,65789
1771898969.344,5,9,-593.60,-1894.70,753.90,5,65789
1771898969.344,5,10,-86.20,-1939.10,739.80,255,65789
1771898969.344,5,14,-84.10,-1856.70,183.40,5,65789
1771898969.344,5,15,418.30,-1730.20,203.00,255,65789
1771898969.442,7,5,-658.30,333.80,1211.10,255,65969
1771898969.442,7,6,-558.30,366.40,1218.00,5,65969
1771898969.442,7,7,-457.80,356.40,1233.40,5,65969
1771898969.442,7,8,-1181.60,614.50,1304.10,5,65969
1771898969.442,7,9,-1039.30,835.30,1290.50,4,65969
1771898969.442,7,10,-549.00,338.20,1319.20,5,65969
1771898969.442,7,11,-463.00,350.30,1323.50,5,65969
1771898969.442,7,12,-1149.20,610.40,1553.20,5,65969
1771898969.442,7,13,-616.30,286.20,1406.50,255,65969
1771898969.442,7,12,-1140.10,603.10,1550.50,5,65969
1771898969.442,7,13,-1030.20,833.40,1559.60,4,65969
1771898969.442,7,8,-1189.50,620.60,1303.80,5,65969
1771898969.442,7,9,-653.60,331.60,1317.20,255,65969
1771898969.442,7,10,-552.50,346.50,1318.80,5,65969
1771898969.442,7,11,-463.20,352.30,1323.40,5,65969
1771898969.442,7,12,-1140.10,603.10,1550.50,5,65969
1771898969.442,7,13,-643.40,322.00,1416.50,255,65969
1771898969.442,7,14,-1645.50,2928.40,2036.80,5,65969
1771898969.442,7,15,-462.00,305.40,1400.00,5,65969
1771898969.443,8,0,-725.40,900.60,765.40,9,65953
1771898969.443,8,5,-467.40,972.40,1045.60,5,65953
1771898969.443,8,6,-222.30,944.10,1054.60,5,65953
1771898969.443,8,7,5.00,869.40,1069.80,5,65953
1771898969.443,8,8,-719.70,981.30,1303.20,5,65953
1771898969.443,8,9,-463.50,986.30,1294.20,5,65953
1771898969.443,8,10,-225.10,964.50,1295.10,5,65953
1771898969.443,8,11,-4.80,886.90,1306.30,5,65953
1771898969.443,8,12,-690.10,953.70,1558.00,5,65953
1771898969.443,8,13,-455.70,968.60,1537.20,5,65953
1771898969.443,8,14,-232.40,950.20,1533.00,5,65953
1771898969.443,8,15,-31.40,862.10,1534.90,5,65953
1771898969.542,2,9,1346.00,98.20,585.80,255,185815
1771898969.542,2,10,665.70,332.90,676.10,255,185815
1771898969.542,2,11,2036.00,1056.40,475.50,5,185815
1771898969.542,2,12,1476.60,-303.90,138.50,5,185815
1771898969.542,2,13,1566.10,69.20,142.70,255,185815
1771898969.542,2,15,1835.10,973.10,-22.20,255,185815
1771898969.640,7,3,-446.80,316.00,1153.40,5,66237
1771898969.640,7,4,-1215.00,617.90,1035.50,5,66237
1771898969.640,7,8,-1191.10,621.90,1303.70,5,66237
1771898969.640,7,9,-642.00,316.50,1318.00,255,66237
1771898969.640,7,10,-541.40,319.70,1320.10,5,66237
1771898969.640,7,11,-461.60,340.40,1323.80,5,66237
1771898969.640,7,12,-1152.20,612.80,1554.10,5,66237
1771898969.640,7,13,-616.90,287.00,1406.70,255,66237
1771898969.640,7,14,-524.70,275.30,1394.10,5,66237
1771898969.640,7,15,-461.10,299.70,1398.70,5,66237
1771898969.640,8,2,-224.40,884.40,806.70,5,66288
1771898969.640,8,3,3.20,820.90,819.40,5,66288
1771898969.640,8,4,-732.90,967.00,1037.80,5,66288
1771898969.640,8,5,-468.00,977.20,1044.10,5,66288
1771898969.640,8,6,-221.40,950.70,1052.50,5,66288
1771898969.640,8,7,12.60,887.00,1064.00,5,66288
1771898969.640,8,8,-716.60,973.90,1303.40,5,66288
1771898969.640,8,0,-720.50,889.80,772.70,5,66288
1771898969.640,8,1,-466.30,917.80,785.20,5,66288
1771898969.640,8,2,-221.90,901.10,796.00,5,66288
1771898969.640,8,3,9.60,834.80,810.00,5,66288
1771898969.640,8,4,-542.10,524.70,1182.50,4,66288
1771898969.640,8,5,-468.20,978.10,1043.80,5,66288
1771898969.640,8,6,-221.30,951.60,1052.20,5,66288
1771898969.640,8,7,16.00,894.90,1061.40,5,66288
1771898969.640,8,8,-715.10,970.20,1303.60,5,66288
1771898969.640,8,9,-464.30,992.30,1294.00,5,66288
1771898969.640,8,10,-224.40,970.50,1294.90,5,66288
1771898969.640,8,11,5.40,911.90,1305.50,5,66288
1771898969.640,8,12,-688.00,948.30,1556.70,5,66288
1771898969.640,8,13,-456.10,972.40,1538.00,5,66288
1771898969.640,8,14,-232.90,946.30,1532.10,5,66288
1771898969.640,8,15,-24.00,881.10,1539.70,5,66288
1771898969.831,1,0,738.20,382.30,1015.30,5,186106
1771898969.831,1,1,785.30,581.60,1055.80,5,186106
1771898969.831,1,2,624.20,699.50,1022.20,5,186106
1771898969.831,1,0,694.20,376.50,996.90,9,186106
1771898969.831,1,1,426.80,433.20,895.10,5,186106
1771898969.831,1,2,352.30,490.80,880.20,5,186106
1771898969.831,1,3,290.60,544.70,877.90,5,186106
1771898969.831,1,4,599.00,363.90,815.30,5,186106
1771898969.831,1,5,447.80,441.90,798.60,5,186106
1771898969.831,1,6,372.20,506.10,794.20,5,186106
1771898969.831,1,7,308.00,567.50,793.90,5,186106
1771898969.831,1,8,564.60,359.40,687.80,5,186106
1771898969.831,1,1,363.60,407.00,866.80,5,186106
1771898969.831,1,2,316.40,463.20,861.40,5,186106
1771898969.831,1,4,480.00,348.30,799.60,5,186106
1771898969.831,1,5,370.90,410.00,787.70,5,186106
1771898969.831,1,6,328.90,472.90,787.00,5,186106
1771898969.831,1,7,807.20,1217.90,901.90,4,186106
1771898969.831,1,8,492.80,350.00,697.40,5,186106
1771898969.831,1,9,370.00,409.60,711.10,5,186106
1771898969.831,1,10,336.00,478.30,710.40,5,186106
1771898969.831,1,11,841.60,1262.80,589.30,5,186106
1771898969.831,1,12,480.80,348.40,590.90,5,186106
1771898969.831,1,13,371.30,410.20,628.40,5,186106
1771898969.831,1,14,328.80,472.80,630.70,5,186106
1771898969.831,1,15,764.70,1162.60,298.10,5,186106
1771898969.832,2,13,1468.10,82.10,183.70,10,186150
1771898969.832,2,14,1563.40,451.10,143.90,255,186150
1771898969.832,2,0,1383.50,-265.40,1318.40,5,186150
1771898969.832,2,1,779.30,172.80,1027.10,255,186150
1771898969.832,2,2,803.10,351.00,1037.10,255,186150
1771898969.832,2,3,2225.10,1134.70,1695.70,255,186150
1771898969.832,2,4,1502.90,-314.80,947.20,5,186150
1771898969.832,2,5,672.60,186.80,823.40,255,186150
1771898969.832,2,6,2893.10,626.20,1118.30,255,186150
1771898969.832,2,7,2289.70,1161.40,1059.30,5,186150
1771898969.832,2,8,1511.20,-318.20,550.20,5,186150
1771898969.832,2,9,1346.00,98.20,585.80,255,186150
1771898969.832,2,10,665.70,332.90,676.10,255,186150
1771898969.832,2,11,2233.00,1137.90,447.40,255,186150
1771898969.832,2,12,1399.80,-272.10,173.00,5,186150
1771898969.832,2,13,1465.40,82.50,184.80,10,186150
1771898969.832,2,14,1563.40,451.10,143.90,255,186150
1771898969.832,2,15,1395.50,791.00,174.90,255,186150
1771898969.929,3,0,1177.00,-700.50,1225.70,5,189529
1771898969.929,3,1,1749.30,-475.60,1432.40,255,189529
1771898969.929,3,2,1382.90,-93.30,1279.30,255,189529
1771898969.929,3,3,1603.80,356.60,1417.10,255,189529
1771898969.929,3,4,1238.20,-725.90,909.50,5,189529
1771898969.929,3,5,1180.80,-400.80,890.90,255,189529
1771898969.929,3,6,780.70,-172.60,837.80,255,189529
1771898969.929,3,7,1710.80,401.00,976.80,255,189529
1771898969.929,3,8,1225.40,-720.60,591.00,5,189529
1771898969.929,3,9,2349.60,-554.60,452.50,255,189529
1771898969.929,3,10,2417.40,42.90,443.50,255,189529
1771898969.929,3,11,2924.50,903.70,348.80,255,189529
1771898969.929,3,12,1182.90,-730.00,1252.70,5,189529
1771898969.929,3,0,1188.10,-705.10,1230.70,5,189529
1771898969.929,3,1,1408.60,-430.70,1290.00,255,189529
1771898969.929,3,2,1382.90,-93.30,1279.30,255,189529
1771898969.929,3,0,1228.20,-721.70,1248.70,5,189529
1771898969.929,3,1,1421.40,-432.40,1295.40,255,189529
1771898969.929,3,2,1382.90,-93.30,1279.30,255,189529
1771898969.929,3,3,1603.80,356.60,1417.10,255,189529
1771898969.929,3,4,1255.60,-733.10,911.90,5,189529
1771898969.929,3,5,2267.00,-543.80,1035.20,255,189529
1771898969.929,3,6,780.70,-172.60,837.80,255,189529
1771898969.929,3,7,1710.80,401.00,976.80,255,189529
1771898969.929,3,8,1292.20,-748.30,581.40,5,189529
1771898969.929,3,9,1967.20,-504.30,503.30,255,189529
1771898969.929,3,10,2417.40,42.90,443.50,255,189529
1771898969.929,3,11,2924.50,903.70,348.80,255,189529
1771898969.929,3,12,1225.60,-720.70,251.00,5,189529
1771898969.929,3,13,1994.80,-507.90,-36.30,255,189529
1771898969.929,3,14,3950.40,244.70,-853.40,255,189529
1771898969.929,3,15,1491.90,310.30,131.60,255,189529
1771898970.044,6,0,-750.10,-63.40,1412.20,255,66471
1771898970.044,6,6,-670.60,-205.30,1320.10,5,66471
1771898970.044,6,7,-602.40,-250.00,1324.30,5,66471
1771898970.044,6,8,-714.00,-47.10,1244.30,255,66471
1771898970.044,6,9,-673.50,-116.60,1247.30,5,66471
1771898970.044,6,10,-689.00,-222.00,1226.40,5,66471
1771898970.044,6,11,-605.00,-262.40,1240.00,5,66471
1771898970.044,6,12,-636.00,-33.40,1199.10,5,66471
1771898970.044,6,13,-634.70,-98.90,1186.10,5,66471
1771898970.044,6,14,-677.10,-215.90,1125.00,5,66471
1771898970.044,6,9,-671.80,-115.80,1247.90,5,66471
1771898970.044,6,10,-677.70,-213.30,1230.90,5,66471
1771898970.044,6,11,-601.00,-257.00,1242.00,5,66471
1771898970.044,6,12,-636.80,-33.50,1198.60,5,66471
1771898970.044,6,13,-626.80,-95.70,1191.50,5,66471
1771898970.044,6,14,-673.20,-212.70,1128.20,5,66471
1771898970.044,6,15,-580.50,-239.40,1161.80,5,66471
1771898970.044,4,1,1404.60,-1084.40,83.50,5,189872
1771898970.044,4,2,1078.80,-1273.20,285.80,255,189872
1771898970.044,4,3,704.70,-1281.90,465.70,5,189872
1771898970.044,4,4,1539.60,-583.10,366.90,5,189872
1771898970.044,4,5,1603.50,-1015.60,467.50,9,189872
1771898970.044,4,6,1399.80,-1372.40,616.80,5,189872
1771898970.044,4,10,1466.30,-1235.60,1029.60,5,189872
1771898970.044,4,11,837.10,-1138.70,1040.60,5,189872
1771898970.044,4,12,1578.10,-337.50,1112.30,5,189872
1771898970.044,4,13,1644.90,-714.10,1286.10,5,189872
1771898970.044,4,5,1560.80,-995.20,475.60,5,189872
1771898970.044,4,0,1383.20,-683.60,16.00,5,189872
1771898970.044,4,1,1409.30,-1087.30,81.10,255,189872
1771898970.044,4,2,1068.70,-1263.20,290.50,255,189872
1771898970.044,4,3,743.80,-1345.70,447.40,5,189872
1771898970.044,4,4,1553.90,-585.90,363.10,5,189872
1771898970.044,4,5,1612.40,-1019.80,465.90,5,189872
1771898970.044,4,6,1470.40,-1430.80,609.60,5,189872
1771898970.044,4,7,851.90,-1318.10,758.30,5,189872
1771898970.044,4,8,1597.30,-464.80,738.60,5,189872
1771898970.044,4,0,1400.00,-688.70,6.40,5,189872
1771898970.044,4,1,1440.70,-1106.20,65.10,5,189872
1771898970.044,4,2,1068.70,-1263.20,290.50,255,189872
1771898970.044,4,0,1365.60,-678.30,26.10,5,189872
1771898970.044,4,1,1396.00,-1079.20,87.90,255,189872
1771898970.044,4,2,1033.20,-1227.70,307.40,255,189872
1771898970.044,4,3,727.00,-1318.40,455.20,5,189872
1771898970.044,4,4,1552.00,-585.50,363.60,5,189872
1771898970.044,4,5,1594.60,-1011.30,469.20,5,189872
1771898970.044,4,6,1537.30,-1486.10,602.80,5,189872
1771898970.044,4,7,845.40,-1309.20,758.20,5,189872
1771898970.044,4,8,1593.40,-464.40,738.60,5,189872
1771898970.044,4,9,1707.80,-895.80,884.10,5,189872
1771898970.044,4,13,1667.80,-720.20,1294.00,5,189872
1771898970.044,4,14,1375.20,-1001.60,1385.80,5,189872
1771898970.044,4,15,899.80,-1049.90,1350.00,5,189872
1771898970.145,5,2,-119.20,-1860.10,1737.50,5,66790
1771898970.145,5,3,355.40,-1854.90,1785.10,5,66790
1771898970.145,5,4,-1037.20,-1755.70,1277.70,5,66790
1771898970.145,5,5,-583.60,-1906.20,1255.10,5,66790
1771898970.145,5,6,-98.30,-1935.90,1253.80,5,66790
1771898970.145,5,7,413.60,-1907.40,1272.70,10,66790
1771898970.145,5,8,-1069.10,-1746.70,783.00,5,66790
1771898970.145,5,9,-589.70,-1866.30,762.90,5,66790
1771898970.145,5,10,-86.20,-1939.10,739.80,255,66790
1771898970.145,5,11,434.90,-1866.30,743.90,5,66790
1771898970.145,5,12,-1067.30,-1649.70,257.60,5,66790
1771898970.145,5,13,-590.70,-1780.70,232.20,5,66790
1771898970.145,5,14,-84.10,-1856.70,183.40,255,66790
1771898970.145,5,7,406.40,-1889.80,1273.20,5,66790
1771898970.145,5,8,-1070.60,-1750.20,781.90,5,66790
1771898970.145,5,9,-591.20,-1877.70,759.30,5,66790
1771898970.145,5,10,-79.80,-1985.40,725.20,10,66790
1771898970.145,5,9,-594.50,-1901.30,751.80,5,66790
1771898970.145,5,10,-90.30,-1908.90,749.40,5,66790
1771898970.145,5,11,451.60,-1905.00,731.30,10,66790
1771898970.145,5,12,-1056.70,-1626.50,273.30,5,66790
1771898970.145,5,13,-597.20,-1825.80,203.20,5,66790
1771898970.145,5,4,-1044.00,-1772.40,1277.10,5,66790
1771898970.145,5,5,-578.60,-1867.60,1256.80,5,66790
1771898970.145,5,6,-98.70,-1932.90,1254.00,5,66790
1771898970.145,5,7,407.60,-1892.60,1273.10,255,66790
1771898970.145,5,12,-1067.00,-1648.90,258.10,5,66790
1771898970.145,5,1,-563.00,-1831.00,1731.00,5,66790
1771898970.145,5,2,-120.40,-1850.40,1735.40,5,66790
1771898970.145,5,3,364.60,-1878.50,1791.00,9,66790
1771898970.145,5,4,-1040.30,-1763.10,1277.40,5,66790
1771898970.145,5,5,-580.80,-1884.40,1256.00,5,66790
1771898970.145,5,6,-103.10,-1899.30,1255.40,5,66790
1771898970.145,5,7,408.30,-1894.50,1273.10,5,66790
1771898970.145,5,8,-1093.80,-1803.80,764.30,5,66790
1771898970.145,5,0,-985.70,-1712.50,1749.20,5,66790
1771898970.145,5,1,-565.50,-1851.40,1735.60,5,66790
1771898970.145,5,2,-122.50,-1833.90,1731.70,5,66790
1771898970.145,5,3,349.00,-1838.60,1781.00,5,66790
1771898970.145,5,12,-1064.50,-1643.50,261.80,5,66790
1771898970.145,5,13,-587.90,-1761.50,244.50,5,66790
1771898970.145,5,14,-82.40,-1868.40,175.90,5,66790
1771898970.145,5,15,407.00,-1705.40,219.80,5,66790
1771898970.255,6,9,-670.00,-115.10,1248.50,5,66806
1771898970.255,6,10,-678.50,-213.90,1230.60,5,66806
1771898970.255,6,11,-599.80,-255.50,1242.60,5,66806
1771898970.255,6,12,-641.10,-33.90,1195.90,5,66806
1771898970.255,6,13,-629.20,-96.70,1189.90,5,66806
1771898970.255,6,0,-737.60,-61.50,1409.20,255,66806
1771898970.255,6,1,-700.50,-131.60,1401.70,5,66806
1771898970.255,6,2,-622.30,-166.30,1390.30,9,66806
1771898970.255,6,3,-575.50,-207.90,1392.30,9,66806
1771898970.255,6,4,-748.00,-57.10,1323.40,255,66806
1771898970.255,6,5,-700.50,-129.60,1320.60,5,66806
1771898970.255,6,6,-662.60,-199.20,1320.60,5,66806
1771898970.255,6,7,-597.60,-243.70,1324.60,5,66806
1771898970.255,6,8,-714.90,-47.30,1244.10,255,66806
1771898970.255,6,9,-670.90,-115.50,1248.20,5,66806
1771898970.255,6,10,-676.20,-212.10,1231.50,5,66806
1771898970.255,6,11,-597.00,-251.60,1244.10,5,66806
1771898970.255,6,12,-643.60,-34.10,1194.40,5,66806
1771898970.255,6,13,-627.60,-96.10,1190.90,5,66806
1771898970.255,6,14,-666.50,-207.50,1133.60,5,66806
1771898970.255,6,15,-581.00,-240.10,1161.30,5,66806
1771898970.353,8,5,-389.40,402.40,1226.10,5,66889
1771898970.353,8,7,23.60,912.50,1055.70,5,66889
1771898970.353,8,8,-477.20,390.40,1322.70,5,66889
1771898970.353,8,9,-389.70,421.60,1318.20,5,66889
1771898970.353,8,10,-221.50,992.30,1294.00,5,66889
1771898970.353,8,11,15.30,935.90,1304.70,5,66889
1771898970.353,8,12,-692.90,961.00,1559.90,5,66889
1771898970.353,8,13,-399.00,513.40,1434.80,5,66889
1771898970.353,8,14,-231.50,957.90,1534.80,5,66889
1771898970.353,8,15,-13.70,907.50,1546.40,5,66889
1771898970.353,1,1,329.50,392.80,851.50,5,186636
1771898970.353,1,9,790.40,583.80,651.10,5,186636
1771898970.353,1,10,785.10,822.90,635.90,5,186636
1771898970.353,1,11,759.50,1155.80,607.00,5,186636
1771898970.353,1,12,355.30,331.90,643.30,5,186636
1771898970.353,1,13,763.10,572.50,452.70,5,186636
1771898970.353,1,4,747.40,383.50,835.10,5,186636
1771898970.353,1,5,775.80,577.70,845.40,5,186636
1771898970.353,1,6,752.90,798.20,857.40,5,186636
1771898970.353,1,7,774.60,1175.50,894.80,5,186636
1771898970.353,1,0,715.30,379.20,1005.70,5,186636
1771898970.353,1,1,734.10,560.40,1032.90,5,186636
1771898970.353,1,2,731.20,781.60,1078.00,5,186636
1771898970.353,1,3,769.80,1169.20,1203.90,5,186636
1771898970.353,1,4,741.50,382.70,834.30,5,186636
1771898970.353,1,5,776.70,578.10,845.50,5,186636
1771898970.353,1,6,752.90,798.20,857.40,5,186636
1771898970.353,1,7,729.90,1117.30,885.20,9,186636
1771898970.353,1,8,752.30,384.10,662.90,5,186636
1771898970.353,1,9,776.70,578.10,653.10,5,186636
1771898970.353,1,10,763.10,806.00,639.50,5,186636
1771898970.353,1,11,763.70,1161.30,606.10,5,186636
1771898970.353,1,12,724.50,380.50,489.10,5,186636
1771898970.353,1,13,751.20,567.50,458.10,5,186636
1771898970.353,1,14,751.70,797.30,409.90,5,186636
1771898970.353,1,15,706.20,1086.40,337.90,5,186636
1771898970.448,1,15,697.20,1074.70,344.00,5,186770
1771898970.448,2,3,2225.10,1134.70,1695.70,255,186754
1771898970.448,2,4,1466.30,-299.70,942.00,5,186754
1771898970.448,2,5,672.60,186.80,823.40,255,186754
1771898970.448,2,6,2893.10,626.20,1118.30,255,186754
1771898970.448,2,7,2452.80,1229.00,1082.50,4,186754
1771898970.448,2,0,1306.70,-233.60,1283.90,5,186754
1771898970.448,2,1,779.30,172.80,1027.10,255,186754
1771898970.448,2,2,803.10,351.00,1037.10,255,186754
1771898970.448,2,3,2247.30,1143.90,1705.60,255,186754
1771898970.448,2,4,1432.40,-285.60,937.10,9,186754
1771898970.448,2,12,1315.20,-237.10,210.90,5,186754
1771898970.448,2,13,1360.90,96.20,228.50,10,186754
1771898970.448,2,14,1563.40,451.10,143.90,255,186754
1771898970.448,2,15,1374.10,782.20,184.50,255,186754
1771898970.544,5,7,402.60,-1880.60,1273.50,5,67123
1771898970.544,5,8,-1075.50,-1761.60,778.10,5,67123
1771898970.544,5,9,-593.40,-1893.70,754.20,5,67123
1771898970.544,5,10,-91.70,-1898.50,752.70,5,67123
1771898970.544,5,9,-595.10,-1906.00,750.30,5,67123
1771898970.544,5,10,-90.90,-1904.10,750.90,5,67123
1771898970.544,5,11,456.50,-1916.40,727.50,3,67123
1771898970.544,5,12,-1059.90,-1633.40,268.60,5,67123
1771898970.544,5,13,-588.70,-1766.50,241.30,5,67123
1771898970.544,5,14,-86.80,-1838.30,195.20,5,67123
1771898970.544,5,15,397.40,-1684.50,234.00,5,67123
1771898970.545,6,6,-658.70,-196.10,1320.80,5,67072
1771898970.545,6,7,-595.10,-240.50,1324.70,5,67072
1771898970.545,6,9,-677.90,-118.40,1245.80,5,67072
1771898970.545,6,10,-670.20,-207.40,1233.90,5,67072
1771898970.545,6,11,-594.10,-247.80,1245.50,5,67072
1771898970.545,6,12,-635.10,-33.30,1199.60,5,67072
1771898970.545,6,13,-640.20,-101.10,1182.40,5,67072
1771898970.545,6,14,-654.60,-198.10,1143.20,5,67072
1771898970.545,6,15,-578.10,-235.90,1164.40,5,67072
1771898970.652,7,0,-1199.00,580.70,742.80,5,67173
1771898970.652,7,1,-621.70,282.80,1125.60,255,67173
1771898970.652,7,2,-555.70,367.20,1099.80,5,67173
1771898970.652,7,3,-446.40,311.80,1156.00,5,67173
1771898970.652,7,4,-2176.10,1333.30,675.80,4,67173
1771898970.652,7,5,-643.10,314.20,1218.90,255,67173
1771898970.652,7,6,-549.30,344.30,1225.50,5,67173
1771898970.652,7,7,-455.20,334.60,1240.00,5,67173
1771898970.652,7,8,-2155.20,1366.80,1266.50,5,67173
1771898970.652,7,0,-657.60,195.20,1152.90,255,67173
1771898970.652,7,1,-604.50,260.90,1143.20,255,67173
1771898970.652,7,2,-560.70,379.70,1091.30,5,67173
1771898970.652,7,3,-446.60,313.40,1155.00,5,67173
1771898970.652,7,4,-2175.40,1332.70,676.00,5,67173
1771898970.652,7,5,-630.80,298.30,1225.20,255,67173
1771898970.652,7,6,-545.70,335.50,1228.50,5,67173
1771898970.652,7,7,-455.00,332.70,1240.60,5,67173
1771898970.652,7,8,-2147.30,1360.70,1266.80,5,67173
1771898970.652,7,9,-2434.50,2657.40,1193.70,5,67173
1771898970.652,7,10,-532.90,299.40,1321.00,5,67173
1771898970.652,7,0,-634.70,178.90,1170.20,255,67173
1771898970.652,1,12,724.50,380.50,489.10,5,186970
1771898970.652,2,9,1346.00,98.20,585.80,255,186954
1771898970.652,2,10,665.70,332.90,676.10,255,186954
1771898970.652,2,11,2443.60,1225.20,417.40,255,186954
1771898970.652,2,0,1294.80,-228.60,1278.60,5,186954
1771898970.652,2,1,779.30,172.80,1027.10,255,186954
1771898970.652,2,2,803.10,351.00,1037.10,255,186954
1771898970.652,2,3,2247.30,1143.90,1705.60,255,186954
1771898970.652,2,4,1418.60,-279.90,935.20,5,186954
1771898970.652,2,5,672.60,186.80,823.40,255,186954
1771898970.652,2,6,2893.10,626.20,1118.30,255,186954
1771898970.652,2,7,2560.90,1273.80,1097.90,255,186954
1771898970.652,2,13,1360.90,96.20,228.50,255,186954
1771898970.652,2,14,1563.40,451.10,143.90,255,186954
1771898970.652,2,15,1374.10,782.20,184.50,255,186954
1771898970.652,4,15,894.00,-1044.50,1345.60,5,190408
1771898970.652,4,15,901.00,-1051.10,1350.90,5,190476
1771898970.752,7,3,-446.10,308.40,1158.10,5,67439
1771898970.752,7,4,-720.30,249.60,1220.80,5,67439
1771898970.752,7,5,-609.70,271.20,1236.00,5,67439
1771898970.752,7,6,-535.60,310.70,1236.80,5,67439
1771898970.752,7,7,-453.40,319.30,1244.60,5,67439
1771898970.752,7,12,-761.00,299.30,1436.40,5,67439
1771898970.752,7,13,-624.60,297.10,1409.50,255,67439
1771898970.752,7,14,-545.20,323.90,1405.80,5,67439
1771898970.752,7,6,-533.10,304.60,1238.90,5,67439
1771898970.752,7,7,-452.80,313.60,1246.40,5,67439
1771898970.752,7,8,-750.50,281.50,1320.70,5,67439
1771898970.752,7,9,-622.60,291.10,1319.40,255,67439
1771898970.752,7,10,-537.50,310.50,1320.50,5,67439
1771898970.752,7,11,-455.60,295.80,1325.20,5,67439
1771898970.752,7,12,-778.40,313.30,1441.70,5,67439
1771898970.752,7,13,-2409.50,2657.40,2069.90,4,67439
1771898970.752,7,14,-541.40,314.90,1403.60,5,67439
1771898970.752,7,15,-460.90,298.70,1398.40,5,67439
1771898970.752,1,11,803.50,1213.20,597.50,5,187219
1771898970.752,1,12,721.70,380.10,490.20,5,187219
1771898970.752,1,13,751.20,567.50,458.10,5,187219
1771898970.752,1,14,748.10,794.50,339.10,5,187219
1771898970.858,3,8,1328.00,-763.10,576.40,5,190713
1771898970.858,3,9,1967.20,-504.30,503.30,255,190713
1771898970.858,3,10,2417.40,42.90,443.50,255,190713
1771898970.858,3,11,2924.50,903.70,348.80,255,190713
1771898970.858,3,0,1229.00,-722.10,1249.10,5,190713
1771898970.858,3,1,1340.80,-421.80,1261.70,10,190713
1771898970.858,3,2,1432.40,-86.80,1300.00,255,190713
1771898970.858,3,3,1603.80,356.60,1417.10,255,190713
1771898970.858,3,4,1303.20,-752.80,918.70,5,190713
1771898970.858,3,5,2267.00,-543.80,1035.20,255,190713
1771898970.858,3,6,780.70,-172.60,837.80,255,190713
1771898970.858,3,7,1710.80,401.00,976.80,255,190713
1771898970.858,3,9,1967.20,-504.30,503.30,255,190713
1771898970.858,3,10,2417.40,42.90,443.50,255,190713
1771898970.858,3,11,2789.90,847.90,368.00,10,190713
1771898970.858,3,12,1219.70,-718.20,253.70,5,190713
1771898970.858,3,13,1975.60,-74000.00,879.90,5,190713
1771898970.858,3,0,1236.70,-725.30,1252.50,5,190713
1771898970.858,3,1,1340.80,-421.80,1261.70,255,190713
1771898970.858,3,2,1432.40,-86.80,1300.00,255,190713
1771898970.858,3,3,1603.80,356.60,1417.10,255,190713
1771898970.858,3,11,2789.90,847.90,368.00,255,190713
1771898970.858,3,12,1216.20,-716.80,255.30,5,190713
1771898970.858,3,13,1975.60,-505.40,-28.30,255,190713
1771898970.858,3,14,2131.30,5.20,-93.40,255,190713
1771898970.858,3,15,1491.90,310.30,131.60,255,190713
1771898970.858,3,6,780.70,-172.60,837.80,255,190777
1771898970.858,3,7,2807.30,855.10,1133.00,10,190777
1771898970.858,3,8,1306.00,-754.00,579.50,5,190777
1771898970.858,3,9,1447.20,-435.80,572.30,255,190777
1771898970.858,3,10,2417.40,42.90,443.50,255,190777
1771898970.858,3,11,3371.50,1088.80,285.10,10,190777
1771898970.858,3,12,1223.10,-719.60,252.20,5,190777
1771898970.858,3,13,1975.60,-505.40,-28.30,255,190777
1771898970.858,3,14,2131.30,5.20,-93.40,255,190777
1771898970.858,3,15,1491.90,310.30,131.60,255,190777
1771898970.971,5,9,-591.40,-1878.60,759.00,5,67724
1771898970.971,5,10,-93.40,-1886.20,756.60,255,67724
1771898970.971,5,11,438.70,-1875.10,741.00,5,67724
1771898970.971,5,12,-1065.90,-1646.60,259.70,5,67724
1771898970.971,5,13,-591.20,-1784.00,230.00,5,67724
1771898970.971,5,0,-986.40,-1714.30,1749.60,5,67724
1771898970.971,5,1,-560.40,-1810.70,1726.40,5,67724
1771898970.971,5,2,-120.00,-1853.30,1736.00,5,67724
1771898970.971,5,3,355.00,-1854.00,1784.90,5,67724
1771898970.971,5,4,-1045.20,-1775.20,1277.00,5,67724
1771898970.971,5,5,-580.40,-1881.40,1256.20,5,67724
1771898970.971,5,6,-99.20,-1929.00,1254.10,5,67724
1771898970.971,5,7,422.70,-1929.60,1271.90,5,67724
1771898970.971,5,8,-1077.40,-1766.00,776.70,5,67724
1771898970.971,5,9,-595.80,-1910.70,748.80,5,67724
1771898970.971,5,10,-98.30,-1850.20,767.90,10,67724
1771898970.971,5,11,422.00,-1836.40,753.70,5,67724
1771898970.971,5,12,-1055.00,-1622.60,276.00,5,67724
1771898970.971,5,13,-591.60,-1786.50,228.40,5,67724
1771898970.971,5,12,-1062.70,-1639.60,264.40,5,67724
1771898970.971,5,13,-590.40,-1778.20,233.80,5,67724
1771898970.971,5,14,-91.00,-1809.10,213.90,5,67724
1771898970.971,5,15,405.60,-1702.30,221.90,5,67724
1771898971.177,5,10,-89.40,-1915.50,747.30,10,68058
1771898971.177,5,11,430.70,-1856.60,747.10,5,68058
1771898971.177,5,12,-1063.40,-1641.20,263.40,5,68058
1771898971.177,5,13,-580.60,-1710.50,277.20,5,68058
1771898971.177,5,14,-88.70,-1825.00,203.80,5,68058
1771898971.177,5,15,392.80,-1674.50,240.80,5,68058
1771898971.177,5,7,411.40,-1901.90,1272.80,5,68058
1771898971.177,5,8,-1090.00,-1795.00,767.20,5,68058
1771898971.177,5,9,-591.10,-1876.70,759.60,5,68058
1771898971.177,5,10,-90.90,-1904.10,750.90,10,68058
1771898971.177,5,11,434.10,-1864.50,744.50,5,68058
1771898971.177,5,12,-1067.00,-1648.90,258.10,5,68058
1771898971.177,5,13,-588.30,-1764.00,242.90,5,68058
1771898971.177,5,14,-91.00,-1809.10,213.90,5,68058
1771898971.177,5,15,402.40,-1695.40,226.60,5,68058
1771898971.177,7,13,-583.30,242.60,1394.30,5,68042
1771898971.177,7,14,-516.00,254.70,1389.00,5,68042
1771898971.177,7,15,-453.10,247.70,1386.30,5,68042
1771898971.177,7,15,-452.20,241.90,1384.90,5,68110
1771898971.298,1,1,737.50,561.80,1034.40,5,187941
1771898971.298,1,2,736.30,785.50,1080.70,5,187941
1771898971.298,1,3,739.40,1129.60,1183.30,5,187941
1771898971.298,1,4,745.40,383.20,834.80,5,187941
1771898971.298,1,5,775.80,577.70,845.40,5,187941
1771898971.298,1,6,765.50,807.80,859.50,5,187941
1771898971.298,1,7,765.50,1163.70,892.90,5,187941
1771898971.298,1,9,784.00,581.10,652.10,5,187941
1771898971.298,1,11,763.70,1161.30,606.10,9,187941
1771898971.298,1,12,719.90,379.80,491.00,5,187941
1771898971.298,1,13,752.00,567.90,457.70,5,187941
1771898971.298,1,14,754.70,799.60,408.30,9,187941
1771898971.298,1,1,729.80,558.70,1031.00,5,187941
1771898971.298,1,2,720.20,773.10,1072.30,5,187941
1771898971.298,1,1,730.70,559.00,1031.30,5,187941
1771898971.298,1,2,729.00,779.90,1076.90,9,187941
1771898971.298,1,3,709.60,1090.80,1163.00,5,187941
1771898971.298,1,4,743.50,383.00,834.50,5,187941
1771898971.298,1,5,773.90,576.90,845.10,5,187941
1771898971.298,1,6,745.80,792.80,856.20,5,187941
1771898971.298,1,7,746.80,1139.30,888.80,5,187941
1771898971.298,1,8,745.40,383.20,663.80,5,187941
1771898971.298,1,9,773.90,576.90,653.50,5,187941
1771898971.298,1,10,756.80,801.20,640.60,5,187941
1771898971.299,2,0,1272.60,-219.40,1268.60,9,187895
1771898971.299,2,1,779.30,172.80,1027.10,255,187895
1771898971.299,2,4,1380.20,-264.00,929.70,5,187895
1771898971.299,2,13,1574.40,68.10,139.30,255,187895
1771898971.299,2,14,1554.20,449.90,147.70,255,187895
1771898971.299,2,15,1456.10,816.10,147.70,255,187895
1771898971.401,1,14,751.00,796.80,410.20,9,188005
1771898971.401,1,15,702.30,1081.30,340.60,5,188005
1771898971.500,2,0,1252.10,-210.90,1259.40,5,188030
1771898971.500,2,1,779.30,172.80,1027.10,255,188030
1771898971.500,2,2,803.10,351.00,10515.80,255,188030
1771898971.500,2,10,665.70,332.90,676.10,255,188030
1771898971.500,2,11,2830.20,1385.30,362.30,255,188030
1771898971.500,2,12,1349.40,-251.20,195.60,5,188030
1771898971.500,2,13,1400.30,91.00,212.00,10,188030
1771898971.500,2,14,1554.20,449.90,147.70,255,188030
1771898971.500,2,15,1456.10,816.10,147.70,255,188030
1771898971.601,5,14,-90.40,-1813.30,211.30,5,68258
1771898971.601,5,15,402.70,-1696.10,226.10,5,68258
1771898971.815,3,3,1233.30,203.20,1251.00,255,191567
1771898971.815,3,4,1341.70,-768.80,924.20,5,191567
1771898971.815,3,5,2267.00,-543.80,1035.20,255,191567
1771898971.815,3,6,780.70,-172.60,837.80,255,191567
1771898971.815,3,7,2807.30,855.10,1133.00,255,191567
1771898971.815,3,11,3371.50,1088.80,285.10,255,191567
1771898971.815,3,1,1427.80,-433.30,1298.10,255,191567
1771898971.815,3,2,1391.20,-92.20,1282.80,255,191567
1771898971.815,3,3,1233.30,203.20,1251.00,255,191567
1771898971.815,3,4,1343.50,-769.50,924.50,5,191567
1771898971.815,3,5,2267.00,-543.80,1035.20,255,191567
1771898971.815,3,6,780.70,-172.60,837.80,255,191567
1771898971.815,3,7,2807.30,855.10,1133.00,255,191567
1771898971.815,3,8,1325.20,-761.90,576.70,5,191567
1771898971.815,3,9,1447.20,-435.80,572.30,255,191567
1771898971.815,3,10,2417.40,42.90,443.50,255,191567
1771898971.815,3,11,3371.50,1088.80,285.10,255,191567
1771898971.815,3,0,1262.30,-735.90,1264.00,5,191567
1771898971.815,3,1,1470.90,-438.90,1316.10,255,191567
1771898971.815,3,2,1459.90,-83.20,1311.50,10,191567
1771898971.815,3,0,1234.20,-724.20,1251.40,5,191567
1771898971.815,3,1,1470.90,-438.90,1316.10,255,191567
1771898971.815,3,2,1459.90,-83.20,1311.50,255,191567
1771898971.815,3,3,1328.90,242.80,1293.90,10,191567
1771898971.815,3,4,1311.50,-756.20,919.90,5,191567
1771898971.815,3,7,2807.30,855.10,1133.00,255,191567
1771898971.815,3,8,1287.70,-746.40,582.10,5,191567
1771898971.815,3,9,1447.20,-435.80,572.30,255,191567
1771898971.815,3,10,2417.40,42.90,443.50,255,191567
1771898971.815,3,11,3371.50,1088.80,285.10,255,191567
1771898971.815,3,12,1195.80,-708.30,264.40,5,191567
1771898971.815,3,13,115916000.00,-1786.50,228.40,5,191567
1771898971.815,7,1,-546.00,186.60,1203.30,5,68444
1771898971.815,7,2,-512.80,259.80,1173.30,5,68444
1771898971.815,7,15,-451.20,235.20,1383.30,5,68444
1771898971.922,2,0,1303.30,-232.10,1282.40,5,188232
1771898971.922,2,1,779.30,172.80,1027.10,255,188232
1771898971.922,2,2,803.10,351.00,1037.10,255,188232
1771898971.922,2,3,2175.60,1114.20,1673.50,255,188232
1771898971.922,2,13,1400.30,91.00,212.00,255,188232
1771898972.029,2,2,803.10,351.00,1037.10,255,188298
1771898972.029,2,3,2175.60,1114.20,1673.50,255,188298
1771898972.029,2,4,1497.40,-312.60,946.40,5,188298
1771898972.029,2,5,672.60,186.80,823.40,255,188298
1771898972.029,2,6,2893.10,626.20,1118.30,255,188298
1771898972.029,2,7,2504.10,1250.20,1089.80,255,188298
1771898972.029,2,8,1527.70,-325.10,547.90,9,188298
1771898972.029,2,9,1872.80,28.80,515.80,255,188298
1771898972.029,2,10,665.70,332.90,676.10,255,188298
1771898972.029,2,11,2394.20,1204.70,424.40,10,188298
1771898972.029,2,12,1398.90,-271.70,173.40,5,188298
1771898972.029,2,13,1400.30,91.00,212.00,255,188298
1771898972.029,2,14,1595.40,455.30,130.50,10,188298
1771898972.029,2,15,1399.80,792.80,173.00,255,188298
1771898972.029,4,0,1394.20,-686.90,9.80,5,191750
1771898972.029,4,0,1377.40,-681.90,19.40,5,191750
1771898972.029,4,1,1311.30,-1028.10,131.20,9,191750
1771898972.029,4,2,1092.20,-1286.60,279.40,255,191750
1771898972.029,4,3,745.80,-1349.00,446.40,5,191750
1771898972.029,4,4,1566.20,-588.40,359.80,5,191750
1771898972.029,4,5,1638.20,-1032.10,461.00,9,191750
1771898972.029,4,6,1373.70,-1350.80,619.50,5,191750
1771898972.029,4,7,846.00,-1310.00,758.20,5,191750
1771898972.029,4,8,1588.40,-463.90,738.70,5,191750
1771898972.029,4,13,1706.20,-730.60,1307.40,5,191750
1771898972.126,4,7,836.50,-1297.20,758.10,5,191817
1771898972.126,4,8,1588.40,-463.90,738.70,5,191817
1771898972.126,4,9,1683.50,-886.80,882.00,5,191817
1771898972.126,4,10,1398.00,-1188.70,1015.50,5,191817
1771898972.126,4,11,872.80,-1179.40,1054.70,5,191817
1771898972.126,4,12,1587.80,-337.80,1114.70,5,191817
1771898972.126,4,13,1679.70,-723.40,1298.20,5,191817
1771898972.126,4,14,1437.80,-1036.10,1417.10,5,191817
1771898972.126,4,15,895.90,-1046.30,1347.10,5,191817
1771898972.126,7,3,-438.80,232.10,1205.40,5,68644
1771898972.126,7,4,-603.50,162.60,1264.50,5,68644
1771898972.126,7,5,-560.00,207.10,1261.40,5,68644
1771898972.126,7,8,-2152.10,1364.40,1266.60,13,68644
1771898972.126,7,9,-570.30,222.90,1323.00,5,68644
1771898972.126,7,10,-513.40,252.40,1323.10,5,68644
1771898972.126,7,11,-448.00,239.40,1326.90,5,68644
1771898972.126,7,12,-2054.00,1335.40,1825.60,5,68644
1771898972.126,7,13,-576.30,233.20,1391.70,5,68644
1771898972.126,7,15,-450.90,233.30,1382.90,5,68644
1771898972.338,8,0,-721.60,892.10,771.10,5,68810
1771898972.338,8,11,17.20,940.60,1304.50,5,68810
1771898972.338,8,12,-681.60,931.90,1552.50,5,68810
1771898972.338,8,13,-456.60,976.30,1538.90,5,68810
1771898972.338,8,14,-231.10,960.80,1535.40,5,68810
1771898972.338,8,9,-465.50,1001.20,1293.60,5,68810
1771898972.338,8,10,-222.20,987.30,1294.20,5,68810
1771898972.338,8,11,16.00,937.80,1304.60,5,68810
1771898972.338,8,12,-681.30,931.00,1552.30,5,68810
1771898972.338,8,0,-721.20,891.30,771.70,5,68810
1771898972.338,8,1,-467.60,927.00,779.40,5,68810
1771898972.338,8,0,-720.80,890.50,772.20,9,68810
1771898972.338,8,1,-466.30,917.80,785.20,9,68810
1771898972.338,8,2,-221.00,907.80,791.70,5,68810
1771898972.338,8,3,14.90,846.40,802.10,5,68810
1771898972.338,8,4,-721.20,939.80,1046.80,5,68810
1771898972.338,8,5,-468.20,978.10,1043.80,5,68810
1771898972.338,8,6,-219.70,963.00,1048.60,5,68810
1771898972.338,8,7,23.60,912.50,1055.70,5,68810
1771898972.338,8,8,-710.20,958.10,1304.00,5,68810
1771898972.338,8,13,-456.00,971.50,1537.80,5,68810
1771898972.338,8,14,-232.00,954.00,1533.90,5,68810
1771898972.338,8,15,-15.90,902.00,1545.00,5,68810
1771898972.338,8,5,-467.10,970.50,1046.20,5,68810
1771898972.338,8,6,-219.20,966.80,1047.40,5,68810
1771898972.338,8,7,21.00,906.30,1057.70,5,68810
1771898972.338,8,8,-706.80,949.80,1304.20,5,68810
1771898972.338,8,9,-463.10,983.40,1294.30,5,68810
1771898972.338,8,10,-223.20,979.40,1294.50,5,68810
1771898972.338,8,0,-723.00,895.20,769.00,5,68810
1771898972.338,8,1,-466.90,922.00,782.60,5,68810
1771898972.338,8,2,-221.90,901.10,796.00,5,68810
1771898972.338,8,3,11.40,838.70,807.40,9,68810
1771898972.338,8,4,-720.00,937.10,1047.60,5,68810
1771898972.338,8,5,-468.00,977.20,1044.10,5,68810
1771898972.338,8,6,-220.30,958.30,1050.10,5,68810
1771898972.338,8,7,24.00,913.40,1055.40,5,68810
1771898972.338,8,8,-709.40,956.30,1304.00,5,68810
1771898972.338,8,9,-463.40,985.30,1294.30,5,68810
1771898972.338,8,10,-223.30,978.40,1294.60,5,68810
1771898972.338,8,0,-721.20,891.30,771.70,5,68810
1771898972.338,8,1,-466.70,921.20,783.10,5,68810
1771898972.338,8,2,-221.50,904.50,793.80,5,68810
1771898972.338,8,7,21.70,908.10,1057.10,5,68810
1771898972.338,8,8,-709.00,955.40,1304.10,5,68810
1771898972.338,8,9,-464.20,991.30,1294.00,5,68810
1771898972.338,8,10,-223.80,974.40,1294.70,5,68810
1771898972.338,8,11,10.30,923.90,1305.10,5,68810
1771898972.338,8,12,-682.30,933.80,1553.00,5,68810
1771898972.338,8,13,-454.80,961.80,1535.60,5,68810
1771898972.338,8,14,-232.60,949.20,1532.80,5,68810
1771898972.338,8,15,-21.20,888.40,1541.60,5,68810
1771898972.436,3,0,1225.60,-720.70,1247.60,5,192100
1771898972.436,3,1,1410.40,-431.00,1290.80,10,192100
1771898972.436,3,2,1573.40,-68.20,1358.90,255,192100
1771898972.436,3,3,1328.90,242.80,1293.90,255,192100
1771898972.436,3,0,1199.20,-709.70,1235.70,5,192100
1771898972.436,3,1,1410.40,-431.00,1290.80,255,192100
1771898972.436,3,2,1573.40,-68.20,1358.90,255,192100
1771898972.436,3,3,1328.90,242.80,1293.90,255,192100
1771898972.436,3,11,3371.50,1088.80,285.10,255,192100
1771898972.436,3,12,1206.80,-712.90,259.50,5,192100
1771898972.436,3,13,1975.60,-505.40,-28.30,255,192100
1771898972.436,3,5,2267.00,-543.80,1035.20,255,192100
1771898972.436,3,6,780.70,-172.60,837.80,255,192100
1771898972.436,3,7,2807.30,855.10,1133.00,255,192100
1771898972.436,3,8,1291.30,-747.90,581.60,5,192100
1771898972.436,3,10,2417.40,42.90,443.50,255,192100
1771898972.436,3,11,3074.70,965.90,327.40,255,192100
1771898972.436,3,12,1162.50,-694.50,279.40,5,192100
1771898972.436,3,13,1975.60,-505.40,-28.30,255,192100
1771898972.436,3,14,566.80,-200.80,560.30,255,192100
1771898972.436,3,15,2634.00,783.30,-380.40,255,192100
1771898972.535,6,9,-673.50,-116.60,1247.30,5,69026
1771898972.535,6,10,-649.80,-191.60,1241.90,5,69026
1771898972.535,6,11,-586.10,-237.00,1249.50,5,69026
1771898972.535,6,12,-624.10,-32.30,1206.40,5,69026
1771898972.535,6,13,-643.30,-102.30,1180.20,5,69026
1771898972.535,6,9,-658.50,-110.40,1252.40,5,69026
1771898972.535,6,10,-637.00,-181.70,1247.00,5,69026
1771898972.535,6,11,-572.90,-219.40,1256.10,5,69026
1771898972.535,6,12,-614.00,-31.30,1212.70,5,69026
1771898972.535,6,13,-631.60,-97.60,1188.30,5,69026
1771898972.535,6,14,-625.40,-175.10,1166.80,5,69026
1771898972.535,6,15,-563.20,-215.10,1180.20,5,69026
1771898972.535,6,0,-688.50,-54.00,1397.50,255,69026
1771898972.535,6,1,-669.90,-118.70,1394.30,5,69026
1771898972.535,6,2,-611.40,-158.10,1387.30,5,69026
1771898972.535,6,3,-562.20,-191.20,1387.20,5,69026
1771898972.535,6,4,-694.50,-49.90,1325.00,255,69026
1771898972.535,6,5,-669.10,-116.60,1322.10,5,69026
1771898972.535,6,6,-625.30,-170.60,1322.50,5,69026
1771898972.535,6,9,-648.80,-106.50,1255.70,5,69026
1771898972.535,6,10,-631.00,-177.00,1249.40,5,69026
1771898972.535,6,11,-567.20,-211.70,1259.00,5,69026
1771898972.535,6,12,-610.60,-31.00,1214.80,5,69026
1771898972.535,6,13,-624.50,-94.80,1193.10,5,69026
1771898972.535,6,0,-673.10,-51.60,1393.90,255,69026
1771898972.535,6,1,-653.80,-111.80,1390.30,5,69026
1771898972.535,6,2,-590.40,-142.20,1381.40,5,69026
1771898972.535,6,3,-540.80,-164.60,1379.20,5,69026
1771898972.535,6,4,-686.50,-48.80,1325.30,255,69026
1771898972.535,6,5,-649.80,-108.50,1323.00,5,69026
1771898972.535,6,0,-678.90,-52.50,1395.20,255,69026
1771898972.535,6,1,-644.80,-108.00,1388.20,5,69026
1771898972.535,6,2,-585.70,-138.70,1380.10,5,69026
1771898972.535,6,3,-538.40,-161.60,1378.30,5,69026
1771898972.535,6,4,-675.70,-47.40,1325.60,255,69026
1771898972.535,6,5,-644.20,-106.20,1323.20,5,69026
1771898972.535,6,1,-642.10,-106.90,1387.50,5,69026
1771898972.535,6,2,-585.70,-138.70,1380.10,5,69026
1771898972.535,6,3,-534.20,-156.30,1376.70,5,69026
1771898972.535,6,4,-670.70,-46.70,1325.70,255,69026
1771898972.535,6,5,-638.70,-103.90,1323.50,5,69026
1771898972.535,6,6,-607.10,-156.70,1323.50,5,69026
1771898972.535,6,9,-626.70,-97.40,1263.20,5,69026
1771898972.535,6,10,-611.40,-161.80,1257.20,5,69026
1771898972.535,6,11,-546.60,-184.00,1269.40,5,69026
1771898972.535,6,12,-591.10,-29.10,1226.90,5,69026
1771898972.535,6,13,-604.10,-86.70,1207.00,5,69026
1771898972.535,6,14,-597.50,-153.20,1189.30,5,69026
1771898972.535,6,1,-648.40,-109.60,1389.00,5,69026
1771898972.535,6,2,-581.80,-135.70,1379.00,5,69026
1771898972.535,6,3,-532.90,-154.80,1376.30,5,69026
1771898972.535,6,4,-678.60,-47.80,1325.50,255,69026
1771898972.535,6,5,-644.20,-106.20,1323.20,5,69026
1771898972.535,6,6,-604.70,-154.80,1323.60,5,69026
1771898972.535,6,1,-644.80,-108.00,1388.20,5,69026
1771898972.535,6,2,-581.80,-135.70,1379.00,5,69026
1771898972.535,6,3,-534.20,-156.30,1376.70,5,69026
1771898972.535,6,4,-671.70,-46.80,1325.70,255,69026
1771898972.535,6,5,-640.50,-104.70,1323.40,5,69026
1771898972.535,6,14,-592.90,-149.50,1193.10,5,69026
1771898972.535,6,15,-531.70,-170.80,1213.80,5,69026
1771898972.536,3,12,1151.40,-689.90,284.30,5,192368
1771898972.536,3,13,1975.60,-505.40,-28.30,255,192368
1771898972.536,3,14,566.80,-200.80,560.30,255,192368
1771898972.536,3,15,2628.00,780.90,-377.70,255,192368
1771898972.536,4,0,1383.20,-683.60,16.00,5,192353
1771898972.536,4,1,1391.30,-1076.40,90.30,255,192353
1771898972.536,4,2,1130.50,-1324.80,261.30,5,192353
1771898972.536,4,3,745.30,-1348.20,446.70,5,192353
1771898972.536,4,4,1554.80,-586.10,362.80,5,192353
1771898972.536,4,5,1618.60,-1022.80,464.70,5,192353
1771898972.536,4,6,1349.10,-1330.40,622.00,5,192353
1771898972.536,4,7,838.30,-1299.60,758.10,5,192353
1771898972.536,4,8,1597.30,-464.80,738.60,5,192353
1771898972.536,4,5,1632.90,-1029.60,462.00,5,192353
1771898972.536,4,6,1331.40,-1315.80,623.80,5,192353
1771898972.536,4,7,833.60,-1293.10,758.10,5,192353
1771898972.536,4,0,1379.00,-682.40,18.40,5,192353
1771898972.536,4,1,1401.50,-1082.50,85.10,255,192353
1771898972.536,4,2,1092.20,-1286.60,279.40,255,192353
1771898972.536,4,3,735.10,-1331.60,451.40,5,192353
1771898972.536,4,4,1567.20,-588.50,359.60,5,192353
1771898972.536,4,5,1645.30,-1035.50,459.70,5,192353
1771898972.536,4,6,1373.70,-1350.80,619.50,5,192353
1771898972.536,4,7,833.00,-1292.30,758.10,5,192353
1771898972.536,4,8,1592.40,-464.30,738.60,5,192353
1771898972.536,4,9,1688.20,-888.50,882.40,5,192353
1771898972.536,4,10,1452.50,-1226.10,1026.70,5,192353
1771898972.536,4,11,865.10,-1170.70,1051.70,5,192353
1771898972.536,4,12,1571.30,-337.40,1110.70,5,192353
1771898972.536,4,13,1650.40,-715.50,1288.00,5,192353
1771898972.536,4,14,1364.80,-995.80,1380.60,5,192353
1771898972.536,4,15,883.80,-1034.90,1337.90,5,192353
1771898972.731,1,1,740.90,563.30,1035.90,5,189055
1771898972.731,1,2,747.30,793.90,1086.40,5,189055
1771898972.731,1,3,713.50,1095.90,1165.70,5,189055
1771898972.731,1,4,747.40,383.50,835.10,5,189055
1771898972.731,1,5,777.60,578.50,845.60,5,189055
1771898972.731,1,6,754.40,799.40,857.60,5,189055
1771898972.731,1,9,779.40,579.20,652.70,5,189055
1771898972.731,1,10,769.40,810.90,638.50,5,189055
1771898972.731,1,11,815.60,1229.00,594.90,5,189055
1771898972.731,1,12,727.20,380.80,487.90,5,189055
1771898972.731,1,13,753.70,568.60,456.90,5,189055
1771898972.731,1,14,764.90,807.40,403.00,5,189055
1771898972.731,1,15,716.90,1100.30,330.60,5,189055
1771898972.731,1,0,713.50,379.00,1004.90,5,189055
1771898972.731,1,1,737.50,561.80,1034.40,5,189055
1771898972.731,1,2,742.20,790.00,1083.80,5,189055
1771898972.731,1,3,729.80,1117.20,1176.80,5,189055
1771898972.731,1,4,749.40,383.70,835.30,5,189055
1771898972.731,1,5,782.20,580.40,846.30,5,189055
1771898972.731,1,6,761.50,804.80,858.80,5,189055
1771898972.731,1,7,786.60,1191.20,897.40,5,189055
1771898972.731,1,8,757.20,384.80,662.20,5,189055
1771898972.731,1,9,782.20,580.40,652.30,5,189055
1771898972.731,1,10,764.70,807.20,639.30,5,189055
1771898972.731,1,9,787.70,582.60,651.50,5,189055
1771898972.731,1,10,772.50,813.30,638.00,5,189055
1771898972.731,1,12,723.50,380.30,489.50,5,189055
1771898972.731,1,13,763.10,572.50,452.70,5,189055
1771898972.731,1,14,760.50,804.10,405.30,9,189055
1771898972.731,1,15,734.30,1123.00,318.80,5,189055
1771898972.838,1,11,767.90,1166.80,605.20,9,189187
1771898972.838,1,12,729.00,381.10,487.20,5,189187
1771898972.838,1,13,764.00,572.80,452.30,5,189187
1771898972.838,1,14,783.30,821.50,393.40,9,189187
1771898972.935,3,11,3007.00,937.80,337.10,255,192684
1771898972.935,3,12,1212.00,-715.00,257.20,9,192684
1771898972.935,3,13,1959.10,-503.20,-21.40,10,192684
1771898972.935,3,14,566.80,-200.80,560.30,255,192684
1771898972.935,3,15,2628.00,780.90,-377.70,255,192684
1771898973.136,8,9,-463.90,989.30,1294.10,5,69729
1771898973.136,8,10,-222.70,983.40,1294.30,5,69729
1771898973.136,8,11,5.40,911.90,1305.50,5,69729
1771898973.136,8,12,-683.00,935.60,1553.50,5,69729
1771898973.136,8,0,-725.80,901.40,764.80,5,69729
1771898973.136,8,1,-466.60,920.30,783.60,5,69729
1771898973.136,8,2,-221.20,906.10,792.70,5,69729
1771898973.136,8,3,13.10,842.60,804.70,5,69729
1771898973.136,8,4,-728.00,955.60,1041.60,5,69729
1771898973.136,8,5,-466.90,968.70,1046.80,5,69729
1771898973.136,8,6,-219.60,963.90,1048.30,5,69729
1771898973.136,8,7,15.60,894.00,1061.70,5,69729
1771898973.136,8,8,-710.90,960.00,1303.90,5,69729
1771898973.136,8,9,-463.90,989.30,1294.10,5,69729
1771898973.136,8,10,-223.50,977.40,1294.60,5,69729
1771898973.136,8,11,3.50,907.30,1305.60,5,69729
1771898973.136,8,12,-685.80,942.80,1555.30,5,69729
1771898973.136,8,13,-454.90,962.70,1535.80,5,69729
1771898973.136,8,14,-231.70,956.00,1534.30,5,69729
1771898973.136,8,15,-25.80,876.60,1538.60,5,69729
1771898973.238,2,6,2893.10,68.20,1358.90,255,189507
1771898973.238,2,13,1418.60,88.60,204.40,255,189507
1771898973.238,2,14,1595.40,455.30,130.50,255,189507
1771898973.238,2,15,1361.30,776.90,190.20,10,189507
1771898973.238,2,0,1341.70,-248.10,1299.60,5,189507
1771898973.238,2,1,779.30,172.80,1027.10,255,189507
1771898973.238,2,2,803.10,351.00,1037.10,255,189507
1771898973.238,2,3,2417.20,1214.20,1781.80,255,189507
1771898973.238,2,4,1496.50,-312.20,946.30,5,189507
1771898973.238,2,5,672.60,186.80,823.40,255,189507
1771898973.238,2,6,2893.10,626.20,1118.30,255,189507
1771898973.238,2,7,2373.10,1196.00,1071.20,5,189507
1771898973.238,2,8,1509.30,-317.50,550.50,5,189507
1771898973.238,2,9,1872.80,28.80,515.80,255,189507
1771898973.238,2,10,665.70,332.90,676.10,255,189507
1771898973.238,2,0,1336.60,-245.90,1297.30,5,189507
1771898973.238,2,1,779.30,172.80,1027.10,255,189507
1771898973.238,2,2,803.10,351.00,1037.10,255,189507
1771898973.238,2,3,2417.20,1214.20,1781.80,255,189507
1771898973.238,2,4,1572.50,-343.70,957.10,5,189507
1771898973.238,2,5,672.60,186.80,823.40,255,189507
1771898973.238,2,6,2893.10,626.20,1118.30,255,189507
1771898973.238,2,7,2378.60,1198.30,1072.00,5,189507
1771898973.238,2,8,1562.50,-339.50,542.90,5,189507
1771898973.238,2,9,1872.80,28.80,515.80,255,189507
1771898973.238,2,12,1328.90,-242.80,204.70,5,189507
1771898973.238,2,13,1432.40,86.80,198.60,255,189507
1771898973.238,2,14,1595.40,455.30,130.50,255,189507
1771898973.238,2,15,1435.60,807.70,156.90,255,189507
1771898973.335,2,1,779.30,172.80,1027.10,255,189573
1771898973.335,2,2,803.10,351.00,1037.10,255,189573
1771898973.335,2,3,2194.40,1122.00,1681.90,255,189573
1771898973.335,2,4,1602.80,-356.20,961.40,5,189573
1771898973.335,2,5,672.60,186.80,823.40,255,189573
1771898973.335,2,6,2893.10,626.20,1118.30,255,189573
1771898973.335,2,7,2229.30,1136.40,1050.70,255,189573
1771898973.335,2,8,1678.80,-387.70,526.40,5,189573
1771898973.335,2,9,1872.80,28.80,515.80,255,189573
1771898973.335,2,10,665.70,21130.00,450.10,5,189573
1771898973.335,2,12,1492.80,-310.60,131.30,5,189573
1771898973.335,2,13,1432.40,86.80,198.60,255,189573
1771898973.335,2,14,1595.40,455.30,130.50,255,189573
1771898973.335,2,15,1435.60,807.70,156.90,255,189573
1771898973.335,3,0,1129.20,-680.70,1204.30,5,193012
1771898973.335,3,1,1591.80,-454.90,1366.60,255,193012
1771898973.335,3,2,1599.10,-64.90,1369.60,255,193012
1771898973.335,3,3,1328.90,242.80,1293.90,255,193012
1771898973.335,3,4,1185.10,-703.90,901.90,5,193012
1771898973.335,3,5,2267.00,-543.80,1035.20,255,193012
1771898973.335,3,6,780.70,-172.60,837.80,255,193012
1771898973.335,3,7,2807.30,855.10,1133.00,255,193012
1771898973.335,3,8,1198.80,-709.60,594.80,5,193012
1771898973.335,3,9,761.10,-345.50,663.40,10,193012
1771898973.335,3,10,2417.40,42.90,443.50,255,193012
1771898973.335,3,11,3007.00,937.80,337.10,255,193012
1771898973.335,3,12,1128.30,-680.40,294.70,5,193012
1771898973.335,3,13,1944.40,-501.30,-15.30,255,193012
1771898973.335,3,14,566.80,-200.80,560.30,255,193012
1771898973.335,3,15,2628.00,780.90,-377.70,255,193012
1771898973.336,4,0,1389.10,-685.40,12.70,5,193093
1771898973.336,4,0,1375.70,-681.30,20.30,5,193093
1771898973.336,4,5,1586.60,-1007.50,470.70,5,193093
1771898973.336,4,6,1462.00,-1423.80,610.50,5,193093
1771898973.336,4,7,818.10,-1272.20,757.90,5,193093
1771898973.336,4,8,1588.40,-463.90,738.70,5,193093
1771898973.336,4,9,1678.90,-885.00,881.60,5,193093
1771898973.336,4,10,1502.80,-1260.70,1037.10,5,193093
1771898973.336,4,11,856.20,-1160.50,1048.20,5,193093
1771898973.336,4,0,1392.50,-686.40,10.70,5,193093
1771898973.336,4,15,817.40,-972.30,1288.00,5,193093
1771898973.336,5,4,-1052.80,-1793.70,1276.40,5,69879
1771898973.336,5,5,-582.60,-1898.30,1255.40,5,69879
1771898973.336,5,6,-102.80,-1901.20,1255.30,5,69879
1771898973.336,5,7,427.30,-1940.70,1271.60,5,69879
1771898973.336,5,8,-1079.00,-1769.50,775.60,5,69879
1771898973.336,5,9,-595.60,-1909.80,749.10,5,69879
1771898973.336,5,10,-96.40,-1864.40,763.50,5,69879
1771898973.336,5,11,420.10,-1832.00,755.10,5,69879
1771898973.336,5,12,-1075.10,-1666.70,246.00,5,69879
1771898973.336,5,13,-591.30,-1784.90,229.50,5,69879
1771898973.336,5,0,-1002.60,-1756.00,1760.20,5,69879
1771898973.336,5,1,-563.20,-1833.00,1731.40,5,69879
1771898973.336,5,2,-117.60,-1872.70,1740.40,5,69879
1771898973.336,5,3,363.50,-1875.80,1790.30,5,69879
1771898973.336,5,4,-1037.20,-1755.70,1277.70,5,69879
1771898973.336,5,5,-584.50,-1913.10,1254.80,5,69879
1771898973.336,5,6,-100.60,-1918.10,1254.60,5,69879
1771898973.336,5,7,419.00,-1920.30,1272.20,255,69879
1771898973.336,5,8,-1088.40,-1791.50,768.40,5,69879
1771898973.336,5,9,-592.00,-1883.30,757.50,5,69879
1771898973.336,5,0,-1008.60,-1771.50,1764.10,5,69879
1771898973.336,5,1,-564.90,-1846.50,1734.50,5,69879
1771898973.336,5,2,-123.50,-1825.20,1729.70,5,69879
1771898973.336,5,2,-117.30,-1875.60,1741.00,5,69879
1771898973.336,5,0,-992.00,-1728.80,1753.30,5,69879
1771898973.336,5,1,-568.20,-1872.70,1740.40,5,69879
1771898973.336,5,2,-118.80,-1863.00,1738.20,5,69879
1771898973.336,5,3,371.30,-1895.70,1795.40,5,69879
1771898973.336,5,4,-1044.40,-1773.30,1277.10,5,69879
1771898973.336,5,5,-582.80,-1900.20,1255.40,5,69879
1771898973.336,5,6,-100.00,-1923.00,1254.40,5,69879
1771898973.336,5,7,431.10,-1949.90,1271.30,10,69879
1771898973.336,5,8,-1086.50,-1787.10,769.80,5,69879
1771898973.336,5,9,-592.50,-1887.10,756.30,5,69879
1771898973.336,5,10,-93.50,-1885.20,756.90,5,69879
1771898973.336,5,7,437.20,-1964.70,1270.80,5,69879
1771898973.336,5,12,-1056.70,-1626.50,273.30,5,69879
1771898973.336,5,13,-586.90,-1753.90,249.30,5,69879
1771898973.336,5,14,-88.70,-1825.00,203.80,5,69879
1771898973.336,5,9,-587.10,-1847.40,768.80,5,69879
1771898973.336,5,10,-92.80,-1890.90,755.10,5,69879
1771898973.336,5,11,432.60,-1861.00,745.60,5,69879
1771898973.336,5,12,-1056.00,-1624.90,274.40,5,69879
1771898973.336,5,13,-591.70,-1787.40,227.90,5,69879
1771898973.336,5,14,-89.20,-1821.60,205.90,5,69879
1771898973.336,5,15,420.10,-1734.10,200.40,5,69879
1771898973.437,1,0,730.00,381.20,1011.80,5,189791
1771898973.437,1,1,765.70,573.50,1047.00,5,189791
1771898973.437,1,2,764.90,807.40,1095.60,9,189791
1771898973.437,1,3,723.60,1109.10,1172.50,5,189791
1771898973.437,1,4,765.10,385.80,837.40,5,189791
1771898973.437,1,5,804.20,589.50,849.40,5,189791
1771898973.437,1,6,792.20,828.40,863.90,5,189791
1771898973.437,1,4,769.00,386.30,837.90,5,189791
1771898973.437,1,5,808.70,591.40,850.10,5,189791
1771898973.437,1,6,809.50,841.60,866.80,5,189791
1771898973.437,1,7,831.90,1250.20,907.20,5,189791
1771898973.437,1,8,775.90,387.20,659.80,5,189791
1771898973.437,1,9,814.20,593.60,647.80,5,189791
1771898973.437,1,10,812.70,844.10,631.30,5,189791
1771898973.437,1,11,805.30,1215.60,597.10,9,189791
1771898973.437,1,12,741.00,382.60,482.20,5,189791
1771898973.437,1,1,758.00,570.30,1043.60,5,189791
1771898973.437,1,2,756.90,801.30,1091.40,5,189791
1771898973.437,1,1,745.20,565.00,1037.80,5,189791
1771898973.437,1,2,736.30,785.50,1080.70,9,189791
1771898973.437,1,3,733.20,1121.60,1179.10,5,189791
1771898973.437,1,4,749.40,383.70,835.30,5,189791
1771898973.437,1,5,778.50,578.80,845.80,5,189791
1771898973.437,1,6,763.90,806.60,859.20,5,189791
1771898973.437,1,7,772.80,1173.10,894.40,5,189791
1771898973.437,1,9,784.00,581.10,652.10,5,189791
1771898973.437,1,11,807.20,1217.90,596.70,5,189791
1771898973.437,1,12,722.60,380.20,489.80,5,189791
1771898973.437,1,13,752.90,568.20,457.30,5,189791
1771898973.437,1,14,753.90,799.00,408.70,9,189791
1771898973.437,1,15,721.40,1106.20,327.60,5,189791
1771898973.544,4,10,1127.30,-1002.80,959.90,5,193293
1771898973.544,4,11,792.40,-1087.70,1022.90,5,193293
1771898973.544,4,12,1594.60,-338.00,1116.40,5,193293
1771898973.544,4,13,1658.60,-717.70,1290.80,5,193293
1771898973.544,4,14,1097.70,-848.40,1247.20,5,193293
1771898973.544,4,1,1475.20,-1127.00,47.40,5,193293
1771898973.544,4,2,951.30,-1146.00,346.30,5,193293
1771898973.544,4,3,682.80,-1246.30,476.00,5,193293
1771898973.544,4,4,1569.10,-588.90,359.10,5,193293
1771898973.544,4,5,1613.30,-1020.20,465.70,5,193293
1771898973.544,4,6,1064.10,-1094.70,651.10,9,193293
1771898973.544,4,7,757.10,-1189.20,757.20,5,193293
1771898973.544,4,8,1640.10,-469.60,738.30,5,193293
1771898973.544,4,9,1653.60,-875.70,879.50,5,193293
1771898973.544,4,10,1100.50,-984.40,954.40,5,193293
1771898973.544,4,11,794.40,-1089.90,1023.70,5,193293
1771898973.544,4,12,1600.40,-338.10,1117.80,5,193293
1771898973.544,4,13,1655.90,-717.00,1289.90,5,193293
1771898973.544,4,14,1080.90,-839.10,1238.70,5,193293
1771898973.544,4,15,808.40,-963.90,1281.20,5,193293
1771898973.643,5,0,-1010.10,-1775.10,1765.00,5,70214
1771898973.643,5,1,-564.80,-1845.60,1734.30,5,70214
1771898973.643,5,7,403.80,-1883.40,1273.40,5,70214
1771898973.643,5,8,-1102.90,-1824.90,757.40,5,70214
1771898973.643,5,9,-591.50,-1879.50,758.70,5,70214
1771898973.643,5,10,-88.20,-1924.00,744.60,5,70214
1771898973.643,5,11,486.50,-1985.90,704.80,5,70214
1771898973.643,5,12,-1067.00,-1648.90,258.10,9,70214
1771898973.643,5,13,-590.50,-1779.00,233.20,5,70214
1771898973.643,5,14,-93.30,-1793.20,224.10,5,70214
1771898973.643,5,15,447.60,-1794.50,159.40,5,70214
1771898973.643,6,4,-691.50,-49.50,1325.10,255,70230
1771898973.643,6,1,-658.20,-113.70,1391.40,255,70230
1771898973.643,6,2,-602.00,-151.00,1384.70,5,70230
1771898973.643,6,3,-543.90,-168.40,1380.40,5,70230
1771898973.643,6,4,-699.40,-50.60,1324.90,255,70230
1771898973.643,6,5,-653.50,-110.10,1322.80,5,70230
1771898973.643,6,6,-621.40,-167.60,1322.80,5,70230
1771898973.643,6,7,-557.80,-192.20,1326.60,5,70230
1771898973.643,6,8,-666.40,-41.60,1258.70,255,70230
1771898973.643,6,9,-622.30,-95.60,1264.70,5,70230
1771898973.643,6,10,-623.40,-171.20,1252.40,5,70230
1771898973.643,6,11,-561.50,-204.00,1261.90,5,70230
1771898973.643,6,12,-598.70,-29.80,1222.20,5,70230
1771898973.643,6,13,-595.50,-83.20,1212.90,5,70230
1771898973.643,6,0,-698.20,-55.40,1399.80,255,70230
1771898973.643,6,1,-660.00,-114.50,1391.90,5,70230
1771898973.643,6,2,-607.50,-155.20,1386.20,5,70230
1771898973.643,6,3,-549.40,-175.30,1382.40,5,70230
1771898973.643,6,6,-626.10,-171.20,1322.50,5,70230
1771898973.643,6,6,-628.50,-173.10,1322.40,5,70230
1771898973.643,6,7,-566.40,-203.30,1326.10,5,70230
1771898973.643,6,8,-2511.00,-257.10,701.10,4,70230
1771898973.643,6,9,-648.80,-106.50,1255.70,5,70230
1771898973.643,6,10,-637.00,-181.70,1247.00,5,70230
1771898973.643,6,11,-568.90,-214.00,1258.10,5,70230
1771898973.643,6,12,-621.60,-32.00,1208.00,5,70230
1771898973.643,6,0,-704.90,-56.50,1401.40,255,70230
1771898973.643,6,1,-678.00,-122.10,1396.20,5,70230
1771898973.643,6,2,-599.70,-149.30,1384.00,5,70230
1771898973.643,6,3,-553.00,-179.80,1383.80,5,70230
1771898973.643,6,4,-711.30,-52.20,1324.50,255,70230
1771898973.643,6,5,-681.10,-121.60,1321.50,5,70230
1771898973.643,6,6,-626.10,-171.20,1322.50,5,70230
1771898973.643,6,7,-568.80,-206.50,1326.00,5,70230
1771898973.643,6,8,-680.70,-43.30,1254.40,255,70230
1771898973.643,6,9,-661.20,-111.50,1251.50,5,70230
1771898973.643,6,10,-636.30,-181.10,1247.30,5,70230
1771898973.643,6,11,-572.40,-218.60,1256.40,5,70230
1771898973.643,6,12,-627.50,-32.60,1204.30,5,70230
1771898973.643,6,13,-628.40,-96.40,1190.40,5,70230
1771898973.643,6,14,-638.00,-185.00,1156.60,5,70230
1771898973.643,6,15,-568.20,-222.10,1174.90,5,70230
1771898973.744,7,3,-438.80,232.10,1205.40,5,70317
1771898973.744,7,4,-598.10,158.60,1266.50,5,70317
1771898973.744,7,5,-559.40,206.40,1261.70,5,70317
1771898973.744,7,6,-515.70,262.20,1253.30,5,70317
1771898973.744,7,7,-444.70,244.20,1267.40,5,70317
1771898973.744,7,8,-2101.40,1325.30,1268.60,13,70317
1771898973.744,7,9,-568.50,220.50,1323.10,5,70317
1771898973.744,7,10,-512.20,249.60,1323.30,5,70317
1771898973.744,7,11,-447.60,236.40,1327.00,5,70317
1771898973.744,7,0,-562.60,127.60,1224.80,5,70317
1771898973.744,7,1,-544.40,184.60,1204.90,5,70317
1771898973.744,7,2,-509.00,250.40,1179.70,5,70317
1771898973.744,7,3,-438.60,229.60,1207.00,5,70317
1771898973.744,7,4,-598.10,158.60,1266.50,5,70317
1771898973.744,7,5,-558.30,204.90,1262.30,5,70317
1771898973.744,7,6,-514.30,258.60,1254.50,5,70317
1771898973.744,7,7,-444.30,241.30,1268.20,5,70317
1771898973.744,7,8,-2148.90,1361.90,1266.80,13,70317
1771898973.744,7,1,-553.30,195.90,1195.80,5,70317
1771898973.744,7,2,-514.10,262.90,1171.10,5,70317
1771898973.744,7,3,-439.90,243.10,1198.60,5,70317
1771898973.744,7,9,-579.50,234.80,1322.40,5,70317
1771898973.744,7,10,-512.60,250.50,1323.20,5,70317
1771898973.744,7,11,-449.30,249.30,1326.60,5,70317
1771898973.744,7,13,-582.20,241.00,1393.80,5,70317
1771898973.744,7,3,-442.20,266.90,1183.80,5,70317
1771898973.744,7,4,-626.50,179.80,1255.80,5,70317
1771898973.744,7,5,-583.40,237.30,1249.40,5,70317
1771898973.744,7,6,-526.20,287.80,1244.60,5,70317
1771898973.744,7,7,-448.20,274.60,1258.10,5,70317
1771898973.744,7,8,-1214.00,639.60,1302.80,5,70317
1771898973.744,7,9,-594.60,254.70,1321.30,5,70317
1771898973.744,7,10,-521.40,271.80,1322.20,5,70317
1771898973.744,7,11,-452.00,269.10,1326.00,5,70317
1771898973.744,7,12,-1173.50,629.90,1560.60,5,70317
1771898973.744,7,0,-577.20,138.00,1213.80,5,70317
1771898973.744,7,1,-542.90,182.60,1206.50,5,70317
1771898973.744,7,2,-537.60,321.70,1130.90,5,70317
1771898973.744,7,3,-443.70,282.90,1173.90,5,70317
1771898973.744,7,4,-1264.20,654.50,1017.10,5,70317
1771898973.744,7,5,-560.60,207.90,1261.10,5,70317
1771898973.744,7,6,-521.20,275.40,1248.80,5,70317
1771898973.744,7,3,-444.30,288.90,1170.20,5,70317
1771898973.744,7,4,-1270.30,659.00,1014.80,5,70317
1771898973.744,7,5,-555.90,201.80,1263.50,5,70317
1771898973.744,7,6,-516.10,263.00,1253.00,5,70317
1771898973.744,7,7,-448.40,276.50,1257.60,5,70317
1771898973.744,7,8,-1270.90,683.60,1300.60,5,70317
1771898973.744,7,9,-573.40,226.90,1322.80,5,70317
1771898973.744,7,10,-517.20,261.60,1322.70,5,70317
1771898973.744,7,11,-450.30,256.20,1326.40,5,70317
1771898973.744,7,12,-1214.50,662.80,1572.90,5,70317
1771898973.744,7,13,-578.60,236.40,1392.50,255,70317
1771898973.744,7,14,-516.30,255.60,1389.30,5,70317
1771898973.744,7,15,-454.00,253.50,1387.70,5,70317
1771898973.845,8,9,-465.10,998.20,1293.70,5,70332
1771898973.845,8,10,-222.00,988.30,1294.10,5,70332
1771898973.845,8,11,11.80,927.60,1305.00,5,70332
1771898973.845,8,12,-684.80,940.10,1554.60,5,70332
1771898973.845,8,10,-222.30,986.30,1294.20,5,70332
1771898973.845,8,11,18.30,943.30,1304.50,5,70332
1771898973.845,8,12,-674.20,912.90,1547.70,5,70332
1771898973.845,8,0,-710.20,867.30,787.90,5,70332
1771898973.845,8,1,-465.10,909.50,790.60,5,70332
1771898973.845,8,2,-220.10,913.60,787.90,5,70332
1771898973.845,8,3,23.40,865.00,789.50,5,70332
1771898973.845,8,4,-712.10,918.70,1053.70,5,70332
1771898973.845,8,5,-465.20,956.40,1050.70,5,70332
1771898973.845,8,6,-220.60,956.40,1050.70,5,70332
1771898973.845,8,7,26.30,918.70,1053.70,5,70332
1771898973.845,8,8,-698.80,930.40,1304.90,5,70332
1771898973.845,8,9,-462.50,978.40,1294.60,5,70332
1771898973.845,8,10,-222.80,982.40,1294.40,5,70332
1771898973.845,8,11,19.10,945.20,1304.40,5,70332
1771898973.845,8,12,-673.50,911.10,1547.30,5,70332
1771898973.845,8,13,-453.70,953.10,1533.70,5,70332
1771898973.845,8,14,-230.80,963.70,1536.10,5,70332
1771898973.845,8,15,-13.70,907.50,1546.40,5,70332
1771898973.845,1,0,677.70,374.30,990.00,5,190103
1771898973.845,1,1,695.70,544.50,1015.60,5,190103
1771898973.845,1,2,690.20,750.10,1056.60,5,190103
1771898973.845,1,3,669.60,1038.70,1135.80,5,190103
1771898973.845,1,4,712.00,378.80,830.40,5,190103
1771898973.845,1,5,727.20,557.60,838.40,5,190103
1771898973.952,1,1,694.00,543.80,1014.90,5,190170
1771898973.952,1,2,681.40,743.30,1052.00,5,190170
1771898973.952,1,3,620.70,975.00,1102.50,5,190170
1771898973.952,1,8,712.00,378.80,668.20,5,190170
1771898973.952,1,9,731.80,559.50,659.50,5,190170
1771898973.952,1,10,711.20,766.20,648.10,5,190170
1771898973.952,1,11,679.20,1051.20,624.40,5,190170
1771898973.952,1,12,685.10,375.30,505.50,5,190170
1771898973.952,1,13,702.50,547.40,479.90,5,190170
1771898973.952,1,14,695.30,754.00,439.30,5,190170
1771898973.952,1,15,645.50,1007.20,379.20,9,190170
1771898974.090,2,0,1321.20,-239.60,1290.40,5,190186
1771898974.090,2,1,779.30,172.80,1027.10,255,190186
1771898974.090,2,2,803.10,351.00,1037.10,255,190186
1771898974.090,2,3,2194.40,1122.00,1681.90,255,190186
1771898974.090,2,4,1506.60,-316.40,947.70,5,190186
1771898974.090,2,5,672.60,186.80,823.40,255,190186
1771898974.090,2,6,2893.10,626.20,1118.30,255,190186
1771898974.090,2,7,2269.60,1153.10,1056.40,255,190186
1771898974.090,2,8,1518.50,-321.30,549.20,9,190186
1771898974.090,2,0,1156.50,-171.30,1216.60,5,190186
1771898974.090,2,1,779.30,172.80,1027.10,255,190186
1771898974.090,2,2,803.10,351.00,1037.10,255,190186
1771898974.090,2,0,1176.10,-179.50,1225.40,5,190186
1771898974.090,2,1,779.30,172.80,1027.10,255,190186
1771898974.090,2,2,803.10,351.00,1037.10,255,190186
1771898974.090,2,3,2194.40,1122.00,1681.90,255,190186
1771898974.090,2,4,1284.00,-224.20,916.00,5,190186
1771898974.090,2,5,672.60,186.80,823.40,255,190186
1771898974.090,2,6,2893.10,626.20,1118.30,255,190186
1771898974.090,2,7,2930.00,1426.70,1150.50,10,190186
1771898974.090,2,8,1288.60,-226.10,582.00,5,190186
1771898974.090,2,10,665.70,332.90,676.10,255,190186
1771898974.090,2,11,2598.40,1289.30,395.30,255,190186
1771898974.090,2,12,1206.00,-191.80,259.80,5,190186
1771898974.090,2,13,1612.80,63.10,123.20,255,190186
1771898974.090,2,14,1522.20,445.70,161.10,255,190186
1771898974.090,2,15,1445.00,811.50,152.70,255,190186
1771898974.186,3,0,1292.20,-748.30,1277.40,9,193668
1771898974.186,3,1,1319.70,-419.00,1252.90,255,193668
1771898974.186,3,2,1599.10,-64.90,1369.60,255,193668
1771898974.186,3,3,1328.90,242.80,1293.90,255,193668
1771898974.186,3,4,1419.60,-801.00,935.30,5,193668
1771898974.186,3,5,2267.00,-543.80,1035.20,255,193668
1771898974.186,3,6,780.70,-172.60,837.80,255,193668
1771898974.186,3,7,2807.30,855.10,1133.00,255,193668
1771898974.186,3,8,1452.50,-814.70,558.60,5,193668
1771898974.186,3,9,761.10,-345.50,663.40,255,193668
1771898974.186,3,10,2417.40,42.90,443.50,255,193668
1771898974.186,3,11,2504.10,729.50,408.80,255,193668
1771898974.186,3,12,1287.10,-746.10,223.50,5,193668
1771898974.186,3,13,1944.40,-501.30,-15.30,255,193668
1771898974.186,3,14,1333.50,-99.80,239.90,255,193668
1771898974.186,3,15,2628.00,780.90,-377.70,255,193668
1771898974.307,4,0,1416.00,-693.50,-2.70,5,193695
1771898974.307,4,1,1162.20,-938.20,207.40,255,193695
1771898974.307,4,2,809.70,-1004.70,413.40,5,193695
1771898974.307,4,4,1613.70,-597.80,347.20,5,193695
1771898974.307,4,5,1626.60,-1026.60,463.20,5,193695
1771898974.307,4,6,909.70,-967.00,666.80,5,193695
1771898974.307,4,7,764.20,-1198.90,757.30,5,193695
1771898974.307,4,8,1631.10,-468.60,738.40,5,193695
1771898974.307,4,9,1659.20,-877.70,880.00,5,193695
1771898974.307,4,10,936.30,-871.70,920.70,5,193695
1771898974.307,4,11,817.30,-1116.10,1032.80,5,193695
1771898974.307,4,12,1662.60,-339.80,1133.10,5,193695
1771898974.307,4,13,1530.50,-683.20,1246.30,5,193695
1771898974.307,4,14,927.70,-754.50,1162.20,5,193695
1771898974.307,4,15,805.30,-960.90,1278.80,9,193695
1771898974.308,6,9,-667.30,-114.00,1249.40,5,70632
1771898974.308,6,10,-637.80,-182.30,1246.70,5,70632
1771898974.308,6,11,-572.90,-219.40,1256.10,5,70632
1771898974.308,6,12,-625.00,-32.40,1205.90,5,70632
1771898974.308,6,6,-638.00,-180.30,1321.90,5,70632
1771898974.308,6,7,-578.00,-218.30,1325.60,5,70632
1771898974.308,6,8,-2634.60,-271.50,663.70,13,70632
1771898974.308,6,9,-669.10,-114.80,1248.80,5,70632
1771898974.308,6,10,-646.10,-188.70,1243.40,5,70632
1771898974.308,6,11,-583.20,-233.20,1251.00,5,70632
1771898974.308,6,12,-627.50,-32.60,1204.30,5,70632
1771898974.308,6,13,-630.80,-97.30,1188.80,5,70632
1771898974.308,6,14,-654.60,-198.10,1143.20,5,70632
1771898974.308,6,15,-579.50,-238.00,1162.80,5,70632
1771898974.410,7,1,-545.50,185.90,1203.80,5,70719
1771898974.410,7,2,-541.00,330.40,1125.00,5,70719
1771898974.410,7,3,-446.00,306.70,1159.20,5,70719
1771898974.410,7,4,-1277.30,664.20,1012.20,5,70719
1771898974.410,7,5,-567.60,216.90,1257.50,5,70719
1771898974.410,7,6,-520.80,274.50,1249.10,5,70719
1771898974.410,7,7,-449.90,288.90,1253.80,5,70719
1771898974.410,7,8,-1269.40,682.40,1300.70,5,70719
1771898974.410,7,0,-589.60,146.80,1204.30,5,70719
1771898974.410,7,1,-548.60,189.90,1200.60,5,70719
1771898974.410,7,2,-542.60,334.30,1122.30,5,70719
1771898974.410,7,3,-446.20,309.20,1157.60,5,70719
1771898974.410,7,4,-1275.70,663.00,1012.80,5,70719
1771898974.410,7,5,-572.90,223.70,1254.80,5,70719
1771898974.410,7,6,-521.90,277.20,1248.20,5,70719
1771898974.410,7,1,-551.70,193.90,1197.40,5,70719
1771898974.410,7,2,-543.80,337.40,1120.20,5,70719
1771898974.410,7,3,-446.00,306.70,1159.20,5,70719
1771898974.410,7,4,-1259.60,651.00,1018.90,5,70719
1771898974.410,7,15,-459.30,288.10,1395.90,5,70719
1771898974.410,8,9,-459.60,956.60,1295.50,5,70734
1771898974.410,8,0,-701.80,848.70,800.50,5,70734
1771898974.410,8,1,-462.00,888.60,804.00,5,70734
1771898974.410,8,2,-222.90,894.40,800.30,5,70734
1771898974.410,8,3,20.20,858.00,794.20,5,70734
1771898974.410,8,4,-707.10,907.20,1057.40,5,70734
1771898974.410,8,5,-463.40,943.10,1054.90,5,70734
1771898974.410,8,6,-222.80,940.30,1055.80,5,70734
1771898974.410,8,7,26.60,919.50,1053.40,5,70734
1771898974.410,8,8,-694.60,920.20,1305.20,5,70734
1771898974.410,8,9,-458.90,950.70,1295.70,5,70734
1771898974.410,8,10,-225.70,960.60,1295.30,5,70734
1771898974.410,8,11,13.00,930.40,1304.90,5,70734
1771898974.410,8,12,-667.10,894.80,1543.20,5,70734
1771898974.410,8,13,-451.60,935.60,1529.70,5,70734
1771898974.410,8,14,-234.00,937.60,1530.20,5,70734
1771898974.410,8,15,-15.20,903.80,1545.50,5,70734
1771898974.410,1,1,255000.00,855.10,1133.00,255,190497
1771898974.410,1,1,694.00,543.80,1014.90,5,190497
1771898974.410,1,2,685.80,746.70,1054.30,5,190497
1771898974.410,1,0,670.40,373.30,986.90,5,190497
1771898974.410,1,1,692.30,543.10,1014.10,5,190497
1771898974.410,1,2,686.50,747.30,1054.70,5,190497
1771898974.410,1,3,658.40,1024.10,1128.20,9,190497
1771898974.410,1,4,705.10,377.90,829.40,5,190497
1771898974.410,1,5,729.00,558.30,838.70,5,190497
1771898974.410,1,6,709.60,765.00,850.20,5,190497
1771898974.410,1,7,719.60,1103.90,883.00,5,190497
1771898974.410,1,8,705.10,377.90,669.20,5,190497
1771898974.410,1,9,732.70,559.90,659.40,5,190497
1771898974.410,1,10,716.70,770.40,647.20,5,190497
1771898974.410,1,11,688.90,1063.80,622.30,9,190497
1771898974.410,1,12,679.60,374.50,507.80,5,190497
1771898974.410,1,13,705.10,548.40,478.70,5,190497
1771898974.410,1,14,699.00,756.80,437.40,5,190497
1771898974.410,1,15,663.50,1030.70,367.00,5,190497
1771898974.509,2,0,1252.90,-211.30,1259.80,5,190582
1771898974.509,2,1,779.30,172.80,1027.10,255,190582
1771898974.509,2,2,803.10,351.00,1037.10,255,190582
1771898974.509,2,3,2194.40,1122.00,1681.90,255,190582
1771898974.509,2,13,1401.20,90.90,211.60,255,190582
1771898974.509,2,14,1522.20,445.70,161.10,255,190582
1771898974.509,2,15,1271.70,739.80,230.40,255,190582
1771898974.611,4,2,740.50,-935.80,446.20,5,194097
1771898974.611,4,3,660.00,-1209.10,486.70,5,194097
1771898974.611,4,4,1602.30,-595.50,350.20,5,194097
1771898974.712,7,8,-1255.10,671.40,1301.20,5,70986
1771898974.712,7,9,-595.30,255.40,1321.30,5,70986
1771898974.712,7,10,-529.90,292.10,1321.30,5,70986
1771898974.712,7,3,-445.70,304.10,1160.70,5,70986
1771898974.712,7,4,-1254.20,647.00,1020.90,5,70986
1771898974.712,7,5,-581.70,235.00,1250.30,5,70986
1771898974.712,7,6,-534.10,307.20,1238.00,5,70986
1771898974.712,7,7,-451.20,300.30,1250.40,5,70986
1771898974.712,7,8,-1252.00,668.90,1301.40,5,70986
1771898974.712,7,9,-595.30,255.40,1321.30,5,70986
1771898974.712,7,10,-530.60,293.90,1321.20,5,70986
1771898974.712,7,11,-454.40,286.90,1325.40,5,70986
1771898974.712,7,12,-1213.80,662.10,1572.70,5,70986
1771898974.712,7,13,-1166.10,1013.30,1609.90,5,70986
1771898974.712,7,14,-532.70,294.20,1398.60,5,70986
1771898974.712,7,15,-458.90,285.20,1395.20,5,70986
1771898974.810,1,11,767.30,1166.00,605.30,5,190825
1771898974.810,1,12,690.60,376.00,503.20,5,190825
1771898974.810,1,13,729.00,558.30,468.00,5,190825
1771898974.810,1,14,728.30,779.30,422.10,9,190825
1771898974.908,1,4,717.90,379.60,831.10,5,190891
1771898974.908,1,5,746.40,565.60,841.20,5,190891
1771898974.908,1,6,747.40,794.00,856.50,5,190891
1771898974.908,1,7,767.90,1166.80,893.40,5,190891
1771898974.908,1,8,721.80,380.10,666.90,5,190891
1771898974.908,1,9,751.90,567.80,656.60,5,190891
1771898974.908,1,10,745.00,792.20,642.50,5,190891
1771898974.908,1,11,754.60,1149.50,608.10,5,190891
1771898974.908,1,12,690.60,376.00,503.20,5,190891
1771898974.908,1,13,729.80,558.70,467.60,5,190891
1771898974.908,1,14,731.20,781.60,420.60,9,190891
1771898974.908,1,15,717.50,1101.00,330.30,5,190891
1771898974.908,3,8,1339.00,-767.60,574.80,5,194326
1771898974.908,3,9,761.10,-345.50,663.40,255,194326
1771898974.908,3,10,2417.40,42.90,443.50,255,194326
1771898974.908,3,0,1295.60,-749.70,1278.90,5,194326
1771898974.908,3,1,1458.00,-437.30,1310.70,255,194326
1771898974.908,3,2,1599.10,-64.90,1369.60,255,194326
1771898974.908,3,3,1328.90,242.80,1293.90,255,194326
1771898974.908,3,4,1369.20,-780.10,928.10,5,194326
1771898974.908,3,5,2267.00,-543.80,1035.20,255,194326
1771898974.908,3,6,780.70,-172.60,837.80,255,194326
1771898974.908,3,7,2807.30,855.10,1133.00,255,194326
1771898974.908,3,8,1339.00,-767.60,574.80,5,194326
1771898974.908,3,9,761.10,-345.50,663.40,255,194326
1771898974.908,3,10,2417.40,42.90,443.50,255,194326
1771898974.908,3,11,2490.30,723.80,410.70,255,194326
1771898974.908,3,12,1214.50,-716.10,256.00,5,194326
1771898974.908,3,13,1944.40,-501.30,-15.30,255,194326
1771898974.908,3,14,1333.50,-99.80,239.90,255,194326
1771898974.908,3,15,2628.00,780.90,-377.70,255,194326
1771898974.908,2,10,665.73,31.70,1043.90,10,190983
1771898974.908,2,0,1307.60,-233.90,1284.30,9,190983
1771898974.908,2,1,779.30,172.80,1027.10,255,190983
1771898974.908,2,2,803.10,351.00,1037.10,255,190983
1771898974.908,2,3,2226.00,1135.00,1696.10,10,190983
1771898974.908,2,12,1371.60,-260.40,185.60,5,190983
1771898974.908,2,13,1640.30,59.40,111.70,255,190983
1771898974.908,2,14,1522.20,445.70,161.10,255,190983
1771898974.908,2,15,1271.70,739.80,230.40,255,190983
1771898975.005,3,0,1195.80,-708.30,1234.20,5,194392
1771898975.005,3,9,761.10,-345.50,663.40,255,194392
1771898975.005,3,10,2417.40,42.90,443.50,255,194392
1771898975.005,3,11,2490.30,723.80,410.70,255,194392
1771898975.005,3,12,1130.90,-681.40,293.50,5,194392
1771898975.005,3,13,1944.40,-501.30,-15.30,255,194392
1771898975.005,3,14,1333.50,-99.80,239.90,255,194392
1771898975.005,3,15,2628.00,780.90,-377.70,255,194392
1771898975.006,4,0,1397.50,-687.90,7.80,5,194499
1771898975.006,4,1,893.10,-775.90,344.80,5,194499
1771898975.006,4,2,707.70,-903.00,461.80,5,194499
1771898975.006,4,3,621.90,-1147.00,504.70,5,194499
1771898975.006,4,4,1597.50,-594.60,351.50,5,194499
1771898975.006,4,5,932.60,-695.20,593.40,5,194499
1771898975.006,4,0,1423.60,-695.70,-7.00,5,194499
1771898975.006,4,1,912.70,-787.70,334.80,5,194499
1771898975.006,4,2,690.20,-885.60,470.10,5,194499
1771898975.006,4,3,632.60,-1164.40,499.60,9,194499
1771898975.006,4,4,1581.40,-591.40,355.80,5,194499
1771898975.006,4,5,871.20,-665.90,604.90,5,194499
1771898975.006,4,6,726.10,-815.10,685.60,5,194499
1771898975.006,4,7,687.20,-1094.20,756.30,9,194499
1771898975.006,4,8,1634.10,-468.90,738.30,5,194499
1771898975.006,4,9,936.90,-609.10,819.40,5,194499
1771898975.006,4,15,733.10,-893.00,1224.50,5,194499
1771898975.006,5,2,-114.70,-1895.90,1745.60,5,71331
1771898975.006,5,3,317.90,-1758.80,1760.80,5,71331
1771898975.006,5,4,-1067.60,-1829.70,1275.20,5,71331
1771898975.006,5,0,-1005.50,-1763.30,1762.00,5,71331
1771898975.006,5,1,-565.50,-1851.40,1735.60,5,71331
1771898975.006,5,2,-113.80,-1903.70,1747.30,5,71331
1771898975.006,5,3,331.70,-1794.10,1769.80,5,71331
1771898975.006,5,4,-1081.60,-1863.90,1274.10,5,71331
1771898975.006,5,5,-583.90,-1908.20,1255.00,5,71331
1771898975.006,5,6,-95.90,-1954.70,1253.00,5,71331
1771898975.006,5,7,383.70,-1834.30,1275.10,255,71331
1771898975.006,5,8,-1102.10,-1823.20,758.00,9,71331
1771898975.006,5,9,-595.00,-1905.10,750.60,5,71331
1771898975.006,5,10,-87.10,-1932.50,741.90,5,71331
1771898975.006,5,11,448.50,-1897.90,733.60,255,71331
1771898975.006,5,12,-1085.00,-1688.40,231.30,5,71331
1771898975.006,5,13,-590.00,-1775.70,235.40,5,71331
1771898975.006,5,14,-89.10,-1822.50,205.40,5,71331
1771898975.006,5,15,444.80,-1788.30,1206.40,5,71331
1771898975.006,5,9,-597.80,-1925.90,744.00,5,71331
1771898975.006,5,10,-82.50,-1965.60,731.40,5,71331
1771898975.006,5,11,415.50,-1821.40,758.60,10,71331
1771898975.006,5,12,-1081.10,-1679.90,237.10,5,71331
1771898975.006,5,4,-1075.90,-1850.10,1274.50,5,71331
1771898975.006,5,5,-586.40,-1928.00,1254.20,5,71331
1771898975.006,5,6,-94.40,-1965.60,1252.60,5,71331
1771898975.006,5,0,-1007.60,-1768.70,1763.40,5,71331
1771898975.006,5,1,-569.90,-1886.20,1743.40,5,71331
1771898975.006,5,2,-111.40,-1923.00,1751.70,5,71331
1771898975.006,5,3,349.70,-1840.40,1781.40,5,71331
1771898975.006,5,4,-1073.60,-1844.50,1274.70,5,71331
1771898975.006,5,5,-588.10,-1940.90,1253.60,5,71331
1771898975.006,5,6,-88.70,-2009.20,1250.70,5,71331
1771898975.006,5,7,414.00,-1908.30,1272.60,5,71331
1771898975.006,5,8,-1095.30,-1807.30,763.20,5,71331
1771898975.006,5,9,-597.80,-1925.90,744.00,5,71331
1771898975.006,5,10,-83.60,-1958.00,733.80,5,71331
1771898975.006,5,11,423.10,-1839.00,752.80,255,71331
1771898975.006,5,12,-1076.90,-1670.60,243.40,5,71331
1771898975.006,5,13,-596.90,-1823.30,204.80,5,71331
1771898975.006,5,14,-83.40,-1861.70,180.20,5,71331
1771898975.006,5,0,-976.10,-1688.00,1743.00,5,71331
1771898975.006,5,1,-568.30,-1873.60,1740.60,5,71331
1771898975.006,5,2,-113.40,-1906.60,1748.00,5,71331
1771898975.006,5,3,353.20,-1849.50,1783.70,5,71331
1771898975.006,5,4,-1053.50,-1795.50,1276.30,5,71331
1771898975.006,5,5,-586.80,-1931.00,1254.10,5,71331
1771898975.006,5,9,-594.90,-1904.10,750.90,5,71331
1771898975.006,5,10,-84.30,-1952.30,735.60,5,71331
1771898975.006,5,11,453.10,-1908.50,730.10,5,71331
1771898975.006,5,12,-1026.70,-1560.70,318.00,9,71331
1771898975.006,5,13,-589.00,-1769.00,239.70,5,71331
1771898975.006,5,14,-81.30,-1875.90,171.10,5,71331
1771898975.006,5,15,425.40,-1745.70,192.50,9,71331
1771898975.109,6,6,-639.60,-6468000.00,1113.80,5,71430
1771898975.109,6,3,-564.00,-193.50,1387.90,5,71430
1771898975.109,6,4,-2797.40,-333.90,1260.20,4,71430
1771898975.109,6,5,-678.40,-120.40,1321.70,5,71430
1771898975.109,6,6,-642.00,-183.40,1321.70,5,71430
1771898975.109,6,0,-708.80,-57.00,1402.30,255,71430
1771898975.109,6,1,-689.70,-127.00,1399.10,5,71430
1771898975.109,6,2,-609.80,-156.90,1386.90,5,71430
1771898975.109,6,3,-559.70,-188.20,1386.30,5,71430
1771898975.109,6,4,-2744.90,-326.80,1261.90,5,71430
1771898975.109,6,5,-681.10,-121.60,1321.50,5,71430
1771898975.109,6,6,-644.40,-185.20,1321.50,5,71430
1771898975.109,6,7,-577.40,-217.60,1325.60,5,71430
1771898975.109,6,8,-2829.70,-294.30,604.70,5,71430
1771898975.109,6,9,-654.10,-108.60,1253.90,5,71430
1771898975.109,6,10,-651.30,-192.80,1241.30,5,71430
1771898975.109,6,11,-582.70,-232.40,1251.20,5,71430
1771898975.109,6,13,-630.00,-97.00,1189.30,5,71430
1771898975.109,6,14,-662.60,-204.40,1136.80,5,71430
1771898975.109,6,15,-572.10,-227.60,1170.70,5,71430
1771898975.110,7,0,-588.90,146.30,1204.90,5,71413
1771898975.110,7,1,-554.40,197.20,1194.70,5,71413
1771898975.110,7,2,-537.90,322.50,1130.40,5,71413
1771898975.110,7,3,-445.60,303.30,1161.30,5,71413
1771898975.110,7,8,-1269.40,682.40,1300.70,5,71413
1771898975.110,7,9,-591.00,249.90,1321.60,5,71413
1771898975.110,7,10,-529.10,290.20,1321.40,5,71413
1771898975.110,7,11,-454.00,283.90,1325.50,5,71413
1771898975.110,7,12,-1238.80,682.20,1580.20,5,71413
1771898975.110,7,13,-1179.70,1031.20,1614.90,5,71413
1771898975.110,7,14,-530.00,287.90,1397.10,5,71413
1771898975.110,7,15,-459.20,287.10,1395.70,5,71413
1771898975.110,8,0,-707.40,861.10,792.10,5,71448
1771898975.110,8,1,-461.80,886.90,805.10,5,71448
1771898975.110,8,2,-224.80,881.10,808.80,5,71448
1771898975.110,8,3,9.20,834.00,810.50,5,71448
1771898975.110,8,4,-706.40,788.50,643.30,5,71448
1771898975.110,8,2,-224.50,883.60,807.20,5,71448
1771898975.110,8,3,11.40,838.70,807.40,5,71448
1771898975.110,8,4,-709.40,912.50,1055.70,5,71448
1771898975.110,8,5,-463.80,946.00,1054.00,5,71448
1771898975.110,8,0,-706.00,858.00,794.20,5,71448
1771898975.110,8,1,-461.60,885.20,806.10,5,71448
1771898975.110,8,2,-222.80,895.30,799.70,5,71448
1771898975.110,8,3,21.60,861.10,792.10,5,71448
1771898975.110,8,4,-704.90,901.90,1059.10,5,71448
1771898975.110,8,5,-463.30,942.20,1055.20,5,71448
1771898975.110,8,6,-222.30,944.10,1054.60,5,71448
1771898975.110,8,7,22.10,909.00,1056.80,5,71448
1771898975.110,8,8,-697.30,926.70,1305.00,5,71448
1771898975.110,8,9,-459.10,952.60,1295.70,5,71448
1771898975.110,8,10,-225.90,958.60,1295.40,5,71448
1771898975.110,8,11,11.50,926.70,1305.00,5,71448
1771898975.110,8,12,-669.90,902.00,1545.00,5,71448
1771898975.110,8,13,-451.60,935.60,1529.70,5,71448
1771898975.110,8,14,-233.90,938.50,1530.40,5,71448
1771898975.110,8,15,-17.30,898.40,1544.10,5,71448
1771898975.232,2,0,1235.90,-204.20,1252.10,5,191185
1771898975.232,2,1,779.30,172.80,1027.10,255,191185
1771898975.232,2,13,1488.30,79.50,175.30,10,191185
1771898975.232,2,14,1522.20,445.70,161.10,255,191185
1771898975.232,1,9,732.70,559.90,659.40,5,191285
1771898975.232,1,10,719.80,772.80,646.70,5,191285
1771898975.232,1,11,766.10,1164.50,605.60,5,191285
1771898975.232,1,12,687.80,375.60,504.40,5,191285
1771898975.232,1,13,717.90,553.70,473.00,5,191285
1771898975.232,1,14,710.00,765.30,431.70,9,191285
1771898975.232,1,15,653.90,1018.20,373.50,9,191285
1771898975.232,3,11,2490.30,723.80,410.70,255,194786
1771898975.232,3,12,1261.50,-735.50,235.00,5,194786
1771898975.232,3,13,1944.40,-501.30,-15.30,255,194786
1771898975.232,3,14,1333.50,-99.80,239.90,255,194786
1771898975.232,3,15,2571.70,757.50,-352.40,5,194786
1771898975.437,5,5,-585.70,-1922.00,1254.40,5,71729
1771898975.437,5,6,-95.90,-1954.70,1253.00,5,71729
1771898975.437,5,7,422.70,-1929.60,1271.90,10,71729
1771898975.437,5,8,-784.20,-1086.20,999.00,5,71729
1771898975.437,5,9,-598.70,-1932.50,741.90,5,71729
1771898975.437,5,10,-85.00,-1947.60,737.10,5,71729
1771898975.437,5,11,461.80,-1928.70,723.50,5,71729
1771898975.437,5,12,-763.30,-983.90,709.20,5,71729
1771898975.437,5,13,-590.60,-1779.80,232.70,5,71729
1771898975.437,5,14,-91.00,-1809.10,213.90,5,71729
1771898975.437,5,15,442.00,-1782.10,167.80,9,71729
1771898975.538,7,10,-523.70,277.30,1322.00,5,71795
1771898975.538,7,11,-452.50,273.00,1325.90,5,71795
1771898975.538,7,12,-1274.50,710.80,1591.00,5,71795
1771898975.538,7,13,-1245.00,1117.60,1639.10,5,71795
1771898975.538,7,14,-523.90,273.50,1393.60,5,71795
1771898975.538,7,8,-1320.00,721.50,1298.70,5,71795
1771898975.538,7,9,-582.50,238.80,1322.20,5,71795
1771898975.538,7,10,-522.20,273.60,1322.20,5,71795
1771898975.538,7,11,-452.80,275.00,1325.80,5,71795
1771898975.538,7,12,-1271.50,708.40,1590.00,5,71795
1771898975.538,7,13,-1245.60,1118.40,1639.30,5,71795
1771898975.538,7,14,-523.90,273.50,1393.60,5,71795
1771898975.538,7,15,-457.30,274.60,1392.70,5,71795
1771898975.539,1,14,697.50,755.70,438.20,5,191613
1771898975.539,1,15,641.00,1001.40,382.30,9,191613
1771898975.655,4,0,1446.20,-702.60,-20.00,5,195037
1771898975.655,4,1,708.80,-664.70,439.00,5,195037
1771898975.655,4,0,1430.30,-697.80,-10.90,5,195037
1771898975.655,4,1,708.80,-664.70,439.00,5,195037
1771898975.655,4,2,716.40,-911.70,457.70,9,195037
1771898975.655,4,3,652.40,-1196.70,490.30,5,195037
1771898975.655,4,4,774.60,-431.70,570.30,5,195037
1771898975.655,4,5,765.40,-615.40,624.80,5,195037
1771898975.655,4,6,756.10,-839.90,682.50,5,195037
1771898975.655,4,8,785.40,-374.50,744.40,5,195037
1771898975.655,4,9,784.60,-552.50,806.60,5,195037
1771898975.655,4,10,777.80,-762.80,888.20,5,195037
1771898975.655,4,11,800.10,-1096.40,1026.00,5,195037
1771898975.655,4,12,759.80,-315.90,911.10,5,195037
1771898975.655,4,11,786.10,-1080.40,1020.40,9,195037
1771898975.655,4,12,745.20,-315.50,907.50,5,195037
1771898975.655,4,13,779.90,-481.10,985.20,5,195037
1771898975.655,4,14,783.30,-674.80,1090.00,5,195037
1771898975.655,4,15,753.50,-912.20,1239.90,9,195037
1771898975.656,5,0,-707.40,-998.70,1569.20,5,71863
1771898975.656,5,10,-82.70,-1964.60,731.70,5,71863
1771898975.656,5,11,456.90,-1917.30,727.20,5,71863
1771898975.656,5,12,-752.30,-959.90,725.40,5,71863
1771898975.656,5,13,-588.30,-1764.00,242.90,5,71863
1771898975.656,5,14,-90.00,-1815.80,209.70,5,71863
1771898975.656,5,15,432.10,-1760.40,182.50,5,71863
1771898975.656,6,1,-691.50,-127.80,1399.50,5,71895
1771898975.656,6,2,-605.90,-154.00,1385.80,5,71895
1771898975.656,6,3,-561.50,-190.50,1387.00,5,71895
1771898975.656,6,4,-727.20,-54.30,1324.00,255,71895
1771898975.656,6,9,-667.30,-114.00,1249.40,5,71895
1771898975.656,6,10,-642.30,-185.80,1244.90,5,71895
1771898975.656,6,11,-579.20,-227.80,1253.00,5,71895
1771898975.656,6,12,-632.60,-33.10,1201.20,5,71895
1771898975.656,6,2,-628.50,-171.10,1392.10,5,71895
1771898975.656,6,3,-570.70,-201.90,1390.40,5,71895
1771898975.656,6,4,-729.10,-54.60,1323.90,255,71895
1771898975.656,6,14,-654.60,-198.10,1143.20,5,71895
1771898975.656,6,15,-573.10,-229.00,1169.70,5,71895
1771898975.656,6,7,-584.10,-226.30,1325.30,5,71895
1771898975.656,6,8,-2566.10,-263.50,684.40,4,71895
1771898975.656,6,9,-669.10,-114.80,1248.80,5,71895
1771898975.656,6,10,-663.40,-202.20,1236.50,5,71895
1771898975.656,6,11,-586.70,-237.80,1249.20,5,71895
1771898975.656,6,12,-636.00,-33.40,1199.10,5,71895
1771898975.656,6,13,-633.10,-98.20,1187.20,5,71895
1771898975.656,6,15,-579.50,-238.00,1162.80,5,71895
1771898975.656,1,15,654.50,1019.00,373.10,9,191677
1771898975.754,2,0,1248.70,-209.50,1257.90,5,191655
1771898975.754,2,1,779.30,172.80,1027.10,255,191655
1771898975.754,2,2,803.10,351.00,1037.10,255,191655
1771898975.754,2,6,2893.10,626.20,1118.30,255,191655
1771898975.754,2,7,2531.60,1261.60,1093.80,255,191655
1771898975.754,2,8,1376.50,-262.50,569.40,5,191655
1771898975.754,2,9,1872.80,28.80,515.80,255,191655
1771898975.754,2,10,665.70,332.90,676.10,255,191655
1771898975.754,2,11,2494.00,1246.10,410.20,255,191655
1771898975.754,2,12,1288.80,-226.10,222.70,5,191655
1771898975.754,2,0,1196.60,-188.00,1234.50,5,191655
1771898975.754,2,1,779.30,172.80,1027.10,255,191655
1771898975.754,2,2,803.10,351.00,130889.80,5,191655
1771898975.754,2,0,1194.00,-186.90,1233.40,5,191655
1771898975.754,2,1,779.30,172.80,1027.10,255,191655
1771898975.754,2,2,803.10,351.00,1037.10,255,191655
1771898975.754,2,3,2226.00,1135.00,1696.10,255,191655
1771898975.754,2,4,1288.60,-226.10,916.60,5,191655
1771898975.754,2,5,672.60,186.80,823.40,255,191655
1771898975.754,2,6,2893.10,626.20,1118.30,255,191655
1771898975.754,2,14,1522.20,445.70,161.10,255,191655
1771898975.754,2,15,1416.00,799.50,165.70,255,191655
1771898975.754,3,0,1305.00,-753.60,1283.10,5,195119
1771898975.754,3,1,1254.70,-410.50,1225.70,255,195119
1771898975.754,3,2,1599.10,-64.90,1369.60,255,195119
1771898975.754,3,3,1328.90,242.80,1293.90,255,195119
1771898975.754,3,4,1430.60,-805.60,936.90,9,195119
1771898975.754,3,11,2490.30,723.80,410.70,255,195119
1771898975.754,3,12,1271.70,-739.80,230.40,5,195119
1771898975.754,3,14,1333.50,-99.80,239.90,255,195119
1771898975.754,3,15,2571.70,757.50,-352.40,255,195119
1771898975.754,5,13,-597.70,-1829.10,201.10,5,71944
1771898975.754,5,14,-92.70,-1797.40,221.50,5,71944
1771898975.754,5,15,408.80,-1709.30,217.20,5,71944
1771898976.051,1,1,717.90,553.70,1025.60,5,191875
1771898976.051,1,2,715.10,769.20,1069.60,5,191875
1771898976.051,1,3,706.80,1087.10,1161.10,5,191875
1771898976.051,1,9,753.80,568.60,656.40,5,191875
1771898976.051,1,10,733.20,783.10,644.50,5,191875
1771898976.051,1,11,724.50,1110.20,614.60,9,191875
1771898976.051,1,12,697.00,376.80,500.60,5,191875
1771898976.051,1,13,731.50,559.40,466.90,5,191875
1771898976.051,1,14,728.30,779.30,422.10,5,191875
1771898976.051,1,15,710.10,1091.50,335.20,5,191875
1771898976.051,3,14,1333.50,-99.80,239.90,255,195320
1771898976.051,3,15,2571.70,757.50,-352.40,255,195320
1771898976.051,2,0,1276.80,-221.20,1270.50,5,191991
1771898976.051,2,1,779.30,172.80,1027.10,255,191991
1771898976.051,2,2,803.10,351.00,1037.10,255,191991
1771898976.051,2,14,1522.20,445.70,161.10,255,191991
1771898976.051,2,15,1450.10,813.70,150.40,255,191991
1771898976.146,3,0,1241.00,-727.00,1254.40,5,195387
1771898976.146,3,1,1501.10,-442.90,1328.70,10,195387
1771898976.146,3,2,1599.10,-64.90,1369.60,255,195387
1771898976.146,3,3,1438.20,288.00,1342.80,10,195387
1771898976.146,3,4,1330.70,-764.20,922.60,5,195387
1771898976.146,3,5,2267.00,-543.80,1035.20,255,195387
1771898976.146,3,6,2332.80,31.70,1043.90,255,195387
1771898976.146,3,7,1028.40,118.30,879.60,255,195387
1771898976.146,3,8,1294.10,-749.00,581.20,5,195387
1771898976.146,3,11,2490.30,723.80,410.70,255,195387
1771898976.146,3,12,1172.70,-698.80,274.80,5,195387
1771898976.146,3,14,1333.50,-99.80,239.90,255,195387
1771898976.146,3,15,2571.70,757.50,-352.40,255,195387
1771898976.146,4,0,688.70,-474.90,413.40,5,195439
1771898976.146,4,1,708.80,-664.70,439.00,5,195439
1771898976.146,4,2,707.70,-903.00,461.80,9,195439
1771898976.146,4,3,674.70,-1233.10,479.80,5,195439
1771898976.146,4,4,730.00,-422.80,582.20,5,195439
1771898976.146,4,0,671.90,-469.80,423.00,5,195439
1771898976.146,4,1,686.80,-651.50,450.30,5,195439
1771898976.146,4,2,684.20,-879.60,473.00,5,195439
1771898976.146,4,0,667.70,-468.60,425.40,5,195439
1771898976.146,4,1,682.10,-648.60,452.70,5,195439
1771898976.146,5,13,-592.40,-1792.40,224.70,5,72262
1771898976.146,5,14,-88.70,-1825.00,203.80,5,72262
1771898976.146,5,15,448.40,-1796.00,158.40,5,72262
1771898976.251,4,5,731.50,-599.20,631.10,5,195506
1771898976.251,4,6,716.10,-600.00,20882.00,5,195506
1771898976.251,4,11,722.30,-1007.60,995.20,9,195506
1771898976.251,4,12,720.90,-314.90,901.60,5,195506
1771898976.251,4,13,746.00,-472.00,973.40,5,195506
1771898976.251,4,14,748.00,-655.30,1072.40,5,195506
1771898976.251,4,15,710.80,-871.90,1207.70,9,195506
1771898976.251,5,0,-674.50,-914.30,1548.00,5,72343
1771898976.251,5,1,-564.70,-1844.60,1734.10,5,72343
1771898976.251,5,2,-115.30,-1891.10,1744.50,5,72343
1771898976.251,5,3,362.80,-1873.90,1789.90,5,72343
1771898976.251,5,4,-703.00,-941.10,1304.50,5,72343
1771898976.251,5,5,-582.60,-1898.30,1255.40,5,72343
1771898976.251,5,6,-96.50,-1949.80,1253.30,5,72343
1771898976.251,5,10,-77.50,-2002.40,719.80,5,72343
1771898976.251,5,11,483.10,-1977.90,707.40,5,72343
1771898976.251,5,12,-719.40,-888.00,774.30,5,72343
1771898976.251,5,13,-594.90,-1809.90,213.40,5,72343
1771898976.251,5,14,-86.80,-1838.30,195.20,5,72343
1771898976.251,5,15,444.10,-1786.70,164.70,5,72343
1771898976.347,5,15,428.20,-1751.90,188.30,9,72411
1771898976.347,6,0,-736.70,-61.30,1409.00,255,72429
1771898976.347,6,1,-701.40,-132.00,1401.90,5,72429
1771898976.347,6,2,-617.60,-162.80,1389.00,9,72429
1771898976.347,6,3,-565.20,-195.00,1388.40,9,72429
1771898976.347,6,4,-733.10,-55.10,1323.80,255,72429
1771898976.347,6,5,-695.90,-127.70,1320.90,5,72429
1771898976.347,6,10,-664.90,-203.30,1236.00,5,72429
1771898976.347,6,11,-587.20,-238.60,1248.90,5,72429
1771898976.347,6,2,-619.90,-164.60,1389.70,9,72429
1771898976.347,6,3,-569.50,-200.30,1390.00,5,72429
1771898976.347,6,10,-664.90,-203.30,1236.00,5,72429
1771898976.347,6,0,-717.40,-58.40,1404.40,255,72429
1771898976.347,6,1,-696.90,-130.10,1400.80,255,72429
1771898976.347,6,2,-616.10,-161.60,1388.60,9,72429
1771898976.347,6,0,-728.00,-60.00,1406.90,255,72429
1771898976.347,6,1,-688.80,16000.00,1162.30,5,72429
1771898976.347,6,0,-2615.10,-348.90,1855.30,4,72429
1771898976.347,6,10,-647.60,-189.90,1242.80,5,72429
1771898976.347,6,11,-587.80,-239.30,1248.70,5,72429
1771898976.347,6,12,-632.60,-33.10,1201.20,5,72429
1771898976.347,6,13,-615.10,-91.00,1199.50,5,72429
1771898976.347,6,14,-661.90,-203.80,1137.40,5,72429
1771898976.347,6,15,-579.50,-238.00,1162.80,5,72429
1771898976.348,7,13,-1258.60,1135.50,1644.10,5,72395
1771898976.348,7,14,-525.50,277.10,1394.50,5,72395
1771898976.348,7,11,-454.70,288.90,1325.40,5,72395
1771898976.348,7,4,-1278.80,665.30,1011.70,5,72395
1771898976.348,7,5,-582.80,236.50,1249.70,5,72395
1771898976.348,7,6,-536.70,313.40,1236.00,5,72395
1771898976.348,7,7,-452.30,309.80,1247.50,5,72395
1771898976.348,7,0,-595.20,150.80,1200.10,5,72395
1771898976.348,7,1,-561.10,205.80,1187.70,5,72395
1771898976.348,7,2,-539.70,327.20,1127.20,5,72395
1771898976.348,7,3,-445.50,302.40,1161.80,5,72395
1771898976.348,7,4,-1265.00,655.00,1016.90,5,72395
1771898976.348,7,5,-585.20,239.50,1248.50,5,72395
1771898976.348,7,6,-537.40,315.20,1235.40,5,72395
1771898976.348,7,7,-452.20,308.90,1247.80,5,72395
1771898976.348,7,8,-1284.40,694.00,1300.10,5,72395
1771898976.348,7,9,-603.10,265.80,1320.70,5,72395
1771898976.348,7,10,-533.70,301.30,1320.90,5,72395
1771898976.348,7,11,-456.60,302.80,1325.00,5,72395
1771898976.348,7,12,-1245.70,687.70,1582.30,5,72395
1771898976.348,7,13,-1230.30,1098.10,1633.60,5,72395
1771898976.348,7,14,-538.70,308.60,1402.10,5,72395
1771898976.348,7,15,-461.70,303.50,1399.60,5,72395
1771898976.445,1,9,762.00,572.00,655.20,5,192209
1771898976.445,1,10,763.10,806.00,639.50,5,192209
1771898976.445,1,11,792.10,1198.30,600.00,5,192209
1771898976.445,1,15,720.30,1104.70,328.30,5,192209
1771898976.552,1,0,701.60,377.40,1000.00,5,192275
1771898976.552,1,1,737.50,561.80,1034.40,5,192275
1771898976.552,1,2,737.10,786.10,1081.10,9,192275
1771898976.552,1,3,681.50,1054.10,1143.80,5,192275
1771898976.552,1,4,732.70,381.50,833.10,5,192275
1771898976.552,1,5,767.50,574.30,844.20,5,192275
1771898976.552,1,6,758.40,802.40,858.30,5,192275
1771898976.552,1,7,780.60,1183.30,896.10,5,192275
1771898976.552,1,8,737.60,382.20,664.80,5,192275
1771898976.552,1,9,764.80,573.10,654.80,5,192275
1771898976.552,1,10,763.10,806.00,639.50,5,192275
1771898976.552,1,11,789.70,1195.10,600.50,5,192275
1771898976.552,1,12,705.20,377.90,497.10,5,192275
1771898976.552,1,13,745.20,565.00,460.80,5,192275
1771898976.552,1,14,753.90,799.00,408.70,9,192275
1771898976.552,1,15,714.60,1097.40,332.20,5,192275
1771898976.552,2,0,1295.60,-229.00,1278.90,5,192259
1771898976.552,2,2,803.10,351.00,1037.10,255,192259
1771898976.552,2,0,1318.70,-238.50,1289.30,5,192259
1771898976.552,2,1,779.30,172.80,1027.10,255,192259
1771898976.552,2,2,803.10,351.00,1037.10,255,192259
1771898976.552,2,3,2261.00,1149.50,1711.70,5,192259
1771898976.552,2,4,1496.50,-312.20,946.30,5,192259
1771898976.552,2,5,672.60,186.80,823.40,255,192259
1771898976.552,2,6,2893.10,626.20,1118.30,255,192259
1771898976.552,2,7,2420.70,1215.70,1078.00,9,192259
1771898976.552,2,8,1526.70,-324.70,548.00,5,192259
1771898976.552,2,9,1872.80,28.80,515.80,255,192259
1771898976.552,2,10,665.70,332.90,676.10,255,192259
1771898976.552,2,11,2331.00,1178.50,433.40,255,192259
1771898976.552,2,12,1404.90,-274.20,170.70,9,192259
1771898976.552,2,13,1663.20,56.40,102.20,255,192259
1771898976.552,2,14,1522.20,445.70,161.10,255,192259
1771898976.552,2,15,1450.10,813.70,150.40,255,192259
1771898976.552,3,0,1182.10,-702.60,1228.00,5,195772
1771898976.552,3,1,1490.10,-441.50,1324.10,255,195772
1771898976.552,3,2,1599.10,-64.90,1369.60,255,195772
1771898976.552,3,3,1438.20,288.00,1342.80,255,195772
1771898976.552,3,4,1244.60,-728.50,910.40,9,195772
1771898976.552,3,5,2267.00,-543.80,1035.20,255,195772
1771898976.552,3,6,1339.10,-99.10,911.90,10,195772
1771898976.552,3,7,1028.40,118.30,879.60,255,195772
1771898976.552,3,8,1239.10,-726.30,589.00,5,195772
1771898976.552,3,9,761.10,-345.50,663.40,255,195772
1771898976.552,3,10,2417.40,42.90,443.50,255,195772
1771898976.552,3,8,1235.50,-724.70,589.50,5,195772
1771898976.552,3,9,761.10,-345.50,663.40,255,195772
1771898976.552,3,10,2417.40,42.90,443.50,255,195772
1771898976.552,3,11,2490.30,723.80,410.70,255,195772
1771898976.552,3,12,1107.00,-671.50,304.20,5,195772
1771898976.552,3,14,1333.50,-99.80,239.90,255,195772
1771898976.552,3,15,2571.70,757.50,-352.40,255,195772
1771898976.552,4,0,660.10,-466.30,429.70,5,195787
1771898976.552,4,1,133.51,-591.20,634.30,5,195787
1771898976.552,4,6,689.20,-784.60,689.30,5,195787
1771898976.552,4,7,639.70,-1029.80,755.80,5,195787
1771898976.552,4,8,723.70,-367.70,744.80,5,195787
1771898976.552,4,9,740.70,-536.10,802.90,5,195787
1771898976.552,4,10,720.10,-723.20,876.30,5,195787
1771898976.552,4,11,687.30,-967.60,981.30,9,195787
1771898976.552,4,12,713.20,-314.60,899.70,5,195787
1771898976.552,4,13,728.60,-467.30,967.40,5,195787
1771898976.552,4,14,732.00,-646.50,1064.40,5,195787
1771898976.552,4,15,705.00,-866.50,1203.40,5,195787
1771898976.752,2,12,1401.50,-272.80,172.20,255,192529
1771898976.752,2,13,1639.40,59.60,112.10,255,192529
1771898976.752,2,14,1522.20,445.70,161.10,255,192529
1771898976.752,2,15,2214.00,1130.10,-192.10,255,192529
1771898976.847,3,0,1166.70,-696.30,1221.10,5,196034
1771898976.847,3,8,1224.50,-720.20,591.10,9,196034
1771898976.847,3,9,761.10,-345.50,663.40,255,196034
1771898976.847,3,10,2417.40,42.90,443.50,255,196034
1771898976.847,3,11,2490.30,723.80,410.70,255,196034
1771898976.847,3,6,1339.10,-99.10,911.90,255,196034
1771898976.847,3,8,1214.40,-716.00,592.50,9,196034
1771898976.847,3,9,761.10,-345.50,663.40,255,196034
1771898976.847,3,10,2417.40,42.90,443.50,255,196034
1771898976.847,3,11,2490.30,723.80,410.70,255,196034
1771898976.847,3,12,1101.90,-669.40,306.50,5,196034
1771898976.847,3,14,1333.50,-99.80,239.90,255,196034
1771898976.847,3,15,2571.70,757.50,-352.40,255,196034
1771898976.847,6,2,-612.20,-158.70,1387.50,5,72899
1771898976.847,6,3,-565.20,-195.00,1388.40,5,72899
1771898976.847,6,4,-743.00,-56.40,1323.50,255,72899
1771898976.847,6,5,-687.60,-124.20,1321.20,5,72899
1771898976.847,6,6,-649.10,-188.90,1321.30,5,72899
1771898976.847,6,7,-581.70,-223.10,1325.40,5,72899
1771898976.847,6,8,-712.10,-46.90,1244.90,255,72899
1771898976.847,6,9,-660.30,211.20,1129.80,5,72899
1771898976.847,6,15,-571.10,-226.20,1171.80,5,72899
1771898976.847,5,0,-672.10,-908.00,1546.40,5,72931
1771898976.847,5,1,-454.60,-960.30,1535.20,5,72931
1771898976.847,5,2,-116.70,-1880.40,1742.10,5,72931
1771898976.847,5,3,361.40,-1870.30,1789.00,5,72931
1771898976.847,5,0,-669.90,-902.50,1545.00,5,72931
1771898976.847,5,1,-455.00,-964.20,1536.10,5,72931
1771898976.847,5,2,-115.00,-1894.00,1745.20,5,72931
1771898976.847,5,3,348.70,-1837.70,1780.70,9,72931
1771898976.847,5,4,-699.50,-932.70,1304.80,5,72931
1771898976.847,5,5,-464.90,-997.70,1293.80,5,72931
1771898976.847,5,6,-94.80,-1962.70,1252.70,5,72931
1771898976.847,5,7,443.20,-1979.50,1270.30,5,72931
1771898976.847,5,8,-712.40,-920.00,1053.40,5,72931
1771898976.847,5,9,-469.30,-987.10,1041.10,5,72931
1771898976.847,5,10,-82.70,-1964.60,731.70,5,72931
1771898976.847,5,11,472.80,-1954.20,715.20,5,72931
1771898976.847,5,12,-715.20,-878.70,780.60,5,72931
1771898976.847,5,5,-462.00,-974.90,1294.70,5,72931
1771898976.847,5,6,-98.20,-1936.90,1253.80,5,72931
1771898976.847,5,13,-467.30,-925.80,780.40,5,72931
1771898976.847,5,14,-85.70,-1845.90,190.40,5,72931
1771898976.847,5,15,426.40,-1748.00,190.90,5,72931
1771898976.947,6,0,-729.00,-60.10,1407.10,255,72966
1771898976.947,6,1,-687.90,-126.30,1398.60,255,72966
1771898976.947,6,2,-622.30,-166.30,1390.30,5,72966
1771898976.947,6,3,-567.60,-198.10,1389.30,5,72966
1771898976.947,6,4,-733.10,-55.10,1323.80,255,72966
1771898976.947,6,5,-685.80,-123.50,1321.30,5,72966
1771898976.947,6,6,-647.60,-187.60,1321.40,5,72966
1771898976.947,6,7,-579.80,-220.70,1325.50,5,72966
1771898976.947,6,8,-719.70,-47.80,1242.60,255,72966
1771898976.947,6,9,-655.90,-109.30,1253.30,5,72966
1771898976.947,6,10,-645.30,-188.10,1243.70,5,72966
1771898976.947,6,11,-579.80,-228.60,1252.70,5,72966
1771898976.947,6,12,-630.90,-32.90,1202.20,5,72966
1771898976.947,6,13,-618.20,-92.30,1197.40,5,72966
1771898976.947,6,14,-671.20,-211.20,1129.80,5,72966
1771898976.947,6,15,-569.20,-223.40,1173.90,5,72966
1771898977.044,7,2,-540.10,328.00,1126.60,5,73014
1771898977.044,7,3,-445.80,305.00,1160.20,5,73014
1771898977.044,7,4,-1256.50,648.70,1020.00,5,73014
1771898977.044,7,5,-585.80,240.30,1248.20,5,73014
1771898977.044,7,6,-537.40,315.20,1235.40,5,73014
1771898977.044,7,7,-452.70,312.70,1246.60,5,73014
1771898977.044,7,8,-1276.50,687.90,1300.40,5,73014
1771898977.044,7,7,-452.80,313.60,1246.40,5,73014
1771898977.044,7,8,-1272.50,684.80,1300.60,5,73014
1771898977.044,7,9,-602.50,265.00,1320.80,5,73014
1771898977.044,7,10,-533.70,301.30,1320.90,5,73014
1771898977.044,7,11,-456.70,303.70,1324.90,5,73014
1771898977.044,7,12,-1241.10,684.10,1580.90,9,73014
1771898977.044,7,4,-12000.00,0.00,1321.00,5,73014
1771898977.044,7,0,-595.20,150.80,1200.10,5,73014
1771898977.044,7,1,-558.50,202.50,1190.40,5,73014
1771898977.044,7,2,-535.00,315.50,1135.20,5,73014
1771898977.044,7,3,-444.90,295.70,1166.00,5,73014
1771898977.044,7,4,-1283.40,668.80,1009.90,5,73014
1771898977.044,7,5,-580.50,233.50,1250.90,5,73014
1771898977.044,7,6,-537.00,314.30,1235.70,5,73014
1771898977.044,7,7,-452.00,307.00,1248.40,5,73014
1771898977.044,7,8,-1301.80,707.40,1299.40,5,73014
1771898977.044,7,9,-596.50,257.00,1321.20,5,73014
1771898977.044,7,10,-532.50,298.50,1321.00,5,73014
1771898977.044,7,4,-1290.30,673.90,1007.40,5,73014
1771898977.044,7,5,-575.80,227.50,1253.30,5,73014
1771898977.044,7,6,-535.60,310.70,1236.80,5,73014
1771898977.044,7,7,-451.50,303.20,1249.50,5,73014
1771898977.044,7,8,-1314.40,717.20,1299.00,5,73014
1771898977.044,7,9,-591.60,250.70,1321.50,5,73014
1771898977.044,7,10,-531.00,294.80,1321.20,5,73014
1771898977.044,7,11,-455.20,292.80,1325.30,5,73014
1771898977.044,7,12,-1266.20,704.10,1588.40,5,73014
1771898977.044,7,13,-593.90,256.60,1398.20,5,73014
1771898977.044,7,14,-530.40,288.80,1397.30,5,73014
1771898977.044,7,15,-459.80,291.00,1396.60,5,73014
1771898977.045,8,7,29.30,925.70,1051.40,5,73049
1771898977.045,8,8,-694.60,920.20,1305.20,5,73049
1771898977.045,8,9,-461.20,968.50,1295.00,5,73049
1771898977.045,8,11,19.80,947.00,1304.30,5,73049
1771898977.045,8,12,-672.10,907.50,1546.40,5,73049
1771898977.045,8,0,-707.10,860.40,792.70,9,73049
1771898977.045,8,1,-463.60,899.40,797.00,5,73049
1771898977.045,8,2,-220.00,914.50,787.40,5,73049
1771898977.045,8,3,29.00,877.40,781.10,5,73049
1771898977.045,8,4,-705.20,902.80,1058.80,5,73049
1771898977.045,8,5,-464.00,947.90,1053.40,5,73049
1771898977.045,8,6,-220.70,955.40,1051.00,5,73049
1771898977.045,8,7,34.20,937.10,1047.60,5,73049
1771898977.045,8,8,-697.30,926.70,1305.00,5,73049
1771898977.045,8,9,-461.60,971.50,1294.90,5,73049
1771898977.045,8,10,-224.00,973.40,1294.80,5,73049
1771898977.045,8,9,-461.70,972.50,1294.80,5,73049
1771898977.045,8,10,-224.40,970.50,1294.90,5,73049
1771898977.045,8,11,18.70,944.30,1304.40,5,73049
1771898977.045,8,12,-673.50,911.10,1547.30,5,73049
1771898977.045,8,0,-713.10,873.50,783.70,5,73049
1771898977.045,8,3,21.60,861.10,792.10,5,73049
1771898977.045,8,4,-715.50,926.60,1051.10,5,73049
1771898977.045,8,5,-463.80,946.00,1054.00,5,73049
1771898977.045,8,6,-222.70,941.20,1055.50,5,73049
1771898977.045,8,7,22.90,910.70,1056.30,5,73049
1771898977.045,8,8,-704.90,945.20,1304.40,5,73049
1771898977.045,8,3,20.90,859.60,793.20,5,73049
1771898977.045,8,4,-720.80,938.90,1047.00,5,73049
1771898977.045,8,5,-465.60,959.20,1049.80,5,73049
1771898977.045,8,6,-220.50,957.30,1050.40,5,73049
1771898977.045,8,7,21.00,906.30,1057.70,5,73049
1771898977.045,8,8,-709.00,955.40,1304.10,5,73049
1771898977.045,8,9,-462.00,974.40,1294.70,5,73049
1771898977.045,8,10,-224.10,972.50,1294.80,5,73049
1771898977.045,8,11,10.70,924.80,1305.10,5,73049
1771898977.045,8,12,-682.00,932.80,1552.80,5,73049
1771898977.045,8,15,-4.50,931.00,1552.30,5,73049
1771898977.045,8,1,-467.70,927.90,778.80,5,73049
1771898977.045,8,2,-219.40,918.70,784.70,5,73049
1771898977.045,8,3,35.00,890.50,772.20,5,73049
1771898977.045,8,4,-723.10,944.20,1045.30,5,73049
1771898977.045,8,5,-467.30,971.50,1045.90,5,73049
1771898977.045,8,6,-217.50,979.10,1043.50,5,73049
1771898977.045,8,7,38.40,946.80,1044.50,5,73049
1771898977.045,8,8,-711.70,961.80,1303.80,5,73049
1771898977.045,8,9,-464.40,993.30,1293.90,5,73049
1771898977.045,8,10,-221.30,994.30,1293.90,5,73049
1771898977.045,8,11,28.20,967.40,1303.70,5,73049
1771898977.045,8,12,-684.80,940.10,1554.60,5,73049
1771898977.045,8,13,-456.40,974.40,1538.50,5,73049
1771898977.045,8,14,-229.20,976.30,1538.90,5,73049
1771898977.045,8,15,-2.80,935.60,1553.50,5,73049
1771898977.139,1,0,716.20,379.40,1006.10,5,192792
1771898977.139,1,1,740.10,562.90,1035.50,5,192792
1771898977.139,1,2,751.70,797.30,1088.70,5,192792
1771898977.139,1,3,790.60,1196.30,1218.10,5,192792
1771898977.139,1,4,754.30,384.40,836.00,5,192792
1771898977.139,1,5,778.50,578.80,845.80,5,192792
1771898977.139,1,6,765.50,807.80,859.50,5,192792
1771898977.139,1,7,794.50,1201.40,899.10,5,192792
1771898977.139,1,8,753.30,384.20,662.80,5,192792
1771898977.139,1,9,786.70,582.20,651.70,5,192792
1771898977.139,1,10,772.50,813.30,638.00,5,192792
1771898977.139,1,11,744.40,1136.10,610.30,5,192792
1771898977.139,1,12,730.90,381.30,486.40,5,192792
1771898977.139,1,13,759.70,571.00,454.30,5,192792
1771898977.139,1,14,765.70,808.00,402.60,5,192792
1771898977.139,1,15,722.50,1107.60,326.80,5,192792
1771898977.139,2,14,1522.20,445.70,161.10,255,192808
1771898977.139,2,0,1342.60,-248.40,1300.00,5,192808
1771898977.139,2,1,779.30,172.80,1027.10,255,192808
1771898977.139,2,14,1522.20,445.70,161.10,255,192808
1771898977.139,2,15,1390.40,788.90,177.20,255,192808
1771898977.248,5,10,-219.70,-963.50,1048.60,5,73199
1771898977.248,5,11,453.90,-1910.20,729.50,5,73199
1771898977.248,5,12,-705.30,-857.00,795.30,5,73199
1771898977.248,5,13,-466.00,-916.70,786.30,5,73199
1771898977.248,5,14,-219.70,-917.50,785.80,5,73199
1771898977.248,5,15,404.90,-1700.80,222.90,5,73199
1771898977.248,7,12,-1293.50,726.10,1596.70,5,73215
1771898977.248,7,13,-592.80,255.00,1397.80,5,73215
1771898977.248,7,14,-530.00,287.90,1397.10,5,73215
1771898977.248,7,15,-460.20,293.90,1397.30,5,73215
1771898977.352,4,0,646.70,-462.30,437.40,5,196579
1771898977.352,4,1,656.20,-633.00,465.90,5,196579
1771898977.352,4,2,649.90,-845.40,489.20,5,196579
1771898977.352,4,11,718.50,-1003.20,993.60,9,196579
1771898977.352,4,12,700.60,-314.30,896.60,5,196579
1771898977.461,2,8,1436.10,-287.10,561.00,9,193469
1771898977.461,2,9,1872.80,28.80,515.80,255,193469
1771898977.461,2,10,665.70,332.90,676.10,255,193469
1771898977.461,2,11,2425.30,1217.60,420.00,255,193469
1771898977.461,2,12,1406.60,-274.90,169.90,5,193469
1771898977.461,2,13,1639.40,59.60,112.10,255,193469
1771898977.461,2,14,1522.20,445.70,1216.41,5,193469
1771898977.461,2,8,1434.20,-286.40,561.20,5,193469
1771898977.461,2,9,1872.80,28.80,515.80,255,193469
1771898977.461,2,1,779.30,172.80,1027.10,255,193469
1771898977.461,2,2,803.10,351.00,1037.10,255,193469
1771898977.461,2,3,2270.40,1153.40,1716.00,255,193469
1771898977.461,2,4,1487.30,-308.40,945.00,5,193469
1771898977.461,2,5,672.60,186.80,823.40,255,193469
1771898977.461,2,2,803.10,351.00,1037.10,255,193469
1771898977.461,2,3,2270.40,1153.40,1716.00,255,193469
1771898977.461,2,4,1469.00,-300.80,942.30,5,193469
1771898977.461,2,15,1431.30,805.90,158.80,255,193469
1771898977.661,1,11,782.40,1185.70,602.10,5,193776
1771898977.661,1,12,718.10,379.60,491.80,5,193776
1771898977.661,1,13,752.90,725000.00,1063.10,255,193776
1771898977.661,1,1,755.40,569.30,1042.40,5,193776
1771898977.661,1,2,757.60,801.80,1091.80,9,193776
1771898977.661,1,3,737.70,1127.40,1182.10,9,193776
1771898977.661,1,4,767.10,386.10,837.70,5,193776
1771898977.661,1,5,796.80,586.40,848.40,5,193776
1771898977.661,1,6,777.30,816.90,861.40,5,193776
1771898977.661,1,7,782.40,1185.70,896.50,5,193776
1771898977.661,1,8,768.00,386.20,660.80,5,193776
1771898977.764,2,0,1434.70,-286.60,1341.30,9,193739
1771898977.764,2,1,779.30,172.80,1027.10,255,193739
1771898977.764,2,2,2210.10,536.30,1624.90,10,193739
1771898977.764,2,13,1614.70,62.80,122.50,255,193739
1771898977.764,2,14,1522.20,445.70,161.10,255,193739
1771898977.764,2,15,1340.00,768.10,199.80,10,193739
1771898977.864,4,6,701.50,-794.70,688.10,5,197183
1771898977.864,4,7,675.30,-1078.10,756.20,9,197183
1771898977.864,4,8,709.80,-366.10,744.90,5,197183
1771898977.864,4,9,737.00,-534.80,800.00,5,197183
1771898977.864,5,0,-665.70,-891.60,1542.30,5,74080
1771898977.864,5,1,-451.10,-932.30,1528.90,5,74080
1771898977.864,5,2,-232.80,-947.80,1532.40,5,74080
1771898977.864,5,3,-20.50,-890.70,1542.00,5,74080
1771898977.864,5,4,-693.90,-918.90,1305.30,5,74080
1771898977.864,5,5,-460.50,-964.00,1295.20,5,74080
1771898977.864,5,3,-16.60,-900.70,1544.50,5,74080
1771898977.864,5,4,-690.80,-911.50,1305.50,5,74080
1771898977.864,5,8,-707.10,-907.70,1057.40,5,74080
1771898977.864,5,9,-464.30,-950.30,1052.80,5,74080
1771898977.864,5,10,-218.90,-969.20,1046.80,5,74080
1771898977.864,5,8,-707.10,-907.70,1057.40,5,74080
1771898977.864,5,9,-465.70,-960.70,1049.50,5,74080
1771898977.864,5,10,-218.00,-975.80,1044.70,5,74080
1771898977.864,5,11,36.50,-942.90,1045.90,5,74080
1771898977.864,5,12,-708.10,-863.20,791.10,5,74080
1771898977.864,5,5,-460.30,-962.10,1295.30,5,74080
1771898977.864,5,6,-222.20,-987.80,1294.20,5,74080
1771898977.864,5,0,-661.10,-879.80,1539.30,5,74080
1771898977.864,5,1,-451.20,-933.20,1529.10,5,74080
1771898977.864,5,2,-231.50,-958.40,1534.80,5,74080
1771898977.864,5,3,4.60,-955.10,1558.30,5,74080
1771898977.864,5,13,-465.90,-915.80,786.90,5,74080
1771898977.864,5,14,-215.20,-948.40,766.00,5,74080
1771898977.864,5,15,46.70,-916.60,754.90,5,74080
1771898978.071,2,13,1352.70,97.30,231.90,255,194007
1771898978.071,2,14,1501.10,442.90,169.90,255,194007
1771898978.071,2,15,1340.00,768.10,199.80,255,194007
1771898978.071,1,1,784.40,581.30,1055.40,5,194038
1771898978.071,1,2,791.30,827.70,1109.40,9,194038
1771898978.071,1,3,808.60,1219.80,1230.30,5,194038
1771898978.071,1,4,781.80,388.00,839.60,5,194038
1771898978.071,1,5,819.70,595.90,851.60,5,194038
1771898978.071,1,6,812.70,844.10,867.30,5,194038
1771898978.071,1,1,790.40,583.80,1058.10,5,194038
1771898978.071,1,2,789.90,826.60,1108.60,9,194038
1771898978.071,1,3,800.70,1209.50,1225.00,5,194038
1771898978.071,1,4,784.80,388.40,840.00,5,194038
1771898978.071,1,5,822.50,597.00,852.00,5,194038
1771898978.071,1,6,826.00,854.30,869.50,5,194038
1771898978.071,1,7,766.10,1164.50,893.00,5,194038
1771898978.071,1,8,786.70,388.60,658.30,5,194038
1771898978.071,1,9,823.40,597.40,646.40,5,194038
1771898978.071,1,10,823.70,852.50,629.50,5,194038
1771898978.071,1,11,816.80,1230.50,594.60,5,194038
1771898978.071,1,12,760.20,385.20,474.20,5,194038
1771898978.071,1,15,742.20,1133.30,313.40,5,194038
1771898978.171,2,0,1477.40,-304.30,1360.40,5,194072
1771898978.171,2,1,779.30,172.80,1027.10,255,194072
1771898978.171,2,2,2210.10,536.30,1624.90,255,194072
1771898978.171,2,3,2118.40,1090.50,1647.80,10,194072
1771898978.171,2,4,1634.80,-369.50,966.00,5,194072
1771898978.171,2,5,672.60,186.80,823.40,255,194072
1771898978.171,2,6,2893.10,626.20,1118.30,255,194072
1771898978.171,2,7,2215.50,1130.70,1048.70,5,194072
1771898978.171,2,8,1677.00,-386.90,526.60,5,194072
1771898978.171,2,12,1442.40,-289.80,153.80,9,194072
1771898978.171,2,13,1352.70,97.30,231.90,255,194072
1771898978.171,2,14,1501.10,442.90,169.90,255,194072
1771898978.171,2,15,1340.00,768.10,199.80,255,194072
1771898978.171,3,0,1167.60,-696.60,1221.50,5,197480
1771898978.171,3,1,1510.20,-444.10,1332.50,255,197480
1771898978.171,3,0,1173.60,-699.10,1224.20,9,197480
1771898978.171,3,1,1425.10,-432.90,1296.90,255,197480
1771898978.171,3,2,1599.10,-64.90,1369.60,255,197480
1771898978.171,3,3,1438.20,288.00,1342.80,255,197480
1771898978.171,3,4,1251.90,-731.60,911.40,5,197480
1771898978.171,3,5,2267.00,-543.80,1035.20,255,197480
1771898978.171,3,6,1339.10,-99.10,911.90,255,197480
1771898978.171,3,8,1230.90,-722.90,590.20,5,197480
1771898978.171,3,9,4192.60,-797.30,207.70,255,197480
1771898978.171,3,10,943.90,-151.10,639.10,255,197480
1771898978.171,3,11,2656.10,792.50,387.10,255,197480
1771898978.171,3,12,1128.30,-680.40,294.70,9,197480
1771898978.171,3,0,1113.80,-674.40,1197.40,5,197480
1771898978.171,3,1,1421.40,-432.40,1295.40,255,197480
1771898978.171,3,2,1599.10,-64.90,1369.60,255,197480
1771898978.171,3,3,1438.20,288.00,1342.80,255,197480
1771898978.171,3,4,1186.90,-704.60,902.10,5,197480
1771898978.171,3,5,2267.00,-543.80,1035.20,255,197480
1771898978.171,3,6,1339.10,-99.10,911.90,255,197480
1771898978.171,3,7,1028.40,118.30,879.60,255,197480
1771898978.171,3,8,1188.70,-705.40,596.20,5,197480
1771898978.171,3,9,4192.60,-797.30,207.70,255,197480
1771898978.171,3,10,943.90,-151.10,639.10,255,197480
1771898978.171,3,11,2656.10,792.50,387.10,255,197480
1771898978.171,3,10,943.90,-151.10,639.10,255,197480
1771898978.171,3,11,2656.10,792.50,387.10,255,197480
1771898978.171,3,0,1090.80,-664.80,1187.10,5,197480
1771898978.171,3,1,1869.30,-491.40,1482.50,4,197480
1771898978.171,3,2,1463.50,-82.70,1313.00,255,197480
1771898978.171,3,3,1438.20,288.00,1342.80,255,197480
1771898978.171,3,4,1142.00,-686.00,895.80,5,197480
1771898978.171,3,5,2267.00,-543.80,1035.20,255,197480
1771898978.171,3,6,1339.10,-99.10,911.90,255,197480
1771898978.171,3,7,1028.40,118.30,879.60,255,197480
1771898978.171,3,8,1148.40,-688.70,601.90,5,197480
1771898978.171,3,9,4192.60,-797.30,207.70,255,197480
1771898978.171,3,10,943.90,-151.10,639.10,255,197480
1771898978.171,3,11,2656.10,792.50,387.10,255,197480
1771898978.171,3,12,1080.50,-660.60,316.10,9,197480
1771898978.171,3,14,1116.40,-128.40,330.60,255,197480
1771898978.171,3,15,2698.00,809.90,-409.10,255,197480
1771898978.272,5,3,-0.30,-942.40,1555.10,5,74331
1771898978.272,5,4,-681.00,-887.40,1306.30,5,74331
1771898978.272,5,13,-465.20,-910.80,790.10,5,74331
1771898978.272,5,14,-218.00,-929.20,778.30,5,74331
1771898978.272,5,15,44.60,-912.00,758.00,9,74331
1771898978.272,4,3,562.50,-1050.10,532.60,9,197585
1771898978.272,4,0,617.30,-453.40,454.30,5,197585
1771898978.272,4,5,670.20,-569.90,642.60,5,197585
1771898978.272,4,6,657.70,-758.50,692.50,5,197585
1771898978.272,4,7,620.80,-1004.00,755.50,9,197585
1771898978.272,4,8,674.10,-362.10,745.20,5,197585
1771898978.272,4,9,692.10,-518.10,798.80,5,197585
1771898978.272,4,10,678.70,-694.70,867.80,5,197585
1771898978.272,4,11,659.90,-936.30,970.40,9,197585
1771898978.272,4,12,663.70,-313.30,887.50,5,197585
1771898978.272,4,13,683.80,-455.20,951.80,5,197585
1771898978.272,4,14,687.10,-621.70,1041.90,5,197585
1771898978.272,4,15,653.30,-817.80,1164.50,9,197585
1771898978.379,5,0,-656.50,-868.00,1536.30,5,74398
1771898978.379,5,1,-448.80,-913.90,1524.70,5,74398
1771898978.379,5,2,-233.20,-944.80,1531.70,5,74398
1771898978.379,5,3,-7.40,-924.30,1550.50,5,74398
1771898978.379,5,4,-685.50,-898.50,1305.90,5,74398
1771898978.379,5,5,-457.60,-941.30,1296.20,5,74398
1771898978.379,5,6,-225.00,-966.00,1295.10,5,74398
1771898978.379,5,7,24.40,-958.60,1304.00,5,74398
1771898978.379,5,8,-696.90,-884.00,1065.20,5,74398
1771898978.379,5,9,-462.50,-937.00,1057.00,5,74398
1771898978.379,5,10,-220.30,-958.80,1050.10,5,74398
1771898978.379,5,11,42.60,-957.00,1041.30,5,74398
1771898978.379,5,12,-696.50,-837.60,808.40,5,74398
1771898978.379,5,13,-463.70,-900.80,796.50,5,74398
1771898978.379,5,14,-219.50,-918.30,785.20,5,74398
1771898978.379,5,15,38.20,-898.00,767.50,9,74398
1771898978.379,6,0,-2613.10,-348.60,1854.80,4,74512
1771898978.379,6,2,-621.50,-165.80,1390.10,5,74512
1771898978.379,6,3,-567.00,-197.30,1389.10,5,74512
1771898978.379,6,4,-744.00,-56.60,1323.50,255,74512
1771898978.379,6,5,-695.90,-127.70,1320.90,5,74512
1771898978.379,6,6,-650.70,-190.10,1321.20,5,74512
1771898978.379,6,7,-584.70,-227.00,1325.20,5,74512
1771898978.379,6,10,-644.50,-187.50,1244.00,5,74512
1771898978.379,6,11,-588.40,-240.10,1248.40,5,74512
1771898978.379,6,12,-1394.20,-105.80,729.10,4,74512
1771898978.379,6,2,-606.70,-154.60,1386.00,5,74512
1771898978.379,6,3,-560.30,-189.00,1386.50,5,74512
1771898978.379,6,4,-740.00,-56.00,1323.60,255,74512
1771898978.379,6,5,-686.70,-123.80,1321.30,255,74512
1771898978.379,6,6,-643.60,-184.60,1321.60,5,74512
1771898978.379,6,7,-582.30,-223.90,1325.40,5,74512
1771898978.379,6,0,-1469.00,-173.40,1583.00,4,74512
1771898978.379,6,1,-707.70,-134.60,1403.40,255,74512
1771898978.379,6,2,-627.70,-170.50,1391.90,5,74512
1771898978.379,6,3,-573.70,-205.70,1391.60,5,74512
1771898978.379,6,4,-731.10,-54.80,1323.90,255,74512
1771898978.379,6,5,-703.30,-130.70,1320.50,255,74512
1771898978.379,6,10,-624.20,-171.80,1252.10,5,74512
1771898978.379,6,11,-587.80,-239.30,1248.70,5,74512
1771898978.379,6,12,-1469.60,-113.00,682.40,5,74512
1771898978.379,6,13,-607.20,-87.90,1204.90,5,74512
1771898978.379,6,14,-630.00,-178.80,1163.10,5,74512
1771898978.379,6,2,-624.60,-168.10,1391.00,5,74512
1771898978.379,6,3,-570.70,-201.90,1390.40,5,74512
1771898978.379,6,0,-1510.30,-179.80,1592.80,5,74512
1771898978.379,6,1,-697.80,-130.40,1401.00,255,74512
1771898978.379,6,2,-606.70,-154.60,1386.00,5,74512
1771898978.379,6,3,-563.40,-192.80,1387.70,5,74512
1771898978.379,6,4,-1558.20,-166.60,1298.40,5,74512
1771898978.379,6,5,-1488.50,-456.90,1284.70,4,74512
1771898978.379,6,1,-687.00,612000.00,49000.00,5,74512
1771898978.379,6,14,-623.40,-173.50,1168.40,5,74512
1771898978.379,6,15,-572.10,-227.60,1170.70,5,74512
1771898978.397,7,9,-589.20,247.50,1321.70,5,74464
1771898978.397,7,11,-456.40,301.80,1325.00,5,74464
1771898978.397,7,4,-1315.70,692.80,997.90,5,74464
1771898978.397,7,5,-586.30,241.00,1247.90,5,74464
1771898978.397,7,9,-601.30,263.40,1320.90,5,74464
1771898978.397,7,10,-535.60,305.90,1320.70,5,74464
1771898978.397,7,0,-596.60,151.80,1199.10,5,74464
1771898978.397,7,1,-569.00,215.80,1179.70,5,74464
1771898978.397,7,8,-1329.50,728.80,1298.40,5,74464
1771898978.397,7,9,-604.40,267.30,1320.60,5,74464
1771898978.397,7,13,-603.90,269.80,1401.90,5,74464
1771898978.397,7,14,-537.60,305.90,1401.50,5,74464
1771898978.397,7,15,-460.50,295.80,1397.80,5,74464
1771898978.397,3,9,4192.60,-797.30,207.70,255,197808
1771898978.397,3,10,943.90,-151.10,639.10,255,197808
1771898978.397,3,11,2656.10,792.50,387.10,255,197808
1771898978.397,3,12,1051.50,-648.60,329.10,5,197808
1771898978.497,4,0,623.20,-455.20,450.90,5,197853
1771898978.497,4,1,643.70,-625.40,472.30,5,197853
1771898978.497,4,2,635.80,-831.40,495.90,9,197853
1771898978.497,4,3,603.10,-1116.40,513.50,5,197853
1771898978.497,4,4,674.00,-411.70,597.10,5,197853
1771898978.497,4,5,692.40,-580.50,638.50,5,197853
1771898978.497,4,6,684.60,-780.80,689.80,5,197853
1771898978.497,4,7,650.40,-1044.30,755.90,9,197853
1771898978.497,4,8,689.00,-363.80,745.10,5,197853
1771898978.497,4,10,703.10,-711.50,872.80,5,197853
1771898978.497,4,11,697.50,-979.20,985.30,9,197853
1771898978.497,4,12,681.10,-313.80,891.80,5,197853
1771898978.497,4,13,702.10,-460.20,958.10,5,197853
1771898978.497,4,14,710.30,-634.50,1053.50,5,197853
1771898978.497,4,15,687.10,-849.70,1189.90,9,197853
1771898978.704,7,15,-461.20,300.60,1398.90,5,74865
1771898978.704,8,6,-216.30,987.60,1040.90,5,74897
1771898978.704,8,10,-218.90,1012.10,1293.10,5,74897
1771898978.704,8,11,33.90,981.30,1303.20,5,74897
1771898978.704,8,1,-467.70,927.90,771.80,5,74897
1771898978.704,8,6,-218.00,975.30,1044.70,5,74897
1771898978.704,8,5,-468.90,983.80,1042.00,5,74897
1771898978.704,8,6,-216.50,986.60,1041.10,5,74897
1771898978.704,8,7,36.90,943.30,1045.60,5,74897
1771898978.704,8,8,-715.10,970.20,1303.60,5,74897
1771898978.704,8,9,-465.50,1001.20,1293.60,5,74897
1771898978.704,8,10,-220.10,1003.20,1293.50,5,74897
1771898978.704,8,13,-456.90,978.20,1539.30,5,74897
1771898978.704,8,14,-229.40,974.40,1538.50,5,74897
1771898978.704,8,15,-2.80,935.60,1553.50,5,74897
1771898978.704,8,12,-693.30,961.90,1560.10,5,74897
1771898978.704,8,13,-457.70,985.00,1540.90,5,74897
1771898978.704,8,1,-470.00,943.70,768.60,5,74897
1771898978.704,8,13,-458.40,990.80,1542.20,5,74897
1771898978.704,8,14,-229.20,976.30,1538.90,5,74897
1771898978.704,8,15,-7.40,923.80,1550.50,5,74897
1771898978.704,8,0,-733.20,917.60,753.80,5,74897
1771898978.704,8,1,-470.50,947.10,766.50,5,74897
1771898978.704,8,2,-214.20,954.60,761.70,5,74897
1771898978.704,8,3,50.30,923.80,749.60,5,74897
1771898978.704,8,4,-734.10,969.70,1037.00,5,74897
1771898978.704,8,5,-473.00,1013.10,1032.80,5,74897
1771898978.704,8,9,-465.50,1001.20,1293.60,5,74897
1771898978.704,8,0,-723.70,896.70,768.00,5,74897
1771898978.704,8,1,-470.10,944.60,768.10,5,74897
1771898978.704,8,2,-215.40,946.20,767.00,5,74897
1771898978.704,8,3,40.40,902.20,764.30,5,74897
1771898978.704,8,4,-724.20,946.80,1044.50,5,74897
1771898978.704,8,12,-683.40,936.50,1553.70,5,74897
1771898978.704,8,13,-456.60,976.30,1538.90,5,74897
1771898978.704,8,14,-228.20,984.10,1540.60,5,74897
1771898978.704,8,15,0.80,944.60,1555.70,5,74897
1771898978.905,2,2,2210.10,536.30,1624.90,255,194744
1771898978.905,2,3,2114.20,1088.70,1645.90,255,194744
1771898978.905,2,13,1400.30,91.00,212.00,255,194744
1771898978.905,2,1,779.30,172.80,1027.10,255,194744
1771898978.905,2,2,2210.10,536.30,1624.90,255,194744
1771898978.905,2,3,2292.60,1162.60,1725.90,255,194744
1771898978.905,2,4,1430.60,-284.90,936.90,9,194744
1771898978.905,2,5,594.00,197.20,813.00,255,194744
1771898978.905,2,6,2893.10,626.20,1118.30,255,194744
1771898978.905,2,7,2468.40,1235.40,1084.80,255,194744
1771898978.905,2,8,1453.50,-294.30,558.50,9,194744
1771898978.905,2,9,1872.80,28.80,515.80,255,194744
1771898978.905,2,10,665.70,332.90,676.10,255,194744
1771898978.905,2,11,2440.00,1223.70,417.90,255,194744
1771898978.905,2,14,1501.10,442.90,169.90,255,194744
1771898978.905,2,15,1340.00,768.10,199.80,255,194744
1771898979.014,4,15,708.80,-870.10,1206.30,5,198256
1771898979.014,5,0,-663.60,-886.20,1540.90,5,75133
1771898979.014,5,9,-466.50,-966.30,1047.70,5,75133
1771898979.014,5,10,-217.60,-978.60,1043.80,5,75133
1771898979.014,5,11,49.80,-973.70,1035.80,5,75133
1771898979.014,5,4,-693.10,-917.00,1305.30,5,75133
1771898979.014,5,5,-461.40,-971.00,1294.90,5,75133
1771898979.014,5,6,-220.70,-998.70,1293.70,5,75133
1771898979.014,5,7,35.40,-985.50,1303.10,5,75133
1771898979.014,5,8,-708.70,-911.20,1056.30,5,75133
1771898979.014,5,9,-466.50,-966.30,1047.70,5,75133
1771898979.014,5,10,-216.60,-986.20,1041.40,5,75133
1771898979.014,5,11,57.00,-990.40,1030.40,5,75133
1771898979.014,5,12,-706.70,-860.10,793.20,5,75133
1771898979.014,5,13,-467.10,-924.20,781.50,5,75133
1771898979.014,5,14,-215.70,-945.10,768.10,5,75133
1771898979.014,5,15,52.70,-929.80,745.90,5,75133
1771898979.014,7,8,-1297.00,703.80,1299.60,5,75149
1771898979.014,7,9,-608.00,272.10,1320.40,5,75149
1771898979.014,7,10,-531.80,296.70,1321.10,5,75149
1771898979.014,7,11,-456.00,298.80,1325.10,5,75149
1771898979.014,7,12,-1270.00,707.20,1589.60,5,75149
1771898979.014,7,13,-608.10,275.30,1403.40,5,75149
1771898979.014,7,14,-539.90,311.30,1402.80,5,75149
1771898979.014,7,15,-460.90,298.70,1398.40,5,75149
1771898979.237,6,6,-644.40,-185.20,1321.50,5,75180
1771898979.237,6,7,-581.70,-223.10,1325.40,5,75180
1771898979.237,6,8,-1550.20,-144.80,991.50,5,75180
1771898979.237,6,1,-689.70,-127.00,1399.10,255,75180
1771898979.237,6,2,-607.50,-155.20,1386.20,5,75180
1771898979.237,6,3,-560.90,-189.70,1386.80,5,75180
1771898979.237,6,4,-1579.00,-169.40,1297.80,5,75180
1771898979.237,6,5,-691.30,-125.80,1321.10,5,75180
1771898979.237,6,6,-645.20,-185.80,1321.50,5,75180
1771898979.237,6,7,-583.50,-225.50,1325.30,5,75180
1771898979.237,6,0,-1578.70,-190.20,1609.00,5,75180
1771898979.237,6,1,-691.50,-127.80,1399.50,255,75180
1771898979.237,6,6,-636.50,-179.10,1322.00,5,75180
1771898979.237,6,7,-577.40,-217.60,1325.60,5,75180
1771898979.237,6,8,-1626.30,-153.70,968.50,5,75180
1771898979.237,6,9,-647.90,-106.10,1256.00,5,75180
1771898979.237,6,10,-628.00,-174.70,1250.60,5,75180
1771898979.237,6,11,-583.80,-234.00,1250.70,5,75180
1771898979.237,6,12,-1515.40,-117.40,654.00,5,75180
1771898979.237,6,13,-607.20,-87.90,1204.90,5,75180
1771898979.237,6,14,-627.40,-176.70,1165.20,5,75180
1771898979.237,6,15,-577.10,-234.50,1165.50,5,75180
1771898979.238,7,0,-600.70,154.70,1195.90,5,75216
1771898979.238,7,1,-568.50,215.10,1180.20,5,75216
1771898979.238,7,2,-536.00,317.80,1133.60,5,75216
1771898979.238,7,3,-445.30,299.90,1163.40,5,75216
1771898979.238,7,4,-643.40,192.40,1249.50,5,75216
1771898979.238,7,5,-594.50,251.60,1243.70,5,75216
1771898979.238,7,6,-533.10,304.60,1238.90,5,75216
1771898979.238,7,7,-451.50,303.20,1249.50,5,75216
1771898979.238,7,8,-1286.80,695.80,1300.00,5,75216
1771898979.238,7,9,-605.00,268.10,1320.60,5,75216
1771898979.238,7,10,-528.70,289.30,1321.40,5,75216
1771898979.238,7,11,-455.20,292.80,1325.30,5,75216
1771898979.238,7,12,-1260.10,699.30,1586.60,5,75216
1771898979.238,7,13,-606.30,273.00,1402.80,5,75216
1771898979.238,7,14,-534.60,298.70,1399.70,5,75216
1771898979.238,7,15,-459.60,290.00,1396.40,5,75216
1771898979.238,1,11,856.00,1281.70,586.10,5,195028
1771898979.238,1,12,748.30,383.60,479.10,5,195028
1771898979.238,1,1,766.50,573.90,1047.40,5,195028
1771898979.238,1,2,774.50,814.80,1100.60,5,195028
1771898979.238,1,3,745.60,1137.70,1187.50,5,195028
1771898979.238,1,4,775.90,387.20,838.80,5,195028
1771898979.238,1,9,806.00,590.20,648.90,5,195028
1771898979.238,1,10,798.50,833.20,633.70,5,195028
1771898979.238,1,11,748.00,1140.90,609.50,5,195028
1771898979.238,1,0,715.30,379.20,1005.70,5,195028
1771898979.238,1,1,739.20,562.60,1035.20,5,195028
1771898979.238,1,2,735.60,784.90,1080.30,5,195028
1771898979.238,1,3,746.10,1138.40,1187.90,5,195028
1771898979.238,1,4,747.40,383.50,835.10,5,195028
1771898979.238,1,5,771.20,575.80,844.70,5,195028
1771898979.238,1,4,749.40,383.70,835.30,5,195028
1771898979.238,1,5,776.70,578.10,845.50,5,195028
1771898979.238,1,6,764.70,807.20,859.30,5,195028
1771898979.238,1,15,772.60,1172.90,292.80,5,195028
1771898979.238,1,1,770.80,575.60,1049.30,5,195096
1771898979.238,1,2,789.10,826.00,1108.30,5,195096
1771898979.238,1,3,810.30,1222.00,1231.50,5,195096
1771898979.238,1,4,771.00,386.60,838.20,5,195096
1771898979.238,1,5,806.00,590.20,849.70,5,195096
1771898979.238,1,6,796.90,832.00,864.70,5,195096
1771898979.238,1,7,781.20,1184.10,896.30,5,195096
1771898979.238,1,8,767.10,386.10,660.90,5,195096
1771898979.238,1,9,808.70,591.40,648.50,5,195096
1771898979.238,1,10,804.80,838.00,632.60,5,195096
1771898979.238,1,11,810.80,1222.70,595.90,5,195096
1771898979.238,1,12,741.00,382.60,482.20,5,195096
1771898979.238,1,13,783.60,580.90,443.50,5,195096
1771898979.238,1,14,795.70,831.10,386.90,9,195096
1771898979.238,1,15,754.00,1148.70,305.40,5,195096
1771898979.345,3,7,2843.00,869.90,1138.10,10,198472
1771898979.345,3,8,1233.60,-724.00,589.80,5,198472
1771898979.345,3,0,1200.00,-710.10,1236.10,5,198472
1771898979.345,3,1,1388.40,-428.10,1281.60,255,198472
1771898979.345,3,2,1581.70,-67.20,1362.40,255,198472
1771898979.345,3,3,1296.50,229.30,1279.30,10,198472
1771898979.345,3,4,1281.30,-743.70,915.60,5,198472
1771898979.345,3,5,2267.00,-543.80,1035.20,255,198472
1771898979.345,2,0,1414.30,-278.10,1332.10,9,195146
1771898979.345,2,1,779.30,172.80,1027.10,255,195146
1771898979.345,2,0,1445.00,-290.80,1345.90,5,195146
1771898979.345,2,1,779.30,172.80,1027.10,255,195146
1771898979.345,2,2,2210.10,536.30,1624.90,255,195146
1771898979.345,2,3,2089.40,1078.50,1634.80,255,195146
1771898979.345,2,4,1539.60,-330.00,952.40,5,195146
1771898979.345,2,5,594.00,197.20,813.00,255,195146
1771898979.345,2,6,2893.10,626.20,1118.30,255,195146
1771898979.345,2,7,2236.60,1139.40,1051.70,5,195146
1771898979.345,2,8,1614.70,-361.10,535.50,5,195146
1771898979.345,2,9,1872.80,28.80,515.80,255,195146
1771898979.345,2,10,665.70,332.90,676.10,255,195146
1771898979.345,3,0,1078.00,-659.50,1181.30,5,198606
1771898979.345,3,1,1388.40,-428.10,1281.60,255,198606
1771898979.345,3,2,1508.40,-76.80,1331.70,255,198606
1771898979.345,3,3,1296.50,229.30,1279.30,255,198606
1771898979.345,3,4,1148.40,-688.70,896.70,5,198606
1771898979.345,3,5,2267.00,-543.80,1035.20,255,198606
1771898979.345,3,6,1339.10,-99.10,911.90,255,198606
1771898979.345,3,7,2843.00,869.90,1138.10,255,198606
1771898979.345,3,8,1152.10,-690.20,601.40,5,198606
1771898979.345,3,9,1244.70,-409.20,599.20,255,198606
1771898979.345,3,10,943.90,-151.10,639.10,255,198606
1771898979.345,3,11,2656.10,792.50,387.10,255,198606
1771898979.345,3,12,1043.80,-645.40,332.60,5,198606
1771898979.345,3,13,1914.20,-497.30,-2.70,255,198606
1771898979.345,3,14,1116.40,-128.40,330.60,255,198606
1771898979.345,3,15,2535.80,742.70,-336.40,255,198606
1771898979.345,4,0,629.00,-457.00,447.50,5,198591
1771898979.345,4,1,639.70,-623.10,474.30,5,198591
1771898979.345,4,2,621.70,-817.30,502.60,5,198591
1771898979.345,4,3,569.60,-1061.70,529.20,9,198591
1771898979.345,4,0,621.50,-454.70,451.90,5,198591
1771898979.345,4,1,626.40,-615.00,481.10,5,198591
1771898979.345,4,2,613.00,-808.60,506.70,5,198591
1771898979.345,4,3,555.40,-1038.50,535.90,9,198591
1771898979.345,4,4,665.40,-410.10,599.40,5,198591
1771898979.345,4,5,676.40,-572.90,641.50,5,198591
1771898979.345,4,6,648.50,-750.90,693.50,5,198591
1771898979.345,4,7,611.90,-991.90,755.40,5,198591
1771898979.345,4,8,678.00,-362.60,745.20,5,198591
1771898979.345,4,9,699.60,-520.90,799.50,5,198591
1771898979.345,4,10,673.00,-690.80,866.60,5,198591
1771898979.345,4,11,640.80,-914.40,962.80,9,198591
1771898979.345,4,12,669.50,-313.50,888.90,5,198591
1771898979.345,4,13,686.50,-456.00,952.70,5,198591
1771898979.345,4,14,681.50,-618.60,1039.10,5,198591
1771898979.345,4,15,638.00,-803.40,1152.90,5,198591
1771898979.446,5,0,-660.40,-878.00,1538.80,5,75533
1771898979.446,5,1,-451.60,-936.10,1529.70,5,75533
1771898979.446,5,2,-231.00,-962.30,1535.60,5,75533
1771898979.446,5,3,8.50,-965.10,1560.80,5,75533
1771898979.446,5,4,-688.50,-905.90,1305.70,5,75533
1771898979.446,5,5,-459.90,-959.10,1295.40,5,75533
1771898979.446,5,6,-221.10,-995.70,1293.80,5,75533
1771898979.446,5,7,39.90,-996.50,1302.70,5,75533
1771898979.446,5,8,-702.20,-896.30,1061.10,5,75533
1771898979.446,5,12,-697.50,-840.00,806.80,5,75533
1771898979.446,5,13,-464.50,-905.80,793.30,5,75533
1771898979.446,5,14,-214.80,-950.90,764.30,9,75533
1771898979.446,5,15,51.00,-925.90,748.60,9,75533
1771898979.446,6,9,-640.80,-103.20,1258.40,5,75513
1771898979.446,6,0,-1599.80,-193.50,1614.10,5,75513
1771898979.446,6,1,-1945.70,-657.60,1703.30,5,75513
1771898979.446,6,2,-594.30,-145.20,1382.50,5,75513
1771898979.446,6,3,-556.10,-183.60,1384.90,5,75513
1771898979.446,6,4,-1668.20,-181.40,1295.00,5,75513
1771898979.446,6,5,-1994.10,-667.00,1261.60,13,75513
1771898979.446,6,6,-625.30,-170.60,1322.50,5,75513
1771898979.446,6,7,-578.00,-218.30,1325.60,5,75513
1771898979.446,6,9,-643.50,-104.30,1257.50,5,75513
1771898979.446,6,10,-609.10,-160.10,1258.10,5,75513
1771898979.446,6,11,-584.90,-235.50,1250.10,5,75513
1771898979.446,6,12,-1539.90,-119.70,638.80,5,75513
1771898979.446,6,13,-597.10,-83.80,1211.80,5,75513
1771898979.446,6,14,-608.80,-162.10,1180.20,5,75513
1771898979.446,6,15,-581.00,-240.10,1161.30,5,75513
1771898979.850,4,4,634.10,-403.90,607.70,5,199137
1771898979.850,4,9,658.50,-505.60,796.00,5,199137
1771898979.850,4,10,645.40,-671.80,861.00,5,199137
1771898979.850,4,11,633.80,-906.40,960.10,5,199137
1771898979.850,4,12,634.50,-312.60,880.30,5,199137
1771898979.850,4,13,655.40,-447.60,941.90,5,199137
1771898979.850,4,14,659.80,-606.60,1028.30,5,199137
1771898979.850,4,15,627.70,-793.80,1145.30,9,199137
1771898979.850,5,0,-643.40,-834.50,1527.90,5,75933
1771898979.850,5,1,-445.20,-884.80,1518.20,5,75933
1771898979.850,5,2,-238.10,-905.10,1522.80,5,75933
1771898979.850,5,3,-20.10,-891.60,1542.30,5,75933
1771898979.850,5,4,-669.60,-859.70,1307.20,5,75933
1771898979.850,5,5,-452.80,-904.60,1297.70,5,75933
1771898979.850,5,6,-230.20,-926.40,1296.80,5,75933
1771898979.850,5,7,5.40,-912.40,1305.50,5,75933
1771898979.850,5,8,-684.40,-855.00,1074.70,5,75933
1771898979.850,5,9,-458.20,-905.80,1066.90,5,75933
1771898979.850,5,10,-225.40,-921.90,1061.80,5,75933
1771898979.850,5,11,25.10,-916.50,1054.50,5,75933
1771898979.850,5,12,-686.20,-815.20,823.60,5,75933
1771898979.850,5,13,-459.60,-872.40,814.70,5,75933
1771898979.850,5,14,-225.00,-880.70,809.40,5,75933
1771898979.850,5,15,22.00,-862.40,791.60,5,75933
1771898979.965,1,1,799.80,587.70,1062.30,5,195872
1771898979.965,1,2,811.10,842.90,1119.70,9,195872
1771898979.965,1,3,788.30,1193.40,1216.60,9,195872
1771898979.965,1,1,805.80,590.10,1065.00,5,195872
1771898979.965,1,2,831.60,858.60,1130.50,5,195872
1771898979.965,1,3,829.40,1246.90,1244.50,5,195872
1771898979.965,1,4,807.40,391.40,843.00,5,195872
1771898979.965,1,5,845.40,606.50,855.30,5,195872
1771898979.965,1,6,846.50,870.00,872.90,5,195872
1771898979.965,1,7,891.70,1328.10,920.20,5,195872
1771898979.965,1,8,813.30,392.10,654.80,5,195872
1771898979.965,1,9,858.20,611.80,641.50,5,195872
1771898979.965,1,10,859.10,879.70,623.60,5,195872
1771898979.965,1,11,850.60,1274.60,587.30,9,195872
1771898979.965,1,12,779.40,387.70,466.10,5,195872
1771898979.965,1,1,816.90,594.70,1070.00,5,195872
1771898979.965,1,1,784.40,581.30,1055.40,5,195872
1771898979.965,1,2,776.70,816.40,1101.80,5,195872
1771898979.965,1,3,799.00,1207.30,1223.80,5,195872
1771898979.965,1,4,792.60,389.40,841.10,5,195872
1771898979.965,1,5,827.10,598.90,852.70,5,195872
1771898979.965,1,6,799.30,833.80,865.10,5,195872
1771898979.965,1,7,796.30,1203.80,899.50,5,195872
1771898979.965,1,8,800.50,390.50,656.50,5,195872
1771898979.965,1,14,797.20,832.20,386.10,9,195872
1771898979.965,1,15,750.60,1144.30,307.70,5,195872
1771898979.965,2,0,1413.40,-277.80,1331.70,5,195888
1771898979.965,2,1,779.30,172.80,1027.10,255,195888
1771898979.965,2,2,2210.10,536.30,1624.90,255,195888
1771898979.965,2,3,2040.80,1058.30,1613.00,255,195888
1771898979.965,2,4,1549.60,-334.20,953.80,5,195888
1771898979.965,2,6,2893.10,626.20,1118.30,255,195888
1771898979.965,2,7,2073.60,1071.90,1028.50,255,195888
1771898979.965,2,8,1566.10,-341.00,542.40,5,195888
1771898979.965,2,13,1555.10,70.70,147.30,255,195888
1771898979.965,2,14,1501.10,442.90,169.90,255,195888
1771898979.965,2,15,1898.20,999.30,-50.50,255,195888
1771898980.064,3,7,2843.00,869.90,1138.10,255,199320
1771898980.064,3,8,1105.40,-670.90,608.10,5,199320
1771898980.064,3,9,1244.70,-409.20,599.20,255,199320
1771898980.064,3,11,2656.10,792.50,387.10,255,199320
1771898980.064,3,12,1010.50,-631.60,347.50,5,199320
1771898980.064,3,0,1161.60,-694.20,1218.90,5,199320
1771898980.064,3,1,1623.80,-459.10,1380.00,255,199320
1771898980.064,3,2,1508.40,-76.80,1331.70,255,199320
1771898980.064,3,3,1296.50,229.30,1279.30,255,199320
1771898980.064,3,4,1214.40,-716.00,906.10,5,199320
1771898980.064,3,5,2177.50,-532.00,1023.30,255,199320
1771898980.064,3,6,1339.10,-99.10,911.90,255,199320
1771898980.064,3,7,2843.00,869.90,1138.10,255,199320
1771898980.064,3,11,2656.10,792.50,387.10,255,199320
1771898980.064,3,12,1066.00,-654.60,322.60,5,199320
1771898980.064,3,13,1770.40,-478.40,57.40,255,199320
1771898980.064,3,2,1508.40,-76.80,1331.70,255,199320
1771898980.064,3,7,2843.00,869.90,1138.10,255,199320
1771898980.064,3,8,1234.50,-724.40,589.70,5,199320
1771898980.064,3,9,1244.70,-409.20,599.20,255,199320
1771898980.064,3,11,2656.10,792.50,387.10,255,199320
1771898980.064,3,12,1083.90,-662.00,314.60,5,199320
1771898980.064,3,13,1770.40,-478.40,57.40,255,199320
1771898980.064,3,14,1116.40,-128.40,330.60,255,199320
1771898980.064,3,15,2535.80,742.70,-336.40,255,199320
1771898980.169,5,4,-678.70,-881.90,1306.50,5,76268
1771898980.169,5,5,-455.10,-922.40,1297.00,5,76268
1771898980.169,5,6,-228.50,-939.30,1296.20,5,76268
1771898980.169,5,7,9.60,-922.60,1305.20,5,76268
1771898980.169,5,8,-691.20,-870.80,1069.50,5,76268
1771898980.169,5,9,-459.40,-914.30,1064.20,5,76268
1771898980.169,5,10,-224.20,-930.40,1059.10,5,76268
1771898980.169,5,11,22.10,-909.50,1056.80,5,76268
1771898980.169,5,12,-691.50,-826.80,815.80,9,76268
1771898980.169,5,13,-460.10,-875.70,812.60,5,76268
1771898980.169,5,14,-223.40,-891.60,802.40,5,76268
1771898980.169,5,15,22.70,-864.00,790.60,5,76268
1771898980.169,6,2,-598.10,-148.10,1383.60,5,76315
1771898980.169,6,3,-557.30,-185.20,1385.40,5,76315
1771898980.169,6,4,-1620.60,-175.00,1296.50,5,76315
1771898980.169,6,5,-2019.00,-677.30,1260.40,5,76315
1771898980.169,6,6,-626.10,-171.20,1322.50,5,76315
1771898980.169,6,7,-574.30,-213.60,1325.70,5,76315
1771898980.169,6,8,-1609.20,-151.70,973.70,5,76315
1771898980.169,6,9,-646.10,-105.40,1256.60,5,76315
1771898980.169,6,10,-611.40,-161.80,1257.20,5,76315
1771898980.169,6,11,-578.70,-227.00,1253.30,5,76315
1771898980.169,6,12,-1484.90,-114.40,672.90,5,76315
1771898980.169,6,13,-602.50,-86.00,1208.10,5,76315
1771898980.169,6,5,-1853.90,-608.70,1268.00,13,76315
1771898980.169,6,6,-624.60,-170.00,1322.60,5,76315
1771898980.169,6,7,-571.30,-209.60,1325.90,5,76315
1771898980.169,6,0,-1491.10,-176.80,1588.20,5,76315
1771898980.169,6,1,-1723.60,-563.80,1649.50,5,76315
1771898980.169,6,2,-621.50,-165.80,1390.10,5,76315
1771898980.169,6,3,-565.80,-195.80,1388.60,5,76315
1771898980.169,6,14,-633.40,-181.40,1160.40,5,76315
1771898980.169,6,6,-634.90,-177.90,1322.00,5,76315
1771898980.169,6,1,-1782.10,-588.50,1663.70,5,76315
1771898980.169,6,2,-619.20,-164.00,1389.50,5,76315
1771898980.169,6,3,-565.80,-195.80,1388.60,5,76315
1771898980.169,6,4,-1528.50,-162.50,1299.30,5,76315
1771898980.169,6,5,-688.50,-124.60,1321.20,5,76315
1771898980.169,6,6,-647.60,-187.60,1321.40,5,76315
1771898980.169,6,0,-1501.70,-178.40,1590.70,5,76315
1771898980.169,6,1,-1827.90,-607.90,1674.80,5,76315
1771898980.169,6,2,-608.30,-155.80,1386.40,5,76315
1771898980.169,6,3,-559.10,-187.40,1386.10,5,76315
1771898980.169,6,4,-1547.30,-165.10,1298.70,5,76315
1771898980.169,6,5,-686.70,-123.80,1321.30,5,76315
1771898980.169,6,6,-642.80,-184.00,1321.60,5,76315
1771898980.169,6,7,-578.60,-219.10,1325.50,5,76315
1771898980.169,6,8,-1533.10,-142.80,996.70,5,76315
1771898980.169,6,9,-657.60,-110.10,1252.70,5,76315
1771898980.169,6,10,-639.30,-183.40,1246.10,5,76315
1771898980.169,6,11,-585.50,-236.30,1249.80,5,76315
1771898980.169,6,12,-1419.60,-108.20,713.40,5,76315
1771898980.169,6,13,-613.50,-90.40,1200.60,5,76315
1771898980.169,6,14,-639.30,-186.10,1155.60,5,76315
1771898980.169,6,15,-582.00,-241.50,1160.20,5,76315
1771898980.372,8,0,-722.30,893.60,770.10,5,76367
1771898980.372,8,1,-468.00,929.50,777.70,5,76367
1771898980.372,8,2,-219.90,915.30,786.90,5,76367
1771898980.372,8,3,30.10,879.70,779.50,5,76367
1771898980.372,8,4,-725.00,948.60,1043.90,5,76367
1771898980.372,8,5,-468.30,979.10,1043.50,5,76367
1771898980.372,8,6,-218.90,968.70,1046.80,5,76367
1771898980.372,8,1,-472.70,962.10,756.80,5,76367
1771898980.372,8,8,-727.20,999.70,1302.60,5,76367
1771898980.372,8,9,-468.40,1024.00,1292.60,5,76367
1771898980.372,8,10,-218.50,1015.10,1293.00,5,76367
1771898980.372,8,9,-470.20,1037.80,1292.00,5,76367
1771898980.372,8,10,-214.70,1044.80,1291.70,5,76367
1771898980.372,8,11,50.50,1021.90,1301.90,5,76367
1771898980.372,8,12,-696.10,969.10,1561.90,5,76367
1771898980.372,8,13,-460.60,1008.30,1546.10,5,76367
1771898980.372,8,9,-468.70,1026.00,1292.50,5,76367
1771898980.372,8,10,-215.80,1035.90,1292.10,5,76367
1771898980.372,8,11,46.40,1011.80,1302.20,5,76367
1771898980.372,8,12,-692.20,959.20,1559.40,5,76367
1771898980.372,8,13,-459.60,1000.50,1544.30,5,76367
1771898980.372,8,14,-225.60,1005.40,1545.40,5,76367
1771898980.372,8,15,9.60,967.30,1561.50,5,76367
1771898980.469,4,0,608.00,-450.70,459.50,5,199732
1771898980.469,4,1,625.60,-614.50,481.50,5,199732
1771898980.469,4,2,623.80,-819.30,501.60,5,199732
1771898980.469,4,3,593.00,-1099.80,518.30,5,199732
1771898980.469,4,4,652.10,-407.40,602.90,5,199732
1771898980.469,4,5,669.30,-569.50,642.80,5,199732
1771898980.469,4,7,627.90,-1013.70,755.60,5,199732
1771898980.469,4,8,683.00,-363.10,745.10,5,199732
1771898980.469,4,9,707.10,-523.60,800.10,5,199732
1771898980.469,4,10,699.00,-708.70,872.00,5,199732
1771898980.469,4,11,680.90,-960.30,978.70,9,199732
1771898980.469,4,12,668.50,-313.50,888.70,5,199732
1771898980.469,4,13,697.50,-458.90,956.60,5,199732
1771898980.469,4,12,687.90,-314.00,893.50,5,199732
1771898980.469,4,13,715.80,-463.90,962.90,5,199732
1771898980.469,4,14,725.60,-642.90,1061.20,5,199732
1771898980.469,4,15,704.40,-865.90,1202.90,9,199732
1771898980.469,5,8,-703.30,-898.90,1060.30,5,76601
1771898980.469,5,9,-462.30,-936.10,1057.30,5,76601
1771898980.469,5,10,-220.30,-958.80,1050.10,5,76601
1771898980.469,5,11,34.60,-938.50,1047.30,5,76601
1771898980.469,5,12,-700.30,-846.10,802.60,5,76601
1771898980.469,5,13,-463.50,-899.10,797.60,5,76601
1771898980.469,5,0,-658.60,-873.50,1537.70,5,76601
1771898980.469,5,1,-449.60,-920.60,1526.30,5,76601
1771898980.469,5,2,-233.50,-941.90,1531.10,5,76601
1771898980.469,5,9,-463.50,-944.60,1054.60,5,76601
1771898980.469,5,10,-220.30,-958.80,1050.10,5,76601
1771898980.469,5,11,41.80,-955.20,1041.90,5,76601
1771898980.469,5,12,-701.40,-848.50,801.10,5,76601
1771898980.469,5,13,-464.30,-905.00,793.80,5,76601
1771898980.469,5,14,-218.70,-924.20,781.50,5,76601
1771898980.469,5,15,35.40,-891.80,771.70,5,76601
1771898980.569,1,0,728.10,380.90,1011.10,5,196529
1771898980.569,1,1,751.20,567.50,1040.50,5,196529
1771898980.569,1,2,746.60,793.40,1086.10,5,196529
1771898980.569,1,3,773.70,1174.30,1206.60,5,196529
1771898980.569,1,4,764.10,385.70,837.30,5,196529
1771898980.569,1,5,791.30,584.10,847.60,5,196529
1771898980.569,1,6,776.50,816.30,861.30,5,196529
1771898980.569,1,7,777.00,1178.60,895.40,5,196529
1771898980.569,1,8,767.10,386.10,660.90,5,196529
1771898980.569,1,9,789.50,583.40,651.30,5,196529
1771898980.569,1,10,787.50,824.70,635.50,5,196529
1771898980.569,1,11,828.30,1245.50,592.10,5,196529
1771898980.569,1,12,729.00,381.10,487.20,5,196529
1771898980.569,1,1,759.70,571.00,1044.30,5,196529
1771898980.569,1,9,805.10,589.80,649.10,5,196529
1771898980.569,1,10,783.60,821.70,636.10,5,196529
1771898980.569,1,11,836.70,1256.50,590.30,5,196529
1771898980.569,1,12,735.50,381.90,484.50,5,196529
1771898980.569,1,13,775.90,577.80,447.00,5,196529
1771898980.569,1,14,786.20,823.80,391.90,9,196529
1771898980.569,1,15,762.40,1159.70,299.60,5,196529
1771898980.569,4,6,664.70,-764.20,691.80,5,200000
1771898980.569,4,7,645.10,-1037.00,755.80,5,200000
1771898980.569,4,8,693.90,-364.30,745.10,5,200000
1771898980.569,4,9,710.80,-525.00,800.40,5,200000
1771898980.569,4,10,693.30,-704.80,870.80,5,200000
1771898980.569,4,11,677.70,-956.60,977.50,9,200000
1771898980.569,4,12,681.10,-313.80,891.80,5,200000
1771898980.569,4,13,706.70,-461.40,959.70,5,200000
1771898980.569,4,14,703.10,-630.50,1049.90,5,200000
1771898980.569,4,15,671.80,-835.30,1178.40,9,200000
1771898980.669,3,11,2656.10,792.50,387.10,255,200043
1771898980.669,3,12,1150.50,-689.60,284.70,5,200043
1771898980.669,3,0,1209.40,-714.00,1240.30,5,200043
1771898980.669,3,1,1643.10,-461.60,1388.00,255,200043
1771898980.669,3,2,1508.40,-76.80,1331.70,255,200043
1771898980.669,3,3,1296.50,229.30,1279.30,255,200043
1771898980.669,3,4,1300.50,-751.70,918.30,5,200043
1771898980.669,3,5,2177.50,-532.00,1023.30,255,200043
1771898980.669,3,6,1339.10,-99.10,911.90,255,200043
1771898980.669,3,7,2843.00,869.90,1138.10,255,200043
1771898980.669,3,8,1283.10,-744.50,582.70,5,200043
1771898980.669,3,9,1244.70,-409.20,599.20,255,200043
1771898980.669,3,6,1339.10,-99.10,911.90,255,200043
1771898980.669,3,7,2843.00,869.90,1138.10,255,200043
1771898980.669,3,8,1294.10,-749.00,581.20,5,200043
1771898980.669,3,9,1244.70,-409.20,599.20,255,200043
1771898980.669,3,10,4127.70,268.00,216.40,2,200043
1771898980.669,3,11,2656.10,792.50,387.10,255,200043
1771898980.669,3,12,1085.60,-662.70,313.80,5,200043
1771898980.669,3,13,1770.40,-478.40,57.40,255,200043
1771898980.669,3,14,3854.20,232.00,-813.20,255,200043
1771898980.669,3,15,3450.80,1121.70,-746.60,2,200043
1771898980.770,5,0,-659.70,-876.20,1538.40,5,77001
1771898980.770,5,1,-449.90,-922.60,1526.70,5,77001
1771898980.770,5,7,22.90,-954.90,1304.10,5,77001
1771898980.770,5,8,-702.60,-897.20,1060.90,5,77001
1771898980.770,5,9,-463.00,-940.80,1055.80,5,77001
1771898980.770,5,10,-219.80,-962.50,1048.90,5,77001
1771898980.770,5,11,43.30,-958.70,1040.70,5,77001
1771898980.770,5,12,-701.40,-848.50,801.10,5,77001
1771898980.770,5,13,-465.80,-915.00,787.40,5,77001
1771898980.770,5,14,-218.70,-924.20,781.50,5,77001
1771898980.770,5,15,40.00,-901.90,764.80,5,77001
1771898980.770,6,5,-1841.90,-603.70,1268.50,13,76983
1771898980.770,6,5,-1872.30,-616.40,1267.10,13,76983
1771898980.770,6,6,-630.10,-174.30,1322.30,5,76983
1771898980.770,6,7,-580.40,-221.50,1325.40,5,76983
1771898980.770,6,1,-1850.40,-617.40,1680.30,5,76983
1771898980.770,6,9,-649.70,-106.80,1255.40,5,76983
1771898980.770,6,10,-621.90,-170.00,1253.00,5,76983
1771898980.770,6,0,-1555.60,-186.70,1603.50,5,76983
1771898980.770,6,1,-1843.20,-614.30,1678.50,5,76983
1771898980.770,6,2,-605.90,-154.00,1385.80,5,76983
1771898980.770,6,3,-560.90,-189.70,1386.80,5,76983
1771898980.770,6,4,-1598.80,-172.00,1297.20,5,76983
1771898980.770,6,5,-682.10,-121.90,1321.50,5,76983
1771898980.770,6,6,-636.50,-179.10,1322.00,5,76983
1771898980.770,6,7,-578.00,-218.30,1325.60,5,76983
1771898980.770,6,8,-1585.40,-148.90,980.90,5,76983
1771898980.770,6,9,-650.60,-107.20,1255.10,5,76983
1771898980.770,6,10,-625.70,-172.90,1251.50,5,76983
1771898980.770,6,11,-580.90,-230.10,1252.10,5,76983
1771898980.770,6,12,-1482.30,-114.20,674.50,5,76983
1771898980.770,6,13,-611.20,-89.50,1202.20,5,76983
1771898980.770,6,14,-651.90,-196.00,1145.40,5,76983
1771898980.770,6,15,-576.10,-233.20,1166.50,5,76983
1771898980.875,1,1,757.10,570.00,1043.20,5,196857
1771898980.875,1,2,762.00,805.20,1094.10,5,196857
1771898980.875,1,3,736.00,1125.20,1181.00,5,196857
1771898980.875,1,4,761.20,385.30,836.90,5,196857
1771898980.875,1,1,755.40,569.30,1042.40,5,196857
1771898980.875,1,2,756.10,800.70,1091.00,9,196857
1771898980.875,1,3,732.10,1120.10,1178.30,5,196857
1771898980.875,1,4,766.10,385.90,837.50,5,196857
1771898980.875,1,5,792.20,584.50,847.70,5,196857
1771898980.875,1,9,793.20,584.90,650.80,5,196857
1771898980.875,1,10,786.70,824.10,635.60,5,196857
1771898980.875,1,11,741.40,1132.20,610.90,9,196857
1771898980.875,1,12,740.00,382.50,482.60,5,196857
1771898980.875,1,13,763.10,572.50,452.70,5,196857
1771898980.875,1,14,777.40,817.00,396.50,5,196857
1771898980.875,1,15,734.90,1123.80,318.40,5,196857
1771898980.875,2,12,1340.00,-247.40,199.80,5,196894
1771898980.875,2,13,1555.10,70.70,147.30,255,196894
1771898980.875,2,6,2893.10,626.20,1118.30,255,196894
1771898980.875,2,0,1286.20,-225.10,1274.70,5,196894
1771898980.875,2,1,779.30,172.80,1027.10,255,196894
1771898980.875,2,2,2210.10,536.30,1624.90,255,196894
1771898980.875,2,3,2040.80,1058.30,1613.00,255,196894
1771898980.875,2,4,1441.50,-289.40,938.40,5,196894
1771898980.875,2,5,4473.70,-313.60,1328.20,255,196894
1771898980.875,2,2,2210.10,536.30,1624.90,255,196894
1771898980.875,2,4,1337.10,-246.20,923.60,5,196894
1771898980.875,2,5,4004.90,-251.90,1265.90,2,196894
1771898980.875,2,6,2893.10,626.20,1118.30,255,196894
1771898980.875,2,7,3497.00,1661.50,1231.30,255,196894
1771898980.875,2,8,1307.80,-234.00,70225.80,255,196894
1771898980.875,2,11,2058.00,1065.50,472.30,255,196894
1771898980.875,2,12,1275.10,-220.50,228.90,5,196894
1771898980.875,2,13,1470.90,81.80,182.50,255,196894
1771898980.875,2,14,1652.20,462.80,106.80,255,196894
1771898980.875,2,15,1403.20,794.20,171.40,255,196894
1771898981.033,5,15,30.80,-881.80,778.50,5,77135
1771898981.131,5,8,-701.80,-895.40,1061.40,5,77202
1771898981.131,5,9,-461.80,-932.30,1058.50,5,77202
1771898981.131,5,10,-222.00,-946.50,1054.00,5,77202
1771898981.131,5,11,33.10,-935.00,1048.50,5,77202
1771898981.131,5,12,-700.30,-846.10,802.60,5,77202
1771898981.131,5,13,-462.80,-894.10,800.80,5,77202
1771898981.131,5,14,-220.30,-913.30,788.50,5,77202
1771898981.131,5,15,31.20,-882.50,778.00,5,77202
1771898981.131,7,3,-445.70,304.10,1160.70,5,77218
1771898981.131,7,4,-646.50,194.70,1248.40,5,77218
1771898981.131,7,5,-601.50,260.60,1240.10,5,77218
1771898981.131,7,6,-537.40,315.20,1235.40,5,77218
1771898981.131,7,0,-607.00,159.20,1191.20,5,77218
1771898981.131,7,1,-574.20,222.40,1174.30,5,77218
1771898981.131,7,2,-540.40,328.80,1126.10,5,77218
1771898981.131,7,3,-445.50,302.40,1161.80,5,77218
1771898981.131,7,4,-647.30,195.20,1248.10,5,77218
1771898981.131,7,5,-602.10,261.40,1239.80,5,77218
1771898981.131,7,6,-536.70,313.40,1236.00,5,77218
1771898981.131,7,7,-451.30,301.30,1250.10,5,77218
1771898981.131,7,8,-1279.60,690.30,1300.30,5,77218
1771898981.131,7,9,-611.00,276.10,1320.20,5,77218
1771898981.131,7,2,-531.90,307.60,1140.60,5,77218
1771898981.131,7,3,-443.40,280.40,1175.40,5,77218
1771898981.131,7,3,-445.10,297.30,1164.90,5,77218
1771898981.131,7,4,-628.10,180.90,1255.30,5,77218
1771898981.131,7,8,-1366.60,757.50,1296.90,5,77218
1771898981.131,7,9,-598.30,259.40,1321.10,5,77218
1771898981.131,7,0,-598.00,152.80,1198.00,5,77218
1771898981.131,7,1,-564.30,209.80,1184.50,5,77218
1771898981.131,7,2,-542.90,335.10,1121.80,5,77218
1771898981.131,7,3,-446.20,309.20,1157.60,5,77218
1771898981.131,7,4,-1357.20,723.70,982.30,5,77218
1771898981.131,7,5,-585.80,240.30,1248.20,5,77218
1771898981.131,7,6,-534.10,307.20,1238.00,5,77218
1771898981.131,7,7,-452.20,308.90,1247.80,5,77218
1771898981.131,7,8,-1368.20,758.80,1296.90,5,77218
1771898981.131,7,2,-540.70,329.60,1125.60,5,77218
1771898981.131,7,3,-445.40,300.70,1162.80,5,77218
1771898981.131,7,4,-640.40,190.10,1250.70,5,77218
1771898981.131,7,5,-592.80,249.30,1244.60,5,77218
1771898981.131,7,6,-536.70,313.40,1236.00,5,77218
1771898981.131,7,7,-452.10,307.90,1248.10,5,77218
1771898981.131,7,0,-602.80,156.20,1194.40,5,77218
1771898981.131,7,1,-568.50,215.10,1180.20,5,77218
1771898981.131,7,2,-541.90,332.70,1123.40,5,77218
1771898981.131,7,3,-445.30,299.90,1163.40,5,77218
1771898981.131,7,4,-1306.50,685.90,1001.30,5,77218
1771898981.131,7,5,-592.80,249.30,1244.60,5,77218
1771898981.131,7,6,-535.90,311.60,1236.50,5,77218
1771898981.131,7,7,-451.80,305.10,1248.90,5,77218
1771898981.131,7,8,-1319.20,720.90,1298.80,5,77218
1771898981.131,7,9,-608.00,272.10,1320.40,5,77218
1771898981.131,7,10,-532.90,299.40,1321.00,5,77218
1771898981.131,7,11,-456.20,299.80,1325.00,5,77218
1771898981.131,7,12,-1282.10,716.90,1593.20,5,77218
1771898981.131,7,14,-531.90,292.40,1398.20,5,77218
1771898981.131,7,15,-459.00,286.20,1395.50,5,77218
1771898981.132,6,0,-1524.80,-182.00,1596.20,5,77318
1771898981.132,6,1,-1760.50,-579.40,1658.50,5,77318
1771898981.132,6,2,-608.30,-155.80,1386.40,5,77318
1771898981.132,6,3,-559.10,-187.40,1386.10,5,77318
1771898981.132,6,0,-1526.70,-182.30,1596.70,5,77318
1771898981.132,6,2,-604.40,-152.80,1385.30,5,77318
1771898981.132,6,3,-556.10,-183.60,1384.90,5,77318
1771898981.132,6,4,-1559.20,-166.70,1298.40,5,77318
1771898981.132,6,5,-677.40,-120.00,1321.70,5,77318
1771898981.132,6,6,-639.60,-181.60,1321.80,5,77318
1771898981.132,6,15,-571.60,-226.90,1171.20,5,77318
1771898981.232,1,15,665.10,1032.90,365.90,9,197185
1771898981.232,2,11,2058.00,1065.50,472.30,255,197161
1771898981.232,2,12,1326.30,-241.70,205.90,5,197161
1771898981.232,2,13,1470.90,81.80,182.50,255,197161
1771898981.232,2,14,1652.20,462.80,106.80,255,197161
1771898981.232,2,15,1403.20,794.20,171.40,255,197161
1771898981.337,5,4,-687.00,-902.20,1305.80,5,77536
1771898981.337,5,5,-457.30,-939.30,1296.20,5,77536
1771898981.337,5,6,-226.70,-953.10,1295.70,5,77536
1771898981.337,5,7,12.60,-930.00,1304.90,5,77536
1771898981.337,5,13,-463.40,-898.30,798.10,5,77536
1771898981.337,5,14,-221.90,-901.60,796.00,5,77536
1771898981.337,5,15,27.60,60580.90,1659.30,13,77536
1771898981.337,5,3,-16.20,-901.60,1544.80,5,77536
1771898981.337,5,4,-683.20,-893.00,1306.10,5,77536
1771898981.337,5,5,-457.60,-8787000.00,780.60,9,77536
1771898981.337,6,2,-605.90,-154.00,1385.80,5,77519
1771898981.337,6,0,-1494.90,-177.40,1589.10,5,77519
1771898981.337,6,1,-1747.00,-573.70,1655.20,5,77519
1771898981.337,6,13,-615.90,-91.40,1199.00,5,77519
1771898981.337,6,15,-579.00,-237.30,1163.40,5,77519
1771898981.442,1,9,786.70,582.20,651.70,5,197315
1771898981.442,1,10,761.50,804.80,639.80,5,197315
1771898981.442,1,11,690.70,1066.10,621.90,9,197315
1771898981.442,1,12,737.30,382.10,483.70,5,197315
1771898981.442,1,1,746.90,565.70,1038.60,5,197315
1771898981.442,1,9,792.20,584.50,650.90,5,197315
1771898981.442,1,10,769.40,810.90,638.50,5,197315
1771898981.442,1,11,690.10,1065.40,622.00,9,197315
1771898981.442,1,12,737.30,382.10,483.70,5,197315
1771898981.442,1,13,761.40,571.70,453.50,5,197315
1771898981.442,1,14,767.90,809.70,401.40,5,197315
1771898981.442,1,15,684.30,1057.80,352.80,255,197315
1771898981.442,2,0,1124.90,-158.30,1202.40,255,197429
1771898981.442,2,1,779.30,172.80,1027.10,255,197429
1771898981.442,2,14,1652.20,462.80,106.80,255,197429
1771898981.442,2,15,1403.20,794.20,171.40,255,197429
1771898981.442,3,0,1085.60,-662.70,1184.80,255,200897
1771898981.442,3,1,1541.40,-448.20,1345.50,255,200897
1771898981.442,3,2,1508.40,-76.80,1331.70,255,200897
1771898981.442,3,3,1296.50,229.30,1279.30,255,200897
1771898981.442,3,4,1154.80,-691.40,897.60,255,200897
1771898981.442,3,5,2177.50,-532.00,1023.30,255,200897
1771898981.442,3,67,2843.00,869.90,1138.10,255,200897
1771898981.442,3,8,1121.90,-677.70,605.70,255,200897
1771898981.442,3,9,4247.70,-804.50,200.40,255,200897
1771898981.442,3,10,4004.90,251.90,232.70,255,200897
1771898981.442,3,11,2656.10,792.50,387.10,255,200897
1771898981.442,3,12,1094.20,-666.20,310.00,5,200897
1771898981.442,3,13,1770.40,-478.40,57.40,255,200897
1771898981.442,3,14,3782.80,222.60,-783.30,255,200897
1771898981.442,3,2,1508.40,-76.80,1331.70,255,200897
1771898981.442,3,3,1296.50,229.30,1279.30,255,200897
1771898981.442,3,4,1154.80,-691.40,897.60,255,200897
1771898981.442,3,5,2177.50,-532.00,1023.30,255,200897
1771898981.442,3,6,3782.70,222.60,1236.40,255,200897
1771898981.442,3,7,2843.00,869.90,1138.10,255,200897
1771898981.442,3,8,1121.90,-677.70,605.70,255,200897
1771898981.442,3,0,1085.60,-662.70,1184.80,255,200897
1771898981.442,3,11,3219.50,1025.80,306.80,255,200897
1771898981.442,3,12,1094.20,-666.20,310.00,255,200897
1771898981.442,3,13,1770.40,-478.40,57.40,255,200897
1771898981.442,3,8,1121.90,-677.70,605.70,255,200897
1771898981.442,3,9,4247.70,-804.50,200.40,255,200897
1771898981.442,3,10,3518.30,187.80,297.30,255,200897
1771898981.442,3,11,3128.80,988.30,319.70,10,200897
1771898981.542,7,1,-563.20,208.50,1185.60,5,77953
1771898981.542,7,2,-544.40,339.00,1119.10,5,77953
1771898981.542,7,3,-446.00,307.50,1158.60,5,77953
1771898981.542,7,4,-1344.90,714.50,986.90,5,77953
1771898981.542,7,5,-584.60,238.80,1248.80,5,77953
1771898981.542,7,6,-535.90,311.60,1236.50,5,77953
1771898981.542,7,7,-452.10,307.90,1248.10,5,77953
1771898981.542,7,8,-1367.40,758.10,1296.90,5,77953
1771898981.542,7,9,-599.50,261.00,1321.00,5,77953
1771898981.542,7,10,-533.30,300.40,1320.90,5,77953
1771898981.542,7,11,-456.40,301.80,1325.00,5,77953
1771898981.542,7,12,-1320.90,748.00,1604.90,5,77953
1771898981.542,7,3,-444.40,290.60,1169.10,5,77953
1771898981.542,7,4,-1315.70,692.80,997.90,5,77953
1771898981.542,7,1,-576.80,225.70,1171.70,5,77953
1771898981.542,7,2,-530.00,302.90,1143.80,5,77953
1771898981.542,7,3,-444.00,286.30,1171.80,5,77953
1771898981.542,7,4,-647.30,195.20,1248.10,5,77953
1771898981.542,7,5,-601.50,260.60,1240.10,5,77953
1771898981.542,7,6,-530.20,297.50,1241.30,5,77953
1771898981.542,7,7,-450.40,293.70,1252.40,5,77953
1771898981.542,7,8,-1310.50,714.10,1299.10,5,77953
1771898981.542,7,9,-604.40,267.30,1320.60,5,77953
1771898981.542,7,10,-529.18,292.40,1398.20,5,77953
1771898981.542,7,15,-458.60,283.30,1394.80,5,77953
1771898981.543,3,11,2908.90,897.20,351.10,10,201225
1771898981.543,3,12,1094.20,-666.20,310.00,255,201225
1771898981.543,3,13,3009.70,-641.50,-460.40,10,201225
1771898981.543,3,14,3183.70,143.70,-533.10,255,201225
1771898981.543,3,15,2803.00,853.30,-456.20,5,201225
1771898981.744,5,9,-462.50,-937.00,1057.00,5,78221
1771898981.744,5,9,-462.10,-934.20,1057.90,5,78221
1771898981.744,5,10,-220.50,-957.80,1050.40,5,78221
1771898981.744,5,11,36.10,-942.00,1046.20,5,78221
1771898981.744,5,12,-699.60,-844.60,803.70,5,78221
1771898981.744,5,13,-463.60,-899.90,797.00,5,78221
1771898981.744,5,14,-219.40,-919.20,784.70,5,78221
1771898981.744,5,15,34.00,-888.70,773.80,9,78221
1771898981.744,5,4,-683.20,-893.00,1306.10,5,78221
1771898981.744,5,5,-458.10,-945.20,1296.00,5,78221
1771898981.744,5,6,-225.40,-963.10,1295.20,5,78221
1771898981.744,5,7,26.30,-963.30,1303.80,5,78221
1771898981.744,5,8,-699.20,-889.30,1063.40,5,78221
1771898981.744,5,12,-701.00,-847.70,801.60,5,78221
1771898981.744,5,13,-464.20,-904.10,794.40,5,78221
1771898981.744,5,14,-217.50,-932.50,776.10,5,78221
1771898981.744,5,15,42.80,-908.10,760.60,9,78221
1771898981.744,7,15,-458.60,283.30,1394.80,5,78237
1771898981.744,7,1,-576.30,225.10,1172.20,5,78304
1771898981.744,7,2,-535.40,316.20,1134.70,5,78304
1771898981.744,7,3,-444.00,286.30,1171.80,5,78304
1771898981.744,7,4,-644.20,193.00,1249.20,5,78304
1771898981.744,7,5,-602.10,261.40,1239.80,5,78304
1771898981.744,7,6,-533.80,306.30,1238.30,5,78304
1771898981.744,7,7,-450.20,291.80,1253.00,5,78304
1771898981.744,7,8,-1300.20,706.20,1299.50,5,78304
1771898981.744,7,9,-605.60,268.90,1320.60,5,78304
1771898981.744,7,10,-530.60,293.90,1321.20,5,78304
1771898981.744,7,11,-454.40,286.90,1325.40,5,78304
1771898981.744,7,12,-1275.30,711.50,1591.20,5,78304
1771898981.744,7,13,-609.20,276.80,1403.90,5,78304
1771898981.744,7,14,-533.00,295.10,1398.80,5,78304
1771898981.744,7,15,-458.70,284.30,1395.00,5,78304
1771898981.745,1,1,746.90,565.70,1038.60,5,198101
1771898981.745,1,2,735.60,784.90,1080.30,9,198101
1771898981.745,1,3,664.00,1031.40,1132.00,255,198101
1771898981.745,1,4,761.20,385.30,836.90,5,198101
1771898981.745,1,9,788.60,583.00,651.40,5,198101
1771898981.745,1,10,768.60,810.30,638.60,5,198101
1771898981.745,1,11,571.20,910.40,647.80,255,198101
1771898981.745,1,12,744.60,383.10,480.70,5,198101
1771898981.745,1,13,771.60,576.00,448.90,5,198101
1771898981.745,1,14,746.60,793.40,412.50,9,198101
1771898981.745,1,1,759.70,571.00,1044.30,5,198101
1771898981.745,1,2,722.40,774.80,1073.40,5,198101
1771898981.745,1,3,506.00,825.50,1024.40,255,198101
1771898981.745,1,4,773.00,386.80,838.40,5,198101
1771898981.745,1,5,790.40,583.80,847.50,5,198101
1771898981.745,1,6,752.10,797.60,857.20,5,198101
1771898981.745,1,11,561.50,897.80,649.80,255,198101
1771898981.745,1,12,748.30,383.60,479.10,5,198101
1771898981.745,1,13,772.50,576.30,10329.70,255,198101
1771898981.745,1,14,690.20,750.10,442.00,255,198101
1771898981.745,1,15,439.60,739.00,519.30,255,198101
1771898981.846,1,1,720.40,554.80,1026.70,5,198168
1771898981.846,1,2,1817.50,1615.10,1645.20,4,198168
1771898981.846,1,3,446.40,747.80,983.90,255,198168
1771898981.846,1,4,726.80,380.80,832.30,5,198168
1771898981.846,1,5,753.80,568.60,842.20,5,198168
1771898981.846,1,6,666.40,731.80,843.00,255,198168
1771898981.846,1,7,507.80,827.80,837.10,255,198168
1771898981.846,1,8,734.60,381.80,665.20,5,198168
1771898981.846,1,9,762.00,572.00,655.20,5,198168
1771898981.846,1,10,671.90,736.00,654.70,255,198168
1771898981.846,1,11,522.30,846.70,658.30,255,198168
1771898981.846,1,12,715.30,379.20,492.90,5,198168
1771898981.846,1,13,734.90,560.80,465.30,5,198168
1771898981.846,1,14,643.30,714.10,466.50,255,198168
1771898981.846,1,15,468.90,777.10,499.40,255,198168
1771898981.943,2,12,1364.80,-257.60,188.70,5,198184
1771898981.943,2,13,1470.90,81.80,182.50,255,198184
1771898981.943,2,0,2471.80,-716.20,1806.30,10,198184
1771898981.943,2,1,779.30,172.80,1027.10,255,198184
1771898981.943,2,0,2417.20,-693.50,1781.80,5,198184
1771898981.943,2,1,779.30,172.80,1027.10,255,198184
1771898981.943,2,2,2883.30,624.90,1906.20,255,198184
1771898981.943,2,3,3274.20,1569.20,2166.00,255,198184
1771898981.943,2,4,2747.70,-830.50,1124.60,255,198184
1771898981.943,2,5,3010.10,-120.90,1133.80,5,198184
1771898981.943,2,6,3027.80,643.90,1136.20,5,198184
1771898981.943,2,7,2842.10,1390.20,1138.00,10,198184
1771898981.943,2,8,2748.60,-830.80,373.90,255,198184
1771898981.943,2,9,3089.70,-131.40,354.20,5,198184
1771898981.943,2,10,3298.10,679.50,326.50,255,198184
1771898981.943,2,11,2904.40,1416.00,351.70,255,198184
1771898981.943,2,12,1355.40,-253.70,192.90,10,198184
1771898981.943,2,13,1589.00,66.20,133.20,255,198184
1771898981.943,2,14,1442.50,435.20,194.40,10,198184
1771898981.943,2,15,1403.20,794.20,171.40,255,198184
1771898982.053,3,8,1121.90,-677.70,605.70,255,201623
1771898982.053,3,9,3064.20,-648.70,357.60,255,201623
1771898982.053,3,10,3212.60,147.50,337.90,10,201623
1771898982.053,3,11,2940.10,910.10,346.60,5,201623
1771898982.053,3,12,1094.20,-666.20,310.00,255,201623
1771898982.053,3,13,3009.70,-641.50,-460.40,255,201623
1771898982.053,3,0,1348.50,-771.60,1302.70,10,201623
1771898982.053,3,1,1435.10,-434.20,1301.10,10,201623
1771898982.053,3,2,1508.40,-76.80,1331.70,255,201623
1771898982.053,3,3,1296.50,229.30,1279.30,255,201623
1771898982.053,3,4,1154.80,-691.40,897.60,255,201623
1771898982.053,3,5,3090.70,-652.20,1144.50,10,201623
1771898982.053,3,6,3201.80,146.10,1159.30,255,201623
1771898982.053,3,7,3022.50,944.30,1163.70,255,201623
1771898982.053,3,8,2553.50,-1270.70,401.70,10,201623
1771898982.053,3,9,3064.20,-648.70,357.60,255,201623
1771898982.053,3,10,2951.10,113.10,372.60,5,201623
1771898982.053,3,11,2783.50,845.20,368.90,5,201623
1771898982.053,3,12,1094.20,-666.20,310.00,255,201623
1771898982.053,3,13,2745.90,-606.80,-350.10,5,201623
1771898982.053,3,14,2818.30,95.60,-380.40,5,201623
1771898982.053,3,15,2661.30,794.70,-392.60,5,201623
1771898982.053,4,0,635.80,-459.00,443.70,5,201608
1771898982.053,4,1,641.30,-624.00,473.50,5,201608
1771898982.053,4,2,635.80,-831.40,495.90,9,201608
1771898982.053,4,3,581.30,-1080.80,523.70,9,201608
1771898982.053,4,4,672.10,-411.40,597.60,5,201608
1771898982.053,4,5,693.30,-581.00,638.30,5,201608
1771898982.053,4,6,670.00,-768.70,691.30,5,201608
1771898982.053,4,7,643.30,-1034.60,755.80,9,201608
1771898982.053,4,8,690.90,-364.00,745.10,5,201608
1771898982.053,4,9,708.00,-524.00,800.20,5,201608
1771898982.053,4,10,689.20,-702.00,870.00,5,201608
1771898982.053,4,11,676.50,-955.20,977.00,9,201608
1771898982.053,4,10,696.60,-707.00,871.50,5,201608
1771898982.053,4,11,685.40,-965.40,980.50,5,201608
1771898982.053,4,12,679.20,-313.70,891.30,5,201608
1771898982.053,4,13,699.30,-459.40,957.20,5,201608
1771898982.053,4,14,702.30,-630.10,1049.50,5,201608
1771898982.053,4,15,664.80,-828.70,1173.10,9,201608
1771898982.053,4,0,631.60,-457.70,446.10,5,201608
1771898982.053,4,0,624.80,-455.70,449.90,5,201608
1771898982.053,4,1,631.10,-617.90,478.70,5,201608
1771898982.053,4,2,586.20,-781.80,519.40,255,201608
1771898982.053,4,3,756.50,-1366.40,441.40,4,201608
1771898982.053,4,4,664.50,-409.90,599.60,5,201608
1771898982.053,4,8,682.00,-363.00,745.10,5,201608
1771898982.053,4,9,696.80,-519.80,799.20,5,201608
1771898982.053,4,5,681.70,-575.40,640.50,5,201608
1771898982.053,4,6,620.90,-728.00,696.30,255,201608
1771898982.053,4,7,484.50,-818.70,753.90,255,201608
1771898982.053,4,8,682.00,-363.00,745.10,5,201608
1771898982.053,4,9,700.50,-521.20,799.60,5,201608
1771898982.053,4,10,650.20,-675.20,862.00,255,201608
1771898982.053,4,11,513.90,-769.50,912.60,255,201608
1771898982.053,4,12,671.40,-313.50,889.40,5,201608
1771898982.053,4,13,692.90,-457.70,955.00,5,201608
1771898982.053,4,14,635.80,-593.30,11384.30,5,201608
1771898982.053,4,0,628.20,-456.70,448.00,5,201608
1771898982.053,4,1,614.60,-607.90,487.10,255,201608
1771898982.053,4,2,982.20,-1176.80,331.60,4,201608
1771898982.053,4,15,481.50,-656.10,1035.20,255,201608
1771898982.159,6,4,-1630.50,-176.30,1296.20,5,78591
1771898982.159,6,5,-1913.80,-633.60,1265.20,5,78591
1771898982.159,6,6,-619.00,-165.80,1322.90,5,78591
1771898982.159,6,7,-573.10,-212.00,1325.80,5,78591
1771898982.159,6,8,-1595.80,-150.20,977.70,5,78591
1771898982.159,6,9,-639.10,-102.50,1259.00,5,78591
1771898982.159,6,0,-1565.20,-188.20,1605.80,5,78591
1771898982.159,6,1,-1840.50,-613.20,1677.90,5,78591
1771898982.159,6,2,-621.50,-165.80,1390.10,5,78591
1771898982.159,6,3,-568.90,-199.60,1389.70,5,78591
1771898982.159,6,4,-1620.60,-175.00,1296.50,5,78591
1771898982.159,6,5,-1862.20,-612.10,1267.60,5,78591
1771898982.159,6,6,-623.80,-169.40,1322.60,5,78591
1771898982.159,6,7,-576.20,-216.00,1325.70,5,78591
1771898982.159,6,8,-1591.10,-149.60,979.20,5,78591
1771898982.159,6,9,-649.70,-106.80,1255.40,5,78591
1771898982.159,6,10,-606.80,-158.30,1259.00,5,78591
1771898982.159,6,11,-581.50,-230.90,1251.80,5,78591
1771898982.159,6,1,-678.00,-122.10,1396.20,5,78591
1771898982.159,6,2,-602.00,-151.00,1384.70,5,78591
1771898982.159,6,3,-552.40,-179.10,1383.60,5,78591
1771898982.159,6,4,-1635.50,-177.00,1296.00,5,78591
1771898982.159,6,5,-677.40,-120.00,1321.70,5,78591
1771898982.159,6,14,-644.00,-189.70,1151.80,5,78591
1771898982.159,6,15,-559.30,-209.60,1184.40,5,78591
1771898982.159,7,1,-560.60,205.20,1188.30,5,78639
1771898982.159,7,2,-530.30,303.70,1143.20,5,78639
1771898982.159,7,0,-590.30,147.30,1203.80,5,78639
1771898982.159,7,1,-557.50,201.20,1191.50,5,78639
1771898982.159,7,2,-529.10,300.60,1145.40,5,78639
1771898982.159,7,3,-443.40,280.40,1175.40,5,78639
1771898982.159,7,4,-1290.30,673.90,1007.40,5,78639
1771898982.159,7,5,-572.90,223.70,1254.80,5,78639
1771898982.159,7,6,-527.30,290.40,1243.70,5,78639
1771898982.159,7,8,-1305.00,709.90,1299.30,5,78639
1771898982.159,7,9,-588.00,245.90,1321.80,5,78639
1771898982.159,7,10,-524.90,280.10,1321.90,5,78639
1771898982.159,7,11,-453.10,277.00,1325.70,5,78639
1771898982.159,7,12,-1259.30,698.70,1586.40,5,78639
1771898982.159,7,13,-587.50,248.00,1395.80,5,78639
1771898982.159,7,14,-525.50,277.10,1394.50,5,78639
1771898982.159,7,15,-457.30,274.60,1392.70,5,78639
1771898982.290,8,1,-468.80,935.40,774.00,5,78741
1771898982.290,8,1,-468.30,932.00,776.10,5,78741
1771898982.290,8,2,-217.10,934.50,774.50,5,78741
1771898982.290,8,3,39.60,900.60,765.40,5,78741
1771898982.290,8,4,-725.30,949.40,1043.60,5,78741
1771898982.290,8,0,-727.60,905.30,762.20,5,78741
1771898982.290,8,1,-469.80,942.10,769.70,5,78741
1771898982.290,8,2,-213.70,957.90,759.50,5,78741
1771898982.290,8,8,-715.10,970.20,1303.60,5,78741
1771898982.290,8,1,-470.60,947.90,766.00,5,78741
1771898982.290,8,2,-214.40,953.80,762.20,5,78741
1771898982.290,8,3,49.90,923.10,750.10,5,78741
1771898982.290,8,4,-731.80,964.40,1038.70,5,78741
1771898982.290,8,5,-471.70,1003.60,1035.80,5,78741
1771898982.290,8,6,-214.10,1003.60,1035.80,5,78741
1771898982.290,8,7,54.00,982.80,1032.70,5,78741
1771898982.290,8,8,-715.10,970.20,1303.60,5,78741
1771898982.290,8,10,-217.40,1024.00,1292.60,5,78741
1771898982.290,8,11,42.60,1002.50,1302.50,5,78741
1771898982.290,8,12,-688.00,948.30,1556.70,5,78741
1771898982.290,8,13,-458.70,992.80,1542.60,5,78741
1771898982.290,8,14,-225.40,1006.30,1545.60,5,78741
1771898982.290,8,15,8.90,965.50,1561.00,5,78741
1771898982.290,8,9,-466.60,1010.10,1293.20,5,78741
1771898982.290,8,0,-730.00,910.70,758.50,5,78741
1771898982.290,8,2,-215.90,942.90,769.20,5,78741
1771898982.290,8,3,40.70,902.90,763.80,5,78741
1771898982.290,8,4,-731.80,964.40,1038.70,5,78741
1771898982.290,8,5,-470.90,998.00,1037.60,5,78741
1771898982.290,8,0,-726.20,902.20,764.30,5,78741
1771898982.290,8,1,-469.90,942.90,769.20,5,78741
1771898982.290,8,8,-718.10,977.60,1303.30,5,78741
1771898982.290,8,0,-719.10,886.70,774.80,5,78741
1771898982.290,8,1,-468.90,936.20,773.50,5,78741
1771898982.290,8,2,-217.80,929.50,777.70,5,78741
1771898982.290,8,3,36.80,894.40,769.60,5,78741
1771898982.290,8,4,-726.90,952.90,1042.40,5,78741
1771898982.290,8,5,-471.00,998.90,1037.30,5,78741
1771898982.290,8,0,-710.20,867.30,787.90,5,78741
1771898982.290,8,1,-466.70,921.20,783.10,5,78741
1771898982.290,8,2,-220.00,914.50,787.40,5,78741
1771898982.290,8,7,35.00,938.90,1047.00,5,78741
1771898982.290,8,8,-692.70,915.60,1305.40,5,78741
1771898982.290,8,9,-463.90,989.30,1294.10,5,78741
1771898982.290,8,10,-222.00,988.30,1294.10,5,78741
1771898982.290,8,11,24.00,957.20,1304.00,5,78741
1771898982.290,8,12,-665.00,889.30,1541.80,5,78741
1771898982.290,8,13,-454.60,959.80,1535.20,5,78741
1771898982.290,8,14,-230.60,964.70,1536.30,5,78741
1771898982.290,8,15,-6.30,926.50,1551.20,5,78741
1771898982.487,4,5,678.20,-573.70,641.10,255,202010
1771898982.487,4,6,567.90,-684.20,701.70,255,202010
1771898982.487,4,7,465.50,-793.00,753.70,255,202010
1771898982.487,4,8,698.90,-364.90,745.00,5,202010
1771898982.487,4,10,632.40,-662.90,858.30,255,202077
1771898982.487,4,11,518.40,-774.60,914.40,255,202077
1771898982.487,4,12,3453.60,-387.20,1573.50,10,202077
1771898982.487,4,13,3530.50,-1221.80,1941.90,255,202077
1771898982.487,4,14,3354.70,-2094.30,2375.10,255,202077
1771898982.487,4,15,500.00,-673.60,1049.10,255,202077
1771898982.487,5,0,-660.40,-878.00,1538.80,5,78891
1771898982.487,5,1,-450.80,-930.30,1528.40,5,78891
1771898982.487,5,2,-232.10,-953.60,1533.70,5,78891
1771898982.487,5,3,-3.80,-933.30,1552.80,5,78891
1771898982.487,5,4,-687.80,-904.10,1305.80,5,78891
1771898982.487,5,1,-451.20,-933.20,1529.10,5,78891
1771898982.487,5,2,-232.20,-952.60,1533.50,5,78891
1771898982.487,5,3,2.50,-949.70,1556.90,5,78891
1771898982.487,5,4,-690.10,-909.60,1305.60,5,78891
1771898982.487,5,5,-460.30,-962.10,1295.30,5,78891
1771898982.487,5,6,-221.80,-990.80,1294.10,5,78891
1771898982.487,5,7,33.90,-981.80,1303.20,5,78891
1771898982.487,5,8,-702.20,-896.30,1061.10,5,78891
1771898982.487,5,9,-464.80,-954.00,1051.60,5,78891
1771898982.487,5,10,-218.10,-974.80,1045.00,5,78891
1771898982.487,5,12,-703.90,-853.90,797.40,5,78891
1771898982.487,5,0,-660.00,-877.10,1538.60,5,78891
1771898982.487,5,1,-452.40,-942.90,1531.30,5,78891
1771898982.487,5,2,-231.20,-960.30,1535.20,5,78891
1771898982.487,5,0,-656.10,-867.10,1536.10,255,78891
1771898982.487,5,1,-452.50,-943.90,1531.50,5,78891
1771898982.487,5,2,-232.00,-954.50,1533.90,5,78891
1771898982.487,5,3,0.80,-945.10,1555.70,5,78891
1771898982.487,5,4,-684.40,-895.80,1306.00,5,78891
1771898982.487,5,5,-461.20,-969.00,1295.00,5,78891
1771898982.487,5,6,-221.40,-993.80,1293.90,5,78891
1771898982.487,5,7,30.40,-973.40,1303.50,5,78891
1771898982.487,5,8,-698.00,-886.60,1064.30,5,78891
1771898982.487,5,9,-466.60,-967.30,1047.40,5,78891
1771898982.487,5,10,-217.10,-982.40,1042.60,5,78891
1771898982.487,5,11,50.50,-975.40,1035.30,5,78891
1771898982.487,5,12,-698.90,-843.10,804.70,255,78891
1771898982.487,5,13,-467.70,-928.40,778.80,5,78891
1771898982.487,5,14,-215.00,-950.10,764.90,5,78891
1771898982.487,5,15,47.80,-918.90,753.30,9,78891
1771898982.587,1,11,482.40,794.80,666.90,255,198888
1771898982.587,1,12,686.00,375.40,505.10,5,198888
1771898982.587,1,0,670.40,373.30,986.90,5,198888
1771898982.587,1,1,1642.30,936.60,1440.00,4,198888
1771898982.587,1,2,560.40,650.50,988.90,255,198888
1771898982.587,1,3,1661.80,2331.70,1810.90,4,198888
1771898982.587,1,4,703.20,377.60,829.20,5,198888
1771898982.587,1,5,1763.20,986.70,986.10,5,198888
1771898982.587,1,6,620.70,696.80,835.40,255,198888
1771898982.587,1,7,1611.10,2265.70,1075.70,4,198888
1771898982.587,1,8,702.20,377.50,669.50,5,198888
1771898982.587,1,1,1530.40,890.30,1389.90,5,198888
1771898982.587,1,2,540.60,635.30,978.50,255,198888
1771898982.587,1,3,1490.20,2108.10,1694.10,255,198888
1771898982.587,1,9,1709.10,964.30,520.20,5,198888
1771898982.587,1,13,1527.00,888.90,110.20,5,198888
1771898982.587,1,14,556.80,647.70,511.70,255,198888
1771898982.587,1,15,439.60,739.00,519.30,255,198888
1771898982.786,3,6,2886.30,104.60,1117.40,5,202409
1771898982.786,3,7,3022.50,944.30,1163.70,255,202409
1771898982.786,3,8,2553.50,-1270.70,401.70,255,202409
1771898982.786,3,9,3070.10,-649.50,356.80,255,202409
1771898982.786,3,10,2710.30,81.40,404.60,5,202409
1771898982.786,3,11,2614.00,775.10,393.10,5,202409
1771898982.786,3,12,1094.20,-666.20,310.00,255,202409
1771898982.786,3,13,2658.90,-595.40,-313.80,10,202409
1771898982.786,3,14,2727.60,83.70,-342.50,5,202409
1771898982.786,3,7,2550.80,748.90,1096.50,10,202409
1771898982.786,3,8,2553.50,-1270.70,401.70,255,202409
1771898982.786,3,9,3070.10,-649.50,356.80,255,202409
1771898982.786,3,10,2716.20,82.20,403.80,5,202409
1771898982.786,3,11,2570.00,756.80,399.40,10,202409
1771898982.786,3,13,2598.40,-587.40,-288.50,10,202409
1771898982.786,3,6,2519.60,56.30,1068.70,5,202409
1771898982.786,3,7,2340.10,661.60,1066.50,5,202409
1771898982.786,3,8,2553.50,-1270.70,401.70,255,202409
1771898982.786,3,9,2572.70,-584.00,422.90,5,202409
1771898982.786,3,10,2485.20,51.80,434.50,5,202409
1771898982.786,3,11,2344.70,663.50,431.50,5,202409
1771898982.786,3,12,1983.60,-1034.60,-88.80,5,202409
1771898982.786,3,13,2362.10,-556.30,-189.80,5,202409
1771898982.786,3,14,2451.00,47.30,-226.90,5,202409
1771898982.786,3,15,2257.60,627.40,-211.60,5,202409
1771898982.786,4,3,759.00,-1370.50,440.20,255,202424
1771898982.786,4,4,705.30,-417.90,588.80,255,202424
1771898982.786,4,5,670.20,-569.90,642.60,255,202424
1771898982.786,4,6,584.80,-698.20,700.00,255,202424
1771898982.786,4,7,505.20,-846.90,754.10,255,202424
1771898982.786,4,0,1218.60,-634.10,110.20,255,202424
1771898982.786,4,1,1301.10,-1022.00,136.40,255,202424
1771898982.786,4,2,966.70,-1161.40,338.90,255,202424
1771898982.786,4,3,759.00,-1370.50,440.20,255,202424
1771898982.786,4,4,705.30,-417.90,588.80,255,202424
1771898982.786,4,5,670.20,-569.90,642.60,255,202424
1771898982.786,4,6,584.80,-698.20,700.00,255,202424
1771898982.786,4,7,505.20,-846.90,754.10,255,202424
1771898982.786,4,8,2796.90,-598.30,730.00,255,202424
1771898982.786,4,9,3476.60,-1553.60,1032.50,5,202424
1771898982.786,4,10,632.40,-662.90,858.30,255,202424
1771898982.786,4,11,518.40,-774.60,914.40,255,202424
1771898982.786,4,12,3443.90,-387.00,1571.10,255,202424
1771898982.786,4,13,3380.40,-1181.40,1889.70,9,202424
1771898982.786,4,14,3354.70,-2094.30,2375.10,255,202424
1771898982.786,4,15,500.00,-673.60,1049.10,255,202424
1771898982.786,5,0,-1646.10,-3406.80,2176.30,255,79293
1771898982.786,5,1,-454.00,-955.50,1534.10,5,79293
1771898982.786,5,2,-228.20,-984.60,1540.60,5,79293
1771898982.786,5,3,13.80,-978.70,1564.20,5,79293
1771898982.786,5,4,-688.20,-905.00,1305.70,255,79293
1771898982.786,5,5,-464.50,-994.80,1293.90,5,79293
1771898982.786,5,6,-219.10,-1011.60,1293.20,5,79293
1771898982.786,5,7,43.70,-1005.80,1302.40,5,79293
1771898982.786,5,8,-684.70,-855.80,1074.40,255,79293
1771898982.786,5,9,-468.20,-978.60,1043.80,5,79293
1771898982.786,5,15,67.60,-962.30,723.90,9,79293
1771898982.884,6,9,-660.30,-111.10,1251.80,5,79328
1771898982.884,6,10,-649.80,-191.60,1241.90,5,79328
1771898982.884,6,11,-581.50,-230.90,1251.80,5,79328
1771898982.884,6,12,-635.10,-33.30,1199.60,5,79328
1771898982.884,6,0,-1626.80,-197.60,1620.50,5,79328
1771898982.884,6,1,-1955.60,-661.80,1705.70,13,79328
1771898982.884,6,2,-600.50,-149.90,1384.30,5,79328
1771898982.884,6,3,-550.00,-176.00,1382.70,5,79328
1771898982.884,6,4,-1688.00,-184.10,1294.40,5,79328
1771898982.884,6,5,-667.30,-115.80,1322.20,5,79328
1771898982.884,6,6,-630.10,-174.30,1322.30,5,79328
1771898982.884,6,7,-567.00,-204.10,1326.10,5,79328
1771898982.884,6,8,-1650.10,-156.50,961.30,5,79328
1771898982.884,6,12,-623.30,-32.20,1207.00,5,79328
1771898982.884,6,13,-605.70,-87.30,1205.90,5,79328
1771898982.884,6,14,-634.00,-181.90,1159.90,5,79328
1771898982.884,6,15,-561.80,-213.10,1181.70,5,79328
1771898982.885,7,8,-1297.80,704.40,1299.60,5,79309
1771898982.885,7,9,-589.80,248.30,1321.70,5,79309
1771898982.885,7,10,-528.00,287.40,1321.50,5,79309
1771898982.885,7,11,-453.60,281.00,1325.60,5,79309
1771898982.885,7,12,-1265.40,703.50,1588.20,5,79309
1771898982.885,7,13,-590.40,251.90,1396.90,5,79309
1771898982.885,7,14,-528.50,284.30,1396.20,5,79309
1771898982.885,7,6,-528.40,293.10,1242.80,5,79309
1771898982.885,7,7,-450.70,295.60,1251.80,5,79309
1771898982.885,7,8,-1315.20,717.80,1298.90,5,79309
1771898982.885,7,9,-591.00,249.90,1321.60,5,79309
1771898982.885,7,10,-528.70,289.30,1321.40,5,79309
1771898982.885,7,11,-454.40,286.90,1325.40,5,79309
1771898982.885,7,12,-1271.50,708.40,1590.00,5,79309
1771898982.885,7,13,-593.90,256.60,1398.20,5,79309
1771898982.885,7,3,-444.80,294.80,1166.50,5,79309
1771898982.885,7,4,-1288.00,672.20,1008.20,5,79309
1771898982.885,7,6,-526.20,287.80,1244.60,5,79309
1771898982.885,7,7,-449.50,286.10,1254.70,5,79309
1771898982.885,7,8,-1262.20,676.90,1301.00,5,79309
1771898982.885,7,9,-594.60,254.70,1321.30,5,79309
1771898982.885,7,10,-524.50,279.10,1321.90,5,79309
1771898982.885,7,0,-597.30,152.30,1198.60,5,79309
1771898982.885,7,1,-562.70,207.80,1186.10,5,79309
1771898982.885,7,2,-524.70,289.60,1152.90,5,79309
1771898982.885,7,3,-443.10,277.00,1177.50,5,79309
1771898982.885,7,4,-1245.00,640.20,1024.30,5,79309
1771898982.885,7,6,-525.10,285.10,1245.50,5,79309
1771898982.885,7,7,-449.30,284.10,1255.30,5,79309
1771898982.885,7,8,-1259.10,674.40,1301.10,5,79309
1771898982.885,7,9,-595.90,256.20,1321.20,5,79309
1771898982.885,7,10,-522.20,273.60,1322.20,5,79309
1771898982.885,7,11,-453.10,277.00,1325.70,5,79309
1771898982.885,7,12,-1225.10,671.30,1576.10,5,79309
1771898982.885,7,13,-594.50,257.40,1398.40,5,79309
1771898982.885,7,14,-525.50,277.10,1394.50,5,79309
1771898982.885,7,15,-456.80,271.70,1392.00,5,79309
1771898982.997,1,15,439.60,739.00,519.30,255,199084
1771898982.997,1,1,1636.30,934.10,1437.40,5,199216
1771898982.997,1,2,1669.40,1501.50,1567.90,255,199216
1771898982.997,1,13,1610.70,923.50,72.70,255,199216
1771898982.997,1,14,556.80,647.70,511.70,255,199216
1771898982.997,1,15,439.60,739.00,519.30,255,199216
1771898983.229,6,14,-629.40,-178.20,1163.60,5,79663
1771898983.229,6,15,-560.80,-211.70,1182.80,5,79663
1771898983.334,2,10,2844.00,619.70,386.80,5,199578
1771898983.334,2,11,2645.10,1308.70,388.70,10,199578
1771898983.334,2,12,1404.00,-273.90,171.10,10,199578
1771898983.334,2,10,2824.30,617.10,389.40,5,199578
1771898983.334,2,11,2711.10,1336.00,379.30,5,199578
1771898983.334,2,12,1404.00,-273.90,171.10,255,199578
1771898983.334,2,0,2046.70,-540.10,1615.70,5,199578
1771898983.334,2,1,2455.50,-47.90,1727.40,10,199578
1771898983.334,2,2,2536.10,579.20,1761.10,255,199578
1771898983.334,2,3,2359.10,1190.20,1755.80,5,199578
1771898983.334,2,4,2057.10,-544.40,1026.10,5,199578
1771898983.334,2,5,2532.40,-58.00,1070.40,5,199578
1771898983.334,2,6,2582.50,585.30,1077.10,5,199578
1771898983.334,2,7,2428.10,1218.70,1079.00,5,199578
1771898983.334,2,10,2607.10,588.50,418.30,5,199578
1771898983.334,2,10,2530.40,578.40,428.50,5,199578
1771898983.334,2,11,2411.60,1211.90,421.90,5,199578
1771898983.334,2,12,1289.60,-226.50,222.30,5,199578
1771898983.334,2,13,1382.00,93.50,219.70,255,199578
1771898983.334,2,14,1442.50,435.20,194.40,255,199578
1771898983.334,2,0,1795.80,-436.20,1503.20,5,199578
1771898983.334,2,1,2419.80,-43.20,1712.50,255,199578
1771898983.334,2,0,1853.00,-459.80,1528.80,5,199578
1771898983.334,2,1,2257.70,-21.80,1644.80,10,199578
1771898983.334,2,2,2407.90,562.30,1707.50,5,199578
1771898983.334,2,3,2172.20,1112.80,1671.90,9,199578
1771898983.334,2,4,1935.30,-493.90,1008.80,5,199578
1771898983.334,2,5,2354.50,-34.60,1046.80,5,199578
1771898983.334,2,6,2381.00,558.80,1050.30,5,199578
1771898983.334,2,7,2306.20,1168.30,1061.60,5,199578
1771898983.334,2,15,1947.70,1019.80,-72.70,5,199578
1771898983.334,4,8,2796.90,-598.30,730.00,255,203016
1771898983.334,4,9,3455.10,-1545.70,1030.70,5,203016
1771898983.334,4,10,3121.90,-2372.50,1369.60,255,203016
1771898983.334,4,11,518.40,-774.60,914.40,255,203016
1771898983.334,4,12,3462.40,-387.40,1575.60,255,203016
1771898983.334,4,13,3393.20,-1184.90,1894.10,5,203016
1771898983.334,5,2,-201.00,-1203.40,1589.90,255,79944
1771898983.334,5,3,13.80,-978.70,1564.20,5,79944
1771898983.334,5,4,-1761.10,-3520.10,1219.40,10,79944
1771898983.334,5,5,-478.10,-1098.80,1199.60,5,79944
1771898983.334,5,14,-182.80,-1173.20,621.80,255,79944
1771898983.334,5,15,64.40,-955.30,728.60,5,79944
1771898983.449,6,0,-1584.40,-191.10,1610.40,5,79959
1771898983.449,6,11,-562.60,-205.50,1261.30,5,79959
1771898983.449,6,12,-621.60,-32.00,1208.00,5,79959
1771898983.449,6,13,-612.70,-90.10,1201.10,5,79959
1771898983.449,6,14,-638.70,-185.60,1156.10,5,79959
1771898983.449,6,15,-552.90,-200.60,1191.20,5,79959
1771898983.557,1,0,1558.00,490.20,1357.80,5,199806
1771898983.557,1,4,1639.00,500.80,953.40,5,199806
1771898983.557,1,5,1719.20,968.50,979.80,5,199806
1771898983.557,1,6,2138.00,1861.00,1087.20,255,199806
1771898983.557,1,7,1270.70,1822.00,1002.10,10,199806
1771898983.557,1,9,1720.10,968.90,518.70,5,199806
1771898983.557,1,1,1685.80,954.60,1459.60,5,199806
1771898983.557,1,2,1701.70,1526.20,1584.70,5,199806
1771898983.557,1,3,1190.40,1717.50,1490.20,5,199806
1771898983.557,1,4,1641.90,501.20,953.80,5,199806
1771898983.557,1,5,1764.10,987.10,986.20,5,199806
1771898983.557,1,6,1782.50,1588.20,1028.20,10,199806
1771898983.557,1,7,1263.40,1812.60,1000.60,5,199806
1771898983.557,1,8,1666.50,504.50,541.50,5,199806
1771898983.557,1,9,1723.80,970.40,518.10,5,199806
1771898983.557,1,10,1826.50,1622.00,463.10,255,199806
1771898983.557,1,11,1328.60,1897.50,483.90,255,199806
1771898983.557,1,12,1542.40,488.10,147.30,5,199806
1771898983.557,1,13,1598.70,918.60,78.10,5,199806
1771898983.557,1,14,556.80,647.70,511.70,255,199806
1771898983.557,1,1,1598.70,918.60,1420.50,5,199806
1771898983.557,1,2,1594.60,1444.10,1528.80,5,199806
1771898983.557,1,3,1064.50,1553.30,1404.50,5,199806
1771898983.557,1,4,1637.00,500.60,953.20,5,199806
1771898983.557,1,5,1711.90,965.50,978.80,255,199806
1771898983.557,1,6,1625.20,1000.00,544.20,5,199806
1771898983.557,1,9,1713.70,966.20,519.60,5,199806
1771898983.557,1,11,1136.10,1646.60,525.60,5,199806
1771898983.557,1,12,1537.90,487.50,149.30,5,199806
1771898983.557,1,13,1537.30,893.10,105.60,5,199806
1771898983.557,1,14,556.80,647.70,511.70,255,199806
1771898983.557,1,15,1066.70,1556.20,92.60,5,199806
1771898983.666,3,9,2326.00,-551.50,455.60,5,203328
1771898983.666,3,10,2323.00,30.40,456.00,5,203328
1771898983.666,3,11,2204.60,605.50,451.40,5,203328
1771898983.666,3,9,2161.80,-529.90,477.40,5,203328
1771898983.666,3,10,2132.30,5.30,481.30,5,203328
1771898983.666,3,11,2045.20,539.40,474.20,5,203328
1771898983.666,3,12,1686.50,-911.60,44.40,5,203328
1771898983.666,3,13,2082.70,-519.50,-73.10,5,203328
1771898983.666,3,14,2087.30,-0.60,-75.00,5,203328
1771898983.666,3,15,1940.10,495.90,-69.30,5,203328
1771898983.666,3,0,1603.80,-877.30,1417.10,10,203328
1771898983.666,3,1,2025.90,-512.00,1548.00,10,203328
1771898983.666,3,2,1975.60,-15.30,1526.90,5,203328
1771898983.666,3,3,1870.10,466.90,1536.50,10,203328
1771898983.666,3,6,2084.20,-1.00,1010.90,5,203328
1771898983.666,3,9,1922.00,-498.30,509.30,5,203328
1771898983.666,3,10,1879.70,-27.90,514.90,5,203328
1771898983.666,3,11,1862.90,463.90,500.10,5,203328
1771898983.666,3,12,1522.70,-843.70,117.90,9,203328
1771898983.666,3,13,1839.10,-487.40,28.70,5,203328
1771898983.666,3,14,1860.10,-30.50,19.90,5,203328
1771898983.666,3,15,1765.90,423.80,8.80,5,203328
1771898983.766,6,1,-670.80,-119.10,1394.50,5,80225
1771898983.766,6,2,-600.50,-149.90,1384.30,5,80225
1771898983.766,6,1,-670.80,-119.10,1394.50,5,80225
1771898983.766,6,2,-598.90,-148.70,1383.80,5,80225
1771898983.766,6,3,-554.20,-181.40,1384.30,5,80225
1771898983.766,6,4,-1599.80,-172.20,1297.10,5,80225
1771898983.766,6,5,-671.00,-117.30,1322.00,5,80225
1771898983.766,6,6,-636.50,-179.10,1322.00,5,80225
1771898983.766,6,7,-569.40,147.30,985.20,5,80225
1771898983.766,6,9,-647.00,-105.70,1256.30,5,80225
1771898983.766,6,10,-644.50,-187.50,1244.00,5,80225
1771898983.766,6,11,-573.50,-220.10,1255.80,5,80225
1771898983.766,6,12,-623.30,-32.20,1207.00,5,80225
1771898983.766,6,13,-615.10,-91.00,1199.50,5,80225
1771898983.766,6,14,-650.60,-195.00,1146.50,5,80225
1771898983.766,6,15,-564.70,-217.20,1178.60,5,80225
1771898983.865,7,0,-599.30,153.70,1197.00,5,80241
1771898983.865,7,1,-567.40,213.80,1181.30,5,80241
1771898983.865,7,2,-531.90,307.60,1140.60,5,80241
1771898983.865,7,3,-443.20,277.90,1177.00,5,80241
1771898983.865,7,1,-563.20,208.50,1185.60,5,80241
1771898983.865,7,6,-529.80,296.60,1241.60,5,80241
1771898983.865,7,7,-449.40,285.10,1255.00,5,80241
1771898983.865,7,0,-588.30,145.80,1205.40,5,80241
1771898983.865,7,1,-556.40,199.90,1192.60,5,80241
1771898983.865,7,3,-442.70,272.80,1180.20,5,80241
1771898983.865,7,4,-1275.70,663.00,1012.80,5,80241
1771898983.865,7,5,-574.60,226.00,1253.90,5,80241
1771898983.865,7,6,-527.30,290.40,1243.70,5,80241
1771898983.865,7,7,-449.30,284.10,1255.30,5,80241
1771898983.865,7,8,-1302.60,708.00,1299.40,5,80241
1771898983.865,7,9,-586.10,243.50,1321.90,5,80241
1771898983.865,7,10,-522.60,274.50,1322.10,5,80241
1771898983.865,7,11,-452.40,272.00,1325.90,5,80241
1771898983.865,7,12,-1254.80,695.00,1585.00,5,80241
1771898983.865,7,13,-587.50,248.00,1395.80,5,80241
1771898983.865,7,0,-585.50,143.90,1207.50,5,80241
1771898983.865,7,1,-555.40,198.50,1193.60,5,80241
1771898983.865,7,2,-535.70,317.00,1134.10,5,80241
1771898983.865,7,3,-443.80,283.80,1173.30,5,80241
1771898983.865,7,4,-1271.90,660.20,1014.30,5,80241
1771898983.865,7,5,-571.70,222.20,1255.40,5,80241
1771898983.865,7,6,-526.20,287.80,1244.60,5,80241
1771898983.865,7,7,-449.90,288.90,1253.80,5,80241
1771898983.865,7,8,-1294.70,701.90,1299.70,5,80241
1771898983.865,7,9,-583.70,240.40,1322.10,5,80241
1771898983.865,7,10,-524.50,279.10,1321.90,5,80241
1771898983.865,7,11,-452.90,276.00,1325.80,5,80241
1771898983.865,7,12,-1271.50,708.40,1590.00,5,80241
1771898983.865,7,13,-585.10,244.90,1394.90,5,80241
1771898983.865,7,14,-523.90,273.50,1393.60,5,80241
1771898983.865,7,15,-457.00,272.70,1392.30,5,80241
1771898983.969,8,0,-1120.00,1764.50,179.40,5,80261
1771898983.969,8,1,-458.20,861.80,821.20,5,80261
1771898983.969,8,2,-227.10,865.20,819.00,5,80261
1771898983.969,8,3,14.90,846.40,802.10,9,80261
1771898983.969,8,4,-1088.10,1790.10,768.70,5,80261
1771898983.969,8,5,-458.30,906.30,1066.60,5,80261
1771898983.969,8,6,-227.20,908.20,1066.00,5,80261
1771898983.969,8,7,26.30,918.70,1053.70,5,80261
1771898983.969,8,8,-1068.00,1830.20,1275.20,5,80261
1771898983.969,8,9,-455.50,924.90,1296.80,5,80261
1771898983.969,8,10,-230.20,925.90,1296.80,5,80261
1771898983.969,8,5,-600.80,1947.10,737.10,5,80261
1771898983.969,8,6,-225.00,924.20,1060.90,5,80261
1771898983.969,8,7,14.10,890.50,1062.90,5,80261
1771898983.969,8,8,-1086.50,1875.50,1273.70,5,80261
1771898983.969,8,9,-586.30,1926.50,1254.20,5,80261
1771898983.969,8,10,-228.40,939.80,1296.20,5,80261
1771898983.969,8,11,2.40,904.50,1305.70,5,80261
1771898983.969,8,12,-1022.80,1807.20,1773.20,5,80261
1771898983.969,8,13,-568.60,1876.10,1741.20,5,80261
1771898983.969,8,0,-1080.80,1678.60,237.60,5,80261
1771898983.969,8,1,-590.20,1776.80,234.30,5,80261
1771898983.969,8,2,-97.40,1764.30,242.40,5,80261
1771898983.969,8,3,27.60,874.30,783.20,5,80261
1771898983.969,8,4,-1104.40,1827.90,756.30,5,80261
1771898983.969,8,5,-590.60,1872.40,760.80,5,80261
1771898983.969,8,6,-92.20,1894.20,753.90,4,80261
1771898983.969,8,7,32.70,933.60,1048.80,5,80261
1771898983.969,8,8,-1058.80,1808.00,1275.90,5,80261
1771898983.969,8,9,-583.70,1906.70,1255.10,5,80261
1771898983.969,8,10,-100.10,1921.50,1254.40,5,80261
1771898983.969,8,11,21.30,950.70,1304.20,5,80261
1771898983.969,8,12,-1024.20,1810.90,1774.10,5,80261
1771898983.969,8,13,-565.00,1847.00,1734.70,5,80261
1771898983.969,8,14,-116.80,1879.00,1741.90,5,80261
1771898983.969,8,15,-5.30,929.20,1551.90,5,80261
1771898984.173,1,0,1543.30,488.30,1351.60,5,200334
1771898984.173,1,1,1577.40,909.70,1411.00,5,200334
1771898984.173,1,2,1552.10,1411.50,1506.60,5,200334
1771898984.173,1,3,955.40,1411.10,1330.20,5,200334
1771898984.173,1,4,1631.10,499.80,952.40,5,200334
1771898984.173,1,5,1665.20,946.10,972.10,5,200334
1771898984.173,1,6,1602.40,1450.00,998.30,10,200334
1771898984.173,1,7,1022.60,1498.70,948.50,5,200334
1771898984.173,1,8,1638.00,500.70,545.30,5,200334
1771898984.173,1,9,1710.10,964.70,520.10,5,200334
1771898984.173,1,10,1648.00,1485.00,492.70,5,200334
1771898984.173,1,11,1057.60,1544.40,542.50,5,200334
1771898984.173,1,12,1536.90,487.40,149.60,5,200334
1771898984.173,1,13,1550.90,898.80,99.50,5,200334
1771898984.273,1,13,1412.70,841.50,161.50,5,200468
1771898984.273,1,14,1269.20,1194.40,139.70,5,200468
1771898984.273,1,15,815.30,1228.60,263.70,5,200468
1771898984.274,4,3,743.30,-1344.80,447.60,255,203889
1771898984.274,4,4,705.30,-417.90,588.80,255,203889
1771898984.274,4,5,670.20,-569.90,642.60,255,203889
1771898984.274,4,6,584.80,-698.20,700.00,255,203889
1771898984.274,4,7,505.20,-846.90,754.10,255,203889
1771898984.274,4,8,3341.50,-658.90,726.10,5,203889
1771898984.274,4,9,3458.90,-1547.00,1031.00,5,203889
1771898984.274,4,0,1153.10,-614.50,147.70,255,203889
1771898984.274,4,1,1128.50,-917.90,224.60,5,203889
1771898984.274,4,2,977.50,-1172.10,333.80,255,203889
1771898984.274,4,3,873.70,-1557.60,386.30,10,203889
1771898984.274,4,4,3252.90,-922.20,-88.70,5,203889
1771898984.274,4,5,670.20,-569.90,642.60,255,203889
1771898984.274,4,6,584.80,-698.20,700.00,255,203889
1771898984.274,4,7,1033.30,-1564.60,760.50,10,203889
1771898984.274,4,8,3408.10,-666.30,725.60,5,203889
1771898984.274,4,9,3525.20,-1571.70,1036.50,255,203889
1771898984.274,4,10,3121.90,-2372.50,1369.60,255,203889
1771898984.274,4,6,584.80,-698.20,700.00,255,203889
1771898984.274,4,7,957.40,-1461.50,759.60,5,203889
1771898984.274,4,15,942.50,-1090.20,1382.20,5,203889
1771898984.378,6,6,-634.90,-177.90,1322.00,5,80872
1771898984.378,6,14,-655.90,-199.10,1142.20,5,80872
1771898984.378,6,15,-564.20,-216.50,1179.10,5,80872
1771898984.379,7,3,-443.30,278.70,1176.50,5,80904
1771898984.379,7,4,-1249.60,643.60,1022.60,5,80904
1771898984.379,7,5,-578.70,231.20,2402000.00,5,80904
1771898984.379,7,3,-443.00,276.20,1178.10,5,80904
1771898984.379,7,4,-1245.80,640.70,1024.00,5,80904
1771898984.379,7,5,-580.50,233.50,1250.90,5,80904
1771898984.379,7,6,-525.50,286.00,1245.20,5,80904
1771898984.379,7,7,-449.50,286.10,1254.70,5,80904
1771898984.379,7,8,-1252.80,669.50,1301.30,56,80904
1771898984.379,7,3,-443.60,282.10,1174.40,5,80904
1771898984.379,7,0,-596.60,151.80,1199.10,5,80904
1771898984.379,7,1,-562.20,207.20,1186.70,5,80904
1771898984.379,7,2,-535.00,315.50,1135.20,5,80904
1771898984.379,7,3,-443.70,282.90,1173.90,5,80904
1771898984.379,7,4,-632.70,184.40,1253.50,5,80904
1771898984.379,7,5,-586.30,241.00,1247.90,5,80904
1771898984.379,7,6,-530.50,298.40,1241.00,5,80904
1771898984.379,7,11,-454.30,285.90,1325.50,5,80904
1771898984.379,7,12,-1298.10,729.70,1598.00,5,80904
1771898984.379,7,13,-592.80,255.00,1397.80,5,80904
1771898984.379,7,14,-527.30,281.60,1395.60,5,80904
1771898984.379,7,15,-458.00,279.40,1393.90,5,80904
1771898984.480,5,1,-786.90,-3629.60,2135.50,5,81088
1771898984.480,5,2,102.90,-3644.10,2138.80,255,81088
1771898984.480,5,3,108.60,-1221.80,1625.50,5,81088
1771898984.480,5,4,-1756.20,-3508.10,1219.80,10,81088
1771898984.480,5,9,-476.50,-1039.10,1024.70,255,81088
1771898984.480,5,10,-153.70,-1445.60,896.00,255,81088
1771898984.480,5,11,161.30,-1232.20,951.30,5,81088
1771898984.480,5,0,-1645.00,-3404.10,2175.60,2,81088
1771898984.480,5,1,-782.80,-3596.60,2128.10,255,81088
1771898984.480,5,2,112.60,-3721.60,2156.20,255,81088
1771898984.480,5,3,219.60,-1506.60,1697.30,9,81088
1771898984.480,5,4,-1761.50,-3521.00,1219.40,255,81088
1771898984.480,5,5,-829.10,-3785.50,1175.20,255,81088
1771898984.480,5,6,144.80,-3797.40,1174.60,255,81088
1771898984.480,5,3,309.80,-1737.90,1755.60,9,81088
1771898984.480,5,8,-1785.00,-3406.10,240.30,255,81088
1771898984.480,5,9,-476.50,-1039.10,1024.70,255,81088
1771898984.480,5,10,-153.70,-1445.60,896.00,255,81088
1771898984.480,5,11,346.10,-1660.50,811.20,9,81088
1771898984.480,5,12,-1117.50,-1759.60,183.00,255,81088
1771898984.480,5,13,-640.90,-2128.30,9.20,255,81088
1771898984.480,5,14,-72.30,-1938.60,130.90,10,81088
1771898984.480,5,15,313.30,-1500.30,358.90,5,81088
1771898984.481,6,1138,-1889.10,-211.20,1288.20,5,81072
1771898984.481,6,5,-677.40,-120.00,1321.70,5,81072
1771898984.481,6,6,-641.20,-182.80,1321.70,5,81072
1771898984.481,6,7,-573.70,-212.80,1325.80,5,81072
1771898984.481,6,8,-1867.00,-181.80,895.80,5,81072
1771898984.481,6,9,-652.30,-107.90,1254.50,5,81072
1771898984.481,6,13,-614.30,-90.70,1200.10,5,81072
1771898984.481,6,14,-653.30,-197.10,1144.30,5,81072
1771898984.481,6,15,-563.70,-215.80,1179.60,5,81072
1771898984.578,7,0,-590.30,147.30,1203.80,5,81104
1771898984.578,7,1,-560.60,205.20,1188.30,5,81104
1771898984.578,7,2,-533.80,312.30,1137.40,5,81104
1771898984.578,7,3,-444.10,287.20,1171.20,5,81104
1771898984.578,7,4,-1535.40,856.30,915.60,13,81104
1771898984.578,7,5,-578.20,230.50,1252.10,5,81104
1771898984.578,7,6,-531.20,300.10,1240.40,5,81104
1771898984.578,7,7,-450.40,293.70,1252.40,5,81104
1771898984.578,7,8,-1450.50,822.30,1293.70,5,81104
1771898984.578,7,9,-588.60,246.70,1321.70,5,81104
1771898984.578,7,10,-525.70,281.90,1321.80,5,81104
1771898984.578,7,11,-454.00,283.90,1325.50,5,81104
1771898984.578,7,12,-1386.20,800.30,1624.60,5,81104
1771898984.578,7,13,-585.70,245.70,1395.10,5,81104
1771898984.578,7,14,-524.30,274.40,1393.80,5,81104
1771898984.578,7,15,-457.70,277.50,1393.40,5,81104
1771898984.579,1,13,1571.40,907.30,90.30,5,200921
1771898984.579,1,11,755.90,1151.10,607.80,5,200921
1771898984.579,1,12,1522.30,485.50,155.80,5,200921
1771898984.579,1,13,1546.70,897.00,101.40,5,200921
1771898984.579,1,14,1117.50,1078.00,218.90,5,200921
1771898984.579,1,13,1492.90,874.70,125.50,5,200921
1771898984.579,1,14,1020.70,1003.70,269.40,5,200921
1771898984.579,1,15,700.60,1079.10,341.70,5,200921
1771898984.690,1,1,1576.50,909.40,1410.60,5,200986
1771898984.690,1,2,967.20,962.70,1201.20,5,200986
1771898984.690,1,3,678.10,1049.70,1141.60,5,200986
1771898984.690,1,4,1667.50,504.60,957.20,5,200986
1771898984.690,1,5,1644.10,937.40,969.10,5,200986
1771898984.690,1,6,1056.50,1031.20,907.80,5,200986
1771898984.690,1,7,693.10,1069.30,877.20,5,200986
1771898984.690,1,8,1651.70,502.50,543.50,5,200986
1771898984.690,1,9,1693.60,957.90,522.40,5,200986
1771898984.690,1,10,1043.10,1020.90,593.10,5,200986
1771898984.690,1,11,716.00,1099.20,616.40,5,200986
1771898984.690,1,12,1552.50,489.50,143.10,5,200986
1771898984.690,1,13,1500.60,877.90,122.10,5,200986
1771898984.690,1,14,997.30,985.70,281.70,5,200986
1771898984.690,1,15,675.30,1046.10,359.00,5,200986
1771898984.790,2,0,1480.80,-305.70,1362.00,5,201002
1771898984.790,2,3,1850.40,979.50,1527.70,5,201002
1771898984.790,2,4,1581.70,-347.50,958.40,5,201002
1771898984.790,2,5,1975.00,15.40,998.00,255,201002
1771898984.790,2,6,1826.60,485.80,976.70,5,201002
1771898984.790,2,6,1785.30,480.30,971.20,5,201002
1771898984.790,2,7,1744.70,935.70,981.60,5,201002
1771898984.790,2,8,1431.50,-285.20,561.60,5,201002
1771898984.790,2,9,1829.60,34.50,521.50,5,201002
1771898984.790,2,0,1234.20,-203.50,1251.40,5,201002
1771898984.790,2,1,1568.90,68.90,1357.00,5,201002
1771898984.790,2,0,1188.10,-184.40,1230.70,5,201002
1771898984.790,2,1,1538.60,72.80,1344.40,5,201002
1771898984.790,2,2,1537.70,447.70,1344.00,5,201002
1771898984.790,2,3,1512.40,839.50,1376.10,5,201002
1771898984.790,2,4,1321.60,-239.70,921.30,9,201002
1771898984.790,2,5,1554.30,70.80,940.50,5,201002
1771898984.790,2,10,1605.50,854.90,544.80,5,201002
1771898984.790,2,12,1280.30,-222.60,226.60,9,201002
1771898984.790,2,13,1524.00,74.80,160.40,5,201002
1771898984.790,2,2,1437.00,434.50,1301.90,5,201002
1771898984.790,2,3,1363.90,778.00,1309.50,5,201002
1771898984.790,2,0,1171.00,-177.30,1223.10,5,201002
1771898984.790,2,10,1346.90,422.60,585.60,5,201002
1771898984.790,2,0,1145.40,-166.70,1211.60,5,201002
1771898984.790,2,1,1277.60,107.20,1235.30,5,201002
1771898984.790,2,2,1283.10,414.20,1237.60,5,201002
1771898984.790,2,3,1241.80,727.40,1254.80,5,201002
1771898984.790,2,4,1211.60,-194.20,905.70,5,201002
1771898984.790,2,5,1256.50,110.00,901.00,5,201002
1771898984.790,2,6,1289.90,415.10,905.40,5,201002
1771898984.790,2,7,1307.80,754.70,919.40,5,201002
1771898984.790,2,8,1204.30,-191.10,594.00,5,201002
1771898984.790,2,9,1315.50,102.20,589.80,5,201002
1771898984.790,2,10,1325.30,419.80,588.50,5,201002
1771898984.790,2,11,1314.20,757.40,578.30,5,201002
1771898984.790,2,12,1173.60,-178.40,274.40,5,201002
1771898984.790,2,13,1264.80,108.90,268.60,5,201002
1771898984.790,2,14,1290.40,415.20,257.90,5,201002
1771898984.790,2,15,1246.10,729.20,241.90,5,201002
1771898984.791,4,10,3121.90,-2372.50,1369.60,255,204425
1771898984.791,4,4,3233.00,-918.30,-83.40,5,204425
1771898984.791,4,5,670.20,-569.90,642.60,255,204425
1771898984.791,4,6,584.80,-698.20,700.00,255,204425
1771898984.791,4,7,805.10,-1254.50,757.70,5,204425
1771898984.791,4,8,3342.50,-659.00,726.10,5,204425
1771898984.791,4,9,3376.70,-1516.50,1024.10,10,204425
1771898984.791,4,10,3121.90,-2372.50,1369.60,255,204425
1771898984.791,4,12,3295.40,-383.00,1534.60,5,204425
1771898984.791,4,15,779.70,-936.90,1259.60,5,204425
1771898984.888,4,1,1114.40,-909.40,231.80,5,204493
1771898984.888,4,2,941.90,-1136.60,350.70,5,204493
1771898984.888,4,3,668.60,-1223.20,482.70,5,204493
1771898984.888,4,4,3214.00,-914.50,-78.40,5,204493
1771898984.888,4,5,670.20,-569.90,642.60,255,204493
1771898984.888,4,6,1089.40,-1115.60,648.50,255,204493
1771898984.888,4,7,723.90,-1144.10,756.80,5,204493
1771898984.888,4,14,1107.40,-853.70,1252.00,5,204493
1771898984.888,4,15,766.30,-924.20,1249.50,5,204493
1771898985.096,1,4,1655.70,503.00,955.70,5,201313
1771898985.096,1,5,1467.30,864.10,943.90,10,201313
1771898985.096,1,9,1708.20,963.90,520.40,5,201313
1771898985.096,1,10,882.70,897.80,619.70,5,201313
1771898985.096,1,11,662.90,1030.00,627.90,5,201313
1771898985.096,1,12,1551.60,489.30,143.50,5,201313
1771898985.096,1,13,1317.10,801.90,204.40,5,201313
1771898985.096,1,14,839.00,864.20,364.30,9,201313
1771898985.096,1,15,645.50,1007.20,379.20,5,201313
1771898985.194,4,1,1074.30,-885.20,252.20,5,204828
1771898985.194,4,2,884.80,-1079.70,377.80,5,204828
1771898985.194,4,3,655.90,-1202.50,488.70,5,204828
1771898985.194,4,4,3242.50,-920.20,-86.00,5,204828
1771898985.194,4,5,670.20,-569.90,642.60,255,204828
1771898985.194,4,1,1074.30,-885.20,252.20,255,204828
1771898985.194,4,2,834.50,-1029.50,401.70,5,204828
1771898985.194,4,3,636.10,-1170.20,498.00,5,204828
1771898985.194,4,4,3236.80,-919.00,-84.40,5,204828
1771898985.194,4,5,670.20,-569.90,642.60,255,204828
1771898985.194,4,6,933.50,-986.60,664.40,5,204828
1771898985.194,4,7,681.80,-1086.90,756.30,5,204828
1771898985.194,4,8,3357.40,-660.70,726.00,5,204828
1771898985.194,4,10,929.00,-866.60,919.20,5,204828
1771898985.194,4,11,719.20,-1004.00,993.90,5,204828
1771898985.194,4,12,3303.20,-383.20,1536.50,5,204828
1771898985.194,4,13,3347.50,-1172.50,1878.20,255,204828
1771898985.194,4,14,947.00,-765.10,1171.80,5,204828
1771898985.194,4,15,718.40,-879.20,1213.50,9,204828
1771898985.298,5,0,-1639.70,-3390.50,2172.20,2,81740
1771898985.298,5,1,-778.20,-3559.80,2119.80,5,81740
1771898985.298,5,2,111.50,-3712.90,2154.20,255,81740
1771898985.298,5,3,314.70,-1750.60,1758.80,5,81740
1771898985.298,5,4,-1722.80,-3426.70,1222.50,5,81740
1771898985.298,5,0,-1639.70,-3390.50,2172.20,255,81740
1771898985.298,5,1,-789.40,-3649.90,2140.10,5,81740
1771898985.298,5,2,108.80,-3691.50,2149.40,5,81740
1771898985.298,5,3,402.00,-1974.60,1815.30,4,81740
1771898985.298,5,4,-1722.80,-3426.70,1222.50,255,81740
1771898985.298,5,5,-816.50,-3689.40,1179.20,10,81740
1771898985.298,5,6,144.80,-3797.40,1174.60,255,81740
1771898985.298,5,7,340.40,-1728.90,1278.50,255,81740
1771898985.298,5,8,-1745.60,-3314.60,270.20,255,81740
1771898985.298,5,9,-476.50,-1039.10,1024.70,255,81740
1771898985.298,5,10,-153.70,-1445.60,896.00,255,81740
1771898985.298,5,11,424.60,-1842.50,751.70,5,81740
1771898985.298,5,12,-1120.70,-1766.60,178.30,255,81740
1771898985.298,5,13,-688.90,-2460.90,-204.10,255,81740
1771898985.298,5,14,-72.30,-1938.60,130.90,255,81740
1771898985.298,5,15,441.60,-1781.30,168.30,10,81740
1771898985.298,6,6,-643.60,-184.60,1321.60,5,81756
1771898985.298,6,7,-575.50,-215.20,1325.70,5,81756
1771898985.298,6,8,-2117.10,-211.00,820.10,5,81756
1771898985.298,6,9,-669.10,-114.80,1248.80,5,81756
1771898985.298,6,6,-646.80,-187.00,1321.40,5,81756
1771898985.298,6,7,-576.20,-216.00,1325.70,5,81756
1771898985.298,6,8,-2186.60,-219.20,799.10,5,81756
1771898985.298,6,9,-671.80,-115.80,1247.90,5,81756
1771898985.298,6,10,-649.80,-191.60,1241.90,5,81756
1771898985.298,6,11,-579.20,-227.80,1253.00,5,81756
1771898985.298,6,6,-646.00,-186.40,1321.40,5,81756
1771898985.298,6,7,-576.80,-216.80,1325.60,5,81756
1771898985.298,6,8,-2339.70,-237.00,752.80,5,81756
1771898985.298,6,9,-667.30,-114.00,1249.40,5,81756
1771898985.298,6,10,-649.10,-191.00,1242.20,5,81756
1771898985.298,6,11,-578.10,-226.30,1253.50,5,81756
1771898985.298,6,12,-641.10,-33.90,1195.90,5,81756
1771898985.298,6,13,-630.80,-97.30,1188.80,5,81756
1771898985.298,6,14,-650.60,-195.00,1146.50,5,81756
1771898985.298,6,15,-565.20,-217.90,1178.10,5,81756
1771898985.401,2,0,1074.50,-137.40,1179.80,5,201593
1771898985.401,2,1,1158.50,122.90,1185.60,5,201593
1771898985.401,2,2,1154.80,397.30,1184.00,5,201593
1771898985.401,2,3,1122.30,677.90,1201.20,5,201593
1771898985.401,2,4,1102.60,-149.00,890.10,5,201593
1771898985.401,2,5,1154.30,123.40,887.40,5,201593
1771898985.401,2,6,1194.60,402.60,892.70,5,201593
1771898985.401,2,7,1175.00,699.70,900.40,5,201593
1771898985.401,2,8,1118.20,-155.50,606.20,5,201593
1771898985.401,2,9,1188.70,118.90,606.60,5,201593
1771898985.401,2,10,1205.40,404.00,604.40,5,201593
1771898985.401,2,2,1023.90,380.10,1129.30,5,201593
1771898985.401,2,3,1002.00,628.00,1147.30,5,201593
1771898985.401,2,4,1007.40,-109.60,876.60,5,201593
1771898985.401,2,5,1035.30,139.10,871.60,5,201593
1771898985.401,2,6,1059.90,384.80,874.90,5,201593
1771898985.401,2,7,1032.10,640.50,880.10,5,201593
1771898985.401,2,8,1002.80,-107.70,622.70,5,201593
1771898985.401,2,9,1043.20,138.10,626.00,5,201593
1771898985.401,2,10,1063.80,385.40,623.20,5,201593
1771898985.401,2,11,1043.10,645.10,616.90,5,201593
1771898985.401,2,12,956.80,-88.60,371.60,5,201593
1771898985.401,2,13,1011.00,142.30,374.70,5,201593
1771898985.401,2,14,1027.50,380.60,367.80,5,201593
1771898985.401,2,15,986.60,621.70,358.20,5,201593
1771898985.401,4,13,3395.10,-1185.40,1894.80,255,205029
1771898985.401,4,14,863.50,-719.10,1130.10,5,205029
1771898985.401,4,15,700.50,-862.30,1200.00,5,205029
1771898985.507,3,4,1499.30,-834.00,946.70,5,205111
1771898985.507,3,5,1861.00,-490.30,981.20,5,205111
1771898985.507,3,6,1800.10,-38.40,973.20,5,205111
1771898985.507,3,7,1742.00,413.90,981.20,5,205111
1771898985.507,3,8,1580.80,-867.80,540.30,9,205111
1771898985.507,3,4,1538.60,-850.30,952.30,5,205111
1771898985.507,3,5,1808.90,-483.50,974.30,5,205111
1771898985.507,3,6,1780.40,-41.00,970.50,5,205111
1771898985.507,3,7,1699.90,396.40,975.20,5,205111
1771898985.507,3,8,1546.90,-853.70,545.20,5,205111
1771898985.507,3,7,1326.10,241.60,922.00,5,205111
1771898985.507,3,8,1299.60,-751.30,580.40,5,205111
1771898985.507,3,9,1426.60,-433.10,575.00,5,205111
1771898985.507,3,0,1212.80,-715.40,1241.80,5,205111
1771898985.507,3,1,1309.60,-417.70,1248.70,5,205111
1771898985.507,3,2,1284.00,-106.40,1238.00,5,205111
1771898985.507,3,3,1203.40,190.80,1237.60,5,205111
1771898985.507,3,4,1256.50,-733.50,912.10,5,205111
1771898985.507,3,5,1342.00,-422.00,912.30,5,205111
1771898985.507,3,6,1322.40,-101.30,909.70,5,205111
1771898985.507,3,7,1247.40,209.00,910.80,5,205111
1771898985.507,3,8,1251.00,-731.20,587.30,5,205111
1771898985.507,3,9,1354.80,-423.70,584.60,5,205111
1771898985.507,3,10,1291.90,-105.30,592.90,5,205111
1771898985.507,3,11,1248.30,209.40,587.70,5,205111
1771898985.507,3,12,1199.20,-709.70,262.90,5,205111
1771898985.507,3,13,1306.90,-417.40,251.00,5,205111
1771898985.507,3,14,1268.40,-108.40,267.10,5,205111
1771898985.507,3,15,1194.00,186.90,265.20,5,205111
1771898985.507,3,11,946.00,84.20,630.80,5,205111
1771898985.507,3,12,986.60,-621.70,358.20,5,205111
1771898985.507,3,13,1013.80,-378.80,373.50,5,205111
1771898985.507,3,14,961.60,-148.80,395.30,5,205111
1771898985.507,3,15,908.10,68.50,393.40,5,205111
1771898985.507,4,0,1238.80,-640.20,98.70,5,205096
1771898985.507,4,1,1101.80,-901.80,238.20,255,205096
1771898985.507,4,2,755.30,-950.50,439.20,5,205096
1771898985.507,4,8,3357.40,-660.70,726.00,5,205096
1771898985.507,4,10,860.70,-819.70,905.20,5,205096
1771898985.507,4,11,701.30,-983.60,986.80,5,205096
1771898985.507,4,12,3318.70,-383.60,1540.30,5,205096
1771898985.507,4,13,3395.10,-1185.40,1894.80,255,205096
1771898985.507,4,14,841.90,-707.10,1119.30,5,205096
1771898985.507,4,15,687.80,-850.30,1190.40,5,205096
1771898985.507,6,14,-634.70,-182.40,1159.30,5,81956
1771898985.507,6,15,-556.80,-206.10,1187.00,5,81956
1771898985.613,5,9,-838.00,-3680.50,188.60,255,82008
1771898985.613,5,0,-1599.10,-3286.20,2145.90,5,82008
1771898985.613,5,1,-782.50,-3593.70,2127.40,5,82008
1771898985.613,5,4,-1723.20,-3427.70,1222.50,255,82008
1771898985.613,5,5,-816.50,-3689.40,1179.20,5,82008
1771898985.613,5,0,-1599.10,-3286.20,2145.90,255,82008
1771898985.613,5,1,-784.00,-3606.30,2130.30,5,82008
1771898985.613,5,14,-72.30,-1938.60,130.90,255,82008
1771898985.613,5,15,470.60,-1844.80,125.30,5,82008
1771898985.710,6,0,-2209.90,-286.90,1759.00,5,82024
1771898985.710,6,1,-2014.00,-686.50,1719.90,4,82024
1771898985.710,6,2,-602.80,-151.60,1384.90,5,82024
1771898985.710,6,3,-551.20,-177.60,1383.10,5,82024
1771898985.710,6,4,-2291.20,-265.60,1275.80,5,82024
1771898985.710,6,5,-677.40,-120.00,1321.70,5,82024
1771898985.710,6,6,-634.10,-177.30,1322.10,5,82024
1771898985.710,6,7,-565.80,-202.50,1326.20,5,82024
1771898985.710,6,8,-2474.80,-252.80,712.00,5,82024
1771898985.710,6,9,-649.70,-106.80,1255.40,5,82024
1771898985.710,6,10,-631.00,-177.00,1249.40,5,82024
1771898985.710,6,11,-565.50,-209.40,1259.90,5,82024
1771898985.710,6,12,-629.20,-32.80,1203.30,5,82024
1771898985.710,6,13,-614.30,-90.70,1200.10,5,82024
1771898985.710,6,14,-626.10,-175.60,1166.30,5,82024
1771898985.710,6,15,-553.90,-202.00,1190.20,5,82024
1771898985.814,7,3,-443.60,282.10,1174.40,5,82039
1771898985.814,7,4,-1551.50,868.30,909.60,13,82039
1771898985.814,7,3,-443.80,284.60,1172.80,5,82039
1771898985.814,7,4,-1558.50,873.50,907.00,13,82039
1771898985.814,7,5,-562.90,210.90,1259.90,5,82039
1771898985.814,7,6,-523.70,281.60,1246.70,5,82039
1771898985.814,7,7,-448.80,279.40,1256.70,5,82039
1771898985.814,7,8,-1539.10,890.80,1290.30,5,82039
1771898985.814,7,9,-576.40,230.90,1322.60,5,82039
1771898985.814,7,10,-520.30,269.00,1322.40,5,82039
1771898985.814,7,11,-451.60,266.10,1326.10,5,82039
1771898985.814,7,12,-1505.50,895.90,1660.50,5,82039
1771898985.814,7,3,-443.60,282.10,1174.40,5,82039
1771898985.814,7,4,-627.30,180.40,1255.60,255,82039
1771898985.814,7,5,-562.40,210.10,1260.20,5,82039
1771898985.814,7,0,-593.80,149.80,1201.20,5,82039
1771898985.814,7,0,-595.20,150.80,1200.10,5,82039
1771898985.814,7,1,-566.90,213.10,1181.80,5,82039
1771898985.814,7,2,-519.10,275.50,1162.50,5,82039
1771898985.814,7,3,-441.70,261.80,1187.00,5,82039
1771898985.814,7,4,-631.10,183.20,1254.10,5,82039
1771898985.814,7,5,-585.20,239.50,1248.50,5,82039
1771898985.814,7,6,-521.50,276.30,1248.50,5,82039
1771898985.814,7,7,-448.10,273.70,1258.40,5,82039
1771898985.814,7,8,-2055.60,1289.80,1270.40,13,82039
1771898985.814,7,9,-591.60,250.70,1321.50,5,82039
1771898985.814,7,10,-518.80,265.30,1322.50,5,82039
1771898985.814,7,11,-452.50,273.00,1325.90,5,82039
1771898985.814,7,12,-2083.60,1359.20,1834.50,5,82039
1771898985.814,7,13,-586.30,246.50,1395.40,5,82039
1771898985.814,7,14,-522.00,269.00,1392.50,5,82039
1771898985.814,7,15,-456.40,268.90,1391.30,5,82039
1771898985.814,1,1,1544.10,896.00,1396.00,5,201903
1771898985.814,1,2,744.40,791.70,1084.90,5,201903
1771898985.814,1,3,638.20,997.70,1114.40,5,201903
1771898985.814,1,4,1657.60,503.30,955.90,5,201903
1771898985.814,1,5,1122.90,721.50,894.80,5,201903
1771898985.814,1,6,791.40,827.80,863.80,5,201903
1771898985.814,1,13,1041.40,687.70,328.00,5,201903
1771898985.814,1,1,864.70,614.50,1091.40,5,201903
1771898985.814,1,2,670.40,734.90,1046.30,5,201903
1771898985.814,1,3,603.80,953.00,1091.00,5,201903
1771898985.814,1,1,799.80,587.70,1062.30,5,201903
1771898985.814,1,2,668.20,733.20,1045.10,5,201903
1771898985.814,1,9,858.20,611.80,641.50,5,201903
1771898985.814,1,10,682.10,743.90,653.00,5,201903
1771898985.814,1,11,629.70,986.70,635.10,5,201903
1771898985.814,1,12,1536.00,487.30,150.00,5,201903
1771898985.814,1,13,869.80,616.60,404.90,5,201903
1771898985.814,1,14,676.20,739.40,449.30,5,201903
1771898985.814,1,15,605.50,955.20,406.40,5,201903
1771898985.923,3,11,873.60,54.20,641.10,5,205312
1771898985.923,3,12,920.10,-594.10,388.00,5,205312
1771898985.923,3,13,923.10,-366.80,411.40,5,205312
1771898985.923,3,14,887.40,-158.60,426.30,5,205312
1771898985.923,3,15,837.30,39.10,425.20,5,205312
1771898985.923,2,0,834.70,-38.00,1072.30,5,201998
1771898985.923,2,1,805.90,169.30,1038.20,5,201998
1771898985.923,2,2,892.00,362.70,1074.20,5,201998
1771898985.923,2,3,881.60,578.20,1093.30,5,201998
1771898985.923,2,4,864.50,-50.40,856.20,5,201998
1771898985.923,2,5,898.70,157.10,853.50,5,201998
1771898985.923,2,6,921.30,366.60,856.50,5,201998
1771898985.923,3,0,893.60,-583.10,1098.70,5,205431
1771898985.923,3,1,892.00,-362.70,1074.20,5,205431
1771898985.923,3,2,859.00,-162.30,1060.40,5,205431
1771898985.923,3,3,805.70,26.00,1059.30,5,205431
1771898985.923,3,4,917.60,-593.10,863.80,5,205431
1771898985.923,3,5,929.20,-367.60,857.50,5,205431
1771898985.923,3,6,5500000.00,5000.00,407.90,5,205431
1771898985.923,3,13,892.00,-362.70,424.40,5,205431
1771898986.023,4,0,10726.70,10275.50,1162.50,5,205512
1771898986.023,4,0,1156.50,-615.50,145.80,10,205512
1771898986.023,4,1,926.90,-796.30,327.60,255,205512
1771898986.023,4,2,676.80,-872.20,476.50,5,205512
1771898986.023,4,3,567.10,-1057.60,530.40,5,205512
1771898986.023,4,4,3165.60,-904.90,-65.50,5,205512
1771898986.023,4,5,1013.60,-733.90,578.20,255,205512
1771898986.023,4,6,733.00,-820.80,684.90,5,205512
1771898986.023,4,7,615.40,-996.70,755.50,5,205512
1771898986.023,4,8,3340.50,-658.80,726.10,5,205512
1771898986.023,4,13,1008.70,-542.70,1064.80,255,205512
1771898986.023,4,14,725.60,-642.90,1061.20,5,205512
1771898986.023,4,15,639.20,-804.60,1153.90,5,205512
1771898986.023,5,0,-1599.40,-3287.10,2146.10,255,82342
1771898986.023,5,1,-786.20,-3623.80,2134.20,5,82342
1771898986.023,5,2,118.10,-3766.10,2166.20,255,82342
1771898986.023,5,3,560.80,-2381.90,1917.90,5,82342
1771898986.023,5,4,-1713.70,-3404.50,1223.30,255,82342
1771898986.023,5,5,-816.20,-3686.50,1179.40,5,82342
1771898986.023,5,6,170.60,-3994.60,1166.30,255,82342
1771898986.023,5,7,675.10,-2544.50,1251.60,255,82342
1771898986.023,5,8,-1767.60,-3365.60,253.60,255,82342
1771898986.023,5,9,-829.20,-3616.20,209.00,5,82342
1771898986.023,5,10,-153.70,-1445.60,896.00,255,82342
1771898986.023,5,11,627.30,-2312.10,598.10,255,82342
1771898986.023,5,12,-1120.70,-1766.60,178.30,255,82342
1771898986.023,5,13,-688.90,-2460.90,-204.10,255,82342
1771898986.023,5,14,-72.30,-1938.60,130.90,255,82342
1771898986.023,5,15,571.40,-2065.40,-24.40,255,82342
1771898986.229,7,8,-2002.60,1248.90,1272.40,13,82439
1771898986.229,7,9,-592.80,252.30,1321.40,5,82439
1771898986.229,7,3,-441.40,259.20,1188.60,5,82439
1771898986.229,7,4,-634.20,185.50,1253.00,5,82439
1771898986.229,7,5,-589.30,244.80,1246.40,5,82439
1771898986.229,7,6,-524.80,284.20,1245.80,5,82439
1771898986.229,7,7,-448.50,277.50,1257.30,5,82439
1771898986.229,7,8,-2047.60,1283.70,1270.70,13,82439
1771898986.229,7,9,-594.60,254.70,1321.30,5,82439
1771898986.229,7,10,-521.40,271.80,1322.20,5,82439
1771898986.229,7,11,-452.70,274.00,1325.80,5,82439
1771898986.229,7,12,-1941.50,1245.30,1791.70,5,82439
1771898986.229,7,13,-590.40,251.90,1396.90,5,82439
1771898986.229,7,14,-523.60,272.60,1393.40,5,82439
1771898986.229,7,15,-456.10,266.90,1390.90,5,82439
1771898986.229,8,2,-90.10,1814.40,210.20,5,82455
1771898986.229,8,3,72.50,972.60,716.50,9,82455
1771898986.229,8,4,-1105.50,1830.60,755.40,5,82455
1771898986.229,8,5,-594.60,1901.70,751.50,5,82455
1771898986.229,8,6,-91.10,1902.70,751.20,5,82455
1771898986.229,8,7,94.90,1077.80,1001.60,9,82455
1771898986.229,8,8,-1066.80,1827.40,1275.30,5,82455
1771898986.229,8,9,-581.00,1891.80,1255.70,5,82455
1771898986.229,8,0,-1094.90,1709.60,216.60,5,82455
1771898986.229,8,1,-592.30,1791.00,225.20,5,82455
1771898986.229,8,2,-96.20,1772.70,237.00,9,82455
1771898986.229,8,3,170.50,1187.00,571.10,5,82455
1771898986.229,8,4,-1127.50,1881.60,738.70,5,82455
1771898986.229,8,5,-589.60,1864.90,763.20,5,82455
1771898986.229,8,6,-97.30,1857.30,765.60,5,82455
1771898986.229,8,7,186.00,1288.90,932.60,255,82455
1771898986.229,8,8,-1082.00,1864.40,1274.10,5,82455
1771898986.229,8,9,-584.00,1908.70,1255.00,5,82455
1771898986.229,8,10,-104.10,1890.80,1255.70,5,82455
1771898986.229,8,0,-1098.40,1717.30,211.40,255,82455
1771898986.229,8,1,-597.30,1826.10,202.70,5,82455
1771898986.229,8,2,-94.40,1785.20,229.00,5,82455
1771898986.229,8,3,400.30,1690.20,229.80,5,82455
1771898986.229,8,4,-1118.40,1860.50,745.60,5,82455
1771898986.229,8,5,-589.90,1867.70,762.30,5,82455
1771898986.229,8,6,-97.30,1857.30,765.60,5,82455
1771898986.229,8,7,424.60,1842.00,751.70,255,82455
1771898986.229,8,8,-1089.60,1882.90,1273.40,5,82455
1771898986.229,8,9,-581.80,1891.80,1255.70,5,82455
1771898986.229,8,10,-105.80,1878.00,1256.30,5,82455
1771898986.229,8,11,352.90,1758.90,1277.50,5,82455
1771898986.229,8,0,-1047.90,1606.60,286.50,5,82455
1771898986.229,8,5,-594.10,1898.00,752.70,5,82455
1771898986.229,8,6,-94.20,1880.00,758.40,5,82455
1771898986.229,8,7,390.50,1762.90,777.60,5,82455
1771898986.229,8,0,-807.80,1081.00,643.00,5,82455
1771898986.229,8,1,-592.40,1791.90,224.70,5,82455
1771898986.229,8,2,-98.50,1756.80,247.20,5,82455
1771898986.229,8,3,377.30,1639.90,263.90,5,82455
1771898986.229,8,4,-821.70,1172.80,970.50,5,82455
1771898986.229,8,5,-595.40,1907.40,749.70,5,82455
1771898986.229,8,6,-96.80,1861.10,764.40,5,82455
1771898986.229,8,7,397.70,1779.60,772.10,5,82455
1771898986.229,8,8,-880.90,1374.30,1290.20,5,82455
1771898986.229,8,9,-589.80,1953.20,1253.10,5,82455
1771898986.229,8,10,-101.70,1909.70,1254.90,5,82455
1771898986.229,8,11,372.70,1807.00,1275.90,5,82455
1771898986.229,8,12,-822.00,1292.00,1643.30,5,82455
1771898986.229,8,13,-571.20,1896.40,1745.80,5,82455
1771898986.229,8,14,-119.10,1860.60,1737.80,5,82455
1771898986.229,8,15,304.10,1722.90,1751.90,5,82455
1771898986.328,1,0,1592.80,494.80,1372.30,5,202297
1771898986.328,1,1,670.90,536.10,1047.80,5,202297
1771898986.328,1,1,669.20,533.60,1003.80,5,202297
1771898986.328,1,2,667.40,732.60,1044.70,5,202297
1771898986.328,1,3,516.10,838.60,1031.30,5,202297
1771898986.328,1,4,844.70,396.30,848.00,5,202297
1771898986.328,1,5,697.90,545.40,834.30,5,202297
1771898986.328,1,6,694.70,753.50,847.70,5,202297
1771898986.328,1,7,539.80,869.50,844.10,5,202297
1771898986.328,1,8,931.20,407.70,639.10,255,202297
1771898986.328,1,9,692.40,543.20,665.10,5,202297
1771898986.328,1,10,702.50,759.60,649.60,5,202297
1771898986.328,1,11,541.00,871.10,654.30,5,202297
1771898986.328,1,12,1480.10,479.90,173.40,5,202297
1771898986.328,1,13,688.00,541.30,486.40,5,202297
1771898986.328,1,14,674.00,737.70,450.40,5,202297
1771898986.328,1,15,523.40,848.20,462.30,5,202297
1771898986.328,2,4,758.20,-6.40,841.10,5,202334
1771898986.328,2,5,795.50,170.70,839.80,5,202334
1771898986.328,2,6,804.30,351.20,840.90,5,202334
1771898986.328,2,7,796.70,543.00,846.50,5,202334
1771898986.328,2,8,752.70,-4.10,658.30,5,202334
1771898986.328,2,0,682.80,24.90,1004.20,5,202334
1771898986.328,2,1,679.50,185.90,985.40,5,202334
1771898986.328,2,2,725.30,340.80,1004.50,5,202334
1771898986.328,2,3,719.50,511.00,1020.60,5,202334
1771898986.328,2,4,704.20,16.00,833.40,5,202334
1771898986.328,2,5,747.30,177.00,833.40,5,202334
1771898986.328,2,6,756.20,344.90,834.50,5,202334
1771898986.328,2,7,754.60,525.60,840.50,5,202334
1771898986.328,2,8,708.80,14.10,664.60,5,202334
1771898986.328,2,9,748.30,176.90,665.10,5,202334
1771898986.328,2,10,759.10,345.20,663.70,5,202334
1771898986.328,2,11,759.10,527.50,657.40,5,202334
1771898986.328,2,12,680.20,25.90,495.60,5,202334
1771898986.328,2,13,723.40,180.20,494.80,5,202334
1771898986.328,2,14,739.00,342.60,488.30,5,202334
1771898986.328,2,15,725.40,513.50,475.30,5,202334
1771898986.427,4,10,690.90,-703.10,870.30,5,205710
1771898986.427,4,11,615.90,-886.00,953.00,5,205710
1771898986.427,4,12,3299.30,-383.10,1535.50,5,205710
1771898986.427,4,13,880.60,-508.20,1020.20,255,205710
1771898986.427,4,15,622.00,-788.40,1140.90,5,205710
1771898986.427,3,0,805.70,-546.70,1059.30,5,205825
1771898986.427,3,1,794.00,-349.80,1033.30,5,205825
1771898986.427,3,2,769.20,-174.10,1022.90,5,205825
1771898986.427,3,3,714.30,-11.80,1018.30,5,205825
1771898986.427,3,4,836.10,-559.30,852.20,5,205825
1771898986.427,3,5,817.10,-352.90,842.60,5,205825
1771898986.427,3,5,769.90,-346.70,836.40,5,205825
1771898986.427,3,6,748.30,-176.90,833.50,5,205825
1771898986.427,3,7,706.00,-15.30,833.60,5,205825
1771898986.427,3,8,775.60,-534.30,655.10,5,205825
1771898986.427,3,9,772.90,-347.10,661.80,5,205825
1771898986.427,3,10,754.20,-176.10,664.30,5,205825
1771898986.427,3,11,695.90,-19.40,666.40,5,205825
1771898986.427,3,12,747.60,-522.70,465.30,5,205825
1771898986.427,3,13,736.20,-342.20,489.50,5,205825
1771898986.427,3,14,693.20,-184.10,507.40,5,205825
1771898986.427,3,15,663.10,-33.00,503.20,5,205825
1771898986.428,4,0,1149.80,-613.50,149.60,10,205840
1771898986.428,4,1,735.50,-680.80,425.40,5,205840
1771898986.428,4,2,625.10,-820.60,501.00,5,205840
1771898986.428,4,3,519.40,-979.80,552.90,5,205840
1771898986.428,4,4,3189.40,-909.60,-71.80,5,205840
1771898986.428,4,5,786.70,-625.60,620.80,5,205840
1771898986.428,4,6,668.50,-767.40,691.40,5,205840
1771898986.428,4,7,576.30,-943.60,755.00,5,205840
1771898986.428,4,8,3327.60,-657.30,726.20,5,205840
1771898986.428,4,9,816.40,-564.30,809.30,5,205840
1771898986.428,4,10,690.10,-702.50,870.10,5,205840
1771898986.428,4,11,603.20,-871.50,948.00,5,205840
1771898986.428,4,12,3318.70,-383.60,1540.30,5,205840
1771898986.428,4,13,789.00,-483.60,988.40,5,205840
1771898986.428,4,14,688.70,-622.60,1042.70,5,205840
1771898986.428,4,15,602.80,-770.40,1126.50,5,205840
1771898986.527,7,3,-438.50,228.70,1207.50,5,82773
1771898986.527,7,4,-621.20,175.80,1257.90,5,82773
1771898986.527,7,5,-577.60,229.70,1252.40,5,82773
1771898986.527,7,6,-515.40,261.30,1253.60,5,82773
1771898986.527,7,8,-2042.10,1279.40,1270.90,13,82773
1771898986.527,7,9,-582.50,238.80,1322.20,5,82773
1771898986.527,7,10,-509.90,244.10,1323.50,5,82773
1771898986.527,7,11,-448.90,246.30,1326.70,5,82773
1771898986.527,7,12,-1955.20,1256.30,1795.80,5,82773
1771898986.527,7,13,-578.60,236.40,1392.50,5,82773
1771898986.527,7,14,-512.20,245.70,1386.90,5,82773
1771898986.527,7,15,-452.40,242.90,1385.20,5,82773
1771898986.628,7,1,-562.20,207.20,1186.70,5,82907
1771898986.628,7,2,-510.00,252.70,1178.10,5,82907
1771898986.628,7,3,-438.80,232.10,1205.40,5,82907
1771898986.628,7,4,-623.50,177.50,1257.00,5,82907
1771898986.628,7,5,-576.40,228.20,1253.00,5,82907
1771898986.628,7,6,-513.90,257.70,1254.80,5,82907
1771898986.628,7,13,-580.40,238.70,1393.20,5,82907
1771898986.628,7,14,-512.50,246.60,1387.10,5,82907
1771898986.628,7,15,-452.80,245.80,1385.90,5,82907
1771898986.820,1,1,641.00,521.90,991.20,5,202755
1771898986.820,1,2,626.40,701.10,1023.30,5,202755
1771898986.820,1,3,450.30,752.90,986.60,5,202755
1771898986.820,1,4,687.40,375.60,827.10,5,202755
1771898986.820,1,5,683.20,539.40,832.20,5,202755
1771898986.820,1,6,642.80,713.70,839.10,5,202755
1771898986.820,1,7,477.00,787.70,830.50,5,202755
1771898986.820,1,9,681.40,538.60,666.70,5,202755
1771898986.820,1,10,646.70,716.70,658.80,5,202755
1771898986.820,1,11,480.00,791.60,667.50,5,202755
1771898986.820,1,12,649.40,370.60,520.50,5,202755
1771898986.820,1,13,662.40,530.70,497.90,5,202755
1771898986.820,1,14,633.70,706.80,471.50,5,202755
1771898986.820,1,15,464.40,771.20,502.50,5,202755
1771898986.820,2,0,598.30,59.90,966.30,5,202869
1771898986.820,2,1,588.80,197.90,947.50,5,202869
1771898986.820,2,2,635.50,329.00,967.00,5,202869
1771898986.820,2,5,657.90,188.80,821.50,5,202869
1771898986.820,2,7,659.30,486.10,827.00,5,202869
1771898986.820,2,8,635.50,44.50,675.00,5,202869
1771898986.820,2,9,666.70,187.60,675.90,5,202869
1771898986.820,2,0,580.30,67.30,958.20,5,202869
1771898986.820,2,1,581.40,198.80,944.50,5,202869
1771898986.820,2,3,596.60,460.10,965.50,5,202869
1771898986.820,2,4,617.20,0.00,541.90,5,202869
1771898986.820,3,0,629.00,-473.50,980.10,5,206285
1771898986.820,3,1,635.50,-329.00,967.00,5,206285
1771898986.820,3,2,621.80,-193.50,961.30,5,206285
1771898986.820,3,3,583.80,-65.90,959.80,5,206285
1771898986.820,3,4,649.20,-481.90,825.50,5,206285
1771898986.820,3,13,613.50,-326.10,540.70,5,206285
